Date,Open,High,Low,Close,Adj Close,Volume
2016-04-01,41.529998779296875,42.2599983215332,41.36000061035156,42.189998626708984,34.52539825439453,3972900
2016-04-04,42.34000015258789,42.66999816894531,42.15999984741211,42.31999969482422,34.63179016113281,4407800
2016-04-05,42.0099983215332,42.2599983215332,41.88999938964844,42.040000915527344,34.40266036987305,6582700
2016-04-06,41.97999954223633,43.15999984741211,41.97999954223633,43.04999923706055,35.229164123535156,6261000
2016-04-07,42.66999816894531,42.90999984741211,42.2400016784668,42.61000061035156,34.86909103393555,4901300
2016-04-08,42.779998779296875,42.93000030517578,42.119998931884766,42.369998931884766,34.672691345214844,4920300
2016-04-11,42.470001220703125,42.880001068115234,42.459999084472656,42.47999954223633,34.76270294189453,3948800
2016-04-12,42.36000061035156,43.06999969482422,42.36000061035156,42.81999969482422,35.04094696044922,5100200
2016-04-13,42.869998931884766,43.41999816894531,42.68000030517578,43.349998474121094,35.69137191772461,4140700
2016-04-14,43.380001068115234,43.65999984741211,43.279998779296875,43.5099983215332,35.82310485839844,3118700
2016-04-15,43.529998779296875,43.54999923706055,43.18000030517578,43.40999984741211,35.74076843261719,3620400
2016-04-18,43.18000030517578,44.0099983215332,43.18000030517578,43.95000076293945,36.18537521362305,4268800
2016-04-19,44.0,44.0099983215332,43.4900016784668,43.849998474121094,36.10304260253906,7786600
2016-04-20,44.47999954223633,44.58000183105469,43.5099983215332,43.970001220703125,36.201839447021484,8693500
2016-04-21,43.779998779296875,44.31999969482422,43.59000015258789,43.880001068115234,36.12773895263672,6171500
2016-04-22,43.720001220703125,44.16999816894531,43.720001220703125,44.08000183105469,36.29239273071289,4691800
2016-04-25,44.0099983215332,44.20000076293945,43.810001373291016,44.0099983215332,36.23476028442383,4136800
2016-04-26,44.15999984741211,44.25,43.7599983215332,43.880001068115234,36.12773895263672,3372700
2016-04-27,43.93000030517578,44.0,43.689998626708984,43.83000183105469,36.08656692504883,5035100
2016-04-28,40.08000183105469,41.689998626708984,39.9900016784668,40.41999816894531,33.27901077270508,54527700
2016-04-29,40.369998931884766,40.380001068115234,38.58000183105469,38.900001525878906,32.02755355834961,30646800
2016-05-02,38.849998474121094,39.119998931884766,38.41999816894531,38.849998474121094,31.986387252807617,21292300
2016-05-03,38.79999923706055,38.83000183105469,38.209999084472656,38.54999923706055,31.7393856048584,18241600
2016-05-04,38.349998474121094,38.459999084472656,38.0,38.099998474121094,31.368879318237305,13975300
2016-05-05,38.279998779296875,38.72999954223633,38.099998474121094,38.5,31.698211669921875,16531000
2016-05-06,38.220001220703125,38.400001525878906,37.709999084472656,37.970001220703125,31.261850357055664,11399900
2016-05-09,38.11000061035156,38.58000183105469,37.880001068115234,37.97999954223633,31.270078659057617,11156200
2016-05-10,38.29999923706055,38.29999923706055,37.779998779296875,38.099998474121094,31.368879318237305,11228200
2016-05-11,38.20000076293945,38.290000915527344,37.900001525878906,38.0099983215332,31.29477882385254,10598300
2016-05-12,38.13999938964844,38.16999816894531,37.52000045776367,38.0,31.28655433654785,10395400
2016-05-13,37.86000061035156,38.060001373291016,37.470001220703125,37.599998474121094,30.95722007751465,9337900
2016-05-16,37.599998474121094,38.40999984741211,37.599998474121094,38.25,31.49237632751465,10178500
2016-05-17,38.220001220703125,38.29999923706055,37.54999923706055,37.709999084472656,31.04778480529785,8357100
2016-05-18,37.75,38.099998474121094,37.4900016784668,37.75,31.080732345581055,10603000
2016-05-19,37.560001373291016,37.68000030517578,36.88999938964844,37.2400016784668,30.660825729370117,8221300
2016-05-20,37.54999923706055,37.779998779296875,37.47999954223633,37.599998474121094,30.95722007751465,7807600
2016-05-23,37.720001220703125,37.75,37.27000045776367,37.369998931884766,30.76785659790039,7126700
2016-05-24,37.4900016784668,38.06999969482422,37.43000030517578,37.97999954223633,31.270078659057617,8678000
2016-05-25,38.060001373291016,38.77000045776367,38.029998779296875,38.68000030517578,31.846410751342773,16141100
2016-05-26,38.650001525878906,38.95000076293945,38.540000915527344,38.88999938964844,32.019317626953125,12446000
2016-05-27,39.040000915527344,39.400001525878906,38.91999816894531,39.29999923706055,32.356876373291016,12339400
2016-05-31,39.33000183105469,39.66999816894531,39.13999938964844,39.630001068115234,32.62857437133789,15887000
2016-06-01,39.369998931884766,39.619998931884766,39.29999923706055,39.5,32.52154541015625,11554800
2016-06-02,39.5,39.63999938964844,39.349998474121094,39.529998779296875,32.54623794555664,12758500
2016-06-03,39.52000045776367,39.540000915527344,39.02000045776367,39.18000030517578,32.25809097290039,10841200
2016-06-06,39.25,39.380001068115234,39.04999923706055,39.16999816894531,32.249847412109375,9157100
2016-06-07,39.119998931884766,39.279998779296875,38.91999816894531,38.93000030517578,32.05225372314453,10202700
2016-06-08,38.900001525878906,39.060001373291016,38.650001525878906,38.90999984741211,32.035797119140625,9134000
2016-06-09,38.869998931884766,39.08000183105469,38.77000045776367,38.869998931884766,32.002864837646484,10093100
2016-06-10,38.66999816894531,38.70000076293945,38.22999954223633,38.400001525878906,31.615886688232422,7926100
2016-06-13,38.31999969482422,38.54999923706055,37.849998474121094,37.86000061035156,31.17129135131836,11065900
2016-06-14,37.869998931884766,37.88999938964844,37.439998626708984,37.65999984741211,31.006622314453125,9613200
2016-06-15,37.75,37.869998931884766,37.400001525878906,37.43000030517578,30.817256927490234,7716300
2016-06-16,37.36000061035156,37.540000915527344,36.880001068115234,37.5,30.8748836517334,10267500
2016-06-17,37.400001525878906,37.59000015258789,37.22999954223633,37.38999938964844,30.78432273864746,9900000
2016-06-20,37.880001068115234,38.06999969482422,37.75,37.75,31.080732345581055,7707300
2016-06-21,38.0,38.18000030517578,37.70000076293945,37.72999954223633,31.06425666809082,8841100
2016-06-22,37.720001220703125,38.849998474121094,37.720001220703125,38.7400016784668,31.895816802978516,10868100
2016-06-23,39.040000915527344,39.630001068115234,38.9900016784668,39.630001068115234,32.62857437133789,10755500
2016-06-24,38.369998931884766,38.560001373291016,37.90999984741211,37.90999984741211,31.212451934814453,16525000
2016-06-27,37.5099983215332,37.58000183105469,36.7599983215332,36.95000076293945,30.42205238342285,12802100
2016-06-28,37.279998779296875,37.58000183105469,37.060001373291016,37.560001373291016,30.92430305480957,8379700
2016-06-29,37.95000076293945,38.75,37.95000076293945,38.56999969482422,31.755844116210938,8366500
2016-06-30,38.650001525878906,39.310001373291016,38.56999969482422,39.310001373291016,32.36510467529297,10425000
2016-07-01,39.310001373291016,39.709999084472656,39.15999984741211,39.540000915527344,32.55448532104492,6904600
2016-07-05,39.310001373291016,39.560001373291016,39.209999084472656,39.439998626708984,32.47215270996094,10029300
2016-07-06,39.27000045776367,40.880001068115234,39.25,40.83000183105469,33.616580963134766,13177200
2016-07-07,40.83000183105469,41.56999969482422,40.79999923706055,41.36000061035156,34.05293273925781,17624400
2016-07-08,41.599998474121094,42.27000045776367,41.560001373291016,41.88999938964844,34.48930740356445,11071800
2016-07-11,42.029998779296875,42.310001373291016,42.0,42.119998931884766,34.678672790527344,9052300
2016-07-12,42.34000015258789,42.650001525878906,42.13999938964844,42.470001220703125,34.966835021972656,8266200
2016-07-13,42.2400016784668,42.52000045776367,41.849998474121094,41.970001220703125,34.76801300048828,7920200
2016-07-14,42.34000015258789,42.41999816894531,42.02000045776367,42.279998779296875,35.02483367919922,9011900
2016-07-15,42.400001525878906,42.529998779296875,42.029998779296875,42.099998474121094,34.8757209777832,7693500
2016-07-18,42.04999923706055,42.22999954223633,41.810001373291016,42.09000015258789,34.86743927001953,7524200
2016-07-19,41.939998626708984,41.9900016784668,41.599998474121094,41.79999923706055,34.627201080322266,8462800
2016-07-20,42.79999923706055,42.91999816894531,42.099998474121094,42.650001525878906,35.33133316040039,13686500
2016-07-21,42.880001068115234,43.41999816894531,42.810001373291016,43.040000915527344,35.654415130615234,11456400
2016-07-22,43.04999923706055,43.2599983215332,42.810001373291016,43.16999816894531,35.76210021972656,10204500
2016-07-25,43.08000183105469,43.439998626708984,43.06999969482422,43.40999984741211,35.96091079711914,11525900
2016-07-26,43.38999938964844,43.619998931884766,43.36000061035156,43.599998474121094,36.118316650390625,8664800
2016-07-27,43.56999969482422,43.900001525878906,43.2400016784668,43.66999816894531,36.176307678222656,15188200
2016-07-28,44.02000045776367,45.15999984741211,43.93000030517578,44.45000076293945,36.822471618652344,18284700
2016-07-29,44.380001068115234,45.119998931884766,44.2599983215332,44.75,37.070980072021484,13423200
2016-08-01,44.75,45.58000183105469,44.720001220703125,45.290000915527344,37.51832580566406,12152400
2016-08-02,45.720001220703125,45.790000915527344,44.86000061035156,45.06999969482422,37.33607482910156,10352700
2016-08-03,45.06999969482422,45.09000015258789,44.83000183105469,44.95000076293945,37.23666000366211,7783100
2016-08-04,45.060001373291016,45.09000015258789,44.779998779296875,44.810001373291016,37.120697021484375,6583500
2016-08-05,45.0,45.40999984741211,44.869998931884766,45.2599983215332,37.493473052978516,6555300
2016-08-08,45.060001373291016,45.40999984741211,44.880001068115234,45.02000045776367,37.29464340209961,7657900
2016-08-09,45.06999969482422,45.18000030517578,44.9900016784668,45.08000183105469,37.344356536865234,6486200
2016-08-10,45.08000183105469,45.290000915527344,44.68000030517578,44.810001373291016,37.120697021484375,6026000
2016-08-11,44.849998474121094,45.13999938964844,44.75,45.04999923706055,37.31949234008789,5756200
2016-08-12,44.81999969482422,45.099998474121094,44.54999923706055,45.040000915527344,37.31121826171875,6686300
2016-08-15,45.20000076293945,45.22999954223633,44.849998474121094,45.150001525878906,37.40234375,6525600
2016-08-16,45.02000045776367,45.08000183105469,44.81999969482422,44.91999816894531,37.211814880371094,7584400
2016-08-17,45.13999938964844,45.13999938964844,44.439998626708984,44.68000030517578,37.01300048828125,8630300
2016-08-18,44.68000030517578,44.7400016784668,44.25,44.36000061035156,36.74790573120117,6548800
2016-08-19,44.16999816894531,44.310001373291016,43.650001525878906,44.2400016784668,36.648502349853516,9439100
2016-08-22,44.08000183105469,44.36000061035156,43.790000915527344,44.16999816894531,36.59050369262695,6518400
2016-08-23,44.369998931884766,44.41999816894531,43.900001525878906,43.900001525878906,36.366844177246094,7400600
2016-08-24,43.959999084472656,44.099998474121094,43.06999969482422,43.16999816894531,35.76210021972656,7578500
2016-08-25,43.16999816894531,44.0,42.27000045776367,42.84000015258789,35.48873519897461,38568600
2016-08-26,42.720001220703125,43.279998779296875,42.09000015258789,42.97999954223633,35.60470962524414,18670500
2016-08-29,43.0,43.56999969482422,42.95000076293945,43.25,35.8283805847168,9223200
2016-08-30,43.0099983215332,43.36000061035156,42.560001373291016,42.83000183105469,35.4804573059082,12176200
2016-08-31,42.869998931884766,42.97999954223633,41.93000030517578,42.02000045776367,34.809444427490234,12445800
2016-09-01,41.91999816894531,42.34000015258789,41.7400016784668,42.29999923706055,35.041404724121094,10739200
2016-09-02,42.36000061035156,42.45000076293945,41.88999938964844,42.09000015258789,34.86743927001953,7208200
2016-09-06,42.099998474121094,42.31999969482422,41.79999923706055,42.15999984741211,34.92542266845703,7079100
2016-09-07,42.150001525878906,42.290000915527344,41.77000045776367,41.900001525878906,34.71003341674805,11063600
2016-09-08,42.119998931884766,42.119998931884766,41.650001525878906,41.849998474121094,34.668617248535156,7694300
2016-09-09,41.560001373291016,41.58000183105469,41.0,41.0099983215332,33.97274398803711,10977900
2016-09-12,40.849998474121094,41.52000045776367,40.77000045776367,41.41999816894531,34.3123893737793,7759600
2016-09-13,41.22999954223633,41.2400016784668,40.47999954223633,40.63999938964844,33.6662483215332,6930000
2016-09-14,40.689998626708984,41.040000915527344,40.54999923706055,40.810001373291016,33.80707550048828,7707800
2016-09-15,40.790000915527344,41.2599983215332,40.650001525878906,41.119998931884766,34.063880920410156,6099900
2016-09-16,40.95000076293945,42.029998779296875,40.83000183105469,41.869998931884766,34.685176849365234,15790200
2016-09-19,42.040000915527344,42.36000061035156,41.59000015258789,41.68000030517578,34.52778625488281,7552700
2016-09-20,41.95000076293945,42.0,41.58000183105469,41.58000183105469,34.44495391845703,4866700
2016-09-21,41.619998931884766,42.0099983215332,41.2599983215332,41.91999816894531,34.72660827636719,5461300
2016-09-22,42.15999984741211,42.4900016784668,42.040000915527344,42.220001220703125,34.97513198852539,5829700
2016-09-23,42.25,42.41999816894531,42.04999923706055,42.189998626708984,34.95028305053711,6912300
2016-09-26,42.0099983215332,42.02000045776367,41.61000061035156,41.68000030517578,34.52778625488281,6378200
2016-09-27,41.709999084472656,42.34000015258789,41.560001373291016,42.33000183105469,35.06625747680664,5964900
2016-09-28,42.25,42.529998779296875,41.90999984741211,42.290000915527344,35.03312301635742,5228300
2016-09-29,42.11000061035156,42.25,41.2599983215332,41.439998626708984,34.32897186279297,6785700
2016-09-30,41.7400016784668,42.470001220703125,41.689998626708984,42.290000915527344,35.03312301635742,7451000
2016-10-03,42.060001373291016,42.58000183105469,41.880001068115234,42.54999923706055,35.24849319458008,5947400
2016-10-04,42.47999954223633,42.790000915527344,41.86000061035156,42.099998474121094,34.8757209777832,5870700
2016-10-05,42.34000015258789,42.810001373291016,42.33000183105469,42.7400016784668,35.4058952331543,7218700
2016-10-06,42.689998626708984,43.04999923706055,42.31999969482422,42.970001220703125,35.5964241027832,7250200
2016-10-07,43.0,43.189998626708984,42.56999969482422,42.970001220703125,35.5964241027832,7249800
2016-10-10,43.150001525878906,43.779998779296875,43.060001373291016,43.5,36.03548049926758,8285100
2016-10-11,43.5,43.5,41.02000045776367,41.15999984741211,34.09701156616211,23896100
2016-10-12,41.04999923706055,41.41999816894531,40.81999969482422,40.97999954223633,34.16371536254883,6403900
2016-10-13,40.7400016784668,41.2400016784668,40.40999984741211,40.97999954223633,34.16371536254883,6544700
2016-10-14,41.16999816894531,41.529998779296875,40.77000045776367,40.790000915527344,34.00531005859375,8819000
2016-10-17,40.72999954223633,40.95000076293945,40.54999923706055,40.59000015258789,33.838592529296875,7252700
2016-10-18,40.59000015258789,41.40999984741211,40.5,41.16999816894531,34.322113037109375,9604900
2016-10-19,40.52000045776367,41.380001068115234,39.939998626708984,40.0099983215332,33.35506820678711,19299600
2016-10-20,40.0099983215332,40.810001373291016,40.0,40.7400016784668,33.963619232177734,8725900
2016-10-21,40.40999984741211,40.61000061035156,40.15999984741211,40.5,33.76354217529297,7276400
2016-10-24,40.790000915527344,40.91999816894531,40.310001373291016,40.40999984741211,33.688514709472656,6998800
2016-10-25,40.41999816894531,40.61000061035156,40.150001525878906,40.189998626708984,33.505123138427734,6598400
2016-10-26,40.0,40.279998779296875,39.7599983215332,39.959999084472656,33.31336212158203,7196700
2016-10-27,40.09000015258789,40.529998779296875,40.060001373291016,40.290000915527344,33.58848190307617,6583200
2016-10-28,40.25,40.599998474121094,39.5099983215332,39.540000915527344,32.96323776245117,12519600
2016-10-31,39.43000030517578,39.540000915527344,39.220001220703125,39.2400016784668,32.71312713623047,8241700
2016-11-01,39.2400016784668,39.349998474121094,38.63999938964844,39.04999923706055,32.55474090576172,8078500
2016-11-02,39.04999923706055,39.220001220703125,38.70000076293945,38.70000076293945,32.26295471191406,6323200
2016-11-03,38.86000061035156,39.150001525878906,38.29999923706055,38.380001068115234,31.996187210083008,7529400
2016-11-04,38.45000076293945,39.439998626708984,38.40999984741211,39.09000015258789,32.58808135986328,8748100
2016-11-07,39.63999938964844,39.959999084472656,39.540000915527344,39.86000061035156,33.230003356933594,6458800
2016-11-08,39.619998931884766,40.08000183105469,39.2400016784668,39.83000183105469,33.204994201660156,6654400
2016-11-09,41.5,41.529998779296875,39.16999816894531,40.06999969482422,33.40507888793945,13102900
2016-11-10,40.52000045776367,40.86000061035156,40.31999969482422,40.61000061035156,33.855255126953125,9716400
2016-11-11,40.380001068115234,40.47999954223633,39.900001525878906,40.13999938964844,33.46342849731445,5729000
2016-11-14,40.11000061035156,40.16999816894531,39.099998474121094,39.20000076293945,32.67978286743164,11193400
2016-11-15,39.290000915527344,39.939998626708984,39.04999923706055,39.810001373291016,33.18832015991211,9264700
2016-11-16,39.79999923706055,40.25,39.650001525878906,39.95000076293945,33.30503463745117,8894100
2016-11-17,40.0,40.5,40.0,40.38999938964844,33.67184829711914,6582600
2016-11-18,40.310001373291016,40.41999816894531,39.79999923706055,39.84000015258789,33.21333694458008,7015100
2016-11-21,39.849998474121094,40.130001068115234,39.63999938964844,39.7599983215332,33.146629333496094,8614700
2016-11-22,39.41999816894531,39.61000061035156,37.810001373291016,38.099998474121094,31.76275062561035,16242500
2016-11-23,38.040000915527344,39.130001068115234,37.900001525878906,38.97999954223633,32.496376037597656,9568900
2016-11-25,39.08000183105469,39.209999084472656,38.939998626708984,39.15999984741211,32.64643478393555,2733000
2016-11-28,39.220001220703125,39.220001220703125,38.70000076293945,38.7400016784668,32.29629898071289,5727800
2016-11-29,38.86000061035156,39.02000045776367,38.65999984741211,38.72999954223633,32.287960052490234,7338500
2016-11-30,38.75,38.75,38.06999969482422,38.06999969482422,31.737747192382812,14916800
2016-12-01,38.119998931884766,38.29999923706055,37.380001068115234,37.599998474121094,31.34591293334961,9008500
2016-12-02,37.68000030517578,38.08000183105469,37.599998474121094,37.900001525878906,31.59601402282715,7252800
2016-12-05,38.11000061035156,38.45000076293945,37.9900016784668,38.43000030517578,32.037872314453125,9514700
2016-12-06,38.439998626708984,38.650001525878906,38.220001220703125,38.41999816894531,32.02952575683594,6136100
2016-12-07,38.130001068115234,38.4900016784668,37.41999816894531,38.47999954223633,32.07954788208008,10888600
2016-12-08,38.33000183105469,38.790000915527344,38.0099983215332,38.68000030517578,32.24626922607422,7046900
2016-12-09,38.81999969482422,39.34000015258789,38.779998779296875,39.20000076293945,32.67978286743164,7802500
2016-12-12,39.20000076293945,39.5099983215332,39.060001373291016,39.20000076293945,32.67978286743164,7771700
2016-12-13,39.310001373291016,39.66999816894531,39.16999816894531,39.439998626708984,32.87986373901367,7483300
2016-12-14,39.41999816894531,39.790000915527344,38.66999816894531,38.81999969482422,32.36299133300781,11284100
2016-12-15,38.7599983215332,39.04999923706055,38.27000045776367,38.93000030517578,32.45470428466797,9229400
2016-12-16,39.02000045776367,39.33000183105469,37.97999954223633,38.099998474121094,31.76275062561035,15107500
2016-12-19,38.22999954223633,38.630001068115234,38.060001373291016,38.34000015258789,31.96283721923828,10153500
2016-12-20,38.400001525878906,38.5099983215332,38.02000045776367,38.189998626708984,31.83778190612793,6992900
2016-12-21,38.189998626708984,38.279998779296875,37.900001525878906,38.2400016784668,31.879465103149414,9190600
2016-12-22,38.150001525878906,38.34000015258789,37.90999984741211,38.290000915527344,31.9211368560791,7980900
2016-12-23,38.33000183105469,38.650001525878906,38.220001220703125,38.41999816894531,32.02952575683594,4625600
2016-12-27,38.47999954223633,38.939998626708984,38.470001220703125,38.599998474121094,32.17958068847656,6633700
2016-12-28,38.630001068115234,38.77000045776367,38.08000183105469,38.220001220703125,31.862791061401367,6828500
2016-12-29,38.29999923706055,38.5099983215332,38.11000061035156,38.310001373291016,31.93782615661621,7050800
2016-12-30,38.33000183105469,38.869998931884766,38.25,38.40999984741211,32.02119445800781,10445600
2017-01-03,38.630001068115234,39.08000183105469,38.34000015258789,39.04999923706055,32.55474090576172,9677300
2017-01-04,39.060001373291016,39.72999954223633,39.060001373291016,39.36000061035156,32.813167572021484,22644500
2017-01-05,39.2400016784668,39.75,38.97999954223633,39.70000076293945,33.096614837646484,12080100
2017-01-06,39.70000076293945,40.9900016784668,39.65999984741211,40.779998779296875,33.99697494506836,14628900
2017-01-09,40.790000915527344,41.060001373291016,40.619998931884766,40.7400016784668,33.963619232177734,10992500
2017-01-10,40.810001373291016,41.619998931884766,40.779998779296875,41.290000915527344,34.422157287597656,9256300
2017-01-11,41.04999923706055,41.41999816894531,40.4900016784668,41.08000183105469,34.46830368041992,10699400
2017-01-12,40.790000915527344,40.790000915527344,40.310001373291016,40.720001220703125,34.16624069213867,8633400
2017-01-13,40.75,41.36000061035156,40.689998626708984,40.93000030517578,34.34244155883789,9533300
2017-01-17,40.66999816894531,41.040000915527344,40.529998779296875,40.900001525878906,34.31726837158203,8272700
2017-01-18,41.04999923706055,41.099998474121094,40.5099983215332,40.7599983215332,34.19978713989258,7195100
2017-01-19,40.63999938964844,40.72999954223633,40.2400016784668,40.400001525878906,33.89773941040039,7160200
2017-01-20,40.5099983215332,40.77000045776367,40.349998474121094,40.459999084472656,33.948081970214844,5908000
2017-01-23,40.31999969482422,40.54999923706055,40.20000076293945,40.34000015258789,33.84739685058594,7351900
2017-01-24,40.31999969482422,40.5,40.119998931884766,40.310001373291016,33.822235107421875,7773700
2017-01-25,39.7599983215332,40.470001220703125,39.25,40.310001373291016,33.822235107421875,16890200
2017-01-26,40.459999084472656,41.119998931884766,40.45000076293945,40.959999084472656,34.36761474609375,9410200
2017-01-27,41.11000061035156,41.310001373291016,40.900001525878906,41.0,34.40117645263672,7033600
2017-01-30,40.86000061035156,41.13999938964844,40.77000045776367,41.0099983215332,34.409568786621094,13811600
2017-01-31,40.72999954223633,41.790000915527344,40.599998474121094,41.77000045776367,35.0472412109375,12318200
2017-02-01,41.5099983215332,42.369998931884766,41.439998626708984,42.33000183105469,35.517112731933594,11948800
2017-02-02,42.33000183105469,42.790000915527344,41.849998474121094,42.75,35.86952209472656,11836900
2017-02-03,42.939998626708984,43.130001068115234,42.540000915527344,42.779998779296875,35.89468765258789,11642200
2017-02-06,42.56999969482422,42.75,42.22999954223633,42.43000030517578,35.60100173950195,8735200
2017-02-07,42.56999969482422,42.97999954223633,42.5,42.88999938964844,35.98698806762695,8697300
2017-02-08,42.65999984741211,42.72999954223633,42.279998779296875,42.400001525878906,35.57583999633789,6731400
2017-02-09,42.400001525878906,42.779998779296875,42.31999969482422,42.540000915527344,35.69330978393555,5138400
2017-02-10,42.7400016784668,42.79999923706055,42.47999954223633,42.7400016784668,35.86113357543945,3692400
2017-02-13,43.0,43.220001220703125,42.86000061035156,43.220001220703125,36.26387023925781,5672400
2017-02-14,43.0099983215332,43.72999954223633,42.959999084472656,43.650001525878906,36.62466812133789,8458800
2017-02-15,43.5,44.08000183105469,43.41999816894531,44.0,36.918338775634766,7946400
2017-02-16,44.0,44.209999084472656,43.7400016784668,44.20000076293945,37.086151123046875,8975500
2017-02-17,44.16999816894531,44.70000076293945,44.09000015258789,44.689998626708984,37.49728012084961,9632000
2017-02-21,44.650001525878906,45.150001525878906,44.540000915527344,45.0099983215332,37.76577377319336,11387800
2017-02-22,44.880001068115234,45.11000061035156,44.810001373291016,45.0099983215332,37.76577377319336,7534600
2017-02-23,45.029998779296875,45.5099983215332,44.849998474121094,45.400001525878906,38.0930061340332,9459400
2017-02-24,45.290000915527344,45.68000030517578,45.22999954223633,45.68000030517578,38.32794952392578,7608600
2017-02-27,45.5099983215332,45.560001373291016,45.189998626708984,45.459999084472656,38.14335250854492,6142600
2017-02-28,45.40999984741211,45.43000030517578,44.83000183105469,45.08000183105469,37.824520111083984,14211400
2017-03-01,45.369998931884766,45.70000076293945,45.189998626708984,45.59000015258789,38.25242614746094,8886300
2017-03-02,45.5,45.84000015258789,45.349998474121094,45.689998626708984,38.33633041381836,11164100
2017-03-03,45.41999816894531,45.560001373291016,45.11000061035156,45.25,37.96714401245117,6789600
2017-03-06,44.9900016784668,45.380001068115234,44.86000061035156,45.130001068115234,37.866458892822266,6001300
2017-03-07,44.810001373291016,45.15999984741211,44.66999816894531,45.0,37.757389068603516,6476300
2017-03-08,45.029998779296875,45.459999084472656,44.91999816894531,45.36000061035156,38.0594482421875,6398500
2017-03-09,45.36000061035156,45.7400016784668,45.349998474121094,45.630001068115234,38.285987854003906,5691000
2017-03-10,45.77000045776367,45.84000015258789,45.5099983215332,45.720001220703125,38.36149597167969,6105900
2017-03-13,45.650001525878906,45.779998779296875,45.22999954223633,45.529998779296875,38.20207977294922,7040500
2017-03-14,45.189998626708984,45.25,44.77000045776367,44.79999923706055,37.589576721191406,7504500
2017-03-15,44.959999084472656,45.400001525878906,44.86000061035156,45.31999969482422,38.02587890625,6844400
2017-03-16,45.16999816894531,45.369998931884766,44.619998931884766,44.97999954223633,37.74061584472656,6704200
2017-03-17,45.099998474121094,45.27000045776367,44.77000045776367,45.189998626708984,37.91680908203125,12277400
2017-03-20,45.189998626708984,45.22999954223633,44.869998931884766,44.97999954223633,37.74061584472656,3521600
2017-03-21,45.150001525878906,45.380001068115234,44.599998474121094,44.79999923706055,37.589576721191406,5567100
2017-03-22,44.939998626708984,45.06999969482422,44.59000015258789,44.810001373291016,37.597957611083984,5198900
2017-03-23,44.709999084472656,44.9900016784668,44.59000015258789,44.77000045776367,37.56439208984375,3952800
2017-03-24,44.7599983215332,45.150001525878906,44.599998474121094,44.72999954223633,37.530826568603516,4753200
2017-03-27,44.529998779296875,44.79999923706055,44.38999938964844,44.70000076293945,37.505672454833984,6914700
2017-03-28,44.7400016784668,44.779998779296875,44.2599983215332,44.70000076293945,37.505672454833984,5377400
2017-03-29,44.66999816894531,44.84000015258789,44.369998931884766,44.66999816894531,37.48048782348633,4186900
2017-03-30,44.630001068115234,44.65999984741211,44.36000061035156,44.54999923706055,37.379817962646484,4411600
2017-03-31,44.33000183105469,44.81999969482422,44.33000183105469,44.40999984741211,37.26233673095703,7146500
2017-04-03,44.41999816894531,44.61000061035156,44.08000183105469,44.470001220703125,37.31269454956055,7955000
2017-04-04,44.529998779296875,44.54999923706055,44.0099983215332,44.18000030517578,37.06936264038086,5399200
2017-04-05,44.16999816894531,44.540000915527344,43.70000076293945,43.79999923706055,36.75051498413086,7762300
2017-04-06,43.810001373291016,43.810001373291016,43.349998474121094,43.66999816894531,36.64144515991211,6067300
2017-04-07,43.619998931884766,43.95000076293945,43.56999969482422,43.83000183105469,36.77569580078125,5327800
2017-04-10,43.83000183105469,43.959999084472656,43.540000915527344,43.59000015258789,36.57432174682617,4321300
2017-04-11,43.220001220703125,43.599998474121094,43.150001525878906,43.58000183105469,36.789588928222656,4871900
2017-04-12,43.31999969482422,43.59000015258789,43.189998626708984,43.47999954223633,36.70518112182617,4778900
2017-04-13,42.400001525878906,42.959999084472656,42.38999938964844,42.66999816894531,36.02137756347656,11427000
2017-04-17,42.66999816894531,43.380001068115234,42.310001373291016,43.310001373291016,36.56166076660156,8068500
2017-04-18,43.09000015258789,43.59000015258789,42.959999084472656,43.43000030517578,36.662960052490234,10131200
2017-04-19,43.779998779296875,44.0,43.119998931884766,43.59000015258789,36.798030853271484,13454600
2017-04-20,43.689998626708984,44.150001525878906,43.52000045776367,43.97999954223633,37.127254486083984,5871900
2017-04-21,43.939998626708984,43.97999954223633,43.43000030517578,43.529998779296875,36.747379302978516,7519800
2017-04-24,44.06999969482422,44.2599983215332,43.84000015258789,44.130001068115234,37.25389099121094,6727000
2017-04-25,44.209999084472656,44.38999938964844,43.7599983215332,43.7599983215332,36.94154357910156,6793100
2017-04-26,43.93000030517578,44.150001525878906,43.709999084472656,43.79999923706055,36.97530746459961,5591200
2017-04-27,43.959999084472656,44.0099983215332,43.599998474121094,43.650001525878906,36.84867858886719,7487300
2017-04-28,43.66999816894531,43.75,43.5,43.63999938964844,36.840240478515625,6014100
2017-05-01,43.56999969482422,43.65999984741211,43.31999969482422,43.47999954223633,36.70518112182617,5119100
2017-05-02,43.65999984741211,43.77000045776367,43.40999984741211,43.599998474121094,36.80646514892578,6166100
2017-05-03,43.61000061035156,43.75,43.4900016784668,43.720001220703125,36.90776824951172,4579700
2017-05-04,43.75,44.59000015258789,43.720001220703125,44.59000015258789,37.642215728759766,6551400
2017-05-05,44.58000183105469,44.689998626708984,44.47999954223633,44.63999938964844,37.684417724609375,5893200
2017-05-08,44.70000076293945,44.900001525878906,44.630001068115234,44.68000030517578,37.71818542480469,6320100
2017-05-09,44.650001525878906,44.77000045776367,44.560001373291016,44.66999816894531,37.709739685058594,4943100
2017-05-10,44.70000076293945,44.70000076293945,44.369998931884766,44.5,37.56623458862305,5253300
2017-05-11,44.38999938964844,44.38999938964844,43.779998779296875,43.86000061035156,37.02595901489258,7071600
2017-05-12,43.900001525878906,44.16999816894531,43.869998931884766,43.959999084472656,37.11037063598633,5775800
2017-05-15,43.91999816894531,44.22999954223633,43.900001525878906,44.040000915527344,37.17792892456055,4223500
2017-05-16,44.59000015258789,44.59000015258789,43.40999984741211,43.689998626708984,36.882450103759766,7159300
2017-05-17,43.689998626708984,43.689998626708984,43.04999923706055,43.08000183105469,36.36748123168945,5989300
2017-05-18,43.16999816894531,43.279998779296875,42.880001068115234,42.97999954223633,36.28308868408203,5225100
2017-05-19,43.150001525878906,43.31999969482422,43.0099983215332,43.15999984741211,36.43503189086914,5883000
2017-05-22,43.27000045776367,43.869998931884766,43.099998474121094,43.72999954223633,36.91621780395508,5802200
2017-05-23,43.709999084472656,44.16999816894531,43.619998931884766,43.68000030517578,36.874000549316406,4672400
2017-05-24,43.790000915527344,43.790000915527344,43.400001525878906,43.529998779296875,36.747379302978516,4585400
2017-05-25,43.779998779296875,44.0,43.439998626708984,43.95000076293945,37.101932525634766,4473400
2017-05-26,43.91999816894531,44.849998474121094,43.83000183105469,44.709999084472656,37.7435188293457,8624100
2017-05-30,44.459999084472656,45.099998474121094,44.209999084472656,45.0,37.98833084106445,8119700
2017-05-31,45.20000076293945,45.75,45.18000030517578,45.65999984741211,38.54549026489258,10449800
2017-06-01,45.52000045776367,46.099998474121094,45.470001220703125,46.099998474121094,38.91693878173828,7385500
2017-06-02,46.33000183105469,46.54999923706055,46.150001525878906,46.5,39.254608154296875,6885700
2017-06-05,46.56999969482422,46.75,46.380001068115234,46.619998931884766,39.35591125488281,7810600
2017-06-06,46.58000183105469,46.70000076293945,46.31999969482422,46.36000061035156,39.13642120361328,6048300
2017-06-07,46.380001068115234,46.599998474121094,46.22999954223633,46.560001373291016,39.305259704589844,4358400
2017-06-08,46.560001373291016,46.97999954223633,45.91999816894531,46.720001220703125,39.44032669067383,8364400
2017-06-09,46.810001373291016,47.310001373291016,46.65999984741211,47.290000915527344,39.921512603759766,9117300
2017-06-12,47.290000915527344,47.720001220703125,47.16999816894531,47.16999816894531,39.8202018737793,7365500
2017-06-13,47.2400016784668,47.66999816894531,47.20000076293945,47.459999084472656,40.06502151489258,7163700
2017-06-14,47.459999084472656,47.869998931884766,47.45000076293945,47.63999938964844,40.21698760986328,6076900
2017-06-15,47.58000183105469,48.34000015258789,47.369998931884766,48.119998931884766,40.622188568115234,9366700
2017-06-16,48.18000030517578,48.380001068115234,47.79999923706055,48.209999084472656,40.69817352294922,9902200
2017-06-19,48.34000015258789,49.16999816894531,48.150001525878906,48.88999938964844,41.2722053527832,7409500
2017-06-20,48.88999938964844,49.29999923706055,48.75,48.77000045776367,41.170902252197266,8500700
2017-06-21,48.790000915527344,48.93000030517578,48.290000915527344,48.56999969482422,41.0020751953125,8271800
2017-06-22,48.599998474121094,49.59000015258789,48.5099983215332,49.27000045776367,41.59300231933594,8714100
2017-06-23,49.18000030517578,49.36000061035156,48.970001220703125,49.08000183105469,41.43259811401367,9343900
2017-06-26,49.209999084472656,49.45000076293945,48.88999938964844,48.90999984741211,41.289093017578125,5302600
2017-06-27,48.95000076293945,49.130001068115234,48.650001525878906,48.66999816894531,41.08649826049805,3893200
2017-06-28,48.93000030517578,49.02000045776367,48.349998474121094,48.47999954223633,40.92609786987305,8366300
2017-06-29,48.72999954223633,49.20000076293945,48.5,48.72999954223633,41.13714599609375,6048500
2017-06-30,48.779998779296875,49.04999923706055,48.61000061035156,48.61000061035156,41.03583526611328,4723300
2017-07-03,48.72999954223633,49.040000915527344,48.65999984741211,48.709999084472656,41.12025451660156,2454800
2017-07-05,48.720001220703125,49.099998474121094,48.65999984741211,49.0,41.36506652832031,5637200
2017-07-06,48.83000183105469,48.86000061035156,47.900001525878906,47.939998626708984,40.470237731933594,5665300
2017-07-07,48.16999816894531,48.47999954223633,47.97999954223633,48.439998626708984,40.892333984375,4354300
2017-07-10,48.41999816894531,48.529998779296875,48.13999938964844,48.22999954223633,40.715049743652344,3479900
2017-07-11,48.20000076293945,48.43000030517578,48.040000915527344,48.150001525878906,40.647518157958984,4084400
2017-07-12,48.16999816894531,48.689998626708984,48.0,48.43000030517578,41.11014938354492,3906900
2017-07-13,48.43000030517578,48.529998779296875,47.83000183105469,48.08000183105469,40.813053131103516,7016600
2017-07-14,48.20000076293945,49.11000061035156,48.150001525878906,48.90999984741211,41.51759338378906,4111000
2017-07-17,48.90999984741211,49.029998779296875,48.720001220703125,48.7599983215332,41.3902702331543,3358400
2017-07-18,48.689998626708984,48.849998474121094,48.279998779296875,48.7400016784668,41.373294830322266,4163600
2017-07-19,48.79999923706055,49.470001220703125,48.7599983215332,49.43000030517578,41.95899963378906,6485000
2017-07-20,49.68000030517578,51.130001068115234,49.349998474121094,50.849998474121094,43.16437530517578,12331200
2017-07-21,50.72999954223633,50.93000030517578,50.4900016784668,50.84000015258789,43.15589141845703,7980300
2017-07-24,50.810001373291016,50.9900016784668,50.470001220703125,50.79999923706055,43.12192916870117,8584300
2017-07-25,50.97999954223633,51.0,50.619998931884766,50.83000183105469,43.14741516113281,5692800
2017-07-26,50.7400016784668,50.810001373291016,50.27000045776367,50.400001525878906,42.78239059448242,6057100
2017-07-27,50.31999969482422,50.36000061035156,49.90999984741211,50.11000061035156,42.53622817993164,7370900
2017-07-28,50.15999984741211,50.20000076293945,49.5099983215332,49.61000061035156,42.11178970336914,5688300
2017-07-31,49.61000061035156,49.84000015258789,49.15999984741211,49.18000030517578,41.746795654296875,6036200
2017-08-01,49.209999084472656,49.310001373291016,48.720001220703125,49.150001525878906,41.72132110595703,5098000
2017-08-02,49.13999938964844,49.2599983215332,48.790000915527344,49.22999954223633,41.78922653198242,4841500
2017-08-03,49.2599983215332,49.290000915527344,48.93000030517578,49.15999984741211,41.72979736328125,4365700
2017-08-04,49.2400016784668,49.36000061035156,49.09000015258789,49.2599983215332,41.8146858215332,3334700
2017-08-07,49.2599983215332,49.380001068115234,49.099998474121094,49.29999923706055,41.84864044189453,2898300
2017-08-08,49.2400016784668,49.2400016784668,48.810001373291016,48.880001068115234,41.49211883544922,3390700
2017-08-09,48.7599983215332,48.869998931884766,48.43000030517578,48.77000045776367,41.398746490478516,4102900
2017-08-10,48.7400016784668,48.849998474121094,48.04999923706055,48.060001373291016,40.79606628417969,4652200
2017-08-11,48.2400016784668,48.77000045776367,48.060001373291016,48.540000915527344,41.20351028442383,3978900
2017-08-14,48.7400016784668,49.25,48.70000076293945,49.08000183105469,41.66189956665039,3248400
2017-08-15,49.060001373291016,49.209999084472656,48.810001373291016,48.81999969482422,41.441184997558594,2922100
2017-08-16,49.040000915527344,49.86000061035156,48.970001220703125,49.810001373291016,42.28155517578125,6492100
2017-08-17,49.630001068115234,50.150001525878906,49.25,49.290000915527344,41.84015655517578,6633100
2017-08-18,49.099998474121094,49.16999816894531,48.68000030517578,48.7400016784668,41.373294830322266,4810800
2017-08-21,48.779998779296875,48.9900016784668,48.58000183105469,48.880001068115234,41.49211883544922,4282000
2017-08-22,48.95000076293945,49.849998474121094,48.880001068115234,49.709999084472656,42.196678161621094,4018800
2017-08-23,49.54999923706055,49.7599983215332,49.380001068115234,49.63999938964844,42.13724899291992,4559000
2017-08-24,49.7400016784668,49.84000015258789,49.33000183105469,49.380001068115234,41.91655731201172,3871800
2017-08-25,49.59000015258789,49.79999923706055,49.349998474121094,49.349998474121094,41.89107894897461,4852400
2017-08-28,49.540000915527344,50.349998474121094,49.52000045776367,50.2599983215332,42.66354751586914,6126900
2017-08-29,49.90999984741211,50.279998779296875,49.4900016784668,50.150001525878906,42.570186614990234,4117300
2017-08-30,50.02000045776367,50.209999084472656,49.869998931884766,50.11000061035156,42.53622817993164,2926200
2017-08-31,50.29999923706055,51.04999923706055,50.11000061035156,50.939998626708984,43.24077606201172,6207800
2017-09-01,51.029998779296875,51.40999984741211,50.810001373291016,51.18000030517578,43.44450378417969,4599400
2017-09-05,50.84000015258789,51.18000030517578,50.63999938964844,51.029998779296875,43.31716537475586,4027200
2017-09-06,51.20000076293945,51.41999816894531,51.060001373291016,51.189998626708984,43.45299530029297,7719500
2017-09-07,51.400001525878906,51.619998931884766,51.130001068115234,51.4900016784668,43.707637786865234,4631700
2017-09-08,51.290000915527344,52.150001525878906,51.290000915527344,52.02000045776367,44.15753936767578,6221800
2017-09-11,52.349998474121094,52.599998474121094,52.0099983215332,52.45000076293945,44.52254104614258,3668800
2017-09-12,52.4900016784668,52.540000915527344,51.880001068115234,52.25,44.35276794433594,3759600
2017-09-13,52.2400016784668,52.33000183105469,51.88999938964844,52.0,44.14056396484375,4214100
2017-09-14,51.93000030517578,52.099998474121094,51.56999969482422,51.689998626708984,43.87741470336914,5568300
2017-09-15,51.75,51.880001068115234,51.4900016784668,51.7599983215332,43.93682861328125,6699700
2017-09-18,51.88999938964844,52.09000015258789,51.599998474121094,52.08000183105469,44.208465576171875,3371000
2017-09-19,52.150001525878906,52.2400016784668,51.369998931884766,51.40999984741211,43.639732360839844,3790900
2017-09-20,51.38999938964844,51.91999816894531,51.38999938964844,51.88999938964844,44.04718017578125,4967000
2017-09-21,51.880001068115234,51.97999954223633,51.380001068115234,51.43000030517578,43.656707763671875,5737600
2017-09-22,51.5099983215332,52.58000183105469,51.5,52.5099983215332,44.573482513427734,7979000
2017-09-25,52.459999084472656,52.779998779296875,52.310001373291016,52.61000061035156,44.65837097167969,9778100
2017-09-26,52.619998931884766,53.29999923706055,52.59000015258789,52.849998474121094,44.86208724975586,6960100
2017-09-27,52.849998474121094,53.08000183105469,51.54999923706055,52.150001525878906,44.267887115478516,8025600
2017-09-28,54.75,54.79999923706055,53.61000061035156,53.63999938964844,45.532684326171875,14861100
2017-09-29,53.63999938964844,53.790000915527344,53.290000915527344,53.36000061035156,45.29500198364258,8459000
2017-10-02,53.63999938964844,53.70000076293945,53.20000076293945,53.68000030517578,45.566646575927734,8681900
2017-10-03,53.75,54.0,53.70000076293945,53.75,45.62605285644531,4464900
2017-10-04,53.66999816894531,54.34000015258789,53.61000061035156,54.34000015258789,46.12689208984375,5629700
2017-10-05,54.369998931884766,55.11000061035156,54.349998474121094,54.91999816894531,46.61921310424805,5143100
2017-10-06,54.900001525878906,55.060001373291016,54.5099983215332,55.0,46.68714141845703,4302100
2017-10-09,55.04999923706055,55.04999923706055,54.61000061035156,54.65999984741211,46.39850997924805,3985600
2017-10-10,54.77000045776367,55.43000030517578,54.529998779296875,55.400001525878906,47.02667999267578,4943100
2017-10-11,55.2599983215332,55.349998474121094,54.31999969482422,54.439998626708984,46.21177673339844,6940000
2017-10-12,54.2400016784668,54.72999954223633,54.11000061035156,54.709999084472656,46.66813278198242,4405000
2017-10-13,54.63999938964844,54.790000915527344,54.45000076293945,54.650001525878906,46.616939544677734,4951800
2017-10-16,54.619998931884766,54.90999984741211,54.52000045776367,54.630001068115234,46.599891662597656,3725500
2017-10-17,54.59000015258789,55.22999954223633,54.400001525878906,55.060001373291016,46.9666862487793,5433000
2017-10-18,55.18000030517578,56.599998474121094,54.91999816894531,55.77000045776367,47.57231521606445,9043700
2017-10-19,55.900001525878906,56.18000030517578,55.40999984741211,56.0,47.76852035522461,4864800
2017-10-20,56.16999816894531,56.439998626708984,55.939998626708984,56.31999969482422,48.04148483276367,5528700
2017-10-23,56.209999084472656,56.689998626708984,56.06999969482422,56.08000183105469,47.836753845214844,4709000
2017-10-24,56.0,56.06999969482422,55.18000030517578,55.380001068115234,47.239654541015625,7201000
2017-10-25,55.380001068115234,55.880001068115234,55.189998626708984,55.4900016784668,47.33348083496094,6113200
2017-10-26,55.34000015258789,55.689998626708984,55.08000183105469,55.47999954223633,47.32493591308594,5032600
2017-10-27,55.4900016784668,55.619998931884766,55.18000030517578,55.369998931884766,47.231117248535156,4724300
2017-10-30,55.18000030517578,55.310001373291016,54.060001373291016,54.290000915527344,46.30987548828125,7542500
2017-10-31,54.47999954223633,54.540000915527344,54.029998779296875,54.22999954223633,46.25869369506836,7676200
2017-11-01,53.88999938964844,54.56999969482422,53.61000061035156,54.0,46.06249237060547,7641900
2017-11-02,54.04999923706055,54.650001525878906,53.959999084472656,54.369998931884766,46.37811279296875,6953200
2017-11-03,54.56999969482422,55.5,54.470001220703125,55.470001220703125,47.31641387939453,4567100
2017-11-06,55.31999969482422,55.400001525878906,55.0099983215332,55.0099983215332,46.924034118652344,3133500
2017-11-07,55.150001525878906,55.2599983215332,54.66999816894531,55.15999984741211,47.05198287963867,4844000
2017-11-08,54.97999954223633,55.349998474121094,54.720001220703125,55.25,47.12876510620117,3712600
2017-11-09,55.060001373291016,55.5,54.90999984741211,55.45000076293945,47.29936599731445,3644000
2017-11-10,55.22999954223633,55.31999969482422,54.369998931884766,54.79999923706055,46.74489974975586,5032600
2017-11-13,54.689998626708984,55.369998931884766,54.560001373291016,55.29999923706055,47.17140579223633,3854500
2017-11-14,55.04999923706055,55.209999084472656,54.7599983215332,55.0099983215332,46.924034118652344,6180400
2017-11-15,54.779998779296875,55.08000183105469,54.540000915527344,54.83000183105469,46.770484924316406,4999800
2017-11-16,55.11000061035156,55.84000015258789,54.86000061035156,55.540000915527344,47.37613296508789,6866900
2017-11-17,55.290000915527344,55.709999084472656,55.220001220703125,55.560001373291016,47.393192291259766,6284200
2017-11-20,55.65999984741211,55.68000030517578,55.130001068115234,55.290000915527344,47.16288375854492,3699400
2017-11-21,55.45000076293945,56.31999969482422,55.439998626708984,56.119998931884766,47.87087631225586,4613000
2017-11-22,56.029998779296875,56.150001525878906,55.56999969482422,55.79999923706055,47.597904205322266,3552100
2017-11-24,55.849998474121094,56.189998626708984,55.7400016784668,56.130001068115234,47.8794059753418,2148300
2017-11-27,56.16999816894531,56.52000045776367,56.0099983215332,56.150001525878906,47.8964729309082,4518300
2017-11-28,56.29999923706055,56.29999923706055,55.58000183105469,56.02000045776367,47.785579681396484,6841700
2017-11-29,56.09000015258789,56.29999923706055,55.380001068115234,55.58000183105469,47.410247802734375,7277900
2017-11-30,55.66999816894531,56.459999084472656,55.310001373291016,56.369998931884766,48.084129333496094,10086300
2017-12-01,56.29999923706055,56.68000030517578,55.27000045776367,55.97999954223633,47.75144958496094,5322300
2017-12-04,56.13999938964844,56.20000076293945,54.689998626708984,54.709999084472656,46.66813278198242,4589100
2017-12-05,54.63999938964844,55.31999969482422,54.34000015258789,54.790000915527344,46.736366271972656,4321100
2017-12-06,54.88999938964844,55.11000061035156,54.31999969482422,54.65999984741211,46.6254768371582,7828600
2017-12-07,54.7599983215332,54.939998626708984,54.349998474121094,54.689998626708984,46.651065826416016,4421900
2017-12-08,54.65999984741211,54.849998474121094,54.33000183105469,54.63999938964844,46.60841751098633,5103900
2017-12-11,54.77000045776367,55.119998931884766,54.47999954223633,54.939998626708984,46.864322662353516,4273000
2017-12-12,55.45000076293945,55.869998931884766,55.15999984741211,55.70000076293945,47.51260757446289,9860700
2017-12-13,55.66999816894531,55.7599983215332,54.79999923706055,55.060001373291016,46.9666862487793,9962300
2017-12-14,55.04999923706055,55.220001220703125,54.630001068115234,54.72999954223633,46.6851921081543,5935200
2017-12-15,55.029998779296875,55.560001373291016,54.84000015258789,55.5,47.34200668334961,14655500
2017-12-18,55.52000045776367,56.52000045776367,55.41999816894531,56.400001525878906,48.10972595214844,6053900
2017-12-19,56.5099983215332,56.95000076293945,56.45000076293945,56.79999923706055,48.45092010498047,7116800
2017-12-20,56.7400016784668,57.29999923706055,56.400001525878906,57.02000045776367,48.63857650756836,11948400
2017-12-21,57.13999938964844,57.27000045776367,56.7400016784668,56.93000030517578,48.56181335449219,6154700
2017-12-22,56.939998626708984,57.31999969482422,56.7599983215332,56.93000030517578,48.56181335449219,5449300
2017-12-26,57.0099983215332,57.25,56.900001525878906,57.0,48.62150955200195,3187900
2017-12-27,57.09000015258789,57.599998474121094,57.04999923706055,57.470001220703125,49.02244567871094,5243900
2017-12-28,57.439998626708984,57.689998626708984,57.369998931884766,57.459999084472656,49.0139045715332,3387100
2017-12-29,57.599998474121094,57.77000045776367,57.06999969482422,57.06999969482422,48.681217193603516,3995200
2018-01-02,58.20000076293945,59.20000076293945,57.81999969482422,58.790000915527344,50.14840316772461,10112800
2018-01-03,58.9900016784668,59.02000045776367,58.310001373291016,58.91999816894531,50.25929641723633,5683700
2018-01-04,59.5,59.599998474121094,58.7599983215332,58.81999969482422,50.17399597167969,6240000
2018-01-05,59.040000915527344,59.09000015258789,58.63999938964844,58.9900016784668,50.31901931762695,5836900
2018-01-08,58.849998474121094,58.97999954223633,58.529998779296875,58.81999969482422,50.17399597167969,5411500
2018-01-09,59.099998474121094,59.099998474121094,58.380001068115234,58.91999816894531,50.25929641723633,7466900
2018-01-10,58.75,58.90999984741211,58.290000915527344,58.83000183105469,50.18252182006836,4340800
2018-01-11,58.650001525878906,58.959999084472656,58.290000915527344,58.95000076293945,50.52536392211914,4240900
2018-01-12,58.959999084472656,59.2400016784668,58.790000915527344,58.84000015258789,50.43107986450195,6320900
2018-01-16,58.88999938964844,59.13999938964844,58.22999954223633,58.439998626708984,50.08823776245117,7175000
2018-01-17,58.7599983215332,59.099998474121094,58.630001068115234,58.9900016784668,50.55965805053711,5037500
2018-01-18,58.779998779296875,59.27000045776367,58.529998779296875,59.06999969482422,50.628204345703125,5658600
2018-01-19,59.22999954223633,59.68000030517578,58.959999084472656,59.310001373291016,50.83392333984375,7362300
2018-01-22,58.880001068115234,59.56999969482422,58.45000076293945,59.56999969482422,51.056758880615234,6841900
2018-01-23,59.52000045776367,59.56999969482422,58.97999954223633,59.22999954223633,50.765350341796875,8122100
2018-01-24,61.0,64.16000366210938,60.7400016784668,61.720001220703125,52.899505615234375,11704900
2018-01-25,63.18000030517578,64.5999984741211,62.31999969482422,63.220001220703125,54.18513107299805,15261900
2018-01-26,63.150001525878906,63.439998626708984,62.66999816894531,63.41999816894531,54.35654830932617,10242800
2018-01-29,63.09000015258789,63.470001220703125,62.849998474121094,63.310001373291016,54.262271881103516,8638500
2018-01-30,62.439998626708984,63.119998931884766,62.290000915527344,62.439998626708984,53.516605377197266,6497600
2018-01-31,62.65999984741211,62.7599983215332,61.849998474121094,62.15999984741211,53.276611328125,7804400
2018-02-01,61.75,62.540000915527344,61.65999984741211,62.18000030517578,53.29374694824219,8101600
2018-02-02,62.20000076293945,62.41999816894531,61.63999938964844,61.689998626708984,52.87378692626953,12346500
2018-02-05,61.599998474121094,61.869998931884766,58.54999923706055,58.72999954223633,50.33679962158203,11548200
2018-02-06,57.91999816894531,59.2599983215332,57.33000183105469,58.86000061035156,50.4482307434082,15214700
2018-02-07,58.599998474121094,59.849998474121094,58.5,58.66999816894531,50.28538513183594,6872700
2018-02-08,58.77000045776367,58.83000183105469,56.220001220703125,56.27000045776367,48.22836685180664,6874500
2018-02-09,56.630001068115234,57.689998626708984,55.58000183105469,57.16999816894531,48.99973678588867,8028400
2018-02-12,57.70000076293945,57.97999954223633,56.880001068115234,57.40999984741211,49.205448150634766,8234200
2018-02-13,57.13999938964844,57.790000915527344,56.810001373291016,57.63999938964844,49.40258026123047,5816600
2018-02-14,57.31999969482422,58.400001525878906,57.150001525878906,58.279998779296875,49.951107025146484,3728900
2018-02-15,58.720001220703125,59.5099983215332,58.33000183105469,59.5,50.99675750732422,3871900
2018-02-16,59.439998626708984,60.540000915527344,59.33000183105469,60.16999816894531,51.571014404296875,7849200
2018-02-20,59.68000030517578,59.869998931884766,58.84000015258789,59.119998931884766,50.67107009887695,8182500
2018-02-21,59.06999969482422,59.9900016784668,58.81999969482422,58.9900016784668,50.55965805053711,4793800
2018-02-22,59.209999084472656,59.400001525878906,58.79999923706055,58.9900016784668,50.55965805053711,5539900
2018-02-23,59.220001220703125,59.7400016784668,58.97999954223633,59.709999084472656,51.1767463684082,5190400
2018-02-26,59.86000061035156,60.59000015258789,59.72999954223633,60.529998779296875,51.87956237792969,5364200
2018-02-27,60.75,61.2400016784668,60.38999938964844,60.54999923706055,51.896705627441406,6747700
2018-02-28,60.66999816894531,61.119998931884766,60.18000030517578,60.33000183105469,51.7081413269043,8325700
2018-03-01,60.15999984741211,60.18000030517578,58.529998779296875,58.790000915527344,50.38822555541992,9711900
2018-03-02,58.47999954223633,59.529998779296875,58.43000030517578,59.459999084472656,50.96247863769531,7979200
2018-03-05,58.90999984741211,60.630001068115234,58.900001525878906,60.369998931884766,51.742431640625,9000400
2018-03-06,60.59000015258789,61.02000045776367,60.11000061035156,60.880001068115234,52.179542541503906,6620000
2018-03-07,60.27000045776367,61.41999816894531,60.189998626708984,61.290000915527344,52.53095245361328,7726500
2018-03-08,61.34000015258789,61.95000076293945,61.29999923706055,61.869998931884766,53.028053283691406,5245800
2018-03-09,62.04999923706055,63.70000076293945,62.02000045776367,63.599998474121094,54.510826110839844,8184400
2018-03-12,63.59000015258789,63.95000076293945,63.41999816894531,63.619998931884766,54.5279655456543,8858500
2018-03-13,63.88999938964844,63.95000076293945,63.0099983215332,63.20000076293945,54.16798782348633,6428500
2018-03-14,63.41999816894531,63.619998931884766,62.72999954223633,62.86000061035156,53.8765754699707,5162100
2018-03-15,63.04999923706055,63.130001068115234,62.52000045776367,62.59000015258789,53.64516830444336,3364900
2018-03-16,62.779998779296875,63.31999969482422,62.709999084472656,63.18000030517578,54.150856018066406,11840900
2018-03-19,63.130001068115234,63.2400016784668,61.689998626708984,62.2599983215332,53.362327575683594,5286200
2018-03-20,62.47999954223633,62.7599983215332,62.150001525878906,62.650001525878906,53.696590423583984,3943000
2018-03-21,62.75,63.06999969482422,62.34000015258789,62.41999816894531,53.49945831298828,3478300
2018-03-22,61.81999969482422,62.099998474121094,60.849998474121094,60.93000030517578,52.22239685058594,5345300
2018-03-23,61.029998779296875,61.099998474121094,59.36000061035156,59.5,50.99675750732422,6000800
2018-03-26,60.279998779296875,61.150001525878906,59.68000030517578,61.06999969482422,52.34238815307617,5694700
2018-03-27,61.27000045776367,61.619998931884766,59.9900016784668,60.279998779296875,51.66529083251953,6365300
2018-03-28,60.529998779296875,60.709999084472656,59.18000030517578,59.22999954223633,50.765350341796875,8128800
2018-03-29,59.56999969482422,60.380001068115234,59.29999923706055,59.91999816894531,51.35673522949219,6656600
2018-04-02,59.81999969482422,60.09000015258789,57.630001068115234,58.209999084472656,49.89112091064453,6686500
2018-04-03,58.400001525878906,59.06999969482422,58.0,59.0,50.56821823120117,6113500
2018-04-04,58.34000015258789,59.61000061035156,57.45000076293945,59.459999084472656,50.96247863769531,7405200
2018-04-05,59.900001525878906,60.150001525878906,59.54999923706055,59.86000061035156,51.30531692504883,6644500
2018-04-06,59.439998626708984,59.599998474121094,56.9900016784668,57.56999969482422,49.34257888793945,7447100
2018-04-09,57.86000061035156,59.11000061035156,57.45000076293945,58.220001220703125,49.89970016479492,5712300
2018-04-10,59.02000045776367,59.61000061035156,58.709999084472656,59.13999938964844,50.68821716308594,5178400
2018-04-11,58.63999938964844,59.04999923706055,58.209999084472656,58.45000076293945,50.09682846069336,4044900
2018-04-12,58.5,59.18000030517578,58.459999084472656,58.83000183105469,50.66522979736328,4572300
2018-04-13,59.18000030517578,59.380001068115234,58.470001220703125,58.4900016784668,50.37240982055664,8223700
2018-04-16,59.0,59.529998779296875,58.91999816894531,59.27000045776367,51.04415512084961,6807500
2018-04-17,59.650001525878906,59.959999084472656,59.04999923706055,59.79999923706055,51.5005989074707,5604600
2018-04-18,59.0,59.619998931884766,57.45000076293945,59.52000045776367,51.25946044921875,12648500
2018-04-19,59.52000045776367,60.029998779296875,59.20000076293945,59.880001068115234,51.56950378417969,7675500
2018-04-20,59.849998474121094,59.95000076293945,58.81999969482422,59.189998626708984,50.97524642944336,5867500
2018-04-23,59.279998779296875,59.459999084472656,58.59000015258789,58.84000015258789,50.673824310302734,4516100
2018-04-24,59.09000015258789,59.16999816894531,57.66999816894531,58.310001373291016,50.217384338378906,7480300
2018-04-25,58.040000915527344,58.66999816894531,57.70000076293945,58.650001525878906,50.510196685791016,5910000
2018-04-26,58.689998626708984,59.52000045776367,58.5,59.5,51.24222183227539,7372800
2018-04-27,59.4900016784668,59.689998626708984,59.13999938964844,59.560001373291016,51.29391860961914,4135400
2018-04-30,59.7599983215332,59.79999923706055,58.099998474121094,58.130001068115234,50.0623779296875,6096100
2018-05-01,57.70000076293945,58.869998931884766,57.54999923706055,58.81999969482422,50.656612396240234,6406400
2018-05-02,58.4900016784668,58.560001373291016,57.66999816894531,57.849998474121094,49.821224212646484,4519900
2018-05-03,57.790000915527344,57.939998626708984,56.810001373291016,57.93000030517578,49.8901252746582,5641000
2018-05-04,57.63999938964844,59.08000183105469,57.47999954223633,58.7400016784668,50.587711334228516,5833200
2018-05-07,58.9900016784668,59.7599983215332,58.939998626708984,59.31999969482422,51.087223052978516,5656100
2018-05-08,59.119998931884766,59.130001068115234,58.2400016784668,58.709999084472656,50.56187057495117,6778500
2018-05-09,58.810001373291016,59.58000183105469,58.41999816894531,59.400001525878906,51.15612030029297,4103400
2018-05-10,59.630001068115234,60.61000061035156,59.36000061035156,60.560001373291016,52.155128479003906,4791100
2018-05-11,60.220001220703125,61.29999923706055,60.220001220703125,61.2599983215332,52.757965087890625,5768100
2018-05-14,61.5,62.16999816894531,61.38999938964844,62.02000045776367,53.4124870300293,7705700
2018-05-15,61.439998626708984,61.58000183105469,60.31999969482422,60.540000915527344,52.137908935546875,5333500
2018-05-16,60.56999969482422,61.150001525878906,60.400001525878906,60.77000045776367,52.335975646972656,3588600
2018-05-17,60.79999923706055,61.15999984741211,60.369998931884766,61.060001373291016,52.58573532104492,4157900
2018-05-18,61.02000045776367,61.869998931884766,60.939998626708984,61.709999084472656,53.14552307128906,6357700
2018-05-21,62.0,62.4900016784668,61.790000915527344,62.11000061035156,53.490013122558594,4610100
2018-05-22,62.099998474121094,62.290000915527344,60.959999084472656,61.38999938964844,52.86993408203125,6802200
2018-05-23,61.220001220703125,61.970001220703125,61.220001220703125,61.84000015258789,53.257476806640625,4318000
2018-05-24,61.88999938964844,62.720001220703125,61.88999938964844,62.5099983215332,53.8344841003418,5783900
2018-05-25,62.4900016784668,62.58000183105469,62.060001373291016,62.369998931884766,53.713924407958984,3839100
2018-05-29,61.58000183105469,61.869998931884766,60.849998474121094,61.29999923706055,52.792415618896484,4967400
2018-05-30,61.779998779296875,62.650001525878906,61.439998626708984,62.06999969482422,53.455543518066406,5954100
2018-05-31,61.900001525878906,62.22999954223633,61.5099983215332,61.529998779296875,52.990501403808594,6322200
2018-06-01,61.959999084472656,62.4900016784668,61.849998474121094,62.40999984741211,53.74836730957031,3595800
2018-06-04,62.31999969482422,63.11000061035156,62.279998779296875,63.02000045776367,54.27369689941406,4063300
2018-06-05,63.09000015258789,63.29999923706055,62.61000061035156,63.029998779296875,54.28232955932617,4469400
2018-06-06,63.11000061035156,63.54999923706055,62.779998779296875,63.540000915527344,54.72153854370117,4064400
2018-06-07,63.560001373291016,63.849998474121094,62.869998931884766,63.18000030517578,54.411502838134766,3834300
2018-06-08,63.0099983215332,63.40999984741211,62.84000015258789,63.27000045776367,54.489017486572266,4674900
2018-06-11,63.279998779296875,63.47999954223633,62.900001525878906,63.130001068115234,54.36845016479492,5339300
2018-06-12,63.27000045776367,63.41999816894531,62.61000061035156,62.91999816894531,54.187591552734375,4869100
2018-06-13,63.060001373291016,63.16999816894531,62.470001220703125,62.630001068115234,53.93783950805664,6189100
2018-06-14,62.86000061035156,63.22999954223633,62.7400016784668,62.959999084472656,54.22203826904297,3980800
2018-06-15,62.86000061035156,63.08000183105469,62.2599983215332,62.90999984741211,54.1789665222168,11859400
2018-06-18,62.59000015258789,62.869998931884766,62.279998779296875,62.81999969482422,54.10146713256836,3672700
2018-06-19,62.2400016784668,62.40999984741211,61.91999816894531,62.34000015258789,53.68807601928711,5302300
2018-06-20,62.209999084472656,62.5,62.040000915527344,62.13999938964844,53.515838623046875,5121300
2018-06-21,61.970001220703125,62.099998474121094,61.45000076293945,61.75,53.17995834350586,4065600
2018-06-22,62.22999954223633,62.38999938964844,61.65999984741211,61.939998626708984,53.34360122680664,4389700
2018-06-25,61.70000076293945,61.77000045776367,60.31999969482422,60.77000045776367,52.335975646972656,6012600
2018-06-26,60.63999938964844,61.09000015258789,60.4900016784668,60.810001373291016,52.370426177978516,4303800
2018-06-27,61.209999084472656,62.13999938964844,60.4900016784668,60.4900016784668,52.0948371887207,6665200
2018-06-28,60.459999084472656,61.47999954223633,60.459999084472656,61.27000045776367,52.76658248901367,4237200
2018-06-29,61.4900016784668,61.869998931884766,60.91999816894531,60.9900016784668,52.52543640136719,5807300
2018-07-02,60.630001068115234,61.02000045776367,60.31999969482422,61.0,52.5340690612793,4365200
2018-07-03,60.970001220703125,61.22999954223633,60.630001068115234,60.810001373291016,52.370426177978516,2245200
2018-07-05,61.189998626708984,61.40999984741211,60.7599983215332,61.33000183105469,52.81825637817383,4065200
2018-07-06,61.56999969482422,62.400001525878906,61.2599983215332,62.15999984741211,53.53306579589844,3647900
2018-07-09,62.22999954223633,62.630001068115234,62.13999938964844,62.439998626708984,53.77421951293945,3654900
2018-07-10,62.560001373291016,63.119998931884766,62.470001220703125,62.810001373291016,54.092857360839844,3963600
2018-07-11,62.560001373291016,62.880001068115234,62.33000183105469,62.56999969482422,53.886165618896484,3414100
2018-07-12,62.5,62.79999923706055,62.380001068115234,62.7400016784668,54.275455474853516,3736500
2018-07-13,62.75,63.439998626708984,62.720001220703125,63.060001373291016,54.552284240722656,5326800
2018-07-16,62.95000076293945,63.0,61.709999084472656,61.779998779296875,53.44496536254883,5764400
2018-07-17,61.84000015258789,63.2599983215332,61.54999923706055,62.79999923706055,54.32733917236328,7946200
2018-07-18,64.30999755859375,65.5,64.19999694824219,64.75,56.01426315307617,10650600
2018-07-19,64.68000030517578,64.97000122070312,63.5099983215332,63.779998779296875,55.17514419555664,6761100
2018-07-20,63.61000061035156,64.04000091552734,63.279998779296875,63.31999969482422,54.77720260620117,5763700
2018-07-23,63.2599983215332,63.290000915527344,62.869998931884766,63.20000076293945,54.67339324951172,4790900
2018-07-24,63.54999923706055,64.61000061035156,63.41999816894531,64.4000015258789,55.71149444580078,6545400
2018-07-25,64.16000366210938,65.36000061035156,64.12000274658203,65.2300033569336,56.42951583862305,5863900
2018-07-26,65.36000061035156,65.9000015258789,64.87000274658203,65.66000366210938,56.80150604248047,5517000
2018-07-27,65.51000213623047,65.80000305175781,64.95999908447266,65.26000213623047,56.455474853515625,4299000
2018-07-30,64.97000122070312,65.51000213623047,64.97000122070312,65.16999816894531,56.37760543823242,5108300
2018-07-31,65.37000274658203,65.7699966430664,65.26000213623047,65.54000091552734,56.69768524169922,5399400
2018-08-01,65.3499984741211,65.75,64.70999908447266,64.77999877929688,56.04022216796875,4162900
2018-08-02,64.5,64.77999877929688,63.90999984741211,64.58000183105469,55.86720657348633,4706200
2018-08-03,64.7699966430664,65.23999786376953,64.44000244140625,65.2300033569336,56.42951583862305,3945000
2018-08-06,65.08999633789062,65.5,64.95999908447266,65.23999786376953,56.43816375732422,3690700
2018-08-07,65.18000030517578,65.31999969482422,64.7300033569336,64.73999786376953,56.005619049072266,3329000
2018-08-08,64.73999786376953,65.30999755859375,64.55999755859375,64.83999633789062,56.092132568359375,4103100
2018-08-09,64.79000091552734,65.06999969482422,64.58000183105469,64.63999938964844,55.91911315917969,2578500
2018-08-10,64.44000244140625,64.5999984741211,63.869998931884766,64.02999877929688,55.39141082763672,3841200
2018-08-13,64.0199966430664,64.31999969482422,63.36000061035156,63.43000030517578,54.87236022949219,4407400
2018-08-14,63.45000076293945,63.91999816894531,63.38999938964844,63.630001068115234,55.04537582397461,3246400
2018-08-15,63.45000076293945,63.560001373291016,63.06999969482422,63.470001220703125,54.90695571899414,3724900
2018-08-16,63.790000915527344,64.33999633789062,63.599998474121094,64.16000366210938,55.503883361816406,3714900
2018-08-17,64.23999786376953,64.91999816894531,64.02999877929688,64.72000122070312,55.98832321166992,4768200
2018-08-20,65.0,65.12999725341797,64.37999725341797,64.63999938964844,55.91911315917969,5075400
2018-08-21,64.91000366210938,65.06999969482422,64.5,64.75,56.01426315307617,4045500
2018-08-22,64.51000213623047,65.81999969482422,64.4800033569336,65.66999816894531,56.810142517089844,5203300
2018-08-23,65.66999816894531,66.16999816894531,65.63999938964844,65.83000183105469,56.948577880859375,4428500
2018-08-24,65.9000015258789,66.26000213623047,65.79000091552734,66.0999984741211,57.1821403503418,3831200
2018-08-27,66.44999694824219,66.88999938964844,66.33000183105469,66.83999633789062,57.82229232788086,3498900
2018-08-28,67.02999877929688,67.11000061035156,66.66999816894531,66.79000091552734,57.7790412902832,4089300
2018-08-29,66.72000122070312,67.36000061035156,66.62999725341797,67.12999725341797,58.07317352294922,4446000
2018-08-30,66.94000244140625,67.30999755859375,66.75,67.0199966430664,57.9780158996582,4140500
2018-08-31,66.95999908447266,67.23999786376953,66.58999633789062,66.83999633789062,57.82229232788086,5893900
2018-09-04,66.73999786376953,67.11000061035156,66.56999969482422,67.11000061035156,58.055870056152344,4898900
2018-09-05,66.95999908447266,66.95999908447266,65.54000091552734,66.0,57.095619201660156,6545100
2018-09-06,66.01000213623047,66.19999694824219,65.22000122070312,65.83000183105469,56.948577880859375,7269700
2018-09-07,65.79000091552734,66.45999908447266,65.69000244140625,66.20999908447266,57.277286529541016,4060700
2018-09-10,66.44999694824219,66.93000030517578,66.44000244140625,66.55000305175781,57.5714225769043,3483300
2018-09-11,66.37999725341797,66.81999969482422,66.11000061035156,66.5999984741211,57.61468505859375,3185100
2018-09-12,66.5999984741211,67.12000274658203,66.5999984741211,66.97000122070312,57.93476104736328,3233600
2018-09-13,67.2300033569336,68.54000091552734,67.1500015258789,68.5,59.258338928222656,6052400
2018-09-14,68.51000213623047,68.81999969482422,68.36000061035156,68.41999816894531,59.18912124633789,4217000
2018-09-17,68.41999816894531,68.41999816894531,67.51000213623047,67.66999816894531,58.54030990600586,4255500
2018-09-18,67.76000213623047,68.56999969482422,67.76000213623047,68.41000366210938,59.18048858642578,5018000
2018-09-19,68.5199966430664,68.95999908447266,68.38999938964844,68.5,59.258338928222656,3424200
2018-09-20,68.62999725341797,69.01000213623047,68.4000015258789,68.79000091552734,59.509212493896484,5036700
2018-09-21,68.9000015258789,69.25,68.87999725341797,69.05000305175781,59.73415756225586,9331100
2018-09-24,70.79000091552734,71.68000030517578,70.31999969482422,71.44000244140625,61.80169677734375,10111900
2018-09-25,71.73999786376953,72.2300033569336,71.41000366210938,72.19999694824219,62.45914840698242,8257300
2018-09-26,72.05999755859375,73.29000091552734,71.9800033569336,72.83999633789062,63.01283264160156,8854900
2018-09-27,73.0199966430664,73.18000030517578,72.69000244140625,73.0199966430664,63.16855239868164,5493900
2018-09-28,72.77999877929688,73.58000183105469,72.7699966430664,73.36000061035156,63.4626579284668,6572100
2018-10-01,73.80999755859375,74.1500015258789,73.54000091552734,74.12000274658203,64.12010955810547,7208800
2018-10-02,74.0,74.05000305175781,73.41999816894531,73.80999755859375,63.8519401550293,6251200
2018-10-03,73.80999755859375,73.9000015258789,71.9000015258789,72.04000091552734,62.32075881958008,7477900
2018-10-04,71.7699966430664,71.87000274658203,71.06999969482422,71.81999969482422,62.13042068481445,6166700
2018-10-05,71.81999969482422,72.45999908447266,71.05000305175781,71.58000183105469,61.922794342041016,5426200
2018-10-08,71.58000183105469,72.38999938964844,70.5999984741211,71.44000244140625,61.80169677734375,5520500
2018-10-09,71.23999786376953,71.58999633789062,70.87000274658203,71.29000091552734,61.67192840576172,4812300
2018-10-10,71.05000305175781,71.20999908447266,68.77999877929688,68.91999816894531,59.62166976928711,10559200
2018-10-11,68.91999816894531,69.47000122070312,67.6500015258789,68.37999725341797,59.15452575683594,11932300
2018-10-12,69.37000274658203,69.9800033569336,68.5999984741211,69.33000183105469,60.22298049926758,10431300
2018-10-15,69.33999633789062,69.37999725341797,68.22000122070312,68.69999694824219,59.675724029541016,6674700
2018-10-16,69.55000305175781,71.18000030517578,69.30000305175781,70.94999694824219,61.63016128540039,7638700
2018-10-17,70.4000015258789,70.69000244140625,69.16999816894531,70.2300033569336,61.00474548339844,11014700
2018-10-18,69.58000183105469,69.72000122070312,67.47000122070312,68.13999938964844,59.18927001953125,10959400
2018-10-19,68.12999725341797,68.6500015258789,67.2300033569336,67.58999633789062,58.711517333984375,7351600
2018-10-22,67.73999786376953,68.8499984741211,67.3499984741211,68.5199966430664,59.51936721801758,6924900
2018-10-23,67.58000183105469,69.04000091552734,66.98999786376953,68.56999969482422,59.56279754638672,7446400
2018-10-24,68.7300033569336,69.19999694824219,66.81999969482422,66.94000244140625,58.14692687988281,8126500
2018-10-25,67.19999694824219,68.33000183105469,66.33999633789062,67.66999816894531,58.781002044677734,9062300
2018-10-26,66.75,67.69000244140625,65.77999877929688,66.98999786376953,58.19033432006836,8379000
2018-10-29,68.0,68.37000274658203,66.38999938964844,67.30999755859375,58.46828842163086,7530600
2018-10-30,67.7699966430664,68.33999633789062,67.22000122070312,68.0,59.06767654418945,7994400
2018-10-31,68.69999694824219,69.91000366210938,68.5199966430664,68.94000244140625,59.884185791015625,7795000
2018-11-01,69.08999633789062,70.3499984741211,68.73999786376953,70.1500015258789,60.93525314331055,6250800
2018-11-02,70.75,71.37999725341797,69.58999633789062,70.19000244140625,60.96999740600586,5314600
2018-11-05,70.4800033569336,71.0,69.98999786376953,70.38999938964844,61.14373779296875,8558700
2018-11-06,70.33000183105469,71.0,70.22000122070312,70.95999908447266,61.63883972167969,3676400
2018-11-07,71.69000244140625,72.61000061035156,71.58000183105469,72.5,62.976566314697266,6404500
2018-11-08,72.0,73.08000183105469,71.94999694824219,72.95999908447266,63.37614059448242,4676100
2018-11-09,72.87999725341797,73.05999755859375,72.0999984741211,72.79000091552734,63.22847366333008,4247600
2018-11-12,72.7300033569336,72.9000015258789,70.4000015258789,70.55999755859375,61.29138946533203,6272700
2018-11-13,70.87000274658203,71.18000030517578,69.25,69.48999786376953,60.361942291259766,6570300
2018-11-14,70.0999984741211,70.47000122070312,68.95999908447266,69.41000366210938,60.292449951171875,5400800
2018-11-15,68.93000030517578,70.75,67.94000244140625,70.7300033569336,61.4390754699707,6849000
2018-11-16,70.4800033569336,72.33000183105469,70.36000061035156,72.04000091552734,62.576988220214844,9860800
2018-11-19,72.0,72.41000366210938,70.27999877929688,70.54000091552734,61.274009704589844,7224400
2018-11-20,70.38999938964844,70.75,68.86000061035156,69.05999755859375,59.98844528198242,8222500
2018-11-21,69.3499984741211,69.72000122070312,68.25,68.52999877929688,59.52805709838867,5789400
2018-11-23,67.94000244140625,68.68000030517578,67.83000183105469,68.11000061035156,59.16322326660156,3262200
2018-11-26,68.7300033569336,69.2699966430664,68.44999694824219,68.80999755859375,59.77128601074219,6129400
2018-11-27,68.70999908447266,69.75,68.37999725341797,69.70999908447266,60.55305862426758,6759000
2018-11-28,70.0999984741211,72.83999633789062,70.0999984741211,72.83000183105469,63.26322555541992,7915900
2018-11-29,72.43000030517578,73.69999694824219,72.37000274658203,73.26000213623047,63.636722564697266,6447700
2018-11-30,73.93000030517578,74.2300033569336,73.06999969482422,74.05000305175781,64.32295989990234,8030500
2018-12-03,74.29000091552734,74.91999816894531,73.55999755859375,74.2699966430664,64.51405334472656,6430400
2018-12-04,74.23999786376953,74.25,71.43000030517578,71.5,62.107913970947266,7620100
2018-12-06,70.58999633789062,71.54000091552734,69.91999816894531,71.54000091552734,62.14264678955078,10269100
2018-12-07,71.75,71.83000183105469,69.19000244140625,69.94999694824219,60.76152038574219,7945500
2018-12-10,70.04000091552734,71.30000305175781,68.79000091552734,70.91999816894531,61.60411071777344,5828600
2018-12-11,71.66000366210938,72.54000091552734,71.30000305175781,71.83999633789062,62.40324783325195,7567000
2018-12-12,72.80999755859375,73.86000061035156,72.48999786376953,72.52999877929688,63.00262451171875,6883600
2018-12-13,72.70999908447266,73.13999938964844,71.58000183105469,72.18000030517578,62.6985969543457,6264900
2018-12-14,71.31999969482422,71.5,70.37000274658203,70.76000213623047,61.46513748168945,5670300
2018-12-17,70.37999725341797,70.86000061035156,69.16000366210938,69.75,60.58778381347656,7257500
2018-12-18,70.8499984741211,70.9000015258789,69.30999755859375,70.08000183105469,60.87445068359375,8392400
2018-12-19,70.33999633789062,71.47000122070312,68.19000244140625,69.0,59.93631362915039,7339700
2018-12-20,68.33999633789062,68.9000015258789,66.98999786376953,68.37999725341797,59.397743225097656,11689700
2018-12-21,68.06999969482422,69.12999725341797,67.0199966430664,67.2699966430664,58.433570861816406,14240800
2018-12-24,66.81999969482422,67.05000305175781,65.44000244140625,65.55999755859375,56.94818115234375,4026200
2018-12-26,65.9000015258789,69.63999938964844,65.9000015258789,69.62000274658203,60.47486114501953,7576500
2018-12-27,68.41000366210938,70.62999725341797,67.79000091552734,70.62999725341797,61.352195739746094,6713000
2018-12-28,71.05000305175781,72.05000305175781,70.30000305175781,71.08999633789062,61.75177764892578,6209600
2018-12-31,71.56999969482422,72.76000213623047,71.4800033569336,72.33000183105469,62.82890701293945,6094300
2019-01-02,70.38999938964844,70.95999908447266,69.06999969482422,69.5,60.370635986328125,8737200
2019-01-03,68.73999786376953,68.87999725341797,65.5,66.22000122070312,57.521488189697266,10570700
2019-01-04,67.12000274658203,68.58000183105469,66.98999786376953,68.11000061035156,59.16322326660156,8299100
2019-01-07,68.19000244140625,69.86000061035156,68.18000030517578,69.12999725341797,60.049217224121094,9503000
2019-01-08,69.55000305175781,69.63999938964844,67.0,68.30000305175781,59.32827377319336,8905100
2019-01-09,68.93000030517578,69.8499984741211,68.80000305175781,69.44000244140625,60.31850814819336,6091000
2019-01-10,68.68000030517578,69.44000244140625,68.44999694824219,69.08000183105469,60.005794525146484,8051200
2019-01-11,68.5999984741211,69.36000061035156,68.44999694824219,69.33000183105469,60.22298049926758,6583000
2019-01-14,68.41000366210938,68.80000305175781,68.12999725341797,68.2699966430664,59.57717514038086,5122900
2019-01-15,68.41000366210938,70.5199966430664,68.36000061035156,70.47000122070312,61.49706268310547,6306900
2019-01-16,70.5,70.76000213623047,69.73999786376953,69.81999969482422,60.92982482910156,6357300
2019-01-17,69.87000274658203,70.97000122070312,69.7699966430664,70.5199966430664,61.54069900512695,5427800
2019-01-18,70.98999786376953,71.73999786376953,70.77999877929688,71.41999816894531,62.32609176635742,9404500
2019-01-22,70.97000122070312,71.66999816894531,70.69000244140625,71.48999786376953,62.38718795776367,6541600
2019-01-23,70.5,71.55000305175781,69.2699966430664,69.91000366210938,61.00837707519531,10196300
2019-01-24,70.0,71.0,69.31999969482422,70.86000061035156,61.83738708496094,6437600
2019-01-25,71.2699966430664,71.7699966430664,70.79000091552734,71.1500015258789,62.09046936035156,4824100
2019-01-28,70.5199966430664,70.62999725341797,68.88999938964844,69.05000305175781,60.25788116455078,5942500
2019-01-29,69.08999633789062,69.94000244140625,68.80000305175781,69.69000244140625,60.81637191772461,5981600
2019-01-30,69.91000366210938,71.80000305175781,69.69000244140625,71.68000030517578,62.55298614501953,8145000
2019-01-31,71.30999755859375,73.06999969482422,71.13999938964844,72.9800033569336,63.68745803833008,10421900
2019-02-01,73.0199966430664,73.23999786376953,71.97000122070312,72.36000061035156,63.14640426635742,5016500
2019-02-04,72.38999938964844,72.69000244140625,71.70999908447266,72.5,63.26858901977539,5278300
2019-02-05,72.9000015258789,73.29000091552734,72.68000030517578,73.11000061035156,63.800926208496094,4302400
2019-02-06,72.9000015258789,73.55999755859375,72.62999725341797,73.48999786376953,64.13253021240234,4851900
2019-02-07,72.98999786376953,73.05999755859375,71.5,72.73999786376953,63.47802734375,6863600
2019-02-08,72.16000366210938,73.4800033569336,72.12000274658203,73.33000183105469,63.992897033691406,6063700
2019-02-11,73.4800033569336,73.83999633789062,73.29000091552734,73.54000091552734,64.1761474609375,4782700
2019-02-12,73.98999786376953,75.2300033569336,73.72000122070312,75.05999755859375,65.50260925292969,7039700
2019-02-13,75.04000091552734,75.2699966430664,74.05999755859375,74.37999725341797,64.90921020507812,5696300
2019-02-14,74.08000183105469,74.36000061035156,73.73999786376953,73.97000122070312,64.55139923095703,4864500
2019-02-15,74.55999755859375,75.4000015258789,74.33000183105469,75.25,65.66842651367188,8083200
2019-02-19,75.16000366210938,75.56999969482422,74.72000122070312,75.0,65.45025634765625,4503500
2019-02-20,74.83000183105469,75.56999969482422,74.5999984741211,75.54000091552734,65.92150115966797,6316700
2019-02-21,75.11000061035156,75.47000122070312,74.66000366210938,75.13999938964844,65.57242584228516,5607000
2019-02-22,75.3499984741211,76.44999694824219,75.3499984741211,76.12999725341797,66.43637084960938,5296600
2019-02-25,76.38999938964844,77.05000305175781,76.23999786376953,76.86000061035156,67.07343292236328,5709600
2019-02-26,76.58000183105469,77.12000274658203,76.37999725341797,76.75,66.97742462158203,5295400
2019-02-27,76.44999694824219,77.33000183105469,76.33000183105469,77.2300033569336,67.39632415771484,5706500
2019-02-28,77.01000213623047,78.05999755859375,77.01000213623047,77.62000274658203,67.73664093017578,6762700
2019-03-01,77.98999786376953,78.73999786376953,77.68000030517578,78.58999633789062,68.5831298828125,5390100
2019-03-04,78.83999633789062,78.97000122070312,77.47000122070312,78.62000274658203,68.60932159423828,5962800
2019-03-05,78.55999755859375,78.91000366210938,78.12999725341797,78.22000122070312,68.26026153564453,6547500
2019-03-06,78.11000061035156,78.22000122070312,77.5199966430664,77.69999694824219,67.80648040771484,4182100
2019-03-07,77.69000244140625,77.94999694824219,76.61000061035156,76.80000305175781,67.02106475830078,5292600
2019-03-08,76.3499984741211,76.68000030517578,75.86000061035156,76.62999725341797,66.87271118164062,3895400
2019-03-11,76.91999816894531,77.8499984741211,76.69999694824219,77.80999755859375,67.90245819091797,4254600
2019-03-12,77.98999786376953,78.4800033569336,77.62999725341797,78.23999786376953,68.2777099609375,4241200
2019-03-13,78.66999816894531,79.1500015258789,78.06999969482422,78.62000274658203,68.60932159423828,6479200
2019-03-14,78.5,79.06999969482422,78.13999938964844,78.9800033569336,68.92349243164062,5734500
2019-03-15,79.02999877929688,80.1500015258789,78.91999816894531,79.86000061035156,69.69144439697266,11989400
2019-03-18,79.94999694824219,79.94999694824219,77.97000122070312,78.83000183105469,68.7925796508789,7671100
2019-03-19,79.18000030517578,80.25,79.0199966430664,79.95999908447266,69.77869415283203,6048600
2019-03-20,79.87000274658203,80.43000030517578,79.11000061035156,79.94000244140625,69.76123809814453,5388800
2019-03-21,79.44999694824219,80.48999786376953,79.31999969482422,80.05999755859375,69.86597442626953,5899100
2019-03-22,79.80999755859375,80.0,77.69000244140625,77.97000122070312,68.04207611083984,7532900
2019-03-25,77.80999755859375,78.66999816894531,77.62000274658203,78.2300033569336,68.26898956298828,3844500
2019-03-26,78.88999938964844,79.51000213623047,78.68000030517578,79.0,68.94094848632812,3596400
2019-03-27,79.0,79.30999755859375,77.88999938964844,78.7300033569336,68.70532989501953,4101900
2019-03-28,79.16000366210938,79.66000366210938,78.72000122070312,79.44000244140625,69.32492065429688,5675900
2019-03-29,79.86000061035156,79.98999786376953,79.11000061035156,79.94000244140625,69.76123809814453,5891200
2019-04-01,80.66999816894531,80.73999786376953,79.20999908447266,79.66000366210938,69.51689147949219,4842000
2019-04-02,79.83000183105469,79.83000183105469,79.06999969482422,79.62000274658203,69.48197937011719,3717900
2019-04-03,79.97000122070312,80.0,79.1500015258789,79.5,69.37726593017578,3973700
2019-04-04,79.47000122070312,79.51000213623047,78.0,78.62000274658203,68.60932159423828,4671200
2019-04-05,78.9000015258789,79.36000061035156,78.38999938964844,79.0,68.94094848632812,3434500
2019-04-08,78.91000366210938,78.91000366210938,77.94999694824219,78.5199966430664,68.52202606201172,5178900
2019-04-09,78.23999786376953,78.95999908447266,78.05999755859375,78.66999816894531,68.65294647216797,4836700
2019-04-10,78.72000122070312,79.41999816894531,78.55999755859375,78.97000122070312,68.91476440429688,5604600
2019-04-11,79.19000244140625,79.2300033569336,78.3499984741211,78.51000213623047,68.51335144042969,4432100
2019-04-12,78.37000274658203,78.8499984741211,77.81999969482422,78.01000213623047,68.3556137084961,5482000
2019-04-15,78.11000061035156,78.45999908447266,77.45999908447266,77.5,67.9087142944336,6095100
2019-04-16,77.94000244140625,78.69999694824219,76.05999755859375,76.37999725341797,66.92733001708984,6227800
2019-04-17,76.18000030517578,76.29000091552734,72.36000061035156,72.87999725341797,63.86050033569336,11212400
2019-04-18,73.63999938964844,74.9000015258789,72.75,73.91999816894531,64.77177429199219,9712200
2019-04-22,73.12999725341797,74.5999984741211,73.0,74.51000213623047,65.28874206542969,5810700
2019-04-23,74.62999725341797,76.41000366210938,74.43000030517578,76.0999984741211,66.6819839477539,6823500
2019-04-24,76.05000305175781,76.87000274658203,75.66999816894531,76.75,67.25154876708984,6238400
2019-04-25,76.62000274658203,78.18000030517578,76.37000274658203,78.11000061035156,68.4432373046875,6011700
2019-04-26,78.45999908447266,78.56999969482422,77.52999877929688,78.55999755859375,68.8375244140625,4286500
2019-04-29,78.55999755859375,78.62999725341797,77.58000183105469,78.2699966430664,68.58341217041016,4355000
2019-04-30,78.2699966430664,79.69000244140625,77.93000030517578,79.55999755859375,69.71379852294922,5514100
2019-05-01,79.3499984741211,79.47000122070312,78.29000091552734,78.73999786376953,68.99526977539062,6702300
2019-05-02,78.41999816894531,78.87000274658203,77.91000366210938,78.77999877929688,69.03031158447266,5112200
2019-05-03,78.83000183105469,79.12999725341797,78.26000213623047,78.69000244140625,68.9514389038086,5452700
2019-05-06,77.41999816894531,79.16999816894531,77.3499984741211,79.06999969482422,69.28440856933594,4006700
2019-05-07,78.5,78.87000274658203,76.19999694824219,76.91000366210938,67.3917465209961,5322500
2019-05-08,76.93000030517578,76.97000122070312,76.13999938964844,76.22000122070312,66.7871322631836,4362800
2019-05-09,75.66000366210938,76.4800033569336,74.87999725341797,76.41999816894531,66.96236419677734,3736700
2019-05-10,76.20999908447266,76.66000366210938,74.54000091552734,76.44999694824219,66.9886703491211,3993500
2019-05-13,75.16999816894531,75.79000091552734,74.95999908447266,75.5,66.15624237060547,5166700
2019-05-14,75.63999938964844,76.7699966430664,75.62999725341797,76.02999877929688,66.62065124511719,5319300
2019-05-15,75.5,77.0199966430664,75.22000122070312,76.51000213623047,67.0412368774414,4385500
2019-05-16,76.5199966430664,77.37000274658203,76.16999816894531,76.5999984741211,67.12010955810547,6098100
2019-05-17,76.29000091552734,77.20999908447266,75.95999908447266,75.97000122070312,66.56806945800781,5169300
2019-05-20,75.5999984741211,75.95999908447266,75.19999694824219,75.7699966430664,66.39282989501953,4493100
2019-05-21,76.55999755859375,76.81999969482422,76.0199966430664,76.02999877929688,66.62065124511719,3819700
2019-05-22,76.13999938964844,76.58999633789062,75.8499984741211,76.26000213623047,66.82217407226562,3062700
2019-05-23,76.13999938964844,76.13999938964844,75.31999969482422,75.62999725341797,66.2701416015625,5507000
2019-05-24,76.0199966430664,77.08000183105469,75.95999908447266,76.9800033569336,67.45307922363281,4866300
2019-05-28,77.02999877929688,77.9800033569336,75.68000030517578,75.70999908447266,66.34024047851562,5418600
2019-05-29,75.37000274658203,75.97000122070312,74.94000244140625,75.66999816894531,66.30519104003906,4013100
2019-05-30,76.01000213623047,76.58999633789062,75.87000274658203,76.5199966430664,67.05001068115234,3600300
2019-05-31,75.97000122070312,76.5199966430664,75.5999984741211,76.12999725341797,66.70825958251953,6570800
2019-06-03,76.25,76.79000091552734,75.44000244140625,75.70999908447266,66.34024047851562,6286500
2019-06-04,76.25,77.61000061035156,76.16000366210938,77.45999908447266,67.8736572265625,5836000
2019-06-05,77.83999633789062,78.8499984741211,77.83000183105469,78.69000244140625,68.9514389038086,5286200
2019-06-06,78.8499984741211,80.43000030517578,78.63999938964844,80.08999633789062,70.17820739746094,5966700
2019-06-07,80.48999786376953,81.16000366210938,80.30000305175781,80.73999786376953,70.74772644042969,5136400
2019-06-10,81.0,81.5,80.44000244140625,81.2699966430664,71.2121353149414,3927100
2019-06-11,81.79000091552734,82.0,80.62999725341797,81.12000274658203,71.08071899414062,3905500
2019-06-12,81.29000091552734,81.97000122070312,81.26000213623047,81.94999694824219,71.80797576904297,3332300
2019-06-13,81.9800033569336,82.33000183105469,81.75,82.29000091552734,72.10592651367188,5220400
2019-06-14,82.16999816894531,82.86000061035156,82.0199966430664,82.22000122070312,72.0445785522461,4771100
2019-06-17,82.38999938964844,82.58000183105469,81.66999816894531,82.05000305175781,71.89562225341797,4095900
2019-06-18,82.44999694824219,83.58999633789062,81.91999816894531,83.41999816894531,73.09607696533203,6253000
2019-06-19,83.4000015258789,84.5,83.05000305175781,84.33000183105469,73.89344787597656,4113400
2019-06-20,84.83999633789062,85.31999969482422,84.31999969482422,84.94000244140625,74.42796325683594,6436400
2019-06-21,85.36000061035156,85.36000061035156,84.41000366210938,85.0,74.48052978515625,8855400
2019-06-24,84.77999877929688,85.33000183105469,84.63999938964844,84.70999908447266,74.22643280029297,4531600
2019-06-25,84.94000244140625,85.44999694824219,84.23999786376953,84.23999786376953,73.81458282470703,4915300
2019-06-26,84.05000305175781,84.37000274658203,82.62999725341797,82.95999908447266,72.6929931640625,5731400
2019-06-27,83.38999938964844,83.9800033569336,83.06999969482422,83.69000244140625,73.33265686035156,4111600
2019-06-28,83.81999969482422,84.26000213623047,83.12000274658203,84.0999984741211,73.6919174194336,16436700
2019-07-01,84.73999786376953,84.9800033569336,83.75,84.48999786376953,74.03363037109375,4527600
2019-07-02,84.75,84.95999908447266,84.1500015258789,84.94999694824219,74.43671417236328,4023300
2019-07-03,85.05000305175781,85.6500015258789,84.91999816894531,85.63999938964844,75.04130554199219,2437500
2019-07-05,85.16000366210938,85.5,84.63999938964844,85.41999816894531,74.84854888916016,3784700
2019-07-08,85.27999877929688,85.27999877929688,84.69000244140625,85.08999633789062,74.55937957763672,3591100
2019-07-09,84.95999908447266,85.37000274658203,84.81999969482422,85.2699966430664,74.71710968017578,3126000
2019-07-10,85.68000030517578,85.87999725341797,85.1500015258789,85.37999725341797,74.8134765625,4315900
2019-07-11,85.6500015258789,85.98999786376953,85.19000244140625,85.7699966430664,75.15522766113281,3653600
2019-07-12,85.27999877929688,85.44000244140625,83.05999755859375,83.91999816894531,73.8095703125,5667200
2019-07-15,83.80999755859375,84.23999786376953,83.41000366210938,83.80999755859375,73.71280670166016,5177700
2019-07-16,84.11000061035156,84.23999786376953,82.9000015258789,83.16000366210938,73.14112854003906,3886700
2019-07-17,85.88999938964844,86.75,85.43000030517578,85.76000213623047,75.42788696289062,9381400
2019-07-18,86.23999786376953,87.83999633789062,85.31999969482422,87.76000213623047,77.18693542480469,8311600
2019-07-19,88.29000091552734,88.33000183105469,87.44999694824219,87.48999786376953,76.94944763183594,5824000
2019-07-22,87.36000061035156,88.70999908447266,87.2699966430664,88.06999969482422,77.45960235595703,6566100
2019-07-23,88.0999984741211,88.76000213623047,87.52999877929688,88.73999786376953,78.04885864257812,4049100
2019-07-24,88.44999694824219,88.69000244140625,87.58999633789062,88.58999633789062,77.91693115234375,3879100
2019-07-25,88.2699966430664,88.47000122070312,87.73999786376953,88.0,77.39801025390625,4671200
2019-07-26,88.3499984741211,88.62000274658203,87.30000305175781,87.75,77.17813110351562,4177700
2019-07-29,88.05999755859375,88.62000274658203,87.37999725341797,88.55000305175781,77.88176727294922,3623900
2019-07-30,88.18000030517578,88.7300033569336,87.8499984741211,88.30999755859375,77.6706771850586,2864700
2019-07-31,88.18000030517578,88.4000015258789,86.37000274658203,87.0999984741211,76.60646057128906,6197200
2019-08-01,87.18000030517578,88.05999755859375,85.63999938964844,86.08000183105469,75.7093276977539,7022000
2019-08-02,85.94999694824219,86.19999694824219,84.73999786376953,85.81999969482422,75.48065948486328,4756400
2019-08-05,84.7300033569336,84.87999725341797,82.41999816894531,83.16000366210938,73.14112854003906,6253800
2019-08-06,83.80999755859375,84.88999938964844,83.68000030517578,84.86000061035156,74.63630676269531,4422500
2019-08-07,83.80000305175781,85.0,82.30999755859375,84.5999984741211,74.40765380859375,5502600
2019-08-08,85.11000061035156,86.2699966430664,85.01000213623047,85.55999755859375,75.25196838378906,6439300
2019-08-09,85.62999725341797,87.05000305175781,85.43000030517578,86.62000274658203,76.18428039550781,5102700
2019-08-12,86.38999938964844,86.51000213623047,84.33000183105469,84.66000366210938,74.46041870117188,3650800
2019-08-13,85.31999969482422,87.0999984741211,84.9800033569336,86.88999938964844,76.42172241210938,4808300
2019-08-14,85.87999725341797,86.30999755859375,83.91000366210938,83.94000244140625,73.82717895507812,4106200
2019-08-15,84.16000366210938,84.7300033569336,83.5199966430664,83.94000244140625,73.82717895507812,4952600
2019-08-16,84.73999786376953,85.08000183105469,84.2699966430664,84.77999877929688,74.56594848632812,5786300
2019-08-19,85.79000091552734,86.12999725341797,85.33000183105469,85.55999755859375,75.25196838378906,4579800
2019-08-20,85.94999694824219,86.01000213623047,84.4800033569336,84.54000091552734,74.3548812866211,3322400
2019-08-21,85.05000305175781,85.1500015258789,84.29000091552734,84.9000015258789,74.6715087890625,3894300
2019-08-22,84.91999816894531,85.30999755859375,83.63999938964844,84.37000274658203,74.20535278320312,3207000
2019-08-23,83.83999633789062,84.25,81.36000061035156,81.93000030517578,72.05934143066406,6228400
2019-08-26,82.61000061035156,83.18000030517578,82.0199966430664,83.12000274658203,73.1059341430664,3521200
2019-08-27,83.81999969482422,84.19999694824219,83.22000122070312,83.6500015258789,73.57209014892578,4845200
2019-08-28,83.19999694824219,84.26000213623047,83.05999755859375,84.22000122070312,74.07341003417969,3889500
2019-08-29,85.0,85.11000061035156,84.47000122070312,84.81999969482422,74.60115051269531,3758600
2019-08-30,85.47000122070312,85.62000274658203,84.62999725341797,85.31999969482422,75.04087829589844,3627900
2019-09-03,84.43000030517578,84.63999938964844,83.26000213623047,84.05999755859375,73.93270874023438,4060600
2019-09-04,84.5,84.69999694824219,83.77999877929688,84.22000122070312,74.07341003417969,3673100
2019-09-05,85.0,86.16000366210938,84.55999755859375,85.9000015258789,75.55101013183594,4356400
2019-09-06,86.2300033569336,86.43000030517578,85.5999984741211,86.04000091552734,75.67416381835938,4451300
2019-09-09,86.33999633789062,86.43000030517578,83.87000274658203,84.22000122070312,74.07341003417969,4444600
2019-09-10,83.44000244140625,83.4800033569336,81.0199966430664,83.20999908447266,73.18511962890625,5613100
2019-09-11,82.44999694824219,84.55999755859375,82.25,84.5199966430664,74.3372802734375,4458900
2019-09-12,85.02999877929688,85.98999786376953,84.91000366210938,85.20999908447266,74.94414520263672,3517500
2019-09-13,85.30000305175781,85.36000061035156,83.88999938964844,84.2699966430664,74.11740112304688,3633200
2019-09-16,83.91000366210938,83.91000366210938,83.02999877929688,83.36000061035156,73.31705474853516,3991200
2019-09-17,83.4000015258789,84.5,83.20999908447266,83.58000183105469,73.51052856445312,3578300
2019-09-18,83.58000183105469,84.16000366210938,82.8499984741211,83.63999938964844,73.56330871582031,2767500
2019-09-19,83.83000183105469,84.25,83.0999984741211,83.2300033569336,73.20270538330078,3392900
2019-09-20,83.51000213623047,83.87999725341797,82.87000274658203,83.58000183105469,73.51052856445312,7130100
2019-09-23,83.43000030517578,83.72000122070312,83.12999725341797,83.16000366210938,73.14112854003906,2279900
2019-09-24,83.66000366210938,84.02999877929688,82.22000122070312,82.44000244140625,72.50787353515625,3525400
2019-09-25,82.4000015258789,83.05000305175781,82.0999984741211,82.86000061035156,72.87725830078125,2795100
2019-09-26,83.27999877929688,83.37999725341797,82.08999633789062,82.66000366210938,72.7013931274414,3265200
2019-09-27,83.04000091552734,83.33999633789062,81.41999816894531,81.83999633789062,71.98017120361328,3396600
2019-09-30,82.19000244140625,84.38999938964844,82.19000244140625,83.66999816894531,73.5896987915039,4340900
2019-10-01,84.02999877929688,84.7699966430664,81.7699966430664,81.83999633789062,71.98017120361328,4436700
2019-10-02,81.4000015258789,81.55000305175781,78.7699966430664,79.52999877929688,69.94847869873047,5547100
2019-10-03,79.25,81.12999725341797,78.7699966430664,81.06999969482422,71.30291748046875,3956000
2019-10-04,81.30000305175781,82.31999969482422,81.29000091552734,81.98999786376953,72.11209106445312,3390100
2019-10-07,81.4000015258789,81.9800033569336,80.97000122070312,81.04000091552734,71.27652740478516,2673200
2019-10-08,80.55999755859375,80.55999755859375,78.51000213623047,78.51000213623047,69.05136108398438,5924200
2019-10-09,79.30999755859375,79.80999755859375,78.87999725341797,79.5,69.92206573486328,4008500
2019-10-10,79.08999633789062,80.45999908447266,79.06999969482422,80.13999938964844,70.48500061035156,5085000
2019-10-11,80.7300033569336,81.33000183105469,79.55000305175781,79.62999725341797,70.31719207763672,4423000
2019-10-14,79.69000244140625,80.19000244140625,79.41999816894531,79.81999969482422,70.48500061035156,4228500
2019-10-15,80.69999694824219,82.75,80.69999694824219,81.9800033569336,72.39237213134766,6429100
2019-10-16,81.36000061035156,83.69000244140625,79.6500015258789,81.77999877929688,72.21576690673828,10707400
2019-10-17,81.5199966430664,83.0,81.47000122070312,82.37999725341797,72.74556732177734,4172800
2019-10-18,82.41000366210938,83.31999969482422,82.02999877929688,82.79000091552734,73.10761260986328,5219800
2019-10-21,83.13999938964844,83.27999877929688,81.5199966430664,81.6500015258789,72.10093688964844,5487900
2019-10-22,81.80999755859375,82.27999877929688,80.5,80.54000091552734,71.12075805664062,4764000
2019-10-23,80.69000244140625,81.5999984741211,80.41000366210938,81.2699966430664,71.765380859375,4308300
2019-10-24,81.58999633789062,82.08999633789062,81.20999908447266,81.36000061035156,71.84485626220703,4470900
2019-10-25,81.44999694824219,81.97000122070312,81.08000183105469,81.6500015258789,72.10093688964844,4872800
2019-10-28,81.80000305175781,82.88999938964844,81.76000213623047,82.66000366210938,72.99285125732422,4768800
2019-10-29,82.44999694824219,83.87000274658203,82.29000091552734,83.44999694824219,73.6904296875,4614900
2019-10-30,83.31999969482422,84.08999633789062,82.9000015258789,84.01000213623047,74.1849594116211,3534800
2019-10-31,83.7699966430664,84.3499984741211,82.91999816894531,83.61000061035156,73.83174896240234,4614000
2019-11-01,84.08999633789062,84.29000091552734,82.61000061035156,82.66000366210938,72.99285125732422,5119100
2019-11-04,83.04000091552734,83.20999908447266,82.22000122070312,82.22000122070312,72.60429382324219,5508000
2019-11-05,82.87000274658203,82.9000015258789,80.9000015258789,82.33999633789062,72.71024322509766,8238800
2019-11-06,82.5,83.44000244140625,82.37999725341797,83.12000274658203,73.39900970458984,4489000
2019-11-07,83.12999725341797,83.58000183105469,82.91000366210938,83.38999938964844,73.63745880126953,6020400
2019-11-08,83.33000183105469,83.88999938964844,83.18000030517578,83.73999786376953,73.9465103149414,3462800
2019-11-11,83.30999755859375,83.9000015258789,83.30999755859375,83.76000213623047,73.96417999267578,3139100
2019-11-12,83.66000366210938,84.77999877929688,83.66000366210938,84.33999633789062,74.47635650634766,3701400
2019-11-13,83.95999908447266,84.41999816894531,83.2699966430664,84.22000122070312,74.3703842163086,3976900
2019-11-14,84.08999633789062,84.38999938964844,83.68000030517578,84.12000274658203,74.2820816040039,4474200
2019-11-15,84.66999816894531,85.70999908447266,84.4000015258789,85.70999908447266,75.6861343383789,5453500
2019-11-18,85.70999908447266,85.9000015258789,84.0199966430664,84.26000213623047,74.40571594238281,5812300
2019-11-19,84.62000274658203,84.63999938964844,83.9000015258789,84.29000091552734,74.43219757080078,4152100
2019-11-20,84.33999633789062,84.7300033569336,83.19999694824219,83.88999938964844,74.0789794921875,5416200
2019-11-21,83.72000122070312,83.80000305175781,82.36000061035156,83.68000030517578,73.89353942871094,5211400
2019-11-22,83.94999694824219,84.0199966430664,82.79000091552734,83.73999786376953,73.9465103149414,3964600
2019-11-25,83.91000366210938,84.80999755859375,83.87999725341797,84.48999786376953,74.60881042480469,5704000
2019-11-26,84.6500015258789,85.56999969482422,84.31999969482422,85.41999816894531,75.4300537109375,8764100
2019-11-27,85.97000122070312,85.97000122070312,85.16000366210938,85.41999816894531,75.4300537109375,2865400
2019-11-29,85.30000305175781,85.6500015258789,84.83999633789062,85.44999694824219,75.45654296875,2410900
2019-12-02,85.56999969482422,85.72000122070312,83.9800033569336,84.51000213623047,74.62647247314453,3801100
2019-12-03,83.58999633789062,84.41999816894531,83.2699966430664,84.36000061035156,74.4940185546875,2912400
2019-12-04,84.5,85.33999633789062,84.44000244140625,85.18000030517578,75.21810913085938,3953400
2019-12-05,85.12000274658203,85.41999816894531,84.33000183105469,85.23999786376953,75.27108764648438,3279900
2019-12-06,85.66999816894531,85.91000366210938,85.37999725341797,85.4800033569336,75.48304748535156,4104600
2019-12-09,85.12000274658203,85.41999816894531,83.83000183105469,83.87000274658203,74.06132507324219,4227000
2019-12-10,83.87999725341797,84.62999725341797,83.76000213623047,84.55999755859375,74.67061614990234,3904900
2019-12-11,84.62000274658203,85.04000091552734,84.20999908447266,84.91000366210938,74.97969818115234,2937500
2019-12-12,84.77999877929688,86.27999877929688,84.63999938964844,85.97000122070312,75.91571807861328,4155200
2019-12-13,85.77999877929688,86.70999908447266,85.77999877929688,86.3499984741211,76.25125885009766,3872000
2019-12-16,86.94999694824219,87.0999984741211,86.30000305175781,86.4000015258789,76.29544067382812,3843700
2019-12-17,86.58000183105469,87.30000305175781,86.0,87.05999755859375,76.87824249267578,5368500
2019-12-18,87.08000183105469,87.2699966430664,86.61000061035156,86.93000030517578,76.76345825195312,5831100
2019-12-19,86.73999786376953,87.3499984741211,86.48999786376953,87.3499984741211,77.13432312011719,4643700
2019-12-20,88.98999786376953,89.23999786376953,86.62999725341797,86.66000366210938,76.52501678466797,11606500
2019-12-23,86.30999755859375,87.45999908447266,86.27999877929688,87.3499984741211,77.13432312011719,4067800
2019-12-24,87.37000274658203,87.4800033569336,86.9800033569336,87.27999877929688,77.072509765625,1067700
2019-12-26,87.20999908447266,87.5199966430664,86.87999725341797,87.27999877929688,77.072509765625,2033100
2019-12-27,87.48999786376953,87.75,87.0199966430664,87.4000015258789,77.1784896850586,2508100
2019-12-30,87.5199966430664,87.79000091552734,86.61000061035156,86.80000305175781,76.64866638183594,2706100
2019-12-31,86.5,86.98999786376953,86.2699966430664,86.86000061035156,76.70164489746094,3261100
2020-01-02,86.05999755859375,86.95999908447266,85.80000305175781,86.94999694824219,76.7811050415039,4969000
2020-01-03,85.75,86.66999816894531,85.58999633789062,85.88999938964844,75.8450927734375,4747000
2020-01-06,85.62000274658203,86.36000061035156,85.20999908447266,86.33999633789062,76.24244689941406,5631700
2020-01-07,85.7699966430664,86.30000305175781,85.54000091552734,85.86000061035156,75.8185806274414,3408100
2020-01-08,86.23999786376953,86.66000366210938,85.93000030517578,86.20999908447266,76.12767028808594,5693900
2020-01-09,86.30000305175781,86.68000030517578,85.75,86.44000244140625,76.33073425292969,6432500
2020-01-10,86.79000091552734,86.98999786376953,85.16999816894531,85.36000061035156,75.37705993652344,4680400
2020-01-13,85.5,85.7300033569336,84.73999786376953,85.12000274658203,75.16514587402344,5571500
2020-01-14,84.12999725341797,86.0,84.01000213623047,85.73999786376953,76.03418731689453,8751400
2020-01-15,86.11000061035156,87.8499984741211,86.11000061035156,87.37999725341797,77.4885482788086,5389700
2020-01-16,87.94000244140625,88.30999755859375,87.41999816894531,88.27999877929688,78.28666687011719,5023300
2020-01-17,88.44999694824219,89.19999694824219,88.30999755859375,89.0,78.9251480102539,5879700
2020-01-21,88.86000061035156,90.04000091552734,88.61000061035156,89.7300033569336,79.5725326538086,7458100
2020-01-22,90.77999877929688,92.44999694824219,90.02999877929688,91.86000061035156,81.4614028930664,9841200
2020-01-23,91.80999755859375,91.8499984741211,90.16000366210938,90.7300033569336,80.45932006835938,7418400
2020-01-24,90.8499984741211,91.52999877929688,90.20999908447266,90.4000015258789,80.16667175292969,4218700
2020-01-27,89.11000061035156,90.0,88.88999938964844,89.58999633789062,79.44835662841797,4482200
2020-01-28,89.69999694824219,90.02999877929688,89.38999938964844,89.54000091552734,79.404052734375,4983700
2020-01-29,89.61000061035156,90.2300033569336,89.06999969482422,89.13999938964844,79.04930877685547,3914300
2020-01-30,88.29000091552734,89.20999908447266,87.97000122070312,89.16000366210938,79.06707763671875,5248100
2020-01-31,89.12999725341797,89.2300033569336,86.9000015258789,87.13999938964844,77.27571105957031,5914100
2020-02-03,87.77999877929688,88.4000015258789,86.75,87.05999755859375,77.20476531982422,4675900
2020-02-04,88.1500015258789,89.25,88.1500015258789,88.2300033569336,78.24234008789062,3904600
2020-02-05,88.87000274658203,89.61000061035156,88.55000305175781,89.55999755859375,79.42174530029297,3565700
2020-02-06,90.0,90.08000183105469,89.25,89.47000122070312,79.34196472167969,4270700
2020-02-07,89.2300033569336,89.51000213623047,87.68000030517578,87.87000274658203,77.92308044433594,4472300
2020-02-10,87.20999908447266,88.30000305175781,87.20999908447266,88.30000305175781,78.30439758300781,4219400
2020-02-11,88.63999938964844,89.41000366210938,88.52999877929688,89.16999816894531,79.07592010498047,2661900
2020-02-12,89.55999755859375,89.58999633789062,88.58000183105469,88.79000091552734,78.73895263671875,3389400
2020-02-13,88.5,89.04000091552734,87.69999694824219,88.68000030517578,78.64140319824219,4448800
2020-02-14,88.87000274658203,89.70999908447266,88.30999755859375,89.66000366210938,79.51044464111328,3919800
2020-02-18,89.41999816894531,89.48999786376953,88.30999755859375,88.87999725341797,78.8187255859375,4492300
2020-02-19,88.83000183105469,89.93000030517578,88.69000244140625,89.36000061035156,79.2444076538086,3464900
2020-02-20,89.0999984741211,89.55999755859375,88.04000091552734,88.45999908447266,78.44629669189453,3657500
2020-02-21,88.04000091552734,88.25,87.16000366210938,87.44999694824219,77.55061340332031,5570900
2020-02-24,85.44999694824219,85.66999816894531,84.06999969482422,84.62999725341797,75.04984283447266,5667200
2020-02-25,84.93000030517578,85.37000274658203,80.77999877929688,81.12999725341797,71.946044921875,7021800
2020-02-26,82.12999725341797,82.87999725341797,81.11000061035156,81.36000061035156,72.1500015258789,7380100
2020-02-27,80.4000015258789,82.02999877929688,79.16000366210938,79.19000244140625,70.22566223144531,8657200
2020-02-28,77.12000274658203,78.16000366210938,74.0199966430664,77.02999877929688,68.31016540527344,16671900
2020-03-02,77.87999725341797,81.68000030517578,77.25,81.61000061035156,72.37171173095703,11483600
2020-03-03,81.58000183105469,83.5,77.26000213623047,77.98999786376953,69.16149139404297,9510600
2020-03-04,80.66000366210938,82.33000183105469,79.45999908447266,82.08999633789062,72.79736328125,8660000
2020-03-05,80.29000091552734,81.47000122070312,79.12999725341797,80.5199966430664,71.40509033203125,9288700
2020-03-06,78.5999984741211,82.30000305175781,78.08999633789062,81.73999786376953,72.48699951171875,10647600
2020-03-09,76.61000061035156,79.33999633789062,75.0999984741211,77.0199966430664,68.3012924194336,10285000
2020-03-10,79.2300033569336,81.0,75.93000030517578,80.87999725341797,71.72435760498047,9417400
2020-03-11,78.52999877929688,79.06999969482422,76.3499984741211,78.08999633789062,69.25017547607422,11534200
2020-03-12,73.27999877929688,78.1500015258789,72.01000213623047,74.73999786376953,66.2793960571289,13876300
2020-03-13,77.91000366210938,82.66999816894531,74.83000183105469,81.6500015258789,72.40717315673828,18316900
2020-03-16,70.6500015258789,79.25,70.0,73.66000366210938,65.32164764404297,14358900
2020-03-17,75.5199966430664,79.79000091552734,73.33999633789062,79.48999786376953,70.49170684814453,13315300
2020-03-18,74.9800033569336,81.98999786376953,74.38999938964844,79.26000213623047,70.28773498535156,17541100
2020-03-19,81.36000061035156,81.80999755859375,73.55000305175781,74.5,66.06656646728516,14476000
2020-03-20,74.05000305175781,74.86000061035156,67.94999694824219,68.0,60.30237579345703,15131400
2020-03-23,67.06999969482422,67.48999786376953,61.61000061035156,62.81999969482422,55.70874786376953,13037100
2020-03-24,64.91000366210938,69.97000122070312,64.5,69.69000244140625,61.801055908203125,10903700
2020-03-25,68.94999694824219,72.62999725341797,68.1500015258789,70.75,62.74107360839844,9351000
2020-03-26,71.08000183105469,75.97000122070312,71.0,75.80999755859375,67.228271484375,10530500
2020-03-27,77.5,77.5,73.61000061035156,74.55999755859375,66.1197738647461,8360600
2020-03-30,82.83000183105469,84.4000015258789,78.47000122070312,79.33999633789062,70.3586654663086,47540200
2020-03-31,81.43000030517578,81.48999786376953,78.55999755859375,78.91000366210938,69.97735595703125,23792300
2020-04-01,77.0,77.37999725341797,75.3499984741211,76.56999969482422,67.90225982666016,12208300
2020-04-02,76.12000274658203,79.66000366210938,76.0,79.44000244140625,70.44735717773438,10167900
2020-04-03,78.79000091552734,79.98999786376953,78.18000030517578,79.44999694824219,70.45622253417969,9139400
2020-04-06,81.08000183105469,83.12000274658203,79.61000061035156,82.7300033569336,73.36494445800781,12373800
2020-04-07,83.44999694824219,84.4800033569336,81.7699966430664,81.93000030517578,72.65548706054688,10872100
2020-04-08,82.5,85.38999938964844,81.05000305175781,84.94999694824219,75.33362579345703,9266400
2020-04-09,85.0,86.5,82.94999694824219,86.04000091552734,76.30021667480469,10466800
2020-04-13,86.31999969482422,86.4800033569336,83.5199966430664,85.8499984741211,76.1317367553711,6665800
2020-04-14,87.0,89.54000091552734,86.5,89.13999938964844,79.38219451904297,9861300
2020-04-15,90.01000213623047,91.9000015258789,88.51000213623047,90.94000244140625,80.98515319824219,14128000
2020-04-16,92.5999984741211,96.98999786376953,91.13999938964844,96.0,85.49125671386719,27036500
2020-04-17,97.44999694824219,97.75,94.23999786376953,96.01000213623047,85.50016021728516,16074800
2020-04-20,94.81999969482422,100.0,94.6500015258789,98.0,87.2723159790039,17251400
2020-04-21,96.0999984741211,96.97000122070312,93.62000274658203,94.05000305175781,83.75471496582031,12030300
2020-04-22,94.27999877929688,95.9800033569336,92.79000091552734,95.4800033569336,85.0281753540039,8369000
2020-04-23,95.87000274658203,97.44999694824219,93.3499984741211,93.94000244140625,83.65675354003906,10567500
2020-04-24,94.5,94.58000183105469,92.77999877929688,94.05999755859375,83.76361083984375,9016100
2020-04-27,95.4800033569336,95.9000015258789,94.0199966430664,94.94999694824219,84.5561752319336,6838200
2020-04-28,94.87999725341797,95.1500015258789,91.33999633789062,91.45999908447266,81.44823455810547,7805500
2020-04-29,92.08999633789062,93.05000305175781,91.06999969482422,92.27999877929688,82.17847442626953,7068300
2020-04-30,91.8499984741211,93.7699966430664,91.8499984741211,92.08999633789062,82.00926208496094,7978300
2020-05-01,91.0,91.36000061035156,88.75,89.8499984741211,80.01445770263672,6839800
2020-05-04,89.79000091552734,90.16000366210938,88.70999908447266,89.83000183105469,79.99665832519531,5036800
2020-05-05,90.94999694824219,93.66000366210938,90.38999938964844,93.02999877929688,82.84636688232422,6747900
2020-05-06,93.1500015258789,93.43000030517578,91.02999877929688,91.08000183105469,81.10983276367188,4248400
2020-05-07,92.13999938964844,94.54000091552734,91.80999755859375,93.98999786376953,83.70128631591797,7255000
2020-05-08,94.83999633789062,94.94000244140625,92.9000015258789,93.69999694824219,83.44303131103516,6167600
2020-05-11,93.22000122070312,96.48999786376953,93.13999938964844,96.06999969482422,85.55357360839844,7239100
2020-05-12,96.45999908447266,96.68000030517578,93.7300033569336,93.80000305175781,83.53207397460938,5384200
2020-05-13,93.2699966430664,94.66999816894531,90.83999633789062,92.16000366210938,82.07162475585938,11622500
2020-05-14,90.5,91.77999877929688,89.33999633789062,91.77999877929688,81.73320007324219,8189200
2020-05-15,89.95999908447266,91.16000366210938,88.79000091552734,89.88999938964844,80.0500717163086,13609400
2020-05-18,91.9000015258789,93.0,90.0199966430664,90.2699966430664,80.38849639892578,7646500
2020-05-19,90.33000183105469,90.5,88.11000061035156,88.22000122070312,78.56290435791016,7693100
2020-05-20,89.58000183105469,90.41999816894531,88.02999877929688,90.08999633789062,80.22819519042969,7488800
2020-05-21,89.63999938964844,90.61000061035156,88.37999725341797,90.38999938964844,80.49535369873047,6148300
2020-05-22,90.41999816894531,91.54000091552734,89.70999908447266,91.47000122070312,81.4571533203125,5184500
2020-05-26,92.94999694824219,93.29000091552734,89.16999816894531,89.4800033569336,79.68496704101562,6243800
2020-05-27,89.27999877929688,90.77999877929688,88.16999816894531,90.76000213623047,80.82483673095703,5420600
2020-05-28,91.94999694824219,93.33000183105469,91.20999908447266,92.0999984741211,82.0181655883789,5316300
2020-05-29,92.9000015258789,95.58999633789062,90.75,94.91999816894531,84.52948760986328,10138500
2020-06-01,92.94999694824219,93.95999908447266,92.04000091552734,93.01000213623047,82.82857513427734,5451600
2020-06-02,92.91999816894531,93.1500015258789,91.76000213623047,92.62000274658203,82.48123931884766,6394100
2020-06-03,92.55999755859375,92.69999694824219,90.55999755859375,91.4000015258789,81.39478302001953,8056300
2020-06-04,91.05000305175781,91.33999633789062,88.23999786376953,88.25,78.58960723876953,9113600
2020-06-05,88.47000122070312,89.95999908447266,87.31999969482422,89.86000061035156,80.02337646484375,11874500
2020-06-08,88.9800033569336,92.61000061035156,88.91000366210938,92.55999755859375,82.42781066894531,5426800
2020-06-09,92.31999969482422,92.81999969482422,90.23999786376953,90.2699966430664,80.38849639892578,4857400
2020-06-10,90.8499984741211,92.75,90.63999938964844,92.16000366210938,82.07162475585938,5829100
2020-06-11,92.16999816894531,92.5,86.94000244140625,87.77999877929688,78.17105102539062,8168300
2020-06-12,89.25,90.19000244140625,87.58999633789062,89.0199966430664,79.27532958984375,5590400
2020-06-15,87.5199966430664,90.3499984741211,87.05000305175781,89.55000305175781,79.74732971191406,5666000
2020-06-16,90.62000274658203,91.76000213623047,89.13999938964844,89.73999786376953,79.91651916503906,6143400
2020-06-17,90.41999816894531,91.66999816894531,90.0999984741211,90.9000015258789,80.94953918457031,4359100
2020-06-18,90.5,91.33999633789062,89.56999969482422,90.27999877929688,80.39740753173828,6022900
2020-06-19,91.66999816894531,92.4000015258789,90.61000061035156,90.68000030517578,80.75360107421875,9473300
2020-06-22,90.33000183105469,90.6500015258789,89.16000366210938,90.33999633789062,80.4508285522461,5072800
2020-06-23,91.11000061035156,92.30000305175781,90.79000091552734,91.30000305175781,81.30575561523438,4156900
2020-06-24,90.62999725341797,90.7300033569336,86.81999969482422,87.30000305175781,77.74361419677734,6141900
2020-06-25,87.23999786376953,89.80999755859375,86.16000366210938,89.62000274658203,79.80966186523438,5781100
2020-06-26,89.81999969482422,89.94999694824219,87.94000244140625,88.70999908447266,78.99927520751953,8522500
2020-06-29,89.58000183105469,89.69999694824219,88.08999633789062,89.01000213623047,79.26641845703125,4669300
2020-06-30,88.75,91.9000015258789,88.44000244140625,91.43000030517578,81.42152404785156,5220900
2020-07-01,91.9800033569336,91.9800033569336,90.43000030517578,91.63999938964844,81.60852813720703,3389600
2020-07-02,92.5,93.05999755859375,91.93000030517578,92.2300033569336,82.13394165039062,3845300
2020-07-06,92.76000213623047,93.97000122070312,92.44999694824219,92.97000122070312,82.79291534423828,5919100
2020-07-07,92.45999908447266,93.4000015258789,92.08999633789062,92.45999908447266,82.33876037597656,3389200
2020-07-08,92.83999633789062,93.66999816894531,91.5,92.58000183105469,82.44563293457031,3815300
2020-07-09,92.73999786376953,94.87999725341797,91.8499984741211,93.66999816894531,83.41630554199219,4576800
2020-07-10,93.47000122070312,93.80000305175781,92.31999969482422,93.04000091552734,82.85529327392578,2923200
2020-07-13,93.13999938964844,95.62000274658203,92.79000091552734,93.08999633789062,82.89979553222656,4297300
2020-07-14,92.63999938964844,94.9800033569336,91.70999908447266,94.81999969482422,84.76826477050781,4122800
2020-07-15,95.9000015258789,97.12999725341797,95.7699966430664,96.7300033569336,86.47575378417969,6205000
2020-07-16,97.8499984741211,97.98999786376953,94.29000091552734,96.4000015258789,86.18075561523438,7582200
2020-07-17,97.87000274658203,100.0,97.68000030517578,99.25,88.72860717773438,8315500
2020-07-20,100.0,100.70999908447266,98.72000122070312,99.08000183105469,88.57666015625,5677900
2020-07-21,98.87999725341797,99.4800033569336,97.76000213623047,98.19000244140625,87.7809829711914,5063500
2020-07-22,98.11000061035156,100.56999969482422,98.0,100.19000244140625,89.56897735595703,4662000
2020-07-23,100.27999877929688,101.9800033569336,100.06999969482422,100.81999969482422,90.13218688964844,5905800
2020-07-24,100.20999908447266,100.20999908447266,98.36000061035156,98.94999694824219,88.46043395996094,4534400
2020-07-27,98.55000305175781,100.27999877929688,98.41000366210938,99.98999786376953,89.39017486572266,3717900
2020-07-28,100.13999938964844,100.79000091552734,99.2699966430664,99.86000061035156,89.27395629882812,4114200
2020-07-29,100.18000030517578,102.88999938964844,100.08999633789062,102.5199966430664,91.6519775390625,4744200
2020-07-30,100.9800033569336,101.58000183105469,100.23999786376953,101.52999877929688,90.76692199707031,3176900
2020-07-31,101.20999908447266,101.37000274658203,99.12000274658203,100.63999938964844,89.97126007080078,4604000
2020-08-03,101.08000183105469,101.55000305175781,100.20999908447266,100.68000030517578,90.00702667236328,3670900
2020-08-04,100.16000366210938,100.68000030517578,99.27999877929688,99.93000030517578,89.33654022216797,2730600
2020-08-05,99.97000122070312,102.36000061035156,99.87999725341797,102.13999938964844,91.31226348876953,4415300
2020-08-06,101.5199966430664,101.80000305175781,99.91999816894531,101.75,90.9636001586914,3943000
2020-08-07,101.69999694824219,102.30000305175781,100.55999755859375,101.2300033569336,90.49873352050781,3141900
2020-08-10,100.94000244140625,101.26000213623047,100.02999877929688,100.04000091552734,89.43486022949219,2776300
2020-08-11,100.43000030517578,100.43000030517578,98.66999816894531,99.05999755859375,88.55875396728516,4823000
2020-08-12,99.55000305175781,101.0999984741211,99.31999969482422,100.6500015258789,89.98020935058594,2668900
2020-08-13,100.33999633789062,101.2699966430664,100.0,101.0999984741211,90.38250732421875,2951700
2020-08-14,100.93000030517578,101.22000122070312,99.58000183105469,99.98999786376953,89.39017486572266,2739900
2020-08-17,100.30000305175781,101.41999816894531,100.20999908447266,100.70999908447266,90.03385162353516,4657400
2020-08-18,101.08999633789062,101.72000122070312,100.43000030517578,100.95999908447266,90.25733947753906,3777600
2020-08-19,101.08000183105469,101.62000274658203,100.33000183105469,100.4800033569336,89.82823181152344,2716800
2020-08-20,99.98999786376953,102.0199966430664,99.75,101.62999725341797,90.85631561279297,3548600
2020-08-21,101.62999725341797,102.54000091552734,100.83999633789062,102.4000015258789,91.54471588134766,3585000
2020-08-24,102.69999694824219,103.2300033569336,100.69999694824219,101.38999938964844,90.64176177978516,3212700
2020-08-25,101.9800033569336,102.9000015258789,101.5199966430664,102.47000122070312,91.60726165771484,2626400
2020-08-26,101.98999786376953,103.29000091552734,101.26000213623047,103.19000244140625,92.25093078613281,2968800
2020-08-27,111.01000213623047,114.0,109.5199966430664,111.29000091552734,99.49226379394531,36319000
2020-08-28,113.54000091552734,114.19999694824219,109.41000366210938,110.79000091552734,99.04529571533203,17204000
2020-08-31,110.69999694824219,111.73999786376953,109.26000213623047,109.47000122070312,97.8652114868164,6943200
2020-09-01,108.93000030517578,109.06999969482422,105.58000183105469,106.55000305175781,95.2547607421875,7963100
2020-09-02,106.44999694824219,109.91000366210938,105.87999725341797,109.44000244140625,97.8384017944336,5843700
2020-09-03,108.69999694824219,108.94000244140625,104.30000305175781,105.52999877929688,94.34291076660156,6096900
2020-09-04,105.44999694824219,106.04000091552734,102.41999816894531,104.16000366210938,93.11811828613281,5027700
2020-09-08,103.16999816894531,103.81999969482422,102.43000030517578,102.83999633789062,91.93802642822266,5217700
2020-09-09,104.26000213623047,106.93000030517578,104.12999725341797,105.80999755859375,94.59320068359375,4365100
2020-09-10,105.5999984741211,105.5999984741211,103.7300033569336,104.0,92.97509002685547,4271200
2020-09-11,105.27999877929688,105.69999694824219,104.31999969482422,104.69999694824219,93.60088348388672,4111000
2020-09-14,105.58999633789062,106.66000366210938,105.12000274658203,105.69000244140625,94.48593139648438,3824100
2020-09-15,107.0,107.52999877929688,106.16999816894531,106.58000183105469,95.28157043457031,3654900
2020-09-16,106.94999694824219,107.37000274658203,105.66000366210938,105.69999694824219,94.49486541748047,4242500
2020-09-17,104.95999908447266,106.75,104.38999938964844,106.66000366210938,95.35310363769531,4283500
2020-09-18,106.55999755859375,107.98999786376953,106.13999938964844,106.86000061035156,95.5318832397461,7622400
2020-09-21,105.80000305175781,106.45999908447266,104.45999908447266,105.94999694824219,94.71836853027344,4559800
2020-09-22,105.45999908447266,105.5199966430664,103.56999969482422,104.80000305175781,93.69026184082031,4180300
2020-09-23,104.98999786376953,104.98999786376953,102.2300033569336,102.7300033569336,91.8397216796875,4040100
2020-09-24,102.75,103.52999877929688,100.47000122070312,100.91999816894531,90.22158813476562,7604000
2020-09-25,100.55999755859375,103.61000061035156,100.33999633789062,103.44999694824219,92.48339080810547,5060300
2020-09-28,104.23999786376953,105.25,103.81999969482422,104.44000244140625,93.3684310913086,5515500
2020-09-29,106.01000213623047,106.41000366210938,104.91999816894531,105.19000244140625,94.03893280029297,4464300
2020-09-30,105.98999786376953,109.4800033569336,105.73999786376953,108.83000183105469,97.2930679321289,9487000
2020-10-01,109.18000030517578,110.33000183105469,108.37999725341797,108.63999938964844,97.12320709228516,7242100
2020-10-02,107.68000030517578,108.66000366210938,106.33000183105469,106.5,95.21005249023438,5590500
2020-10-05,107.18000030517578,108.6500015258789,107.18000030517578,108.55999755859375,97.05167388916016,3603400
2020-10-06,108.55999755859375,108.7699966430664,106.05000305175781,106.25,94.9865493774414,3992600
2020-10-07,107.37000274658203,108.18000030517578,106.93000030517578,107.73999786376953,96.318603515625,4162400
2020-10-08,108.13999938964844,109.12999725341797,107.41999816894531,108.54000091552734,97.03379821777344,4168400
2020-10-09,109.33999633789062,109.97000122070312,108.80000305175781,109.6500015258789,98.02613067626953,3060700
2020-10-12,110.25,111.56999969482422,109.76000213623047,111.05000305175781,99.2777099609375,4201800
2020-10-13,110.5,110.98999786376953,108.25,108.37000274658203,96.88182830810547,4773600
2020-10-14,108.61000061035156,109.83000183105469,107.33999633789062,107.75,96.64861297607422,4191600
2020-10-15,106.8499984741211,107.73999786376953,106.30999755859375,107.31999969482422,96.26292419433594,3518500
2020-10-16,107.69999694824219,110.37999725341797,107.69999694824219,109.66999816894531,98.37078857421875,4363500
2020-10-19,109.9000015258789,111.04000091552734,107.81999969482422,108.04000091552734,96.90872192382812,4228500
2020-10-20,108.3499984741211,109.88999938964844,108.11000061035156,108.36000061035156,97.19575500488281,3873500
2020-10-21,108.01000213623047,109.0,104.75,105.93000030517578,95.01612854003906,5716000
2020-10-22,106.41999816894531,110.05000305175781,106.23999786376953,109.4800033569336,98.20037078857422,4953800
2020-10-23,109.63999938964844,110.0,107.56999969482422,107.79000091552734,96.68447875976562,3573000
2020-10-26,107.56999969482422,109.16000366210938,107.05000305175781,109.0,97.76982879638672,7298000
2020-10-27,108.88999938964844,109.75,108.33000183105469,108.58000183105469,97.39312744140625,4518000
2020-10-28,106.80999755859375,107.41000366210938,105.37999725341797,106.41999816894531,95.45562744140625,7104700
2020-10-29,106.37999725341797,106.58000183105469,104.56999969482422,105.0,94.18193054199219,4237600
2020-10-30,104.76000213623047,105.55000305175781,103.12999725341797,105.11000061035156,94.28059387207031,4433200
2020-11-02,107.08999633789062,108.69999694824219,106.11000061035156,107.4800033569336,96.40643310546875,5907100
2020-11-03,108.73999786376953,110.80000305175781,108.36000061035156,109.55999755859375,98.27214050292969,3870100
2020-11-04,110.16999816894531,114.2300033569336,110.11000061035156,111.52999877929688,100.03915405273438,7421200
2020-11-05,113.51000213623047,114.83999633789062,112.72000122070312,113.52999877929688,101.83307647705078,5139900
2020-11-06,113.87999725341797,115.13999938964844,112.83999633789062,114.41999816894531,102.63140106201172,5644100
2020-11-09,111.80000305175781,113.20999908447266,106.19000244140625,109.38999938964844,98.11964416503906,13990700
2020-11-10,109.25,111.58999633789062,108.4000015258789,110.80999755859375,99.39331817626953,5243500
2020-11-11,111.94000244140625,112.94999694824219,111.47000122070312,112.6500015258789,101.04376220703125,3994000
2020-11-12,112.41000366210938,112.86000061035156,111.30000305175781,111.94999694824219,100.4158935546875,2816800
2020-11-13,113.0,113.08999633789062,111.41999816894531,112.5999984741211,100.99893188476562,3918900
2020-11-16,112.05000305175781,113.75,111.58999633789062,113.66999816894531,101.95867919921875,4144900
2020-11-17,113.22000122070312,114.62000274658203,112.33999633789062,113.05999755859375,101.41150665283203,3793000
2020-11-18,113.66999816894531,113.70999908447266,109.75,109.7699966430664,98.46048736572266,4545700
2020-11-19,110.0,111.19999694824219,109.26000213623047,111.0,99.56375122070312,3548100
2020-11-20,110.73999786376953,111.76000213623047,110.06999969482422,110.88999938964844,99.46509552001953,4075300
2020-11-23,111.43000030517578,111.5199966430664,108.86000061035156,109.2699966430664,98.01199340820312,4105500
2020-11-24,109.30999755859375,109.58999633789062,107.25,107.61000061035156,96.52302551269531,7316300
2020-11-25,107.05000305175781,108.4000015258789,105.62999725341797,106.41000366210938,95.44667053222656,6224100
2020-11-27,106.66999816894531,107.75,105.87000274658203,107.62000274658203,96.53201293945312,1979000
2020-11-30,107.7699966430664,108.55000305175781,107.08999633789062,108.22000122070312,97.0701904296875,5702300
2020-12-01,109.23999786376953,109.5999984741211,108.06999969482422,108.48999786376953,97.31236267089844,4265200
2020-12-02,108.30999755859375,108.62999725341797,107.36000061035156,108.1500015258789,97.00740814208984,3444700
2020-12-03,108.1500015258789,108.63999938964844,107.08000183105469,107.52999877929688,96.45126342773438,3846300
2020-12-04,107.08000183105469,108.2699966430664,106.93000030517578,107.9000015258789,96.78315734863281,4686800
2020-12-07,107.72000122070312,108.30000305175781,106.63999938964844,107.18000030517578,96.13733673095703,6928000
2020-12-08,106.80000305175781,107.23999786376953,106.20999908447266,106.80000305175781,95.7964859008789,6643500
2020-12-09,107.0999984741211,107.69000244140625,105.5199966430664,106.31999969482422,95.36593627929688,5742400
2020-12-10,106.76000213623047,107.08999633789062,106.04000091552734,106.5199966430664,95.54533386230469,4828500
2020-12-11,106.0999984741211,107.3499984741211,105.31999969482422,107.0199966430664,95.99382781982422,4719000
2020-12-14,107.5,109.16999816894531,106.7699966430664,106.79000091552734,95.78751373291016,6250000
2020-12-15,106.94000244140625,108.41000366210938,106.4000015258789,107.44999694824219,96.3794937133789,5256600
2020-12-16,107.44999694824219,108.20999908447266,106.61000061035156,107.33999633789062,96.28084564208984,4458700
2020-12-17,107.83000183105469,108.94000244140625,107.61000061035156,108.77999877929688,97.57249450683594,3924300
2020-12-18,108.8499984741211,109.61000061035156,107.48999786376953,108.97000122070312,97.742919921875,10669800
2020-12-21,107.55999755859375,108.18000030517578,105.37000274658203,108.08999633789062,96.95355987548828,4544000
2020-12-22,107.83000183105469,109.04000091552734,106.95999908447266,108.27999877929688,97.12400817871094,3426400
2020-12-23,108.87000274658203,109.68000030517578,107.43000030517578,107.44999694824219,96.3794937133789,3149500
2020-12-24,107.44000244140625,108.94999694824219,107.37999725341797,108.3499984741211,97.18680572509766,1451500
2020-12-28,108.95999908447266,109.0999984741211,107.26000213623047,107.79000091552734,96.68447875976562,2034200
2020-12-29,108.5,108.94000244140625,108.13999938964844,108.33000183105469,97.16883850097656,2834400
2020-12-30,108.69000244140625,109.12000274658203,107.83999633789062,108.44000244140625,97.26753234863281,2415800
2020-12-31,108.16999816894531,109.63999938964844,107.8499984741211,109.48999786376953,98.20932006835938,2982200
2021-01-04,109.52999877929688,110.25,107.26000213623047,109.11000061035156,97.86847686767578,6192000
2021-01-05,108.8499984741211,110.91000366210938,108.30000305175781,110.45999908447266,99.07941436767578,4322800
2021-01-06,108.94999694824219,111.02999877929688,108.58999633789062,110.2300033569336,98.87311553955078,5539600
2021-01-07,110.27999877929688,111.62000274658203,109.25,111.30000305175781,99.8328628540039,5568800
2021-01-08,111.66999816894531,112.55000305175781,110.33999633789062,111.61000061035156,100.11091613769531,4242200
2021-01-11,111.20999908447266,111.9800033569336,110.2300033569336,110.83999633789062,99.42024230957031,3177400
2021-01-12,110.5199966430664,110.72000122070312,108.33999633789062,108.83999633789062,97.62630462646484,5777100
2021-01-13,109.08999633789062,112.9000015258789,108.25,112.1500015258789,100.59526824951172,6047100
2021-01-14,111.20999908447266,111.66000366210938,109.75,110.04000091552734,99.10029602050781,4391000
2021-01-15,110.0,111.62000274658203,109.38999938964844,111.30000305175781,100.23505401611328,4480100
2021-01-19,111.73999786376953,113.12999725341797,110.5199966430664,112.56999969482422,101.3787841796875,6820300
2021-01-20,112.6500015258789,113.52999877929688,112.0,112.88999938964844,101.6669692993164,2952100
2021-01-21,112.25,113.54000091552734,110.26000213623047,112.94999694824219,101.72100067138672,5028100
2021-01-22,113.0,113.51000213623047,111.73999786376953,112.83999633789062,101.62193298339844,4163900
2021-01-25,113.05999755859375,115.4000015258789,113.01000213623047,114.72000122070312,103.31503295898438,4689300
2021-01-26,114.25,115.12000274658203,113.79000091552734,114.7300033569336,103.32405853271484,4142400
2021-01-27,115.19999694824219,117.77999877929688,113.5,114.29000091552734,102.92778778076172,9104900
2021-01-28,117.91000366210938,124.06999969482422,117.1500015258789,120.38999938964844,108.42134857177734,11296300
2021-01-29,120.25,124.72000122070312,119.70999908447266,123.58999633789062,111.30323791503906,10995100
2021-02-01,123.23999786376953,124.81999969482422,122.5,122.54000091552734,110.35760498046875,8337100
2021-02-02,123.4000015258789,123.72000122070312,120.2300033569336,120.23999786376953,108.28626251220703,7277000
2021-02-03,119.73999786376953,120.88999938964844,118.9000015258789,120.22000122070312,108.26824951171875,4991900
2021-02-04,119.83000183105469,120.87000274658203,118.79000091552734,119.73999786376953,107.8359603881836,4377900
2021-02-05,120.43000030517578,124.31999969482422,120.04000091552734,124.02999877929688,111.69947814941406,5803400
2021-02-08,125.0,125.80000305175781,123.7699966430664,124.5,112.12274932861328,3456000
2021-02-09,124.83000183105469,125.27999877929688,123.61000061035156,125.1500015258789,112.70813751220703,3424500
2021-02-10,125.79000091552734,126.19999694824219,124.76000213623047,125.29000091552734,112.83421325683594,4195400
2021-02-11,125.69000244140625,126.87000274658203,125.19999694824219,126.83999633789062,114.23011779785156,3697400
2021-02-12,126.41000366210938,128.5399932861328,126.25,128.22999572753906,115.48194885253906,3658700
2021-02-16,128.49000549316406,128.5,126.8499984741211,128.02000427246094,115.29280853271484,5174000
2021-02-17,127.37000274658203,128.0,126.38999938964844,127.23999786376953,114.59036254882812,3161800
2021-02-18,125.47000122070312,126.66000366210938,124.06999969482422,125.41000366210938,112.94229888916016,5427900
2021-02-19,125.25,125.38999938964844,122.66999816894531,123.04000091552734,110.80791473388672,6204200
2021-02-22,122.94999694824219,122.94999694824219,120.52999877929688,122.55000305175781,110.36662292480469,4842000
2021-02-23,122.25,123.18000030517578,120.20999908447266,120.80000305175781,108.79059600830078,5565900
2021-02-24,120.80000305175781,122.91000366210938,120.66000366210938,122.37999725341797,110.21350860595703,4127400
2021-02-25,121.66000366210938,122.76000213623047,120.7699966430664,121.58000183105469,109.49305725097656,3468900
2021-02-26,122.19000244140625,122.36000061035156,119.66000366210938,119.77999877929688,107.87200164794922,5197500
2021-03-01,120.98999786376953,122.94999694824219,120.61000061035156,122.20999908447266,110.06040954589844,3858600
2021-03-02,122.20999908447266,123.0999984741211,121.19000244140625,122.52999877929688,110.34861755371094,4908100
2021-03-03,121.69000244140625,121.88999938964844,119.05999755859375,119.18000030517578,107.33164978027344,5239500
2021-03-04,119.0,119.80999755859375,114.73999786376953,116.01000213623047,104.47679138183594,6699600
2021-03-05,117.0,117.58000183105469,114.80000305175781,117.25,105.59353637695312,4859500
2021-03-08,117.0,118.27999877929688,115.55999755859375,115.62999725341797,104.13456726074219,3931600
2021-03-09,116.73999786376953,119.33999633789062,116.48999786376953,116.69999694824219,105.09819793701172,5176100
2021-03-10,117.23999786376953,119.19999694824219,115.31999969482422,115.87999725341797,104.35973358154297,7640200
2021-03-11,116.69000244140625,117.87000274658203,115.83999633789062,117.5199966430664,105.8366470336914,4915700
2021-03-12,117.08999633789062,117.2699966430664,116.12000274658203,116.70999908447266,105.10720825195312,3714000
2021-03-15,117.19000244140625,118.22000122070312,116.54000091552734,118.0999984741211,106.35902404785156,4651800
2021-03-16,118.44999694824219,119.44000244140625,117.52999877929688,118.22000122070312,106.46711730957031,3870500
2021-03-17,117.66999816894531,118.22000122070312,116.91999816894531,117.62000274658203,105.92675018310547,3797200
2021-03-18,117.5,119.1500015258789,117.30999755859375,118.11000061035156,106.36802673339844,4253000
2021-03-19,118.37999725341797,120.98999786376953,117.56999969482422,120.25,108.29525756835938,11275200
2021-03-22,120.26000213623047,122.22000122070312,120.01000213623047,121.47000122070312,109.39397430419922,5173100
2021-03-23,121.7699966430664,122.1500015258789,119.87000274658203,120.48999786376953,108.51140594482422,3788500
2021-03-24,120.0,120.44999694824219,117.94999694824219,118.0199966430664,106.28695678710938,6521300
2021-03-25,118.7300033569336,119.5,117.23999786376953,119.05000305175781,107.21456146240234,5320100
2021-03-26,119.27999877929688,122.30000305175781,118.94000244140625,122.06999969482422,109.93433380126953,4857000
2021-03-29,121.0,122.73999786376953,120.05000305175781,122.2300033569336,110.07843017578125,4810100
2021-03-30,121.5,122.48999786376953,119.37999725341797,119.75,107.8449935913086,5054400
2021-03-31,120.0,121.44999694824219,119.75,119.83999633789062,107.92601776123047,5792800
2021-04-01,120.27999877929688,120.87000274658203,118.77999877929688,118.94000244140625,107.11550903320312,4015100
2021-04-05,119.6500015258789,120.3499984741211,119.08000183105469,119.86000061035156,107.94404602050781,6314600
2021-04-06,120.01000213623047,122.01000213623047,119.5999984741211,119.97000122070312,108.0430908203125,5146400
2021-04-07,119.81999969482422,120.87999725341797,119.5999984741211,120.11000061035156,108.16919708251953,4313000
2021-04-08,121.01000213623047,121.56999969482422,119.54000091552734,119.77999877929688,107.87200164794922,3768800
2021-04-09,119.6500015258789,120.93000030517578,119.3499984741211,120.9000015258789,108.88066101074219,4102500
2021-04-12,120.55999755859375,121.37000274658203,120.4800033569336,121.04000091552734,109.00672149658203,2915900
2021-04-13,121.05000305175781,123.63999938964844,120.91000366210938,123.01000213623047,110.78089904785156,4944600
2021-04-14,122.55000305175781,122.83000183105469,121.29000091552734,121.5,109.82276153564453,4726500
2021-04-15,122.4000015258789,124.68000030517578,121.9000015258789,123.94000244140625,112.02825927734375,4510900
2021-04-16,124.38999938964844,124.61000061035156,122.94999694824219,124.3499984741211,112.39886474609375,6243100
2021-04-19,123.5999984741211,125.41999816894531,123.58999633789062,124.52999877929688,112.5615234375,6853100
2021-04-20,120.5,122.0,119.01000213623047,120.0,108.46693420410156,9908200
2021-04-21,120.43000030517578,122.8499984741211,119.86000061035156,122.5999984741211,110.81703186035156,7040300
2021-04-22,122.80999755859375,124.81999969482422,122.51000213623047,123.5,111.63054656982422,6366900
2021-04-23,123.62000274658203,124.11000061035156,122.6500015258789,123.30999755859375,111.45880126953125,5227000
2021-04-26,123.38999938964844,123.4000015258789,121.94999694824219,122.58000183105469,110.7989501953125,4377500
2021-04-27,122.0,122.55000305175781,121.0,121.69999694824219,110.00354766845703,3384900
2021-04-28,121.5199966430664,121.91999816894531,120.54000091552734,121.44999694824219,109.7775650024414,3755900
2021-04-29,121.5,121.51000213623047,120.01000213623047,121.01000213623047,109.3798599243164,3889200
2021-04-30,120.5,121.1500015258789,119.3499984741211,120.08000183105469,108.53925323486328,4773500
2021-05-03,120.55000305175781,120.66000366210938,119.18000030517578,119.52999877929688,108.0420913696289,4917600
2021-05-04,119.19999694824219,119.29000091552734,116.43000030517578,117.54000091552734,106.24336242675781,9221800
2021-05-05,117.80000305175781,118.87000274658203,117.18000030517578,118.51000213623047,107.12013244628906,5632400
2021-05-06,118.05000305175781,118.87999725341797,116.69999694824219,118.79000091552734,107.37322235107422,4305300
2021-05-07,119.7699966430664,120.41999816894531,118.76000213623047,118.94999694824219,107.51782989501953,4076600
2021-05-10,119.19999694824219,119.94999694824219,118.75,118.94000244140625,107.50880432128906,3923200
2021-05-11,118.86000061035156,119.26000213623047,117.95999908447266,118.38999938964844,107.01166534423828,5520800
2021-05-12,117.16999816894531,117.5999984741211,116.25,116.3499984741211,105.16773223876953,4745500
2021-05-13,117.0,118.02999877929688,116.66999816894531,117.44999694824219,106.16200256347656,4519500
2021-05-14,117.98999786376953,118.81999969482422,117.33000183105469,118.30999755859375,106.9393539428711,3800500
2021-05-17,118.0,118.3499984741211,116.66999816894531,116.73999786376953,105.52023315429688,3732400
2021-05-18,116.72000122070312,118.0,116.72000122070312,116.9800033569336,105.73717498779297,3398400
2021-05-19,116.16000366210938,116.43000030517578,115.16000366210938,116.37999725341797,105.19483947753906,3430800
2021-05-20,116.55000305175781,117.97000122070312,116.41000366210938,117.80000305175781,106.47836303710938,2858200
2021-05-21,118.2300033569336,118.94999694824219,116.9800033569336,117.12999725341797,105.87276458740234,4629300
2021-05-24,118.04000091552734,118.26000213623047,117.23999786376953,117.29000091552734,106.01737213134766,3096000
2021-05-25,118.0,119.23999786376953,117.55999755859375,118.4000015258789,107.02070617675781,4704500
2021-05-26,117.5199966430664,118.27999877929688,116.05000305175781,116.75,105.52926635742188,6692900
2021-05-27,117.0,117.56999969482422,115.61000061035156,115.69000244140625,104.57115936279297,10358900
2021-05-28,116.47000122070312,117.81999969482422,116.29000091552734,116.6500015258789,105.43888854980469,4813000
2021-06-01,110.1500015258789,111.30000305175781,105.69000244140625,105.79000091552734,95.62262725830078,25124100
2021-06-02,105.79000091552734,107.93000030517578,105.36000061035156,106.9000015258789,96.62596130371094,19215100
2021-06-03,107.0,109.66999816894531,106.55000305175781,109.19999694824219,98.70490264892578,12118000
2021-06-04,109.30000305175781,109.91000366210938,108.41000366210938,109.29000091552734,98.78626251220703,7197200
2021-06-07,109.9800033569336,110.87999725341797,109.72000122070312,110.0,99.42802429199219,7933600
2021-06-08,110.5,110.5,107.83000183105469,107.9000015258789,97.52985382080078,8173900
2021-06-09,107.80999755859375,109.52999877929688,107.5999984741211,109.05000305175781,98.5693130493164,13780400
2021-06-10,109.05000305175781,110.25,108.98999786376953,110.1500015258789,99.5635986328125,8012600
2021-06-11,110.33000183105469,110.33000183105469,109.51000213623047,109.91000366210938,99.34666442871094,6517500
2021-06-14,110.08000183105469,110.55999755859375,109.62999725341797,110.4800033569336,99.86187744140625,4888700
2021-06-15,110.94000244140625,111.4000015258789,110.0999984741211,110.41000366210938,99.79859161376953,5398800
2021-06-16,110.19000244140625,111.11000061035156,109.80000305175781,110.05999755859375,99.48224639892578,7051500
2021-06-17,109.75,111.98999786376953,109.7300033569336,111.62999725341797,100.90135955810547,5967400
2021-06-18,110.0,111.3499984741211,110.0,110.33000183105469,99.72631072998047,8831800
2021-06-21,110.25,112.16999816894531,109.7300033569336,111.44000244140625,100.72962951660156,4743300
2021-06-22,111.66000366210938,111.91999816894531,110.5,110.95999908447266,100.29574584960938,6519400
2021-06-23,110.5999984741211,111.26000213623047,110.5999984741211,110.83999633789062,100.18727111816406,4356100
2021-06-24,111.5,113.48999786376953,111.41000366210938,111.69999694824219,100.96463012695312,9718600
2021-06-25,111.87999725341797,113.26000213623047,111.51000213623047,112.72000122070312,101.88658905029297,8750400
2021-06-28,112.98999786376953,116.36000061035156,112.73999786376953,115.69999694824219,104.58019256591797,9567200
2021-06-29,115.73999786376953,118.83999633789062,115.45999908447266,117.20999908447266,105.94506072998047,8150200
2021-06-30,117.0,117.18000030517578,115.25,115.93000030517578,104.7880859375,5844600
2021-07-01,115.61000061035156,117.29000091552734,115.4800033569336,117.16000366210938,105.8998794555664,4739600
2021-07-02,116.91999816894531,118.25,116.6500015258789,118.04000091552734,106.69530487060547,4787000
2021-07-06,118.0,119.06999969482422,117.76000213623047,118.81999969482422,107.40032958984375,5040400
2021-07-07,119.08000183105469,119.9800033569336,118.75,119.87000274658203,108.34941864013672,4068700
2021-07-08,118.86000061035156,119.43000030517578,117.95999908447266,119.26000213623047,107.79804229736328,3908900
2021-07-09,119.6500015258789,120.23999786376953,119.23999786376953,119.73999786376953,108.23190307617188,4353600
2021-07-12,118.80999755859375,119.69000244140625,118.44000244140625,118.80999755859375,107.39129638671875,3905200
2021-07-13,118.56999969482422,119.26000213623047,118.11000061035156,118.6500015258789,107.24666595458984,3877100
2021-07-14,118.12000274658203,118.30000305175781,116.86000061035156,117.16999816894531,106.31211853027344,4660300
2021-07-15,116.69999694824219,117.16000366210938,116.2699966430664,116.66000366210938,105.849365234375,5761200
2021-07-16,117.04000091552734,117.80999755859375,116.43000030517578,117.51000213623047,106.62059783935547,3977600
2021-07-19,116.9800033569336,119.33000183105469,116.93000030517578,118.79000091552734,107.7820053100586,6739700
2021-07-20,118.54000091552734,120.0,118.0999984741211,118.7300033569336,107.7275619506836,4678400
2021-07-21,119.22000122070312,119.29000091552734,117.2300033569336,118.9800033569336,107.95440673828125,4285300
2021-07-22,118.0,118.75,115.86000061035156,118.25,107.29203033447266,6958000
2021-07-23,119.62999725341797,121.0999984741211,119.2699966430664,120.80000305175781,109.6057357788086,4736100
2021-07-26,120.23999786376953,120.48999786376953,118.37999725341797,119.5199966430664,108.44434356689453,4954800
2021-07-27,119.5999984741211,121.2300033569336,119.5999984741211,119.80999755859375,108.70748138427734,5630800
2021-07-28,119.80999755859375,121.06999969482422,119.27999877929688,120.5199966430664,109.3516845703125,3796100
2021-07-29,121.08000183105469,121.4000015258789,120.41999816894531,121.08999633789062,109.86885833740234,3925500
2021-07-30,121.0,121.41999816894531,120.4000015258789,120.9800033569336,109.76905059814453,4688800
2021-08-02,121.5,121.77999877929688,120.18000030517578,120.91999816894531,109.714599609375,3646100
2021-08-03,121.37999725341797,122.55000305175781,121.06999969482422,122.12000274658203,110.80340576171875,3696200
2021-08-04,121.37999725341797,122.6500015258789,121.01000213623047,121.56999969482422,110.30437469482422,3513400
2021-08-05,122.36000061035156,122.36000061035156,120.83000183105469,122.20999908447266,110.88505554199219,3258100
2021-08-06,122.0,122.20999908447266,121.22000122070312,122.16999816894531,110.84878540039062,3550300
2021-08-09,122.38999938964844,123.26000213623047,122.02999877929688,123.16000366210938,111.74703979492188,4271200
2021-08-10,123.3499984741211,123.55999755859375,122.0999984741211,122.69999694824219,111.32966613769531,4356900
2021-08-11,122.83999633789062,123.4000015258789,121.3499984741211,121.45999908447266,110.20457458496094,3683100
2021-08-12,121.18000030517578,123.25,121.0,122.80999755859375,111.4294662475586,3023600
2021-08-13,122.72000122070312,123.2300033569336,122.33999633789062,123.05999755859375,111.65629577636719,3476600
2021-08-16,123.69000244140625,124.69999694824219,123.33000183105469,124.66000366210938,113.10801696777344,4601900
2021-08-17,124.63999938964844,126.37999725341797,124.37000274658203,125.69000244140625,114.04259490966797,4609700
2021-08-18,125.80999755859375,126.08000183105469,123.86000061035156,123.93000030517578,112.4457015991211,3585200
2021-08-19,123.72000122070312,126.38999938964844,123.58000183105469,125.72000122070312,114.06981658935547,4283800
2021-08-20,125.91000366210938,126.9800033569336,125.12000274658203,126.31999969482422,114.61419677734375,5485800
2021-08-23,126.66999816894531,127.30000305175781,125.79000091552734,125.83999633789062,114.17868041992188,3906700
2021-08-24,125.5999984741211,125.91000366210938,124.83999633789062,125.5,113.87017822265625,3945700
2021-08-25,125.83999633789062,125.91000366210938,124.16999816894531,124.73999786376953,113.18062591552734,4379000
2021-08-26,124.69000244140625,126.2699966430664,124.6500015258789,125.47000122070312,113.84298706054688,3991900
2021-08-27,125.68000030517578,126.26000213623047,124.30000305175781,124.58999633789062,113.0445327758789,4094300
2021-08-30,124.52999877929688,126.19000244140625,124.36000061035156,125.94000244140625,114.26941680908203,3151800
2021-08-31,126.4000015258789,127.20999908447266,125.91000366210938,126.37000274658203,114.65957641601562,6190300
2021-09-01,125.72000122070312,127.45999908447266,125.45999908447266,127.4000015258789,115.5941390991211,3484200
2021-09-02,127.5,128.85000610351562,127.33999633789062,128.49000549316406,116.5831069946289,3402700
2021-09-03,129.0,129.39999389648438,128.14999389648438,128.94000244140625,116.99141693115234,2463300
2021-09-07,128.1199951171875,128.49000549316406,127.05000305175781,128.38999938964844,116.49237823486328,2765500
2021-09-08,128.55999755859375,129.52000427246094,128.0,129.05999755859375,117.10028076171875,3121200
2021-09-09,129.14999389648438,129.14999389648438,127.33000183105469,127.9800033569336,116.12037658691406,4546900
2021-09-10,128.0,129.44000244140625,128.0,128.8000030517578,116.86438751220703,4127400
2021-09-13,129.6699981689453,129.6999969482422,124.80999755859375,126.62000274658203,114.88640594482422,5811000
2021-09-14,127.3499984741211,127.98999786376953,126.70999908447266,127.05000305175781,115.27657318115234,4197400
2021-09-15,126.87999725341797,128.17999267578125,126.27999877929688,127.48999786376953,115.67578125,4803200
2021-09-16,127.87000274658203,127.97000122070312,126.30000305175781,127.44000244140625,115.63042449951172,3317100
2021-09-17,126.77999877929688,127.80000305175781,126.45999908447266,126.79000091552734,115.0406723022461,10045200
2021-09-20,125.5999984741211,126.56999969482422,123.80999755859375,124.87000274658203,113.29857635498047,5262200
2021-09-21,125.56999969482422,126.77999877929688,125.0999984741211,125.12999725341797,113.53448486328125,4918600
2021-09-22,125.5,125.73999786376953,124.18000030517578,124.6500015258789,113.09896850585938,6553400
2021-09-23,125.41999816894531,125.9000015258789,124.80999755859375,125.30000305175781,113.688720703125,4161500
2021-09-24,124.80999755859375,125.4800033569336,124.2699966430664,124.37000274658203,112.84490966796875,3045700
2021-09-27,123.33000183105469,123.5,120.44999694824219,120.58000183105469,109.40611267089844,6481200
2021-09-28,119.5999984741211,119.76000213623047,117.97000122070312,118.73999786376953,107.73661804199219,5855200
2021-09-29,118.91999816894531,120.05999755859375,118.7699966430664,119.45999908447266,108.38990020751953,4511300
2021-09-30,119.86000061035156,120.66999816894531,118.0999984741211,118.12999725341797,107.18316650390625,4786200
2021-10-01,118.19999694824219,118.43000030517578,115.0999984741211,117.20999908447266,106.34839630126953,8173200
2021-10-04,116.61000061035156,117.56999969482422,114.86000061035156,115.52999877929688,104.82410430908203,5903500
2021-10-05,116.11000061035156,116.94999694824219,115.52999877929688,115.87999725341797,105.14166259765625,4238400
2021-10-06,115.75,116.56999969482422,114.4000015258789,116.48999786376953,105.69513702392578,5498900
2021-10-07,117.55000305175781,118.70999908447266,117.44999694824219,117.91000366210938,106.98353576660156,4505800
2021-10-08,118.08999633789062,119.33000183105469,117.81999969482422,118.38999938964844,107.41905212402344,7193200
2021-10-11,118.1500015258789,118.94000244140625,116.8499984741211,116.87999725341797,106.04900360107422,3873200
2021-10-12,117.9000015258789,118.30999755859375,116.41000366210938,117.31999969482422,106.4482192993164,4599200
2021-10-13,117.5,118.2300033569336,116.44000244140625,117.0,106.1578598022461,3935100
2021-10-14,116.66000366210938,117.68000030517578,116.63999938964844,117.56999969482422,107.0869369506836,4977400
2021-10-15,118.08000183105469,118.33000183105469,117.12999725341797,117.48999786376953,107.0140609741211,6012400
2021-10-18,117.29000091552734,117.48999786376953,116.30000305175781,116.81999969482422,106.40380096435547,5275800
2021-10-19,117.05999755859375,120.18000030517578,117.05999755859375,119.33999633789062,108.69911193847656,5880000
2021-10-20,123.52999877929688,124.80000305175781,122.19000244140625,123.30999755859375,112.31511688232422,8401900
2021-10-21,123.51000213623047,125.5999984741211,123.08999633789062,125.05000305175781,113.89998626708984,4984000
2021-10-22,125.51000213623047,126.83999633789062,124.87999725341797,126.72000122070312,115.42106628417969,5742300
2021-10-25,126.48999786376953,126.8499984741211,125.4000015258789,126.58000183105469,115.29354858398438,4426900
2021-10-26,127.0,128.77999877929688,126.79000091552734,128.1300048828125,116.70533752441406,3994000
2021-10-27,129.0,129.39999389648438,127.37000274658203,127.70999908447266,116.32278442382812,4128600
2021-10-28,128.02999877929688,128.94000244140625,127.04000091552734,127.70999908447266,116.32278442382812,3645300
2021-10-29,127.26000213623047,129.00999450683594,126.83000183105469,128.88999938964844,117.39756774902344,4692200
2021-11-01,128.63999938964844,129.52999877929688,128.2899932861328,128.94000244140625,117.443115234375,3494700
2021-11-02,129.3300018310547,129.52999877929688,127.29000091552734,127.70999908447266,116.32278442382812,8069600
2021-11-03,127.37999725341797,128.74000549316406,126.97000122070312,128.6999969482422,117.22451782226562,5110600
2021-11-04,128.9499969482422,129.49000549316406,128.19000244140625,129.08999633789062,117.57972717285156,4675900
2021-11-05,127.08000183105469,127.31999969482422,123.93000030517578,124.37000274658203,113.28060150146484,7989800
2021-11-08,124.0,127.2300033569336,123.80999755859375,126.80000305175781,115.49392700195312,4930000
2021-11-09,126.69999694824219,127.5,126.25,126.43000030517578,115.15694427490234,5130300
2021-11-10,126.19000244140625,128.11000061035156,126.05000305175781,127.81999969482422,116.42298889160156,5358900
2021-11-11,127.97000122070312,128.9600067138672,127.23999786376953,127.25,115.90382385253906,5054800
2021-11-12,127.94000244140625,128.85000610351562,127.12000274658203,128.4499969482422,116.99681854248047,6462200
2021-11-15,128.77000427246094,130.1999969482422,128.25999450683594,129.44000244140625,117.89854431152344,4565800
2021-11-16,129.63999938964844,131.60000610351562,129.63999938964844,130.88999938964844,119.21922302246094,4141300
2021-11-17,130.61000061035156,130.6999969482422,128.5399932861328,128.6199951171875,117.15165710449219,4759900
2021-11-18,129.30999755859375,129.42999267578125,127.47000122070312,127.63999938964844,116.259033203125,4466100
2021-11-19,128.41000366210938,128.52999877929688,126.45999908447266,126.83999633789062,115.53036499023438,6867700
2021-11-22,126.77999877929688,126.80000305175781,124.68000030517578,125.26000213623047,114.09125518798828,4205400
2021-11-23,124.51000213623047,124.88999938964844,123.22000122070312,124.4800033569336,113.38079071044922,4873700
2021-11-24,124.06999969482422,125.27999877929688,124.0,125.06999969482422,113.91817474365234,3729500
2021-11-26,127.80999755859375,129.75,125.44000244140625,125.87999725341797,114.6559829711914,4671400
2021-11-29,126.3499984741211,128.94000244140625,125.36000061035156,128.02999877929688,116.6142578125,5648200
2021-11-30,128.1999969482422,128.7899932861328,125.33999633789062,125.7699966430664,114.5557632446289,7269900
2021-12-01,126.4800033569336,128.47999572753906,125.12000274658203,126.73999786376953,115.43928527832031,4816700
2021-12-02,126.29000091552734,129.85000610351562,126.29000091552734,128.3800048828125,116.93307495117188,5090800
2021-12-03,128.8800048828125,130.4600067138672,128.02999877929688,130.27000427246094,118.65455627441406,5254500
2021-12-06,130.75999450683594,133.27999877929688,130.61000061035156,132.47000122070312,120.65836334228516,6601600
2021-12-07,134.0,134.0800018310547,131.8000030517578,132.4199981689453,120.61283111572266,5143600
2021-12-08,132.8000030517578,133.4499969482422,131.1199951171875,132.3699951171875,120.56726837158203,5389400
2021-12-09,132.5,133.11000061035156,131.47999572753906,132.52999877929688,120.71302795410156,2663300
2021-12-10,133.4199981689453,134.5,132.8699951171875,134.3699951171875,122.38896179199219,4371800
2021-12-13,134.5,137.0,134.5,135.9600067138672,123.83721923828125,5094800
2021-12-14,135.92999267578125,136.0,132.0,132.94000244140625,121.08647155761719,8193300
2021-12-15,133.5399932861328,135.6699981689453,132.89999389648438,135.55999755859375,123.47285461425781,6422300
2021-12-16,135.44000244140625,136.61000061035156,134.60000610351562,136.08999633789062,123.95560455322266,6984100
2021-12-17,137.5399932861328,139.27000427246094,136.88999938964844,137.11000061035156,124.8846664428711,12146000
2021-12-20,136.1999969482422,137.80999755859375,134.22000122070312,134.97999572753906,122.94456481933594,6501200
2021-12-21,136.02000427246094,137.17999267578125,133.39999389648438,135.27000427246094,123.20870971679688,7153800
2021-12-22,135.8800048828125,139.02000427246094,135.7899932861328,138.99000549316406,126.59699249267578,6768900
2021-12-23,139.64999389648438,140.22999572753906,138.72000122070312,139.16000366210938,126.75186157226562,3491800
2021-12-27,139.82000732421875,142.60000610351562,139.42999267578125,141.4600067138672,128.84678649902344,3801700
2021-12-28,141.5800018310547,141.7100067138672,140.1300048828125,140.47000122070312,127.945068359375,3296000
2021-12-29,140.47000122070312,141.66000366210938,139.3300018310547,141.19000244140625,128.60084533691406,2848900
2021-12-30,141.41000366210938,141.75,140.58999633789062,141.0,128.42782592773438,2809100
2021-12-31,141.0,141.77000427246094,140.72000122070312,140.74000549316406,128.19097900390625,3271800
2022-01-03,139.42999267578125,139.8300018310547,137.2100067138672,139.0399932861328,126.642578125,6688100
2022-01-04,139.5,139.64999389648438,134.75999450683594,135.77000427246094,123.66413879394531,8241200
2022-01-05,135.14999389648438,137.02999877929688,135.07000732421875,135.16000366210938,123.1085205078125,5948200
2022-01-06,135.0,136.2100067138672,133.8800048828125,135.13999938964844,123.0903091430664,5710200
2022-01-07,134.8800048828125,136.17999267578125,134.3800048828125,135.55999755859375,123.47285461425781,4367500
2022-01-10,134.7899932861328,135.5,133.9199981689453,135.25999450683594,123.19955444335938,5975600
2022-01-11,135.22999572753906,135.97000122070312,134.0399932861328,135.6999969482422,123.6003646850586,5709400
2022-01-12,134.88999938964844,135.6999969482422,132.52999877929688,133.72000122070312,121.79691314697266,8416000
2022-01-13,132.38999938964844,132.8300018310547,129.42999267578125,129.64999389648438,118.50633239746094,7174500
2022-01-14,130.49000549316406,130.58999633789062,127.0199966430664,128.16000366210938,117.1444091796875,9256900
2022-01-18,127.4000015258789,127.93000030517578,125.55000305175781,126.56999969482422,115.69108581542969,5850100
2022-01-19,126.75,127.58000183105469,125.83000183105469,126.05000305175781,115.21578216552734,3996400
2022-01-20,126.23999786376953,127.91000366210938,124.61000061035156,124.70999908447266,113.9909439086914,8652600
2022-01-21,126.80999755859375,127.08999633789062,124.86000061035156,125.83000183105469,115.01468658447266,10132700
2022-01-24,124.01000213623047,124.5,120.68000030517578,123.81999969482422,113.17744445800781,10864500
2022-01-25,123.08000183105469,124.62000274658203,121.58999633789062,123.2699966430664,112.67472839355469,9126600
2022-01-26,119.19000244140625,121.68000030517578,119.0,120.06999969482422,109.74974822998047,14753100
2022-01-27,120.9800033569336,123.16999816894531,119.73999786376953,120.44000244140625,110.08795928955078,9179500
2022-01-28,120.7699966430664,125.52999877929688,119.61000061035156,125.3499984741211,114.57595825195312,8286500
2022-01-31,125.5199966430664,127.95999908447266,125.12999725341797,127.45999908447266,116.50458526611328,7210000
2022-02-01,127.37000274658203,127.66000366210938,126.23999786376953,127.19999694824219,116.26692962646484,5602000
2022-02-02,128.25,130.74000549316406,127.86000061035156,130.0399932861328,118.8628158569336,7450500
2022-02-03,128.6300048828125,130.94000244140625,128.25999450683594,130.11000061035156,118.92681884765625,5613300
2022-02-04,129.55999755859375,130.52000427246094,128.60000610351562,129.7100067138672,118.56118774414062,4149700
2022-02-07,129.8699951171875,129.9499969482422,127.68000030517578,128.0500030517578,117.04386901855469,4035200
2022-02-08,127.52999877929688,128.94000244140625,127.16000366210938,128.64999389648438,117.59228515625,3890900
2022-02-09,129.52000427246094,130.7899932861328,129.4199981689453,130.49000549316406,119.27415466308594,3434200
2022-02-10,128.57000732421875,129.9199981689453,127.16999816894531,127.76000213623047,116.7787857055664,5917700
2022-02-11,127.77999877929688,128.9199981689453,125.1500015258789,125.48999786376953,114.70389556884766,4803200
2022-02-14,125.0,125.56999969482422,121.9800033569336,122.77999877929688,112.2268295288086,7433900
2022-02-15,124.19000244140625,125.41999816894531,123.41000366210938,123.9800033569336,113.32369232177734,5298000
2022-02-16,123.44999694824219,124.11000061035156,121.55999755859375,123.68000030517578,113.0494613647461,5078100
2022-02-17,122.98999786376953,123.18000030517578,120.47000122070312,120.58000183105469,110.21592712402344,3688300
2022-02-18,120.0,120.30999755859375,114.83999633789062,116.79000091552734,106.75169372558594,12376100
2022-02-22,116.54000091552734,119.33000183105469,116.0999984741211,117.51000213623047,107.40979766845703,8372800
2022-02-23,118.0,118.83999633789062,116.98999786376953,117.25,107.1721420288086,5184200
2022-02-24,115.0,118.91999816894531,114.43000030517578,118.72000122070312,108.51578521728516,6252600
2022-02-25,118.72000122070312,122.93000030517578,118.5,122.41000366210938,111.8886489868164,5837700
2022-02-28,121.05000305175781,121.05999755859375,119.1500015258789,120.62000274658203,110.25250244140625,6828400
2022-03-01,120.30999755859375,121.16000366210938,117.37999725341797,118.16999816894531,108.01304626464844,6697700
2022-03-02,118.62000274658203,121.05000305175781,118.26000213623047,120.36000061035156,110.01483154296875,6419800
2022-03-03,120.80000305175781,122.06999969482422,120.48999786376953,120.97000122070312,110.57241821289062,5223100
2022-03-04,119.93000030517578,121.76000213623047,119.01000213623047,121.41000366210938,110.97457122802734,5911400
2022-03-07,120.54000091552734,120.88999938964844,117.26000213623047,118.86000061035156,108.6437759399414,6632000
2022-03-08,117.91000366210938,119.0199966430664,115.70999908447266,116.11000061035156,106.13014221191406,6694000
2022-03-09,117.9000015258789,119.19999694824219,116.44000244140625,118.38999938964844,108.21416473388672,5004700
2022-03-10,117.18000030517578,117.80999755859375,115.7300033569336,117.0,106.9436264038086,4377600
2022-03-11,117.44000244140625,118.05999755859375,113.87999725341797,114.0199966430664,104.21975708007812,8012400
2022-03-14,114.9000015258789,117.20999908447266,114.58000183105469,115.5199966430664,105.5908432006836,5527500
2022-03-15,117.5,117.79000091552734,116.22000122070312,117.4800033569336,107.38239288330078,5041200
2022-03-16,118.20999908447266,119.54000091552734,116.95999908447266,119.4800033569336,109.21048736572266,4441800
2022-03-17,119.0,121.23999786376953,118.7300033569336,121.19999694824219,110.78264617919922,3998900
2022-03-18,121.73999786376953,122.66999816894531,120.68000030517578,122.44999694824219,111.9251937866211,7823800
2022-03-21,121.93000030517578,123.0999984741211,121.16000366210938,121.76000213623047,111.29450988769531,4135100
2022-03-22,121.88999938964844,122.52999877929688,121.26000213623047,121.88999938964844,111.413330078125,4479600
2022-03-23,121.11000061035156,121.23999786376953,116.73999786376953,116.91999816894531,106.87049865722656,5656000
2022-03-24,117.37999725341797,117.87999725341797,116.61000061035156,117.81999969482422,107.69315338134766,4505800
2022-03-25,118.6500015258789,119.30999755859375,117.73999786376953,118.94999694824219,108.72603607177734,2896300
2022-03-28,119.37999725341797,120.0,118.70999908447266,119.98999786376953,109.6766357421875,5350900
2022-03-29,121.83000183105469,122.06999969482422,119.30999755859375,120.19000244140625,109.85945892333984,5126100
2022-03-30,119.87000274658203,120.73999786376953,119.47000122070312,120.37999725341797,110.03311157226562,4064800
2022-03-31,120.20999908447266,120.48999786376953,118.0999984741211,118.36000061035156,108.1867446899414,5432600
2022-04-01,118.83999633789062,118.97000122070312,117.26000213623047,118.58000183105469,108.3878402709961,4314000
2022-04-04,117.87000274658203,118.9800033569336,117.56999969482422,118.87999725341797,108.66205596923828,4037200
2022-04-05,118.26000213623047,121.19000244140625,118.13999938964844,119.4800033569336,109.21048736572266,6113400
2022-04-06,119.0,120.19000244140625,117.76000213623047,119.94000244140625,109.63093566894531,5485100
2022-04-07,119.5999984741211,124.20999908447266,119.29000091552734,123.37000274658203,112.76610565185547,5863500
2022-04-08,123.41999816894531,124.36000061035156,122.11000061035156,123.25,112.65641784667969,5093900
2022-04-11,123.4800033569336,123.5,119.77999877929688,120.04000091552734,109.72234344482422,4071100
2022-04-12,119.79000091552734,120.61000061035156,117.72000122070312,118.38999938964844,108.21416473388672,4432300
2022-04-13,117.55999755859375,119.80999755859375,117.25,119.4800033569336,109.64576721191406,4407900
2022-04-14,120.05000305175781,120.25,117.55999755859375,117.69000244140625,108.00308227539062,3140000
2022-04-18,117.0199966430664,118.33000183105469,115.54000091552734,116.29000091552734,106.71833038330078,4115900
2022-04-19,116.68000030517578,120.2300033569336,116.6500015258789,119.9800033569336,110.1046142578125,5120900
2022-04-20,119.4800033569336,124.05000305175781,117.5,122.63999938964844,112.54566955566406,8334200
2022-04-21,123.18000030517578,124.3499984741211,122.6500015258789,123.37000274658203,113.215576171875,7321100
2022-04-22,123.0199966430664,123.18000030517578,119.55999755859375,119.63999938964844,109.79259490966797,6710100
2022-04-25,119.16000366210938,120.30999755859375,117.83999633789062,120.01000213623047,110.13212585449219,4503500
2022-04-26,118.61000061035156,119.63999938964844,116.97000122070312,116.97000122070312,107.34235382080078,3366300
2022-04-27,117.29000091552734,118.58000183105469,116.12999725341797,116.72000122070312,107.11293029785156,4178700
2022-04-28,117.55000305175781,118.73999786376953,116.83000183105469,118.01000213623047,108.29676055908203,4960000
2022-04-29,117.05999755859375,117.7699966430664,113.12999725341797,113.5,104.15796661376953,6815900
2022-05-02,113.5,114.0199966430664,110.27999877929688,112.83000183105469,103.54312133789062,4905000
2022-05-03,113.05000305175781,114.33999633789062,111.81999969482422,112.43000030517578,103.17604064941406,4491500
2022-05-04,112.5,116.33000183105469,111.12999725341797,115.69999694824219,106.17686462402344,5347400
2022-05-05,114.86000061035156,115.0,111.68000030517578,113.01000213623047,103.70829010009766,5703300
2022-05-06,112.55000305175781,113.66999816894531,110.97000122070312,112.2699966430664,103.02921295166016,4966800
2022-05-09,110.69000244140625,111.19999694824219,106.94000244140625,107.38999938964844,98.55086517333984,6478200
2022-05-10,108.91000366210938,109.62999725341797,106.20999908447266,106.75,97.96353912353516,6248300
2022-05-11,106.66000366210938,108.0199966430664,105.66000366210938,105.83999633789062,97.12845611572266,6636100
2022-05-12,105.5,108.0199966430664,104.62999725341797,107.97000122070312,99.08314514160156,8516100
2022-05-13,108.36000061035156,110.51000213623047,108.36000061035156,109.87999725341797,100.83592987060547,6159300
2022-05-16,109.4000015258789,110.5199966430664,107.80999755859375,109.70999908447266,100.6799087524414,7459000
2022-05-17,111.58999633789062,115.43000030517578,111.58999633789062,114.54000091552734,105.11235046386719,9172000
2022-05-18,113.41999816894531,114.69999694824219,112.2300033569336,112.73999786376953,103.46051025390625,6933900
2022-05-19,112.02999877929688,113.01000213623047,110.5199966430664,112.44000244140625,103.18521118164062,6304800
2022-05-20,113.4000015258789,113.72000122070312,110.81999969482422,113.23999786376953,103.91935729980469,4509600
2022-05-23,113.8499984741211,115.36000061035156,112.94000244140625,115.02999877929688,105.5620346069336,4357000
2022-05-24,115.16000366210938,115.16000366210938,111.83000183105469,113.7699966430664,104.40573120117188,5272600
2022-05-25,113.19999694824219,114.94000244140625,112.3499984741211,113.19000244140625,103.87347412109375,3921700
2022-05-26,113.77999877929688,115.51000213623047,113.20999908447266,114.87000274658203,105.41520690917969,4027800
2022-05-27,116.08000183105469,116.91999816894531,115.4800033569336,116.69000244140625,107.08540344238281,3884800
2022-05-31,115.55999755859375,118.08999633789062,114.4000015258789,117.45999908447266,107.7920150756836,10563500
2022-06-01,117.8499984741211,118.0,114.52999877929688,115.08000183105469,105.6079330444336,4890200
2022-06-02,115.29000091552734,117.61000061035156,113.2300033569336,117.51000213623047,107.83789825439453,3856600
2022-06-03,116.77999877929688,117.55000305175781,116.33000183105469,116.56999969482422,106.97527313232422,3778200
2022-06-06,117.37999725341797,118.2300033569336,116.04000091552734,116.41999816894531,106.83763885498047,4205600
2022-06-07,116.0999984741211,117.2300033569336,115.22000122070312,116.87999725341797,107.25975799560547,3285600
2022-06-08,115.73999786376953,116.1500015258789,114.33999633789062,114.69000244140625,105.2500228881836,3683400
2022-06-09,114.63999938964844,115.44000244140625,112.68000030517578,112.70999908447266,103.4329833984375,3424700
2022-06-10,110.80999755859375,111.4800033569336,109.0999984741211,109.62999725341797,100.60649871826172,4805600
2022-06-13,107.68000030517578,108.0999984741211,105.33999633789062,105.91000366210938,97.19268798828125,5215300
2022-06-14,105.0999984741211,105.4000015258789,101.94999694824219,102.94000244140625,94.46714782714844,5890100
2022-06-15,104.31999969482422,106.08000183105469,102.66000366210938,104.80000305175781,96.1740493774414,5278100
2022-06-16,102.4000015258789,102.75,101.23999786376953,102.06999969482422,93.66874694824219,4793600
2022-06-17,101.23999786376953,103.69000244140625,101.23999786376953,102.52999877929688,94.09089660644531,10249200
2022-06-21,104.86000061035156,104.94999694824219,103.33000183105469,104.41000366210938,95.81615447998047,5338300
2022-06-22,103.55000305175781,106.58000183105469,103.29000091552734,105.44000244140625,96.7613754272461,5511600
2022-06-23,105.94999694824219,106.77999877929688,105.06999969482422,106.20999908447266,97.4679946899414,5064800
2022-06-24,107.0,109.63999938964844,106.43000030517578,109.44999694824219,100.44131469726562,14301600
2022-06-27,109.9000015258789,110.0999984741211,108.30000305175781,109.08000183105469,100.10176849365234,3804100
2022-06-28,109.25,109.93000030517578,106.9000015258789,106.97000122070312,98.16543579101562,4185500
2022-06-29,107.45999908447266,109.66999816894531,106.73999786376953,109.0999984741211,100.1201171875,4552100
2022-06-30,108.08000183105469,109.08000183105469,107.36000061035156,108.6500015258789,99.70716857910156,6070900
2022-07-01,108.20999908447266,110.47000122070312,107.6500015258789,110.22000122070312,101.1479263305664,3291700
2022-07-05,108.73999786376953,109.48999786376953,107.19999694824219,109.30000305175781,100.30366516113281,4752300
2022-07-06,108.83000183105469,109.5,108.12999725341797,108.69000244140625,99.7438735961914,3975300
2022-07-07,108.4800033569336,109.62000274658203,108.19999694824219,109.48999786376953,100.47801971435547,4149000
2022-07-08,108.7300033569336,109.91999816894531,108.55000305175781,109.26000213623047,100.26695251464844,3115500
2022-07-11,108.5999984741211,109.4000015258789,108.08000183105469,108.88999938964844,99.92741394042969,4041100
2022-07-12,108.5,110.37000274658203,107.69999694824219,108.30000305175781,99.38597106933594,5756300
2022-07-13,106.83999633789062,106.97000122070312,105.68000030517578,106.20999908447266,97.4679946899414,5087700
2022-07-14,104.62999725341797,105.91999816894531,103.76000213623047,105.70999908447266,97.4403305053711,4993600
2022-07-15,107.41000366210938,108.9800033569336,107.26000213623047,108.81999969482422,100.30704498291016,4617900
2022-07-18,108.55999755859375,108.95999908447266,106.69999694824219,107.0199966430664,98.6478500366211,4499900
2022-07-19,108.43000030517578,110.0,107.95999908447266,109.93000030517578,101.3302001953125,5788400
2022-07-20,106.98999786376953,108.81999969482422,106.87999725341797,108.2300033569336,99.76319885253906,7300200
2022-07-21,108.62000274658203,110.72000122070312,108.41000366210938,110.69000244140625,102.03074645996094,5698000
2022-07-22,112.0,112.0,108.33000183105469,109.19999694824219,100.6573257446289,4733900
2022-07-25,109.08999633789062,109.33000183105469,107.47000122070312,108.5,100.01206970214844,3905600
2022-07-26,108.70999908447266,109.87999725341797,108.30000305175781,109.08999633789062,100.55591583251953,4824000
2022-07-27,109.37999725341797,110.63999938964844,108.62000274658203,109.98999786376953,101.3855209350586,3303500
2022-07-28,110.0999984741211,111.3499984741211,108.54000091552734,110.36000061035156,101.7265853881836,4736100
2022-07-29,109.83000183105469,109.87000274658203,108.55999755859375,108.83999633789062,100.32547760009766,4922900
2022-08-01,108.37999725341797,109.9000015258789,108.11000061035156,109.5199966430664,100.9522933959961,3871900
2022-08-02,109.62000274658203,110.9000015258789,108.54000091552734,108.63999938964844,100.14112854003906,3093800
2022-08-03,109.11000061035156,109.97000122070312,108.2699966430664,109.61000061035156,101.03522491455078,3866200
2022-08-04,110.41000366210938,110.62000274658203,109.58000183105469,109.72000122070312,101.13663482666016,2794000
2022-08-05,108.75,109.31999969482422,108.38999938964844,109.25,100.70340728759766,2789600
2022-08-08,109.79000091552734,109.9800033569336,108.58999633789062,109.0,100.47295379638672,2283800
2022-08-09,108.08999633789062,108.80000305175781,107.55000305175781,107.91000366210938,99.4682388305664,3943500
2022-08-10,109.76000213623047,110.37999725341797,109.19999694824219,110.2699966430664,101.64360809326172,3960900
2022-08-11,110.83999633789062,112.12999725341797,110.38999938964844,110.48999786376953,101.8464126586914,3281400
2022-08-12,110.86000061035156,111.52999877929688,110.44000244140625,111.4800033569336,102.75894927978516,2813300
2022-08-15,111.30999755859375,112.30999755859375,111.0199966430664,111.9000015258789,103.1460952758789,2949500
2022-08-16,111.45999908447266,112.52999877929688,111.43000030517578,112.02999877929688,103.26591491699219,2897400
2022-08-17,111.62999725341797,112.12999725341797,110.37000274658203,110.55000305175781,101.90170288085938,3053500
2022-08-18,110.93000030517578,110.93000030517578,108.79000091552734,109.95999908447266,101.35784912109375,4143600
2022-08-19,110.4800033569336,110.80000305175781,109.4000015258789,110.05999755859375,101.45004272460938,5092700
2022-08-22,108.97000122070312,109.30999755859375,106.88999938964844,107.44999694824219,99.0442123413086,3496800
2022-08-23,106.81999969482422,106.87000274658203,105.5199966430664,106.01000213623047,97.71686553955078,4203000
2022-08-24,105.9000015258789,106.16999816894531,105.12000274658203,105.44000244140625,97.19146728515625,4278200
2022-08-25,105.23999786376953,105.95999908447266,104.55000305175781,105.88999938964844,97.60626220703125,5249200
2022-08-26,105.94000244140625,106.30000305175781,101.62999725341797,101.9000015258789,93.92840576171875,5440700
2022-08-29,101.5,102.61000061035156,101.20999908447266,101.83999633789062,93.87309265136719,4229900
2022-08-30,102.43000030517578,102.72000122070312,101.83999633789062,102.19999694824219,94.20491790771484,4629700
2022-08-31,102.97000122070312,104.05000305175781,102.5999984741211,102.6500015258789,94.6197280883789,7600700
2022-09-01,102.36000061035156,104.9000015258789,102.02999877929688,104.83999633789062,96.63838195800781,4397900
2022-09-02,105.44999694824219,105.6500015258789,101.9800033569336,102.5,94.4814453125,4103200
2022-09-06,102.5,103.93000030517578,102.23999786376953,102.70999908447266,94.6750259399414,4670400
2022-09-07,102.87999725341797,104.97000122070312,102.73999786376953,104.69999694824219,96.50935363769531,5100800
2022-09-08,103.62999725341797,107.56999969482422,103.58999633789062,106.98999786376953,98.62020111083984,8700700
2022-09-09,107.12999725341797,109.06999969482422,107.02999877929688,108.4800033569336,99.99362182617188,5781200
2022-09-12,108.77999877929688,109.66999816894531,108.51000213623047,109.29000091552734,100.74028778076172,4358100
2022-09-13,107.22000122070312,107.58000183105469,105.58000183105469,105.83999633789062,97.56017303466797,5300800
2022-09-14,105.93000030517578,106.79000091552734,105.01000213623047,105.77999877929688,97.5048599243164,3264200
2022-09-15,106.05999755859375,107.08000183105469,104.86000061035156,105.05999755859375,96.84119415283203,4237000
2022-09-16,104.79000091552734,105.0,103.41000366210938,104.0,95.86412048339844,8898200
2022-09-19,103.25,104.11000061035156,102.25,104.08999633789062,95.94707489013672,3816000
2022-09-20,102.79000091552734,103.02999877929688,101.2300033569336,102.30999755859375,94.30631256103516,4617100
2022-09-21,102.87000274658203,103.91999816894531,100.62000274658203,100.6500015258789,92.77618408203125,4720500
2022-09-22,100.05000305175781,101.83000183105469,99.8499984741211,101.06999969482422,93.163330078125,5567500
2022-09-23,100.38999938964844,100.88999938964844,98.80999755859375,100.68000030517578,92.80384063720703,6214600
2022-09-26,100.18000030517578,100.6500015258789,99.26000213623047,99.83999633789062,92.029541015625,6037800
2022-09-27,100.25,100.7300033569336,97.91000366210938,98.33000183105469,90.63766479492188,6377800
2022-09-28,98.06999969482422,99.2699966430664,97.56999969482422,98.72000122070312,90.99717712402344,7206900
2022-09-29,98.8499984741211,99.18000030517578,97.55000305175781,98.29000091552734,90.60079956054688,6698800
2022-09-30,98.70999908447266,99.5,96.66999816894531,96.76000213623047,89.19049072265625,6728400
2022-10-03,97.80000305175781,100.19000244140625,97.4000015258789,99.5199966430664,91.73456573486328,4817600
2022-10-04,100.73999786376953,103.20999908447266,100.54000091552734,103.08000183105469,95.01607513427734,5710800
2022-10-05,102.16999816894531,103.95999908447266,101.91999816894531,103.37999725341797,95.29263305664062,3803400
2022-10-06,102.86000061035156,103.20999908447266,101.87999725341797,102.44999694824219,94.43535614013672,6348100
2022-10-07,102.5,105.08999633789062,101.04000091552734,101.79000091552734,93.82698822021484,8485900
2022-10-10,102.12000274658203,102.31999969482422,100.31999969482422,101.12999725341797,93.2186279296875,4044600
2022-10-11,100.8499984741211,102.75,100.08999633789062,101.75,93.7901382446289,5304800
2022-10-12,101.25,101.91000366210938,100.05999755859375,100.08000183105469,92.25074768066406,4106200
2022-10-13,97.93000030517578,103.08000183105469,97.68000030517578,102.47000122070312,94.89946746826172,6250900
2022-10-14,103.18000030517578,103.91999816894531,100.79000091552734,100.91000366210938,93.45471954345703,6087200
2022-10-17,102.12000274658203,103.94999694824219,101.87000274658203,103.5199966430664,95.87189483642578,7315800
2022-10-18,105.80999755859375,106.66999816894531,104.66000366210938,104.9800033569336,97.22403717041016,8943900
2022-10-19,101.0,101.16999816894531,96.31999969482422,98.11000061035156,90.8615951538086,18525200
2022-10-20,96.5199966430664,97.73999786376953,95.01000213623047,95.20999908447266,88.17584228515625,12651200
2022-10-21,94.3499984741211,95.5199966430664,93.25,95.05999755859375,88.03694152832031,9859000
2022-10-24,96.05000305175781,98.48999786376953,95.9000015258789,98.29000091552734,91.02828979492188,8118000
2022-10-25,98.06999969482422,98.9000015258789,97.66000366210938,97.94999694824219,90.71341705322266,7114400
2022-10-26,98.08999633789062,99.5199966430664,97.87999725341797,98.41999816894531,91.14868927001953,8290100
2022-10-27,98.66999816894531,98.66999816894531,96.7699966430664,96.93000030517578,89.7687759399414,6610000
2022-10-28,97.31999969482422,100.0199966430664,97.19999694824219,99.48999786376953,92.13964080810547,5768100
2022-10-31,99.12999725341797,99.5,98.1500015258789,98.94000244140625,91.6302719116211,5885600
2022-11-01,99.62000274658203,100.31999969482422,98.63999938964844,99.30999755859375,91.97293853759766,5249400
2022-11-02,98.7300033569336,101.2300033569336,98.0199966430664,98.04000091552734,90.79678344726562,5196700
2022-11-03,96.80999755859375,97.01000213623047,95.3499984741211,96.44999694824219,89.32423400878906,4873400
2022-11-04,97.83000183105469,98.2300033569336,96.1500015258789,98.06999969482422,90.82454681396484,4902800
2022-11-07,98.77999877929688,100.04000091552734,98.12999725341797,99.5,92.14889526367188,4903700
2022-11-08,99.9000015258789,100.26000213623047,98.94999694824219,99.63999938964844,92.278564453125,5708200
2022-11-09,99.91000366210938,101.2699966430664,99.25,99.45999908447266,92.11184692382812,5339600
2022-11-10,103.02999877929688,104.44000244140625,102.13999938964844,104.2300033569336,96.5294418334961,5907400
2022-11-11,104.63999938964844,105.91000366210938,103.93000030517578,104.08999633789062,96.39976501464844,7106900
2022-11-14,103.66999816894531,104.30999755859375,101.98999786376953,102.01000213623047,94.47346496582031,5661600
2022-11-15,103.44999694824219,104.4800033569336,102.37999725341797,103.13999938964844,95.51997375488281,5262900
2022-11-16,104.23999786376953,105.30000305175781,103.26000213623047,103.61000061035156,95.95525360107422,3292800
2022-11-17,102.66999816894531,103.08999633789062,101.55000305175781,102.55999755859375,94.98281860351562,3332900
2022-11-18,103.5199966430664,104.19000244140625,102.94000244140625,103.87000274658203,96.196044921875,3931800
2022-11-21,103.7300033569336,104.9000015258789,103.66999816894531,103.87999725341797,96.20531463623047,4148800
2022-11-22,103.9800033569336,105.0,102.87000274658203,104.87000274658203,97.12217712402344,4511700
2022-11-23,104.97000122070312,106.47000122070312,104.4000015258789,106.0199966430664,98.18719482421875,4617500
2022-11-25,106.66999816894531,107.3499984741211,106.51000213623047,106.95999908447266,99.05776977539062,2558100
2022-11-28,106.72000122070312,107.75,105.12999725341797,105.38999938964844,97.60374450683594,4149700
2022-11-29,105.0,105.37999725341797,104.4800033569336,105.0,97.2425537109375,4832300
2022-11-30,105.12999725341797,107.69999694824219,103.44000244140625,107.58000183105469,99.6319580078125,12737300
2022-12-01,108.23999786376953,108.6500015258789,107.3499984741211,107.93000030517578,99.95609283447266,5076200
2022-12-02,106.75,108.13999938964844,106.19999694824219,108.08999633789062,100.10426330566406,4944100
2022-12-05,106.88999938964844,107.05999755859375,105.05999755859375,105.41000366210938,97.62226104736328,4687100
2022-12-06,104.98999786376953,105.41000366210938,103.12999725341797,103.86000061035156,96.18678283691406,4175700
2022-12-07,104.0199966430664,105.48999786376953,104.0199966430664,104.80999755859375,97.06658935546875,3592400
2022-12-08,104.66000366210938,107.08999633789062,104.2300033569336,106.91999816894531,99.02071380615234,4607700
2022-12-09,106.7300033569336,108.4800033569336,106.44999694824219,107.51000213623047,99.56710815429688,5346400
2022-12-12,107.7300033569336,109.58999633789062,107.7300033569336,109.48999786376953,101.40081787109375,4752500
2022-12-13,112.31999969482422,112.69999694824219,111.05999755859375,111.52999877929688,103.29011535644531,6246000
2022-12-14,111.37000274658203,112.91000366210938,110.52999877929688,111.26000213623047,103.04006958007812,5614900
2022-12-15,109.8499984741211,110.0,108.41000366210938,108.5199966430664,100.50251007080078,4947800
2022-12-16,107.69999694824219,107.8499984741211,105.77999877929688,106.91000366210938,99.01145935058594,7976100
2022-12-19,106.73999786376953,107.18000030517578,105.83000183105469,106.58999633789062,98.71507263183594,4352000
2022-12-20,106.61000061035156,106.98999786376953,105.62000274658203,106.48999786376953,98.62248992919922,3673000
2022-12-21,107.08999633789062,108.38999938964844,107.05999755859375,108.13999938964844,100.15057373046875,3228600
2022-12-22,107.70999908447266,108.16000366210938,106.22000122070312,108.02999877929688,100.0487060546875,3311100
2022-12-23,107.66999816894531,108.4000015258789,107.0999984741211,108.18000030517578,100.18762969970703,2618400
2022-12-27,108.3499984741211,109.05000305175781,107.37999725341797,108.56999969482422,100.5488052368164,2927400
2022-12-28,109.0199966430664,110.0999984741211,107.73999786376953,107.83000183105469,99.86347961425781,3265200
2022-12-29,108.75,110.76000213623047,108.45999908447266,110.30999755859375,102.16024780273438,3047800
2022-12-30,109.80000305175781,110.12000274658203,108.66000366210938,109.79000091552734,101.67867279052734,3471000
2023-01-03,110.51000213623047,111.33000183105469,108.75,109.58000183105469,101.48419189453125,4171900
2023-01-04,111.01000213623047,111.94000244140625,110.3499984741211,111.20999908447266,102.9937515258789,4395500
2023-01-05,111.0999984741211,111.70999908447266,110.36000061035156,110.80000305175781,102.61405944824219,4896900
2023-01-06,112.0,112.73999786376953,110.20999908447266,112.33000183105469,104.03102111816406,3800400
2023-01-09,113.5199966430664,113.66999816894531,112.0199966430664,112.1500015258789,103.86431121826172,7277700
2023-01-10,112.5,114.08000183105469,112.31999969482422,113.8499984741211,105.43870544433594,5591700
2023-01-11,114.87000274658203,115.69000244140625,112.13999938964844,113.1500015258789,104.79044342041016,5350300
2023-01-12,111.98999786376953,112.38999938964844,110.88999938964844,111.36000061035156,103.59962463378906,4697700
2023-01-13,111.2699966430664,113.88999938964844,111.19000244140625,113.51000213623047,105.59981536865234,5348700
2023-01-17,113.5,114.27999877929688,113.05999755859375,113.38999938964844,105.4881591796875,5711000
2023-01-18,113.20999908447266,113.58000183105469,111.19000244140625,111.51000213623047,103.73918914794922,4288500
2023-01-19,111.05999755859375,112.31999969482422,110.58999633789062,111.80000305175781,104.00897979736328,6157700
2023-01-20,112.19999694824219,113.04000091552734,111.6500015258789,112.81999969482422,104.95789337158203,5078300
2023-01-23,112.43000030517578,114.69999694824219,112.41999816894531,114.01000213623047,106.0649642944336,6115300
2023-01-24,112.86000061035156,113.66000366210938,112.27999877929688,112.52999877929688,104.68809509277344,4662000
2023-01-25,110.0,112.23999786376953,109.58999633789062,111.0,103.26470947265625,6070800
2023-01-26,111.25,111.62000274658203,110.11000061035156,111.06999969482422,103.32984161376953,4159500
2023-01-27,110.6500015258789,111.26000213623047,109.80999755859375,109.94999694824219,102.28789520263672,4860600
2023-01-30,109.80999755859375,110.66999816894531,109.62000274658203,109.80999755859375,102.15763854980469,4434800
2023-01-31,109.79000091552734,110.66000366210938,108.87000274658203,110.55000305175781,102.84608459472656,5698300
2023-02-01,110.77999877929688,112.08999633789062,109.66999816894531,111.81999969482422,104.02757263183594,4532300
2023-02-02,111.27999877929688,112.37000274658203,110.88999938964844,112.25,104.42761993408203,5051800
2023-02-03,111.80999755859375,112.33000183105469,110.66000366210938,111.79000091552734,103.9996566772461,3754500
2023-02-06,111.56999969482422,111.69000244140625,110.45999908447266,110.75,103.03214263916016,4145600
2023-02-07,110.04000091552734,112.41000366210938,109.87999725341797,111.98999786376953,104.18574523925781,3401600
2023-02-08,111.4000015258789,111.87000274658203,109.75,110.19999694824219,102.52046966552734,4222300
2023-02-09,110.69000244140625,111.2699966430664,107.51000213623047,108.06999969482422,100.53890228271484,3912700
2023-02-10,108.26000213623047,108.9000015258789,107.80000305175781,108.16000366210938,100.62264251708984,4186300
2023-02-13,108.31999969482422,109.13999938964844,107.7699966430664,108.5199966430664,100.95755004882812,3711000
2023-02-14,108.19000244140625,108.33999633789062,106.36000061035156,107.26000213623047,99.78534698486328,4244000
2023-02-15,106.76000213623047,107.30999755859375,106.27999877929688,107.27999877929688,99.80397033691406,4060300
2023-02-16,105.7699966430664,107.38999938964844,105.66999816894531,106.08000183105469,98.68757629394531,3299000
2023-02-17,105.54000091552734,106.95999908447266,105.48999786376953,106.73999786376953,99.30157470703125,3564100
2023-02-21,105.8499984741211,106.13999938964844,103.3499984741211,103.6500015258789,96.42691802978516,5204300
2023-02-22,103.23999786376953,103.8499984741211,100.5,102.69000244140625,95.53382110595703,8900900
2023-02-23,103.23999786376953,103.77999877929688,101.66000366210938,102.55000305175781,95.4035873413086,4611100
2023-02-24,101.44999694824219,101.80000305175781,99.88999938964844,100.45999908447266,93.459228515625,5476800
2023-02-27,101.27999877929688,101.30999755859375,99.66000366210938,99.7699966430664,92.81731414794922,4489800
2023-02-28,99.83999633789062,102.41999816894531,99.69000244140625,101.72000122070312,94.63141632080078,7877000
2023-03-01,100.69999694824219,101.36000061035156,100.38999938964844,100.83000183105469,93.8034439086914,3963500
2023-03-02,100.2699966430664,102.9800033569336,100.2699966430664,102.62999725341797,95.47799682617188,5209900
2023-03-03,102.9000015258789,104.51000213623047,102.76000213623047,104.44999694824219,97.17117309570312,4982400
2023-03-06,104.51000213623047,104.5999984741211,102.62999725341797,102.75,95.58963775634766,5005100
2023-03-07,102.86000061035156,103.0999984741211,99.81999969482422,99.9800033569336,93.0126724243164,6349000
2023-03-08,99.91999816894531,100.2699966430664,99.26000213623047,99.4000015258789,92.47308349609375,6252600
2023-03-09,99.88999938964844,99.97000122070312,97.5,97.8499984741211,91.0311050415039,5146000
2023-03-10,97.76000213623047,98.4000015258789,96.55999755859375,96.95999908447266,90.20313262939453,7042400
2023-03-13,96.5999984741211,99.19999694824219,96.38999938964844,98.19000244140625,91.347412109375,6553000
2023-03-14,99.27999877929688,99.5,97.33999633789062,98.55000305175781,91.68231964111328,5093900
2023-03-15,97.5,97.94000244140625,96.69999694824219,97.80000305175781,90.98458862304688,5712100
2023-03-16,97.05999755859375,99.27999877929688,97.0,99.02999877929688,92.12887573242188,5289100
2023-03-17,99.01000213623047,99.19999694824219,96.51000213623047,97.01000213623047,90.24964904785156,10848100
2023-03-20,97.26000213623047,98.19999694824219,97.18000030517578,97.87000274658203,91.04971313476562,6075700
2023-03-21,98.16999816894531,98.41000366210938,97.29000091552734,98.33000183105469,91.47765350341797,4475000
2023-03-22,98.61000061035156,99.30999755859375,96.83999633789062,96.86000061035156,90.11009979248047,3606700
2023-03-23,96.9000015258789,97.80999755859375,96.44000244140625,97.04000091552734,90.27755737304688,4525000
2023-03-24,97.04000091552734,98.08000183105469,96.80999755859375,98.05000305175781,91.21717834472656,5269100
2023-03-27,99.0,99.4800033569336,98.2699966430664,98.45999908447266,91.59860229492188,4627700
2023-03-28,98.0999984741211,98.23999786376953,96.61000061035156,97.11000061035156,90.3426742553711,4815400
2023-03-29,98.01000213623047,98.73999786376953,97.25,98.62000274658203,91.74745178222656,6780200
2023-03-30,99.37999725341797,99.4800033569336,98.51000213623047,99.08000183105469,92.1753921508789,5199300
2023-03-31,99.91999816894531,101.41000366210938,99.7300033569336,101.26000213623047,94.20347595214844,6442400
2023-04-03,100.80000305175781,101.66000366210938,100.04000091552734,101.58999633789062,94.51048278808594,5432400
2023-04-04,101.9000015258789,103.33999633789062,101.83000183105469,102.80000305175781,95.63616180419922,7979000
2023-04-05,102.62999725341797,104.29000091552734,102.5,104.20999908447266,96.94788360595703,7298300
2023-04-06,104.48999786376953,105.55000305175781,104.18000030517578,104.93000030517578,97.61772155761719,5065000
2023-04-10,104.41999816894531,104.91000366210938,103.05999755859375,103.69999694824219,96.47344207763672,4900200
2023-04-11,104.19999694824219,104.69999694824219,103.0999984741211,103.29000091552734,96.09200286865234,4658000
2023-04-12,103.38999938964844,103.83999633789062,102.30999755859375,102.55999755859375,95.41287994384766,4560700
2023-04-13,102.75,103.70999908447266,101.80000305175781,103.61000061035156,96.87141418457031,4778700
2023-04-14,103.61000061035156,104.3499984741211,103.45999908447266,103.95999908447266,97.19864654541016,5043700
2023-04-17,104.0,104.8499984741211,104.0,104.5199966430664,97.72224426269531,4806400
2023-04-18,105.44000244140625,105.69999694824219,103.93000030517578,104.1500015258789,97.37630462646484,6552100
2023-04-19,108.5,112.69999694824219,108.1500015258789,112.29000091552734,104.98688507080078,12425400
2023-04-20,112.25,112.29000091552734,110.0,110.3499984741211,103.17306518554688,7413200
2023-04-21,110.87999725341797,112.12000274658203,110.87999725341797,111.66000366210938,104.39786529541016,6301100
2023-04-24,111.75,111.75,110.13999938964844,110.4000015258789,103.21981811523438,5341900
2023-04-25,110.38999938964844,110.52999877929688,109.66999816894531,109.97000122070312,102.81775665283203,5636700
2023-04-26,109.31999969482422,109.41999816894531,108.2699966430664,108.75,101.6771240234375,4240000
2023-04-27,108.70999908447266,109.54000091552734,107.66999816894531,109.5,102.37834930419922,4257200
2023-04-28,109.44000244140625,110.8499984741211,109.37000274658203,110.47000122070312,103.28526306152344,4835900
2023-05-01,110.45999908447266,111.56999969482422,109.93000030517578,111.11000061035156,103.8836441040039,3722900
2023-05-02,111.05999755859375,111.94000244140625,110.43000030517578,111.5,104.24828338623047,4998000
2023-05-03,111.80999755859375,112.94999694824219,111.43000030517578,111.76000213623047,104.49137878417969,5602000
2023-05-04,111.44999694824219,111.48999786376953,110.55999755859375,110.86000061035156,103.64989471435547,4070700
2023-05-05,111.37000274658203,111.75,111.05000305175781,111.26000213623047,104.02388000488281,4025000
2023-05-08,110.45999908447266,111.58000183105469,110.29000091552734,110.9000015258789,103.68730163574219,2445500
2023-05-09,110.12999725341797,111.02999877929688,109.29000091552734,110.25,103.0795669555664,3274300
2023-05-10,110.9000015258789,110.97000122070312,109.62999725341797,110.69000244140625,103.49095916748047,3129100
2023-05-11,110.05999755859375,110.47000122070312,109.26000213623047,110.05000305175781,102.89256286621094,3879400
2023-05-12,109.76000213623047,110.55000305175781,109.4800033569336,110.48999786376953,103.30397033691406,3325000
2023-05-15,110.63999938964844,110.9800033569336,109.54000091552734,109.83999633789062,102.69624328613281,3020000
2023-05-16,109.54000091552734,110.45999908447266,109.26000213623047,109.38999938964844,102.27549743652344,3393800
2023-05-17,109.7699966430664,109.9800033569336,107.97000122070312,108.81999969482422,101.7425765991211,3801000
2023-05-18,108.7300033569336,108.83999633789062,107.87000274658203,108.47000122070312,101.41533660888672,3481600
2023-05-19,108.9800033569336,109.9800033569336,108.4000015258789,108.93000030517578,101.84542083740234,4487700
2023-05-22,108.68000030517578,109.31999969482422,108.06999969482422,108.25,101.20964813232422,2809500
2023-05-23,107.30000305175781,107.4800033569336,105.5199966430664,105.73999786376953,98.8628921508789,4337800
2023-05-24,105.6500015258789,105.6500015258789,103.98999786376953,104.04000091552734,97.27345275878906,4507600
2023-05-25,103.2699966430664,103.52999877929688,101.33999633789062,102.13999938964844,95.49702453613281,6734500
2023-05-26,102.1500015258789,103.44999694824219,102.02999877929688,102.87000274658203,96.17955017089844,4911800
2023-05-30,102.25,102.5199966430664,101.56999969482422,101.70999908447266,95.09500122070312,5168700
2023-05-31,101.5,102.2699966430664,100.37999725341797,102.0,95.36613464355469,7063400
2023-06-01,101.91000366210938,102.9000015258789,100.91000366210938,102.81999969482422,96.13280487060547,4603900
2023-06-02,103.30999755859375,104.5,102.8499984741211,104.19999694824219,97.42304229736328,6024300
2023-06-05,104.05999755859375,105.01000213623047,103.33999633789062,103.76000213623047,97.01166534423828,3565900
2023-06-06,103.87000274658203,104.04000091552734,102.22000122070312,102.62000274658203,95.94580841064453,4044300
2023-06-07,102.41999816894531,102.48999786376953,101.25,101.66000366210938,95.04824829101562,6231200
2023-06-08,101.25,101.37999725341797,100.56999969482422,100.77999877929688,94.22547149658203,5159000
2023-06-09,100.97000122070312,101.9800033569336,100.54000091552734,101.69000244140625,95.0762939453125,4276000
2023-06-12,101.83999633789062,101.91000366210938,100.79000091552734,101.4000015258789,94.80516052246094,3629100
2023-06-13,101.48999786376953,102.06999969482422,100.94000244140625,101.86000061035156,95.2352523803711,4642200
2023-06-14,103.30999755859375,104.1500015258789,102.81999969482422,103.25,96.53482055664062,5020600
2023-06-15,103.26000213623047,105.31999969482422,103.11000061035156,105.0199966430664,98.18971252441406,6378600
2023-06-16,105.44000244140625,106.56999969482422,105.37000274658203,106.19999694824219,99.29295349121094,10020900
2023-06-20,105.19999694824219,107.66999816894531,104.9000015258789,106.69999694824219,99.76045227050781,6573100
2023-06-21,106.62000274658203,106.76000213623047,105.61000061035156,106.25,99.3397216796875,4428600
2023-06-22,106.69000244140625,108.36000061035156,106.44000244140625,108.25,101.20964813232422,5480300
2023-06-23,108.19999694824219,108.5,107.37000274658203,108.05000305175781,101.02265167236328,5647000
2023-06-26,108.0999984741211,109.20999908447266,106.80000305175781,108.51000213623047,101.4527359008789,6134700
2023-06-27,108.88999938964844,108.94000244140625,106.7699966430664,107.79000091552734,100.77957916259766,4849700
2023-06-28,107.95999908447266,108.1500015258789,107.36000061035156,107.61000061035156,100.61127471923828,3900000
2023-06-29,107.02999877929688,107.86000061035156,106.97000122070312,107.66000366210938,100.65800476074219,3417400
2023-06-30,108.0,109.33999633789062,107.69999694824219,109.0199966430664,101.92957305908203,4449200
2023-07-03,108.25,108.4800033569336,107.02999877929688,107.22000122070312,100.24663543701172,2268000
2023-07-05,106.72000122070312,107.83000183105469,106.44999694824219,107.37000274658203,100.38689422607422,4968600
2023-07-06,106.75,107.44999694824219,106.13999938964844,107.19999694824219,100.22792053222656,5325000
2023-07-07,106.30000305175781,107.93000030517578,106.06999969482422,106.3499984741211,99.43321990966797,5053700
2023-07-10,106.58000183105469,107.75,106.29000091552734,107.0199966430664,100.05963134765625,5259500
2023-07-11,107.0199966430664,107.68000030517578,106.7699966430664,107.5,100.50841522216797,3899700
2023-07-12,108.05999755859375,108.20999908447266,106.66000366210938,106.8499984741211,99.90068817138672,4845300
2023-07-13,106.69000244140625,107.79000091552734,106.44999694824219,107.73999786376953,101.21591186523438,4936800
2023-07-14,108.0,108.47000122070312,107.18000030517578,107.93000030517578,101.39441680908203,4016000
2023-07-17,107.54000091552734,107.70999908447266,106.70999908447266,107.0,100.52073669433594,4580800
2023-07-18,106.80999755859375,107.19000244140625,105.95999908447266,106.94999694824219,100.4737548828125,3913900
2023-07-19,107.06999969482422,108.08999633789062,107.05999755859375,107.27999877929688,100.78376770019531,6225900
2023-07-20,108.0999984741211,112.56999969482422,107.77999877929688,111.83000183105469,105.0582504272461,8768600
2023-07-21,112.8499984741211,114.79000091552734,112.33000183105469,114.29000091552734,107.36930084228516,7062700
2023-07-24,113.83999633789062,115.83000183105469,113.18000030517578,114.62000274658203,107.67931365966797,5665900
2023-07-25,113.11000061035156,113.5,112.51000213623047,112.93000030517578,106.09164428710938,4732500
2023-07-26,112.5,114.30000305175781,112.37999725341797,114.08000183105469,107.17200469970703,3682500
2023-07-27,114.45999908447266,114.58999633789062,112.51000213623047,112.6500015258789,105.82860565185547,4762900
2023-07-28,113.18000030517578,113.5199966430664,112.31999969482422,112.7300033569336,105.90376281738281,3409200
2023-07-31,112.8499984741211,112.88999938964844,110.69999694824219,111.33000183105469,104.58853912353516,3930800
2023-08-01,110.70999908447266,111.25,110.30000305175781,110.52999877929688,103.83696746826172,3733700
2023-08-02,110.0199966430664,110.19999694824219,108.05999755859375,108.62000274658203,102.04263305664062,4699400
2023-08-03,107.70999908447266,108.30999755859375,107.13999938964844,107.54000091552734,101.02802276611328,4947700
2023-08-04,107.31999969482422,108.77999877929688,107.27999877929688,107.6500015258789,101.13136291503906,3231100
2023-08-07,107.98999786376953,108.58999633789062,107.62999725341797,108.44999694824219,101.88291931152344,3632500
2023-08-08,107.5999984741211,107.5999984741211,103.66999816894531,105.58000183105469,99.18672180175781,7544300
2023-08-09,105.5,106.9000015258789,105.18000030517578,105.30000305175781,98.92366790771484,5135200
2023-08-10,105.4800033569336,107.0,104.62000274658203,104.73999786376953,98.39757537841797,4708200
2023-08-11,104.22000122070312,105.41000366210938,103.69000244140625,105.30999755859375,98.93305969238281,3478600
2023-08-14,105.13999938964844,106.22000122070312,105.13999938964844,106.0999984741211,99.67522430419922,3076100
2023-08-15,106.1500015258789,106.1500015258789,104.55000305175781,104.94000244140625,98.5854721069336,3150600
2023-08-16,104.45999908447266,105.37999725341797,104.44000244140625,104.52999877929688,98.20030212402344,4086400
2023-08-17,105.19999694824219,105.91000366210938,104.4800033569336,104.93000030517578,98.5760726928711,4175200
2023-08-18,104.55999755859375,105.05999755859375,103.27999877929688,103.70999908447266,97.4299545288086,4809700
2023-08-21,103.77999877929688,104.41000366210938,103.36000061035156,103.87000274658203,97.58028411865234,2954700
2023-08-22,103.87999725341797,105.52999877929688,103.72000122070312,105.1500015258789,98.78274536132812,4840100
2023-08-23,105.69999694824219,106.11000061035156,104.80000305175781,105.12999725341797,98.76395416259766,3403300
2023-08-24,104.91000366210938,105.8499984741211,103.62999725341797,103.75,97.467529296875,3529500
2023-08-25,104.0199966430664,104.77999877929688,103.29000091552734,104.20999908447266,97.89966583251953,3000800
2023-08-28,105.06999969482422,105.22000122070312,101.88999938964844,102.79000091552734,96.56566619873047,5862500
2023-08-29,103.23999786376953,103.94000244140625,102.9800033569336,103.87000274658203,97.58028411865234,4515600
2023-08-30,104.08000183105469,105.08000183105469,104.08000183105469,104.41000366210938,98.08756256103516,3711300
2023-08-31,104.5199966430664,104.58000183105469,102.86000061035156,102.9000015258789,96.66899871826172,4042300
2023-09-01,103.4000015258789,103.79000091552734,102.55999755859375,102.8499984741211,96.62202453613281,2641100
2023-09-05,102.77999877929688,102.8499984741211,100.87000274658203,100.87999725341797,94.77130889892578,4284000
2023-09-06,101.01000213623047,102.05999755859375,99.7699966430664,101.55999755859375,95.41014862060547,5094400
2023-09-07,101.98999786376953,102.27999877929688,100.51000213623047,100.66999816894531,94.57404327392578,3863200
2023-09-08,100.5999984741211,100.81999969482422,99.83999633789062,100.7300033569336,94.6303939819336,3521300
2023-09-11,100.80000305175781,103.12999725341797,100.55000305175781,102.44999694824219,96.24624633789062,4891100
2023-09-12,102.37000274658203,102.91999816894531,101.5999984741211,102.4000015258789,96.19926452636719,3531400
2023-09-13,102.06999969482422,103.44000244140625,102.05999755859375,102.69000244140625,96.47171783447266,3192500
2023-09-14,103.22000122070312,103.62000274658203,102.5199966430664,102.6500015258789,96.43412780761719,4086600
2023-09-15,102.8499984741211,102.88999938964844,101.4800033569336,101.73999786376953,95.57923126220703,8303300
2023-09-18,102.06999969482422,102.06999969482422,100.75,101.0,94.88404846191406,3652600
2023-09-19,101.37999725341797,101.95999908447266,100.13999938964844,100.66999816894531,94.57404327392578,4090800
2023-09-20,101.19000244140625,101.3499984741211,100.2699966430664,100.27999877929688,94.20764923095703,3966000
2023-09-21,100.0,100.19999694824219,98.8499984741211,98.93000030517578,92.93940734863281,3943700
2023-09-22,98.9000015258789,98.93000030517578,98.0199966430664,98.1500015258789,92.20662689208984,4357800
2023-09-25,97.97000122070312,98.20999908447266,97.16000366210938,97.47000122070312,91.56781005859375,4096300
2023-09-26,97.05000305175781,97.52999877929688,96.02999877929688,96.2300033569336,90.40290069580078,3967700
2023-09-27,96.58999633789062,96.94000244140625,94.76000213623047,95.52999877929688,89.74528503417969,5391000
2023-09-28,96.27999877929688,98.27999877929688,96.12000274658203,98.12000274658203,92.17845153808594,6092800
2023-09-29,98.44999694824219,98.51000213623047,96.4800033569336,96.8499984741211,90.9853515625,5150500
2023-10-02,95.76000213623047,95.88999938964844,94.52999877929688,95.7300033569336,89.93315887451172,4349200
2023-10-03,95.5199966430664,96.16999816894531,94.58000183105469,95.79000091552734,89.98954010009766,4597500
2023-10-04,95.88999938964844,96.33999633789062,94.83000183105469,95.6500015258789,89.85801696777344,4336100
2023-10-05,95.76000213623047,96.69000244140625,95.0999984741211,96.19999694824219,90.37471008300781,5708300
2023-10-06,95.80999755859375,97.51000213623047,95.44999694824219,96.87999725341797,91.01353454589844,4790500
2023-10-09,96.41000366210938,97.01000213623047,95.79000091552734,96.76000213623047,90.90079498291016,3958300
2023-10-10,96.81999969482422,98.48999786376953,96.58999633789062,97.55999755859375,91.65235900878906,4352200
2023-10-11,97.16000366210938,97.16000366210938,92.05000305175781,92.63999938964844,87.0302734375,9269300
2023-10-12,92.25,93.08000183105469,89.66999816894531,90.19000244140625,85.19767761230469,7387000
2023-10-13,89.87999725341797,91.66000366210938,89.80999755859375,90.87000274658203,85.84002685546875,5623600
2023-10-16,91.0999984741211,92.86000061035156,90.87000274658203,92.18000030517578,87.07750701904297,6452300
2023-10-17,91.94999694824219,93.01000213623047,91.26000213623047,92.13999938964844,87.03974151611328,8288600
2023-10-18,96.0,96.5,91.6500015258789,95.55999755859375,90.27043151855469,16482600
2023-10-19,96.54000091552734,96.54000091552734,93.76000213623047,95.44000244140625,90.15707397460938,8537800
2023-10-20,95.25,98.1500015258789,95.25,96.77999877929688,91.42290496826172,11517800
2023-10-23,96.87999725341797,98.1500015258789,95.66000366210938,95.77999877929688,90.47823333740234,6178800
2023-10-24,95.4000015258789,95.83000183105469,94.33999633789062,94.80999755859375,89.56194305419922,6677000
2023-10-25,94.55999755859375,94.63999938964844,92.79000091552734,93.56999969482422,88.39057922363281,8157700
2023-10-26,93.05999755859375,94.75,93.05000305175781,93.9800033569336,88.77789306640625,6838100
2023-10-27,94.75,95.31999969482422,92.37999725341797,92.8499984741211,87.7104263305664,5934100
2023-10-30,93.52999877929688,93.8499984741211,91.63999938964844,93.0,87.85212707519531,7168900
2023-10-31,93.9000015258789,94.9000015258789,93.12000274658203,94.55000305175781,89.31633758544922,7452300
2023-11-01,94.8499984741211,95.98999786376953,94.55999755859375,95.01000213623047,89.7508773803711,6985000
2023-11-02,94.9800033569336,96.16999816894531,94.44000244140625,95.95999908447266,90.64828491210938,4683100
2023-11-03,97.0,97.16999816894531,95.66000366210938,95.83999633789062,90.53491973876953,5652600
2023-11-06,95.55000305175781,95.80999755859375,94.41000366210938,95.0,89.74141693115234,6137400
2023-11-07,94.93000030517578,95.44000244140625,94.5,94.80000305175781,89.55249786376953,4466500
2023-11-08,95.22000122070312,95.7300033569336,93.79000091552734,94.73999786376953,89.49581146240234,4416000
2023-11-09,94.87999725341797,95.19000244140625,93.38999938964844,93.55000305175781,88.37168884277344,5007900
2023-11-10,93.69999694824219,94.22000122070312,92.43000030517578,93.97000122070312,88.76842498779297,5479100
2023-11-13,95.66999816894531,96.75,94.5,95.79000091552734,90.4876937866211,6894800
2023-11-14,96.31999969482422,97.83999633789062,96.19999694824219,97.08000183105469,91.706298828125,5527100
2023-11-15,97.37000274658203,98.33000183105469,96.91999816894531,98.0,92.57535552978516,5370500
2023-11-16,97.72000122070312,100.3499984741211,97.63999938964844,100.26000213623047,94.71025848388672,7603200
2023-11-17,100.43000030517578,100.75,99.25,99.55000305175781,94.03955078125,6069100
2023-11-20,98.94999694824219,101.30999755859375,98.94999694824219,101.19999694824219,95.59822845458984,6869100
2023-11-21,101.47000122070312,102.58000183105469,100.98999786376953,101.91000366210938,96.26893615722656,7111600
2023-11-22,102.27999877929688,103.22000122070312,102.08000183105469,102.69999694824219,97.01519012451172,6470600
2023-11-24,102.68000030517578,103.18000030517578,102.19000244140625,102.87000274658203,97.17579650878906,2166800
2023-11-27,102.5999984741211,103.47000122070312,102.25,102.70999908447266,97.02465057373047,4572500
2023-11-28,102.45999908447266,102.48999786376953,101.3499984741211,102.05999755859375,96.4106216430664,3607600
2023-11-29,102.31999969482422,103.83999633789062,102.2300033569336,103.62999725341797,97.89371490478516,5458700
2023-11-30,103.75,104.72000122070312,103.11000061035156,104.29000091552734,98.5171890258789,16766200
2023-12-01,104.22000122070312,104.9800033569336,103.9000015258789,104.87999725341797,99.07452392578125,4682300
2023-12-04,104.41000366210938,105.51000213623047,104.30000305175781,105.19000244140625,99.36737060546875,4717700
2023-12-05,105.0,105.25,103.94999694824219,104.3499984741211,98.57386016845703,4315500
2023-12-06,104.62999725341797,105.26000213623047,103.87999725341797,104.94000244140625,99.1312026977539,4296000
2023-12-07,105.19000244140625,105.20999908447266,103.95999908447266,104.05000305175781,98.29047393798828,5199000
2023-12-08,104.12000274658203,104.86000061035156,104.12000274658203,104.51000213623047,98.72500610351562,3426800
2023-12-11,104.20999908447266,106.25,104.20999908447266,106.22000122070312,100.34037017822266,5208200
2023-12-12,106.37000274658203,107.22000122070312,105.55999755859375,106.68000030517578,100.77489471435547,5354500
2023-12-13,106.01000213623047,107.27999877929688,105.9000015258789,107.25,101.31334686279297,6534800
2023-12-14,107.83000183105469,108.66999816894531,106.68000030517578,108.5999984741211,102.5886001586914,6611600
2023-12-15,107.86000061035156,107.97000122070312,106.51000213623047,107.29000091552734,101.35111999511719,13316300
2023-12-18,107.63999938964844,108.62000274658203,107.16000366210938,108.05999755859375,102.07852172851562,5142800
2023-12-19,108.1500015258789,108.72000122070312,107.43000030517578,108.41999816894531,102.4185791015625,4675100
2023-12-20,107.8499984741211,108.81999969482422,107.30000305175781,107.4000015258789,101.45503234863281,5666200
2023-12-21,107.41999816894531,108.68000030517578,107.18000030517578,108.4800033569336,102.47525024414062,3555600
2023-12-22,108.86000061035156,109.33999633789062,108.5,109.02999877929688,102.99481964111328,2565700
2023-12-26,108.51000213623047,109.7300033569336,108.51000213623047,109.2300033569336,103.18374633789062,2513400
2023-12-27,109.04000091552734,109.80000305175781,109.04000091552734,109.79000091552734,103.71273803710938,2471800
2023-12-28,109.8499984741211,110.70999908447266,109.72000122070312,110.4000015258789,104.28899383544922,3206100
2023-12-29,110.4000015258789,110.7300033569336,109.83000183105469,110.06999969482422,103.97724151611328,3550200
2024-01-02,109.55999755859375,111.0,109.55999755859375,109.8499984741211,103.76942443847656,5058600
2024-01-03,110.13999938964844,110.25,109.29000091552734,109.5199966430664,103.45768737792969,4239600
2024-01-04,109.68000030517578,111.02999877929688,109.51000213623047,110.9800033569336,104.83688354492188,5296100
2024-01-05,110.70999908447266,111.05000305175781,110.02999877929688,110.80000305175781,104.66683197021484,4127700
2024-01-08,111.12999725341797,112.5199966430664,110.91999816894531,112.4000015258789,106.17826843261719,5030400
2024-01-09,112.1500015258789,113.54000091552734,112.05999755859375,112.7300033569336,106.49000549316406,3802100
2024-01-10,113.05000305175781,114.41000366210938,112.80999755859375,114.4000015258789,108.06756591796875,4672100
2024-01-11,113.26000213623047,113.7300033569336,112.58999633789062,113.5,107.73533630371094,5163900
2024-01-12,114.16999816894531,114.94000244140625,113.44999694824219,113.91999816894531,108.1340103149414,3884800
2024-01-16,113.51000213623047,114.06999969482422,112.91000366210938,113.76000213623047,107.98214721679688,5876000
2024-01-17,113.62000274658203,114.5,113.44000244140625,113.93000030517578,108.14350128173828,4672000
2024-01-18,114.19999694824219,114.56999969482422,113.41000366210938,114.0199966430664,108.22895050048828,5098000
2024-01-19,113.62999725341797,114.86000061035156,113.45999908447266,114.69000244140625,108.86491394042969,6843100
2024-01-22,114.93000030517578,115.63999938964844,114.13999938964844,114.19000244140625,108.39028930664062,5062500
2024-01-23,114.44999694824219,115.5,112.87000274658203,114.0,108.20995330810547,5037300
2024-01-24,110.75,113.3499984741211,109.73999786376953,110.7699966430664,105.14399719238281,8710800
2024-01-25,111.41000366210938,112.56999969482422,110.79000091552734,112.44999694824219,106.73868560791016,5648600
2024-01-26,113.2300033569336,113.41000366210938,111.54000091552734,112.01000213623047,106.32102966308594,5176600
2024-01-29,112.1500015258789,113.47000122070312,112.02999877929688,113.44999694824219,107.68787384033203,6480600
2024-01-30,113.9000015258789,113.91999816894531,112.37999725341797,113.4800033569336,107.71636199951172,4768400
2024-01-31,114.0,114.54000091552734,112.62000274658203,113.1500015258789,107.40312957763672,8325200
2024-02-01,112.75,114.54000091552734,112.0,114.48999786376953,108.67506408691406,4520300
2024-02-02,112.95999908447266,114.05999755859375,111.9800033569336,112.11000061035156,106.41593933105469,7575700
2024-02-05,112.0199966430664,112.45999908447266,111.1500015258789,111.6500015258789,105.97929382324219,5670000
2024-02-06,111.81999969482422,114.51000213623047,111.72000122070312,114.0,108.20995330810547,4734600
2024-02-07,114.5999984741211,114.5999984741211,112.88999938964844,113.30999755859375,107.55496978759766,4757500
2024-02-08,113.3499984741211,113.3499984741211,111.5199966430664,112.43000030517578,106.71968841552734,6980500
2024-02-09,112.25,112.62999725341797,111.19000244140625,111.80999755859375,106.13117980957031,5947500
2024-02-12,111.5,112.62999725341797,111.20999908447266,112.52999877929688,106.81460571289062,4232100
2024-02-13,112.47000122070312,113.11000061035156,110.58000183105469,111.33999633789062,105.68504333496094,4263400
2024-02-14,111.63999938964844,112.37999725341797,111.12000274658203,112.05999755859375,106.36848449707031,3991100
2024-02-15,112.2699966430664,114.2699966430664,112.2699966430664,113.63999938964844,107.86824035644531,5450700
2024-02-16,113.5,115.48999786376953,113.44999694824219,114.01000213623047,108.21944427490234,7161100
2024-02-20,114.33000183105469,117.19000244140625,113.95999908447266,116.63999938964844,110.71586608886719,9601100
2024-02-21,115.95999908447266,117.9800033569336,115.95999908447266,117.87000274658203,111.8833999633789,6144600
2024-02-22,118.0999984741211,119.25,116.80000305175781,119.0199966430664,112.97498321533203,4916100
2024-02-23,119.37999725341797,120.1500015258789,118.86000061035156,119.45999908447266,113.39264678955078,4261300
2024-02-26,119.5,119.94999694824219,118.38999938964844,118.69000244140625,112.6617431640625,3483100
2024-02-27,118.16000366210938,119.5,117.83000183105469,119.4000015258789,113.33567810058594,3203300
2024-02-28,119.48999786376953,120.11000061035156,119.2699966430664,120.05000305175781,113.95267486572266,3383800
2024-02-29,120.31999969482422,120.44999694824219,118.52999877929688,118.63999938964844,112.61427307128906,6135200
2024-03-01,118.56999969482422,119.45999908447266,117.83000183105469,118.62000274658203,112.59530639648438,3899400
2024-03-04,118.30000305175781,120.27999877929688,118.16999816894531,120.04000091552734,113.94317626953125,3164000
2024-03-05,120.44000244140625,120.5999984741211,118.08000183105469,118.4800033569336,112.46240997314453,3502300
2024-03-06,118.5999984741211,119.58000183105469,118.41999816894531,119.33999633789062,113.27872467041016,3388700
2024-03-07,120.0999984741211,121.5,119.94999694824219,120.91999816894531,114.77848052978516,4200800
2024-03-08,120.97000122070312,121.63999938964844,120.61000061035156,120.95999908447266,114.81644439697266,3357400
2024-03-11,120.93000030517578,121.41999816894531,119.62000274658203,120.19000244140625,114.0855712890625,3886000
2024-03-12,119.94999694824219,121.08000183105469,119.05999755859375,120.76000213623047,114.6266098022461,3079700
2024-03-13,120.5199966430664,120.93000030517578,119.62000274658203,120.16000366210938,114.05708312988281,3421700
2024-03-14,120.01000213623047,120.33999633789062,117.8499984741211,118.8499984741211,112.8136215209961,4952200
2024-03-15,113.0199966430664,115.48999786376953,112.26000213623047,115.48999786376953,109.62427520751953,22415700
2024-03-18,115.3499984741211,115.76000213623047,112.29000091552734,112.44000244140625,106.72917938232422,12991000
2024-03-19,112.44000244140625,114.41999816894531,112.04000091552734,113.16000366210938,107.4126205444336,8299200
2024-03-20,113.0,113.23999786376953,110.7300033569336,111.5,105.83692932128906,8317300
2024-03-21,111.94999694824219,112.13999938964844,111.01000213623047,111.51000213623047,105.84642028808594,9722700
2024-03-22,111.5199966430664,111.9800033569336,110.54000091552734,110.56999969482422,104.95416259765625,5387700
2024-03-25,110.44999694824219,110.80000305175781,109.11000061035156,110.01000213623047,104.42259216308594,6622400
2024-03-26,110.48999786376953,111.9000015258789,109.93000030517578,111.5,105.83692932128906,7770600
2024-03-27,112.0,113.69999694824219,111.94000244140625,113.4800033569336,107.71636199951172,7533400
2024-03-28,113.27999877929688,114.0199966430664,112.93000030517578,113.66000366210938,107.88721466064453,5278000
2024-04-01,113.66000366210938,113.66000366210938,111.81999969482422,112.08999633789062,106.39695739746094,3964000
2024-04-02,111.88999938964844,112.41999816894531,111.18000030517578,112.0199966430664,106.33051300048828,4560700
2024-04-03,112.13999938964844,112.55000305175781,111.05000305175781,111.27999877929688,105.62808990478516,4409900
2024-04-04,111.83999633789062,112.0,109.83999633789062,110.11000061035156,104.51751708984375,4799700
2024-04-05,109.69999694824219,111.26000213623047,109.54000091552734,111.19999694824219,105.55216217041016,5591200
2024-04-08,111.30000305175781,111.4800033569336,110.13999938964844,110.5199966430664,104.90667724609375,5810500
2024-04-09,110.58999633789062,112.56999969482422,110.58000183105469,112.44000244140625,106.72917938232422,4235700
2024-04-10,111.22000122070312,111.66999816894531,110.3499984741211,111.16999816894531,105.52367401123047,3965500
2024-04-11,111.6500015258789,111.9800033569336,110.30999755859375,111.44999694824219,105.78946685791016,4321500
2024-04-12,110.2699966430664,110.5,108.48999786376953,109.11000061035156,104.08194732666016,4041500
2024-04-15,110.08999633789062,110.88999938964844,108.83000183105469,108.88999938964844,103.87210083007812,4595600
2024-04-16,108.83999633789062,110.33000183105469,108.13999938964844,109.20999908447266,104.1773452758789,7283900
2024-04-17,107.52999877929688,108.72000122070312,104.25,105.9000015258789,101.01988220214844,12002900
2024-04-18,106.5,107.02999877929688,104.47000122070312,105.2699966430664,100.41890716552734,7306400
2024-04-19,105.9800033569336,107.7699966430664,105.37999725341797,107.27999877929688,102.33628845214844,10533600
2024-04-22,107.4800033569336,107.9000015258789,106.2699966430664,107.06999969482422,102.13597106933594,4948300
2024-04-23,107.66999816894531,108.11000061035156,107.30999755859375,107.58999633789062,102.63198852539062,3849600
2024-04-24,106.70999908447266,107.11000061035156,105.55999755859375,106.88999938964844,101.9642562866211,5052700
2024-04-25,106.6500015258789,107.45999908447266,106.13999938964844,106.86000061035156,101.93563079833984,3112300
2024-04-26,106.51000213623047,107.86000061035156,106.38999938964844,107.52999877929688,102.57475280761719,3575600
2024-04-29,107.38999938964844,108.19000244140625,106.5999984741211,107.2699966430664,102.32674407958984,3305100
2024-04-30,106.5199966430664,106.87000274658203,105.9000015258789,105.97000122070312,101.0866470336914,5074000
2024-05-01,105.93000030517578,107.16000366210938,105.91000366210938,106.29000091552734,101.39190673828125,4096800
2024-05-02,106.66000366210938,106.66000366210938,105.1500015258789,105.91999816894531,101.03894805908203,3708500
2024-05-03,106.11000061035156,106.63999938964844,105.4800033569336,105.9000015258789,101.01988220214844,3610300
2024-05-06,106.11000061035156,106.16999816894531,105.13999938964844,105.63999938964844,100.77185821533203,3789500
2024-05-07,106.5199966430664,106.5999984741211,105.79000091552734,106.16999816894531,101.27743530273438,6556400
2024-05-08,106.33999633789062,106.33999633789062,104.27999877929688,104.94000244140625,100.1041030883789,6234700
2024-05-09,104.7300033569336,105.01000213623047,104.5,104.66999816894531,99.8465576171875,5902000
2024-05-10,104.5,105.66999816894531,104.41999816894531,104.73999786376953,99.91332244873047,7349600
2024-05-13,104.98999786376953,105.5,104.4000015258789,104.7699966430664,99.94194030761719,5459200
2024-05-14,104.8499984741211,105.12999725341797,103.36000061035156,104.01000213623047,99.21698760986328,7035100
2024-05-15,104.0999984741211,104.83000183105469,104.0999984741211,104.58999633789062,99.7702407836914,5443200
2024-05-16,104.44999694824219,105.19000244140625,104.16000366210938,104.87000274658203,100.03734588623047,8708300
2024-05-17,104.41000366210938,104.80000305175781,103.94000244140625,104.08999633789062,99.29328155517578,7004600
2024-05-20,103.77999877929688,103.80000305175781,103.0199966430664,103.20999908447266,98.4538345336914,7165900
2024-05-21,103.5199966430664,103.86000061035156,102.41000366210938,102.95999908447266,98.21534729003906,4391600
2024-05-22,102.94999694824219,105.13999938964844,102.94000244140625,104.81999969482422,99.9896469116211,5933400
2024-05-23,103.95999908447266,104.91000366210938,103.44000244140625,104.2300033569336,99.42684173583984,5862200
2024-05-24,104.1500015258789,104.37000274658203,103.58000183105469,103.94999694824219,99.15974426269531,4455600
2024-05-28,103.56999969482422,103.58999633789062,101.55999755859375,101.94999694824219,97.25188446044922,4771100
2024-05-29,101.08999633789062,101.7699966430664,100.63999938964844,100.7300033569336,96.08812713623047,4960900
2024-05-30,101.27999877929688,102.61000061035156,100.86000061035156,101.73999786376953,97.05156707763672,5124000
2024-05-31,101.86000061035156,102.30000305175781,101.38999938964844,102.19000244140625,97.48085021972656,7915700
2024-06-03,102.16999816894531,104.12999725341797,101.91999816894531,102.87000274658203,98.1295166015625,4915100
2024-06-04,102.80000305175781,103.48999786376953,102.54000091552734,103.43000030517578,98.6636962890625,3880400
2024-06-05,102.93000030517578,103.41999816894531,101.9800033569336,103.2300033569336,98.47291564941406,3302300
2024-06-06,103.29000091552734,105.0,102.80999755859375,104.2699966430664,99.4649887084961,9835500
2024-06-07,103.86000061035156,108.12999725341797,103.37000274658203,107.58000183105469,102.6224594116211,8666600
2024-06-10,107.62999725341797,108.9800033569336,107.04000091552734,107.48999786376953,102.53660583496094,8555900
2024-06-11,107.31999969482422,107.31999969482422,105.52999877929688,105.80999755859375,100.93402099609375,7536000
2024-06-12,105.91000366210938,105.91000366210938,104.29000091552734,104.37999725341797,99.56991577148438,4569000
2024-06-13,103.63999938964844,103.69999694824219,102.5999984741211,103.44999694824219,98.68277740478516,4719500
2024-06-14,103.29000091552734,103.72000122070312,102.43000030517578,103.68000030517578,98.90217590332031,3683100
2024-06-17,102.91000366210938,103.94000244140625,102.54000091552734,103.44999694824219,98.68277740478516,3936200
2024-06-18,103.26000213623047,104.08999633789062,103.25,103.98999786376953,99.19789123535156,4501000
2024-06-20,103.52999877929688,106.83999633789062,103.47000122070312,106.56999969482422,101.65899658203125,9154900
2024-06-21,106.66000366210938,106.93000030517578,105.23999786376953,105.72000122070312,100.8481674194336,10324700
2024-06-24,106.29000091552734,106.29000091552734,104.94000244140625,105.30000305175781,100.44752502441406,5201300
2024-06-25,105.4000015258789,105.9800033569336,104.81999969482422,105.48999786376953,100.62876892089844,4637400
2024-06-26,105.08999633789062,105.6500015258789,104.31999969482422,104.87999725341797,100.046875,5406600
2024-06-27,105.25,105.31999969482422,103.91999816894531,104.6500015258789,99.8274917602539,4137600
2024-06-28,104.69999694824219,105.16000366210938,103.52999877929688,103.91000366210938,99.12158203125,8283600
2024-07-01,104.16000366210938,105.51000213623047,102.61000061035156,103.19999694824219,98.44430541992188,4588900
2024-07-02,102.69999694824219,103.38999938964844,102.69999694824219,103.19999694824219,98.44430541992188,3650500
2024-07-03,103.36000061035156,103.66000366210938,102.18000030517578,102.33000183105469,97.61439514160156,2017800
2024-07-05,102.02999877929688,104.06999969482422,101.76000213623047,104.0199966430664,99.22651672363281,6582700
2024-07-08,103.77999877929688,103.8499984741211,101.94000244140625,102.12000274658203,97.41407012939453,4542000
2024-07-09,102.38999938964844,102.58999633789062,100.75,101.63999938964844,96.95618438720703,6268500
2024-07-10,101.41999816894531,103.08000183105469,101.2699966430664,103.05000305175781,98.30121612548828,6598900
2024-07-11,103.37999725341797,104.63999938964844,103.05999755859375,104.18000030517578,99.3791275024414,5025300
2024-07-12,104.66999816894531,104.93000030517578,104.11000061035156,104.22000122070312,99.41729736328125,4277600
2024-07-15,103.93000030517578,104.16000366210938,102.58000183105469,102.95999908447266,98.73641204833984,4970800
2024-07-16,102.91999816894531,103.87000274658203,102.51000213623047,102.72000122070312,98.50626373291016,7656900
2024-07-17,102.6500015258789,105.6500015258789,102.5,104.68000030517578,100.38585662841797,13438300
2024-07-18,102.38999938964844,104.1500015258789,99.70999908447266,100.06999969482422,95.96495819091797,13078800
2024-07-19,100.61000061035156,102.4000015258789,100.08000183105469,102.02999877929688,97.84456634521484,11963600
2024-07-22,102.5,103.83000183105469,102.30999755859375,103.72000122070312,99.46524047851562,7880300
2024-07-23,104.01000213623047,104.33000183105469,103.37000274658203,103.91999816894531,99.65704345703125,5894500
2024-07-24,104.22000122070312,107.30999755859375,103.54000091552734,107.26000213623047,102.86004638671875,8680900
2024-07-25,107.0199966430664,108.70999908447266,105.91999816894531,105.95999908447266,101.61335754394531,6356600
2024-07-26,106.45999908447266,107.13999938964844,104.66000366210938,105.23999786376953,100.92288208007812,8611600
2024-07-29,100.58999633789062,105.18000030517578,99.91999816894531,104.7699966430664,100.47216033935547,19452700
2024-07-30,104.76000213623047,105.68000030517578,102.77999877929688,105.31999969482422,100.99960327148438,9126300
2024-07-31,105.5,106.83000183105469,103.55000305175781,105.94000244140625,101.59416961669922,8238400
2024-08-01,106.6500015258789,110.68000030517578,106.33000183105469,110.1500015258789,105.63147735595703,9069200
2024-08-02,110.18000030517578,112.04000091552734,108.4000015258789,111.30999755859375,106.74388122558594,9885700
2024-08-05,111.33999633789062,112.0,108.37000274658203,108.62999725341797,104.17383575439453,7121400
2024-08-06,108.94999694824219,110.63999938964844,108.62999725341797,109.5,105.00814056396484,5634800
2024-08-07,109.61000061035156,112.3499984741211,109.4000015258789,109.94000244140625,105.43008422851562,6365100
2024-08-08,109.94999694824219,111.22000122070312,109.22000122070312,109.76000213623047,105.2574691772461,5476600
2024-08-09,109.27999877929688,109.27999877929688,107.69000244140625,108.70999908447266,104.25054931640625,5435000
2024-08-12,108.4000015258789,108.4000015258789,107.11000061035156,107.80000305175781,103.37787628173828,4795900
2024-08-13,107.80000305175781,108.55999755859375,107.5999984741211,108.23999786376953,103.79981994628906,4920400
2024-08-14,108.06999969482422,110.18000030517578,107.70999908447266,109.88999938964844,105.38214111328125,5822900
2024-08-15,110.47000122070312,111.33000183105469,109.76000213623047,110.94000244140625,106.38906860351562,7458500
2024-08-16,111.36000061035156,111.5999984741211,110.56999969482422,111.0,106.44660186767578,4643300
2024-08-19,111.0,112.25,110.83999633789062,111.9000015258789,107.3096923828125,3495800
2024-08-20,111.81999969482422,112.08999633789062,110.33000183105469,110.7699966430664,106.22603607177734,5822400
2024-08-21,110.97000122070312,111.44999694824219,110.68000030517578,111.38999938964844,106.82060241699219,4081400
2024-08-22,111.79000091552734,112.1500015258789,111.05000305175781,112.0999984741211,107.50148010253906,3690400
2024-08-23,112.4000015258789,112.77999877929688,111.88999938964844,112.69000244140625,108.06729125976562,4511600
2024-08-26,112.73999786376953,113.26000213623047,112.05999755859375,112.69999694824219,108.07686614990234,3212700
2024-08-27,113.05999755859375,113.16999816894531,112.13999938964844,113.0999984741211,108.46046447753906,2705300
2024-08-28,113.0999984741211,113.41999816894531,112.37000274658203,112.9000015258789,108.26866912841797,3836700
2024-08-29,113.30000305175781,113.5,112.5199966430664,112.76000213623047,108.13440704345703,3375800
2024-08-30,113.0,113.47000122070312,111.88999938964844,113.2699966430664,108.62347412109375,4320100
2024-09-03,113.36000061035156,114.83000183105469,113.36000061035156,114.66000366210938,109.95645904541016,4436900
2024-09-04,114.69000244140625,115.58999633789062,113.56999969482422,114.4000015258789,109.7071304321289,3659200
2024-09-05,114.26000213623047,114.4800033569336,112.5199966430664,113.0999984741211,108.46046447753906,2928000
2024-09-06,113.62999725341797,114.33999633789062,113.01000213623047,113.86000061035156,109.18929290771484,3802200
2024-09-09,114.45999908447266,116.7300033569336,114.31999969482422,116.43000030517578,111.65386199951172,5101000
2024-09-10,116.1500015258789,117.25,115.43000030517578,117.11000061035156,112.30595397949219,4963700
2024-09-11,116.38999938964844,116.72000122070312,114.72000122070312,116.5999984741211,111.81687927246094,6535600
2024-09-12,116.5,117.30999755859375,115.58999633789062,116.83000183105469,112.0374526977539,4349300
2024-09-13,116.0199966430664,117.05000305175781,115.94000244140625,116.4000015258789,111.62509155273438,3350100
2024-09-16,117.0,117.68000030517578,116.41999816894531,117.62999725341797,112.80463409423828,3637100
2024-09-17,117.80000305175781,118.54000091552734,117.26000213623047,118.12999725341797,113.28411865234375,4982500
2024-09-18,117.5,117.5,114.5199966430664,114.87999725341797,110.16743469238281,5990200
2024-09-19,115.48999786376953,115.66000366210938,113.25,114.1500015258789,109.46739196777344,8144100
2024-09-20,113.75,114.16000366210938,113.19999694824219,113.69999694824219,109.03585815429688,8403400
2024-09-23,113.79000091552734,114.9000015258789,112.95999908447266,114.80999755859375,110.10031127929688,5005200
2024-09-24,114.20999908447266,114.41000366210938,113.18000030517578,113.33999633789062,108.69061279296875,5029800
2024-09-25,113.81999969482422,114.19000244140625,111.8499984741211,112.61000061035156,107.99056243896484,5159100
2024-09-26,112.30999755859375,112.93000030517578,112.0999984741211,112.7300033569336,108.10563659667969,3508700
2024-09-27,112.93000030517578,113.37999725341797,112.31999969482422,112.43000030517578,107.81794738769531,3566400
2024-09-30,112.56999969482422,114.08999633789062,112.0999984741211,114.01000213623047,109.33313751220703,5035600
2024-10-01,114.20999908447266,114.22000122070312,112.80000305175781,113.55999755859375,108.9015884399414,4264000
2024-10-02,113.37999725341797,113.79000091552734,112.02999877929688,113.63999938964844,108.97831726074219,3454000
2024-10-03,113.51000213623047,113.51000213623047,111.79000091552734,112.2300033569336,107.62615203857422,3472100
2024-10-04,112.12999725341797,112.75,111.68000030517578,112.63999938964844,108.01932525634766,4366300
2024-10-07,112.30000305175781,113.61000061035156,111.80000305175781,113.36000061035156,108.70979309082031,6912900
2024-10-08,113.75,115.30000305175781,113.75,114.62999725341797,109.92768859863281,4341500
2024-10-09,114.9800033569336,116.2699966430664,114.55999755859375,115.94999694824219,111.19355773925781,4256900
2024-10-10,116.22000122070312,116.8499984741211,115.44999694824219,115.62000274658203,110.8770980834961,4068300
2024-10-11,116.20999908447266,117.27999877929688,115.94999694824219,116.12000274658203,111.35658264160156,3471300
2024-10-14,116.26000213623047,117.58000183105469,115.9800033569336,117.25,112.44022369384766,3674100
2024-10-15,116.75,118.36000061035156,115.80999755859375,116.05000305175781,111.81394958496094,6544900
2024-10-16,118.01000213623047,119.5199966430664,116.63999938964844,117.81999969482422,113.51934051513672,7356200
2024-10-17,118.70999908447266,118.76000213623047,117.19000244140625,117.88999938964844,113.58678436279297,5046900
2024-10-18,117.9000015258789,119.8499984741211,117.66999816894531,119.38999938964844,115.03202056884766,6741800
2024-10-21,118.88999938964844,118.91999816894531,116.5999984741211,116.98999786376953,112.71963500976562,8303300
2024-10-22,116.87000274658203,117.19999694824219,115.83999633789062,116.12000274658203,111.88139343261719,5360000
2024-10-23,116.16000366210938,117.1500015258789,115.93000030517578,117.01000213623047,112.73890686035156,3655600
2024-10-24,117.20999908447266,117.41000366210938,116.20999908447266,116.54000091552734,112.28605651855469,3768000
2024-10-25,116.1500015258789,116.38999938964844,113.19999694824219,114.22000122070312,110.05074310302734,5989600
2024-10-28,114.7699966430664,114.83000183105469,113.55000305175781,114.06999969482422,109.90621948242188,4104700
2024-10-29,114.13999938964844,114.73999786376953,113.3499984741211,113.4000015258789,109.26068115234375,4543600
2024-10-30,112.63999938964844,114.73999786376953,112.5,114.44999694824219,110.27234649658203,5188000
2024-10-31,113.56999969482422,114.47000122070312,113.2699966430664,113.37000274658203,109.23176574707031,5323200
2024-11-01,119.75,119.91999816894531,117.08999633789062,118.5999984741211,114.27086639404297,10149300
2024-11-04,119.5999984741211,120.56999969482422,117.4800033569336,117.6500015258789,113.35554504394531,5604000
2024-11-05,117.58999633789062,118.25,116.33000183105469,117.7300033569336,113.4326171875,4059200
2024-11-06,121.0,121.0,115.5,116.80000305175781,112.53656005859375,5256100
2024-11-07,117.48999786376953,117.48999786376953,114.54000091552734,115.30000305175781,111.0913314819336,5519000
2024-11-08,115.33000183105469,117.25,114.69000244140625,116.58999633789062,112.33422088623047,5685700
2024-11-11,116.94000244140625,117.83999633789062,116.33000183105469,116.80000305175781,112.53656005859375,5301100
2024-11-12,116.68000030517578,117.30000305175781,116.41999816894531,116.44000244140625,112.18970489501953,4598900
2024-11-13,116.08000183105469,116.80999755859375,115.55000305175781,115.73999786376953,111.5152587890625,4760800
2024-11-14,115.9800033569336,116.08999633789062,114.93000030517578,115.02999877929688,110.83118438720703,3812300
2024-11-15,114.87000274658203,116.3499984741211,114.43000030517578,115.9000015258789,111.66942596435547,6898600
2024-11-18,115.58000183105469,117.94000244140625,115.51000213623047,117.36000061035156,113.07613372802734,6086500
2024-11-19,116.54000091552734,117.55000305175781,115.44999694824219,117.12999725341797,112.85452270507812,4542800
2024-11-20,116.69000244140625,116.7699966430664,115.52999877929688,115.93000030517578,111.69833374023438,5624400
2024-11-21,115.68000030517578,117.63999938964844,115.13999938964844,117.26000213623047,112.97979736328125,5561900
2024-11-22,117.22000122070312,118.0,116.37999725341797,117.76000213623047,113.46153259277344,5349500
2024-11-25,118.27999877929688,118.6500015258789,117.58000183105469,118.12999725341797,113.8180160522461,6879000
2024-11-26,118.63999938964844,119.0,117.01000213623047,117.95999908447266,113.65422821044922,4056800
2024-11-27,118.3499984741211,120.52999877929688,118.0999984741211,118.94999694824219,114.60808563232422,3510300
2024-11-29,118.70999908447266,119.19000244140625,117.86000061035156,118.7699966430664,114.43466186523438,2523200
2024-12-02,118.75,118.80999755859375,116.58999633789062,116.80999755859375,112.54620361328125,5338900
2024-12-03,117.0999984741211,117.44000244140625,116.06999969482422,116.29000091552734,112.04518127441406,4794900
2024-12-04,117.01000213623047,117.01000213623047,115.29000091552734,115.97000122070312,111.73686218261719,3557100
2024-12-05,115.26000213623047,116.29000091552734,114.88999938964844,115.58999633789062,111.37073516845703,3269800
2024-12-06,115.12999725341797,116.19999694824219,115.0999984741211,115.5999984741211,111.38037872314453,5300300
2024-12-09,115.66999816894531,115.87000274658203,113.8499984741211,114.9000015258789,110.70592498779297,4868000
2024-12-10,115.08000183105469,116.38999938964844,114.2699966430664,115.5,111.28401947021484,4072100
2024-12-11,115.30999755859375,115.58999633789062,114.01000213623047,114.13999938964844,109.9736557006836,4747700
2024-12-12,114.4000015258789,114.77999877929688,113.30000305175781,113.86000061035156,109.70389556884766,3764700
2024-12-13,113.8499984741211,114.29000091552734,112.13999938964844,113.37999725341797,109.24140167236328,4550500
2024-12-16,112.69999694824219,113.6500015258789,112.38999938964844,112.62000274658203,108.50914764404297,5047200
2024-12-17,112.20999908447266,113.83999633789062,112.19999694824219,113.29000091552734,109.1546859741211,5805600
2024-12-18,113.02999877929688,114.1500015258789,111.8499984741211,111.93000030517578,107.84434509277344,6454600
2024-12-19,111.54000091552734,113.30000305175781,111.27999877929688,112.41999816894531,108.31643676757812,7738700
2024-12-20,112.63999938964844,115.11000061035156,112.5199966430664,114.2300033569336,110.06038665771484,12311900
2024-12-23,114.0,114.51000213623047,112.95999908447266,114.30999755859375,110.13745880126953,4028200
2024-12-24,114.13999938964844,114.83000183105469,113.58999633789062,114.76000213623047,110.57102966308594,1480000
2024-12-26,114.19999694824219,115.80999755859375,113.81999969482422,115.2699966430664,111.06241607666016,2960500
2024-12-27,115.01000213623047,115.94999694824219,114.51000213623047,114.98999786376953,110.7926254272461,2829500
2024-12-30,114.12999725341797,114.63999938964844,112.5199966430664,112.80000305175781,108.68257141113281,3475800
2024-12-31,113.05999755859375,113.77999877929688,112.55000305175781,113.11000061035156,108.98126220703125,3519900
2025-01-02,113.69000244140625,113.95999908447266,112.76000213623047,113.44000244140625,109.2992172241211,3569100
2025-01-03,113.94000244140625,114.2300033569336,113.27999877929688,113.83000183105469,109.67498016357422,4416700
2025-01-06,113.51000213623047,114.26000213623047,112.79000091552734,113.04000091552734,108.913818359375,6037200
2025-01-07,113.37000274658203,114.69000244140625,113.16999816894531,113.4000015258789,109.26068115234375,5300100
2025-01-08,113.54000091552734,114.30999755859375,112.26000213623047,114.25,110.07965087890625,4455800
2025-01-10,113.7699966430664,113.83999633789062,111.79000091552734,112.30999755859375,108.2104721069336,5108700
2025-01-13,112.5999984741211,113.38999938964844,111.9800033569336,113.19000244140625,109.05834197998047,4409700
2025-01-14,113.55999755859375,113.80999755859375,112.29000091552734,113.0199966430664,108.89454650878906,3972400
2025-01-15,112.1500015258789,112.76000213623047,110.86000061035156,111.0999984741211,107.60637664794922,6543700
2025-01-16,111.0199966430664,113.94999694824219,111.0199966430664,113.91000366210938,110.3280029296875,5598700
2025-01-17,113.62000274658203,114.79000091552734,113.38999938964844,113.4800033569336,109.91153717041016,6459800
2025-01-21,114.25,116.9000015258789,114.13999938964844,116.79000091552734,113.11744689941406,8486300
2025-01-22,114.12999725341797,119.94000244140625,113.5,117.77999877929688,114.07630920410156,13200700
2025-01-23,118.12999725341797,123.2300033569336,117.77999877929688,123.22000122070312,119.34524536132812,13089400
2025-01-24,122.58999633789062,125.66999816894531,122.18000030517578,125.02999877929688,121.09832763671875,9960200
2025-01-27,126.7300033569336,129.75999450683594,125.47000122070312,129.42999267578125,125.35995483398438,11845100
2025-01-28,129.75,129.85000610351562,126.66999816894531,127.38999938964844,123.38410949707031,11948500
2025-01-29,128.16000366210938,129.3000030517578,127.62999725341797,127.86000061035156,123.8393325805664,7609800
2025-01-30,127.98999786376953,129.19000244140625,127.19000244140625,128.80999755859375,124.75946044921875,6340400
2025-01-31,128.3699951171875,128.75999450683594,127.68000030517578,127.93000030517578,123.90713500976562,7129400
2025-02-03,126.6500015258789,128.9499969482422,126.01000213623047,128.4499969482422,124.41077423095703,5720600
2025-02-04,126.44000244140625,129.1999969482422,126.0,129.10000610351562,125.04035186767578,6957400
2025-02-05,129.42999267578125,132.5,128.9499969482422,132.05999755859375,127.90727233886719,8680100
2025-02-06,131.8000030517578,131.89999389648438,128.13999938964844,128.22000122070312,124.18801879882812,6469200
2025-02-07,128.07000732421875,129.49000549316406,128.07000732421875,129.07000732421875,125.01129150390625,6455200
2025-02-10,129.07000732421875,131.42999267578125,128.60000610351562,131.30999755859375,127.18082427978516,5503600
2025-02-11,131.1999969482422,132.0500030517578,130.47000122070312,131.44000244140625,127.30674743652344,5314100
2025-02-12,130.49000549316406,130.8000030517578,129.24000549316406,130.49000549316406,126.38664245605469,4703700
2025-02-13,130.92999267578125,132.0399932861328,130.5500030517578,131.7899932861328,127.645751953125,4168400
2025-02-14,132.32000732421875,132.64999389648438,130.52000427246094,130.61000061035156,126.50285339355469,3733900
2025-02-18,129.75999450683594,130.82000732421875,128.25,130.17999267578125,126.08637237548828,5116200
2025-02-19,130.25999450683594,132.25999450683594,130.0,132.1300048828125,127.97506713867188,3806800
2025-02-20,131.72999572753906,133.27999877929688,131.35000610351562,133.1699981689453,128.98236083984375,5046900
2025-02-21,132.41000366210938,135.41000366210938,132.41000366210938,134.9199981689453,130.6773223876953,7160100
2025-02-24,134.49000549316406,136.58999633789062,134.3000030517578,134.9499969482422,130.70639038085938,5947200
2025-02-25,135.3800048828125,136.4499969482422,134.36000061035156,135.82000732421875,131.54904174804688,6385700
2025-02-26,135.14999389648438,136.30999755859375,134.27000427246094,135.9600067138672,131.68463134765625,5388000
2025-02-27,135.72000122070312,136.99000549316406,135.22000122070312,135.8699951171875,131.59742736816406,4890700
2025-02-28,136.39999389648438,138.3699951171875,134.75,138.00999450683594,133.670166015625,8756100
2025-03-03,138.1699981689453,140.83999633789062,138.00999450683594,140.22000122070312,135.81065368652344,7589800
2025-03-04,141.0,141.22999572753906,137.52999877929688,137.5800018310547,133.25369262695312,8356300
2025-03-05,136.89999389648438,138.5,136.0399932861328,137.7100067138672,133.37960815429688,8156700
2025-03-06,137.05999755859375,137.72000122070312,133.4600067138672,135.0800018310547,130.83230590820312,9184200
2025-03-07,134.50999450683594,137.47999572753906,133.9600067138672,137.13999938964844,132.82752990722656,8254800
2025-03-10,136.42999267578125,139.14999389648438,136.42999267578125,137.36000061035156,133.0406036376953,7028000
2025-03-11,137.05999755859375,137.05999755859375,132.30999755859375,132.66000366210938,128.48838806152344,9313500
2025-03-12,132.2899932861328,132.61000061035156,129.44000244140625,130.27999877929688,126.1832275390625,6771000
2025-03-13,130.27999877929688,130.85000610351562,129.0,129.88999938964844,125.80549621582031,9012900
2025-03-14,125.0,128.49000549316406,124.5,126.70999908447266,122.72550201416016,9537900
2025-03-17,126.72000122070312,127.87000274658203,126.19999694824219,127.63999938964844,123.62625885009766,6662800
2025-03-18,127.94999694824219,128.6199951171875,124.9000015258789,126.30000305175781,122.3283920288086,7959600
2025-03-19,126.33000183105469,127.77999877929688,125.77999877929688,127.41999816894531,123.41317749023438,5098500
2025-03-20,127.33000183105469,127.76000213623047,126.37999725341797,126.77999877929688,122.79328918457031,5158500
2025-03-21,126.33000183105469,126.80999755859375,125.48999786376953,126.33999633789062,122.36714172363281,8857100
2025-03-24,127.20999908447266,127.83999633789062,126.5999984741211,127.20999908447266,123.20977020263672,5283000
2025-03-25,127.68000030517578,128.7899932861328,124.5,125.5999984741211,121.650390625,6726800
2025-03-26,125.73999786376953,127.33999633789062,125.12999725341797,126.61000061035156,122.62864685058594,6053700
2025-03-27,127.16999816894531,131.92999267578125,126.66000366210938,131.35000610351562,127.21959686279297,8441400
2025-03-28,131.25999450683594,133.4600067138672,130.75,130.82000732421875,126.70626831054688,6708300
2025-03-31,130.80999755859375,133.1999969482422,130.63999938964844,132.64999389648438,128.4786834716797,9669600
2025-04-01,132.47999572753906,132.6300048828125,131.0800018310547,131.69000244140625,127.54889678955078,4228800
2025-04-02,130.63999938964844,132.1300048828125,129.75999450683594,131.92999267578125,127.78134155273438,4236200
2025-04-03,131.91000366210938,133.63999938964844,131.47999572753906,131.6300048828125,127.49077606201172,6239200
2025-04-04,131.22999572753906,132.39999389648438,124.0,124.44000244140625,120.52687072753906,10776900
2025-04-07,122.29000091552734,126.5,120.47000122070312,124.86000061035156,120.93367767333984,10371300
2025-04-08,127.06999969482422,127.95999908447266,122.05999755859375,123.94999694824219,120.05228424072266,9880100
2025-04-09,121.62999725341797,127.76000213623047,120.8499984741211,127.04000091552734,123.04512786865234,10179200
2025-04-10,126.0,126.81999969482422,122.0199966430664,124.5,120.58499145507812,11089400
2025-04-11,126.05999755859375,128.52000427246094,124.04000091552734,126.87999725341797,122.89015197753906,7357000
2025-04-14,127.0,128.5,126.83999633789062,127.95999908447266,123.93618774414062,6988500
2025-04-15,127.62000274658203,128.49000549316406,125.5999984741211,126.22000122070312,122.81719207763672,8639400
2025-04-16,129.6999969482422,134.16000366210938,129.00999450683594,129.6999969482422,126.20338439941406,13483200
2025-04-17,130.3800048828125,132.7100067138672,129.66000366210938,130.97999572753906,127.44886779785156,10474500
2025-04-21,130.97000122070312,131.9600067138672,128.50999450683594,129.88999938964844,126.38824462890625,6046700
2025-04-22,129.92999267578125,132.02999877929688,129.92999267578125,131.72999572753906,128.1786346435547,5837100
2025-04-23,132.2100067138672,132.88999938964844,127.12999725341797,129.83999633789062,126.339599609375,8777100
2025-04-24,130.02000427246094,130.1999969482422,128.02999877929688,129.3800048828125,125.89201354980469,6595500
2025-04-25,129.27000427246094,129.52999877929688,127.23999786376953,128.85000610351562,125.37629699707031,4849100
2025-04-28,129.3300018310547,130.1199951171875,128.52000427246094,129.52999877929688,126.03795623779297,3843300
2025-04-29,128.88999938964844,131.27000427246094,128.8000030517578,130.5,126.9818115234375,4315300
2025-04-30,130.9199981689453,131.27000427246094,128.67999267578125,130.75,127.22506713867188,8510500
2025-05-01,129.5,131.6300048828125,128.0,130.8800048828125,127.35157012939453,6769100
2025-05-02,131.91000366210938,136.8000030517578,131.3300018310547,132.82000732421875,129.23927307128906,9801400
2025-05-05,132.88999938964844,133.05999755859375,131.4499969482422,132.60000610351562,129.0251922607422,5752000
2025-05-06,131.9499969482422,133.60000610351562,130.6999969482422,133.05999755859375,129.4727783203125,6290500
2025-05-07,133.5,134.42999267578125,132.42999267578125,133.9499969482422,130.33880615234375,4924900
2025-05-08,133.25999450683594,135.22000122070312,133.0800018310547,134.0,130.387451171875,5994500
2025-05-09,133.97999572753906,134.97000122070312,133.19000244140625,133.24000549316406,129.64794921875,4976100
2025-05-12,131.7899932861328,133.66000366210938,130.10000610351562,131.99000549316406,128.43165588378906,5958300
2025-05-13,131.75,131.75,128.9199981689453,129.0500030517578,125.57090759277344,6344700
2025-05-14,129.3000030517578,130.13999938964844,128.19000244140625,128.55999755859375,125.09410858154297,5266900
2025-05-15,128.85000610351562,133.42999267578125,128.85000610351562,133.35000610351562,129.75497436523438,8406400
2025-05-16,133.14999389648438,135.2899932861328,132.77000427246094,134.8000030517578,131.1658935546875,7128700
2025-05-19,135.0,135.69000244140625,134.52999877929688,135.5500030517578,131.8956756591797,8012800
2025-05-20,135.0,135.8300018310547,134.5399932861328,135.1999969482422,131.55511474609375,6455300
2025-05-21,135.10000610351562,136.1699981689453,133.02000427246094,133.0500030517578,129.46307373046875,7209100
2025-05-22,132.4600067138672,132.8800048828125,131.1699981689453,131.5,127.95484924316406,6277100
2025-05-23,131.67999267578125,132.1699981689453,130.42999267578125,131.3000030517578,127.76026153564453,6145000
2025-05-27,131.85000610351562,133.83999633789062,131.52999877929688,132.94000244140625,129.3560333251953,5591000
2025-05-28,133.10000610351562,133.60000610351562,131.83999633789062,132.02000427246094,128.46083068847656,3622100
2025-05-29,131.72999572753906,133.05999755859375,131.35000610351562,132.85000610351562,129.26846313476562,3078200
2025-05-30,132.8800048828125,134.1300048828125,131.74000549316406,133.5800018310547,129.97879028320312,14236800
2025-06-02,132.86000061035156,133.74000549316406,131.8800048828125,133.57000732421875,129.9690399169922,4464000
2025-06-03,133.1199951171875,133.97000122070312,131.61000061035156,133.7100067138672,130.10525512695312,5914900
2025-06-04,134.41000366210938,134.8699951171875,132.94000244140625,132.9600067138672,129.37548828125,4057000
2025-06-05,133.38999938964844,134.3800048828125,132.19000244140625,133.94000244140625,130.32908630371094,5581500
2025-06-06,134.7899932861328,135.22000122070312,133.10000610351562,133.5800018310547,129.97879028320312,3867700
2025-06-09,133.02000427246094,134.2899932861328,130.82000732421875,133.39999389648438,129.80360412597656,6630100
2025-06-10,133.55999755859375,134.85000610351562,133.3300018310547,134.1300048828125,130.5139617919922,3579400
2025-06-11,134.10000610351562,135.35000610351562,132.92999267578125,135.27999877929688,131.63294982910156,4100500
2025-06-12,135.5399932861328,136.88999938964844,135.4600067138672,136.4499969482422,132.7714080810547,5089100
2025-06-13,135.77999877929688,137.05999755859375,135.25,135.6199951171875,131.96377563476562,3928900
2025-06-16,135.55999755859375,136.41000366210938,133.30999755859375,134.00999450683594,130.39718627929688,5084100
2025-06-17,133.6999969482422,134.00999450683594,132.14999389648438,132.27999877929688,128.71380615234375,5010800
2025-06-18,132.9499969482422,133.3699951171875,131.60000610351562,132.41000366210938,128.84033203125,4950400
2025-06-20,133.66000366210938,133.67999267578125,131.99000549316406,132.99000549316406,129.40469360351562,11338200
2025-06-23,133.07000732421875,133.47000122070312,132.11000061035156,133.25999450683594,129.66738891601562,4887200
2025-06-24,133.32000732421875,139.05999755859375,132.3800048828125,138.0800018310547,134.35745239257812,9894700
2025-06-25,137.8699951171875,138.83999633789062,136.63999938964844,137.39999389648438,133.69578552246094,5507500
2025-06-26,137.32000732421875,137.5399932861328,132.7100067138672,133.6699981689453,130.06634521484375,9452900
2025-06-27,133.2899932861328,134.91000366210938,132.8800048828125,134.3800048828125,130.75721740722656,9513500
2025-06-30,134.0,136.25999450683594,134.0,136.00999450683594,132.34326171875,5749700
2025-07-01,135.5399932861328,137.0800018310547,134.80999755859375,136.25999450683594,132.58651733398438,5337600
2025-07-02,135.27000427246094,136.33999633789062,133.83999633789062,134.11000061035156,130.49449157714844,4319600
2025-07-03,134.6699981689453,135.24000549316406,133.1999969482422,134.44000244140625,130.8155975341797,3114300
2025-07-07,134.50999450683594,134.91000366210938,132.85000610351562,133.6999969482422,130.0955352783203,8927400
2025-07-08,133.24000549316406,134.72999572753906,132.85000610351562,133.36000061035156,129.7647247314453,4782600
2025-07-09,133.47000122070312,133.77000427246094,131.47000122070312,133.22000122070312,129.6284942626953,4613700
2025-07-10,133.72999572753906,135.0500030517578,133.00999450683594,133.60000610351562,129.99822998046875,4857100
2025-07-11,133.27000427246094,133.5800018310547,131.25999450683594,132.02000427246094,128.46083068847656,4661200
2025-07-14,132.02000427246094,133.08999633789062,131.7100067138672,132.02999877929688,128.47055053710938,4881700
2025-07-15,131.89999389648438,132.44000244140625,130.3000030517578,131.49000549316406,128.51942443847656,5084800
2025-07-16,132.1199951171875,133.02999877929688,130.30999755859375,131.74000549316406,128.76377868652344,9893000
2025-07-17,126.55000305175781,126.86000061035156,119.7699966430664,120.51000213623047,117.78749084472656,27560600
2025-07-18,122.62999725341797,125.62999725341797,122.2699966430664,123.66999816894531,120.8760986328125,19571900
2025-07-21,124.26000213623047,126.02999877929688,121.5999984741211,124.41999816894531,121.6091537475586,10308000
2025-07-22,124.33000183105469,126.37999725341797,124.2300033569336,125.7300033569336,122.88956451416016,7098400
2025-07-23,126.31999969482422,127.04000091552734,123.25,125.83000183105469,122.98729705810547,6439600
2025-07-24,125.27999877929688,125.9800033569336,124.69999694824219,125.63999938964844,122.80159759521484,4708000
2025-07-25,125.7699966430664,126.7300033569336,125.44999694824219,126.54000091552734,123.68125915527344,4741200
2025-07-28,126.1500015258789,126.98999786376953,125.62999725341797,126.3499984741211,123.49555206298828,8168400
2025-07-29,126.01000213623047,128.10000610351562,125.47000122070312,128.00999450683594,125.1180419921875,5834100
2025-07-30,127.97000122070312,129.6999969482422,127.08000183105469,128.5500030517578,125.6458511352539,5359700
2025-07-31,127.54000091552734,129.14999389648438,125.80999755859375,126.19000244140625,123.33916473388672,6722600
2025-08-01,125.47000122070312,127.7699966430664,125.47000122070312,127.29000091552734,124.41432189941406,5453300
2025-08-04,127.44999694824219,130.1300048828125,127.44999694824219,129.92999267578125,126.99467468261719,5671400
2025-08-05,129.91000366210938,131.47999572753906,129.25,130.69000244140625,127.73751068115234,5355400
2025-08-06,130.0800018310547,131.72000122070312,129.80999755859375,130.92999267578125,127.97207641601562,5170100
2025-08-07,131.16000366210938,132.5,130.72999572753906,132.05999755859375,129.0765380859375,4690600
2025-08-08,131.8000030517578,134.7100067138672,131.75,134.27999877929688,131.24639892578125,4985400
2025-08-11,134.0800018310547,134.35000610351562,130.5500030517578,131.36000061035156,128.3923797607422,7125600
2025-08-12,131.74000549316406,131.88999938964844,129.6199951171875,131.02000427246094,128.06004333496094,5657500
2025-08-13,131.1199951171875,131.64999389648438,128.3300018310547,129.39999389648438,126.47665405273438,6723700
2025-08-14,129.10000610351562,130.13999938964844,128.52999877929688,129.27999877929688,126.3593521118164,9688300
2025-08-15,129.9199981689453,132.35000610351562,129.6699981689453,131.75,128.77354431152344,6784500
2025-08-18,131.6300048828125,132.3000030517578,130.16000366210938,130.27000427246094,127.32699584960938,3831400
2025-08-19,129.9199981689453,131.72000122070312,128.67999267578125,131.25,128.28485107421875,4845700
2025-08-20,132.0500030517578,133.80999755859375,131.72000122070312,132.44000244140625,129.44798278808594,3639800
2025-08-21,132.1199951171875,133.1999969482422,131.75,132.0,129.01791381835938,3980000
2025-08-22,132.77000427246094,133.6199951171875,131.33999633789062,132.58999633789062,129.59457397460938,4130200
2025-08-25,132.72000122070312,132.9600067138672,131.49000549316406,131.8699951171875,128.89083862304688,4705800
2025-08-26,131.86000061035156,132.35000610351562,131.3800048828125,131.58999633789062,128.61717224121094,6076500
2025-08-27,131.47000122070312,131.75,130.55999755859375,131.4600067138672,128.4901123046875,4759200
2025-08-28,130.9199981689453,131.63999938964844,130.13999938964844,131.3699951171875,128.4021453857422,4674700
2025-08-29,132.00999450683594,132.85000610351562,131.1699981689453,132.66000366210938,129.6630096435547,4430700
2025-09-02,132.69000244140625,133.39999389648438,130.83999633789062,131.4600067138672,128.4901123046875,5779200
2025-09-03,131.14999389648438,132.19000244140625,130.2100067138672,132.17999267578125,129.19384765625,4806500
2025-09-04,132.17999267578125,133.83999633789062,131.6999969482422,132.80999755859375,129.80960083007812,5073800
2025-09-05,132.50999450683594,134.32000732421875,132.4499969482422,132.94000244140625,129.93667602539062,3286900
2025-09-08,132.25999450683594,133.08999633789062,131.61000061035156,132.1999969482422,129.21337890625,5070200
2025-09-09,132.3000030517578,133.1699981689453,131.64999389648438,131.9499969482422,128.96902465820312,4641400
2025-09-10,131.85000610351562,131.85000610351562,127.44999694824219,129.36000061035156,126.43754577636719,7397200
2025-09-11,129.69000244140625,132.67999267578125,129.39999389648438,132.64999389648438,129.65321350097656,5578300
2025-09-12,131.82000732421875,134.9600067138672,131.39999389648438,133.72999572753906,130.7088165283203,5700300
2025-09-15,133.8800048828125,134.35000610351562,130.9600067138672,131.3300018310547,128.36305236816406,4057700
2025-09-16,131.75999450683594,133.66000366210938,131.1999969482422,132.75999450683594,129.7607421875,5401600
2025-09-17,132.7100067138672,134.22000122070312,132.7100067138672,134.1699981689453,131.13888549804688,5113300
2025-09-18,134.08999633789062,134.77999877929688,132.10000610351562,134.57000732421875,131.52984619140625,5891700
2025-09-19,134.6999969482422,136.72999572753906,133.72000122070312,136.0399932861328,132.9666290283203,11547400
2025-09-22,135.3300018310547,137.49000549316406,134.9499969482422,136.6199951171875,133.53353881835938,4837000
2025-09-23,136.27999877929688,136.8800048828125,135.0399932861328,135.88999938964844,132.8200225830078,5136400
2025-09-24,135.30999755859375,136.8300018310547,133.7899932861328,133.88999938964844,130.86521911621094,3932400
2025-09-25,134.42999267578125,134.42999267578125,131.17999267578125,133.30999755859375,130.29830932617188,4963400
2025-09-26,133.97999572753906,134.1999969482422,133.10000610351562,133.5500030517578,130.5329132080078,4182100
2025-09-29,133.0,133.5,131.7100067138672,133.11000061035156,130.1028289794922,4351900
2025-09-30,132.86000061035156,134.5,132.17999267578125,133.94000244140625,130.91409301757812,7538300
2025-10-01,134.8000030517578,135.4499969482422,129.0800018310547,133.47000122070312,130.4547119140625,10613900
2025-10-02,132.4199981689453,133.38999938964844,130.50999450683594,132.99000549316406,129.9855499267578,5916700
2025-10-03,133.25,135.3699951171875,132.7899932861328,134.58999633789062,131.5493927001953,5362200
2025-10-06,134.32000732421875,135.24000549316406,133.4499969482422,133.74000549316406,130.71859741210938,6745900
2025-10-07,134.08999633789062,134.08999633789062,131.92999267578125,133.02000427246094,130.014892578125,4816100
2025-10-08,132.80999755859375,134.72000122070312,132.1699981689453,134.27000427246094,131.2366485595703,6654800
2025-10-09,134.5800018310547,135.1300048828125,133.0,133.30999755859375,130.29830932617188,3237600
2025-10-10,134.19000244140625,134.5,132.0399932861328,132.57000732421875,129.5750274658203,5654100
2025-10-13,132.0,132.75999450683594,130.8699951171875,131.3800048828125,128.41192626953125,4008100
2025-10-14,131.4600067138672,133.33999633789062,131.22999572753906,133.27000427246094,130.2592315673828,8147900
2025-10-15,128.00999450683594,131.47999572753906,125.73999786376953,129.4499969482422,127.0881576538086,14906400
2025-10-16,129.52999877929688,131.16000366210938,126.87000274658203,127.62999725341797,125.30135345458984,9768100
2025-10-17,127.86000061035156,129.25999450683594,127.20999908447266,128.5399932861328,126.19474792480469,6806800
2025-10-20,128.44000244140625,129.82000732421875,128.1300048828125,129.50999450683594,127.14704895019531,5810000
2025-10-21,129.0,129.3000030517578,127.51000213623047,127.54000091552734,125.21300506591797,4934700
2025-10-22,127.62000274658203,128.94000244140625,127.11000061035156,127.94999694824219,125.61551666259766,6186800
2025-10-23,128.24000549316406,128.77000427246094,126.06999969482422,126.33999633789062,124.0348892211914,6700600
2025-10-24,126.97000122070312,128.11000061035156,125.0,126.8499984741211,124.53558349609375,5071100
2025-10-27,126.05999755859375,127.66000366210938,125.1500015258789,127.18000030517578,124.85956573486328,6254200
2025-10-28,126.97000122070312,128.4499969482422,126.19000244140625,126.61000061035156,124.29996490478516,4763000
2025-10-29,126.18000030517578,126.55000305175781,124.12000274658203,124.43000030517578,122.15973663330078,5182000
2025-10-30,125.13999938964844,126.43000030517578,124.33000183105469,124.66999816894531,122.39535522460938,4877400
2025-10-31,123.83999633789062,124.33000183105469,122.61000061035156,123.62000274658203,121.3645248413086,7044900
2025-11-03,123.70999908447266,124.05999755859375,122.44000244140625,123.83999633789062,121.58049774169922,5833000
2025-11-04,124.30000305175781,125.8499984741211,123.83999633789062,125.80000305175781,123.50474548339844,5607700
2025-11-05,125.88999938964844,126.70999908447266,123.91999816894531,124.54000091552734,122.26773071289062,4597100
2025-11-06,123.8499984741211,125.0,123.3499984741211,124.94999694824219,122.67024230957031,4714700
2025-11-07,125.63999938964844,126.62000274658203,124.6500015258789,126.36000061035156,124.05452728271484,5458500
2025-11-10,125.41999816894531,126.1500015258789,124.55000305175781,125.88999938964844,123.59310913085938,4251600
2025-11-11,126.5999984741211,127.1500015258789,125.7699966430664,127.0,124.68284606933594,5293900
2025-11-12,126.94000244140625,129.0800018310547,126.55000305175781,128.82000732421875,126.46965026855469,4979700
2025-11-13,128.50999450683594,129.58999633789062,128.0,129.25999450683594,126.901611328125,5182400
2025-11-14,129.2899932861328,130.9600067138672,128.77000427246094,130.58999633789062,128.20733642578125,6998900
2025-11-17,130.67999267578125,131.92999267578125,129.9499969482422,130.02999877929688,127.65755462646484,5816600
2025-11-18,130.74000549316406,132.02999877929688,129.2899932861328,130.0,127.62811279296875,6775000
2025-11-19,129.88999938964844,131.49000549316406,124.58000183105469,126.1500015258789,123.84835815429688,10296100
2025-11-20,122.5,125.72000122070312,122.0999984741211,123.97000122070312,121.70813751220703,11654000
2025-11-21,124.68000030517578,128.72000122070312,123.88999938964844,128.11000061035156,125.77259826660156,9401000
2025-11-24,127.45999908447266,129.52000427246094,126.72000122070312,127.19000244140625,124.869384765625,14041300
2025-11-25,127.29000091552734,128.80999755859375,126.2300033569336,128.0500030517578,125.71369934082031,8035500
2025-11-26,128.0800018310547,129.02000427246094,127.0199966430664,128.5399932861328,126.19474792480469,5473800
2025-11-28,128.16000366210938,129.38999938964844,128.0,128.89999389648438,126.54817962646484,2572400
2025-12-01,128.64999389648438,129.85000610351562,127.95999908447266,128.00999450683594,125.6744155883789,5766900
2025-12-02,128.4499969482422,128.99000549316406,125.63999938964844,126.31999969482422,124.01525115966797,5479700
2025-12-03,126.27999877929688,127.56999969482422,125.20999908447266,125.29000091552734,123.00404357910156,4918800
2025-12-04,125.19000244140625,125.56999969482422,124.05999755859375,125.4000015258789,123.1120376586914,5226900
2025-12-05,125.66000366210938,126.05000305175781,124.63999938964844,125.08000183105469,122.7978744506836,4361100
2025-12-08,124.62000274658203,124.62000274658203,121.70999908447266,122.08999633789062,119.8624267578125,6391900
2025-12-09,122.83000183105469,123.2300033569336,121.05999755859375,121.25,119.03775787353516,5229100
2025-12-10,121.26000213623047,123.08999633789062,120.69999694824219,122.55000305175781,120.31404876708984,6716200
2025-12-11,123.02999877929688,124.23999786376953,122.62999725341797,123.27999877929688,121.03072357177734,5390000
2025-12-12,123.47000122070312,125.58000183105469,122.91000366210938,125.45999908447266,123.17095184326172,4765300
2025-12-15,125.72000122070312,129.63999938964844,125.19999694824219,128.47000122070312,126.12603759765625,7716000
2025-12-16,128.41000366210938,128.60000610351562,126.30000305175781,126.86000061035156,124.54540252685547,5764200
2025-12-17,126.75,127.66999816894531,125.94000244140625,126.70999908447266,124.39813995361328,8048900
2025-12-18,126.58000183105469,127.58000183105469,124.93000030517578,125.12000274658203,122.83715057373047,5891700
2025-12-19,125.04000091552734,126.12999725341797,123.76000213623047,125.44999694824219,123.16112518310547,14795700
2025-12-22,125.16000366210938,127.23999786376953,124.7699966430664,125.19999694824219,122.91568756103516,5058000
2025-12-23,125.0,125.18000030517578,123.8499984741211,124.54000091552734,122.26773071289062,7534900
2025-12-24,124.01000213623047,125.33000183105469,124.0,124.80999755859375,122.53279876708984,1632200
2025-12-26,124.58000183105469,125.19000244140625,124.26000213623047,124.83999633789062,122.562255859375,2120700
2025-12-29,125.02999877929688,125.48999786376953,124.48999786376953,124.56999969482422,122.29718780517578,4468700
2025-12-30,124.43000030517578,126.19999694824219,124.36000061035156,125.77999877929688,123.485107421875,5271100
2025-12-31,125.87999725341797,126.23999786376953,125.23999786376953,125.29000091552734,123.00404357910156,3157100
2026-01-02,124.69999694824219,125.25,123.63999938964844,124.19000244140625,121.92412567138672,5014200
2026-01-05,123.62999725341797,126.55999755859375,122.5,126.44999694824219,124.14287567138672,6548500
2026-01-06,126.83999633789062,129.4600067138672,126.55000305175781,127.77999877929688,125.44861602783203,8327500
2026-01-07,128.4499969482422,128.60000610351562,126.2699966430664,127.04000091552734,124.72212219238281,6632300
2026-01-08,127.0999984741211,128.10000610351562,126.05999755859375,126.18000030517578,123.8778076171875,4344600
2026-01-09,126.41999816894531,127.13999938964844,125.2300033569336,125.91999816894531,123.62255096435547,4317600
2026-01-12,126.4000015258789,126.61000061035156,123.44999694824219,124.63999938964844,122.36591339111328,5524300
2026-01-13,124.55000305175781,124.66999816894531,122.19999694824219,124.30000305175781,122.03211212158203,5169800
2026-01-14,123.68000030517578,125.08999633789062,122.98999786376953,125.0,122.71934509277344,7187800
2026-01-15,124.4000015258789,124.41999816894531,123.0,123.52999877929688,121.89048767089844,7079500
2026-01-16,123.2300033569336,123.48999786376953,121.54000091552734,121.76000213623047,120.14398193359375,10418200
2026-01-20,121.37000274658203,121.5,120.25,121.13999938964844,119.53221130371094,12634000
2026-01-21,121.70999908447266,122.48999786376953,120.33000183105469,120.7300033569336,119.12765502929688,12557300
2026-01-22,107.52999877929688,114.0,105.77999877929688,108.61000061035156,107.16850280761719,37099400
2026-01-23,108.2699966430664,110.05000305175781,106.08000183105469,107.41999816894531,105.99430084228516,21813100
2026-01-26,107.75,110.38999938964844,107.58999633789062,108.7699966430664,107.32638549804688,19094200
2026-01-27,108.01000213623047,109.3499984741211,106.95999908447266,108.2699966430664,106.83301544189453,16594500
2026-01-28,107.80000305175781,108.62999725341797,105.2699966430664,106.05000305175781,104.64249420166016,15120500
2026-01-29,106.44000244140625,107.16000366210938,105.33999633789062,106.08999633789062,104.68194580078125,15687900
2026-01-30,106.05999755859375,109.4800033569336,105.68000030517578,109.30000305175781,107.84935760498047,17531400
2026-02-02,109.2300033569336,111.0,108.87000274658203,109.41000366210938,107.95789337158203,11447200
2026-02-03,107.0,109.12000274658203,106.25,109.0199966430664,107.57306671142578,14645400
2026-02-04,109.19999694824219,109.7300033569336,107.63999938964844,108.19999694824219,106.76394653320312,13163500
2026-02-05,109.16000366210938,110.13999938964844,107.91000366210938,109.08000183105469,107.63227081298828,13555100
2026-02-06,110.0999984741211,111.05999755859375,108.94999694824219,110.83000183105469,109.35904693603516,9919600
2026-02-09,110.2300033569336,111.2699966430664,109.5,111.06999969482422,109.59585571289062,11719900
2026-02-10,111.18000030517578,112.75,111.0,112.27999877929688,110.78980255126953,10513000
2026-02-11,111.73999786376953,113.7300033569336,111.37999725341797,113.58999633789062,112.08241271972656,9306500
2026-02-12,113.25,113.76000213623047,111.43000030517578,111.47000122070312,109.99055480957031,11541000
2026-02-13,111.7699966430664,113.11000061035156,111.4000015258789,112.68000030517578,111.18448638916016,7696700
2026-02-17,113.19000244140625,113.58999633789062,111.93000030517578,112.26000213623047,110.77006530761719,6568900
2026-02-18,111.91999816894531,113.37999725341797,111.62999725341797,113.29000091552734,111.78639221191406,7824400
2026-02-19,113.01000213623047,113.4000015258789,111.9800033569336,112.19000244140625,110.70099639892578,6988400
2026-02-20,112.19000244140625,112.63999938964844,111.18000030517578,112.20999908447266,110.72073364257812,7099000
2026-02-23,112.29000091552734,115.30999755859375,112.05000305175781,115.29000091552734,113.75984954833984,9144500
2026-02-24,115.05999755859375,115.37000274658203,113.81999969482422,114.58000183105469,113.05928039550781,9017200
2026-02-25,114.91000366210938,116.0199966430664,114.3499984741211,114.76000213623047,113.23688507080078,6529600
2026-02-26,115.31999969482422,116.56999969482422,114.51000213623047,116.26000213623047,114.71697235107422,7855600
2026-02-27,115.70999908447266,116.81999969482422,115.48999786376953,116.3499984741211,114.80577850341797,13233300
2026-03-02,115.55999755859375,115.8499984741211,113.62999725341797,114.12000274658203,112.60538482666016,7700200
2026-03-03,113.0,114.43000030517578,112.62999725341797,113.61000061035156,112.1021499633789,6708000
2026-03-04,113.66000366210938,113.94999694824219,112.02999877929688,113.0999984741211,111.59891510009766,4613500
2026-03-05,111.94999694824219,112.0,110.5199966430664,111.04000091552734,109.5662612915039,8008900
2026-03-06,110.72000122070312,110.72000122070312,108.33999633789062,109.55999755859375,108.10590362548828,11100400
2026-03-09,109.41999816894531,112.73999786376953,108.94000244140625,112.6500015258789,111.15489196777344,13560800
2026-03-10,112.27999877929688,112.44999694824219,109.80000305175781,110.55000305175781,109.082763671875,8746100
2026-03-11,110.0,110.75,108.95999908447266,110.25,108.7867431640625,8002200
2026-03-12,109.77999877929688,111.18000030517578,108.06999969482422,108.13999938964844,106.70475006103516,10839800
2026-03-13,109.38999938964844,110.30999755859375,107.69999694824219,108.02999877929688,106.59620666503906,8828900
2026-03-16,108.80999755859375,110.0999984741211,108.52999877929688,109.94999694824219,108.49071502685547,7442200
2026-03-17,110.0999984741211,111.86000061035156,109.91999816894531,110.70999908447266,109.24063873291016,9452200
2026-03-18,109.5,109.94999694824219,107.75,108.48999786376953,107.05010223388672,8241400
2026-03-19,108.7300033569336,109.7699966430664,107.13999938964844,107.19000244140625,105.7673568725586,10466000
2026-03-20,107.04000091552734,107.79000091552734,105.4000015258789,105.45999908447266,104.06031036376953,81271300
2026-03-23,107.06999969482422,107.13999938964844,104.0999984741211,104.8499984741211,103.45840454101562,8227800
2026-03-24,104.08999633789062,104.25,102.41000366210938,104.05999755859375,102.67889404296875,11794300
2026-03-25,105.44999694824219,105.81999969482422,104.25,104.83000183105469,103.43868255615234,6377000
2026-03-26,104.38999938964844,105.9800033569336,104.0,104.56999969482422,103.18212127685547,6212300
2026-03-27,104.9000015258789,105.45999908447266,103.68000030517578,103.98999786376953,102.60982513427734,10915000
2026-03-30,104.76000213623047,104.7699966430664,101.81999969482422,101.87999725341797,100.52782440185547,10476700
2026-03-31,102.54000091552734,103.68000030517578,100.87999725341797,102.66999816894531,101.30734252929688,12442100
