Date,Open,High,Low,Close,Adj Close,Volume
2016-04-01,114.76000213623047,116.5199966430664,114.69999694824219,116.3499984741211,97.33584594726562,2019200
2016-04-04,116.08000183105469,116.19999694824219,114.91999816894531,115.5,96.624755859375,2231900
2016-04-05,114.48999786376953,115.1500015258789,113.9000015258789,114.12999725341797,95.47863006591797,2069700
2016-04-06,113.98999786376953,114.94999694824219,113.73999786376953,114.66999816894531,95.93038940429688,2918800
2016-04-07,113.7300033569336,114.0199966430664,111.79000091552734,112.0999984741211,93.78038787841797,3075900
2016-04-08,112.91999816894531,113.2300033569336,111.8499984741211,112.83000183105469,94.39108276367188,1627300
2016-04-11,112.94000244140625,114.0,112.80000305175781,113.0999984741211,94.6169662475586,2465400
2016-04-12,113.33000183105469,114.5,112.91999816894531,114.38999938964844,95.69615173339844,2715500
2016-04-13,113.87000274658203,115.0199966430664,113.47000122070312,114.95999908447266,97.10679626464844,4390500
2016-04-14,115.0,115.2699966430664,114.13999938964844,114.75,96.9294204711914,2062200
2016-04-15,114.76000213623047,115.30999755859375,114.33999633789062,114.81999969482422,96.988525390625,2299700
2016-04-18,114.2699966430664,115.68000030517578,113.94999694824219,115.58999633789062,97.63896942138672,2237500
2016-04-19,115.61000061035156,115.83000183105469,114.37999725341797,115.0999984741211,97.22505187988281,1823000
2016-04-20,115.5,116.18000030517578,115.08999633789062,115.54000091552734,97.59672546386719,2220900
2016-04-21,115.33000183105469,116.16999816894531,114.44000244140625,114.4800033569336,96.70133209228516,2327300
2016-04-22,114.0,114.97000122070312,113.63999938964844,113.94999694824219,96.25363159179688,2634600
2016-04-25,113.86000061035156,114.25,113.23999786376953,114.0999984741211,96.38036346435547,1805900
2016-04-26,114.41000366210938,115.05999755859375,113.83999633789062,114.61000061035156,96.81116485595703,2177200
2016-04-27,114.13999938964844,115.66999816894531,114.13999938964844,115.4800033569336,97.5460433959961,1990200
2016-04-28,114.98999786376953,116.04000091552734,113.9800033569336,114.33000183105469,96.57463073730469,2028200
2016-04-29,114.19000244140625,114.19000244140625,112.29000091552734,112.91999816894531,95.38360595703125,2451100
2016-05-02,112.9000015258789,114.69999694824219,112.30999755859375,114.4000015258789,96.6337890625,2293900
2016-05-03,113.4800033569336,113.87999725341797,112.25,113.30000305175781,95.70458984375,2031600
2016-05-04,112.26000213623047,113.91000366210938,112.26000213623047,113.55000305175781,95.91575622558594,1822100
2016-05-05,113.6500015258789,114.43000030517578,113.47000122070312,114.08000183105469,96.36347961425781,1704600
2016-05-06,113.81999969482422,115.66999816894531,113.3499984741211,115.55000305175781,97.60517120361328,1917600
2016-05-09,115.27999877929688,116.2300033569336,115.0,115.47000122070312,97.53759002685547,1452900
2016-05-10,115.58999633789062,116.94999694824219,115.4800033569336,116.94000244140625,98.77931213378906,1622200
2016-05-11,116.98999786376953,116.98999786376953,115.86000061035156,115.9800033569336,97.96839141845703,1582900
2016-05-12,116.41999816894531,116.62999725341797,115.47000122070312,116.36000061035156,98.28937530517578,2114300
2016-05-13,116.22000122070312,116.62999725341797,115.13999938964844,115.44000244140625,97.51225280761719,1803400
2016-05-16,115.62000274658203,117.58999633789062,115.01000213623047,117.1500015258789,98.95669555664062,2609800
2016-05-17,117.30999755859375,117.5,115.87000274658203,116.22000122070312,98.17111206054688,2136800
2016-05-18,116.05999755859375,117.3499984741211,115.45999908447266,116.5199966430664,98.4245376586914,1367300
2016-05-19,116.2699966430664,116.2699966430664,114.58999633789062,116.02999877929688,98.0106201171875,1752500
2016-05-20,116.0999984741211,116.91000366210938,116.0999984741211,116.47000122070312,98.38227844238281,1538200
2016-05-23,116.69000244140625,116.69000244140625,115.83999633789062,116.18000030517578,98.13735961914062,1256200
2016-05-24,116.58000183105469,119.20999908447266,116.58000183105469,119.12000274658203,100.6207504272461,2066400
2016-05-25,119.2300033569336,119.72000122070312,118.47000122070312,118.55000305175781,100.1392822265625,2123600
2016-05-26,118.58999633789062,119.19999694824219,118.05000305175781,118.41000366210938,100.02101135253906,1435900
2016-05-27,118.83999633789062,118.94000244140625,117.7699966430664,118.94000244140625,100.46871185302734,1317400
2016-05-31,118.88999938964844,119.1500015258789,118.08999633789062,118.97000122070312,100.4940414428711,1955700
2016-06-01,118.97000122070312,119.12000274658203,118.11000061035156,119.01000213623047,100.52783966064453,1202900
2016-06-02,118.69999694824219,119.2699966430664,118.0,119.23999786376953,100.72211456298828,1605700
2016-06-03,118.87999725341797,119.0,117.91000366210938,118.9000015258789,100.43489837646484,1196700
2016-06-06,119.0,119.76000213623047,118.5199966430664,119.5999984741211,101.02621459960938,1202900
2016-06-07,119.94000244140625,120.1500015258789,119.23999786376953,119.6500015258789,101.06843566894531,1317300
2016-06-08,119.58999633789062,119.94999694824219,118.54000091552734,119.31999969482422,100.7896957397461,2072100
2016-06-09,118.3499984741211,119.52999877929688,117.80000305175781,119.44000244140625,100.89105224609375,1197200
2016-06-10,118.5,118.88999938964844,117.94000244140625,118.2699966430664,99.90277099609375,1452100
2016-06-13,117.86000061035156,118.94000244140625,117.02999877929688,117.08000183105469,98.8975601196289,1992300
2016-06-14,117.08000183105469,118.31999969482422,116.75,118.08999633789062,99.75069427490234,1425300
2016-06-15,118.30000305175781,118.38999938964844,117.33000183105469,117.44999694824219,99.2101058959961,1453300
2016-06-16,116.81999969482422,118.5199966430664,116.62999725341797,118.30000305175781,99.92810821533203,1568800
2016-06-17,118.08999633789062,118.11000061035156,116.79000091552734,117.56999969482422,99.31146240234375,2216500
2016-06-20,119.0999984741211,120.33000183105469,118.9000015258789,119.05000305175781,100.5616226196289,2092700
2016-06-21,119.61000061035156,119.83999633789062,119.19999694824219,119.43000030517578,100.88259887695312,2040400
2016-06-22,119.94000244140625,120.77999877929688,118.91999816894531,119.02999877929688,100.54475402832031,3275500
2016-06-23,118.54000091552734,118.91000366210938,116.5,118.91000366210938,100.4433822631836,2858800
2016-06-24,112.7699966430664,114.9000015258789,110.93000030517578,111.44999694824219,94.14189910888672,6814300
2016-06-27,110.33999633789062,110.75,108.66000366210938,109.29000091552734,92.31734466552734,3648000
2016-06-28,110.5999984741211,111.0,109.58000183105469,110.55999755859375,93.39009094238281,2873000
2016-06-29,111.66999816894531,112.0199966430664,110.9000015258789,111.76000213623047,94.40375518798828,3603000
2016-06-30,112.31999969482422,113.30999755859375,112.11000061035156,113.29000091552734,95.6961441040039,3682600
2016-07-01,113.66000366210938,114.2300033569336,113.29000091552734,113.5199966430664,95.89043426513672,2195500
2016-07-05,113.51000213623047,113.55999755859375,112.62999725341797,113.0999984741211,95.53562927246094,2041100
2016-07-06,112.62999725341797,113.5199966430664,111.95999908447266,113.5199966430664,95.89043426513672,2667200
2016-07-07,113.51000213623047,113.9000015258789,112.51000213623047,112.69999694824219,95.1977767944336,2050500
2016-07-08,113.7300033569336,115.23999786376953,113.16999816894531,115.11000061035156,97.23350524902344,1962800
2016-07-11,115.69999694824219,115.9800033569336,115.12999725341797,115.45999908447266,97.5291519165039,1522300
2016-07-12,115.9000015258789,117.41999816894531,115.5999984741211,116.5,98.40763854980469,2431400
2016-07-13,117.0,117.16000366210938,116.29000091552734,116.83000183105469,98.68638610839844,1537200
2016-07-14,117.5,118.0,116.66000366210938,116.7699966430664,98.63571166992188,1502000
2016-07-15,116.4800033569336,116.63999938964844,114.25,115.08999633789062,97.21661376953125,2749000
2016-07-18,115.18000030517578,115.31999969482422,113.91000366210938,114.13999938964844,96.4141616821289,2390700
2016-07-19,113.6500015258789,114.04000091552734,113.04000091552734,113.37000274658203,95.76371002197266,1827000
2016-07-20,113.87000274658203,116.05000305175781,113.87000274658203,115.44999694824219,97.52068328857422,2665700
2016-07-21,115.06999969482422,115.29000091552734,111.97000122070312,112.36000061035156,94.91058349609375,2465300
2016-07-22,112.77999877929688,113.12999725341797,111.8499984741211,112.86000061035156,95.33293151855469,1982800
2016-07-25,112.77999877929688,113.11000061035156,112.05999755859375,113.06999969482422,95.51029968261719,1834100
2016-07-26,113.4000015258789,114.41999816894531,112.95999908447266,114.26000213623047,96.51549530029297,2796100
2016-07-27,114.44999694824219,114.44999694824219,113.20999908447266,113.70999908447266,96.05091094970703,2275800
2016-07-28,113.93000030517578,113.93000030517578,111.91999816894531,112.08000183105469,94.67406463623047,2224600
2016-07-29,112.4000015258789,113.12000274658203,111.33000183105469,112.80999755859375,95.29069519042969,2678700
2016-08-01,112.58000183105469,113.55000305175781,112.30000305175781,112.87999725341797,95.3498306274414,2235300
2016-08-02,112.63999938964844,112.98999786376953,112.08000183105469,112.83000183105469,95.3075942993164,2120100
2016-08-03,112.80999755859375,113.61000061035156,112.58999633789062,113.61000061035156,95.96646881103516,1601600
2016-08-04,113.16999816894531,113.98999786376953,112.69000244140625,113.70999908447266,96.05091094970703,2215300
2016-08-05,113.19999694824219,114.73999786376953,112.54000091552734,114.5999984741211,96.80269622802734,2746700
2016-08-08,114.5999984741211,114.75,113.48999786376953,113.68000030517578,96.02560424804688,1481900
2016-08-09,113.47000122070312,113.80999755859375,112.75,112.87999725341797,95.3498306274414,1820000
2016-08-10,113.19000244140625,113.4800033569336,112.7699966430664,113.22000122070312,95.63702392578125,1498600
2016-08-11,113.52999877929688,113.98999786376953,113.37999725341797,113.38999938964844,95.78060913085938,1297600
2016-08-12,113.19999694824219,113.55000305175781,112.66999816894531,113.02999877929688,95.4765396118164,1414700
2016-08-15,113.0,114.11000061035156,112.75,113.5999984741211,95.95799255371094,2284400
2016-08-16,113.0999984741211,113.26000213623047,112.33999633789062,112.9800033569336,95.43428039550781,1998500
2016-08-17,113.08999633789062,113.72000122070312,112.41000366210938,112.93000030517578,95.39204406738281,1566900
2016-08-18,112.73999786376953,113.12999725341797,111.91999816894531,112.3499984741211,94.90213012695312,2405600
2016-08-19,112.20999908447266,113.1500015258789,111.7300033569336,113.05000305175781,95.49342346191406,1519000
2016-08-22,112.7300033569336,113.8499984741211,112.36000061035156,113.76000213623047,96.0931625366211,1458600
2016-08-23,113.94000244140625,115.9000015258789,113.63999938964844,115.4800033569336,97.5460433959961,2385100
2016-08-24,115.47000122070312,115.72000122070312,114.2699966430664,114.56999969482422,96.77735137939453,2266800
2016-08-25,114.23999786376953,115.26000213623047,113.66999816894531,115.04000091552734,97.17437744140625,1869300
2016-08-26,115.16999816894531,116.19999694824219,114.54000091552734,115.19999694824219,97.30951690673828,1419300
2016-08-29,115.08000183105469,115.55999755859375,114.3499984741211,114.8499984741211,97.01387786865234,1367700
2016-08-30,114.9800033569336,115.55000305175781,114.7300033569336,115.3499984741211,97.43621063232422,1319000
2016-08-31,114.93000030517578,115.37999725341797,114.4800033569336,115.0,97.14058685302734,1999400
2016-09-01,114.75,115.5,114.04000091552734,115.05999755859375,97.19126892089844,1572700
2016-09-02,115.5,116.26000213623047,115.23999786376953,115.66000366210938,97.69810485839844,1539600
2016-09-06,115.83000183105469,116.0,114.83000183105469,115.36000061035156,97.44466400146484,1479200
2016-09-07,115.37000274658203,115.86000061035156,114.94000244140625,115.12000274658203,97.24195098876953,1484300
2016-09-08,114.43000030517578,114.55999755859375,112.25,112.30000305175781,94.85990905761719,3078500
2016-09-09,111.70999908447266,112.08999633789062,110.33000183105469,110.38999938964844,93.24652099609375,3282700
2016-09-12,110.22000122070312,112.95999908447266,110.11000061035156,112.76000213623047,95.24842071533203,2370900
2016-09-13,111.58000183105469,111.95999908447266,110.16999816894531,110.52999877929688,93.36476135253906,2483200
2016-09-14,110.75,111.54000091552734,109.29000091552734,109.80000305175781,92.7481460571289,2328100
2016-09-15,109.63999938964844,111.41999816894531,108.83000183105469,110.72000122070312,93.5252685546875,2903300
2016-09-16,110.33000183105469,110.48999786376953,109.12000274658203,109.87999725341797,92.81572723388672,2604900
2016-09-19,110.61000061035156,111.27999877929688,110.13999938964844,110.5,93.33943939208984,1785700
2016-09-20,111.18000030517578,111.75,110.69999694824219,110.69999694824219,93.50835418701172,1995200
2016-09-21,111.48999786376953,111.88999938964844,110.75,111.69999694824219,94.35307312011719,2466900
2016-09-22,111.9800033569336,114.2699966430664,111.91000366210938,113.66000366210938,96.00869750976562,2596200
2016-09-23,110.51000213623047,113.79000091552734,109.5,113.08999633789062,95.52720642089844,2265200
2016-09-26,112.44999694824219,113.94999694824219,112.44999694824219,113.7300033569336,96.06783294677734,3224200
2016-09-27,113.75,116.22000122070312,113.75,116.12999725341797,98.09510040283203,3134700
2016-09-28,115.68000030517578,117.05999755859375,115.37000274658203,116.6500015258789,98.53434753417969,3640300
2016-09-29,120.55999755859375,124.95999908447266,120.3499984741211,121.63999938964844,102.7493896484375,7643400
2016-09-30,121.77999877929688,123.02999877929688,121.77999877929688,122.16999816894531,103.19706726074219,4815800
2016-10-03,121.58999633789062,122.47000122070312,120.63999938964844,120.86000061035156,102.09053802490234,3667500
2016-10-04,121.18000030517578,121.44000244140625,117.76000213623047,118.23999786376953,99.8774185180664,3973700
2016-10-05,118.48999786376953,118.70999908447266,117.51000213623047,118.20999908447266,99.85208129882812,2875100
2016-10-06,118.20999908447266,118.80999755859375,117.68000030517578,118.5199966430664,100.11392974853516,2504500
2016-10-07,118.5199966430664,118.63999938964844,115.93000030517578,116.0,97.98528289794922,3034300
2016-10-10,116.37999725341797,117.9800033569336,116.37999725341797,117.45999908447266,99.21856689453125,2157600
2016-10-11,117.37999725341797,117.44000244140625,116.20999908447266,116.97000122070312,98.80467224121094,2708200
2016-10-12,117.41000366210938,117.97000122070312,116.70999908447266,117.62000274658203,99.35370635986328,2366500
2016-10-13,117.08000183105469,118.5,116.02999877929688,118.11000061035156,99.76762390136719,3106600
2016-10-14,118.45999908447266,119.16000366210938,117.86000061035156,118.25,99.88585662841797,2508500
2016-10-17,118.25,118.25,116.75,116.8499984741211,98.70328521728516,1904900
2016-10-18,117.69999694824219,118.26000213623047,117.3499984741211,117.52999877929688,99.27765655517578,2472900
2016-10-19,116.70999908447266,117.51000213623047,116.12999725341797,116.81999969482422,99.70438385009766,2263100
2016-10-20,116.5999984741211,117.13999938964844,115.95999908447266,116.05000305175781,99.04723358154297,2247800
2016-10-21,115.94999694824219,116.0,114.91000366210938,115.58999633789062,98.65462493896484,1979100
2016-10-24,116.0199966430664,116.5,115.4800033569336,115.80000305175781,98.8338623046875,1539800
2016-10-25,115.80000305175781,115.87000274658203,114.94999694824219,115.2699966430664,98.38151550292969,1456400
2016-10-26,114.79000091552734,115.9000015258789,114.51000213623047,115.44999694824219,98.53514099121094,1830900
2016-10-27,115.6500015258789,116.11000061035156,115.19999694824219,115.45999908447266,98.54367065429688,1871600
2016-10-28,115.8499984741211,116.58000183105469,115.02999877929688,115.66999816894531,98.72293090820312,1656200
2016-10-31,115.62999725341797,116.55999755859375,115.47000122070312,116.23999786376953,99.20938873291016,1877800
2016-11-01,116.5,116.69999694824219,115.45999908447266,116.13999938964844,99.12405395507812,2444400
2016-11-02,116.13999938964844,119.19999694824219,116.0,118.61000061035156,101.232177734375,5361100
2016-11-03,118.12999725341797,118.5,116.66000366210938,116.94999694824219,99.81538391113281,2086400
2016-11-04,117.04000091552734,118.12000274658203,116.44000244140625,117.2300033569336,100.05435943603516,2068300
2016-11-07,118.11000061035156,120.0,118.11000061035156,119.97000122070312,102.39291381835938,2311100
2016-11-08,119.9000015258789,121.0,119.51000213623047,119.80999755859375,102.25634765625,2118800
2016-11-09,115.87999725341797,118.0,114.66000366210938,117.20999908447266,100.03726196289062,5797600
2016-11-10,117.33999633789062,120.80000305175781,117.29000091552734,120.33000183105469,102.70020294189453,4357500
2016-11-11,119.66000366210938,121.0,118.70999908447266,119.18000030517578,101.7186508178711,3201800
2016-11-14,119.16999816894531,119.58999633789062,116.19999694824219,117.25,100.0714340209961,3622500
2016-11-15,117.55000305175781,117.83999633789062,115.37999725341797,115.98999786376953,98.99603271484375,3119900
2016-11-16,116.19000244140625,118.02999877929688,115.76000213623047,117.31999969482422,100.13116455078125,2147100
2016-11-17,117.5,118.54000091552734,117.20999908447266,118.37000274658203,101.0273208618164,1313600
2016-11-18,118.25,118.55999755859375,117.87000274658203,118.43000030517578,101.07853698730469,2123500
2016-11-21,118.69999694824219,119.87999725341797,118.43000030517578,119.68000030517578,102.14540100097656,1694600
2016-11-22,119.91999816894531,120.38999938964844,119.31999969482422,119.4800033569336,101.97470092773438,2251800
2016-11-23,119.36000061035156,120.29000091552734,119.06999969482422,119.81999969482422,102.26487731933594,1958700
2016-11-25,119.9000015258789,120.77999877929688,119.58999633789062,120.73999786376953,103.0500717163086,783700
2016-11-28,120.52999877929688,121.38999938964844,120.08999633789062,120.76000213623047,103.0671615600586,2075600
2016-11-29,120.73999786376953,121.52999877929688,120.37000274658203,120.94000244140625,103.22079467773438,1484000
2016-11-30,121.01000213623047,121.13999938964844,119.43000030517578,119.43000030517578,101.9320297241211,2635500
2016-12-01,119.5,120.05000305175781,117.12000274658203,117.66000366210938,100.4213638305664,2260400
2016-12-02,117.62999725341797,118.25,116.16999816894531,117.29000091552734,100.10557556152344,1922800
2016-12-05,117.86000061035156,118.58000183105469,117.29000091552734,117.72000122070312,100.47256469726562,2052300
2016-12-06,118.12999725341797,118.88999938964844,117.7300033569336,118.41000366210938,101.06146240234375,1973600
2016-12-07,118.6500015258789,121.6500015258789,118.44999694824219,121.56999969482422,103.75846862792969,2024100
2016-12-08,121.66999816894531,122.38999938964844,121.2699966430664,121.73999786376953,103.9035873413086,1449300
2016-12-09,121.33000183105469,123.45999908447266,120.86000061035156,123.30999755859375,105.24356079101562,2227200
2016-12-12,122.86000061035156,123.79000091552734,122.5999984741211,123.61000061035156,105.4996109008789,1608700
2016-12-13,123.80000305175781,125.72000122070312,123.68000030517578,125.4000015258789,107.02735900878906,2333200
2016-12-14,125.25,125.6500015258789,123.43000030517578,123.6500015258789,105.53376770019531,2041300
2016-12-15,123.44999694824219,125.27999877929688,123.26000213623047,124.55000305175781,106.30188751220703,1761400
2016-12-16,124.58000183105469,125.16000366210938,122.44000244140625,123.0,104.97898864746094,4514000
2016-12-19,123.2300033569336,124.44000244140625,123.16000366210938,123.6500015258789,105.53376770019531,2750400
2016-12-20,124.04000091552734,124.2699966430664,123.01000213623047,124.0999984741211,105.91780090332031,3290800
2016-12-21,118.55000305175781,119.9800033569336,117.5999984741211,117.9000015258789,100.6261978149414,6032500
2016-12-22,118.05999755859375,118.62999725341797,117.01000213623047,117.79000091552734,100.53231811523438,2758400
2016-12-23,117.4000015258789,118.20999908447266,117.11000061035156,117.4800033569336,100.26773071289062,1697200
2016-12-27,117.36000061035156,118.4800033569336,117.20999908447266,117.55000305175781,100.32746887207031,1546300
2016-12-28,118.0,118.0,116.08999633789062,116.61000061035156,99.52519226074219,1797700
2016-12-29,116.9800033569336,117.9800033569336,116.51000213623047,117.01000213623047,99.86658477783203,1633900
2016-12-30,117.55999755859375,117.94999694824219,116.58999633789062,117.12999725341797,99.96900939941406,1739500
2017-01-03,117.37999725341797,117.80999755859375,115.81999969482422,116.45999908447266,99.39717102050781,2351600
2017-01-04,116.91000366210938,117.80000305175781,116.43000030517578,116.73999786376953,99.63613891601562,2639800
2017-01-05,116.9800033569336,117.13999938964844,114.94999694824219,114.98999786376953,98.14253997802734,3685400
2017-01-06,114.98999786376953,116.73999786376953,114.33999633789062,116.30000305175781,99.26063537597656,4125300
2017-01-09,116.13999938964844,116.3499984741211,114.91999816894531,115.0,98.15109252929688,2550800
2017-01-10,114.94000244140625,115.98999786376953,114.63999938964844,115.05999755859375,98.20227813720703,2550100
2017-01-11,115.4000015258789,116.26000213623047,114.91000366210938,116.12000274658203,99.10697937011719,2845800
2017-01-12,115.62000274658203,115.97000122070312,114.83999633789062,115.77999877929688,98.81680297851562,2110800
2017-01-13,115.3499984741211,117.44000244140625,115.3499984741211,116.94999694824219,99.81538391113281,2665600
2017-01-17,115.91999816894531,116.36000061035156,115.47000122070312,116.02999877929688,99.03016662597656,2374300
2017-01-18,116.54000091552734,116.94999694824219,115.73999786376953,115.94999694824219,98.96188354492188,2262200
2017-01-19,115.5999984741211,116.0,115.2699966430664,115.5,98.57782745361328,1647100
2017-01-20,115.87999725341797,116.25,114.80999755859375,115.06999969482422,98.21083068847656,2781400
2017-01-23,114.77999877929688,115.2699966430664,114.61000061035156,114.81999969482422,97.99744415283203,2320000
2017-01-24,115.19999694824219,116.63999938964844,114.83999633789062,116.4800033569336,99.41424560546875,2810100
2017-01-25,116.9000015258789,118.36000061035156,116.69999694824219,117.56999969482422,100.34452819824219,2905900
2017-01-26,116.98999786376953,117.44000244140625,115.62000274658203,115.93000030517578,98.94483184814453,2864600
2017-01-27,116.19999694824219,116.44000244140625,115.06999969482422,115.3499984741211,98.44978332519531,2545100
2017-01-30,115.31999969482422,115.33000183105469,113.41000366210938,114.62999725341797,97.83528900146484,2529700
2017-01-31,113.97000122070312,114.0199966430664,112.61000061035156,113.87000274658203,97.18665313720703,2339000
2017-02-01,113.80000305175781,114.7699966430664,112.30999755859375,113.20999908447266,96.62332916259766,2471600
2017-02-02,113.1500015258789,113.7699966430664,112.70999908447266,113.63999938964844,96.9903335571289,2450500
2017-02-03,114.0,114.83000183105469,113.33999633789062,114.48999786376953,97.71580505371094,1663700
2017-02-06,114.06999969482422,115.22000122070312,113.37999725341797,114.18000030517578,97.45122528076172,2019400
2017-02-07,114.94999694824219,116.16999816894531,114.94999694824219,115.91999816894531,98.93627166748047,2538200
2017-02-08,116.1500015258789,116.1500015258789,114.91999816894531,115.43000030517578,98.51805877685547,2373700
2017-02-09,115.43000030517578,117.45999908447266,115.43000030517578,116.9800033569336,99.84098815917969,2117100
2017-02-10,116.69999694824219,118.83999633789062,116.5199966430664,117.5999984741211,100.37015533447266,2183000
2017-02-13,117.9000015258789,118.94999694824219,117.7300033569336,118.58999633789062,101.21508026123047,1988400
2017-02-14,118.47000122070312,120.0,118.41000366210938,120.0,102.41851806640625,2559400
2017-02-15,119.61000061035156,120.16999816894531,119.30000305175781,119.93000030517578,102.3587646484375,1951100
2017-02-16,119.93000030517578,120.98999786376953,119.52999877929688,120.72000122070312,103.03303527832031,1966900
2017-02-17,120.51000213623047,121.29000091552734,120.0999984741211,121.2300033569336,103.46833038330078,1904900
2017-02-21,120.62999725341797,122.22000122070312,120.56999969482422,122.0999984741211,104.2108383178711,2117100
2017-02-22,121.66000366210938,122.87999725341797,121.58000183105469,122.20999908447266,104.30471801757812,1557000
2017-02-23,122.58999633789062,122.70999908447266,121.7300033569336,122.4800033569336,104.53517150878906,1439600
2017-02-24,122.0,123.43000030517578,121.5999984741211,123.43000030517578,105.3459701538086,1447700
2017-02-27,123.01000213623047,123.43000030517578,122.4800033569336,122.79000091552734,104.79975128173828,1679800
2017-02-28,122.75,123.08999633789062,121.93000030517578,122.5,104.55223083496094,1744900
2017-03-01,123.23999786376953,124.29000091552734,122.45999908447266,124.06999969482422,105.8922119140625,1879700
2017-03-02,123.98999786376953,124.43000030517578,123.55999755859375,124.3499984741211,106.13118743896484,1896600
2017-03-03,124.19999694824219,124.25,122.98999786376953,123.63999938964844,105.52521514892578,2123000
2017-03-06,122.98999786376953,123.43000030517578,122.52999877929688,123.23999786376953,105.183837890625,1814100
2017-03-07,123.62999725341797,124.37999725341797,123.12000274658203,124.13999938964844,105.95194244384766,2705300
2017-03-08,124.11000061035156,124.79000091552734,123.77999877929688,124.45999908447266,106.2250747680664,2168600
2017-03-09,124.37000274658203,124.37000274658203,122.6500015258789,123.18000030517578,105.13258361816406,2338100
2017-03-10,123.6500015258789,124.33000183105469,123.06999969482422,123.93000030517578,105.7727279663086,1931100
2017-03-13,124.2300033569336,124.75,123.47000122070312,124.04000091552734,105.86659240722656,2233700
2017-03-14,124.16999816894531,124.7300033569336,123.62999725341797,123.91000366210938,105.75566101074219,1627800
2017-03-15,123.41000366210938,124.98999786376953,123.02999877929688,124.80000305175781,106.5152587890625,2087700
2017-03-16,124.88999938964844,125.19000244140625,123.61000061035156,124.0999984741211,105.91780090332031,2182000
2017-03-17,124.70999908447266,125.44999694824219,123.83000183105469,125.22000122070312,106.87371826171875,4603600
2017-03-20,125.22000122070312,125.38999938964844,124.16999816894531,124.38999938964844,106.1653060913086,2257400
2017-03-21,125.08000183105469,125.41000366210938,123.62999725341797,124.63999938964844,106.37870025634766,3219900
2017-03-22,125.02999877929688,126.52999877929688,124.47000122070312,126.4800033569336,107.9491195678711,4288600
2017-03-23,122.70999908447266,123.01000213623047,120.54000091552734,120.76000213623047,103.0671615600586,7116800
2017-03-24,120.77999877929688,121.30999755859375,118.76000213623047,118.9800033569336,101.5479736328125,3949800
2017-03-27,118.7300033569336,119.80000305175781,118.30000305175781,119.38999938964844,101.89789581298828,3122800
2017-03-28,119.81999969482422,122.33999633789062,119.01000213623047,121.3499984741211,103.57071685791016,5516000
2017-03-29,121.66000366210938,121.70999908447266,120.1500015258789,120.9800033569336,103.25493621826172,2438900
2017-03-30,120.88999938964844,121.0,120.05000305175781,120.5199966430664,102.8623275756836,2030200
2017-03-31,120.70999908447266,121.20999908447266,119.83999633789062,119.87999725341797,102.31608581542969,2102800
2017-04-03,118.0,118.16999816894531,117.0,117.63999938964844,100.40428924560547,3917500
2017-04-04,117.27999877929688,118.06999969482422,117.27999877929688,118.04000091552734,100.74565887451172,1690600
2017-04-05,118.23999786376953,119.08999633789062,117.48999786376953,117.63999938964844,100.40428924560547,1902100
2017-04-06,117.68000030517578,117.93000030517578,116.76000213623047,116.80999755859375,99.69588470458984,2049600
2017-04-07,117.0,117.73999786376953,116.5,117.44000244140625,100.23358917236328,2408000
2017-04-10,117.5,118.55999755859375,117.37000274658203,117.83999633789062,100.57496643066406,2308300
2017-04-11,116.18000030517578,116.80000305175781,115.79000091552734,116.08000183105469,100.1007080078125,2295300
2017-04-12,116.05000305175781,116.4000015258789,115.47000122070312,115.58000183105469,99.66950225830078,2087800
2017-04-13,115.36000061035156,115.88999938964844,114.81999969482422,114.86000061035156,99.04862976074219,1838900
2017-04-17,114.87999725341797,115.7300033569336,114.87999725341797,115.72000122070312,99.79027557373047,1168300
2017-04-18,115.5,116.36000061035156,115.38999938964844,116.23999786376953,100.23865509033203,1978100
2017-04-19,116.37000274658203,117.36000061035156,116.0,116.94999694824219,100.85092163085938,2185400
2017-04-20,117.6500015258789,119.86000061035156,117.37999725341797,119.20999908447266,102.79981994628906,3743500
2017-04-21,119.73999786376953,119.9800033569336,119.02999877929688,119.2300033569336,102.81709289550781,2639000
2017-04-24,119.94000244140625,120.51000213623047,119.11000061035156,119.36000061035156,102.92918395996094,2106800
2017-04-25,119.37999725341797,119.94000244140625,118.68000030517578,118.69000244140625,102.35143280029297,1947200
2017-04-26,118.7300033569336,119.45999908447266,118.4000015258789,118.9800033569336,102.60148620605469,1581400
2017-04-27,119.12000274658203,120.62000274658203,119.12000274658203,120.48999786376953,103.90361022949219,2008200
2017-04-28,120.19000244140625,121.3499984741211,120.02999877929688,121.30000305175781,104.60211181640625,2476600
2017-05-01,121.37000274658203,121.69000244140625,121.0999984741211,121.25,104.55901336669922,1931900
2017-05-02,121.29000091552734,121.70999908447266,120.20999908447266,120.68000030517578,104.06746673583984,2697100
2017-05-03,120.43000030517578,120.87000274658203,119.66999816894531,120.30000305175781,103.73979187011719,1762100
2017-05-04,120.75,120.98999786376953,120.22000122070312,120.81999969482422,104.18822479248047,1557500
2017-05-05,120.91000366210938,121.5199966430664,120.7699966430664,121.5199966430664,104.79183959960938,1716900
2017-05-08,121.0999984741211,121.5199966430664,120.76000213623047,121.11000061035156,104.43827056884766,1522100
2017-05-09,121.30000305175781,121.62999725341797,120.91000366210938,121.06999969482422,104.4037857055664,1094400
2017-05-10,121.06999969482422,121.37000274658203,120.55999755859375,121.19999694824219,104.51588439941406,1343600
2017-05-11,120.75,120.9000015258789,119.66999816894531,120.80000305175781,104.17095947265625,1835200
2017-05-12,120.37999725341797,121.5,120.37999725341797,120.95999908447266,104.30891418457031,2362300
2017-05-15,120.95999908447266,122.54000091552734,120.76000213623047,122.25,105.4213638305664,1772200
2017-05-16,122.69000244140625,123.30999755859375,122.22000122070312,123.13999938964844,106.1888198852539,2180600
2017-05-17,123.13999938964844,123.13999938964844,120.33999633789062,120.44000244140625,103.86051177978516,2277900
2017-05-18,120.86000061035156,121.02999877929688,119.41000366210938,120.4000015258789,103.82601928710938,1968800
2017-05-19,121.01000213623047,121.20999908447266,120.19000244140625,120.9800033569336,104.326171875,2190100
2017-05-22,121.5999984741211,122.83999633789062,121.22000122070312,122.70999908447266,105.81800842285156,1912500
2017-05-23,122.86000061035156,123.06999969482422,121.80000305175781,122.1500015258789,105.33512878417969,1472300
2017-05-24,120.43000030517578,122.1500015258789,120.30000305175781,121.94999694824219,105.16262817382812,2026900
2017-05-25,122.75,123.55999755859375,122.19999694824219,123.0999984741211,106.15435791015625,1425500
2017-05-26,122.94000244140625,123.11000061035156,122.5199966430664,122.88999938964844,105.97323608398438,1414500
2017-05-30,122.61000061035156,123.97000122070312,122.3499984741211,123.7699966430664,106.73210906982422,1373000
2017-05-31,124.0,124.5999984741211,123.52999877929688,124.47000122070312,107.33572387695312,2655600
2017-06-01,124.93000030517578,125.29000091552734,123.86000061035156,125.29000091552734,108.04287719726562,1902600
2017-06-02,125.37000274658203,125.9800033569336,124.88999938964844,125.73999786376953,108.43091583251953,1766000
2017-06-05,126.0,126.9800033569336,125.44000244140625,126.58000183105469,109.15526580810547,1950000
2017-06-06,126.19000244140625,127.0,126.01000213623047,126.33000183105469,108.93970489501953,1513600
2017-06-07,126.08000183105469,126.7699966430664,125.52999877929688,126.55000305175781,109.12942504882812,1640400
2017-06-08,126.55000305175781,127.0,125.5199966430664,126.16999816894531,108.80171966552734,2128900
2017-06-09,126.0,126.73999786376953,124.9800033569336,125.81999969482422,108.49990844726562,1929200
2017-06-12,125.52999877929688,126.30000305175781,124.7300033569336,126.30000305175781,108.91383361816406,2355800
2017-06-13,126.44000244140625,127.55999755859375,126.08000183105469,127.06999969482422,109.57782745361328,2434100
2017-06-14,127.80000305175781,128.0,126.69999694824219,127.25,109.73304748535156,1861200
2017-06-15,126.27999877929688,127.36000061035156,124.5,127.02999877929688,109.5433349609375,2196300
2017-06-16,127.5199966430664,128.0,126.52999877929688,127.55999755859375,110.00038146972656,2965400
2017-06-19,128.47000122070312,128.47000122070312,127.38999938964844,127.7699966430664,110.18147277832031,2123000
2017-06-20,127.33000183105469,127.63999938964844,126.37999725341797,126.52999877929688,109.11216735839844,2356400
2017-06-21,127.06999969482422,127.18000030517578,126.02999877929688,127.11000061035156,109.61234283447266,3257900
2017-06-22,122.97000122070312,123.9000015258789,119.0999984741211,122.08000183105469,105.27474975585938,8691100
2017-06-23,122.13999938964844,123.62000274658203,121.72000122070312,122.73999786376953,105.84390258789062,3817800
2017-06-26,123.1500015258789,124.05000305175781,122.27999877929688,122.33999633789062,105.49895477294922,2623000
2017-06-27,122.5,122.83999633789062,122.0,122.19000244140625,105.3696060180664,2214800
2017-06-28,122.77999877929688,123.83000183105469,122.19000244140625,123.73999786376953,106.70622253417969,1727500
2017-06-29,123.5,123.5,122.61000061035156,122.98999786376953,106.05947875976562,2687300
2017-06-30,123.30000305175781,124.4000015258789,123.1500015258789,123.68000030517578,106.65449523925781,2290300
2017-07-03,123.81999969482422,124.87999725341797,123.79000091552734,123.93000030517578,106.87008666992188,1236200
2017-07-05,124.0,124.77999877929688,123.98999786376953,124.05000305175781,106.97354888916016,1328600
2017-07-06,123.3499984741211,123.62999725341797,122.02999877929688,122.94000244140625,106.01636505126953,1938100
2017-07-07,123.55000305175781,124.75,123.06999969482422,124.20999908447266,107.1115493774414,1889400
2017-07-10,124.05000305175781,124.37000274658203,123.58999633789062,124.05999755859375,106.98219299316406,1301500
2017-07-11,124.05999755859375,124.0999984741211,123.19999694824219,123.8499984741211,106.80107879638672,1379800
2017-07-12,124.30000305175781,125.4800033569336,124.12000274658203,125.47000122070312,108.1980972290039,2017900
2017-07-13,125.69999694824219,126.3499984741211,125.44000244140625,125.7300033569336,108.42227172851562,1713700
2017-07-14,126.19000244140625,126.95999908447266,125.7300033569336,126.69999694824219,109.2587890625,1752900
2017-07-17,126.7699966430664,127.05000305175781,126.1500015258789,126.41999816894531,109.01731872558594,2005600
2017-07-18,126.25,127.56999969482422,125.4800033569336,127.37000274658203,109.8365478515625,1641400
2017-07-19,127.5,128.0,126.72000122070312,127.77999877929688,110.1900863647461,2275300
2017-07-20,127.9000015258789,128.75999450683594,127.6500015258789,128.5399932861328,110.84547424316406,1655300
2017-07-21,128.5399932861328,128.9600067138672,128.00999450683594,128.85000610351562,111.1128158569336,1765400
2017-07-24,128.27000427246094,128.5,127.58999633789062,128.00999450683594,110.38842010498047,1763200
2017-07-25,128.25,129.30999755859375,127.68000030517578,128.9499969482422,111.19904327392578,1600000
2017-07-26,129.0,129.61000061035156,128.74000549316406,129.50999450683594,111.68194580078125,1615300
2017-07-27,129.6999969482422,129.6999969482422,127.41999816894531,128.16000366210938,110.5177993774414,2097000
2017-07-28,127.9800033569336,128.52999877929688,127.30999755859375,128.39999389648438,110.72476196289062,1133900
2017-07-31,128.5,129.16000366210938,128.19000244140625,128.82000732421875,111.08695220947266,1584400
2017-08-01,129.10000610351562,129.88999938964844,128.9499969482422,129.86000061035156,111.98377990722656,3465700
2017-08-02,129.6999969482422,129.83999633789062,128.52999877929688,128.6199951171875,110.91445922851562,1318300
2017-08-03,129.22000122070312,130.27999877929688,127.98999786376953,130.02000427246094,112.12177276611328,3559700
2017-08-04,130.05999755859375,130.6699981689453,129.5399932861328,130.1999969482422,112.2769775390625,1283200
2017-08-07,129.8300018310547,130.35000610351562,129.3800048828125,129.67999267578125,111.82852172851562,952900
2017-08-08,129.32000732421875,129.88999938964844,128.94000244140625,129.1300048828125,111.35427856445312,1099500
2017-08-09,129.00999450683594,129.77999877929688,128.9199981689453,129.6199951171875,111.77680969238281,1216900
2017-08-10,129.22000122070312,129.77999877929688,128.19000244140625,128.24000549316406,110.5867691040039,1800900
2017-08-11,128.6699981689453,128.7100067138672,128.1199951171875,128.1999969482422,110.55227661132812,1105500
2017-08-14,128.8800048828125,129.8699951171875,128.6300048828125,129.69000244140625,111.83718872070312,1421600
2017-08-15,129.41000366210938,129.8000030517578,128.74000549316406,129.3800048828125,111.5698471069336,1152500
2017-08-16,129.66000366210938,130.49000549316406,129.39999389648438,130.02999877929688,112.13036346435547,1935500
2017-08-17,129.8800048828125,130.02999877929688,127.55999755859375,127.58999633789062,110.0262451171875,1567200
2017-08-18,127.7300033569336,128.2899932861328,127.2699966430664,127.44000244140625,109.89689636230469,1263500
2017-08-21,127.48999786376953,128.30999755859375,127.26000213623047,128.1699981689453,110.52640533447266,1284500
2017-08-22,128.55999755859375,129.47000122070312,127.98999786376953,129.30999755859375,111.50946807861328,959500
2017-08-23,128.67999267578125,129.13999938964844,128.27999877929688,128.36000061035156,110.69024658203125,1543300
2017-08-24,128.58999633789062,129.0800018310547,128.27000427246094,128.6699981689453,110.95756530761719,1099000
2017-08-25,129.32000732421875,129.77999877929688,129.17999267578125,129.38999938964844,111.5784683227539,1252400
2017-08-28,129.7100067138672,129.89999389648438,129.02000427246094,129.24000549316406,111.44912719726562,999900
2017-08-29,128.47000122070312,129.99000549316406,128.2899932861328,129.66000366210938,111.811279296875,1170800
2017-08-30,129.64999389648438,129.9600067138672,129.08999633789062,129.7899932861328,111.92340850830078,1149100
2017-08-31,130.0,130.9199981689453,129.8300018310547,130.75999450683594,112.75984954833984,2003500
2017-09-01,130.9499969482422,130.9499969482422,129.8699951171875,130.10000610351562,112.19072723388672,1528300
2017-09-05,130.10000610351562,130.38999938964844,129.10000610351562,129.77000427246094,111.90615844726562,2442400
2017-09-06,130.2100067138672,131.3800048828125,130.0500030517578,131.1199951171875,113.07032775878906,1549900
2017-09-07,131.5,134.8300018310547,131.36000061035156,134.24000549316406,115.76080322265625,2094800
2017-09-08,134.41000366210938,134.97000122070312,133.64999389648438,133.72000122070312,115.3124008178711,2178800
2017-09-11,134.6199951171875,136.25999450683594,133.61000061035156,136.22999572753906,117.47689056396484,1667200
2017-09-12,136.55999755859375,136.9499969482422,136.00999450683594,136.22000122070312,117.4682846069336,1658800
2017-09-13,135.91000366210938,136.1699981689453,134.2100067138672,134.77999877929688,116.22648620605469,3078600
2017-09-14,134.5,135.24000549316406,134.0,134.86000061035156,116.29545593261719,3290500
2017-09-15,135.0,135.64999389648438,134.0399932861328,135.35000610351562,116.71806335449219,3713500
2017-09-18,135.49000549316406,137.35000610351562,135.49000549316406,136.94000244140625,118.08915710449219,2496500
2017-09-19,137.0,137.7899932861328,136.7100067138672,136.7100067138672,117.89083099365234,2379600
2017-09-20,136.00999450683594,138.14999389648438,136.00999450683594,138.00999450683594,119.0118637084961,1997700
2017-09-21,137.9499969482422,138.1199951171875,136.57000732421875,136.66000366210938,117.84771728515625,2007000
2017-09-22,136.67999267578125,138.0,136.5,137.89999389648438,118.91700744628906,1918500
2017-09-25,137.94000244140625,138.27000427246094,137.25999450683594,138.16000366210938,119.1412124633789,2463200
2017-09-26,138.5,138.6999969482422,136.75,136.83999633789062,118.00291442871094,2911500
2017-09-27,137.32000732421875,137.5399932861328,136.1199951171875,136.63999938964844,117.83049011230469,3885500
2017-09-28,132.7899932861328,137.67999267578125,132.27000427246094,136.32000732421875,117.55453491210938,4246400
2017-09-29,136.91000366210938,137.57000732421875,134.83999633789062,135.07000732421875,116.47659301757812,3312000
2017-10-02,135.22999572753906,135.83999633789062,134.6199951171875,135.44000244140625,116.79561614990234,2667500
2017-10-03,134.83999633789062,135.97000122070312,133.66000366210938,134.25,115.76945495605469,2534900
2017-10-04,134.52000427246094,135.67999267578125,134.4600067138672,135.16000366210938,116.5541763305664,2193000
2017-10-05,135.5,136.3699951171875,135.27000427246094,136.22000122070312,117.4682846069336,1666100
2017-10-06,136.16000366210938,136.97000122070312,135.72000122070312,136.25,117.494140625,1275700
2017-10-09,136.25,137.0,136.02999877929688,136.99000549316406,118.13225555419922,1012100
2017-10-10,137.0,138.0,136.85000610351562,137.52000427246094,118.58930206298828,1804100
2017-10-11,137.19000244140625,137.52000427246094,136.41000366210938,136.91000366210938,118.06329345703125,2648200
2017-10-12,136.97999572753906,139.64999389648438,136.13999938964844,139.1999969482422,120.03801727294922,2872200
2017-10-13,139.5800018310547,140.0,138.1999969482422,139.1999969482422,120.03801727294922,1687200
2017-10-16,139.42999267578125,139.57000732421875,138.1199951171875,139.08999633789062,119.94316101074219,1453100
2017-10-17,138.91000366210938,139.27999877929688,138.27999877929688,138.64999389648438,119.56375885009766,1446700
2017-10-18,138.22999572753906,138.6300048828125,137.36000061035156,137.4199981689453,119.65084075927734,1584800
2017-10-19,137.4499969482422,138.6699981689453,136.83999633789062,138.6199951171875,120.69566345214844,1351700
2017-10-20,139.1699981689453,139.5,138.50999450683594,139.49000549316406,121.45315551757812,1368900
2017-10-23,139.75,140.1699981689453,139.0500030517578,139.3300018310547,121.3138656616211,1518200
2017-10-24,139.33999633789062,139.42999267578125,138.0500030517578,138.91000366210938,120.94817352294922,1215000
2017-10-25,139.0,141.24000549316406,138.66000366210938,141.16000366210938,122.90724182128906,2354700
2017-10-26,141.5800018310547,142.91000366210938,141.33999633789062,141.97000122070312,123.61248016357422,1965500
2017-10-27,142.63999938964844,143.61000061035156,141.99000549316406,143.27999877929688,124.75308990478516,2367600
2017-10-30,143.38999938964844,143.77999877929688,142.1300048828125,143.2899932861328,124.76177978515625,2145000
2017-10-31,143.17999267578125,143.2899932861328,142.16000366210938,142.36000061035156,123.9520492553711,2255300
2017-11-01,142.25999450683594,143.19000244140625,141.47000122070312,142.9600067138672,124.4745101928711,2060100
2017-11-02,142.5,143.77999877929688,141.92999267578125,143.42999267578125,124.88370513916016,1585200
2017-11-03,143.42999267578125,144.69000244140625,143.10000610351562,144.0399932861328,125.41482543945312,1336000
2017-11-06,143.1199951171875,144.2100067138672,142.2899932861328,143.92999267578125,125.31902313232422,1488700
2017-11-07,144.47999572753906,144.47999572753906,142.94000244140625,143.5,124.94466400146484,1284400
2017-11-08,143.75999450683594,145.0,143.0,144.88999938964844,126.15491485595703,1208300
2017-11-09,144.61000061035156,144.72999572753906,142.97000122070312,143.8300018310547,125.23198699951172,1288500
2017-11-10,143.52000427246094,144.07000732421875,142.6999969482422,143.88999938964844,125.28418731689453,922500
2017-11-13,143.61000061035156,144.27999877929688,143.16000366210938,143.9199981689453,125.3103256225586,1456200
2017-11-14,143.41000366210938,145.5,142.77000427246094,144.9600067138672,126.2158432006836,1811900
2017-11-15,144.41000366210938,145.0,143.67999267578125,144.25999450683594,125.60636901855469,1792800
2017-11-16,144.9600067138672,147.27999877929688,144.60000610351562,147.0399932861328,128.0269012451172,2040100
2017-11-17,146.38999938964844,146.7899932861328,144.75,145.4499969482422,126.6424789428711,2557100
2017-11-20,145.3699951171875,146.85000610351562,144.8800048828125,146.57000732421875,127.61769104003906,1602600
2017-11-21,147.0,148.47000122070312,146.41000366210938,148.00999450683594,128.87149047851562,1732000
2017-11-22,147.85000610351562,148.32000732421875,147.02999877929688,147.11000061035156,128.08787536621094,1263700
2017-11-24,148.1699981689453,148.1699981689453,146.8000030517578,147.6300048828125,128.5406036376953,601800
2017-11-27,148.0,148.10000610351562,147.42999267578125,147.5,128.4274139404297,1352100
2017-11-28,148.00999450683594,148.49000549316406,146.64999389648438,148.0399932861328,128.89756774902344,1925900
2017-11-29,148.55999755859375,148.55999755859375,145.22999572753906,146.9499969482422,127.94854736328125,1973000
2017-11-30,147.0,148.60000610351562,146.8000030517578,148.00999450683594,128.87149047851562,2837100
2017-12-01,147.6999969482422,148.36000061035156,145.75,146.57000732421875,127.61769104003906,1971600
2017-12-04,147.5,147.97000122070312,146.0800018310547,147.14999389648438,128.12266540527344,2099800
2017-12-05,147.24000549316406,148.47999572753906,146.7899932861328,147.6699981689453,128.57546997070312,1398900
2017-12-06,147.97999572753906,148.47999572753906,147.27000427246094,148.27000427246094,129.09783935546875,1363400
2017-12-07,148.0,148.66000366210938,147.24000549316406,148.60000610351562,129.38514709472656,1526400
2017-12-08,149.10000610351562,150.58999633789062,148.72000122070312,150.52999877929688,131.0656280517578,1736000
2017-12-11,150.5500030517578,151.13999938964844,150.1300048828125,150.69000244140625,131.20494079589844,1983300
2017-12-12,150.61000061035156,152.8000030517578,149.9600067138672,152.10000610351562,132.43263244628906,2317900
2017-12-13,151.80999755859375,152.75,150.41000366210938,151.4199981689453,131.84056091308594,1596800
2017-12-14,151.83999633789062,152.41000366210938,151.14999389648438,151.2100067138672,131.65771484375,1612500
2017-12-15,152.5399932861328,152.89999389648438,150.66000366210938,152.66000366210938,132.92022705078125,3498800
2017-12-18,153.0500030517578,153.75,151.5800018310547,151.72000122070312,132.1017608642578,2277500
2017-12-19,151.9600067138672,152.7899932861328,150.99000549316406,152.22000122070312,132.5370635986328,2063900
2017-12-20,152.17999267578125,152.8699951171875,151.6199951171875,151.75,132.1278839111328,3206200
2017-12-21,156.3000030517578,158.44000244140625,153.91000366210938,154.1999969482422,134.2610626220703,4563600
2017-12-22,155.77999877929688,156.0,153.8000030517578,153.88999938964844,133.99118041992188,1818600
2017-12-26,153.13999938964844,153.47000122070312,152.4600067138672,152.99000549316406,133.20753479003906,1514400
2017-12-27,153.24000549316406,153.75999450683594,152.8300018310547,153.32000732421875,133.49485778808594,1690400
2017-12-28,153.4600067138672,153.91000366210938,152.99000549316406,153.57000732421875,133.71253967285156,1124300
2017-12-29,154.42999267578125,154.5800018310547,153.07000732421875,153.08999633789062,133.29458618164062,1452100
2018-01-02,153.5,154.10000610351562,152.77999877929688,153.83999633789062,133.94766235351562,3061900
2018-01-03,152.99000549316406,154.99000549316406,152.99000549316406,154.5500030517578,134.56581115722656,2064200
2018-01-04,155.0,156.86000061035156,154.77000427246094,156.3800048828125,136.15919494628906,1777000
2018-01-05,156.61000061035156,157.72000122070312,156.1300048828125,157.6699981689453,137.2823944091797,1597600
2018-01-08,157.3699951171875,159.00999450683594,156.83999633789062,158.92999267578125,138.37945556640625,2616900
2018-01-09,158.5,159.49000549316406,157.4499969482422,159.4600067138672,138.8409423828125,3204700
2018-01-10,158.9499969482422,159.14999389648438,157.72999572753906,158.89999389648438,138.3533172607422,1624100
2018-01-11,158.89999389648438,159.39999389648438,158.0500030517578,159.11000061035156,138.5362091064453,1809200
2018-01-12,159.5,160.63999938964844,158.57000732421875,160.11000061035156,139.4068603515625,2048800
2018-01-16,160.25,160.3699951171875,157.91000366210938,157.9600067138672,137.534912109375,2858700
2018-01-17,159.10000610351562,160.47000122070312,158.80999755859375,160.2100067138672,139.4939727783203,2143100
2018-01-18,160.1300048828125,161.0800018310547,159.82000732421875,160.94000244140625,140.1295623779297,1715500
2018-01-19,161.60000610351562,162.5,160.1999969482422,161.75,140.8348388671875,2246700
2018-01-22,161.2100067138672,161.8800048828125,160.82000732421875,161.42999267578125,140.5561981201172,1720000
2018-01-23,161.2899932861328,162.0500030517578,160.63999938964844,160.8800048828125,140.07730102539062,1635800
2018-01-24,161.1999969482422,161.99000549316406,160.5399932861328,160.60000610351562,139.83352661132812,1951900
2018-01-25,161.1199951171875,161.75,160.6199951171875,160.7899932861328,139.9989471435547,1327100
2018-01-26,161.25,162.5800018310547,160.3300018310547,162.5500030517578,141.53135681152344,1950700
2018-01-29,162.3300018310547,162.60000610351562,160.97000122070312,161.19000244140625,140.34722900390625,1314800
2018-01-30,160.9600067138672,161.16000366210938,159.11000061035156,159.6999969482422,139.0499267578125,1700000
2018-01-31,160.08999633789062,160.9499969482422,159.72999572753906,160.6999969482422,139.9205780029297,1878300
2018-02-01,160.16000366210938,161.1300048828125,159.5399932861328,160.4600067138672,139.7116241455078,1692600
2018-02-02,159.97999572753906,160.27000427246094,156.6300048828125,156.89999389648438,136.61196899414062,2183600
2018-02-05,156.1199951171875,159.27000427246094,150.72999572753906,151.8300018310547,132.19754028320312,3733700
2018-02-06,150.2899932861328,155.17999267578125,149.42999267578125,154.69000244140625,134.68771362304688,4259600
2018-02-07,154.22000122070312,158.92999267578125,153.07000732421875,155.14999389648438,135.08828735351562,2918700
2018-02-08,155.30999755859375,155.47000122070312,150.3699951171875,150.50999450683594,131.04820251464844,2900900
2018-02-09,151.69000244140625,154.99000549316406,148.7899932861328,153.83999633789062,133.94766235351562,3656800
2018-02-12,154.6699981689453,156.47000122070312,153.89999389648438,154.9499969482422,134.91407775878906,2273700
2018-02-13,154.1999969482422,156.99000549316406,153.99000549316406,156.83999633789062,136.55967712402344,2059500
2018-02-14,156.00999450683594,160.1199951171875,155.14999389648438,159.7899932861328,139.12823486328125,2583200
2018-02-15,160.38999938964844,161.11000061035156,158.11000061035156,161.05999755859375,140.23402404785156,1854900
2018-02-16,160.9600067138672,163.60000610351562,160.85000610351562,162.66000366210938,141.62716674804688,1997900
2018-02-20,162.3800048828125,162.72000122070312,161.07000732421875,161.44000244140625,140.56494140625,1425700
2018-02-21,161.58999633789062,163.75999450683594,160.4199981689453,160.4600067138672,139.7116241455078,1628600
2018-02-22,161.0800018310547,162.0,159.91000366210938,160.32000732421875,139.58973693847656,1511700
2018-02-23,161.10000610351562,163.0500030517578,160.32000732421875,162.9499969482422,141.87966918945312,1577200
2018-02-26,163.82000732421875,164.8300018310547,162.9199981689453,164.74000549316406,143.438232421875,1782800
2018-02-27,164.8000030517578,165.5800018310547,162.5500030517578,162.5500030517578,141.53135681152344,1820800
2018-02-28,162.89999389648438,164.38999938964844,160.9499969482422,161.00999450683594,140.1904754638672,2002200
2018-03-01,161.27999877929688,161.58999633789062,155.8800048828125,156.14999389648438,135.95896911621094,3005400
2018-03-02,155.2100067138672,157.6300048828125,154.69000244140625,157.5,137.13436889648438,2960100
2018-03-05,157.1699981689453,159.66000366210938,156.99000549316406,158.85000610351562,138.30979919433594,1936800
2018-03-06,159.1699981689453,160.14999389648438,156.97999572753906,158.02999877929688,137.59584045410156,2352500
2018-03-07,156.97999572753906,158.9600067138672,156.52000427246094,158.5500030517578,138.04861450195312,3176200
2018-03-08,159.00999450683594,159.4199981689453,158.0399932861328,158.5,138.0050048828125,3093200
2018-03-09,159.64999389648438,161.8300018310547,159.2100067138672,161.50999450683594,140.6258544921875,2988000
2018-03-12,162.0,162.77000427246094,161.02000427246094,161.69000244140625,140.7825927734375,2105000
2018-03-13,162.1199951171875,164.3000030517578,162.05999755859375,162.49000549316406,141.4791259765625,2742200
2018-03-14,162.75999450683594,163.1999969482422,160.4199981689453,161.0,140.1818084716797,2214800
2018-03-15,161.2899932861328,163.49000549316406,160.88999938964844,162.86000061035156,141.80130004882812,1840300
2018-03-16,162.61000061035156,163.2899932861328,160.8800048828125,160.88999938964844,140.0860137939453,4018600
2018-03-19,160.55999755859375,161.5,159.3699951171875,160.6199951171875,139.85092163085938,1890000
2018-03-20,160.9499969482422,163.14999389648438,160.9499969482422,162.8800048828125,141.81869506835938,2249400
2018-03-21,163.1999969482422,163.72000122070312,161.92999267578125,162.02999877929688,141.07858276367188,3452600
2018-03-22,156.75,157.94000244140625,149.72999572753906,150.22999572753906,130.8043975830078,8203600
2018-03-23,151.3300018310547,152.47000122070312,147.16000366210938,147.35000610351562,128.2967987060547,4039800
2018-03-26,149.0,153.1699981689453,149.0,152.85000610351562,133.08566284179688,4231000
2018-03-27,153.22999572753906,153.66000366210938,147.8000030517578,148.86000061035156,129.6115264892578,3212000
2018-03-28,149.67999267578125,150.35000610351562,147.33999633789062,147.41000366210938,128.3490753173828,2965700
2018-03-29,148.2899932861328,153.5,147.82000732421875,153.5,133.65159606933594,3595900
2018-04-02,151.82000732421875,151.82000732421875,146.5,147.97999572753906,128.84535217285156,2845800
2018-04-03,148.49000549316406,148.97000122070312,146.0500030517578,148.7899932861328,129.5506591796875,2363300
2018-04-04,146.69000244140625,150.47999572753906,146.05999755859375,149.97000122070312,130.5780792236328,2161100
2018-04-05,151.10000610351562,152.07000732421875,150.00999450683594,151.57000732421875,131.9711456298828,3336300
2018-04-06,149.89999389648438,150.7899932861328,146.19000244140625,147.3800048828125,128.3229217529297,1927200
2018-04-09,148.25999450683594,150.42999267578125,148.00999450683594,148.25,129.0804443359375,1465800
2018-04-10,149.99000549316406,152.74000549316406,149.83999633789062,152.0500030517578,132.38909912109375,2257400
2018-04-11,149.39999389648438,149.8699951171875,148.16000366210938,148.39999389648438,130.35125732421875,1734900
2018-04-12,149.17999267578125,151.1300048828125,148.92999267578125,150.08999633789062,131.83570861816406,2005600
2018-04-13,151.0,151.41000366210938,149.4600067138672,150.1300048828125,131.87086486816406,1607800
2018-04-16,151.4499969482422,152.0500030517578,150.47999572753906,151.4199981689453,133.0039520263672,2151600
2018-04-17,152.64999389648438,154.58999633789062,152.0800018310547,154.24000549316406,135.48097229003906,2702300
2018-04-18,154.35000610351562,155.6999969482422,153.33999633789062,155.52000427246094,136.6053009033203,1975700
2018-04-19,155.0,155.2100067138672,153.6199951171875,154.58999633789062,135.7884063720703,1512900
2018-04-20,154.02000427246094,154.75,151.91000366210938,152.41000366210938,133.87356567382812,2302000
2018-04-23,153.22999572753906,153.4600067138672,152.11000061035156,153.0399932861328,134.42694091796875,1533000
2018-04-24,153.57000732421875,154.33999633789062,149.85000610351562,151.07000732421875,132.696533203125,1922600
2018-04-25,151.5,151.5,148.42999267578125,150.08999633789062,131.83570861816406,2040200
2018-04-26,150.92999267578125,153.1300048828125,150.60000610351562,152.2899932861328,133.76815795898438,1634600
2018-04-27,152.2899932861328,152.97000122070312,151.19000244140625,152.38999938964844,133.85595703125,1179500
2018-04-30,153.1699981689453,153.25999450683594,151.17999267578125,151.1999969482422,132.81069946289062,1504700
2018-05-01,151.08999633789062,151.9499969482422,150.1199951171875,151.9199981689453,133.443115234375,1204800
2018-05-02,151.72000122070312,152.08999633789062,150.41000366210938,150.7100067138672,132.3802947998047,1642100
2018-05-03,150.3000030517578,152.0399932861328,149.13999938964844,151.72999572753906,133.2762451171875,1725000
2018-05-04,150.7100067138672,153.9600067138672,150.35000610351562,153.44000244140625,134.7782745361328,1504100
2018-05-07,152.9499969482422,153.0800018310547,151.83999633789062,152.3000030517578,133.7769317626953,2057000
2018-05-08,151.35000610351562,152.5,151.02999877929688,151.94000244140625,133.46067810058594,1770100
2018-05-09,152.89999389648438,154.97999572753906,152.1999969482422,154.6199951171875,135.81480407714844,1515300
2018-05-10,154.99000549316406,157.0,154.42999267578125,156.5399932861328,137.50123596191406,1299400
2018-05-11,156.5399932861328,157.6199951171875,155.82000732421875,157.0800018310547,137.9755859375,1211600
2018-05-14,157.32000732421875,157.64999389648438,155.30999755859375,155.57000732421875,136.64923095703125,1636700
2018-05-15,154.72999572753906,154.8000030517578,153.3800048828125,154.07000732421875,135.33163452148438,1774500
2018-05-16,154.5,155.0500030517578,153.66000366210938,154.0800018310547,135.34048461914062,1946900
2018-05-17,154.41000366210938,155.72000122070312,153.82000732421875,154.92999267578125,136.0869903564453,1615300
2018-05-18,155.0,155.92999267578125,154.6199951171875,155.30999755859375,136.42086791992188,1517400
2018-05-21,156.02000427246094,157.4199981689453,156.02000427246094,156.94000244140625,137.85256958007812,1653000
2018-05-22,156.97000122070312,157.42999267578125,155.14999389648438,155.3300018310547,136.43841552734375,1757100
2018-05-23,155.2899932861328,156.05999755859375,154.08999633789062,155.30999755859375,136.42086791992188,1738000
2018-05-24,155.8300018310547,156.0500030517578,154.69000244140625,155.58999633789062,136.66677856445312,1911100
2018-05-25,155.38999938964844,156.47999572753906,155.0500030517578,155.99000549316406,137.01812744140625,1314900
2018-05-29,154.9600067138672,155.24000549316406,152.66000366210938,153.5399932861328,134.86607360839844,2047300
2018-05-30,154.8000030517578,156.5399932861328,154.52999877929688,156.02999877929688,137.05328369140625,1577800
2018-05-31,156.0,156.77999877929688,154.91000366210938,155.74000549316406,136.79855346679688,2767100
2018-06-01,156.94000244140625,159.27999877929688,156.55999755859375,158.88999938964844,139.5654296875,1808800
2018-06-04,158.64999389648438,160.0,158.05999755859375,159.42999267578125,140.0397491455078,1481800
2018-06-05,159.16000366210938,160.36000061035156,159.0500030517578,159.9199981689453,140.4701385498047,1756500
2018-06-06,160.57000732421875,162.75,160.16000366210938,162.7100067138672,142.9208526611328,1771300
2018-06-07,162.74000549316406,162.85000610351562,159.60000610351562,160.61000061035156,141.07626342773438,1841800
2018-06-08,160.7100067138672,162.3300018310547,160.61000061035156,162.1699981689453,142.4464874267578,1725200
2018-06-11,161.52999877929688,163.6300048828125,161.52999877929688,162.75,142.95599365234375,1978400
2018-06-12,163.44000244140625,164.00999450683594,162.4499969482422,162.83999633789062,143.03501892089844,2881300
2018-06-13,163.08999633789062,164.25,162.61000061035156,163.02000427246094,143.1931610107422,2357600
2018-06-14,163.3300018310547,163.9499969482422,162.13999938964844,162.75999450683594,142.96473693847656,1914400
2018-06-15,161.83999633789062,163.6999969482422,160.63999938964844,163.47999572753906,143.59716796875,8561500
2018-06-18,162.0,162.97999572753906,160.86000061035156,162.8800048828125,143.0701446533203,1789800
2018-06-19,162.1199951171875,163.33999633789062,161.3000030517578,163.30999755859375,143.4478302001953,2574400
2018-06-20,163.0,163.3699951171875,161.66000366210938,161.77000427246094,142.0951385498047,2026800
2018-06-21,161.3699951171875,161.92999267578125,159.6300048828125,160.02999877929688,140.56678771972656,2034200
2018-06-22,160.5,160.5,158.44000244140625,159.6300048828125,140.2154541015625,3623900
2018-06-25,157.99000549316406,158.05999755859375,155.35000610351562,156.16000366210938,137.16744995117188,3134500
2018-06-26,156.52999877929688,157.58999633789062,156.16000366210938,156.86000061035156,137.78233337402344,2164000
2018-06-27,157.16000366210938,158.6999969482422,155.3000030517578,155.33999633789062,136.44712829589844,3191900
2018-06-28,160.49000549316406,165.55999755859375,159.6999969482422,164.5,144.4931182861328,5801100
2018-06-29,164.19000244140625,165.55999755859375,163.02999877929688,163.58999633789062,143.69378662109375,3370000
2018-07-02,161.89999389648438,163.4199981689453,161.3000030517578,163.22999572753906,143.3776092529297,2279400
2018-07-03,163.91000366210938,165.4199981689453,163.02000427246094,163.33999633789062,143.47418212890625,1919100
2018-07-05,163.6999969482422,164.85000610351562,163.16000366210938,164.8000030517578,144.75668334960938,2427900
2018-07-06,164.77000427246094,165.1699981689453,163.00999450683594,164.50999450683594,144.50189208984375,1840400
2018-07-09,165.0,166.25999450683594,165.0,166.1300048828125,145.92489624023438,1651600
2018-07-10,166.5,167.77000427246094,166.33999633789062,166.4600067138672,146.21478271484375,2071000
2018-07-11,165.39999389648438,167.10000610351562,164.61000061035156,166.30999755859375,146.08297729492188,1307100
2018-07-12,167.52000427246094,168.14999389648438,166.97999572753906,168.02999877929688,147.5937957763672,1717000
2018-07-13,167.75,168.5,167.6300048828125,168.08999633789062,147.646484375,1420300
2018-07-16,168.14999389648438,168.47000122070312,167.3800048828125,167.63999938964844,147.25125122070312,1522800
2018-07-17,167.0800018310547,168.9499969482422,167.0,168.07000732421875,147.62892150878906,2315300
2018-07-18,167.47000122070312,167.47000122070312,165.97000122070312,166.3800048828125,146.1444549560547,2206500
2018-07-19,166.2100067138672,167.27000427246094,165.50999450683594,166.88999938964844,146.59246826171875,2055100
2018-07-20,166.58999633789062,166.99000549316406,166.32000732421875,166.52000427246094,146.26747131347656,1110200
2018-07-23,165.92999267578125,166.4499969482422,165.50999450683594,165.9600067138672,145.7755889892578,1783300
2018-07-24,166.3300018310547,166.52000427246094,164.30999755859375,165.1699981689453,145.08163452148438,2545500
2018-07-25,165.0,167.1199951171875,165.0,167.0800018310547,146.7593231201172,2285200
2018-07-26,167.39999389648438,168.11000061035156,165.05999755859375,165.1699981689453,145.08163452148438,2228000
2018-07-27,165.36000061035156,165.75,161.11000061035156,162.02000427246094,142.3147735595703,2704000
2018-07-30,162.24000549316406,162.4199981689453,158.0800018310547,159.4199981689453,140.03094482421875,2553200
2018-07-31,160.3000030517578,161.3000030517578,158.88999938964844,159.3300018310547,139.9519500732422,2722700
2018-08-01,160.30999755859375,161.38999938964844,159.08999633789062,159.7100067138672,140.28570556640625,2060600
2018-08-02,158.3000030517578,160.3000030517578,157.83999633789062,160.14999389648438,140.6721954345703,1774700
2018-08-03,160.49000549316406,160.94000244140625,158.9600067138672,160.3699951171875,140.8654022216797,1478500
2018-08-06,160.27000427246094,161.00999450683594,159.5800018310547,160.5800018310547,141.04991149902344,1135800
2018-08-07,161.17999267578125,161.91000366210938,161.0,161.1999969482422,141.59449768066406,1415700
2018-08-08,161.10000610351562,161.64999389648438,160.89999389648438,161.13999938964844,141.54177856445312,1123400
2018-08-09,161.1300048828125,161.74000549316406,160.5399932861328,160.63999938964844,141.10260009765625,1722100
2018-08-10,160.0500030517578,161.47000122070312,159.8800048828125,160.67999267578125,141.1376953125,1354200
2018-08-13,160.72999572753906,161.89999389648438,160.0500030517578,160.22999572753906,140.742431640625,1590100
2018-08-14,160.08999633789062,161.6300048828125,159.88999938964844,161.24000549316406,141.62960815429688,2083200
2018-08-15,160.55999755859375,161.44000244140625,159.75999450683594,160.41000366210938,140.90061950683594,1669400
2018-08-16,161.8000030517578,163.25,161.50999450683594,162.88999938964844,143.07891845703125,1957000
2018-08-17,163.47000122070312,165.1699981689453,163.05999755859375,164.88999938964844,144.83567810058594,2717500
2018-08-20,165.33999633789062,165.63999938964844,164.8000030517578,165.1199951171875,145.03773498535156,1285800
2018-08-21,165.5,165.89999389648438,164.52000427246094,164.61000061035156,144.5897674560547,1291600
2018-08-22,164.69000244140625,165.86000061035156,164.33999633789062,164.9199981689453,144.8620147705078,1184400
2018-08-23,164.97999572753906,166.47999572753906,164.97999572753906,165.1999969482422,145.10797119140625,1299200
2018-08-24,165.91000366210938,166.7899932861328,165.00999450683594,165.8800048828125,145.70529174804688,1768200
2018-08-27,166.77999877929688,167.25,166.13999938964844,166.8699951171875,146.5748748779297,1406800
2018-08-28,167.3800048828125,167.89999389648438,166.5800018310547,167.6699981689453,147.277587890625,1668500
2018-08-29,167.5500030517578,169.9199981689453,167.5500030517578,169.77000427246094,149.12216186523438,1370800
2018-08-30,169.55999755859375,169.77000427246094,168.1300048828125,168.6300048828125,148.12078857421875,1480000
2018-08-31,168.7100067138672,169.55999755859375,168.1999969482422,169.07000732421875,148.50732421875,2803300
2018-09-04,168.75999450683594,169.58999633789062,167.8800048828125,169.5,148.885009765625,1676900
2018-09-05,169.0500030517578,169.2899932861328,167.5,168.63999938964844,148.12962341308594,1869000
2018-09-06,168.27999877929688,169.9199981689453,167.83999633789062,169.36000061035156,148.76202392578125,1813000
2018-09-07,168.8699951171875,169.6699981689453,168.4600067138672,169.07000732421875,148.50732421875,1826600
2018-09-10,169.86000061035156,171.0,169.4499969482422,169.5500030517578,148.92897033691406,1888500
2018-09-11,169.7100067138672,171.00999450683594,169.22999572753906,170.69000244140625,149.9302978515625,1963400
2018-09-12,170.69000244140625,171.02999877929688,169.50999450683594,170.35000610351562,149.63160705566406,1743300
2018-09-13,171.16000366210938,172.50999450683594,170.85000610351562,172.07000732421875,151.14248657226562,1586500
2018-09-14,171.74000549316406,172.27000427246094,171.02999877929688,171.63999938964844,150.76478576660156,2212900
2018-09-17,171.4499969482422,171.72000122070312,170.75999450683594,171.0399932861328,150.23770141601562,1770900
2018-09-18,171.13999938964844,172.8300018310547,171.05999755859375,172.41000366210938,151.4410858154297,2078400
2018-09-19,172.82000732421875,173.30999755859375,171.85000610351562,173.13999938964844,152.08230590820312,1531100
2018-09-20,173.89999389648438,174.38999938964844,173.25999450683594,174.1300048828125,152.95188903808594,1818900
2018-09-21,174.75,175.63999938964844,173.8699951171875,174.19000244140625,153.00460815429688,4743000
2018-09-24,173.05999755859375,173.25,172.24000549316406,172.6300048828125,151.63429260253906,2074700
2018-09-25,173.5399932861328,174.5,172.42999267578125,172.82000732421875,151.80120849609375,1979900
2018-09-26,173.07000732421875,174.5500030517578,172.4600067138672,172.97000122070312,151.9329833984375,2623900
2018-09-27,168.92999267578125,173.92999267578125,168.6999969482422,170.0500030517578,149.36813354492188,3112800
2018-09-28,169.99000549316406,170.8000030517578,169.05999755859375,170.1999969482422,149.49986267089844,2384500
2018-10-01,171.13999938964844,174.17999267578125,171.11000061035156,173.50999450683594,152.40728759765625,2336700
2018-10-02,173.1199951171875,173.55999755859375,172.50999450683594,173.14999389648438,152.0911102294922,1762700
2018-10-03,173.72000122070312,174.82000732421875,173.66000366210938,174.13999938964844,152.96067810058594,1655500
2018-10-04,173.8699951171875,174.13999938964844,170.47999572753906,171.86000061035156,150.9579620361328,1779100
2018-10-05,171.52999877929688,172.14999389648438,170.11000061035156,171.22999572753906,150.40464782714844,1485800
2018-10-08,170.33999633789062,171.74000549316406,168.64999389648438,169.89999389648438,149.23635864257812,1693600
2018-10-09,169.2100067138672,169.8800048828125,168.11000061035156,168.8000030517578,148.2701416015625,2027900
2018-10-10,168.5,168.6300048828125,161.5800018310547,161.74000549316406,142.06881713867188,2972300
2018-10-11,161.1199951171875,161.5399932861328,155.11000061035156,156.0,137.02688598632812,4752800
2018-10-12,159.58999633789062,160.22999572753906,157.38999938964844,159.44000244140625,140.0485382080078,3376300
2018-10-15,158.94000244140625,159.6199951171875,157.83999633789062,157.9199981689453,138.7134246826172,1945100
2018-10-16,159.57000732421875,161.8800048828125,158.89999389648438,161.1999969482422,141.59449768066406,2830200
2018-10-17,159.14999389648438,160.36000061035156,157.8000030517578,158.89999389648438,140.84988403320312,2687200
2018-10-18,158.44000244140625,158.44000244140625,155.1699981689453,156.1999969482422,138.45660400390625,2196000
2018-10-19,156.00999450683594,158.64999389648438,155.42999267578125,158.27999877929688,140.30032348632812,2426100
2018-10-22,158.08999633789062,160.2899932861328,157.02999877929688,159.5500030517578,141.42608642578125,1958300
2018-10-23,156.6999969482422,159.32000732421875,155.5800018310547,158.08999633789062,140.1319122314453,2204000
2018-10-24,157.8699951171875,158.44000244140625,153.0,153.1199951171875,135.72647094726562,2473700
2018-10-25,155.39999389648438,157.9600067138672,154.8800048828125,156.9199981689453,139.09478759765625,2313700
2018-10-26,154.3000030517578,156.0800018310547,152.86000061035156,154.4499969482422,136.9053955078125,2472500
2018-10-29,156.0500030517578,156.63999938964844,150.6300048828125,152.74000549316406,135.38967895507812,1909200
2018-10-30,153.44000244140625,154.86000061035156,152.30999755859375,154.6199951171875,137.05612182617188,2296400
2018-10-31,156.22000122070312,159.4499969482422,156.02999877929688,157.6199951171875,139.71522521972656,2414900
2018-11-01,157.89999389648438,159.2100067138672,157.44000244140625,158.5800018310547,140.5662384033203,1771600
2018-11-02,158.94000244140625,160.6699981689453,155.99000549316406,157.38999938964844,139.51144409179688,1998600
2018-11-05,157.6300048828125,158.9600067138672,156.72999572753906,158.60000610351562,140.58396911621094,1705200
2018-11-06,158.9600067138672,159.97000122070312,158.6999969482422,159.4199981689453,141.310791015625,1364700
2018-11-07,160.0,163.99000549316406,159.99000549316406,163.8699951171875,145.2552947998047,2278400
2018-11-08,162.8699951171875,164.5399932861328,162.8699951171875,164.5,145.81378173828125,1294400
2018-11-09,164.02999877929688,165.64999389648438,163.13999938964844,165.14999389648438,146.38995361328125,1882100
2018-11-12,164.52000427246094,164.9499969482422,162.32000732421875,162.44000244140625,143.98777770996094,2263800
2018-11-13,162.6699981689453,163.83999633789062,160.92999267578125,161.4499969482422,143.11021423339844,1486700
2018-11-14,163.22000122070312,163.39999389648438,159.3800048828125,160.2899932861328,142.0819854736328,2819900
2018-11-15,159.9199981689453,162.9499969482422,159.42999267578125,162.49000549316406,144.03208923339844,2561800
2018-11-16,161.7100067138672,165.8300018310547,161.69000244140625,165.0,146.25697326660156,3218500
2018-11-19,164.5,165.94000244140625,162.11000061035156,162.77000427246094,144.2802734375,2194400
2018-11-20,160.1999969482422,160.97000122070312,157.74000549316406,158.89999389648438,140.84988403320312,2224800
2018-11-21,160.0,160.0,156.74000549316406,156.97999572753906,139.1479949951172,2525600
2018-11-23,155.85000610351562,157.8699951171875,155.25,156.92999267578125,139.10365295410156,938800
2018-11-26,158.5399932861328,159.47999572753906,157.3800048828125,158.39999389648438,140.4066925048828,2127500
2018-11-27,158.0399932861328,159.3800048828125,157.50999450683594,159.11000061035156,141.03607177734375,1930000
2018-11-28,160.00999450683594,162.36000061035156,159.2899932861328,162.2100067138672,143.78390502929688,2784000
2018-11-29,162.2100067138672,162.4600067138672,160.80999755859375,161.07000732421875,142.77337646484375,2414600
2018-11-30,161.77000427246094,164.5399932861328,160.97999572753906,164.52000427246094,145.8314971923828,5832800
2018-12-03,165.97000122070312,167.07000732421875,164.67999267578125,166.82000732421875,147.87025451660156,2319800
2018-12-04,166.4600067138672,168.3699951171875,164.08999633789062,164.2100067138672,145.55670166015625,3108900
2018-12-06,160.7100067138672,161.74000549316406,156.63999938964844,159.25,141.16014099121094,6012000
2018-12-07,158.8800048828125,160.77999877929688,156.24000549316406,157.4499969482422,139.56460571289062,3090000
2018-12-10,157.02000427246094,158.64999389648438,154.41000366210938,157.72000122070312,139.80397033691406,2280800
2018-12-11,160.0,160.8300018310547,157.41000366210938,158.3000030517578,140.3180694580078,1786300
2018-12-12,160.25999450683594,161.2100067138672,158.52999877929688,158.6199951171875,140.60174560546875,2423400
2018-12-13,159.7899932861328,161.08999633789062,159.22000122070312,160.25,142.04656982421875,2227100
2018-12-14,158.3300018310547,158.63999938964844,155.1199951171875,155.52999877929688,137.86268615722656,2336100
2018-12-17,154.72999572753906,154.97999572753906,150.8800048828125,151.6699981689453,134.4412078857422,2755000
2018-12-18,153.3300018310547,154.02999877929688,151.14999389648438,152.13999938964844,134.85777282714844,2692600
2018-12-19,152.2899932861328,156.2100067138672,149.5800018310547,150.9600067138672,133.81182861328125,3261000
2018-12-20,146.0,147.1999969482422,139.49000549316406,143.5,127.19926452636719,6409200
2018-12-21,141.02000427246094,144.85000610351562,136.92999267578125,137.1999969482422,121.61487579345703,6236900
2018-12-24,136.5800018310547,136.9199981689453,133.60000610351562,133.6699981689453,118.48587036132812,2305400
2018-12-26,134.8000030517578,139.02000427246094,132.6300048828125,139.00999450683594,123.2192611694336,2488600
2018-12-27,137.11000061035156,140.41000366210938,134.69000244140625,140.41000366210938,124.46023559570312,2684100
2018-12-28,141.00999450683594,141.8000030517578,138.80999755859375,139.82000732421875,123.93728637695312,2015600
2018-12-31,140.39999389648438,141.2899932861328,139.38999938964844,141.00999450683594,124.99208068847656,1826400
2019-01-02,138.92999267578125,141.19000244140625,138.27999877929688,140.58999633789062,124.61975860595703,2059300
2019-01-03,139.1300048828125,139.57000732421875,135.5800018310547,135.7899932861328,120.36504364013672,2801300
2019-01-04,138.1199951171875,141.33999633789062,137.5,141.07000732421875,125.0452651977539,2296400
2019-01-07,140.8300018310547,142.3699951171875,139.85000610351562,141.55999755859375,125.47962951660156,2315600
2019-01-08,144.6300048828125,146.80999755859375,142.69000244140625,145.13999938964844,128.65293884277344,2647800
2019-01-09,145.25999450683594,147.1999969482422,145.13999938964844,145.8699951171875,129.3000030517578,2181500
2019-01-10,144.66000366210938,147.1300048828125,144.27000427246094,147.02000427246094,130.31935119628906,1836300
2019-01-11,143.00999450683594,147.42999267578125,143.00999450683594,146.22999572753906,129.61912536621094,2004100
2019-01-14,144.77999877929688,145.66000366210938,144.14999389648438,144.92999267578125,128.46678161621094,1484500
2019-01-15,145.0800018310547,147.5,145.00999450683594,146.88999938964844,130.20419311523438,1543800
2019-01-16,148.77999877929688,149.4600067138672,147.72000122070312,147.8800048828125,131.0817108154297,2677100
2019-01-17,147.24000549316406,149.6199951171875,147.24000549316406,149.1199951171875,132.18084716796875,1814700
2019-01-18,150.0,151.39999389648438,149.11000061035156,150.4499969482422,133.35975646972656,2470500
2019-01-22,149.5,150.39999389648438,147.91000366210938,148.97000122070312,132.04788208007812,1950300
2019-01-23,149.86000061035156,150.92999267578125,147.44000244140625,148.4199981689453,131.56036376953125,1989400
2019-01-24,148.80999755859375,150.30999755859375,148.6699981689453,150.14999389648438,133.0937957763672,1947100
2019-01-25,151.5800018310547,152.22000122070312,150.9600067138672,151.85000610351562,134.60073852539062,1742800
2019-01-28,150.72000122070312,152.24000549316406,150.1999969482422,152.24000549316406,134.94647216796875,2046500
2019-01-29,152.02000427246094,152.41000366210938,151.11000061035156,152.02000427246094,134.7513885498047,1963200
2019-01-30,152.52000427246094,154.5,151.83999633789062,154.08999633789062,136.58628845214844,1679400
2019-01-31,153.5,154.89999389648438,153.1199951171875,153.5500030517578,136.10763549804688,2115600
2019-02-01,154.25,155.22000122070312,153.66000366210938,154.74000549316406,137.16244506835938,1957400
2019-02-04,155.0,156.63999938964844,154.22999572753906,156.5500030517578,138.766845703125,1666100
2019-02-05,156.75,157.41000366210938,156.5500030517578,157.32000732421875,139.4493865966797,1985700
2019-02-06,157.14999389648438,158.02999877929688,156.88999938964844,157.16000366210938,139.3075408935547,1375100
2019-02-07,155.85000610351562,156.0,154.19000244140625,155.17999267578125,137.5524444580078,2109800
2019-02-08,154.14999389648438,155.9499969482422,154.02000427246094,155.58999633789062,137.91587829589844,2300000
2019-02-11,156.0,157.3000030517578,155.02000427246094,155.32000732421875,137.67660522460938,1410500
2019-02-12,156.02999877929688,157.02999877929688,155.63999938964844,156.6300048828125,138.83775329589844,1861300
2019-02-13,157.0,158.5399932861328,156.86000061035156,158.02999877929688,140.0787353515625,1952100
2019-02-14,157.72000122070312,158.83999633789062,156.74000549316406,157.85000610351562,139.91915893554688,1552900
2019-02-15,159.0800018310547,159.3300018310547,158.22999572753906,159.22999572753906,141.14239501953125,2395200
2019-02-19,158.61000061035156,160.10000610351562,158.19000244140625,159.47999572753906,141.36399841308594,1656500
2019-02-20,159.77999877929688,160.1199951171875,158.42999267578125,159.7100067138672,141.56788635253906,1942300
2019-02-21,159.5800018310547,160.0500030517578,158.8800048828125,159.52999877929688,141.40829467773438,1835700
2019-02-22,160.17999267578125,161.8300018310547,159.9600067138672,161.5,143.15452575683594,1679300
2019-02-25,162.05999755859375,162.41000366210938,161.52999877929688,161.6699981689453,143.30519104003906,1368000
2019-02-26,161.6199951171875,162.5,161.0399932861328,161.33999633789062,143.0127410888672,1526200
2019-02-27,160.85000610351562,161.25999450683594,160.1300048828125,160.6300048828125,142.38339233398438,1536300
2019-02-28,160.89999389648438,162.0,160.38999938964844,161.3800048828125,143.04818725585938,2017300
2019-03-01,163.0,164.89999389648438,162.67999267578125,164.1999969482422,145.5478973388672,2227600
2019-03-04,164.75,164.9199981689453,160.91000366210938,162.82000732421875,144.32460021972656,1896300
2019-03-05,162.97000122070312,163.91000366210938,162.52000427246094,163.6699981689453,145.0780487060547,1564900
2019-03-06,164.05999755859375,164.05999755859375,162.33999633789062,162.38999938964844,143.94345092773438,1733300
2019-03-07,162.2100067138672,162.4499969482422,160.77999877929688,161.85000610351562,143.46482849121094,1655000
2019-03-08,161.0,161.80999755859375,160.5,161.69000244140625,143.3229522705078,1458100
2019-03-11,162.47999572753906,164.07000732421875,161.99000549316406,163.94000244140625,145.31744384765625,1240400
2019-03-12,164.49000549316406,165.82000732421875,163.72000122070312,163.99000549316406,145.36166381835938,2351200
2019-03-13,164.97000122070312,165.27999877929688,163.66000366210938,164.11000061035156,145.4680938720703,2095200
2019-03-14,164.4600067138672,164.92999267578125,164.11000061035156,164.82000732421875,146.09744262695312,2270100
2019-03-15,165.0,167.0399932861328,164.89999389648438,166.38999938964844,147.48904418945312,3737200
2019-03-18,166.75,167.44000244140625,165.13999938964844,166.42999267578125,147.52450561523438,1592100
2019-03-19,167.11000061035156,167.6300048828125,165.52999877929688,166.1999969482422,147.3206787109375,1949600
2019-03-20,166.39999389648438,167.25999450683594,164.80999755859375,166.27000427246094,147.38275146484375,2128800
2019-03-21,165.17999267578125,168.9199981689453,165.17999267578125,168.24000549316406,149.12890625,1666400
2019-03-22,167.8000030517578,168.4199981689453,165.11000061035156,165.24000549316406,146.46971130371094,1602600
2019-03-25,164.97999572753906,165.47000122070312,164.0,165.0800018310547,146.32786560058594,1769900
2019-03-26,166.47999572753906,167.60000610351562,165.94000244140625,166.94000244140625,147.97659301757812,1777800
2019-03-27,167.0,167.8000030517578,165.3699951171875,166.47000122070312,147.5599822998047,2376200
2019-03-28,170.9199981689453,177.49000549316406,170.47999572753906,175.1199951171875,155.2274169921875,5398700
2019-03-29,175.3000030517578,176.97000122070312,174.9499969482422,176.02000427246094,156.0251922607422,2773000
2019-04-01,175.5,176.52000427246094,174.7899932861328,176.32000732421875,156.29107666015625,2977900
2019-04-02,175.8300018310547,176.5500030517578,174.55999755859375,175.3699951171875,155.44900512695312,1923600
2019-04-03,175.89999389648438,177.38999938964844,175.47999572753906,177.19000244140625,157.0623016357422,2481800
2019-04-04,177.19000244140625,177.44000244140625,175.86000061035156,177.16000366210938,157.03564453125,2270200
2019-04-05,177.44000244140625,178.4199981689453,177.0399932861328,178.14999389648438,157.91319274902344,1861500
2019-04-08,177.6699981689453,179.0800018310547,177.3699951171875,178.91000366210938,158.5868682861328,1373300
2019-04-09,177.75,178.47000122070312,177.27999877929688,177.72999572753906,157.54092407226562,1813900
2019-04-10,176.8000030517578,177.75,176.10000610351562,177.0,158.19334411621094,1582600
2019-04-11,177.17999267578125,178.47000122070312,176.89999389648438,178.36000061035156,159.4088592529297,1417200
2019-04-12,178.5,179.36000061035156,177.8000030517578,178.63999938964844,159.6591033935547,2663400
2019-04-15,178.41000366210938,179.63999938964844,177.9499969482422,179.3000030517578,160.2489776611328,1619800
2019-04-16,179.8000030517578,179.89999389648438,178.25999450683594,179.05999755859375,160.03448486328125,1618200
2019-04-17,179.5800018310547,180.0,178.89999389648438,178.9499969482422,159.93617248535156,1637400
2019-04-18,178.72000122070312,179.0,177.38999938964844,178.61000061035156,159.6322784423828,1319700
2019-04-22,177.25,178.25,177.02000427246094,178.07000732421875,159.14968872070312,1393900
2019-04-23,178.1999969482422,180.5500030517578,177.9600067138672,180.47999572753906,161.3035888671875,1785500
2019-04-24,180.86000061035156,181.41000366210938,180.27000427246094,180.80999755859375,161.59852600097656,1463900
2019-04-25,180.5800018310547,180.5800018310547,178.61000061035156,179.9499969482422,160.82986450195312,1035300
2019-04-26,180.1199951171875,180.85000610351562,179.08999633789062,180.8300018310547,161.6164093017578,1010300
2019-04-29,180.77999877929688,181.72000122070312,180.63999938964844,181.2100067138672,161.9560546875,1111900
2019-04-30,181.5800018310547,182.8300018310547,181.1699981689453,182.6699981689453,163.26087951660156,1535800
2019-05-01,183.1999969482422,183.35000610351562,181.2899932861328,181.30999755859375,162.04541015625,1242400
2019-05-02,181.0,182.3300018310547,178.49000549316406,179.38999938964844,160.32940673828125,1889900
2019-05-03,177.02999877929688,177.9600067138672,176.52000427246094,176.97999572753906,158.17547607421875,2680200
2019-05-06,173.8300018310547,176.8699951171875,172.88999938964844,176.25999450683594,157.53199768066406,1630200
2019-05-07,174.9199981689453,175.14999389648438,172.36000061035156,173.94000244140625,155.45846557617188,2308500
2019-05-08,174.07000732421875,175.25,173.16000366210938,173.82000732421875,155.35122680664062,1984900
2019-05-09,172.10000610351562,174.5800018310547,171.38999938964844,174.4600067138672,155.92320251464844,2044800
2019-05-10,173.72000122070312,174.97999572753906,170.6699981689453,174.3000030517578,155.78024291992188,2139600
2019-05-13,171.38999938964844,172.0,170.35000610351562,171.02000427246094,152.84873962402344,1853800
2019-05-14,171.91000366210938,174.77000427246094,171.91000366210938,173.61000061035156,155.16358947753906,2181200
2019-05-15,172.2100067138672,176.13999938964844,172.17999267578125,175.39999389648438,156.76333618164062,2060800
2019-05-16,176.27000427246094,179.75,176.11000061035156,178.1699981689453,159.23904418945312,2232100
2019-05-17,176.38999938964844,179.19000244140625,176.38999938964844,178.3300018310547,159.38204956054688,1551100
2019-05-20,176.97999572753906,179.47000122070312,176.44000244140625,178.5399932861328,159.5697021484375,1566000
2019-05-21,179.61000061035156,180.0,178.80999755859375,179.57000732421875,160.49029541015625,1224900
2019-05-22,179.32000732421875,181.3800048828125,179.19000244140625,180.38999938964844,161.22311401367188,1212300
2019-05-23,178.94000244140625,178.94000244140625,176.44000244140625,178.27000427246094,159.3284149169922,1250200
2019-05-24,179.55999755859375,180.3300018310547,178.63999938964844,178.80999755859375,159.81105041503906,1288100
2019-05-28,179.25999450683594,180.11000061035156,177.8000030517578,178.38999938964844,159.43572998046875,2336500
2019-05-29,177.63999938964844,178.6999969482422,176.61000061035156,177.61000061035156,158.73851013183594,1547700
2019-05-30,177.66000366210938,179.4600067138672,177.66000366210938,178.82000732421875,159.8200225830078,1047900
2019-05-31,177.47000122070312,178.6300048828125,176.49000549316406,178.07000732421875,159.14968872070312,1799600
2019-06-03,177.8699951171875,178.36000061035156,174.22999572753906,175.16000366210938,156.54885864257812,1774600
2019-06-04,177.27000427246094,178.02000427246094,175.77000427246094,177.97000122070312,159.06027221679688,2269700
2019-06-05,179.4199981689453,180.35000610351562,178.38999938964844,179.55999755859375,160.4813690185547,1492100
2019-06-06,180.0,180.97999572753906,179.3300018310547,180.39999389648438,161.2321014404297,1737700
2019-06-07,181.6300048828125,184.22999572753906,181.27000427246094,182.9199981689453,163.48435974121094,1965900
2019-06-10,184.3300018310547,185.27000427246094,183.72999572753906,184.44000244140625,164.84286499023438,1525000
2019-06-11,185.75999450683594,186.67999267578125,183.07000732421875,183.3699951171875,163.88650512695312,1423400
2019-06-12,183.6199951171875,185.07000732421875,183.22000122070312,184.58999633789062,164.97691345214844,1402100
2019-06-13,185.8699951171875,186.10000610351562,184.24000549316406,184.9499969482422,165.2986602783203,1323700
2019-06-14,184.66000366210938,185.8300018310547,184.13999938964844,184.97000122070312,165.3165283203125,1864700
2019-06-17,185.0,185.3300018310547,183.77999877929688,183.89999389648438,164.3602294921875,1177900
2019-06-18,184.99000549316406,185.6699981689453,184.2899932861328,184.5,164.89649963378906,1972600
2019-06-19,184.72999572753906,185.3800048828125,183.50999450683594,183.9499969482422,164.4049072265625,2023500
2019-06-20,184.7899932861328,186.9600067138672,184.47999572753906,186.52000427246094,166.7018585205078,2122000
2019-06-21,187.10000610351562,187.30999755859375,185.19000244140625,185.55999755859375,165.84385681152344,3306600
2019-06-24,186.07000732421875,187.14999389648438,185.5800018310547,186.11000061035156,166.3353729248047,1703100
2019-06-25,186.52000427246094,186.66000366210938,184.47999572753906,184.89999389648438,165.25393676757812,1863300
2019-06-26,185.6300048828125,185.92999267578125,183.30999755859375,183.30999755859375,163.8329315185547,2395300
2019-06-27,178.8000030517578,183.11000061035156,177.99000549316406,183.0,163.55581665039062,3434500
2019-06-28,184.22999572753906,185.5,182.8699951171875,184.77000427246094,165.13778686523438,2937900
2019-07-01,184.8300018310547,186.9600067138672,184.42999267578125,186.8699951171875,167.01467895507812,2397800
2019-07-02,186.91000366210938,188.74000549316406,186.24000549316406,188.60000610351562,168.56082153320312,2123500
2019-07-03,189.3300018310547,190.97000122070312,188.10000610351562,190.97000122070312,170.67901611328125,1106900
2019-07-05,189.9199981689453,191.74000549316406,188.25,191.38999938964844,171.05441284179688,2111000
2019-07-08,191.05999755859375,191.13999938964844,189.86000061035156,190.30999755859375,170.089111328125,1877200
2019-07-09,189.07000732421875,191.14999389648438,189.07000732421875,191.08999633789062,170.78622436523438,1732500
2019-07-10,191.50999450683594,192.08999633789062,190.97999572753906,191.7100067138672,171.34039306640625,1584400
2019-07-11,192.49000549316406,194.6699981689453,192.25,194.6699981689453,173.98587036132812,1922200
2019-07-12,195.0,196.22999572753906,193.82000732421875,196.2100067138672,175.3622283935547,2059400
2019-07-15,196.22000122070312,196.36000061035156,195.0800018310547,195.32000732421875,174.5668182373047,1267000
2019-07-16,195.14999389648438,195.60000610351562,193.3800048828125,194.25,173.61048889160156,1460100
2019-07-17,194.83999633789062,195.11000061035156,193.5399932861328,193.80999755859375,173.21722412109375,1557700
2019-07-18,193.69000244140625,195.63999938964844,193.19000244140625,194.82000732421875,174.1199188232422,1562400
2019-07-19,194.8300018310547,195.9600067138672,193.86000061035156,193.92999267578125,173.32449340820312,1583200
2019-07-22,194.64999389648438,195.39999389648438,194.30999755859375,194.44000244140625,173.78030395507812,1090000
2019-07-23,195.32000732421875,195.5,193.0,194.4600067138672,173.79818725585938,1111800
2019-07-24,194.0,194.5500030517578,192.8800048828125,194.47000122070312,173.80712890625,1250900
2019-07-25,195.00999450683594,195.60000610351562,193.69000244140625,194.97000122070312,174.25404357910156,1531000
2019-07-26,195.10000610351562,197.02999877929688,194.5800018310547,196.92999267578125,176.00575256347656,1255400
2019-07-29,197.0,197.47000122070312,196.1999969482422,197.35000610351562,176.38113403320312,1319700
2019-07-30,196.3699951171875,197.22999572753906,195.35000610351562,195.64999389648438,174.8617706298828,1143900
2019-07-31,196.05999755859375,196.38999938964844,190.50999450683594,192.5800018310547,172.11793518066406,1566000
2019-08-01,193.3300018310547,197.22000122070312,193.22999572753906,194.16000366210938,173.5300750732422,1837100
2019-08-02,194.47000122070312,194.47000122070312,190.5,193.00999450683594,172.50225830078125,1833100
2019-08-05,189.5800018310547,191.0,184.22999572753906,185.5500030517578,165.83489990234375,2422000
2019-08-06,186.6699981689453,189.55999755859375,186.50999450683594,188.80999755859375,168.74855041503906,2055600
2019-08-07,187.2100067138672,189.36000061035156,184.39999389648438,188.8699951171875,168.8021240234375,2495100
2019-08-08,190.0,194.27999877929688,189.3800048828125,194.17999267578125,173.54795837402344,1804100
2019-08-09,193.61000061035156,193.67999267578125,190.2100067138672,191.47999572753906,171.13482666015625,1831800
2019-08-12,191.47999572753906,191.88999938964844,189.32000732421875,190.0,169.8120574951172,1597200
2019-08-13,188.75999450683594,193.02000427246094,188.75999450683594,192.8800048828125,172.3861083984375,2072000
2019-08-14,190.39999389648438,191.38999938964844,186.80999755859375,186.97000122070312,167.10400390625,2316500
2019-08-15,187.35000610351562,190.22999572753906,186.6999969482422,189.55999755859375,169.41883850097656,1932600
2019-08-16,191.1199951171875,193.66000366210938,190.47000122070312,193.22000122070312,172.68991088867188,2526900
2019-08-19,195.0,196.2899932861328,194.52000427246094,195.17999267578125,174.4416961669922,1891000
2019-08-20,195.11000061035156,195.97999572753906,193.1199951171875,194.1999969482422,173.5657958984375,1423500
2019-08-21,195.69000244140625,196.83999633789062,195.07000732421875,195.72999572753906,174.9332275390625,1044700
2019-08-22,196.4600067138672,196.97000122070312,194.27000427246094,196.33999633789062,175.4784393310547,1160900
2019-08-23,195.0,197.92999267578125,191.57000732421875,192.80999755859375,172.3235321044922,2290400
2019-08-26,194.33999633789062,195.47000122070312,193.47000122070312,195.47000122070312,174.70089721679688,1641500
2019-08-27,196.02000427246094,197.39999389648438,195.24000549316406,197.16000366210938,176.2113037109375,1632700
2019-08-28,196.88999938964844,197.52999877929688,194.57000732421875,196.83999633789062,175.92530822753906,1326200
2019-08-29,198.0,199.91000366210938,197.44000244140625,198.74000549316406,177.6234130859375,1494200
2019-08-30,200.0,200.67999267578125,196.77000427246094,198.1699981689453,177.11398315429688,2176600
2019-09-03,196.36000061035156,197.75999450683594,195.44000244140625,195.75,174.95111083984375,1696500
2019-09-04,197.8300018310547,198.36000061035156,197.3699951171875,197.7100067138672,176.70286560058594,1250700
2019-09-05,199.8000030517578,199.8000030517578,198.4499969482422,199.49000549316406,178.2937469482422,2216100
2019-09-06,200.0,202.8000030517578,199.0399932861328,201.1199951171875,179.75054931640625,2184100
2019-09-09,200.97000122070312,201.1199951171875,192.83999633789062,194.8300018310547,174.1288604736328,2702800
2019-09-10,192.97999572753906,193.5399932861328,187.88999938964844,189.66000366210938,169.50819396972656,3631000
2019-09-11,190.0,192.47000122070312,189.24000549316406,191.3699951171875,171.03648376464844,2430300
2019-09-12,194.6999969482422,196.22999572753906,191.92999267578125,195.52000427246094,174.74554443359375,2122200
2019-09-13,196.0,196.0,193.9600067138672,194.6199951171875,173.941162109375,1592600
2019-09-16,193.3699951171875,195.22000122070312,193.00999450683594,194.16000366210938,173.5300750732422,1360000
2019-09-17,193.36000061035156,195.7899932861328,193.36000061035156,194.9499969482422,174.2361297607422,1457800
2019-09-18,194.17999267578125,194.58999633789062,191.5399932861328,194.1300048828125,173.50326538085938,1780500
2019-09-19,194.47999572753906,196.1300048828125,194.22000122070312,194.6699981689453,173.98587036132812,1567900
2019-09-20,195.0500030517578,196.22999572753906,192.4499969482422,193.08999633789062,172.57376098632812,2541000
2019-09-23,192.3300018310547,193.94000244140625,192.00999450683594,192.83999633789062,172.35032653808594,1516300
2019-09-24,194.44000244140625,195.8699951171875,189.77999877929688,190.13999938964844,169.9371795654297,2950200
2019-09-25,191.60000610351562,192.0,188.7100067138672,190.8699951171875,170.5896453857422,2825100
2019-09-26,188.05999755859375,193.33999633789062,187.27999877929688,192.1199951171875,171.706787109375,3594600
2019-09-27,193.55999755859375,193.5800018310547,190.38999938964844,191.3800048828125,171.0454559326172,2012500
2019-09-30,191.49000549316406,193.35000610351562,191.41000366210938,192.35000610351562,171.91236877441406,2025200
2019-10-01,192.60000610351562,193.3699951171875,189.41000366210938,189.6199951171875,169.472412109375,2066900
2019-10-02,188.33999633789062,188.64999389648438,182.88999938964844,184.85000610351562,165.20928955078125,2930700
2019-10-03,185.32000732421875,186.08999633789062,182.85000610351562,185.80999755859375,166.0672607421875,2172800
2019-10-04,186.80999755859375,189.82000732421875,186.10000610351562,189.63999938964844,169.4903106689453,1568800
2019-10-07,188.2899932861328,188.6999969482422,186.7899932861328,186.80999755859375,166.96102905273438,1596400
2019-10-08,185.41000366210938,185.72000122070312,182.0,182.1999969482422,162.84085083007812,2200000
2019-10-09,183.7899932861328,185.3000030517578,183.22000122070312,184.33999633789062,164.75341796875,1683100
2019-10-10,183.8300018310547,184.8699951171875,182.60000610351562,183.8300018310547,164.29766845703125,1999700
2019-10-11,185.7100067138672,187.7100067138672,184.74000549316406,184.97000122070312,165.3165283203125,2381200
2019-10-14,185.36000061035156,186.3300018310547,184.22000122070312,185.5,165.79019165039062,1348400
2019-10-15,185.82000732421875,187.3800048828125,185.55999755859375,187.0,167.13082885742188,1462400
2019-10-16,184.58999633789062,186.99000549316406,184.16000366210938,186.57000732421875,167.46295166015625,1923100
2019-10-17,186.9600067138672,187.3300018310547,185.16000366210938,186.0399932861328,166.9872589111328,1486500
2019-10-18,186.8699951171875,188.1300048828125,186.61000061035156,187.0800018310547,167.92071533203125,2896700
2019-10-21,186.9499969482422,187.5399932861328,185.38999938964844,187.33999633789062,168.15406799316406,1344700
2019-10-22,187.27000427246094,188.11000061035156,182.33999633789062,182.72000122070312,164.0072021484375,1752100
2019-10-23,182.38999938964844,184.83999633789062,181.97000122070312,184.07000732421875,165.218994140625,2263000
2019-10-24,185.0500030517578,187.02000427246094,184.64999389648438,185.0,166.0537109375,2008700
2019-10-25,184.6699981689453,184.8300018310547,183.02000427246094,183.07000732421875,164.3214111328125,1389200
2019-10-28,184.41000366210938,185.92999267578125,182.55999755859375,182.8699951171875,164.14186096191406,1832700
2019-10-29,182.5500030517578,185.75,182.3699951171875,184.8000030517578,165.8742218017578,1554000
2019-10-30,185.14999389648438,187.0399932861328,184.2899932861328,186.5800018310547,167.47189331054688,1243300
2019-10-31,186.16000366210938,188.05999755859375,184.33999633789062,185.4199981689453,166.43067932128906,1574800
2019-11-01,186.6999969482422,188.35000610351562,186.11000061035156,188.22000122070312,168.94398498535156,1502100
2019-11-04,188.50999450683594,189.1699981689453,187.38999938964844,187.8000030517578,168.56695556640625,1144500
2019-11-05,188.0,188.0,185.47999572753906,186.8800048828125,167.74124145507812,1536600
2019-11-06,186.99000549316406,189.27000427246094,186.91000366210938,189.22999572753906,169.85047912597656,1652200
2019-11-07,189.30999755859375,190.1999969482422,188.6699981689453,189.08999633789062,169.72488403320312,1676800
2019-11-08,188.66000366210938,189.7100067138672,188.27000427246094,189.6999969482422,170.27239990234375,1282400
2019-11-11,188.75999450683594,190.4600067138672,188.5500030517578,190.05999755859375,170.59552001953125,1167000
2019-11-12,190.1699981689453,191.64999389648438,189.8699951171875,191.42999267578125,171.82521057128906,1522800
2019-11-13,191.14999389648438,194.77000427246094,190.49000549316406,194.5,174.58079528808594,1817700
2019-11-14,194.0,196.41000366210938,193.8300018310547,196.25,176.15159606933594,1672900
2019-11-15,195.89999389648438,197.55999755859375,195.80999755859375,196.80999755859375,176.65423583984375,2426200
2019-11-18,197.42999267578125,198.9499969482422,196.75999450683594,198.02000427246094,177.74029541015625,1561000
2019-11-19,198.1999969482422,198.75,197.38999938964844,198.33999633789062,178.0275421142578,1342200
2019-11-20,198.72999572753906,199.75999450683594,196.77000427246094,197.7100067138672,177.46206665039062,1477300
2019-11-21,197.4199981689453,197.92999267578125,196.13999938964844,196.77999877929688,176.62730407714844,1217400
2019-11-22,198.0500030517578,198.4199981689453,195.10000610351562,196.66000366210938,176.5195770263672,1117900
2019-11-25,197.63999938964844,198.3800048828125,197.39999389648438,198.36000061035156,178.0454864501953,1951900
2019-11-26,198.36000061035156,201.0,197.77000427246094,200.9199981689453,180.34332275390625,2324500
2019-11-27,200.5399932861328,201.36000061035156,199.19000244140625,201.25,180.63951110839844,1205000
2019-11-29,201.24000549316406,201.66000366210938,200.0,201.16000366210938,180.5587158203125,750600
2019-12-02,201.44000244140625,201.69000244140625,198.0500030517578,199.58999633789062,179.14950561523438,1262300
2019-12-03,197.5399932861328,199.2899932861328,196.47000122070312,198.75,178.3955535888672,1243600
2019-12-04,199.75999450683594,200.38999938964844,199.24000549316406,199.5800018310547,179.1405792236328,1221800
2019-12-05,200.0,200.02999877929688,198.8800048828125,199.85000610351562,179.3828887939453,1816600
2019-12-06,201.39999389648438,202.82000732421875,200.49000549316406,202.5500030517578,181.806396484375,1345700
2019-12-09,201.77000427246094,202.8800048828125,201.44000244140625,202.02999877929688,181.3396453857422,1976300
2019-12-10,202.02999877929688,202.25999450683594,200.8699951171875,201.8800048828125,181.2050018310547,1403000
2019-12-11,202.1300048828125,202.6199951171875,200.33999633789062,202.3000030517578,181.58200073242188,1669700
2019-12-12,202.16000366210938,204.42999267578125,201.24000549316406,203.9199981689453,183.03604125976562,1932600
2019-12-13,203.05999755859375,206.72000122070312,203.00999450683594,206.66000366210938,185.4954833984375,1648300
2019-12-16,207.1199951171875,208.66000366210938,204.97000122070312,205.0,184.00547790527344,2702400
2019-12-17,205.0,205.72000122070312,202.9499969482422,203.39999389648438,182.56932067871094,2377400
2019-12-18,203.60000610351562,206.1699981689453,203.50999450683594,205.75999450683594,184.68763732910156,3002800
2019-12-19,202.05999755859375,208.3000030517578,202.05999755859375,208.3000030517578,186.96751403808594,3759800
2019-12-20,211.11000061035156,213.25,209.07000732421875,211.10000610351562,189.48074340820312,4148800
2019-12-23,210.9600067138672,211.2899932861328,208.83999633789062,210.8300018310547,189.23841857910156,2220900
2019-12-24,210.7100067138672,211.6699981689453,210.55999755859375,211.61000061035156,189.93853759765625,998500
2019-12-26,211.61000061035156,212.1199951171875,211.25999450683594,212.0500030517578,190.33351135253906,1059800
2019-12-27,212.4499969482422,212.6300048828125,211.61000061035156,212.22000122070312,190.48606872558594,1292200
2019-12-30,212.24000549316406,212.24000549316406,209.0500030517578,210.63999938964844,189.06787109375,1193900
2019-12-31,209.97999572753906,211.05999755859375,209.44000244140625,210.57000732421875,189.00503540039062,1371000
2020-01-02,210.86000061035156,211.9199981689453,208.80999755859375,210.14999389648438,188.6280517578125,2431100
2020-01-03,208.5,210.6300048828125,207.0,209.8000030517578,188.3138885498047,1802100
2020-01-06,208.27000427246094,208.7899932861328,206.80999755859375,208.42999267578125,187.08416748046875,2841400
2020-01-07,203.1999969482422,206.25999450683594,203.19000244140625,203.92999267578125,183.0450439453125,3097400
2020-01-08,204.0,205.4499969482422,203.52999877929688,204.3300018310547,183.40408325195312,2271300
2020-01-09,205.5,207.27999877929688,205.16000366210938,206.14999389648438,185.03768920898438,2910600
2020-01-10,206.92999267578125,208.30999755859375,206.72999572753906,207.66000366210938,186.39305114746094,1573100
2020-01-13,207.49000549316406,209.83999633789062,207.49000549316406,209.58999633789062,188.1254119873047,2202800
2020-01-14,209.5500030517578,211.0,207.02999877929688,207.72999572753906,186.45587158203125,2499100
2020-01-15,208.0,208.44000244140625,206.72999572753906,207.25999450683594,186.7532196044922,1986000
2020-01-16,208.13999938964844,209.10000610351562,207.89999389648438,208.97999572753906,188.30303955078125,2691600
2020-01-17,210.0,210.64999389648438,208.35000610351562,209.1999969482422,188.5012664794922,2584500
2020-01-21,207.5,210.16000366210938,207.0,209.14999389648438,188.45620727539062,2687200
2020-01-22,210.1999969482422,211.86000061035156,209.35000610351562,209.41000366210938,188.69058227539062,1873600
2020-01-23,209.39999389648438,210.80999755859375,208.8699951171875,210.67999267578125,189.83482360839844,2368400
2020-01-24,211.0,211.58999633789062,208.0500030517578,208.57000732421875,187.93360900878906,2348900
2020-01-27,205.17999267578125,207.83999633789062,204.85000610351562,206.5500030517578,186.11349487304688,1381300
2020-01-28,207.8699951171875,210.9600067138672,207.25,210.24000549316406,189.4384002685547,1810200
2020-01-29,210.67999267578125,211.2100067138672,207.7899932861328,207.9600067138672,187.38400268554688,1491600
2020-01-30,207.5,208.92999267578125,205.1999969482422,208.3699951171875,187.75340270996094,1579600
2020-01-31,208.5,209.6300048828125,204.0,205.2100067138672,184.9060516357422,1793600
2020-02-03,205.33999633789062,208.4199981689453,205.25,207.8000030517578,187.23985290527344,2345700
2020-02-04,210.0,213.7899932861328,209.75,212.52999877929688,191.5018310546875,2242800
2020-02-05,213.88999938964844,214.4600067138672,210.41000366210938,212.22000122070312,191.22247314453125,2102500
2020-02-06,213.0,214.3800048828125,212.30999755859375,214.16000366210938,192.97055053710938,1611500
2020-02-07,213.33999633789062,213.38999938964844,211.08999633789062,211.5800018310547,190.6458282470703,1447700
2020-02-10,210.19000244140625,212.97000122070312,210.19000244140625,212.5500030517578,191.5198211669922,1421600
2020-02-11,213.3800048828125,213.97999572753906,211.75999450683594,212.13999938964844,191.1504364013672,1321000
2020-02-12,212.1999969482422,212.8699951171875,211.5399932861328,211.99000549316406,191.0152587890625,1801300
2020-02-13,209.8699951171875,213.5399932861328,209.33999633789062,212.39999389648438,191.38467407226562,1721200
2020-02-14,213.25,213.5399932861328,211.35000610351562,212.3699951171875,191.35763549804688,2096600
2020-02-18,212.5,214.05999755859375,211.1999969482422,213.75999450683594,192.61012268066406,1699400
2020-02-19,215.0,216.38999938964844,214.3800048828125,215.9199981689453,194.5563507080078,1806000
2020-02-20,215.8800048828125,216.32000732421875,211.61000061035156,213.89999389648438,192.73626708984375,1481700
2020-02-21,212.58999633789062,213.5500030517578,210.49000549316406,211.88999938964844,190.9251251220703,2088800
2020-02-24,204.47000122070312,207.8699951171875,203.4499969482422,204.36000061035156,184.14015197753906,2600400
2020-02-25,204.77999877929688,205.47999572753906,195.86000061035156,197.10000610351562,177.59848022460938,2883600
2020-02-26,198.6699981689453,201.4499969482422,194.7899932861328,195.6699981689453,176.30995178222656,2671100
2020-02-27,192.1999969482422,194.35000610351562,186.3699951171875,186.44000244140625,167.99319458007812,3040100
2020-02-28,180.25999450683594,183.1999969482422,175.3000030517578,180.58999633789062,162.7220458984375,5785200
2020-03-02,182.0,189.82000732421875,178.02000427246094,189.5500030517578,170.79551696777344,4317900
2020-03-03,189.77000427246094,191.89999389648438,180.6199951171875,182.22000122070312,164.1907196044922,3514000
2020-03-04,185.8000030517578,189.7100067138672,184.3000030517578,188.86000061035156,170.17376708984375,3875400
2020-03-05,185.08999633789062,187.4600067138672,180.9199981689453,182.55999755859375,164.49713134765625,3548200
2020-03-06,177.4499969482422,180.30999755859375,173.9199981689453,178.75,161.06411743164062,3284400
2020-03-09,165.39999389648438,170.8800048828125,160.10000610351562,164.11000061035156,147.8726043701172,5112200
2020-03-10,171.0800018310547,174.74000549316406,166.0399932861328,174.55999755859375,157.2886505126953,4349500
2020-03-11,169.32000732421875,171.1699981689453,162.64999389648438,165.11000061035156,148.77366638183594,5188300
2020-03-12,153.0,158.75,147.0800018310547,152.52999877929688,137.43833923339844,6357900
2020-03-13,160.6199951171875,166.7100067138672,152.92999267578125,166.50999450683594,150.03515625,5742800
2020-03-16,148.2899932861328,166.50999450683594,143.50999450683594,152.5399932861328,137.44737243652344,5324900
2020-03-17,154.0,160.66000366210938,152.47999572753906,157.7100067138672,142.10585021972656,6081100
2020-03-18,151.57000732421875,159.8000030517578,142.0,151.14999389648438,136.1948699951172,5860200
2020-03-19,151.36000061035156,177.8000030517578,151.36000061035156,158.5,142.8177032470703,6338300
2020-03-20,157.52999877929688,159.47000122070312,147.4199981689453,149.94000244140625,135.10462951660156,6449700
2020-03-23,148.00999450683594,148.00999450683594,137.14999389648438,143.69000244140625,129.4729766845703,6173700
2020-03-24,152.25999450683594,157.6300048828125,149.49000549316406,156.85000610351562,141.33091735839844,4685100
2020-03-25,156.44000244140625,159.69000244140625,148.11000061035156,151.82000732421875,136.798583984375,4795500
2020-03-26,153.39999389648438,171.60000610351562,150.0,171.33999633789062,154.3872528076172,5194500
2020-03-27,165.0,169.2899932861328,160.61000061035156,162.8800048828125,146.7643280029297,3802500
2020-03-30,164.1199951171875,170.3699951171875,163.77999877929688,169.82000732421875,153.01766967773438,2731300
2020-03-31,167.42999267578125,169.8800048828125,162.16000366210938,163.25999450683594,147.10671997070312,2963000
2020-04-01,158.57000732421875,160.82000732421875,152.5800018310547,154.67999267578125,139.37562561035156,2973100
2020-04-02,154.0500030517578,160.5,153.5500030517578,156.27000427246094,140.80828857421875,3030000
2020-04-03,155.60000610351562,158.72000122070312,148.27999877929688,152.14999389648438,137.09593200683594,3766600
2020-04-06,158.97999572753906,166.75,157.0399932861328,166.0500030517578,149.6206512451172,3090000
2020-04-07,171.0800018310547,171.49000549316406,163.92999267578125,164.1199951171875,147.88162231445312,3002500
2020-04-08,166.5800018310547,172.69000244140625,165.07000732421875,171.72999572753906,154.7386474609375,2466200
2020-04-09,173.22999572753906,179.8699951171875,172.50999450683594,177.9199981689453,160.31619262695312,3743700
2020-04-13,176.17999267578125,177.00999450683594,169.55999755859375,172.57000732421875,155.49554443359375,1918500
2020-04-14,177.0,178.88999938964844,176.02000427246094,178.10000610351562,160.47837829589844,2875000
2020-04-15,174.3000030517578,174.30999755859375,168.88999938964844,169.4499969482422,153.37318420410156,2504700
2020-04-16,171.25999450683594,172.0500030517578,167.52000427246094,167.9499969482422,152.0155029296875,3051800
2020-04-17,172.52000427246094,175.16000366210938,172.0500030517578,175.08999633789062,158.4780731201172,4759100
2020-04-20,172.58999633789062,176.89999389648438,171.75999450683594,174.74000549316406,158.16128540039062,2511700
2020-04-21,170.82000732421875,172.8000030517578,165.7100067138672,166.24000549316406,150.4677276611328,2711400
2020-04-22,170.0399932861328,173.33999633789062,169.2100067138672,172.30999755859375,155.96185302734375,1921200
2020-04-23,173.36000061035156,175.32000732421875,172.13999938964844,172.89999389648438,156.49583435058594,3027900
2020-04-24,176.39999389648438,176.39999389648438,172.57000732421875,175.4600067138672,158.81297302246094,2121100
2020-04-27,176.22999572753906,180.5399932861328,176.1999969482422,179.42999267578125,162.40631103515625,2457800
2020-04-28,182.0800018310547,183.25999450683594,176.91000366210938,178.36000061035156,161.43780517578125,2160100
2020-04-29,182.30999755859375,188.1699981689453,181.6999969482422,187.55999755859375,169.7649688720703,2957600
2020-04-30,185.52999877929688,186.47999572753906,184.19000244140625,185.19000244140625,167.61981201171875,2740800
2020-05-01,181.7100067138672,182.99000549316406,179.25999450683594,180.08999633789062,163.00367736816406,2064200
2020-05-04,177.97999572753906,180.63999938964844,176.8800048828125,179.52999877929688,162.49684143066406,1710500
2020-05-05,182.0800018310547,183.88999938964844,181.0,181.6199951171875,164.3885498046875,1621900
2020-05-06,182.10000610351562,182.5,179.0500030517578,180.3800048828125,163.26620483398438,1474900
2020-05-07,182.99000549316406,187.42999267578125,182.5,187.11000061035156,169.35765075683594,2295400
2020-05-08,188.99000549316406,189.85000610351562,187.67999267578125,188.55999755859375,170.67007446289062,1778600
2020-05-11,186.49000549316406,189.52999877929688,185.2899932861328,187.75,169.9369659423828,2013800
2020-05-12,187.83999633789062,189.99000549316406,185.69000244140625,185.72000122070312,168.0995635986328,1912300
2020-05-13,185.0399932861328,185.13999938964844,178.75,181.0,163.82733154296875,2349300
2020-05-14,178.6999969482422,180.00999450683594,174.94000244140625,179.99000549316406,162.9132080078125,2773300
2020-05-15,178.3699951171875,183.9600067138672,177.8300018310547,183.8800048828125,166.43409729003906,3630000
2020-05-18,189.0,194.13999938964844,188.11000061035156,192.75,174.46255493164062,2254700
2020-05-19,192.5,194.50999450683594,189.9199981689453,190.08999633789062,172.054931640625,1784100
2020-05-20,192.5,195.6699981689453,192.22999572753906,195.17999267578125,176.66200256347656,2294800
2020-05-21,194.6999969482422,195.52000427246094,192.6999969482422,193.5,175.1414337158203,1373000
2020-05-22,194.0800018310547,194.88999938964844,191.1300048828125,193.7100067138672,175.33148193359375,1317500
2020-05-26,199.4199981689453,199.99000549316406,196.02999877929688,196.39999389648438,177.76626586914062,2408700
2020-05-27,198.3800048828125,199.9499969482422,196.2100067138672,199.92999267578125,180.9613494873047,2000500
2020-05-28,200.00999450683594,204.17999267578125,200.00999450683594,201.6699981689453,182.53627014160156,2280600
2020-05-29,201.49000549316406,202.41000366210938,198.69000244140625,201.6199951171875,182.4910125732422,2535400
2020-06-01,201.5399932861328,203.75,199.8699951171875,203.3800048828125,184.0840301513672,1530800
2020-06-02,204.08999633789062,205.7899932861328,202.33999633789062,205.77999877929688,186.25628662109375,1939200
2020-06-03,204.4199981689453,207.8300018310547,204.30999755859375,207.27999877929688,187.614013671875,1605400
2020-06-04,206.08999633789062,207.7899932861328,202.3300018310547,203.10000610351562,183.8306427001953,2451400
2020-06-05,205.99000549316406,209.72000122070312,204.7899932861328,208.49000549316406,188.709228515625,2537900
2020-06-08,207.50999450683594,211.32000732421875,207.0,211.27999877929688,191.23448181152344,1626900
2020-06-09,209.38999938964844,209.7899932861328,205.5,207.33999633789062,187.66831970214844,2269600
2020-06-10,207.25999450683594,210.8300018310547,205.89999389648438,209.42999267578125,189.56002807617188,2077200
2020-06-11,205.52000427246094,205.9499969482422,195.8800048828125,195.9499969482422,177.35894775390625,4046600
2020-06-12,201.10000610351562,202.42999267578125,197.30999755859375,201.58999633789062,182.46383666992188,2590100
2020-06-15,196.49000549316406,200.74000549316406,194.8300018310547,199.7899932861328,180.83465576171875,2310800
2020-06-16,203.36000061035156,206.8800048828125,202.1199951171875,204.39999389648438,185.00721740722656,2154000
2020-06-17,206.02999877929688,206.3300018310547,203.64999389648438,205.1999969482422,185.73138427734375,1594800
2020-06-18,201.72999572753906,203.1699981689453,199.2899932861328,202.92999267578125,183.6767120361328,2228000
2020-06-19,207.5399932861328,208.2899932861328,201.52000427246094,201.5500030517578,182.4276885986328,3710000
2020-06-22,200.8000030517578,204.0800018310547,199.47000122070312,202.60000610351562,183.37803649902344,2454500
2020-06-23,205.3699951171875,209.67999267578125,205.3699951171875,207.39999389648438,187.72259521484375,2203800
2020-06-24,205.50999450683594,207.39999389648438,200.5,201.83999633789062,182.69015502929688,2753700
2020-06-25,213.0,217.88999938964844,211.5,217.32000732421875,196.70144653320312,4690200
2020-06-26,216.77999877929688,216.92999267578125,211.07000732421875,212.47000122070312,192.3115692138672,3348400
2020-06-29,210.14999389648438,213.38999938964844,210.14999389648438,212.72000122070312,192.53787231445312,2247900
2020-06-30,212.3699951171875,215.63999938964844,212.1300048828125,214.72000122070312,194.3480682373047,3136400
2020-07-01,214.5,216.89999389648438,213.8800048828125,214.58999633789062,194.23045349121094,2124700
2020-07-02,216.57000732421875,218.4499969482422,214.89999389648438,215.72000122070312,195.25326538085938,2006200
2020-07-06,217.75999450683594,219.66000366210938,216.30999755859375,217.5500030517578,196.90963745117188,1934500
2020-07-07,216.32000732421875,219.8699951171875,216.1199951171875,216.3300018310547,195.80535888671875,1783700
2020-07-08,217.47000122070312,219.14999389648438,216.33999633789062,218.88999938964844,198.12246704101562,1750700
2020-07-09,218.47000122070312,220.61000061035156,216.22999572753906,219.30999755859375,198.50265502929688,1756700
2020-07-10,219.0,220.86000061035156,217.6699981689453,220.25999450683594,199.36253356933594,1373600
2020-07-13,221.3300018310547,221.8699951171875,215.22999572753906,215.74000549316406,195.2714080810547,2090000
2020-07-14,214.8000030517578,219.3699951171875,213.50999450683594,219.16000366210938,198.36688232421875,1747800
2020-07-15,220.0,222.75,218.4600067138672,219.75999450683594,199.63865661621094,2193700
2020-07-16,219.77999877929688,220.6300048828125,218.60000610351562,219.11000061035156,199.0481719970703,1408400
2020-07-17,219.69000244140625,222.63999938964844,218.3000030517578,221.94000244140625,201.61904907226562,2069700
2020-07-20,222.0,224.11000061035156,220.11000061035156,223.42999267578125,202.97262573242188,1371800
2020-07-21,224.89999389648438,225.74000549316406,222.44000244140625,222.75,202.3549346923828,1546200
2020-07-22,222.75,224.74000549316406,222.44000244140625,224.22999572753906,203.6994171142578,1488000
2020-07-23,224.0800018310547,225.50999450683594,221.3699951171875,222.3000030517578,201.9461669921875,1444900
2020-07-24,220.2100067138672,223.1699981689453,220.2100067138672,221.44000244140625,201.16482543945312,1542300
2020-07-27,221.5,224.52000427246094,220.8300018310547,223.32000732421875,202.87274169921875,1523200
2020-07-28,223.0399932861328,224.75999450683594,221.89999389648438,222.17999267578125,201.8371124267578,1422300
2020-07-29,221.97999572753906,225.39999389648438,221.92999267578125,224.3800048828125,203.8356475830078,1473700
2020-07-30,220.80999755859375,223.99000549316406,219.77999877929688,223.97999572753906,203.47225952148438,1408600
2020-07-31,223.88999938964844,224.9499969482422,220.89999389648438,224.77999877929688,204.1990509033203,1495500
2020-08-03,225.0,228.0,224.4600067138672,227.17999267578125,206.37933349609375,1631700
2020-08-04,226.2899932861328,227.77999877929688,225.5500030517578,227.14999389648438,206.35202026367188,1260500
2020-08-05,227.94000244140625,229.39999389648438,227.4600067138672,228.6999969482422,207.7601318359375,1155400
2020-08-06,227.67999267578125,230.97000122070312,227.67999267578125,230.88999938964844,209.74960327148438,1317900
2020-08-07,229.25,231.8699951171875,228.72000122070312,231.55999755859375,210.35829162597656,1275400
2020-08-10,229.69000244140625,231.25999450683594,229.52000427246094,230.33999633789062,209.25,1315700
2020-08-11,230.5800018310547,232.50999450683594,228.16000366210938,228.57000732421875,207.64212036132812,1757200
2020-08-12,230.3000030517578,231.32000732421875,229.25,229.75,208.71400451660156,1512900
2020-08-13,229.58999633789062,232.3800048828125,228.92999267578125,231.72999572753906,210.5126953125,1745700
2020-08-14,230.57000732421875,231.92999267578125,229.41000366210938,230.25,209.16822814941406,1130500
2020-08-17,231.4499969482422,233.77000427246094,230.97999572753906,232.6199951171875,211.3212127685547,1395400
2020-08-18,233.35000610351562,234.92999267578125,232.5800018310547,234.22999572753906,212.78378295898438,1475800
2020-08-19,233.8000030517578,236.5,233.8000030517578,234.6300048828125,213.14720153808594,1671500
2020-08-20,233.94000244140625,236.9499969482422,233.5800018310547,236.61000061035156,214.94589233398438,1279300
2020-08-21,236.86000061035156,238.3000030517578,235.0,237.49000549316406,215.74530029296875,1976100
2020-08-24,238.05999755859375,239.36000061035156,235.85000610351562,237.75,215.98153686523438,1293200
2020-08-25,237.92999267578125,238.72999572753906,236.7100067138672,238.2100067138672,216.39938354492188,1501700
2020-08-26,238.6699981689453,241.25,238.11000061035156,240.4499969482422,218.43429565429688,2322100
2020-08-27,242.3699951171875,242.77000427246094,240.0,240.8699951171875,218.8158416748047,1295300
2020-08-28,241.97000122070312,243.22000122070312,240.25999450683594,242.99000549316406,220.7417755126953,1212200
2020-08-31,243.3000030517578,243.5399932861328,239.10000610351562,239.92999267578125,217.96188354492188,2001100
2020-09-01,238.49000549316406,240.02000427246094,237.1999969482422,240.02000427246094,218.0436553955078,1914500
2020-09-02,241.89999389648438,247.82000732421875,240.83999633789062,247.17999267578125,224.548095703125,1702800
2020-09-03,245.10000610351562,246.13999938964844,237.1300048828125,238.97999572753906,217.098876953125,2350500
2020-09-04,240.1699981689453,240.8699951171875,231.91000366210938,236.07000732421875,214.45541381835938,1946400
2020-09-08,231.0500030517578,236.0,230.6199951171875,232.64999389648438,211.34844970703125,2361200
2020-09-09,236.8000030517578,241.36000061035156,234.80999755859375,238.91000366210938,217.0353240966797,1670200
2020-09-10,241.0,243.99000549316406,232.11000061035156,233.64999389648438,212.25692749023438,2024100
2020-09-11,236.42999267578125,237.75999450683594,233.25,234.77000427246094,213.27435302734375,1301000
2020-09-14,237.60000610351562,240.99000549316406,236.80999755859375,238.8300018310547,216.962646484375,1576400
2020-09-15,240.3699951171875,242.8000030517578,239.0,240.1999969482422,218.20718383789062,1297500
2020-09-16,241.4600067138672,244.89999389648438,239.1699981689453,239.4199981689453,217.49859619140625,1800400
2020-09-17,237.39999389648438,239.08999633789062,233.8800048828125,236.82000732421875,215.1366729736328,2002500
2020-09-18,234.6199951171875,238.39999389648438,233.42999267578125,236.17999267578125,214.5552520751953,3676400
2020-09-21,232.83999633789062,233.97999572753906,230.02999877929688,233.91000366210938,212.4931182861328,2305900
2020-09-22,234.13999938964844,237.07000732421875,231.7899932861328,236.9199981689453,215.22747802734375,1786200
2020-09-23,238.52999877929688,239.35000610351562,230.3699951171875,230.64999389648438,209.5315704345703,2688100
2020-09-24,218.8699951171875,220.4499969482422,213.14999389648438,214.4199981689453,194.78761291503906,4828600
2020-09-25,213.02999877929688,215.07000732421875,210.4199981689453,214.6300048828125,194.9783935546875,3691100
2020-09-28,219.08999633789062,223.88999938964844,218.3000030517578,222.77999877929688,202.3822021484375,2587600
2020-09-29,223.3699951171875,225.1699981689453,222.30999755859375,224.0800018310547,203.5631561279297,2572000
2020-09-30,225.27000427246094,228.3000030517578,224.6199951171875,225.99000549316406,205.29827880859375,2250100
2020-10-01,227.36000061035156,229.24000549316406,224.02999877929688,225.17999267578125,204.5624237060547,1928800
2020-10-02,222.0500030517578,224.9199981689453,221.35000610351562,222.39999389648438,202.03697204589844,1936100
2020-10-05,224.3699951171875,224.94000244140625,222.0399932861328,223.49000549316406,203.0271759033203,1446000
2020-10-06,223.58999633789062,225.27000427246094,220.08999633789062,220.35000610351562,200.17465209960938,2286300
2020-10-07,221.89999389648438,224.6300048828125,220.0500030517578,223.4499969482422,202.9908447265625,2005800
2020-10-08,226.0399932861328,226.7899932861328,223.97000122070312,225.61000061035156,204.95306396484375,1394200
2020-10-09,225.86000061035156,229.08999633789062,225.8000030517578,228.69000244140625,208.5645751953125,1312500
2020-10-12,229.69000244140625,231.77000427246094,227.5800018310547,230.58999633789062,210.29733276367188,1524300
2020-10-13,230.72000122070312,231.89999389648438,228.80999755859375,229.3800048828125,209.19384765625,1634000
2020-10-14,228.8800048828125,231.89999389648438,228.32000732421875,229.42999267578125,209.23941040039062,1443800
2020-10-15,225.58999633789062,230.67999267578125,225.25999450683594,228.77000427246094,208.6375274658203,1273300
2020-10-16,229.02999877929688,231.94000244140625,228.67999267578125,230.0500030517578,209.80487060546875,1796400
2020-10-19,230.22999572753906,233.25,225.72000122070312,226.24000549316406,206.33018493652344,1904500
2020-10-20,226.6999969482422,232.2899932861328,226.4499969482422,230.38999938964844,210.11492919921875,1783800
2020-10-21,229.89999389648438,234.3800048828125,229.05999755859375,233.10000610351562,212.58648681640625,1701800
2020-10-22,233.10000610351562,234.7100067138672,227.85000610351562,228.13999938964844,208.06297302246094,1661300
2020-10-23,227.6999969482422,229.8000030517578,226.92999267578125,229.6999969482422,209.4856719970703,1187600
2020-10-26,225.36000061035156,227.99000549316406,218.35000610351562,219.22999572753906,199.9370880126953,2162100
2020-10-27,220.6300048828125,223.0,220.2100067138672,220.66000366210938,201.24122619628906,1567800
2020-10-28,216.80999755859375,217.92999267578125,212.9199981689453,213.94000244140625,195.1125946044922,2412300
2020-10-29,215.50999450683594,218.52999877929688,212.4499969482422,216.44000244140625,197.39256286621094,1499000
2020-10-30,215.27999877929688,217.80999755859375,213.63999938964844,216.91000366210938,197.8212432861328,1972700
2020-11-02,219.1699981689453,223.16000366210938,218.32000732421875,220.19000244140625,200.81259155273438,2087200
2020-11-03,222.0,227.77000427246094,221.42999267578125,225.7100067138672,205.84683227539062,1544000
2020-11-04,225.0,230.89999389648438,224.39999389648438,227.9199981689453,207.86236572265625,1725000
2020-11-05,233.3699951171875,236.1199951171875,232.4199981689453,233.99000549316406,213.39813232421875,1954800
2020-11-06,235.00999450683594,237.0,231.07000732421875,236.2899932861328,215.49575805664062,1417600
2020-11-09,239.88999938964844,248.0,239.6699981689453,240.22000122070312,219.07986450195312,3052100
2020-11-10,238.61000061035156,239.61000061035156,235.5800018310547,238.7100067138672,217.70278930664062,2818000
2020-11-11,240.9600067138672,244.0800018310547,240.1300048828125,242.75,221.38726806640625,1757200
2020-11-12,242.0,243.08999633789062,236.88999938964844,238.14999389648438,217.1920623779297,1672200
2020-11-13,239.99000549316406,242.4199981689453,238.08999633789062,241.77999877929688,220.50259399414062,1456200
2020-11-16,243.8800048828125,246.69000244140625,242.63999938964844,244.9499969482422,223.39361572265625,1631400
2020-11-17,243.3699951171875,245.49000549316406,241.27999877929688,243.82000732421875,222.36306762695312,1318100
2020-11-18,243.36000061035156,243.82000732421875,239.5500030517578,239.72999572753906,218.63299560546875,1613200
2020-11-19,241.50999450683594,243.47000122070312,238.69000244140625,243.1999969482422,221.79763793945312,1611700
2020-11-20,243.9499969482422,246.0,242.25999450683594,243.44000244140625,222.01649475097656,1771900
2020-11-23,244.7100067138672,246.6699981689453,242.57000732421875,246.1999969482422,224.53358459472656,1288600
2020-11-24,247.41000366210938,250.08999633789062,245.89999389648438,250.0,227.99923706054688,1899300
2020-11-25,250.0,250.41000366210938,248.32000732421875,249.3300018310547,227.38816833496094,1434000
2020-11-27,250.0800018310547,250.91000366210938,248.50999450683594,250.1199951171875,228.108642578125,888100
2020-11-30,249.05999755859375,250.44000244140625,246.2899932861328,249.08999633789062,227.1693115234375,2441400
2020-12-01,251.50999450683594,253.92999267578125,250.22000122070312,252.27000427246094,230.0694122314453,2078600
2020-12-02,250.7100067138672,251.82000732421875,248.1300048828125,249.66000366210938,227.68910217285156,1671100
2020-12-03,250.0,251.7100067138672,248.86000061035156,249.92999267578125,227.93539428710938,1552300
2020-12-04,250.22000122070312,253.4600067138672,250.0500030517578,253.44000244140625,231.13648986816406,1852700
2020-12-07,249.85000610351562,251.0,248.36000061035156,249.3000030517578,227.36083984375,1973400
2020-12-08,249.0,250.55999755859375,247.1999969482422,249.86000061035156,227.87155151367188,1825600
2020-12-09,250.1199951171875,250.52000427246094,245.55999755859375,246.77000427246094,225.05345153808594,2201500
2020-12-10,245.8699951171875,247.82000732421875,244.6199951171875,246.16000366210938,224.4971466064453,1874000
2020-12-11,245.88999938964844,246.9199981689453,244.5500030517578,245.8300018310547,224.19618225097656,1838900
2020-12-14,247.10000610351562,249.38999938964844,243.5500030517578,243.75,222.29922485351562,2412500
2020-12-15,248.91000366210938,248.91000366210938,245.05999755859375,247.0500030517578,225.30886840820312,2415800
2020-12-16,247.02000427246094,248.2899932861328,246.22000122070312,247.4499969482422,225.67361450195312,2248000
2020-12-17,263.7799987792969,271.17999267578125,263.29998779296875,264.4700012207031,241.19578552246094,4855600
2020-12-18,263.8900146484375,266.9599914550781,258.6199951171875,266.25,242.8191375732422,5948000
2020-12-21,261.1199951171875,263.3299865722656,257.739990234375,261.4200134277344,238.41427612304688,2680500
2020-12-22,260.8599853515625,261.1199951171875,258.3500061035156,259.4700012207031,236.63583374023438,1602900
2020-12-23,260.8299865722656,261.9200134277344,257.3299865722656,257.44000244140625,234.7845001220703,1455900
2020-12-24,258.0,259.7799987792969,256.2799987792969,257.29998779296875,234.6568145751953,528100
2020-12-28,259.7300109863281,260.3699951171875,258.3900146484375,259.67999267578125,236.8273468017578,1057100
2020-12-29,260.8900146484375,261.0299987792969,257.2300109863281,257.760009765625,235.07630920410156,1065200
2020-12-30,258.6700134277344,259.25,257.19000244140625,257.5400085449219,234.87570190429688,992800
2020-12-31,257.6000061035156,261.32000732421875,257.4800109863281,261.2099914550781,238.22267150878906,1325300
2021-01-04,261.0,261.6600036621094,254.0500030517578,256.4599914550781,233.89071655273438,2505100
2021-01-05,256.3999938964844,258.6400146484375,255.13999938964844,257.9200134277344,235.22225952148438,1809200
2021-01-06,259.20001220703125,263.5899963378906,256.95001220703125,260.739990234375,237.79405212402344,2535600
2021-01-07,260.3599853515625,264.9200134277344,260.3399963378906,263.20001220703125,240.03756713867188,2068200
2021-01-08,263.80999755859375,266.5299987792969,261.2900085449219,264.1600036621094,240.9131317138672,2010700
2021-01-11,262.8299865722656,264.7099914550781,260.2699890136719,260.3500061035156,237.4384002685547,1745100
2021-01-12,260.1199951171875,261.2200012207031,256.0199890136719,258.3999938964844,235.65997314453125,1898200
2021-01-13,256.45001220703125,259.0899963378906,256.45001220703125,257.0799865722656,235.25732421875,1870700
2021-01-14,257.25,257.25,254.1199951171875,255.0,233.35385131835938,2253200
2021-01-15,253.6199951171875,255.97000122070312,253.02999877929688,253.64999389648438,232.11856079101562,1915100
2021-01-19,254.41000366210938,257.29998779296875,253.75,255.83999633789062,234.12258911132812,2249400
2021-01-20,257.989990234375,262.3800048828125,257.0,261.6700134277344,239.4577178955078,2081600
2021-01-21,260.4599914550781,261.80999755859375,256.9100036621094,257.94000244140625,236.04437255859375,1625600
2021-01-22,255.3699951171875,256.3699951171875,253.57000732421875,254.77000427246094,233.14341735839844,2049600
2021-01-25,251.86000061035156,253.7899932861328,249.05999755859375,252.0399932861328,230.64517211914062,1921600
2021-01-26,253.19000244140625,254.41000366210938,251.13999938964844,252.99000549316406,231.51451110839844,1345500
2021-01-27,248.66000366210938,251.22000122070312,244.38999938964844,246.10000610351562,225.20941162109375,1833100
2021-01-28,249.24000549316406,252.8000030517578,248.13999938964844,249.33999633789062,228.1743621826172,1794200
2021-01-29,248.24000549316406,249.22999572753906,241.72999572753906,241.9199981689453,221.38421630859375,2494400
2021-02-01,246.10000610351562,248.89999389648438,243.97000122070312,247.57000732421875,226.55462646484375,1559700
2021-02-02,250.0,251.42999267578125,248.6300048828125,248.75,227.63446044921875,2010300
2021-02-03,248.19000244140625,250.11000061035156,246.58999633789062,248.3699951171875,227.28672790527344,2470400
2021-02-04,249.55999755859375,253.02999877929688,246.91000366210938,253.00999450683594,231.53285217285156,1702200
2021-02-05,254.08999633789062,255.75,252.16000366210938,253.5399932861328,232.017822265625,1497700
2021-02-08,253.9199981689453,257.3500061035156,253.75999450683594,257.30999755859375,235.4678497314453,1508700
2021-02-09,256.30999755859375,258.80999755859375,255.61000061035156,257.67999267578125,235.80642700195312,1542600
2021-02-10,258.0199890136719,259.19000244140625,255.86000061035156,256.94000244140625,235.12925720214844,1428300
2021-02-11,258.0,259.989990234375,257.0400085449219,258.9700012207031,236.9868927001953,1285300
2021-02-12,257.45001220703125,258.5899963378906,255.41000366210938,257.4700012207031,235.61422729492188,1219200
2021-02-16,257.6499938964844,259.489990234375,256.2699890136719,257.04998779296875,235.22987365722656,1606700
2021-02-17,256.6499938964844,261.6099853515625,255.77000427246094,258.7799987792969,236.8130340576172,1881000
2021-02-18,255.58999633789062,258.1000061035156,254.6999969482422,257.6300048828125,235.76065063476562,1664300
2021-02-19,258.4599914550781,258.5,254.16000366210938,254.2899932861328,232.7041473388672,2038400
2021-02-22,252.69000244140625,254.1699981689453,250.08999633789062,252.6300048828125,231.18505859375,1476000
2021-02-23,251.55999755859375,257.92999267578125,250.58999633789062,256.19000244140625,234.44290161132812,2191300
2021-02-24,253.2100067138672,260.4700012207031,252.82000732421875,259.2699890136719,237.26141357421875,2476300
2021-02-25,258.9800109863281,259.1099853515625,252.5800018310547,253.77999877929688,232.23748779296875,2157700
2021-02-26,255.24000549316406,255.85000610351562,249.80999755859375,250.89999389648438,229.60194396972656,2712800
2021-03-01,254.0,259.79998779296875,254.0,258.1600036621094,236.24563598632812,1954700
2021-03-02,258.1600036621094,261.1199951171875,257.1099853515625,259.2300109863281,237.22483825683594,2099800
2021-03-03,259.8999938964844,260.0,254.0500030517578,254.17999267578125,232.60353088378906,2114400
2021-03-04,252.8300018310547,254.63999938964844,245.1699981689453,247.0,226.03298950195312,2590400
2021-03-05,249.24000549316406,250.67999267578125,244.44000244140625,249.50999450683594,228.32992553710938,3236500
2021-03-08,254.60000610351562,255.7899932861328,249.22999572753906,249.38999938964844,228.2200927734375,2856100
2021-03-09,252.52000427246094,257.4599914550781,251.63999938964844,254.3699951171875,232.7773895263672,2729200
2021-03-10,256.2900085449219,258.239990234375,254.61000061035156,257.1400146484375,235.31224060058594,2046000
2021-03-11,260.0,268.1099853515625,260.0,266.3699951171875,243.7587432861328,2972000
2021-03-12,264.9800109863281,266.25,262.70001220703125,264.95001220703125,242.4593048095703,1828600
2021-03-15,263.69000244140625,266.5899963378906,263.4800109863281,266.260009765625,243.65811157226562,2295700
2021-03-16,267.2200012207031,267.260009765625,263.1000061035156,263.5199890136719,241.1506805419922,2185600
2021-03-17,263.5299987792969,266.2799987792969,261.6300048828125,264.2699890136719,241.83700561523438,2626500
2021-03-18,267.2200012207031,271.510009765625,264.0799865722656,266.8900146484375,244.23464965820312,4089900
2021-03-19,266.3500061035156,269.1099853515625,261.1300048828125,263.7799987792969,241.3885955810547,4460500
2021-03-22,263.1499938964844,265.92999267578125,262.3500061035156,265.20001220703125,242.68809509277344,2295700
2021-03-23,265.5,267.1300048828125,264.3699951171875,266.0299987792969,243.4475860595703,2160300
2021-03-24,265.9200134277344,269.7900085449219,265.70001220703125,267.54998779296875,244.83853149414062,2160600
2021-03-25,266.17999267578125,269.5,265.80999755859375,268.6099853515625,245.8085479736328,1714700
2021-03-26,268.489990234375,281.29998779296875,268.489990234375,280.7699890136719,256.9363098144531,3171900
2021-03-29,278.2200012207031,281.2900085449219,277.739990234375,279.5400085449219,255.810791015625,2398700
2021-03-30,279.7900085449219,280.0799865722656,276.5199890136719,278.54998779296875,254.90484619140625,1763100
2021-03-31,278.5,279.2699890136719,276.1000061035156,276.25,252.80001831054688,2375800
2021-04-01,278.6199951171875,278.7799987792969,276.07000732421875,278.3399963378906,254.71266174316406,2301900
2021-04-05,279.010009765625,282.69000244140625,278.79998779296875,281.1300048828125,257.26580810546875,2631300
2021-04-06,281.42999267578125,283.04998779296875,279.6499938964844,281.6300048828125,257.7234191894531,1786600
2021-04-07,281.9700012207031,283.6300048828125,281.1000061035156,282.57000732421875,258.5835876464844,2736300
2021-04-08,284.1199951171875,285.3500061035156,283.2300109863281,284.4200134277344,260.2765808105469,1600600
2021-04-09,285.0,287.82000732421875,283.6000061035156,287.7099914550781,263.28729248046875,1787800
2021-04-12,285.9700012207031,288.1000061035156,285.1400146484375,287.5400085449219,263.1316833496094,1437500
2021-04-13,286.6000061035156,287.05999755859375,284.0799865722656,285.2200012207031,261.00860595703125,2228000
2021-04-14,284.3800048828125,286.79998779296875,283.0799865722656,284.44000244140625,261.1004638671875,1903500
2021-04-15,286.260009765625,287.17999267578125,284.4100036621094,285.1499938964844,261.7521057128906,2047500
2021-04-16,285.1600036621094,287.4599914550781,285.010009765625,286.9599914550781,263.41363525390625,2625500
2021-04-19,287.1000061035156,287.2300109863281,284.9100036621094,286.5400085449219,263.0281066894531,1437100
2021-04-20,285.92999267578125,288.8999938964844,285.760009765625,288.6000061035156,264.9190673828125,1889800
2021-04-21,289.6700134277344,291.1499938964844,287.7900085449219,290.7200012207031,266.8650817871094,1585900
2021-04-22,290.989990234375,293.2799987792969,289.1499938964844,290.1600036621094,266.35101318359375,1460400
2021-04-23,290.19000244140625,292.8900146484375,289.70001220703125,291.739990234375,267.8014831542969,1505300
2021-04-26,291.6000061035156,292.3699951171875,288.8399963378906,289.5199890136719,265.7635803222656,1420700
2021-04-27,290.07000732421875,290.8900146484375,288.07000732421875,290.25,266.4336853027344,1270900
2021-04-28,290.7200012207031,291.45001220703125,289.82000732421875,290.2699890136719,266.4520568847656,1159900
2021-04-29,292.0799865722656,293.2799987792969,290.6000061035156,292.5400085449219,268.53582763671875,1247800
2021-04-30,290.7699890136719,290.9200134277344,288.3599853515625,289.9700012207031,266.1766662597656,1969200
2021-05-03,292.92999267578125,293.4200134277344,291.3699951171875,292.1700134277344,268.19610595703125,1300400
2021-05-04,290.8900146484375,291.94000244140625,289.1499938964844,291.6000061035156,267.67291259765625,1810700
2021-05-05,292.3399963378906,292.8299865722656,289.1199951171875,289.5199890136719,265.7635803222656,1553800
2021-05-06,289.4800109863281,291.17999267578125,287.6099853515625,291.1600036621094,267.2689208984375,1863200
2021-05-07,292.20001220703125,294.0899963378906,291.0400085449219,291.5299987792969,267.6086120605469,1394200
2021-05-10,290.6199951171875,294.1000061035156,290.19000244140625,290.6099853515625,266.7640380859375,1620700
2021-05-11,288.44000244140625,288.4599914550781,284.57000732421875,287.95001220703125,264.3223571777344,1541700
2021-05-12,285.2300109863281,285.30999755859375,279.1400146484375,279.3900146484375,256.46478271484375,2116600
2021-05-13,281.1199951171875,287.25,281.1199951171875,285.32000732421875,261.90826416015625,1698200
2021-05-14,286.8599853515625,294.5,286.6199951171875,288.20001220703125,264.5518798828125,1285600
2021-05-17,287.6400146484375,288.54998779296875,286.1000061035156,287.0,263.4503173828125,1500000
2021-05-18,285.80999755859375,286.70001220703125,282.82000732421875,283.010009765625,259.78778076171875,1438400
2021-05-19,279.92999267578125,281.07000732421875,276.8800048828125,280.9700012207031,257.9151306152344,1625200
2021-05-20,281.70001220703125,285.1300048828125,281.5799865722656,283.95001220703125,260.6506652832031,2094700
2021-05-21,285.0,287.1400146484375,282.6700134277344,283.3800048828125,260.12744140625,2210200
2021-05-24,285.20001220703125,286.0400085449219,284.2099914550781,284.8500061035156,261.476806640625,1231300
2021-05-25,285.79998779296875,286.20001220703125,283.6099853515625,285.989990234375,262.5232849121094,1761300
2021-05-26,285.8999938964844,286.8299865722656,283.3299865722656,283.95001220703125,260.6506652832031,1873200
2021-05-27,284.1700134277344,285.2799987792969,279.1499938964844,280.04998779296875,257.07061767578125,7166300
2021-05-28,282.54998779296875,284.9200134277344,282.1000061035156,282.1600036621094,259.0075988769531,2005700
2021-06-01,285.5799865722656,285.5799865722656,280.6099853515625,280.8800048828125,257.8326416015625,1670800
2021-06-02,281.04998779296875,283.1199951171875,281.04998779296875,281.79998779296875,258.67706298828125,2089800
2021-06-03,280.0,280.7900085449219,277.3800048828125,279.6300048828125,256.6850891113281,1540600
2021-06-04,281.32000732421875,283.44000244140625,281.17999267578125,283.1700134277344,259.93463134765625,1146200
2021-06-07,283.1700134277344,284.25,281.05999755859375,282.19000244140625,259.03497314453125,1404000
2021-06-08,282.0,283.4800109863281,280.9200134277344,281.45001220703125,258.3557434082031,1321400
2021-06-09,283.1000061035156,283.2699890136719,281.5400085449219,282.1099853515625,258.9615783691406,1166500
2021-06-10,283.5299987792969,284.7099914550781,282.7799987792969,284.2200012207031,260.8985290527344,2007200
2021-06-11,285.0,285.57000732421875,283.94000244140625,285.2799987792969,261.8714904785156,1473100
2021-06-14,285.739990234375,285.8399963378906,283.17999267578125,285.7099914550781,262.2662353515625,1672400
2021-06-15,286.8500061035156,287.95001220703125,285.3699951171875,286.19000244140625,262.7067565917969,1408200
2021-06-16,287.4800109863281,287.4800109863281,283.0299987792969,283.94000244140625,260.6414489746094,2350600
2021-06-17,282.5,285.42999267578125,282.5,284.7699890136719,261.4033203125,1872100
2021-06-18,282.8399963378906,284.0,280.79998779296875,281.25,258.1722106933594,3134000
2021-06-21,283.9599914550781,287.5,282.010009765625,285.55999755859375,262.1285400390625,1959400
2021-06-22,285.760009765625,286.6199951171875,283.7099914550781,285.6600036621094,262.2203369140625,2019800
2021-06-23,287.75,288.3999938964844,285.5899963378906,285.70001220703125,262.2569885253906,2161300
2021-06-24,297.2300109863281,297.79998779296875,289.54998779296875,291.55999755859375,267.63623046875,3003900
2021-06-25,292.3299865722656,295.2200012207031,290.4200134277344,294.6600036621094,270.48187255859375,4233600
2021-06-28,294.44000244140625,295.8699951171875,292.5,293.8999938964844,269.7841796875,1662400
2021-06-29,294.7900085449219,297.6499938964844,294.6000061035156,296.42999267578125,272.1065673828125,2060700
2021-06-30,295.989990234375,296.989990234375,293.7900085449219,294.7900085449219,270.60125732421875,1595300
2021-07-01,295.4800109863281,300.05999755859375,295.0,300.0,275.3836669921875,3104100
2021-07-02,300.0,305.1700134277344,300.0,304.8399963378906,279.8264465332031,2280100
2021-07-06,304.8599853515625,306.8500061035156,301.69000244140625,305.3999938964844,280.340576171875,1856200
2021-07-07,305.82000732421875,309.7900085449219,305.20001220703125,309.6099853515625,284.205078125,1889900
2021-07-08,305.0299987792969,309.239990234375,302.6600036621094,309.1499938964844,283.7828063964844,1867700
2021-07-09,310.6000061035156,316.2200012207031,310.17999267578125,312.6199951171875,286.9681396484375,2054000
2021-07-12,311.8399963378906,312.17999267578125,310.7300109863281,311.57000732421875,286.0042419433594,1456900
2021-07-13,311.2099914550781,313.9100036621094,310.04998779296875,312.6300048828125,286.977294921875,1570600
2021-07-14,313.04998779296875,315.5199890136719,312.5299987792969,314.3900146484375,289.40753173828125,1743800
2021-07-15,313.8800048828125,315.489990234375,313.29998779296875,314.94000244140625,289.9137878417969,1927800
2021-07-16,317.1199951171875,317.1199951171875,311.29998779296875,311.9100036621094,287.12457275390625,2666100
2021-07-19,308.0,309.7900085449219,306.260009765625,309.17999267578125,284.6115417480469,1851600
2021-07-20,310.0,314.1700134277344,308.989990234375,312.05999755859375,287.2627258300781,1448700
2021-07-21,312.6099853515625,314.04998779296875,311.95001220703125,313.7699890136719,288.83673095703125,1180300
2021-07-22,314.7699890136719,315.0,312.7699890136719,314.260009765625,289.28790283203125,1274800
2021-07-23,316.0,318.79998779296875,315.5400085449219,318.6499938964844,293.3289489746094,1221000
2021-07-26,318.79998779296875,319.739990234375,316.8500061035156,318.9800109863281,293.6327819824219,1345800
2021-07-27,317.8800048828125,320.1000061035156,315.80999755859375,319.8900146484375,294.470458984375,1641000
2021-07-28,320.8500061035156,321.0,316.1199951171875,316.30999755859375,291.1749267578125,2006300
2021-07-29,317.82000732421875,319.1400146484375,316.1300048828125,318.3500061035156,293.0528869628906,1863800
2021-07-30,317.7099914550781,319.17999267578125,316.8999938964844,317.67999267578125,292.43609619140625,2305400
2021-08-02,319.2699890136719,319.489990234375,315.5,316.0799865722656,290.9632263183594,1507200
2021-08-03,317.7699890136719,319.6000061035156,315.5,318.5199890136719,293.2093200683594,1979600
2021-08-04,318.0199890136719,319.19000244140625,315.8500061035156,316.7699890136719,291.59832763671875,1448300
2021-08-05,317.9100036621094,320.55999755859375,317.0400085449219,320.30999755859375,294.8570556640625,1952400
2021-08-06,321.0,322.3699951171875,318.5,321.8299865722656,296.25628662109375,1392600
2021-08-09,322.010009765625,322.260009765625,319.3800048828125,319.5199890136719,294.1297912597656,1225100
2021-08-10,319.9700012207031,322.05999755859375,319.05999755859375,320.17999267578125,294.7374267578125,918900
2021-08-11,320.6199951171875,320.8599853515625,317.0799865722656,319.7900085449219,294.37841796875,1841600
2021-08-12,319.70001220703125,321.8299865722656,318.6400146484375,321.760009765625,296.19195556640625,910900
2021-08-13,322.19000244140625,324.0400085449219,321.5799865722656,323.45001220703125,297.7475891113281,970300
2021-08-16,324.0,328.5,323.1400146484375,328.25,302.1661376953125,1781000
2021-08-17,327.6000061035156,329.95001220703125,326.7699890136719,329.29998779296875,303.13275146484375,1531700
2021-08-18,327.3699951171875,329.17999267578125,324.3800048828125,324.54998779296875,298.7601013183594,1636800
2021-08-19,322.80999755859375,329.0,322.45001220703125,328.25,302.1661376953125,1294200
2021-08-20,329.80999755859375,333.54998779296875,328.3299865722656,332.6499938964844,306.2165222167969,1726800
2021-08-23,334.239990234375,334.8800048828125,332.7300109863281,332.9200134277344,306.4651184082031,2017900
2021-08-24,333.1400146484375,334.0,330.75,330.9100036621094,304.6147766113281,1451300
2021-08-25,331.94000244140625,334.5899963378906,331.1300048828125,333.44000244140625,306.9437561035156,1613600
2021-08-26,334.4700012207031,334.4700012207031,331.239990234375,333.2300109863281,306.7503967285156,1702300
2021-08-27,334.0899963378906,335.9100036621094,333.3500061035156,335.6600036621094,308.9873352050781,1126200
2021-08-30,335.0,338.6499938964844,332.9200134277344,337.0,310.2207946777344,973800
2021-08-31,337.20001220703125,337.4100036621094,335.1000061035156,336.55999755859375,309.8157958984375,1641300
2021-09-01,337.45001220703125,339.0299987792969,336.6600036621094,337.8999938964844,311.0493469238281,1621100
2021-09-02,338.4599914550781,342.04998779296875,338.25,341.0,313.9029541015625,1600500
2021-09-03,341.0,344.0799865722656,340.1099853515625,343.3299865722656,316.0478515625,1566100
2021-09-07,343.3299865722656,344.42999267578125,340.2099914550781,341.489990234375,314.3540344238281,1380700
2021-09-08,340.8399963378906,342.2699890136719,339.7200012207031,340.32000732421875,313.27703857421875,1392800
2021-09-09,341.4599914550781,342.54998779296875,339.8999938964844,341.1000061035156,313.9950866699219,1668200
2021-09-10,343.5,345.5199890136719,341.5,341.9200134277344,314.7499084472656,1725200
2021-09-13,345.0,345.4700012207031,335.8699951171875,339.44000244140625,312.4670104980469,1854200
2021-09-14,341.05999755859375,343.260009765625,340.0,340.7200012207031,313.6451721191406,1758800
2021-09-15,340.239990234375,345.5,339.8299865722656,344.42999267578125,317.0604553222656,1657200
2021-09-16,344.6400146484375,345.0,340.2200012207031,342.2300109863281,315.03521728515625,2252700
2021-09-17,340.0299987792969,341.5199890136719,334.57000732421875,335.3999938964844,308.74798583984375,4455100
2021-09-20,331.1000061035156,334.9200134277344,328.2300109863281,332.2900085449219,305.8851318359375,2650200
2021-09-21,333.7900085449219,335.4599914550781,330.8699951171875,331.1499938964844,304.8357238769531,2820300
2021-09-22,335.45001220703125,336.80999755859375,333.1400146484375,334.6600036621094,308.0667724609375,2441100
2021-09-23,337.6199951171875,344.739990234375,337.1300048828125,343.0,315.7441101074219,4543400
2021-09-24,340.67999267578125,342.8800048828125,337.7200012207031,339.2300109863281,312.27362060546875,2035900
2021-09-27,337.5199890136719,337.7200012207031,333.0799865722656,334.510009765625,307.9287414550781,2025300
2021-09-28,331.55999755859375,332.0199890136719,323.8599853515625,324.2099914550781,298.4472351074219,2300500
2021-09-29,326.29998779296875,326.4100036621094,323.07000732421875,323.5299987792969,297.8212585449219,1741300
2021-09-30,324.489990234375,325.8900146484375,318.29998779296875,319.9200134277344,294.498046875,2382100
2021-10-01,323.3699951171875,326.8900146484375,319.5899963378906,324.8599853515625,299.0455627441406,1802300
2021-10-04,323.3999938964844,324.32000732421875,316.010009765625,319.489990234375,294.102294921875,1774500
2021-10-05,320.9599914550781,327.3299865722656,320.80999755859375,325.1199951171875,299.2848815917969,1628800
2021-10-06,323.1099853515625,325.3399963378906,320.510009765625,325.19000244140625,299.3493347167969,2166400
2021-10-07,328.0,329.5299987792969,325.79998779296875,326.25,300.3251037597656,1188400
2021-10-08,326.739990234375,327.6300048828125,324.5400085449219,325.19000244140625,299.3493347167969,1229800
2021-10-11,324.7300109863281,328.7300109863281,324.510009765625,326.5,300.5552062988281,1475900
2021-10-12,328.1099853515625,329.3999938964844,327.19000244140625,327.69000244140625,301.6506652832031,2054600
2021-10-13,328.25,331.54998779296875,325.8599853515625,330.17999267578125,304.8451843261719,1768500
2021-10-14,333.1400146484375,339.2699890136719,332.0199890136719,339.0400085449219,313.02532958984375,1638400
2021-10-15,341.17999267578125,341.9100036621094,339.20001220703125,341.82000732421875,315.5920104980469,2074900
2021-10-18,341.6000061035156,344.239990234375,340.6499938964844,343.17999267578125,316.84765625,1636800
2021-10-19,345.0,350.760009765625,344.489990234375,349.739990234375,322.9043273925781,2177800
2021-10-20,350.0,350.44000244140625,345.57000732421875,345.79998779296875,319.2665710449219,1740100
2021-10-21,345.79998779296875,347.5,344.7200012207031,347.1199951171875,320.4853210449219,1520200
2021-10-22,348.25,355.3500061035156,348.25,353.7900085449219,326.6435852050781,1459400
2021-10-25,353.2699890136719,357.1600036621094,351.4800109863281,356.44000244140625,329.09027099609375,1523800
2021-10-26,356.989990234375,359.30999755859375,356.2699890136719,356.3399963378906,328.9978942871094,1547700
2021-10-27,355.0199890136719,356.9200134277344,353.7900085449219,354.04998779296875,326.8836364746094,1567700
2021-10-28,355.44000244140625,358.4200134277344,354.739990234375,356.32000732421875,328.97943115234375,1500600
2021-10-29,354.5799865722656,359.6199951171875,354.1000061035156,358.7900085449219,331.2598876953125,1936400
2021-11-01,358.8299865722656,359.8800048828125,352.1000061035156,355.32000732421875,328.05609130859375,1600200
2021-11-02,357.0400085449219,363.239990234375,356.5899963378906,361.5,333.7619934082031,2204300
2021-11-03,360.94000244140625,362.5,354.3900146484375,362.1000061035156,334.31591796875,1727500
2021-11-04,362.94000244140625,366.9200134277344,361.4700012207031,366.79998779296875,338.65521240234375,1979200
2021-11-05,368.8500061035156,372.1199951171875,366.9599914550781,368.4599914550781,340.18792724609375,2110600
2021-11-08,370.0,370.6600036621094,366.1199951171875,366.92999267578125,338.7753601074219,1731600
2021-11-09,366.6300048828125,367.7799987792969,364.7699890136719,367.4700012207031,339.2739562988281,1865700
2021-11-10,364.9700012207031,367.32000732421875,362.67999267578125,364.739990234375,336.75335693359375,1352400
2021-11-11,365.5799865722656,367.1600036621094,364.25,366.2099914550781,338.1105651855469,1184300
2021-11-12,368.0,371.6099853515625,366.3699951171875,371.2300109863281,342.74542236328125,1802100
2021-11-15,371.7699890136719,372.1199951171875,368.05999755859375,368.45001220703125,340.1787109375,1957400
2021-11-16,367.29998779296875,373.1099853515625,367.0199890136719,371.1600036621094,342.6807556152344,2041600
2021-11-17,371.54998779296875,374.9200134277344,369.57000732421875,372.7799987792969,344.1764831542969,2254600
2021-11-18,371.32000732421875,372.75,369.2799987792969,370.7799987792969,342.3299560546875,2555900
2021-11-19,371.95001220703125,374.70001220703125,369.6700134277344,369.7900085449219,341.4158630371094,2554000
2021-11-22,371.4200134277344,372.70001220703125,363.0799865722656,363.29998779296875,335.4238586425781,2098400
2021-11-23,362.45001220703125,363.57000732421875,357.25,360.70001220703125,333.0233459472656,1998600
2021-11-24,359.2300109863281,362.92999267578125,358.70001220703125,362.3699951171875,334.5652160644531,2191500
2021-11-26,361.1700134277344,361.8399963378906,352.70001220703125,353.6000061035156,326.4681701660156,2649400
2021-11-29,359.1400146484375,369.5299987792969,359.1400146484375,365.82000732421875,337.7505187988281,2857100
2021-11-30,361.6700134277344,365.04998779296875,357.2900085449219,357.3999938964844,329.9765625,4761200
2021-12-01,365.2699890136719,369.5799865722656,359.95001220703125,360.1400146484375,332.5063171386719,2876800
2021-12-02,359.7099914550781,368.8900146484375,359.7099914550781,365.29998779296875,337.2703857421875,3183100
2021-12-03,369.4100036621094,370.760009765625,357.3399963378906,361.4200134277344,333.6881408691406,2331900
2021-12-06,361.989990234375,365.3999938964844,358.0899963378906,362.2300109863281,334.4359436035156,2100200
2021-12-07,370.0,373.1400146484375,365.9800109863281,371.3399963378906,342.846923828125,1943800
2021-12-08,371.94000244140625,374.8599853515625,369.6499938964844,374.5299987792969,345.7922058105469,2271000
2021-12-09,372.79998779296875,373.8800048828125,370.5799865722656,371.45001220703125,342.9484558105469,1841400
2021-12-10,374.2200012207031,379.92999267578125,373.0,379.44000244140625,350.325439453125,1984000
2021-12-13,379.44000244140625,381.1499938964844,377.260009765625,377.7200012207031,348.7373962402344,2843900
2021-12-14,374.3800048828125,375.7799987792969,366.510009765625,369.7300109863281,341.3605041503906,2475200
2021-12-15,370.2099914550781,375.8800048828125,367.2900085449219,375.29998779296875,346.5030212402344,2804900
2021-12-16,413.07000732421875,413.6499938964844,399.0199890136719,400.6000061035156,369.8618469238281,6298500
2021-12-17,396.3599853515625,404.6099853515625,391.32000732421875,396.239990234375,365.8363037109375,4929100
2021-12-20,390.8800048828125,391.42999267578125,383.5199890136719,385.7799987792969,356.178955078125,2690800
2021-12-21,388.0,393.1499938964844,384.8500061035156,392.8900146484375,362.743408203125,2222400
2021-12-22,393.239990234375,403.75,393.2099914550781,403.69000244140625,372.7147216796875,2282400
2021-12-23,402.29998779296875,406.8500061035156,400.9599914550781,403.30999755859375,372.36383056640625,1374000
2021-12-27,406.760009765625,415.95001220703125,406.3399963378906,415.3299865722656,383.46160888671875,1906300
2021-12-28,415.0,417.1499938964844,413.67999267578125,415.2699890136719,383.4061584472656,1362600
2021-12-29,414.82000732421875,417.3699951171875,412.70001220703125,415.4200134277344,383.54473876953125,1041700
2021-12-30,416.260009765625,416.6600036621094,411.8800048828125,413.8299865722656,382.07666015625,1278000
2021-12-31,412.70001220703125,416.95001220703125,412.1099853515625,414.54998779296875,382.74139404296875,1163200
2022-01-03,414.6600036621094,415.5299987792969,405.0400085449219,407.2099914550781,375.964599609375,2129900
2022-01-04,408.80999755859375,411.3699951171875,403.20001220703125,404.29998779296875,373.2779235839844,2516300
2022-01-05,403.92999267578125,403.9700012207031,397.1000061035156,397.17999267578125,366.7042236328125,2471400
2022-01-06,384.69000244140625,392.20001220703125,375.760009765625,378.0,348.9959411621094,4386600
2022-01-07,379.0899963378906,379.989990234375,370.1400146484375,370.75,342.30224609375,3469000
2022-01-10,363.4200134277344,373.3699951171875,360.2200012207031,373.0,344.3795471191406,2952400
2022-01-11,369.510009765625,375.7799987792969,363.8599853515625,375.1099853515625,346.3276672363281,2407000
2022-01-12,377.8500061035156,383.44000244140625,376.6199951171875,377.19000244140625,349.1509704589844,3143400
2022-01-13,378.2200012207031,379.2799987792969,360.760009765625,361.3699951171875,334.5069274902344,2944100
2022-01-14,357.0400085449219,359.3800048828125,349.7200012207031,353.3599853515625,327.0923767089844,3949800
2022-01-18,348.6099853515625,351.0199890136719,344.9700012207031,348.2799987792969,322.39007568359375,3425600
2022-01-19,351.0,356.07000732421875,343.5,343.739990234375,318.1874694824219,3374700
2022-01-20,345.45001220703125,355.94000244140625,342.0400085449219,342.69000244140625,317.215576171875,2817300
2022-01-21,341.3900146484375,344.0799865722656,335.25,335.6300048828125,310.6803894042969,2830700
2022-01-24,328.29998779296875,339.5799865722656,319.1000061035156,339.0,313.79986572265625,4544500
2022-01-25,331.9100036621094,339.69000244140625,327.2099914550781,334.95001220703125,310.0509338378906,3625400
2022-01-26,341.4200134277344,343.9599914550781,328.04998779296875,329.8900146484375,305.3670959472656,4422200
2022-01-27,337.5299987792969,341.7300109863281,331.010009765625,333.3599853515625,308.5791015625,2778000
2022-01-28,333.8999938964844,343.05999755859375,327.1700134277344,342.8500061035156,317.36370849609375,2457400
2022-01-31,345.0,353.70001220703125,343.5400085449219,353.5799865722656,327.2960205078125,3159300
2022-02-01,354.2200012207031,356.70001220703125,348.8800048828125,353.4200134277344,327.1479187011719,2087200
2022-02-02,354.3999938964844,360.1000061035156,353.510009765625,359.4700012207031,332.7481384277344,2603200
2022-02-03,345.2799987792969,351.92999267578125,343.9800109863281,345.54998779296875,319.8629455566406,2706300
2022-02-04,344.8900146484375,350.5400085449219,340.8500061035156,347.5,321.66790771484375,2142800
2022-02-07,346.17999267578125,348.2699890136719,343.010009765625,343.9599914550781,318.39111328125,1265100
2022-02-08,339.9800109863281,345.92999267578125,339.8599853515625,345.07000732421875,319.41864013671875,2197700
2022-02-09,351.6300048828125,356.5299987792969,351.5199890136719,355.5299987792969,329.10101318359375,2430500
2022-02-10,346.0899963378906,351.5799865722656,339.989990234375,342.3900146484375,316.9378662109375,2457700
2022-02-11,343.94000244140625,344.9800109863281,327.2900085449219,329.17999267578125,304.7098083496094,3091600
2022-02-14,323.0799865722656,327.8699951171875,321.4599914550781,326.1300048828125,301.8865661621094,2689900
2022-02-15,332.7200012207031,333.3299865722656,327.3500061035156,329.4100036621094,304.9227600097656,2395600
2022-02-16,325.8699951171875,335.44000244140625,325.1099853515625,333.7200012207031,308.9123840332031,2867500
2022-02-17,332.9200134277344,332.9200134277344,322.25,322.9100036621094,298.9058532714844,2148000
2022-02-18,322.4100036621094,326.489990234375,320.1000061035156,321.17999267578125,297.3045349121094,2421800
2022-02-22,320.010009765625,327.9800109863281,317.7900085449219,321.1099853515625,297.2397155761719,2794300
2022-02-23,322.7699890136719,324.82000732421875,312.5899963378906,313.1600036621094,289.8807373046875,2192200
2022-02-24,302.3500061035156,316.5799865722656,300.7099914550781,316.1700134277344,292.6669616699219,3785900
2022-02-25,317.3299865722656,323.1700134277344,316.3900146484375,322.510009765625,298.53564453125,2552600
2022-02-28,318.69000244140625,319.45001220703125,311.9100036621094,316.0199890136719,292.5281066894531,3419300
2022-03-01,317.0,317.3800048828125,309.760009765625,311.3500061035156,288.2052917480469,2525400
2022-03-02,315.4200134277344,320.260009765625,312.54998779296875,318.3299865722656,294.6664123535156,2220800
2022-03-03,322.8399963378906,323.69000244140625,315.6000061035156,318.95001220703125,295.24029541015625,2120900
2022-03-04,314.54998779296875,316.32000732421875,310.0,314.1600036621094,290.8063659667969,1917300
2022-03-07,313.17999267578125,314.0,304.6000061035156,305.0199890136719,282.3458557128906,2908100
2022-03-08,303.7099914550781,309.010009765625,297.3599853515625,301.6199951171875,279.19854736328125,2902600
2022-03-09,311.0299987792969,312.69000244140625,307.75,309.4200134277344,286.41876220703125,2825900
2022-03-10,305.0,310.1600036621094,304.0199890136719,309.5199890136719,286.5113525390625,2049000
2022-03-11,314.4100036621094,318.7200012207031,311.2099914550781,311.5799865722656,288.4181823730469,3811900
2022-03-14,309.07000732421875,313.1499938964844,303.8999938964844,307.67999267578125,284.80804443359375,3156600
2022-03-15,311.29998779296875,316.9200134277344,310.25,316.2300109863281,292.7225036621094,2695200
2022-03-16,320.6700134277344,325.4599914550781,315.5400085449219,324.9100036621094,300.7572326660156,3473100
2022-03-17,338.8999938964844,344.4599914550781,318.3299865722656,319.5,295.74945068359375,4661600
2022-03-18,321.8699951171875,324.4800109863281,316.510009765625,323.95001220703125,299.8686218261719,7566200
2022-03-21,323.3699951171875,326.3500061035156,320.9200134277344,324.5,300.3778076171875,2290500
2022-03-22,324.0,328.75,323.260009765625,327.4700012207031,303.1269836425781,2022800
2022-03-23,325.0,327.17999267578125,320.2900085449219,320.5,296.6750793457031,1837500
2022-03-24,320.3599853515625,325.4200134277344,320.0,325.2900085449219,301.1090087890625,1430400
2022-03-25,327.5799865722656,329.510009765625,324.260009765625,327.7099914550781,303.3491516113281,1814000
2022-03-28,326.5799865722656,330.8900146484375,325.3299865722656,330.739990234375,306.1538391113281,1984400
2022-03-29,339.0,341.05999755859375,337.0,340.69000244140625,315.36419677734375,2223000
2022-03-30,336.57000732421875,340.7099914550781,336.4800109863281,338.4599914550781,313.3000183105469,1721600
2022-03-31,337.5,343.75,337.2300109863281,337.2300109863281,312.1614685058594,2752600
2022-04-01,338.5899963378906,341.29998779296875,336.3500061035156,340.6400146484375,315.3179626464844,2090300
2022-04-04,341.989990234375,344.760009765625,340.04998779296875,344.4700012207031,318.86322021484375,2317500
2022-04-05,341.5,345.29998779296875,341.5,342.82000732421875,317.33587646484375,3058100
2022-04-06,338.2900085449219,341.92999267578125,334.5400085449219,340.260009765625,314.9661865234375,2299000
2022-04-07,338.989990234375,344.80999755859375,337.80999755859375,341.7699890136719,316.3638916015625,2313100
2022-04-08,342.42999267578125,344.29998779296875,338.2699890136719,338.9200134277344,313.725830078125,2170000
2022-04-11,336.1000061035156,337.4200134277344,324.8599853515625,327.2699890136719,302.9417724609375,2445400
2022-04-12,329.7300109863281,333.95001220703125,326.25,326.7300109863281,302.4419860839844,1835000
2022-04-13,324.3399963378906,327.3500061035156,323.239990234375,325.5899963378906,302.2841491699219,2081400
2022-04-14,326.8800048828125,328.2799987792969,319.2900085449219,319.4700012207031,296.60223388671875,2964800
2022-04-18,318.5199890136719,321.0,310.8299865722656,313.6000061035156,291.15240478515625,2479300
2022-04-19,312.7099914550781,320.79998779296875,312.1499938964844,320.57000732421875,297.62347412109375,1758200
2022-04-20,324.0299987792969,328.3800048828125,322.6199951171875,323.6700134277344,300.50164794921875,2273600
2022-04-21,326.19000244140625,330.32000732421875,321.3399963378906,322.30999755859375,299.2389221191406,1910200
2022-04-22,321.0199890136719,323.8399963378906,310.30999755859375,310.79998779296875,288.552734375,1906800
2022-04-25,309.3900146484375,317.1300048828125,306.239990234375,316.82000732421875,294.14190673828125,2049600
2022-04-26,311.6199951171875,315.1099853515625,302.1000061035156,303.1000061035156,281.4040222167969,2101400
2022-04-27,302.9800109863281,309.30999755859375,302.3800048828125,303.1000061035156,281.4040222167969,1821200
2022-04-28,308.1600036621094,316.1400146484375,305.6199951171875,313.8399963378906,291.3751525878906,2215200
2022-04-29,310.0,311.9800109863281,299.79998779296875,300.3599853515625,278.8601379394531,2972100
2022-05-02,300.4599914550781,306.04998779296875,297.25,304.6000061035156,282.79656982421875,2528900
2022-05-03,306.67999267578125,307.6300048828125,302.7099914550781,304.82000732421875,283.00079345703125,2121700
2022-05-04,303.1499938964844,315.8800048828125,300.80999755859375,314.8599853515625,292.3221435546875,1900200
2022-05-05,310.7099914550781,312.20001220703125,294.6099853515625,298.70001220703125,277.31890869140625,2231700
2022-05-06,295.6499938964844,297.05999755859375,289.7099914550781,295.739990234375,274.57080078125,2477000
2022-05-09,290.6600036621094,292.489990234375,285.8599853515625,287.489990234375,266.91131591796875,2584100
2022-05-10,290.0,292.3999938964844,283.75,287.5899963378906,267.004150390625,2634600
2022-05-11,285.7300109863281,288.489990234375,280.4599914550781,280.94000244140625,260.8302001953125,2398600
2022-05-12,278.0,281.6600036621094,274.7900085449219,281.2099914550781,261.08087158203125,2284600
2022-05-13,283.0400085449219,288.6700134277344,280.989990234375,286.7699890136719,266.242919921875,2373600
2022-05-16,284.67999267578125,288.9700012207031,282.04998779296875,286.1700134277344,265.6858215332031,1598000
2022-05-17,294.67999267578125,294.67999267578125,288.20001220703125,291.07000732421875,270.2351379394531,1598000
2022-05-18,286.8699951171875,287.25,272.4200134277344,274.1600036621094,254.5355682373047,2666000
2022-05-19,270.1499938964844,278.0,269.70001220703125,273.6099853515625,254.02488708496094,2679500
2022-05-20,275.5799865722656,278.3999938964844,268.1700134277344,276.6499938964844,256.8472595214844,3007800
2022-05-23,281.2799987792969,283.92999267578125,276.1600036621094,283.3900146484375,263.1048278808594,2128900
2022-05-24,279.82000732421875,281.0299987792969,273.04998779296875,279.30999755859375,259.31683349609375,2088700
2022-05-25,278.3299865722656,281.3399963378906,275.239990234375,279.6400146484375,259.6232604980469,1812600
2022-05-26,282.44000244140625,292.8800048828125,281.1099853515625,291.54998779296875,270.68072509765625,2742800
2022-05-27,293.44000244140625,304.1700134277344,293.44000244140625,304.1499938964844,282.3787841796875,2759000
2022-05-31,302.3999938964844,303.32000732421875,296.70001220703125,298.4599914550781,277.0960388183594,4143700
2022-06-01,304.1300048828125,306.7099914550781,297.3800048828125,298.6499938964844,277.27252197265625,1784600
2022-06-02,299.9599914550781,306.760009765625,297.8800048828125,306.6199951171875,284.6720275878906,1318500
2022-06-03,302.29998779296875,306.82000732421875,301.9200134277344,304.95001220703125,283.1215515136719,1714500
2022-06-06,310.0,312.32000732421875,303.7699890136719,304.7300109863281,282.9173278808594,1401000
2022-06-07,300.42999267578125,306.8900146484375,300.4100036621094,306.5299987792969,284.5884094238281,2311100
2022-06-08,305.0,307.4100036621094,301.7300109863281,302.6400146484375,280.9768981933594,1428600
2022-06-09,300.6499938964844,302.6199951171875,294.75,295.42999267578125,274.2829895019531,2497900
2022-06-10,290.8900146484375,291.2200012207031,285.9800109863281,286.010009765625,265.5373229980469,2169900
2022-06-13,276.6600036621094,281.30999755859375,274.8599853515625,276.5,256.7080383300781,2414200
2022-06-14,274.6499938964844,277.25,272.6099853515625,275.1199951171875,255.42678833007812,2052600
2022-06-15,276.9800109863281,285.8500061035156,276.1000061035156,281.19000244140625,261.062255859375,2536000
2022-06-16,275.3500061035156,275.3999938964844,269.0899963378906,270.8999938964844,251.5088653564453,2741800
2022-06-17,272.6099853515625,278.5899963378906,270.92999267578125,275.3800048828125,255.66819763183594,4446100
2022-06-21,278.1499938964844,284.30999755859375,277.6700134277344,282.7300109863281,262.4920959472656,2550200
2022-06-22,279.0899963378906,290.3599853515625,279.0899963378906,286.3999938964844,265.8992614746094,2939000
2022-06-23,276.0,286.2799987792969,275.0,285.8299865722656,265.37017822265625,3482100
2022-06-24,285.4100036621094,299.6099853515625,284.9700012207031,299.3699951171875,277.94091796875,4647900
2022-06-27,298.94000244140625,301.0,291.6400146484375,292.6199951171875,271.6741638183594,2107500
2022-06-28,293.0899963378906,296.5299987792969,283.489990234375,283.79998779296875,263.48541259765625,2167500
2022-06-29,278.4200134277344,281.1499938964844,275.25,279.80999755859375,259.78106689453125,2405800
2022-06-30,277.3299865722656,280.6600036621094,275.32000732421875,277.6499938964844,257.7756652832031,2562200
2022-07-01,277.5799865722656,282.3699951171875,276.2799987792969,280.6499938964844,260.5609436035156,2400200
2022-07-05,276.2799987792969,276.4100036621094,269.67999267578125,275.1700134277344,255.47323608398438,3181300
2022-07-06,277.9599914550781,279.2099914550781,274.9599914550781,275.94000244140625,256.1881103515625,2260300
2022-07-07,277.260009765625,279.760009765625,274.4100036621094,279.3999938964844,259.4004211425781,2169100
2022-07-08,277.6499938964844,279.80999755859375,275.17999267578125,279.07000732421875,259.09405517578125,1987600
2022-07-11,276.7699890136719,278.0400085449219,273.32000732421875,274.8699951171875,255.19468688964844,1850000
2022-07-12,274.6000061035156,279.2900085449219,272.44000244140625,273.6700134277344,254.08059692382812,2280400
2022-07-13,268.20001220703125,275.1000061035156,267.3299865722656,272.1700134277344,253.58682250976562,2185200
2022-07-14,268.510009765625,270.0,261.7699890136719,268.6700134277344,250.32574462890625,1877700
2022-07-15,272.1000061035156,272.8500061035156,266.8599853515625,271.5199890136719,252.98110961914062,1741100
2022-07-18,273.0,275.29998779296875,267.989990234375,268.6499938964844,250.30709838867188,2048900
2022-07-19,272.3900146484375,280.5,271.739990234375,280.0400085449219,260.91943359375,1942100
2022-07-20,280.0,283.6600036621094,279.45001220703125,281.6600036621094,262.4288024902344,2158500
2022-07-21,281.17999267578125,288.2300109863281,280.760009765625,288.010009765625,268.34527587890625,1546800
2022-07-22,287.5,291.0799865722656,285.79998779296875,288.010009765625,268.34527587890625,1502400
2022-07-25,288.239990234375,289.55999755859375,285.45001220703125,289.2900085449219,269.5378723144531,1354700
2022-07-26,287.9100036621094,288.7099914550781,283.6600036621094,285.17999267578125,265.7084045410156,1710700
2022-07-27,288.8399963378906,299.510009765625,287.95001220703125,297.5299987792969,277.2151794433594,1821500
2022-07-28,296.9800109863281,304.5,294.7699890136719,303.67999267578125,282.9452819824219,1845400
2022-07-29,304.5299987792969,307.760009765625,302.9200134277344,306.260009765625,285.34918212890625,1868000
2022-08-01,302.5299987792969,306.7799987792969,301.0400085449219,304.739990234375,283.9329528808594,1425700
2022-08-02,302.3800048828125,306.5799865722656,299.4100036621094,302.4800109863281,281.8272705078125,1772100
2022-08-03,302.0799865722656,309.4100036621094,301.6199951171875,308.1700134277344,287.1287536621094,1359800
2022-08-04,309.19000244140625,310.80999755859375,307.3999938964844,310.6099853515625,289.4021301269531,1624600
2022-08-05,304.8699951171875,309.5899963378906,304.30999755859375,309.3500061035156,288.2281494140625,1504500
2022-08-08,310.5,312.80999755859375,308.5199890136719,310.3299865722656,289.1412658691406,1604700
2022-08-09,308.1000061035156,311.0799865722656,307.82000732421875,309.7900085449219,288.63818359375,1761100
2022-08-10,315.0,317.7699890136719,314.3699951171875,316.4800109863281,294.871337890625,1474800
2022-08-11,317.75,319.8699951171875,313.7900085449219,314.4200134277344,292.9520568847656,1570100
2022-08-12,316.760009765625,320.94000244140625,314.44000244140625,320.44000244140625,298.56097412109375,1774400
2022-08-15,317.67999267578125,320.9599914550781,317.5899963378906,320.3299865722656,298.45843505859375,1125300
2022-08-16,318.19000244140625,322.8800048828125,318.1199951171875,320.7799987792969,298.8777160644531,1596000
2022-08-17,317.4200134277344,320.3299865722656,315.6300048828125,318.45001220703125,296.7069091796875,1505900
2022-08-18,319.0,320.8599853515625,316.4200134277344,319.4599914550781,297.64788818359375,1386200
2022-08-19,316.8999938964844,317.75,313.57000732421875,315.2900085449219,293.7625732421875,1672500
2022-08-22,309.3299865722656,312.8500061035156,308.510009765625,310.0,288.8337707519531,1648100
2022-08-23,308.0799865722656,311.2699890136719,306.5,306.70001220703125,285.7591247558594,1217900
2022-08-24,306.67999267578125,307.9800109863281,303.8599853515625,306.260009765625,285.34918212890625,1695500
2022-08-25,307.1199951171875,310.69000244140625,305.8800048828125,309.7699890136719,288.61944580078125,1722900
2022-08-26,309.8299865722656,309.9100036621094,298.0,298.1300048828125,277.7742614746094,1701600
2022-08-29,295.0,297.8699951171875,293.20001220703125,295.1400146484375,274.9884338378906,1662800
2022-08-30,297.5400085449219,298.0,289.6700134277344,292.5,272.5287170410156,1661100
2022-08-31,294.6499938964844,295.9200134277344,287.42999267578125,288.4599914550781,268.76446533203125,2455000
2022-09-01,287.79998779296875,289.0299987792969,284.1300048828125,288.7900085449219,269.0719909667969,2021400
2022-09-02,292.57000732421875,293.1600036621094,282.82000732421875,284.07000732421875,264.6742858886719,1889400
2022-09-06,283.94000244140625,286.2200012207031,281.3500061035156,283.4599914550781,264.1058654785156,2354500
2022-09-07,282.1600036621094,288.0400085449219,279.3900146484375,286.760009765625,267.1805419921875,1899300
2022-09-08,284.20001220703125,288.29998779296875,282.3599853515625,287.9599914550781,268.29864501953125,1790700
2022-09-09,289.3999938964844,292.0899963378906,288.8999938964844,290.54998779296875,270.7118225097656,2005100
2022-09-12,293.8699951171875,296.80999755859375,292.6700134277344,295.260009765625,275.1002502441406,2026400
2022-09-13,288.1000061035156,289.94000244140625,280.3399963378906,281.5199890136719,262.29833984375,1789200
2022-09-14,280.94000244140625,282.5799865722656,276.0299987792969,278.5299987792969,259.5126037597656,2397600
2022-09-15,277.2300109863281,280.489990234375,271.6300048828125,273.8599853515625,255.16136169433594,2198700
2022-09-16,273.07000732421875,274.1099853515625,270.1300048828125,272.67999267578125,254.06187438964844,3838900
2022-09-19,270.3800048828125,275.3399963378906,270.20001220703125,274.9800109863281,256.20489501953125,2165200
2022-09-20,271.6099853515625,271.8999938964844,267.6300048828125,270.239990234375,251.78851318359375,2390100
2022-09-21,270.0,274.94000244140625,265.239990234375,265.4200134277344,247.2976837158203,2746500
2022-09-22,264.0899963378906,271.4599914550781,261.94000244140625,262.32000732421875,244.4093475341797,3462900
2022-09-23,259.1400146484375,260.3599853515625,256.20001220703125,259.9800109863281,242.2290496826172,3100000
2022-09-26,258.0400085449219,262.3599853515625,257.05999755859375,257.5400085449219,239.95565795898438,2349800
2022-09-27,259.4700012207031,263.20001220703125,254.27000427246094,256.3399963378906,238.8376007080078,2495800
2022-09-28,257.0,263.7099914550781,256.0299987792969,261.92999267578125,244.04598999023438,2552600
2022-09-29,258.9200134277344,261.1099853515625,255.69000244140625,258.2699890136719,240.6358184814453,2559100
2022-09-30,258.7099914550781,264.04998779296875,256.95001220703125,257.29998779296875,239.73204040527344,2924400
2022-10-03,260.2699890136719,267.1000061035156,258.6700134277344,264.8900146484375,246.8038330078125,1893900
2022-10-04,270.3999938964844,274.94000244140625,269.9200134277344,274.30999755859375,255.5806427001953,3143700
2022-10-05,271.3500061035156,276.94000244140625,269.5799865722656,274.3399963378906,255.60858154296875,1843000
2022-10-06,273.5899963378906,275.7099914550781,269.20001220703125,269.4700012207031,251.0710906982422,2336800
2022-10-07,266.4800109863281,266.8599853515625,258.2900085449219,259.7099914550781,241.97755432128906,1951200
2022-10-10,261.489990234375,261.489990234375,255.92999267578125,257.8500061035156,240.24449157714844,1526800
2022-10-11,256.20001220703125,257.30999755859375,251.27000427246094,252.97999572753906,235.70700073242188,2261800
2022-10-12,252.3800048828125,253.92999267578125,249.92999267578125,250.07000732421875,234.03179931640625,1699400
2022-10-13,243.6699981689453,259.1700134277344,242.9499969482422,257.4599914550781,240.9478759765625,3435100
2022-10-14,261.1300048828125,261.7900085449219,252.05999755859375,252.72000122070312,236.51190185546875,1723100
2022-10-17,257.9100036621094,262.8699951171875,257.6199951171875,262.2200012207031,245.40257263183594,2534800
2022-10-18,269.0199890136719,269.75,261.9599914550781,264.04998779296875,247.11520385742188,2114500
2022-10-19,262.17999267578125,264.67999267578125,259.7799987792969,264.05999755859375,247.12461853027344,2412600
2022-10-20,264.2799987792969,269.6600036621094,260.6300048828125,261.7799987792969,244.99082946777344,1970100
2022-10-21,261.5299987792969,269.8900146484375,260.67999267578125,269.57000732421875,252.28115844726562,3206600
2022-10-24,272.7699890136719,276.94000244140625,270.1199951171875,275.30999755859375,257.6530456542969,2201900
2022-10-25,275.489990234375,281.1499938964844,275.489990234375,280.6099853515625,262.6131591796875,1701400
2022-10-26,278.0,283.6300048828125,278.0,279.8699951171875,261.92059326171875,1772500
2022-10-27,281.17999267578125,282.79998779296875,278.45001220703125,278.8399963378906,260.9566650390625,1927800
2022-10-28,279.05999755859375,288.2200012207031,279.05999755859375,287.7799987792969,269.3232727050781,2306300
2022-10-31,283.4800109863281,287.92999267578125,283.2699890136719,283.8999938964844,265.692138671875,2364500
2022-11-01,287.05999755859375,288.19000244140625,280.55999755859375,281.4700012207031,263.4179992675781,1537200
2022-11-02,279.7699890136719,283.2099914550781,272.1000061035156,272.45001220703125,254.9764862060547,1727200
2022-11-03,266.6400146484375,268.4100036621094,256.0199890136719,256.8800048828125,240.40509033203125,3225500
2022-11-04,259.92999267578125,264.1600036621094,256.1300048828125,261.1600036621094,244.41055297851562,2496300
2022-11-07,262.75,269.1099853515625,261.3699951171875,269.07000732421875,251.81329345703125,2170000
2022-11-08,271.0899963378906,274.8999938964844,266.1199951171875,269.0299987792969,251.77578735351562,2444000
2022-11-09,266.32000732421875,269.19000244140625,265.3699951171875,266.44000244140625,249.35189819335938,1831600
2022-11-10,278.17999267578125,287.30999755859375,277.3699951171875,287.0199890136719,268.61199951171875,3121400
2022-11-11,287.2099914550781,291.739990234375,280.6300048828125,290.0899963378906,271.485107421875,2620500
2022-11-14,286.1499938964844,292.8299865722656,284.9800109863281,288.9100036621094,270.380859375,2493000
2022-11-15,293.0,296.45001220703125,290.0299987792969,292.6499938964844,273.8809814453125,1960700
2022-11-16,292.75,293.0799865722656,290.1099853515625,291.510009765625,272.81414794921875,1607900
2022-11-17,285.80999755859375,289.69000244140625,283.3500061035156,287.1400146484375,268.724365234375,1555400
2022-11-18,290.6099853515625,290.8999938964844,283.0400085449219,286.5,268.1253967285156,1322900
2022-11-21,285.5,288.8299865722656,285.0899963378906,287.0199890136719,268.61199951171875,1308100
2022-11-22,288.8500061035156,293.75,287.1600036621094,292.8900146484375,274.1055603027344,1417500
2022-11-23,293.0799865722656,296.3900146484375,292.3999938964844,294.5299987792969,275.640380859375,1229100
2022-11-25,294.29998779296875,297.5199890136719,294.29998779296875,296.3999938964844,277.3904113769531,677900
2022-11-28,293.260009765625,294.9700012207031,289.7799987792969,290.6000061035156,271.9624328613281,1253100
2022-11-29,289.30999755859375,290.6199951171875,286.6199951171875,287.9800109863281,269.510498046875,1055000
2022-11-30,286.6199951171875,300.9700012207031,286.2300109863281,300.92999267578125,281.62994384765625,2767100
2022-12-01,302.45001220703125,305.1300048828125,300.0,302.8299865722656,283.4080505371094,1767200
2022-12-02,299.04998779296875,302.1499938964844,296.4599914550781,300.1300048828125,280.8812561035156,1744500
2022-12-05,295.7699890136719,297.20001220703125,290.5799865722656,292.739990234375,273.96514892578125,1800300
2022-12-06,291.2699890136719,292.4800109863281,282.2699890136719,285.4100036621094,267.10528564453125,1920300
2022-12-07,285.1000061035156,287.05999755859375,282.19000244140625,286.69000244140625,268.3031921386719,1861600
2022-12-08,288.0,294.05999755859375,286.8399963378906,292.1499938964844,273.4129943847656,2046000
2022-12-09,289.3900146484375,291.7699890136719,287.8800048828125,288.4100036621094,269.91290283203125,1827200
2022-12-12,286.1400146484375,292.95001220703125,284.4800109863281,292.3399963378906,273.5908203125,2429900
2022-12-13,302.9599914550781,303.92999267578125,292.92999267578125,295.3500061035156,276.4078063964844,3516800
2022-12-14,294.04998779296875,297.2900085449219,287.8599853515625,291.45001220703125,272.7579345703125,2552200
2022-12-15,287.42999267578125,288.3900146484375,279.2799987792969,281.1199951171875,263.0904235839844,2870000
2022-12-16,274.6700134277344,275.0,263.25,264.4800109863281,247.5176544189453,6532500
2022-12-19,263.1600036621094,264.260009765625,254.16000366210938,255.39999389648438,239.0199432373047,4147500
2022-12-20,253.74000549316406,262.42999267578125,253.5,261.8999938964844,245.10311889648438,3102500
2022-12-21,264.4800109863281,270.7099914550781,264.4100036621094,268.9200134277344,251.67286682128906,3580100
2022-12-22,264.44000244140625,265.92999267578125,260.6400146484375,264.760009765625,247.7797088623047,2276200
2022-12-23,265.7900085449219,266.7099914550781,263.30999755859375,266.0899963378906,249.0244598388672,1213300
2022-12-27,265.9200134277344,267.2200012207031,263.70001220703125,265.30999755859375,248.29440307617188,1009600
2022-12-28,266.1000061035156,269.1400146484375,262.6700134277344,263.1199951171875,246.24488830566406,1387000
2022-12-29,265.5899963378906,270.8699951171875,265.5899963378906,268.3800048828125,251.1675262451172,1516800
2022-12-30,265.5400085449219,266.8900146484375,262.6000061035156,266.8399963378906,249.7262725830078,1339500
2023-01-03,269.20001220703125,273.4200134277344,267.04998779296875,270.260009765625,252.9269256591797,2250100
2023-01-04,273.42999267578125,274.9800109863281,267.010009765625,269.3399963378906,252.0659637451172,2052400
2023-01-05,267.4200134277344,268.1400146484375,261.3999938964844,262.9800109863281,246.1138458251953,2477100
2023-01-06,263.9800109863281,270.489990234375,261.3699951171875,269.2099914550781,251.94427490234375,1587000
2023-01-09,271.9200134277344,278.489990234375,271.510009765625,273.75,256.1931457519531,2181500
2023-01-10,273.3399963378906,276.2900085449219,271.2699890136719,274.92999267578125,257.2974548339844,1853000
2023-01-11,274.92999267578125,281.19000244140625,274.7099914550781,281.0799865722656,264.12896728515625,2382400
2023-01-12,282.739990234375,287.9700012207031,282.3699951171875,283.8399963378906,266.7225341796875,2482500
2023-01-13,280.32000732421875,282.6600036621094,278.9800109863281,282.1400146484375,265.12506103515625,2226800
2023-01-17,283.0400085449219,287.75,282.3399963378906,284.8800048828125,267.6998291015625,2863700
2023-01-18,284.5799865722656,287.2799987792969,276.9800109863281,277.8999938964844,261.1407470703125,2192700
2023-01-19,277.2799987792969,278.95001220703125,272.5899963378906,272.8900146484375,256.43292236328125,2212500
2023-01-20,274.5,281.07000732421875,272.80999755859375,280.4700012207031,263.5558166503906,3306600
2023-01-23,278.55999755859375,282.8699951171875,277.42999267578125,279.3399963378906,262.4938659667969,2593300
2023-01-24,276.7099914550781,278.1199951171875,272.9800109863281,274.8699951171875,258.29345703125,2205300
2023-01-25,270.739990234375,273.75,265.6600036621094,273.1600036621094,256.6866455078125,2576300
2023-01-26,277.1700134277344,277.3299865722656,270.8699951171875,274.260009765625,257.7203369140625,1942600
2023-01-27,273.260009765625,279.4200134277344,272.94000244140625,277.2699890136719,260.5487976074219,2101100
2023-01-30,273.57000732421875,277.45001220703125,273.30999755859375,274.32000732421875,257.7767028808594,1732900
2023-01-31,274.94000244140625,279.04998779296875,273.9100036621094,279.04998779296875,262.221435546875,1841800
2023-02-01,276.6000061035156,285.2699890136719,275.70001220703125,283.6000061035156,266.4970397949219,1797000
2023-02-02,289.4200134277344,295.7900085449219,286.8599853515625,294.1000061035156,276.3638000488281,2715900
2023-02-03,288.2200012207031,289.67999267578125,286.760009765625,289.2200012207031,271.778076171875,2168000
2023-02-06,286.0,287.79998779296875,283.44000244140625,284.4800109863281,267.3239440917969,1262400
2023-02-07,282.70001220703125,288.8500061035156,282.5,287.82000732421875,270.4625549316406,1401100
2023-02-08,285.8800048828125,289.17999267578125,283.9800109863281,284.7099914550781,267.5400695800781,1381800
2023-02-09,287.4200134277344,289.3800048828125,284.4200134277344,285.1600036621094,267.9629211425781,1752000
2023-02-10,281.70001220703125,284.57000732421875,281.0199890136719,283.9599914550781,266.8353271484375,1347600
2023-02-13,284.3699951171875,288.4100036621094,284.3699951171875,288.3500061035156,270.9605712890625,1284500
2023-02-14,285.4700012207031,288.1400146484375,283.3500061035156,284.7699890136719,267.596435546875,1821100
2023-02-15,282.0,287.8299865722656,281.9700012207031,287.6499938964844,270.3027648925781,1890200
2023-02-16,283.0299987792969,285.4599914550781,278.6400146484375,281.2200012207031,264.260498046875,1899200
2023-02-17,278.7799987792969,279.3999938964844,274.9100036621094,277.04998779296875,260.3420715332031,2722400
2023-02-21,272.0,273.1499938964844,268.7799987792969,269.1499938964844,252.91845703125,2446200
2023-02-22,270.6300048828125,272.489990234375,268.1600036621094,269.6300048828125,253.36952209472656,1823800
2023-02-23,270.7699890136719,272.29998779296875,267.80999755859375,271.2300109863281,254.873046875,1885500
2023-02-24,267.3999938964844,267.3999938964844,264.239990234375,266.5299987792969,250.45648193359375,1735000
2023-02-27,268.9100036621094,269.989990234375,265.4700012207031,266.25,250.19337463378906,1512900
2023-02-28,264.69000244140625,268.489990234375,262.75,265.54998779296875,249.5355682373047,2160400
2023-03-01,265.010009765625,265.9700012207031,261.75,263.5899963378906,247.69375610351562,1700500
2023-03-02,263.8800048828125,266.19000244140625,261.6199951171875,265.260009765625,249.26303100585938,2278300
2023-03-03,267.9100036621094,269.7200012207031,265.989990234375,269.20001220703125,252.9654541015625,1596100
2023-03-06,270.20001220703125,272.04998779296875,269.0799865722656,269.6300048828125,253.36952209472656,1649100
2023-03-07,269.2200012207031,270.0400085449219,263.7099914550781,264.20001220703125,248.26702880859375,2219300
2023-03-08,263.42999267578125,265.5899963378906,262.489990234375,263.6600036621094,247.75953674316406,1462700
2023-03-09,265.8299865722656,266.70001220703125,258.7200012207031,259.760009765625,244.09475708007812,1949800
2023-03-10,260.1400146484375,260.3399963378906,251.60000610351562,252.9499969482422,237.69541931152344,2924600
2023-03-13,253.11000061035156,255.25999450683594,249.24000549316406,251.30999755859375,236.15432739257812,3232100
2023-03-14,256.3699951171875,256.7300109863281,249.9600067138672,252.47999572753906,237.25372314453125,2925600
2023-03-15,247.9600067138672,247.97000122070312,242.8000030517578,246.1699981689453,231.3242950439453,4508000
2023-03-16,244.9499969482422,253.8000030517578,243.52999877929688,252.9199981689453,237.667236328125,4119600
2023-03-17,254.3300018310547,255.72999572753906,248.4199981689453,250.0,234.9232940673828,6470800
2023-03-20,250.72000122070312,253.88999938964844,250.00999450683594,252.5500030517578,237.31954956054688,3182100
2023-03-21,254.8800048828125,258.5,253.94000244140625,257.6199951171875,242.0837860107422,2831200
2023-03-22,257.260009765625,261.32000732421875,253.02999877929688,253.27000427246094,237.9961395263672,3059300
2023-03-23,259.45001220703125,274.6099853515625,259.29998779296875,271.6600036621094,255.27706909179688,5166900
2023-03-24,270.45001220703125,272.0799865722656,264.82000732421875,272.0,255.5966033935547,4123600
2023-03-27,270.7300109863281,274.3599853515625,270.6400146484375,273.9599914550781,257.4383850097656,3743800
2023-03-28,273.9200134277344,276.1600036621094,272.6000061035156,275.0,258.4156188964844,2869400
2023-03-29,276.0,280.260009765625,276.0,279.94000244140625,263.0577697753906,2431500
2023-03-30,281.0,283.0400085449219,280.7799987792969,282.6600036621094,265.6137390136719,2293600
2023-03-31,283.1199951171875,285.9599914550781,282.6099853515625,285.80999755859375,268.5737609863281,3009300
2023-04-03,283.3900146484375,286.4599914550781,283.1600036621094,285.8399963378906,268.6019287109375,2417300
2023-04-04,284.44000244140625,287.42999267578125,284.2200012207031,285.8399963378906,268.6019287109375,2331700
2023-04-05,286.239990234375,286.8999938964844,280.9100036621094,281.3299865722656,264.3639221191406,2443200
2023-04-06,280.6600036621094,282.239990234375,278.8599853515625,281.70001220703125,264.7116394042969,2125300
2023-04-10,277.989990234375,281.7300109863281,276.3599853515625,281.67999267578125,264.6927795410156,1575900
2023-04-11,283.010009765625,287.6600036621094,282.54998779296875,286.3299865722656,269.0623474121094,3122500
2023-04-12,288.3900146484375,288.6499938964844,282.94000244140625,283.760009765625,267.69451904296875,2656000
2023-04-13,283.0,285.4200134277344,279.7200012207031,285.2699890136719,269.1190185546875,3164200
2023-04-14,283.2900085449219,284.95001220703125,277.7799987792969,279.25,263.4398193359375,2871700
2023-04-17,278.7799987792969,281.82000732421875,278.7799987792969,279.9800109863281,264.12847900390625,2899000
2023-04-18,281.3599853515625,281.4100036621094,278.4100036621094,279.9599914550781,264.1096496582031,1893800
2023-04-19,278.79998779296875,280.0,277.510009765625,279.8999938964844,264.05303955078125,2204700
2023-04-20,277.2799987792969,277.57000732421875,274.0,275.54998779296875,259.94927978515625,2686100
2023-04-21,275.7300109863281,277.8299865722656,275.3999938964844,276.3299865722656,260.6851501464844,1600700
2023-04-24,275.79998779296875,277.6199951171875,274.8599853515625,277.25,261.5530700683594,1359700
2023-04-25,275.8599853515625,276.7099914550781,270.5899963378906,270.70001220703125,255.37391662597656,1935400
2023-04-26,271.8500061035156,273.57000732421875,270.20001220703125,271.2099914550781,255.8550262451172,2009400
2023-04-27,273.8500061035156,276.489990234375,270.8299865722656,275.45001220703125,259.8549499511719,1983600
2023-04-28,273.7200012207031,280.42999267578125,273.7200012207031,280.2900085449219,264.42095947265625,2084500
2023-05-01,279.0899963378906,279.9100036621094,277.45001220703125,279.4200134277344,263.6002197265625,1165600
2023-05-02,279.8599853515625,280.3800048828125,274.0299987792969,276.739990234375,261.0718994140625,1728300
2023-05-03,278.1199951171875,279.5799865722656,274.82000732421875,275.17999267578125,259.6002197265625,1951200
2023-05-04,273.2799987792969,273.7799987792969,265.67999267578125,266.5,251.41168212890625,2586200
2023-05-05,269.2200012207031,270.3800048828125,264.3900146484375,265.6499938964844,250.6097869873047,2592700
2023-05-08,266.0199890136719,267.0,263.4599914550781,264.82000732421875,249.82681274414062,1843000
2023-05-09,262.95001220703125,264.489990234375,261.67999267578125,263.4800109863281,248.56268310546875,2712000
2023-05-10,265.8500061035156,269.9100036621094,264.4200134277344,268.8900146484375,253.6664276123047,2800200
2023-05-11,270.30999755859375,272.44000244140625,268.17999267578125,272.2699890136719,256.85504150390625,2915700
2023-05-12,273.1300048828125,277.29998779296875,272.5,277.19000244140625,261.4964599609375,2664400
2023-05-15,276.30999755859375,278.5299987792969,274.6199951171875,277.510009765625,261.79833984375,2762700
2023-05-16,277.0899963378906,280.70001220703125,276.3599853515625,279.19000244140625,263.3831787109375,2079000
2023-05-17,281.19000244140625,286.3699951171875,280.2300109863281,284.6300048828125,268.5152282714844,2486600
2023-05-18,284.5400085449219,287.9200134277344,284.260009765625,287.4800109863281,271.2038879394531,1869700
2023-05-19,288.6000061035156,291.3500061035156,287.3500061035156,289.9100036621094,273.4963073730469,2213300
2023-05-22,289.3699951171875,291.7699890136719,288.8699951171875,290.95001220703125,274.4774169921875,2044100
2023-05-23,289.1600036621094,291.0400085449219,287.1199951171875,288.1000061035156,271.78875732421875,2219800
2023-05-24,286.0299987792969,288.2900085449219,284.8999938964844,286.82000732421875,270.5812072753906,2815100
2023-05-25,288.510009765625,293.1499938964844,285.17999267578125,291.760009765625,275.24151611328125,3689600
2023-05-26,294.0,308.6000061035156,293.6400146484375,303.6000061035156,286.4112243652344,4578800
2023-05-30,306.2099914550781,318.9100036621094,305.0,308.42999267578125,290.9677734375,6238600
2023-05-31,304.67999267578125,310.3500061035156,303.0,305.9200134277344,288.599853515625,5270100
2023-06-01,305.7300109863281,306.0899963378906,300.0899963378906,305.20001220703125,287.920654296875,2393700
2023-06-02,307.5,312.20001220703125,306.6199951171875,311.3900146484375,293.76019287109375,2272500
2023-06-05,305.3399963378906,307.3999938964844,301.8900146484375,304.45001220703125,287.21307373046875,3008000
2023-06-06,302.8800048828125,309.30999755859375,301.760009765625,308.0400085449219,290.59979248046875,2419400
2023-06-07,309.4800109863281,312.0,307.1600036621094,311.0299987792969,293.4205627441406,2490000
2023-06-08,310.8699951171875,310.8699951171875,306.7099914550781,307.3299865722656,289.92999267578125,1870300
2023-06-09,309.1300048828125,311.1700134277344,306.6400146484375,308.7200012207031,291.2413330078125,2202600
2023-06-12,307.8299865722656,311.8500061035156,307.5400085449219,311.4800109863281,293.8451232910156,2642300
2023-06-13,315.32000732421875,317.4700012207031,313.3900146484375,315.1600036621094,297.31671142578125,3981900
2023-06-14,316.0199890136719,318.3599853515625,313.29998779296875,315.04998779296875,297.2129211425781,2421100
2023-06-15,319.17999267578125,325.0799865722656,315.3399963378906,323.7699890136719,305.4391784667969,3288900
2023-06-16,325.9200134277344,327.92999267578125,319.0899963378906,319.5400085449219,301.4487609863281,5266300
2023-06-20,317.260009765625,320.6400146484375,315.010009765625,317.3999938964844,299.429931640625,3349400
2023-06-21,316.489990234375,317.6700134277344,313.0899963378906,313.20001220703125,295.46771240234375,3121400
2023-06-22,298.2099914550781,307.57000732421875,296.0,307.25,289.8545837402344,4889000
2023-06-23,300.0199890136719,302.69000244140625,297.70001220703125,298.42999267578125,281.5339050292969,4233800
2023-06-26,296.5899963378906,300.8599853515625,296.510009765625,297.4100036621094,280.5716247558594,2826900
2023-06-27,297.1199951171875,301.0299987792969,296.1099853515625,300.80999755859375,283.7791748046875,2054200
2023-06-28,300.4800109863281,302.1499938964844,297.7799987792969,301.7200012207031,284.6376953125,2061700
2023-06-29,301.3999938964844,310.57000732421875,300.1000061035156,308.3299865722656,290.8734130859375,2739400
2023-06-30,309.489990234375,312.69000244140625,308.3299865722656,308.5799865722656,291.1092529296875,2668500
2023-07-03,308.0,311.2699890136719,307.4100036621094,310.9700012207031,293.3639221191406,1172800
2023-07-05,306.1400146484375,311.9800109863281,305.0299987792969,309.8999938964844,292.3545227050781,1924800
2023-07-06,306.9200134277344,308.45001220703125,304.6499938964844,307.9700012207031,290.5337829589844,1375800
2023-07-07,306.7300109863281,311.260009765625,305.2799987792969,305.760009765625,288.44891357421875,1902800
2023-07-10,305.2099914550781,309.1099853515625,304.1199951171875,308.45001220703125,290.9866027832031,1684500
2023-07-11,308.45001220703125,310.79998779296875,305.8299865722656,309.7200012207031,292.18475341796875,1347800
2023-07-12,312.3399963378906,314.67999267578125,310.75,313.8800048828125,297.183837890625,1788200
2023-07-13,315.0,316.489990234375,314.2799987792969,315.2099914550781,298.44305419921875,1822700
2023-07-14,316.07000732421875,317.8900146484375,315.010009765625,315.7699890136719,298.9732971191406,1295500
2023-07-17,315.67999267578125,320.7300109863281,315.010009765625,319.7799987792969,302.77001953125,2033400
2023-07-18,319.5199890136719,322.739990234375,319.3999938964844,322.42999267578125,305.2790832519531,1574200
2023-07-19,323.0,324.19000244140625,318.70001220703125,318.79998779296875,301.8421325683594,2170900
2023-07-20,316.25,316.25,310.7200012207031,312.4700012207031,295.84881591796875,2097000
2023-07-21,313.19000244140625,316.489990234375,312.54998779296875,314.79998779296875,298.0549011230469,3265700
2023-07-24,314.6099853515625,316.8599853515625,312.67999267578125,313.2900085449219,296.6252746582031,1341500
2023-07-25,313.4700012207031,319.3999938964844,313.0199890136719,317.5899963378906,300.6965026855469,2163900
2023-07-26,316.3900146484375,318.55999755859375,314.3800048828125,316.510009765625,299.6739501953125,1512500
2023-07-27,320.0,323.55999755859375,317.95001220703125,318.82000732421875,301.86102294921875,2981200
2023-07-28,319.7300109863281,322.1499938964844,313.9700012207031,315.54998779296875,298.76495361328125,1920900
2023-07-31,315.0,318.3800048828125,315.0,316.3500061035156,299.5224609375,1351400
2023-08-01,315.44000244140625,321.3800048828125,314.25,320.9700012207031,303.896728515625,1913800
2023-08-02,317.5400085449219,320.9200134277344,316.69000244140625,317.7799987792969,300.8763732910156,1799700
2023-08-03,316.0799865722656,318.3599853515625,314.1499938964844,317.1300048828125,300.2609558105469,1355900
2023-08-04,315.5799865722656,317.8800048828125,311.25,312.0,295.4038391113281,2140600
2023-08-07,314.0899963378906,316.1300048828125,312.04998779296875,315.8699951171875,299.0679931640625,1530600
2023-08-08,312.92999267578125,315.29998779296875,309.6199951171875,315.1499938964844,298.38629150390625,1550300
2023-08-09,314.5799865722656,315.19000244140625,310.2099914550781,311.5299987792969,294.95892333984375,1504500
2023-08-10,311.5,314.82000732421875,308.8699951171875,310.4100036621094,293.8984375,1862400
2023-08-11,307.9700012207031,310.5,306.1300048828125,309.04998779296875,292.6108093261719,1351200
2023-08-14,308.0400085449219,312.4700012207031,307.760009765625,311.7099914550781,295.1292724609375,1334200
2023-08-15,310.8500061035156,311.5,306.5,307.3999938964844,291.0484924316406,1256100
2023-08-16,305.54998779296875,310.3999938964844,305.260009765625,307.6400146484375,291.2757873535156,1212500
2023-08-17,308.3399963378906,309.2099914550781,304.7699890136719,305.6400146484375,289.3822326660156,1653700
2023-08-18,302.8399963378906,304.8399963378906,301.30999755859375,302.94000244140625,286.8257751464844,1997100
2023-08-21,304.2200012207031,307.2900085449219,303.0400085449219,306.510009765625,290.2059020996094,1072400
2023-08-22,309.6000061035156,310.92999267578125,307.8699951171875,308.8999938964844,292.4687194824219,1139700
2023-08-23,310.0,316.69000244140625,309.25,315.3399963378906,298.566162109375,1486100
2023-08-24,316.3999938964844,317.8500061035156,313.6400146484375,314.1400146484375,297.4300842285156,2077500
2023-08-25,316.6700134277344,319.739990234375,314.1600036621094,318.760009765625,301.80426025390625,1451500
2023-08-28,318.760009765625,322.239990234375,318.739990234375,320.9100036621094,303.83990478515625,1236400
2023-08-29,320.3900146484375,324.3699951171875,319.55999755859375,323.45001220703125,306.2447814941406,1525000
2023-08-30,323.80999755859375,323.9200134277344,321.510009765625,323.25,306.055419921875,1470400
2023-08-31,324.8699951171875,326.2300109863281,323.7099914550781,323.7699890136719,306.5477294921875,1986300
2023-09-01,326.04998779296875,328.7200012207031,325.1000061035156,327.739990234375,310.3066101074219,1732700
2023-09-05,327.739990234375,328.8800048828125,324.4800109863281,326.1600036621094,308.8106689453125,1736600
2023-09-06,324.25,327.739990234375,323.7099914550781,326.29998779296875,308.94317626953125,1247900
2023-09-07,323.8999938964844,329.0400085449219,323.2300109863281,328.20001220703125,310.74212646484375,1533000
2023-09-08,329.5299987792969,330.44000244140625,324.5299987792969,325.4700012207031,308.1573486328125,1416800
2023-09-11,327.489990234375,328.2300109863281,324.489990234375,325.8699951171875,308.5361022949219,1551300
2023-09-12,321.45001220703125,322.489990234375,313.1099853515625,314.8900146484375,298.1401672363281,3205000
2023-09-13,314.2300109863281,316.7099914550781,312.9200134277344,313.9100036621094,297.21221923828125,2496200
2023-09-14,315.6300048828125,316.989990234375,313.29998779296875,316.5899963378906,299.74969482421875,1904000
2023-09-15,316.2300109863281,316.69000244140625,311.4599914550781,312.5299987792969,295.9056701660156,3339300
2023-09-18,312.0,316.75,311.0,315.8800048828125,299.0775451660156,1350700
2023-09-19,311.1000061035156,317.7799987792969,311.0,317.3299865722656,300.45025634765625,1898800
2023-09-20,318.75,323.32000732421875,316.45001220703125,316.79998779296875,299.9485168457031,1693100
2023-09-21,314.3299865722656,316.5199890136719,311.6700134277344,312.0,295.4038391113281,1911600
2023-09-22,314.0400085449219,318.6600036621094,312.92999267578125,316.0899963378906,299.2762756347656,1994400
2023-09-25,315.55999755859375,318.67999267578125,314.8800048828125,316.989990234375,300.12841796875,2054600
2023-09-26,312.7200012207031,314.489990234375,308.7300109863281,310.6099853515625,294.0877685546875,2343600
2023-09-27,312.2099914550781,314.9800109863281,310.6499938964844,314.3800048828125,297.6572570800781,2435400
2023-09-28,301.75,306.69000244140625,294.489990234375,300.7699890136719,284.77117919921875,4326800
2023-09-29,304.3500061035156,309.29998779296875,302.8699951171875,307.1099853515625,290.77392578125,3171700
2023-10-02,307.57000732421875,308.4599914550781,305.1099853515625,308.260009765625,291.86279296875,2063300
2023-10-03,307.05999755859375,311.54998779296875,305.54998779296875,306.2300109863281,289.9407958984375,2454800
2023-10-04,310.739990234375,311.0,306.8699951171875,309.3900146484375,292.93267822265625,2153800
2023-10-05,308.80999755859375,310.4100036621094,305.3699951171875,309.6600036621094,293.1883239746094,2095400
2023-10-06,308.2799987792969,315.1099853515625,306.7200012207031,312.19000244140625,295.5837707519531,2441500
2023-10-09,309.82000732421875,313.0899963378906,308.3599853515625,312.010009765625,295.4133605957031,1407600
2023-10-10,313.3599853515625,315.42999267578125,311.55999755859375,312.32000732421875,295.70684814453125,1904600
2023-10-11,312.32000732421875,314.75,309.95001220703125,312.5400085449219,297.1424560546875,1298000
2023-10-12,311.7900085449219,311.7900085449219,304.2099914550781,304.3599853515625,289.36541748046875,2295500
2023-10-13,302.29998779296875,306.0,300.1000061035156,301.8299865722656,286.9600830078125,1672500
2023-10-16,304.0199890136719,307.8299865722656,301.95001220703125,305.3399963378906,290.297119140625,1491600
2023-10-17,302.7799987792969,309.8299865722656,302.4200134277344,308.25,293.0638122558594,1576200
2023-10-18,306.7200012207031,309.3699951171875,303.30999755859375,303.7699890136719,288.8044738769531,1373800
2023-10-19,304.92999267578125,307.0,301.5799865722656,302.94000244140625,288.0154113769531,1384700
2023-10-20,302.3800048828125,302.9200134277344,295.92999267578125,297.0,282.3680725097656,2385700
2023-10-23,295.0,298.489990234375,294.70001220703125,294.94000244140625,280.40948486328125,1314900
2023-10-24,296.2699890136719,298.0,294.04998779296875,296.0899963378906,281.5028076171875,1849200
2023-10-25,293.5299987792969,295.5,291.1199951171875,292.67999267578125,278.2608642578125,2174900
2023-10-26,293.80999755859375,295.8999938964844,290.3699951171875,292.0400085449219,277.6523742675781,2692500
2023-10-27,291.92999267578125,293.0400085449219,288.4599914550781,290.0400085449219,275.75091552734375,1480300
2023-10-30,291.739990234375,293.82000732421875,289.6600036621094,292.70001220703125,278.2798767089844,1843500
2023-10-31,293.0799865722656,297.2799987792969,293.0799865722656,297.0899963378906,282.4535827636719,1953400
2023-11-01,298.1700134277344,302.17999267578125,298.1700134277344,300.6400146484375,285.8287048339844,1973000
2023-11-02,303.6700134277344,308.8800048828125,301.29998779296875,308.1199951171875,292.940185546875,2152800
2023-11-03,309.6400146484375,316.7300109863281,309.010009765625,313.489990234375,298.045654296875,2145600
2023-11-06,312.32000732421875,314.17999267578125,311.0400085449219,313.0899963378906,297.66534423828125,1426200
2023-11-07,313.0,318.3699951171875,312.7099914550781,315.19000244140625,299.661865234375,1860400
2023-11-08,316.8699951171875,319.4599914550781,315.3800048828125,317.82000732421875,302.1623229980469,1815000
2023-11-09,317.2799987792969,317.3900146484375,313.45001220703125,314.2200012207031,298.73968505859375,1574900
2023-11-10,315.5400085449219,320.2699890136719,314.760009765625,319.69000244140625,303.9401550292969,1433500
2023-11-13,316.010009765625,316.9599914550781,314.30999755859375,315.6300048828125,300.0802001953125,1448600
2023-11-14,319.82000732421875,322.19000244140625,318.8299865722656,320.489990234375,304.70074462890625,1823700
2023-11-15,319.6199951171875,325.7200012207031,318.739990234375,325.5,309.4639587402344,2347100
2023-11-16,327.1000061035156,329.6700134277344,326.0799865722656,327.32000732421875,311.1943054199219,2142100
2023-11-17,327.6600036621094,328.92999267578125,326.2200012207031,327.8299865722656,311.6791076660156,1561500
2023-11-20,326.4599914550781,332.04998779296875,326.2200012207031,330.8999938964844,314.597900390625,1413900
2023-11-21,331.29998779296875,332.44000244140625,328.760009765625,330.260009765625,313.989501953125,1602800
2023-11-22,334.239990234375,335.5299987792969,332.80999755859375,333.1300048828125,316.7180480957031,1425700
2023-11-24,333.1499938964844,334.8999938964844,332.0899963378906,334.0400085449219,317.5832214355469,708500
2023-11-27,333.82000732421875,334.42999267578125,332.19000244140625,332.42999267578125,316.05255126953125,1586900
2023-11-28,331.6000061035156,333.19000244140625,329.989990234375,332.55999755859375,316.1761474609375,1377800
2023-11-29,335.0,335.79998779296875,332.7799987792969,333.3399963378906,316.9176940917969,1307300
2023-11-30,334.20001220703125,335.0,332.1600036621094,333.1400146484375,316.7275695800781,4298100
2023-12-01,333.79998779296875,338.5,333.1600036621094,338.05999755859375,321.40521240234375,1688800
2023-12-04,335.19000244140625,338.80999755859375,334.1700134277344,336.42999267578125,319.85546875,2349500
2023-12-05,334.6300048828125,337.3299865722656,333.30999755859375,335.8299865722656,319.2850341796875,1516500
2023-12-06,337.7699890136719,339.4599914550781,334.9800109863281,335.4100036621094,318.8857116699219,1502100
2023-12-07,336.55999755859375,336.55999755859375,334.2200012207031,335.1000061035156,318.5909423828125,1870200
2023-12-08,335.1000061035156,337.7099914550781,334.55999755859375,337.2300109863281,320.6160583496094,1274500
2023-12-11,335.2099914550781,342.3900146484375,335.20001220703125,342.30999755859375,325.4457702636719,1814100
2023-12-12,341.92999267578125,343.25,341.20001220703125,343.2200012207031,326.31097412109375,1935300
2023-12-13,343.3999938964844,345.20001220703125,339.8699951171875,343.6400146484375,326.7102966308594,2461000
2023-12-14,342.739990234375,345.3900146484375,340.739990234375,342.7300109863281,325.8450622558594,2551300
2023-12-15,338.44000244140625,346.9599914550781,336.25,344.1499938964844,327.19512939453125,3880200
2023-12-18,342.6600036621094,343.9800109863281,340.6400146484375,341.8500061035156,325.00848388671875,3208000
2023-12-19,332.7300109863281,344.79998779296875,332.0199890136719,341.510009765625,324.68524169921875,3252800
2023-12-20,345.55999755859375,346.6300048828125,339.2099914550781,339.5,322.77423095703125,3406200
2023-12-21,340.1700134277344,349.5,340.1700134277344,348.75,331.5685119628906,3304200
2023-12-22,350.0,354.82000732421875,347.9100036621094,354.45001220703125,336.9877624511719,2313900
2023-12-26,354.1400146484375,354.92999267578125,351.510009765625,353.42999267578125,336.0179748535156,1535700
2023-12-27,354.5,355.3800048828125,351.6300048828125,353.82000732421875,336.38873291015625,1309700
2023-12-28,354.1400146484375,354.5,351.25,351.5899963378906,334.2686462402344,1300800
2023-12-29,351.7900085449219,352.9100036621094,349.42999267578125,350.9100036621094,333.62213134765625,1233500
2024-01-02,348.19000244140625,350.29998779296875,345.2900085449219,346.9200134277344,329.8286437988281,2319500
2024-01-03,342.5299987792969,343.7699890136719,337.5299987792969,337.9200134277344,321.2721252441406,3060900
2024-01-04,337.9200134277344,339.79998779296875,336.5299987792969,337.0899963378906,320.4829406738281,2750600
2024-01-05,338.0,339.75,335.5400085449219,336.6199951171875,320.0361022949219,1510800
2024-01-08,335.0,340.4700012207031,335.0,340.3500061035156,323.58233642578125,1909500
2024-01-09,339.2699890136719,342.760009765625,338.0299987792969,342.75,325.86407470703125,1625900
2024-01-10,344.5799865722656,345.6300048828125,342.7799987792969,345.3299865722656,328.3170166015625,1569100
2024-01-11,343.5,348.42999267578125,343.04998779296875,347.9700012207031,330.8269348144531,1785800
2024-01-12,350.0,357.6600036621094,348.7099914550781,356.3299865722656,338.7750549316406,2405900
2024-01-16,352.3699951171875,356.4800109863281,351.1099853515625,354.55999755859375,337.09228515625,2097500
2024-01-17,351.80999755859375,357.3299865722656,351.80999755859375,353.6499938964844,337.4549255371094,1917100
2024-01-18,356.0199890136719,359.7799987792969,355.1700134277344,359.54998779296875,343.084716796875,2064100
2024-01-19,361.5299987792969,364.82000732421875,360.1199951171875,363.8999938964844,347.2354736328125,2506500
2024-01-22,364.0,368.6499938964844,363.5,367.2099914550781,350.3939514160156,2302500
2024-01-23,367.3599853515625,370.0,365.6400146484375,369.8599853515625,352.92254638671875,1693100
2024-01-24,371.0,372.239990234375,367.8299865722656,368.8999938964844,352.0065002441406,2250100
2024-01-25,372.3800048828125,375.7300109863281,370.1199951171875,371.94000244140625,354.9073181152344,2227400
2024-01-26,371.9200134277344,374.1400146484375,369.80999755859375,371.07000732421875,354.0771789550781,1404800
2024-01-29,370.5199890136719,375.42999267578125,370.0799865722656,373.3500061035156,356.25274658203125,1683100
2024-01-30,374.0,375.25,370.9800109863281,371.29998779296875,354.296630859375,1849500
2024-01-31,371.0,372.7200012207031,363.44000244140625,363.8800048828125,347.2164001464844,2320100
2024-02-01,364.0,371.2099914550781,363.45001220703125,370.9100036621094,353.9244689941406,1500000
2024-02-02,372.19000244140625,374.80999755859375,369.4800109863281,372.95001220703125,355.8710632324219,1590500
2024-02-05,372.5,374.0,369.07000732421875,370.3399963378906,353.3805847167969,1787300
2024-02-06,370.5199890136719,371.7099914550781,362.3999938964844,364.70001220703125,347.9988708496094,4012000
2024-02-07,365.0,369.9200134277344,364.1199951171875,366.6499938964844,349.85955810546875,2531800
2024-02-08,367.67999267578125,369.4700012207031,366.9200134277344,368.4800109863281,351.6058044433594,1679800
2024-02-09,369.25,372.4800109863281,367.95001220703125,371.6700134277344,354.6496887207031,1482600
2024-02-12,369.489990234375,370.3999938964844,366.17999267578125,367.42999267578125,350.60382080078125,1325000
2024-02-13,361.4100036621094,365.760009765625,360.0,362.80999755859375,346.19537353515625,1696900
2024-02-14,366.239990234375,371.19000244140625,366.239990234375,370.9800109863281,353.99127197265625,2114600
2024-02-15,372.5899963378906,374.55999755859375,370.1400146484375,371.510009765625,354.49700927734375,2358800
2024-02-16,372.29998779296875,373.42999267578125,368.3500061035156,369.4800109863281,352.5599365234375,2410200
2024-02-20,369.8800048828125,370.0,361.44000244140625,362.95001220703125,346.3289794921875,1631000
2024-02-21,360.3399963378906,362.3800048828125,358.9700012207031,360.9100036621094,344.38238525390625,1757700
2024-02-22,369.7200012207031,372.19000244140625,368.3999938964844,371.30999755859375,354.3061218261719,1614600
2024-02-23,373.989990234375,377.9700012207031,372.8299865722656,377.32000732421875,360.04095458984375,1614500
2024-02-26,376.8599853515625,380.29998779296875,376.8599853515625,377.4800109863281,360.1936340332031,1455000
2024-02-27,377.0,379.75,374.8999938964844,377.9100036621094,360.60394287109375,1083200
2024-02-28,378.239990234375,379.489990234375,375.2099914550781,378.0299987792969,360.7184143066406,1264200
2024-02-29,380.3999938964844,380.3999938964844,374.1499938964844,374.7799987792969,357.6172180175781,3329500
2024-03-01,375.79998779296875,382.0,375.79998779296875,380.989990234375,363.5428161621094,2110500
2024-03-04,382.30999755859375,386.9800109863281,381.6099853515625,383.7099914550781,366.1383361816406,1642900
2024-03-05,381.5400085449219,384.1600036621094,373.9599914550781,376.8800048828125,359.6211242675781,1539400
2024-03-06,380.0,383.05999755859375,377.79998779296875,380.8299865722656,363.39019775390625,1451200
2024-03-07,384.6499938964844,387.510009765625,383.70001220703125,386.9100036621094,369.1918029785156,1564300
2024-03-08,386.69000244140625,387.510009765625,377.7300109863281,378.1700134277344,360.85205078125,1641100
2024-03-11,374.3800048828125,375.55999755859375,367.07000732421875,373.2200012207031,356.128662109375,2220000
2024-03-12,375.0,382.4200134277344,374.8500061035156,380.4800109863281,363.05621337890625,1793700
2024-03-13,379.5,381.17999267578125,377.7099914550781,378.7200012207031,361.3768310546875,1635800
2024-03-14,380.9800109863281,381.489990234375,376.55999755859375,378.2099914550781,360.89013671875,1706700
2024-03-15,368.7900085449219,375.1400146484375,366.8699951171875,374.6000061035156,357.4455261230469,3865400
2024-03-18,378.760009765625,378.94000244140625,372.17999267578125,372.6700134277344,355.6039123535156,2164400
2024-03-19,373.489990234375,378.3299865722656,371.0299987792969,378.0799865722656,360.7661437988281,2062800
2024-03-20,378.0299987792969,381.2699890136719,375.20001220703125,380.44000244140625,363.0180969238281,2877600
2024-03-21,363.989990234375,369.0299987792969,342.2799987792969,345.0299987792969,329.2296142578125,9574800
2024-03-22,350.3299865722656,350.4700012207031,335.7900085449219,337.5,322.0444641113281,5899600
2024-03-25,336.010009765625,336.010009765625,329.69000244140625,333.82000732421875,318.5329895019531,5320000
2024-03-26,335.1400146484375,337.8399963378906,334.3399963378906,336.3900146484375,320.98529052734375,3006500
2024-03-27,337.8800048828125,342.3599853515625,337.8800048828125,340.94000244140625,325.32696533203125,3295200
2024-03-28,341.4200134277344,346.9800109863281,340.8399963378906,346.6099853515625,330.7373046875,3614900
2024-04-01,344.8599853515625,345.0,338.07000732421875,339.1700134277344,323.63800048828125,2320200
2024-04-02,336.6700134277344,338.8800048828125,333.0,336.4599914550781,321.0520935058594,2453300
2024-04-03,336.239990234375,337.19000244140625,331.8900146484375,332.2799987792969,317.0634765625,1975700
2024-04-04,334.1199951171875,337.989990234375,330.1700134277344,330.4700012207031,315.3363952636719,2273000
2024-04-05,331.5299987792969,333.82000732421875,330.3299865722656,333.0,317.75054931640625,3694700
2024-04-08,334.0299987792969,335.0,331.67999267578125,331.79998779296875,316.60552978515625,2431900
2024-04-09,333.6499938964844,334.8699951171875,329.82000732421875,334.45001220703125,319.1341247558594,2416600
2024-04-10,328.3500061035156,329.5199890136719,323.6400146484375,324.3999938964844,310.742919921875,2156700
2024-04-11,326.04998779296875,327.0,323.260009765625,325.19000244140625,311.4996337890625,2204200
2024-04-12,320.9700012207031,322.5,313.19000244140625,315.3999938964844,302.12176513671875,4207900
2024-04-15,316.04998779296875,321.6000061035156,312.17999267578125,313.2699890136719,300.0814514160156,2997900
2024-04-16,315.1400146484375,315.6400146484375,311.8399963378906,313.94000244140625,300.7232971191406,2900300
2024-04-17,316.8699951171875,317.0199890136719,312.6099853515625,314.5400085449219,301.29803466796875,2760000
2024-04-18,312.6300048828125,317.7699890136719,312.010009765625,316.0,302.6965637207031,3025100
2024-04-19,317.8599853515625,318.54998779296875,314.6000061035156,316.8800048828125,303.53948974609375,3381500
2024-04-22,318.5400085449219,319.05999755859375,315.5,317.4200134277344,304.0567932128906,2433300
2024-04-23,318.4800109863281,319.80999755859375,316.489990234375,316.8299865722656,303.4916076660156,2000300
2024-04-24,315.8399963378906,315.8399963378906,310.69000244140625,313.5400085449219,300.3401184082031,4133800
2024-04-25,309.19000244140625,310.239990234375,305.3500061035156,309.0,295.9912414550781,3639000
2024-04-26,309.4100036621094,309.489990234375,307.2699890136719,308.010009765625,295.0429382324219,3371800
2024-04-29,307.05999755859375,308.6199951171875,302.5,303.1600036621094,290.3970642089844,4719100
2024-04-30,302.0,303.010009765625,299.67999267578125,300.9100036621094,288.2418518066406,5225000
2024-05-01,300.1300048828125,303.489990234375,298.1000061035156,298.6600036621094,286.0865478515625,2617200
2024-05-02,300.760009765625,303.3299865722656,298.2699890136719,300.3399963378906,287.6958312988281,2684200
2024-05-03,302.5199890136719,304.9599914550781,301.6700134277344,303.7099914550781,290.9239807128906,2767100
2024-05-06,305.1700134277344,306.7900085449219,303.2699890136719,306.05999755859375,293.17498779296875,2361300
2024-05-07,307.8999938964844,312.1499938964844,307.6000061035156,310.6600036621094,297.58135986328125,2483600
2024-05-08,310.1199951171875,313.3999938964844,310.1199951171875,311.989990234375,298.8553771972656,2296400
2024-05-09,307.0,308.2099914550781,302.9200134277344,306.6099853515625,293.7018737792969,3238100
2024-05-10,308.0,309.260009765625,306.05999755859375,306.3299865722656,293.43365478515625,1786900
2024-05-13,308.1499938964844,308.79998779296875,306.8800048828125,307.4100036621094,294.46820068359375,1695000
2024-05-14,308.8999938964844,312.2900085449219,306.2200012207031,306.95001220703125,294.027587890625,1813600
2024-05-15,305.0,308.5199890136719,301.44000244140625,308.5199890136719,295.53143310546875,4230800
2024-05-16,309.6600036621094,310.5899963378906,306.75,308.0,295.0333557128906,2583100
2024-05-17,309.739990234375,310.0,300.010009765625,303.5899963378906,290.8090515136719,4232000
2024-05-20,303.510009765625,307.07000732421875,301.6099853515625,305.70001220703125,292.8302001953125,2418000
2024-05-21,306.7900085449219,307.1499938964844,302.9599914550781,303.6400146484375,290.8569641113281,1866500
2024-05-22,303.9599914550781,308.19000244140625,303.69000244140625,307.1099853515625,294.1808166503906,2432400
2024-05-23,310.1400146484375,310.989990234375,304.55999755859375,305.92999267578125,293.05047607421875,2526100
2024-05-24,306.8900146484375,307.4599914550781,300.3299865722656,300.989990234375,288.3184509277344,2048700
2024-05-28,299.3699951171875,300.32000732421875,295.82000732421875,297.7300109863281,285.19573974609375,3530200
2024-05-29,294.1499938964844,296.1000061035156,291.010009765625,293.7699890136719,281.4024353027344,4480000
2024-05-30,289.9700012207031,290.5,284.2900085449219,284.79998779296875,272.8100891113281,5007800
2024-05-31,284.79998779296875,285.3900146484375,278.69000244140625,282.2900085449219,270.4057312011719,6882000
2024-06-03,286.3500061035156,287.5199890136719,280.7099914550781,281.760009765625,269.8980712890625,3596600
2024-06-04,281.760009765625,288.8800048828125,280.3399963378906,288.05999755859375,275.9328308105469,3498600
2024-06-05,288.260009765625,292.30999755859375,288.05999755859375,291.0199890136719,278.7682189941406,3002200
2024-06-06,291.20001220703125,293.8699951171875,290.6000061035156,291.739990234375,279.4578857421875,2363200
2024-06-07,291.44000244140625,291.80999755859375,288.1499938964844,288.3999938964844,276.25848388671875,2626900
2024-06-10,287.3800048828125,290.5199890136719,287.0,290.42999267578125,278.20306396484375,2509900
2024-06-11,290.1199951171875,294.30999755859375,288.7900085449219,294.2200012207031,281.83349609375,2457600
2024-06-12,291.6300048828125,294.1499938964844,285.44000244140625,285.7300109863281,273.7008972167969,3749600
2024-06-13,287.6700134277344,289.54998779296875,282.0899963378906,282.32000732421875,270.4344482421875,3119200
2024-06-14,281.4100036621094,286.95001220703125,280.7099914550781,286.7099914550781,274.6396789550781,2966200
2024-06-17,286.2300109863281,288.6000061035156,283.95001220703125,285.5299987792969,273.5093078613281,3559600
2024-06-18,285.30999755859375,289.9100036621094,284.3900146484375,285.3500061035156,273.3369140625,5314900
2024-06-20,314.6300048828125,317.7300109863281,298.0,306.1600036621094,293.27081298828125,11374600
2024-06-21,307.0299987792969,310.3500061035156,302.5799865722656,308.9800109863281,295.97210693359375,8473700
2024-06-24,305.3599853515625,312.3699951171875,304.67999267578125,307.2099914550781,294.276611328125,4399600
2024-06-25,307.9800109863281,310.0,305.42999267578125,307.1700134277344,294.23828125,4481400
2024-06-26,299.9200134277344,305.739990234375,299.42999267578125,304.6199951171875,291.795654296875,3162100
2024-06-27,305.0,305.4599914550781,301.4599914550781,303.19000244140625,290.42584228515625,3162000
2024-06-28,303.5400085449219,305.54998779296875,301.6499938964844,303.4100036621094,290.6365661621094,14905500
2024-07-01,303.7300109863281,304.3599853515625,299.6000061035156,302.54998779296875,289.8128356933594,2411100
2024-07-02,300.92999267578125,304.0,300.92999267578125,303.8299865722656,291.0389099121094,2177200
2024-07-03,304.75,306.8900146484375,303.9800109863281,305.75,292.8780822753906,1751200
2024-07-05,304.9100036621094,305.70001220703125,297.67999267578125,299.1400146484375,286.5463562011719,3158900
2024-07-08,300.4599914550781,301.95001220703125,295.6000061035156,299.4700012207031,286.8624572753906,2557700
2024-07-09,299.0899963378906,299.1499938964844,294.4800109863281,298.05999755859375,285.5118408203125,2479200
2024-07-10,296.8999938964844,298.0,290.5299987792969,295.44000244140625,283.0021057128906,2283500
2024-07-11,295.44000244140625,302.17999267578125,293.9800109863281,297.989990234375,286.69659423828125,2988000
2024-07-12,299.5899963378906,312.0199890136719,299.0299987792969,310.6300048828125,298.8575744628906,3951600
2024-07-15,312.6700134277344,319.3699951171875,312.6700134277344,317.8699951171875,305.82318115234375,3866200
2024-07-16,318.3800048828125,325.1499938964844,318.0299987792969,325.0,312.6829833984375,3640500
2024-07-17,325.95001220703125,328.57000732421875,323.6199951171875,325.6000061035156,313.2602233886719,4383900
2024-07-18,329.4100036621094,336.25,327.8399963378906,328.1000061035156,315.6654968261719,4563600
2024-07-19,331.0899963378906,335.7900085449219,327.7099914550781,329.19000244140625,316.7141418457031,5376200
2024-07-22,330.7200012207031,332.82000732421875,329.7200012207031,331.510009765625,318.9462585449219,3419300
2024-07-23,331.42999267578125,332.20001220703125,327.9700012207031,330.3299865722656,317.8109436035156,1994000
2024-07-24,329.3800048828125,332.5400085449219,328.1400146484375,328.67999267578125,316.2235412597656,3286500
2024-07-25,325.5899963378906,335.69000244140625,323.3399963378906,330.1199951171875,317.60894775390625,2764500
2024-07-26,325.9200134277344,329.80999755859375,325.2099914550781,328.4599914550781,316.0118103027344,2438200
2024-07-29,328.6600036621094,328.9800109863281,323.8699951171875,326.20001220703125,313.8375549316406,1629200
2024-07-30,327.489990234375,330.45001220703125,326.95001220703125,329.20001220703125,316.7238464355469,1985400
2024-07-31,331.6400146484375,333.92999267578125,329.0400085449219,330.6199951171875,318.0899963378906,2606300
2024-08-01,333.8800048828125,338.9200134277344,326.4200134277344,328.0799865722656,315.6462097167969,2538100
2024-08-02,324.989990234375,326.67999267578125,320.3500061035156,323.1499938964844,310.903076171875,2682700
2024-08-05,311.6099853515625,317.8699951171875,310.2300109863281,313.739990234375,301.8497009277344,3186500
2024-08-06,317.0,322.6600036621094,315.7200012207031,318.67999267578125,306.6024475097656,2284200
2024-08-07,319.95001220703125,325.739990234375,317.92999267578125,318.0199890136719,305.967529296875,2327700
2024-08-08,315.29998779296875,319.510009765625,314.4700012207031,315.8800048828125,303.90863037109375,2213700
2024-08-09,316.20001220703125,317.32000732421875,313.2200012207031,315.8299865722656,303.8604431152344,1851300
2024-08-12,315.4700012207031,317.4700012207031,312.739990234375,313.9599914550781,302.06134033203125,2276500
2024-08-13,316.1099853515625,320.17999267578125,315.1300048828125,319.3299865722656,307.227783203125,2269600
2024-08-14,320.0,322.07000732421875,318.0199890136719,319.8299865722656,307.7088928222656,1404600
2024-08-15,322.2799987792969,325.2099914550781,321.94000244140625,325.1300048828125,312.80804443359375,2271600
2024-08-16,324.9100036621094,327.7099914550781,323.2699890136719,326.9200134277344,314.5301818847656,2292800
2024-08-19,327.55999755859375,330.42999267578125,327.0,329.44000244140625,316.9546813964844,1678200
2024-08-20,329.92999267578125,330.57000732421875,328.04998779296875,330.3699951171875,317.8494567871094,1790100
2024-08-21,330.8399963378906,333.6600036621094,330.5400085449219,333.6000061035156,320.95703125,1233900
2024-08-22,333.8900146484375,334.07000732421875,329.6499938964844,330.57000732421875,318.0419006347656,1679200
2024-08-23,331.6600036621094,333.760009765625,329.6700134277344,333.2699890136719,320.6395263671875,1518700
2024-08-26,333.0799865722656,337.2099914550781,331.7699890136719,336.7799987792969,324.0165100097656,1692200
2024-08-27,335.17999267578125,340.989990234375,335.0,340.3800048828125,327.4801025390625,2154100
2024-08-28,340.55999755859375,343.6000061035156,335.1099853515625,337.3900146484375,324.6033935546875,1528000
2024-08-29,340.25,343.8699951171875,338.9700012207031,340.2099914550781,327.3164978027344,1612600
2024-08-30,341.0,343.45001220703125,338.6400146484375,341.95001220703125,328.9906005859375,2004000
2024-09-03,341.3599853515625,345.5400085449219,339.6700134277344,341.8800048828125,328.9232482910156,2049300
2024-09-04,340.0,344.9100036621094,338.9800109863281,343.989990234375,330.9532775878906,1478300
2024-09-05,344.2200012207031,344.45001220703125,339.5,340.92999267578125,328.0092468261719,1195100
2024-09-06,340.70001220703125,342.44000244140625,336.760009765625,339.8399963378906,326.96051025390625,1613400
2024-09-09,340.6300048828125,342.25,339.0899963378906,341.80999755859375,328.85589599609375,1569400
2024-09-10,343.80999755859375,348.0,342.2200012207031,347.70001220703125,334.5226745605469,1655700
2024-09-11,346.3599853515625,350.7200012207031,342.239990234375,350.30999755859375,337.03375244140625,2121700
2024-09-12,350.4800109863281,352.4200134277344,345.20001220703125,349.8900146484375,336.6296691894531,2182100
2024-09-13,351.1000061035156,351.42999267578125,348.7900085449219,349.5799865722656,336.3313903808594,1812000
2024-09-16,350.8399963378906,354.9800109863281,349.6300048828125,354.1199951171875,340.6993713378906,2536400
2024-09-17,355.1000061035156,355.2799987792969,336.30999755859375,337.0400085449219,324.26666259765625,4528800
2024-09-18,335.0,339.0,332.9599914550781,336.17999267578125,323.43927001953125,2150800
2024-09-19,340.0,340.3800048828125,332.2300109863281,335.239990234375,322.5348815917969,2645700
2024-09-20,332.32000732421875,336.3500061035156,331.8699951171875,336.2200012207031,323.4777526855469,5231000
2024-09-23,337.3800048828125,339.44000244140625,334.04998779296875,339.2099914550781,326.3543701171875,1998500
2024-09-24,337.94000244140625,340.6199951171875,335.2799987792969,339.6199951171875,326.7489318847656,2842900
2024-09-25,335.1400146484375,339.75,334.1600036621094,337.04998779296875,324.2762756347656,3552700
2024-09-26,355.010009765625,363.989990234375,349.70001220703125,355.80999755859375,342.3253173828125,4454800
2024-09-27,356.3299865722656,358.3399963378906,349.29998779296875,349.70001220703125,336.4468688964844,2575200
2024-09-30,348.5,354.05999755859375,347.7200012207031,353.4800109863281,340.0836181640625,2424900
2024-10-01,354.989990234375,354.989990234375,349.8999938964844,351.9800109863281,338.6405029296875,1827300
2024-10-02,352.7099914550781,357.19000244140625,351.3399963378906,356.2900085449219,342.787109375,2421300
2024-10-03,359.54998779296875,364.45001220703125,359.3299865722656,361.239990234375,347.5495300292969,3646300
2024-10-04,364.20001220703125,367.7900085449219,359.82000732421875,362.239990234375,348.5115966796875,2131400
2024-10-07,360.0,362.0,355.8500061035156,356.79998779296875,343.27777099609375,1536800
2024-10-08,359.5299987792969,360.6499938964844,357.5199890136719,360.3800048828125,346.7221374511719,2348300
2024-10-09,360.9800109863281,366.4599914550781,360.7699890136719,365.0799865722656,351.2439880371094,2046400
2024-10-10,363.55999755859375,364.4700012207031,358.9100036621094,361.07000732421875,348.79998779296875,2088000
2024-10-11,362.5199890136719,363.3999938964844,360.05999755859375,360.739990234375,348.4811706542969,1436500
2024-10-14,361.5799865722656,365.6199951171875,361.1600036621094,364.6000061035156,352.21002197265625,2256500
2024-10-15,365.42999267578125,371.0,365.42999267578125,368.6600036621094,356.132080078125,2955900
2024-10-16,365.69000244140625,372.8699951171875,364.8800048828125,372.260009765625,359.60968017578125,2110700
2024-10-17,373.0,375.510009765625,371.7799987792969,375.1499938964844,362.4015197753906,1906900
2024-10-18,375.510009765625,377.3299865722656,373.6499938964844,376.8599853515625,364.05340576171875,1893300
2024-10-21,375.0,377.3399963378906,374.2099914550781,376.0299987792969,363.2515869140625,1785100
2024-10-22,374.6199951171875,374.8599853515625,371.1300048828125,371.7900085449219,359.15570068359375,1740200
2024-10-23,370.8399963378906,372.4800109863281,368.2300109863281,370.6300048828125,358.0350646972656,2211800
2024-10-24,367.5,373.44000244140625,363.75,364.2300109863281,351.85260009765625,2311800
2024-10-25,364.0,365.45001220703125,359.5899963378906,360.79998779296875,348.5391540527344,2129300
2024-10-28,364.0,366.989990234375,360.3900146484375,361.32000732421875,349.04144287109375,2717700
2024-10-29,360.9100036621094,365.0799865722656,359.04998779296875,363.0400085449219,350.7030029296875,2642900
2024-10-30,358.0,358.8299865722656,345.3399963378906,346.57000732421875,334.7927551269531,3916800
2024-10-31,344.6300048828125,347.8599853515625,342.6199951171875,344.82000732421875,333.1022033691406,3078200
2024-11-01,346.94000244140625,347.95001220703125,344.8299865722656,345.6700134277344,333.9233093261719,2579800
2024-11-04,345.260009765625,346.67999267578125,341.5799865722656,343.8999938964844,332.21343994140625,1931300
2024-11-05,342.7900085449219,347.4200134277344,342.2099914550781,345.489990234375,333.7494201660156,1553900
2024-11-06,355.8999938964844,357.2300109863281,353.0,356.1300048828125,344.02783203125,3009700
2024-11-07,358.0,362.0,356.2900085449219,360.7099914550781,348.45220947265625,2250500
2024-11-08,360.7699890136719,362.760009765625,355.1199951171875,355.5299987792969,343.4482116699219,2289500
2024-11-11,355.0,360.6400146484375,354.1000061035156,357.29998779296875,345.1580505371094,2985200
2024-11-12,357.6400146484375,362.1300048828125,356.95001220703125,360.6099853515625,348.3555908203125,3233600
2024-11-13,359.5400085449219,370.6400146484375,359.0400085449219,370.2200012207031,357.6390075683594,3353900
2024-11-14,371.3800048828125,372.0,361.0299987792969,362.07000732421875,349.7659912109375,3503000
2024-11-15,360.2799987792969,360.30999755859375,348.8500061035156,353.57000732421875,341.5548400878906,3614700
2024-11-18,353.57000732421875,355.5,351.82000732421875,352.7900085449219,340.80133056640625,1759900
2024-11-19,351.25,353.9700012207031,349.989990234375,353.95001220703125,341.92193603515625,2447000
2024-11-20,353.7099914550781,357.3299865722656,351.6499938964844,357.07000732421875,344.9359130859375,1792700
2024-11-21,359.5199890136719,363.5,358.30999755859375,361.04998779296875,348.7806701660156,2240100
2024-11-22,358.239990234375,364.6400146484375,357.2799987792969,358.6600036621094,346.47186279296875,2211100
2024-11-25,360.0,364.1499938964844,358.5,361.2900085449219,349.0124816894531,3054800
2024-11-26,361.989990234375,364.5299987792969,360.6199951171875,363.17999267578125,350.8382873535156,2106100
2024-11-27,364.0799865722656,365.6700134277344,360.8800048828125,362.1600036621094,349.8529357910156,1657000
2024-11-29,360.1499938964844,365.0,360.0,362.3699951171875,350.0557556152344,1311300
2024-12-02,362.7699890136719,363.3599853515625,356.9599914550781,361.3800048828125,349.09942626953125,2445500
2024-12-03,348.79998779296875,354.3399963378906,346.6199951171875,352.5400085449219,340.559814453125,3044700
2024-12-04,353.6700134277344,362.1099853515625,353.1099853515625,360.0299987792969,347.7952880859375,2074000
2024-12-05,356.07000732421875,358.8999938964844,354.8900146484375,358.1300048828125,345.9598693847656,1821300
2024-12-06,365.29998779296875,371.8800048828125,361.54998779296875,362.70001220703125,350.37457275390625,2332100
2024-12-09,360.45001220703125,366.0,358.1000061035156,359.5,347.2833251953125,2185000
2024-12-10,358.5199890136719,366.3500061035156,357.0899963378906,362.8999938964844,350.5677490234375,2157800
2024-12-11,363.8500061035156,366.5899963378906,363.42999267578125,363.8399963378906,351.475830078125,1541300
2024-12-12,361.30999755859375,362.0,355.3999938964844,360.17999267578125,347.9402160644531,1834200
2024-12-13,359.5799865722656,360.760009765625,356.25,358.67999267578125,346.4911804199219,1808700
2024-12-16,359.54998779296875,361.0199890136719,356.45001220703125,357.05999755859375,344.9262390136719,2306300
2024-12-17,357.3599853515625,358.4800109863281,353.0199890136719,357.29998779296875,345.1580505371094,2479100
2024-12-18,357.29998779296875,359.3999938964844,347.1199951171875,347.6099853515625,335.79736328125,3232900
2024-12-19,365.0,376.9100036621094,363.19000244140625,372.1600036621094,359.5130920410156,6075500
2024-12-20,370.70001220703125,372.07000732421875,362.0,366.3699951171875,353.9197998046875,7013100
2024-12-23,360.5799865722656,362.9599914550781,355.7300109863281,358.7699890136719,346.578125,3549300
2024-12-24,359.95001220703125,361.95001220703125,358.5400085449219,361.6300048828125,349.3409423828125,1075400
2024-12-26,360.3500061035156,361.95001220703125,359.07000732421875,360.42999267578125,348.1817321777344,910500
2024-12-27,358.7799987792969,360.42999267578125,354.0,356.17999267578125,344.07611083984375,1195700
2024-12-30,352.6099853515625,354.6300048828125,349.2300109863281,352.489990234375,340.5115051269531,1490100
2024-12-31,354.9800109863281,355.0799865722656,350.42999267578125,351.7900085449219,339.8353271484375,1748600
2025-01-02,353.1000061035156,354.80999755859375,346.1099853515625,348.82000732421875,336.9662780761719,2253600
2025-01-03,350.0,354.82000732421875,349.0899963378906,353.8500061035156,341.8252868652344,2029700
2025-01-06,352.80999755859375,354.489990234375,349.6499938964844,351.3299865722656,339.3909606933594,2356300
2025-01-07,355.3500061035156,363.2200012207031,353.80999755859375,356.3900146484375,344.2790222167969,4663100
2025-01-08,361.0,363.6000061035156,355.3500061035156,357.7300109863281,345.5734558105469,2216900
2025-01-10,355.0299987792969,358.0,348.739990234375,349.7900085449219,337.90325927734375,2830000
2025-01-13,345.1300048828125,350.9100036621094,344.3699951171875,349.1400146484375,337.2753601074219,2711200
2025-01-14,351.2099914550781,352.5199890136719,345.6300048828125,348.989990234375,337.13043212890625,1825400
2025-01-15,352.3500061035156,355.20001220703125,349.05999755859375,349.7300109863281,337.8453063964844,2624000
2025-01-16,349.1099853515625,353.25,347.0,350.55999755859375,340.0863342285156,2025800
2025-01-17,354.9200134277344,357.0,351.9100036621094,352.5899963378906,342.0556335449219,4064800
2025-01-21,349.25,356.8599853515625,348.0,356.4200134277344,345.7712097167969,3098600
2025-01-22,358.239990234375,360.1700134277344,354.8399963378906,359.1099853515625,348.3808288574219,3155800
2025-01-23,358.0899963378906,363.32000732421875,357.6499938964844,363.260009765625,352.4068603515625,2111100
2025-01-24,362.1400146484375,364.0,360.1499938964844,362.4100036621094,351.582275390625,1827800
2025-01-27,359.32000732421875,373.8500061035156,358.92999267578125,373.1499938964844,362.0013732910156,3855600
2025-01-28,372.0,382.0199890136719,370.75,378.3900146484375,367.0848388671875,4052700
2025-01-29,379.8699951171875,381.8999938964844,373.17999267578125,374.4200134277344,363.2334289550781,2345600
2025-01-30,378.0,385.9100036621094,376.7200012207031,380.75,369.3742980957031,2218600
2025-01-31,380.75,387.0,379.6400146484375,384.95001220703125,373.4488525390625,3104400
2025-02-03,381.1400146484375,386.6600036621094,378.5400085449219,385.2099914550781,373.7010498046875,2792900
2025-02-04,381.510009765625,392.45001220703125,380.54998779296875,391.6199951171875,379.9195556640625,3166600
2025-02-05,390.82000732421875,398.3500061035156,390.4200134277344,398.25,386.3514404296875,3463400
2025-02-06,395.20001220703125,397.8800048828125,385.9200134277344,387.3399963378906,375.7674255371094,2828000
2025-02-07,389.0,390.5299987792969,385.3599853515625,385.9800109863281,374.4480895996094,2437400
2025-02-10,388.239990234375,390.0,385.19000244140625,386.8900146484375,375.3309020996094,1771300
2025-02-11,385.0,390.3500061035156,383.8900146484375,390.010009765625,378.3576354980469,2121000
2025-02-12,386.04998779296875,391.510009765625,386.0,388.8299865722656,377.2129211425781,2251000
2025-02-13,388.6099853515625,390.9100036621094,384.7300109863281,389.5299987792969,377.8919677734375,3387300
2025-02-14,390.0,391.0,387.42999267578125,388.0,376.4076843261719,2024700
2025-02-18,384.6300048828125,390.489990234375,381.489990234375,387.55999755859375,375.9808349609375,3701100
2025-02-19,385.989990234375,392.0199890136719,384.44000244140625,390.2200012207031,378.5613708496094,1438000
2025-02-20,387.8699951171875,390.0,384.25,384.8399963378906,373.3420715332031,2252400
2025-02-21,380.0,382.7699890136719,363.92999267578125,364.260009765625,353.3769836425781,3751700
2025-02-24,364.4100036621094,366.92999267578125,361.05999755859375,363.9100036621094,353.0374450683594,2755800
2025-02-25,361.0799865722656,365.5799865722656,359.5,362.95001220703125,352.10614013671875,1947600
2025-02-26,362.70001220703125,363.010009765625,356.8599853515625,358.3500061035156,347.6435852050781,2267500
2025-02-27,358.04998779296875,361.6199951171875,355.3699951171875,356.8699951171875,346.2077941894531,2735400
2025-02-28,357.1499938964844,359.1400146484375,342.4100036621094,348.5,338.0878601074219,5768000
2025-03-03,349.4200134277344,351.989990234375,343.010009765625,344.989990234375,334.68267822265625,3011100
2025-03-04,342.17999267578125,349.239990234375,342.0,345.7799987792969,335.4490966796875,3156300
2025-03-05,345.2200012207031,348.79998779296875,343.4599914550781,348.260009765625,337.85504150390625,2578500
2025-03-06,344.5199890136719,347.1000061035156,339.82000732421875,341.8399963378906,331.6268310546875,3467600
2025-03-07,339.0,342.8900146484375,335.9100036621094,342.17999267578125,331.9566650390625,4459900
2025-03-10,338.8900146484375,339.8999938964844,332.5299987792969,335.29998779296875,325.28216552734375,3454700
2025-03-11,333.0799865722656,334.42999267578125,325.54998779296875,327.7900085449219,317.9966125488281,3390000
2025-03-12,328.5,330.0,322.8900146484375,324.3299865722656,314.63995361328125,3086200
2025-03-13,323.69000244140625,323.69000244140625,314.6099853515625,317.07000732421875,307.5968933105469,3667400
2025-03-14,316.4100036621094,318.8999938964844,314.2900085449219,318.82000732421875,309.29461669921875,4086000
2025-03-17,320.0,326.7300109863281,319.6000061035156,325.7099914550781,315.978759765625,3518100
2025-03-18,323.6400146484375,325.04998779296875,319.489990234375,324.07000732421875,314.38775634765625,2811300
2025-03-19,325.19000244140625,326.7300109863281,321.07000732421875,324.4700012207031,314.7757873535156,4314100
2025-03-20,296.1499938964844,306.8500061035156,291.510009765625,300.9100036621094,291.919677734375,10699500
2025-03-21,298.04998779296875,305.6000061035156,295.5799865722656,305.32000732421875,296.19793701171875,11735300
2025-03-24,308.1000061035156,310.4599914550781,305.17999267578125,307.17999267578125,298.0023498535156,3793200
2025-03-25,307.54998779296875,312.4700012207031,305.4200134277344,308.8999938964844,299.67095947265625,3890400
2025-03-26,309.0299987792969,312.75,309.0199890136719,311.1600036621094,301.8634338378906,3669700
2025-03-27,309.2200012207031,313.0,307.4800109863281,308.5299987792969,299.3120422363281,2871000
2025-03-28,308.3800048828125,310.07000732421875,303.8399963378906,304.3299865722656,295.23748779296875,2377500
2025-03-31,302.45001220703125,313.1099853515625,300.3999938964844,312.0400085449219,302.7171630859375,5511900
2025-04-01,311.6000061035156,316.0199890136719,310.9800109863281,313.5799865722656,304.2111511230469,3503900
2025-04-02,309.75,318.0,309.75,316.3299865722656,306.87896728515625,4123000
2025-04-03,308.0,311.7900085449219,300.9700012207031,301.4599914550781,292.4532470703125,3614800
2025-04-04,296.79998779296875,299.04998779296875,284.6000061035156,285.05999755859375,276.5432434082031,4659000
2025-04-07,278.94000244140625,293.0400085449219,275.010009765625,284.7200012207031,276.21337890625,6333600
2025-04-08,290.2900085449219,293.0299987792969,276.67999267578125,281.3900146484375,272.9829406738281,4730400
2025-04-09,280.0,300.45001220703125,278.9200134277344,299.94000244140625,290.9786682128906,6702200
2025-04-10,292.4700012207031,296.1000061035156,278.3399963378906,285.2200012207031,278.070556640625,4578600
2025-04-11,282.5799865722656,286.29998779296875,276.7300109863281,284.3399963378906,277.21258544921875,5019500
2025-04-14,289.9200134277344,293.260009765625,286.6400146484375,289.7900085449219,282.5260314941406,3299300
2025-04-15,288.9100036621094,292.0799865722656,287.3399963378906,288.6600036621094,281.4243469238281,3273200
2025-04-16,289.45001220703125,292.5,283.739990234375,285.239990234375,278.09002685546875,3183900
2025-04-17,285.5199890136719,286.6700134277344,281.7699890136719,282.3500061035156,275.2724914550781,2321500
2025-04-21,282.3399963378906,282.3399963378906,275.9800109863281,279.2300109863281,272.230712890625,2835500
2025-04-22,281.3999938964844,285.1000061035156,280.1499938964844,283.9599914550781,276.84210205078125,2499500
2025-04-23,294.6499938964844,296.94000244140625,286.9700012207031,288.1600036621094,280.9368591308594,2763100
2025-04-24,285.0,291.760009765625,284.739990234375,291.4100036621094,284.10540771484375,3271400
2025-04-25,291.5199890136719,294.010009765625,289.0199890136719,293.3900146484375,286.0357666015625,2919200
2025-04-28,294.5199890136719,296.05999755859375,289.8900146484375,293.25,285.8992614746094,1865200
2025-04-29,295.6199951171875,299.0400085449219,294.79998779296875,298.4700012207031,290.9884033203125,3251900
2025-04-30,295.2699890136719,299.54998779296875,291.7099914550781,299.1499938964844,291.6513671875,2834700
2025-05-01,300.80999755859375,304.760009765625,298.5,300.5299987792969,292.99676513671875,2848600
2025-05-02,305.0,306.3399963378906,303.8699951171875,305.3299865722656,297.67645263671875,1810000
2025-05-05,303.42999267578125,309.4100036621094,303.4100036621094,307.7099914550781,299.9967956542969,3548600
2025-05-06,303.8599853515625,305.95001220703125,303.20001220703125,303.79998779296875,296.1847839355469,2719400
2025-05-07,304.79998779296875,308.0899963378906,303.4700012207031,306.0899963378906,298.41741943359375,2647700
2025-05-08,309.0,313.25,308.0,308.8800048828125,301.1374816894531,2861600
2025-05-09,310.0299987792969,311.5899963378906,306.70001220703125,307.8999938964844,300.1820373535156,1844400
2025-05-12,316.4700012207031,322.4700012207031,315.3599853515625,322.0899963378906,314.0163269042969,3271300
2025-05-13,321.9200134277344,325.7099914550781,321.55999755859375,322.5299987792969,314.4453125,2775500
2025-05-14,321.5400085449219,322.1000061035156,317.8999938964844,320.4100036621094,312.3784484863281,2417100
2025-05-15,320.2200012207031,324.0,319.760009765625,323.2099914550781,315.1082763671875,3050400
2025-05-16,317.4200134277344,318.05999755859375,309.7300109863281,317.69000244140625,309.72662353515625,3968000
2025-05-19,315.7900085449219,320.8900146484375,315.07000732421875,319.3900146484375,311.3840026855469,2247300
2025-05-20,318.4599914550781,320.3299865722656,317.3900146484375,320.17999267578125,312.1542053222656,2930500
2025-05-21,317.0400085449219,322.8599853515625,316.4200134277344,317.7200012207031,309.7558898925781,2788000
2025-05-22,317.510009765625,319.19000244140625,316.0400085449219,316.45001220703125,308.5177307128906,2996600
2025-05-23,311.1099853515625,311.7300109863281,307.8699951171875,309.5799865722656,301.8199157714844,2947200
2025-05-27,313.5199890136719,315.70001220703125,312.010009765625,315.42999267578125,307.52325439453125,3248900
2025-05-28,314.75,317.3900146484375,314.04998779296875,315.989990234375,308.0692443847656,3437600
2025-05-29,317.5199890136719,318.4200134277344,314.7799987792969,317.7300109863281,309.7656555175781,2557800
2025-05-30,318.1600036621094,318.989990234375,314.0899963378906,316.82000732421875,308.87847900390625,4012700
2025-06-02,313.6300048828125,314.94000244140625,311.2099914550781,314.4700012207031,306.58734130859375,2340400
2025-06-03,313.0,313.989990234375,310.6000061035156,312.8999938964844,305.05670166015625,3678200
2025-06-04,315.1099853515625,316.7900085449219,314.3900146484375,316.3999938964844,308.468994140625,2337800
2025-06-05,317.29998779296875,317.9599914550781,313.4100036621094,315.3800048828125,307.4745788574219,3787400
2025-06-06,318.4200134277344,320.1499938964844,316.3800048828125,317.6499938964844,309.6876525878906,2309500
2025-06-09,318.010009765625,319.2300109863281,316.0400085449219,316.6199951171875,308.6834716796875,2291300
2025-06-10,317.57000732421875,321.69000244140625,317.0,320.9200134277344,312.8757019042969,2356100
2025-06-11,320.9200134277344,321.7699890136719,317.8399963378906,319.2200012207031,311.21832275390625,1859000
2025-06-12,317.5,318.6199951171875,316.1099853515625,318.1300048828125,310.1556091308594,2194500
2025-06-13,314.32000732421875,317.30999755859375,311.2799987792969,311.7099914550781,303.89654541015625,3102600
2025-06-16,314.3299865722656,317.04998779296875,312.82000732421875,314.3299865722656,306.4508361816406,2930000
2025-06-17,312.9700012207031,315.95001220703125,311.8500061035156,312.0299987792969,304.20849609375,2533800
2025-06-18,314.20001220703125,314.20001220703125,305.8699951171875,306.3800048828125,298.7001647949219,4593100
2025-06-20,281.42999267578125,288.8699951171875,273.19000244140625,285.3699951171875,278.2167663574219,11697400
2025-06-23,286.0,295.3299865722656,284.2300109863281,295.0,287.6053771972656,5454900
2025-06-24,295.67999267578125,301.6499938964844,295.010009765625,300.7200012207031,293.1820373535156,4940500
2025-06-25,301.0,301.6499938964844,294.3500061035156,294.6000061035156,287.2154541015625,3164500
2025-06-26,296.5899963378906,296.9599914550781,292.6000061035156,296.0799865722656,288.6583251953125,3634000
2025-06-27,295.8800048828125,296.70001220703125,292.989990234375,295.4599914550781,288.0538635253906,4159500
2025-06-30,296.739990234375,299.010009765625,295.739990234375,298.8900146484375,291.3979187011719,3136800
2025-07-01,298.1199951171875,304.19000244140625,297.92999267578125,302.6199951171875,295.034423828125,3565600
2025-07-02,303.1700134277344,303.1700134277344,298.32000732421875,302.2900085449219,294.7126770019531,2748500
2025-07-03,303.0,305.29998779296875,302.2900085449219,304.7799987792969,297.1402893066406,1616100
2025-07-07,303.5299987792969,304.7900085449219,299.2900085449219,300.5400085449219,293.00653076171875,2753300
2025-07-08,301.75,307.7699890136719,300.510009765625,303.3299865722656,295.7265625,2890500
2025-07-09,303.1600036621094,304.19000244140625,294.7900085449219,297.3999938964844,289.94525146484375,3177400
2025-07-10,292.0400085449219,292.6000061035156,285.7900085449219,288.3599853515625,282.537841796875,5197200
2025-07-11,287.2099914550781,287.739990234375,280.42999267578125,281.05999755859375,275.38525390625,5077100
2025-07-14,280.69000244140625,280.94000244140625,276.95001220703125,279.989990234375,274.33685302734375,4281800
2025-07-15,281.0400085449219,281.1099853515625,275.9599914550781,276.07000732421875,270.49603271484375,3970300
2025-07-16,276.75,280.2699890136719,276.0299987792969,279.6700134277344,274.0233459472656,3176400
2025-07-17,280.75,283.1300048828125,278.25,282.70001220703125,276.9921569824219,3513000
2025-07-18,283.239990234375,283.82000732421875,280.6400146484375,282.44000244140625,276.7373962402344,4207400
2025-07-21,283.5199890136719,284.6000061035156,282.17999267578125,282.45001220703125,276.7471923828125,2955600
2025-07-22,281.79998779296875,287.07000732421875,281.79998779296875,286.9599914550781,281.1661376953125,3614500
2025-07-23,289.739990234375,291.0,285.7799987792969,286.0400085449219,280.2647399902344,2953400
2025-07-24,281.7799987792969,284.3999938964844,279.2699890136719,281.7099914550781,276.0221252441406,3952800
2025-07-25,281.79998779296875,284.29998779296875,280.55999755859375,283.1499938964844,277.4330749511719,2632300
2025-07-28,280.19000244140625,280.989990234375,275.7099914550781,277.0400085449219,271.4464416503906,3693900
2025-07-29,277.45001220703125,278.9599914550781,276.5400085449219,278.8999938964844,273.26885986328125,3492600
2025-07-30,278.5,278.69000244140625,272.3900146484375,274.0,268.4678039550781,4272700
2025-07-31,271.0,273.8800048828125,266.1300048828125,267.1000061035156,261.7071228027344,4794100
2025-08-01,264.6300048828125,265.1099853515625,254.1999969482422,255.3699951171875,250.21395874023438,6042400
2025-08-04,258.0799865722656,259.1400146484375,256.6099853515625,258.7799987792969,253.5550994873047,3470600
2025-08-05,255.74000549316406,255.8000030517578,245.74000549316406,247.07000732421875,242.08154296875,10175900
2025-08-06,247.6999969482422,248.08999633789062,244.0,247.5399932861328,242.5420379638672,8064700
2025-08-07,248.1999969482422,251.3300018310547,239.82000732421875,241.72000122070312,236.8395538330078,7246300
2025-08-08,242.66000366210938,242.9199981689453,238.02999877929688,239.1999969482422,234.3704376220703,3810900
2025-08-11,238.0,241.82000732421875,236.9600067138672,238.61000061035156,233.7923583984375,4675000
2025-08-12,238.92999267578125,242.4199981689453,236.6699981689453,237.8699951171875,233.06729125976562,4832300
2025-08-13,238.75,246.72999572753906,237.30999755859375,245.67999267578125,240.7196044921875,5278400
2025-08-14,244.5399932861328,246.6699981689453,242.35000610351562,246.16000366210938,241.18992614746094,4928200
2025-08-15,245.74000549316406,249.39999389648438,245.74000549316406,247.00999450683594,242.0227508544922,4223400
2025-08-18,247.0,250.99000549316406,245.10000610351562,249.1300048828125,244.09994506835938,3776000
2025-08-19,250.52999877929688,257.6199951171875,250.39999389648438,255.8800048828125,250.7136688232422,4555700
2025-08-20,257.0400085449219,260.3900146484375,254.99000549316406,255.0500030517578,249.9004364013672,5069900
2025-08-21,255.0,255.0,250.72999572753906,253.99000549316406,248.86183166503906,2670200
2025-08-22,254.69000244140625,262.1700134277344,254.47000122070312,259.2200012207031,253.98622131347656,3102600
2025-08-25,259.2200012207031,259.7300109863281,255.0399932861328,256.04998779296875,250.88021850585938,2358600
2025-08-26,255.33999633789062,256.69000244140625,253.16000366210938,255.4199981689453,250.26295471191406,4884400
2025-08-27,256.1199951171875,258.2900085449219,255.44000244140625,257.1199951171875,251.92861938476562,2239000
2025-08-28,258.0,258.1300048828125,253.9600067138672,256.1700134277344,250.99783325195312,2984900
2025-08-29,256.9200134277344,260.3800048828125,256.0899963378906,259.9700012207031,254.7210693359375,2805800
2025-09-02,257.8500061035156,260.3999938964844,251.97999572753906,256.1700134277344,250.99783325195312,3537800
2025-09-03,253.2100067138672,254.80999755859375,251.32000732421875,254.14999389648438,249.0186004638672,2934800
2025-09-04,253.27000427246094,254.6999969482422,247.88999938964844,252.94000244140625,247.83303833007812,4165400
2025-09-05,252.92999267578125,258.6499938964844,250.19000244140625,254.9499969482422,249.8024444580078,4235900
2025-09-08,255.27999877929688,256.0,249.47000122070312,255.57000732421875,250.40992736816406,4707800
2025-09-09,255.0,255.9600067138672,249.83999633789062,251.99000549316406,246.90220642089844,3456400
2025-09-10,252.0399932861328,252.0399932861328,240.66000366210938,243.11000061035156,238.2014923095703,5117500
2025-09-11,243.2100067138672,244.55999755859375,242.35000610351562,244.14999389648438,239.22048950195312,4644500
2025-09-12,244.5,245.25,238.00999450683594,238.5399932861328,233.7237548828125,5637500
2025-09-15,240.6699981689453,242.25,235.9199981689453,237.8699951171875,233.06729125976562,5385900
2025-09-16,237.50999450683594,238.75,235.8300018310547,236.80999755859375,232.0286865234375,6464100
2025-09-17,237.72999572753906,245.1999969482422,236.99000549316406,241.24000549316406,236.3692626953125,5248200
2025-09-18,241.97999572753906,243.33999633789062,237.92999267578125,239.5500030517578,234.71337890625,5698200
2025-09-19,239.52000427246094,240.97000122070312,234.17999267578125,239.6999969482422,234.86033630371094,11522600
2025-09-22,239.86000061035156,242.49000549316406,238.58999633789062,239.99000549316406,235.1444854736328,6070400
2025-09-23,240.50999450683594,241.1999969482422,234.10000610351562,235.5,230.74513244628906,6777800
2025-09-24,236.6699981689453,240.07000732421875,235.75,239.0800018310547,234.25286865234375,6855400
2025-09-25,238.49000549316406,242.0,229.39999389648438,232.55999755859375,227.864501953125,10401100
2025-09-26,232.60000610351562,241.3000030517578,231.0500030517578,238.97000122070312,234.1450958251953,8163200
2025-09-29,240.5,249.1300048828125,237.25,247.0,242.01295471191406,7837500
2025-09-30,246.58999633789062,252.10000610351562,245.3800048828125,246.60000610351562,241.62103271484375,8966400
2025-10-01,245.25999450683594,248.99000549316406,239.7100067138672,243.7100067138672,238.78939819335938,6545100
2025-10-02,244.91000366210938,248.17999267578125,243.25,244.33999633789062,239.4066619873047,4323200
2025-10-03,244.8800048828125,246.4600067138672,242.66000366210938,245.32000732421875,240.36688232421875,3384000
2025-10-06,246.0,248.41000366210938,242.0500030517578,248.1699981689453,243.15933227539062,3400900
2025-10-07,249.1300048828125,252.8300018310547,248.2100067138672,251.22999572753906,246.1575469970703,5930400
2025-10-08,251.7100067138672,253.6699981689453,247.64999389648438,252.97999572753906,247.87222290039062,5672000
2025-10-09,253.50999450683594,254.1699981689453,249.61000061035156,252.0399932861328,246.95118713378906,4427400
2025-10-10,251.64999389648438,252.9499969482422,240.7100067138672,240.94000244140625,236.0753173828125,4548800
2025-10-13,242.22999572753906,243.9600067138672,239.8699951171875,243.55999755859375,238.64239501953125,3572500
2025-10-14,242.05999755859375,246.07000732421875,239.5500030517578,244.1999969482422,239.2694854736328,3788600
2025-10-15,243.91000366210938,247.30999755859375,239.05999755859375,239.7100067138672,234.87014770507812,4118100
2025-10-16,239.80999755859375,240.08999633789062,233.75,234.02000427246094,229.29502868652344,4800800
2025-10-17,234.35000610351562,239.1199951171875,233.60000610351562,238.38999938964844,233.57679748535156,4436100
2025-10-20,240.10000610351562,244.19000244140625,239.74000549316406,242.17999267578125,237.29026794433594,3495200
2025-10-21,242.52000427246094,252.08999633789062,242.52000427246094,250.50999450683594,245.45208740234375,4475500
2025-10-22,248.61000061035156,251.0500030517578,247.1699981689453,249.13999938964844,244.10975646972656,3899900
2025-10-23,246.05999755859375,250.08999633789062,245.44000244140625,249.80999755859375,244.76622009277344,2885700
2025-10-24,250.00999450683594,251.08999633789062,247.11000061035156,247.64999389648438,242.6498260498047,2793900
2025-10-27,249.44000244140625,252.25,247.19000244140625,250.77000427246094,245.7068328857422,3033200
2025-10-28,250.0,254.67999267578125,249.19000244140625,253.35000610351562,248.2347412109375,3425100
2025-10-29,253.14999389648438,255.44000244140625,247.5,247.75,242.74781799316406,5780700
2025-10-30,245.80999755859375,251.8800048828125,245.47999572753906,249.25,244.217529296875,3982200
2025-10-31,249.66000366210938,250.8800048828125,248.05999755859375,250.10000610351562,245.0503692626953,3847800
2025-11-03,249.52999877929688,249.52999877929688,242.94000244140625,248.44000244140625,243.42388916015625,4196300
2025-11-04,246.97000122070312,248.57000732421875,241.07000732421875,242.89999389648438,237.9957275390625,3688300
2025-11-05,243.3800048828125,248.99000549316406,242.75999450683594,247.82000732421875,242.81640625,3631800
2025-11-06,247.72999572753906,248.6699981689453,240.17999267578125,241.33999633789062,236.46722412109375,3512400
2025-11-07,240.0,246.5500030517578,239.44000244140625,245.75999450683594,240.7979736328125,4047400
2025-11-10,247.33999633789062,248.25999450683594,240.39999389648438,244.5500030517578,239.6124267578125,2818600
2025-11-11,244.88999938964844,244.88999938964844,238.52999877929688,242.55999755859375,237.66259765625,3766700
2025-11-12,244.0,246.97000122070312,242.30999755859375,246.52999877929688,241.5524444580078,3230700
2025-11-13,245.42999267578125,248.5800018310547,244.32000732421875,247.57000732421875,242.5714569091797,3703500
2025-11-14,245.77000427246094,249.14999389648438,244.08999633789062,245.2100067138672,240.2591094970703,2845000
2025-11-17,243.92999267578125,244.97999572753906,240.58999633789062,241.3300018310547,236.4574432373047,3187800
2025-11-18,241.05999755859375,241.75,237.42999267578125,240.0,235.15428161621094,3375300
2025-11-19,240.0,244.3800048828125,240.0,241.0800018310547,236.21249389648438,2554600
2025-11-20,242.7899932861328,244.75,239.5399932861328,240.7899932861328,235.92832946777344,2905500
2025-11-21,241.8800048828125,253.97000122070312,241.2899932861328,251.85000610351562,246.76502990722656,5959400
2025-11-24,250.99000549316406,251.3300018310547,243.24000549316406,243.6199951171875,238.70120239257812,5596900
2025-11-25,245.0,251.67999267578125,245.0,249.22999572753906,244.19793701171875,3664500
2025-11-26,250.27999877929688,251.94000244140625,246.88999938964844,247.85000610351562,242.84579467773438,2389100
2025-11-28,247.49000549316406,251.4499969482422,245.1300048828125,250.0,244.95237731933594,1493700
2025-12-01,253.1300048828125,258.8999938964844,251.02000427246094,257.42999267578125,252.2323760986328,5025100
2025-12-02,257.79998779296875,262.9599914550781,257.0,261.0199890136719,255.74989318847656,4966400
2025-12-03,261.9800109863281,274.05999755859375,261.75,272.8500061035156,267.3410339355469,6961900
2025-12-04,276.29998779296875,280.7099914550781,269.1700134277344,269.3399963378906,263.9018859863281,4119400
2025-12-05,268.1000061035156,271.0,266.07000732421875,266.5899963378906,261.2074279785156,3785400
2025-12-08,265.7300109863281,268.6300048828125,265.010009765625,266.5,261.1192321777344,3218800
2025-12-09,267.92999267578125,272.3999938964844,267.25,269.5299987792969,264.0880432128906,3515000
2025-12-10,268.3800048828125,273.6400146484375,268.04998779296875,272.2200012207031,266.7237548828125,3580500
2025-12-11,273.1700134277344,277.6499938964844,269.7099914550781,270.3699951171875,264.9111022949219,4063100
2025-12-12,271.9599914550781,273.44000244140625,270.29998779296875,271.55999755859375,266.07708740234375,2983800
2025-12-15,276.0,276.3999938964844,271.0199890136719,274.6600036621094,269.1144714355469,4041700
2025-12-16,281.1300048828125,281.1300048828125,270.8299865722656,272.0400085449219,266.5473937988281,5503300
2025-12-17,272.6499938964844,279.3800048828125,272.0,273.739990234375,268.2130432128906,5586800
2025-12-18,265.0,272.3699951171875,261.5,269.9599914550781,264.5093688964844,6923200
2025-12-19,270.0,276.80999755859375,270.0,272.25,266.7531433105469,8375700
2025-12-22,271.6099853515625,272.79998779296875,267.8500061035156,270.6700134277344,265.205078125,3289500
2025-12-23,269.82000732421875,271.6700134277344,268.7799987792969,270.7699890136719,265.30303955078125,2598800
2025-12-24,270.0299987792969,271.9200134277344,269.739990234375,269.9800109863281,264.52899169921875,1062700
2025-12-26,269.8999938964844,271.75,269.5,271.0899963378906,265.6165771484375,1411900
2025-12-29,270.9800109863281,273.2699890136719,269.95001220703125,271.3399963378906,265.86151123046875,2753800
2025-12-30,270.42999267578125,272.4200134277344,269.5199890136719,270.0,264.5485534667969,1784800
2025-12-31,269.739990234375,270.92999267578125,268.29998779296875,268.29998779296875,262.88287353515625,1973000
2026-01-02,268.7900085449219,269.8399963378906,258.0,259.95001220703125,254.7014923095703,4899900
2026-01-05,260.8299865722656,266.75,259.4800109863281,263.9800109863281,258.6501159667969,3538200
2026-01-06,263.0299987792969,275.989990234375,262.0899963378906,275.92999267578125,270.3588562011719,4080100
2026-01-07,276.010009765625,281.8699951171875,271.8900146484375,273.9800109863281,268.4482421875,4303300
2026-01-08,272.25,286.57000732421875,272.1199951171875,281.82000732421875,276.12994384765625,5268900
2026-01-09,281.9599914550781,284.3999938964844,277.3299865722656,280.6700134277344,275.0031433105469,3135900
2026-01-12,279.5400085449219,281.3900146484375,276.6099853515625,280.9599914550781,275.2872619628906,4086400
2026-01-13,278.8999938964844,280.5,273.0,276.79998779296875,271.2112731933594,3622800
2026-01-14,276.6099853515625,291.0899963378906,276.17999267578125,288.5400085449219,282.7142333984375,6421700
2026-01-15,287.92999267578125,290.6700134277344,285.2099914550781,287.7699890136719,281.95977783203125,5743500
2026-01-16,285.42999267578125,289.1600036621094,280.739990234375,286.2099914550781,280.4312744140625,5702500
2026-01-20,282.44000244140625,287.2699890136719,272.2200012207031,272.7099914550781,267.2038269042969,5656100
2026-01-21,275.0,285.5400085449219,274.95001220703125,280.7200012207031,275.0521545410156,4232200
2026-01-22,283.8299865722656,289.0,283.3900146484375,285.0899963378906,279.3338928222656,4379200
2026-01-23,284.3399963378906,285.94000244140625,279.67999267578125,281.07000732421875,275.39508056640625,2565300
2026-01-26,283.25,284.5899963378906,276.1400146484375,280.7099914550781,275.0423278808594,3169300
2026-01-27,280.0,280.0,274.1600036621094,275.79998779296875,270.2314453125,2937100
2026-01-28,275.82000732421875,278.6600036621094,267.8599853515625,270.42999267578125,264.9698791503906,3735200
2026-01-29,269.4700012207031,271.20001220703125,257.3699951171875,261.2200012207031,255.94586181640625,8227500
2026-01-30,261.2200012207031,264.5400085449219,259.8999938964844,263.6400146484375,258.3170166015625,5457900
2026-02-02,263.5400085449219,269.1499938964844,262.1499938964844,266.7900085449219,261.40338134765625,3427300
2026-02-03,249.44000244140625,251.5500030517578,238.13999938964844,241.2100067138672,236.33985900878906,9119200
2026-02-04,237.83999633789062,245.07000732421875,231.85000610351562,241.64999389648438,236.77096557617188,7633800
2026-02-05,240.47000122070312,244.72999572753906,232.72999572753906,233.5800018310547,228.86390686035156,6108300
2026-02-06,232.3000030517578,241.08999633789062,232.0,240.6199951171875,235.7617645263672,5026300
2026-02-09,235.58999633789062,239.0,231.86000061035156,236.75999450683594,231.9796905517578,4770300
2026-02-10,237.47000122070312,243.60000610351562,235.0,240.86000061035156,235.99693298339844,5673200
2026-02-11,241.9199981689453,242.30999755859375,228.8300018310547,230.42999267578125,225.77749633789062,6076200
2026-02-12,230.25,230.25,215.16000366210938,222.0500030517578,217.56671142578125,9719900
2026-02-13,223.2100067138672,227.30999755859375,220.9199981689453,224.22999572753906,219.7026824951172,7644400
2026-02-17,225.6199951171875,229.11000061035156,217.3300018310547,219.88999938964844,215.4503173828125,7431600
2026-02-18,219.4199981689453,224.25999450683594,217.16000366210938,223.61000061035156,219.09521484375,4968700
2026-02-19,215.0,216.27999877929688,211.05999755859375,214.9499969482422,210.6100616455078,8040700
2026-02-20,213.5399932861328,218.47000122070312,211.94000244140625,215.35000610351562,211.00198364257812,5932400
2026-02-23,212.1199951171875,214.02000427246094,199.10000610351562,201.17999267578125,197.11807250976562,10007300
2026-02-24,200.5399932861328,204.3000030517578,196.08999633789062,196.72999572753906,192.75791931152344,11119600
2026-02-25,196.36000061035156,196.82000732421875,188.72999572753906,191.5,187.63351440429688,14156500
2026-02-26,194.0,207.49000549316406,193.99000549316406,207.3800048828125,203.19290161132812,10834000
2026-02-27,204.1699981689453,208.86000061035156,199.25999450683594,208.72000122070312,204.50584411621094,7929300
2026-03-02,205.24000549316406,209.14999389648438,204.32000732421875,205.92999267578125,201.7721710205078,7263300
2026-03-03,203.0,213.25,203.0,209.88999938964844,205.6522216796875,5818700
2026-03-04,211.8000030517578,215.5399932861328,208.61000061035156,210.0,205.75999450683594,5549200
2026-03-05,209.8000030517578,216.66000366210938,209.3000030517578,214.0,209.6792449951172,7438800
2026-03-06,215.2100067138672,218.60000610351562,212.0,215.0,210.6590576171875,6495300
2026-03-09,212.83999633789062,215.64999389648438,205.8300018310547,209.36000061035156,205.1329345703125,7849100
2026-03-10,208.61000061035156,208.61000061035156,199.74000549316406,201.6300048828125,197.5590057373047,5163000
2026-03-11,203.4499969482422,206.67999267578125,197.66000366210938,201.47999572753906,197.41201782226562,5132300
2026-03-12,201.0,205.0,195.47999572753906,196.0500030517578,192.09165954589844,7049600
2026-03-13,197.33999633789062,200.41000366210938,195.07000732421875,196.64999389648438,192.67953491210938,4223300
2026-03-16,197.49000549316406,200.47000122070312,195.63999938964844,199.30999755859375,195.2858428955078,7832700
2026-03-17,200.25,204.94000244140625,198.07000732421875,198.66000366210938,194.64895629882812,5729500
2026-03-18,198.75,199.8000030517578,194.25999450683594,195.14999389648438,191.20982360839844,8070100
2026-03-19,187.0,207.97999572753906,187.0,203.5500030517578,199.44024658203125,10613700
2026-03-20,203.5,207.4199981689453,198.49000549316406,199.99000549316406,195.95211791992188,44335900
2026-03-23,203.6300048828125,204.4499969482422,198.72000122070312,200.02000427246094,195.98150634765625,4827900
2026-03-24,197.57000732421875,198.47999572753906,190.64999389648438,193.5399932861328,189.63233947753906,5113700
2026-03-25,195.49000549316406,197.24000549316406,188.6699981689453,192.2899932861328,188.40756225585938,4371200
2026-03-26,191.47000122070312,197.60000610351562,190.9600067138672,196.4199981689453,192.4541778564453,4916500
2026-03-27,195.0,195.5399932861328,190.27000427246094,192.60000610351562,188.71131896972656,4890100
2026-03-30,195.0,198.57000732421875,194.2100067138672,197.5500030517578,193.56137084960938,4636500
2026-03-31,200.0,201.5,195.92999267578125,198.2899932861328,194.2864227294922,6907300
