Date,Open,High,Low,Close,Adj Close,Volume
2016-04-01,150.02000427246094,154.44000244140625,149.10000610351562,154.16000366210938,113.00285339355469,3972200
2016-04-04,154.0,155.9600067138672,153.6999969482422,154.66000366210938,113.369384765625,2314200
2016-04-05,153.67999267578125,155.16000366210938,152.6199951171875,152.9499969482422,112.11589813232422,2604600
2016-04-06,154.24000549316406,159.85000610351562,153.52000427246094,159.66000366210938,117.03448486328125,4067000
2016-04-07,159.0500030517578,159.97999572753906,156.57000732421875,157.3800048828125,115.36317443847656,3363900
2016-04-08,158.24000549316406,159.0,155.4199981689453,156.4600067138672,114.68878173828125,2522100
2016-04-11,156.39999389648438,157.75,155.27999877929688,156.38999938964844,114.63751983642578,2732800
2016-04-12,156.13999938964844,159.1999969482422,156.11000061035156,158.60000610351562,116.2574691772461,2763400
2016-04-13,159.02000427246094,160.88999938964844,158.22999572753906,160.05999755859375,117.32763671875,3860600
2016-04-14,159.80999755859375,160.77000427246094,159.3699951171875,160.1199951171875,117.37164306640625,2406800
2016-04-15,160.14999389648438,160.38999938964844,158.4600067138672,160.1300048828125,117.3790054321289,2824300
2016-04-18,159.49000549316406,162.10000610351562,159.39999389648438,161.6999969482422,118.52985382080078,2081100
2016-04-19,160.8000030517578,162.5,160.33999633789062,162.10000610351562,118.82304382324219,2693000
2016-04-20,163.02000427246094,163.83999633789062,161.8000030517578,162.75999450683594,119.3068618774414,2374300
2016-04-21,162.44000244140625,164.5399932861328,162.02999877929688,164.35000610351562,120.47237396240234,2348400
2016-04-22,164.52000427246094,164.6999969482422,162.17999267578125,163.19000244140625,119.62205505371094,2757200
2016-04-25,163.14999389648438,163.75,162.24000549316406,163.4600067138672,119.8199462890625,1596300
2016-04-26,163.38999938964844,163.91000366210938,162.02000427246094,162.85000610351562,119.3728256225586,2156600
2016-04-27,162.72000122070312,162.89999389648438,160.5,161.0,118.01675415039062,2729500
2016-04-28,160.22000122070312,163.67999267578125,159.36000061035156,160.55999755859375,117.69417572021484,3354100
2016-04-29,159.38999938964844,161.9199981689453,156.3800048828125,158.3000030517578,116.03755187988281,5386600
2016-05-02,158.6199951171875,159.4199981689453,157.2100067138672,158.99000549316406,116.5433578491211,2433700
2016-05-03,158.3699951171875,158.4600067138672,156.0,156.35000610351562,114.60820007324219,2862900
2016-05-04,155.27999877929688,155.86000061035156,153.52999877929688,154.17999267578125,113.01746368408203,3048400
2016-05-05,154.1300048828125,156.2100067138672,153.36000061035156,154.25,113.06884002685547,2325400
2016-05-06,153.49000549316406,154.4499969482422,151.36000061035156,153.19000244140625,112.29182434082031,3004800
2016-05-09,153.6999969482422,156.0800018310547,153.02000427246094,155.41000366210938,113.91912841796875,2990100
2016-05-10,155.9499969482422,157.5,154.9499969482422,157.24000549316406,115.26057434082031,2585000
2016-05-11,157.72999572753906,158.25,154.08999633789062,154.17999267578125,113.01746368408203,2741800
2016-05-12,154.67999267578125,155.0,151.97000122070312,152.89999389648438,112.07923126220703,2981600
2016-05-13,151.22000122070312,154.0800018310547,151.22000122070312,152.35000610351562,112.41136169433594,2451200
2016-05-16,152.35000610351562,153.86000061035156,151.6999969482422,153.27000427246094,113.0901107788086,2415100
2016-05-17,152.4499969482422,152.91000366210938,149.44000244140625,150.11000061035156,110.75849151611328,4486500
2016-05-18,149.91000366210938,151.42999267578125,149.2100067138672,150.8300018310547,111.28972625732422,3234500
2016-05-19,149.4499969482422,150.22999572753906,147.1199951171875,148.6699981689453,109.69598388671875,3023600
2016-05-20,148.9199981689453,151.7100067138672,148.64999389648438,150.17999267578125,110.81012725830078,3075800
2016-05-23,150.0399932861328,150.75,149.14999389648438,149.3000030517578,110.16083526611328,1543400
2016-05-24,150.7100067138672,152.94000244140625,150.38999938964844,152.72000122070312,112.68426513671875,2581000
2016-05-25,153.5399932861328,155.83999633789062,153.14999389648438,155.57000732421875,114.78717803955078,3053100
2016-05-26,154.9199981689453,156.27999877929688,154.5500030517578,155.5500030517578,114.77238464355469,1808600
2016-05-27,156.1999969482422,156.8800048828125,155.11000061035156,156.74000549316406,115.65045928955078,1364000
2016-05-31,157.4199981689453,158.42999267578125,156.86000061035156,157.9499969482422,116.5432357788086,3204400
2016-06-01,157.61000061035156,158.83999633789062,156.6699981689453,158.0500030517578,116.61701202392578,1716400
2016-06-02,158.22999572753906,159.8699951171875,157.9499969482422,159.8699951171875,117.95989227294922,2386300
2016-06-03,159.86000061035156,159.99000549316406,156.82000732421875,159.19000244140625,117.45817565917969,2149300
2016-06-06,159.5800018310547,160.75,158.88999938964844,160.19000244140625,118.19599914550781,1897600
2016-06-07,159.1300048828125,159.63999938964844,158.27999877929688,158.88999938964844,117.23680114746094,1896700
2016-06-08,158.47999572753906,158.94000244140625,157.5399932861328,158.0,116.58013153076172,2476000
2016-06-09,157.75999450683594,158.97999572753906,156.0,156.77999877929688,115.6799545288086,2383200
2016-06-10,155.25999450683594,156.32000732421875,153.63999938964844,154.77999877929688,114.20428466796875,2626100
2016-06-13,155.05999755859375,156.1199951171875,152.99000549316406,153.0800018310547,112.94989776611328,2340300
2016-06-14,152.74000549316406,153.47999572753906,151.63999938964844,152.99000549316406,112.88352966308594,2115200
2016-06-15,153.1300048828125,154.0800018310547,151.82000732421875,151.89999389648438,112.0792465209961,2443700
2016-06-16,151.67999267578125,152.89999389648438,150.6999969482422,152.3000030517578,112.37435913085938,2321700
2016-06-17,152.61000061035156,152.75999450683594,149.5500030517578,149.6199951171875,110.39696502685547,4681500
2016-06-20,151.7899932861328,152.69000244140625,150.3699951171875,150.64999389648438,111.15692138671875,3250500
2016-06-21,151.13999938964844,151.47000122070312,148.5,149.4199981689453,110.2493667602539,2622200
2016-06-22,149.0800018310547,152.17999267578125,149.0,149.80999755859375,110.5371322631836,4470100
2016-06-23,151.2100067138672,152.39999389648438,150.6300048828125,152.27000427246094,112.35224151611328,3000400
2016-06-24,147.1999969482422,149.3000030517578,146.02999877929688,146.4499969482422,108.05794525146484,4919200
2016-06-27,146.16000366210938,147.07000732421875,143.82000732421875,144.5800018310547,106.67815399169922,4176700
2016-06-28,145.88999938964844,148.4199981689453,145.60000610351562,148.4199981689453,109.51155090332031,4348000
2016-06-29,149.11000061035156,150.75,148.6300048828125,150.10000610351562,110.75110626220703,3771100
2016-06-30,150.8300018310547,152.42999267578125,149.8300018310547,152.14999389648438,112.263671875,3480700
2016-07-01,152.42999267578125,154.9499969482422,152.25,154.27999877929688,113.8353271484375,2758100
2016-07-05,154.2899932861328,154.94000244140625,153.3800048828125,154.27000427246094,113.82795715332031,2349100
2016-07-06,153.44000244140625,156.82000732421875,152.9499969482422,156.0500030517578,115.14131927490234,3834000
2016-07-07,155.86000061035156,156.75999450683594,155.25,156.58999633789062,115.53976440429688,2437100
2016-07-08,157.6199951171875,161.11000061035156,156.1999969482422,161.10000610351562,118.86742401123047,3741500
2016-07-11,161.36000061035156,162.32000732421875,160.0,160.17999267578125,118.18863677978516,2464700
2016-07-12,160.6199951171875,162.27999877929688,160.50999450683594,161.9600067138672,119.50203704833984,2407200
2016-07-13,162.63999938964844,162.66000366210938,160.30999755859375,160.52000427246094,118.43949890136719,2691800
2016-07-14,162.0,162.99000549316406,160.74000549316406,162.74000549316406,120.07755279541016,2444800
2016-07-15,163.4499969482422,164.57000732421875,161.55999755859375,163.27999877929688,120.47598266601562,3179700
2016-07-18,163.82000732421875,164.0,162.7899932861328,162.92999267578125,120.21771240234375,1815600
2016-07-19,163.1999969482422,164.7100067138672,161.94000244140625,162.49000549316406,119.89307403564453,2249500
2016-07-20,162.4499969482422,163.64999389648438,161.82000732421875,163.25,120.453857421875,2161400
2016-07-21,163.38999938964844,164.25999450683594,162.7100067138672,164.19000244140625,121.14741516113281,1971800
2016-07-22,164.77999877929688,166.3300018310547,164.0,165.6699981689453,122.23938751220703,2500400
2016-07-25,165.6999969482422,166.9499969482422,164.07000732421875,166.55999755859375,122.8961410522461,2704900
2016-07-26,165.88999938964844,168.0500030517578,165.77000427246094,167.6699981689453,123.7151107788086,2883600
2016-07-27,167.4499969482422,171.08999633789062,167.44000244140625,170.67999267578125,125.93607330322266,4200200
2016-07-28,168.92999267578125,171.8000030517578,166.50999450683594,171.27999877929688,126.3787612915039,5192500
2016-07-29,171.57000732421875,172.25999450683594,170.52999877929688,172.02999877929688,126.93214416503906,3121600
2016-08-01,172.91000366210938,174.97999572753906,172.27999877929688,174.16000366210938,128.50379943847656,3571900
2016-08-02,175.0500030517578,176.5,173.1699981689453,174.14999389648438,128.49639892578125,6589000
2016-08-03,173.74000549316406,174.38999938964844,172.27999877929688,173.42999267578125,127.96513366699219,3911800
2016-08-04,173.3000030517578,173.6699981689453,172.0399932861328,172.6699981689453,127.40437316894531,2122200
2016-08-05,173.35000610351562,174.52000427246094,172.50999450683594,173.66000366210938,128.13482666015625,2228300
2016-08-08,173.30999755859375,174.16000366210938,171.8300018310547,172.33999633789062,127.1608657836914,2706500
2016-08-09,172.66000366210938,173.3000030517578,171.67999267578125,172.0800018310547,126.96902465820312,2094200
2016-08-10,171.88999938964844,172.1999969482422,170.7100067138672,171.22999572753906,126.34186553955078,2476600
2016-08-11,172.24000549316406,172.77999877929688,171.0500030517578,172.42999267578125,127.22731018066406,2142800
2016-08-12,171.24000549316406,173.14999389648438,170.67999267578125,173.02000427246094,127.66259765625,1863200
2016-08-15,171.47999572753906,174.72000122070312,171.47999572753906,174.5800018310547,129.5625457763672,2784300
2016-08-16,174.5399932861328,174.91000366210938,172.07000732421875,172.16000366210938,127.7665023803711,2622800
2016-08-17,172.00999450683594,174.5,171.67999267578125,174.30999755859375,129.362060546875,2580900
2016-08-18,174.42999267578125,176.63999938964844,173.57000732421875,174.75,129.68862915039062,3422400
2016-08-19,174.10000610351562,174.9600067138672,172.25999450683594,173.6199951171875,128.8500518798828,2696400
2016-08-22,173.74000549316406,175.17999267578125,173.22000122070312,174.35000610351562,129.3917999267578,2603700
2016-08-23,174.44000244140625,175.99000549316406,173.66000366210938,174.39999389648438,129.4288787841797,2375700
2016-08-24,174.0,174.8699951171875,170.27999877929688,170.83999633789062,126.786865234375,3055000
2016-08-25,169.9199981689453,171.4600067138672,168.75999450683594,170.22999572753906,126.33418273925781,2623800
2016-08-26,170.8000030517578,172.99000549316406,169.77000427246094,171.97000122070312,127.62547302246094,2925300
2016-08-29,172.3699951171875,172.5,171.1199951171875,171.50999450683594,127.28413391113281,2512200
2016-08-30,171.16000366210938,171.94000244140625,170.1199951171875,170.75999450683594,126.7275390625,1803100
2016-08-31,170.72999572753906,171.38999938964844,169.82000732421875,170.05999755859375,126.20806121826172,2936400
2016-09-01,170.5500030517578,170.55999755859375,168.6199951171875,170.1300048828125,126.25997924804688,1876100
2016-09-02,170.5500030517578,171.0500030517578,168.91000366210938,169.77000427246094,125.9927978515625,2083800
2016-09-06,169.85000610351562,171.77000427246094,169.38999938964844,170.83999633789062,126.786865234375,1919700
2016-09-07,169.77999877929688,171.44000244140625,169.1999969482422,170.6300048828125,126.63107299804688,2013000
2016-09-08,170.07000732421875,171.36000061035156,169.72999572753906,170.97000122070312,126.88333129882812,2611200
2016-09-09,169.69000244140625,169.75999450683594,166.52999877929688,166.5500030517578,123.60313415527344,3131400
2016-09-12,166.0800018310547,172.5800018310547,165.92999267578125,172.0399932861328,127.677490234375,4451500
2016-09-13,171.24000549316406,171.5,167.80999755859375,169.3000030517578,125.64398956298828,3162600
2016-09-14,169.64999389648438,171.77000427246094,169.5,170.13999938964844,126.26740264892578,2799000
2016-09-15,170.0399932861328,173.38999938964844,169.47000122070312,172.63999938964844,128.12274169921875,2923900
2016-09-16,172.58999633789062,173.38999938964844,171.0500030517578,172.9600067138672,128.3602294921875,4028300
2016-09-19,173.25,173.5,171.17999267578125,171.3800048828125,127.18767547607422,2226800
2016-09-20,172.94000244140625,174.25999450683594,172.4600067138672,173.3800048828125,128.6719207763672,2607700
2016-09-21,174.24000549316406,174.25,171.61000061035156,173.85000610351562,129.0207061767578,2516400
2016-09-22,174.60000610351562,175.72999572753906,173.75,175.6199951171875,130.33432006835938,2338300
2016-09-23,176.27000427246094,176.85000610351562,174.61000061035156,174.8000030517578,129.7257843017578,2238700
2016-09-26,174.22000122070312,174.4499969482422,172.8300018310547,173.52999877929688,128.7832489013672,1798500
2016-09-27,170.24000549316406,171.97999572753906,169.5,171.6300048828125,127.37315368652344,4798900
2016-09-28,172.22000122070312,172.22000122070312,169.0500030517578,169.7100067138672,125.94822692871094,3300700
2016-09-29,170.38999938964844,170.38999938964844,165.3300018310547,165.4499969482422,122.78680419921875,3804000
2016-09-30,166.3800048828125,167.72000122070312,165.27000427246094,166.80999755859375,123.79605102539062,3999600
2016-10-03,166.0500030517578,167.5800018310547,164.44000244140625,167.33999633789062,124.18939208984375,2514600
2016-10-04,167.33999633789062,168.69000244140625,167.13999938964844,167.5500030517578,124.34524536132812,2797600
2016-10-05,167.5500030517578,168.38999938964844,166.9199981689453,167.24000549316406,124.11517333984375,1953400
2016-10-06,166.3300018310547,167.7899932861328,165.7899932861328,166.89999389648438,123.86286163330078,1904100
2016-10-07,167.94000244140625,168.14999389648438,166.3000030517578,167.5,124.30812072753906,1679800
2016-10-10,168.1999969482422,168.58999633789062,167.6699981689453,168.30999755859375,124.90929412841797,1628200
2016-10-11,167.82000732421875,167.82000732421875,163.50999450683594,164.32000732421875,121.94813537597656,2761900
2016-10-12,164.32000732421875,165.58999633789062,163.61000061035156,163.8800048828125,121.62162780761719,2250600
2016-10-13,162.85000610351562,165.08999633789062,162.50999450683594,164.2899932861328,121.92587280273438,2430900
2016-10-14,165.0500030517578,165.25,161.83999633789062,161.89999389648438,120.15216827392578,2817500
2016-10-17,162.1999969482422,163.4499969482422,161.13999938964844,162.6199951171875,120.68648529052734,2348400
2016-10-18,163.74000549316406,163.86000061035156,162.75,162.8000030517578,120.8200912475586,2001800
2016-10-19,163.4199981689453,163.61000061035156,161.02000427246094,161.0800018310547,119.54363250732422,2502700
2016-10-20,161.0,163.35000610351562,161.0,161.5,119.85533905029297,2922600
2016-10-21,160.69000244140625,161.22000122070312,158.35000610351562,158.50999450683594,117.63633728027344,3541000
2016-10-24,159.36000061035156,159.6999969482422,158.24000549316406,158.75999450683594,117.82184600830078,2920200
2016-10-25,158.83999633789062,159.27000427246094,157.8000030517578,157.89999389648438,117.18364715576172,2414300
2016-10-26,158.67999267578125,160.0500030517578,158.02999877929688,158.99000549316406,117.99253845214844,2716800
2016-10-27,159.7100067138672,161.60000610351562,159.63999938964844,160.57000732421875,119.16512298583984,3366900
2016-10-28,151.69000244140625,151.75999450683594,142.63999938964844,145.17999267578125,107.74358367919922,18311600
2016-10-31,146.5500030517578,146.67999267578125,140.94000244140625,141.16000366210938,104.76021575927734,8693700
2016-11-01,141.1699981689453,142.41000366210938,139.30999755859375,140.75999450683594,104.4633560180664,5589300
2016-11-02,140.30999755859375,140.61000061035156,138.63999938964844,138.6999969482422,102.93456268310547,4622500
2016-11-03,139.6999969482422,139.77000427246094,135.0,135.22000122070312,100.35191345214844,5791200
2016-11-04,133.7100067138672,137.61000061035156,133.63999938964844,135.39999389648438,100.48550415039062,5051500
2016-11-07,137.85000610351562,140.22999572753906,137.16000366210938,139.2100067138672,103.31305694580078,5146000
2016-11-08,139.5500030517578,140.0,137.35000610351562,138.4499969482422,102.7490234375,3668500
2016-11-09,146.75,152.85000610351562,142.75,146.4199981689453,108.66385650634766,11793400
2016-11-10,150.39999389648438,152.22999572753906,148.75999450683594,151.57000732421875,112.48583984375,8933400
2016-11-11,150.0500030517578,150.83999633789062,146.8000030517578,149.0399932861328,110.6082992553711,5159400
2016-11-14,148.47000122070312,149.14999389648438,146.00999450683594,146.4199981689453,109.39787292480469,5060000
2016-11-15,146.8699951171875,148.4600067138672,145.00999450683594,147.05999755859375,109.87605285644531,4515100
2016-11-16,147.57000732421875,148.5,146.44000244140625,147.22999572753906,110.00308227539062,4108200
2016-11-17,147.72999572753906,148.4499969482422,146.50999450683594,147.36000061035156,110.1001968383789,3957300
2016-11-18,147.0500030517578,148.35000610351562,144.89999389648438,145.22999572753906,108.50873565673828,3764600
2016-11-21,145.99000549316406,146.1699981689453,145.11000061035156,145.5500030517578,108.74790954589844,2860500
2016-11-22,146.82000732421875,146.9499969482422,142.82000732421875,144.3300018310547,107.83634948730469,3586200
2016-11-23,142.94000244140625,145.1699981689453,142.83999633789062,145.02999877929688,108.35934448242188,3216900
2016-11-25,145.22000122070312,146.0,144.75999450683594,145.42999267578125,108.65823364257812,2004000
2016-11-28,145.25,145.9199981689453,144.5,145.07000732421875,108.3892822265625,2411700
2016-11-29,145.36000061035156,146.7899932861328,145.30999755859375,146.0,109.08406829833984,2939100
2016-11-30,145.6999969482422,146.32000732421875,144.07000732421875,144.07000732421875,107.64212036132812,4296900
2016-12-01,144.24000549316406,144.24000549316406,142.13999938964844,142.38999938964844,106.38684844970703,3894000
2016-12-02,142.2899932861328,144.91000366210938,141.5,144.00999450683594,107.59724426269531,3517300
2016-12-05,145.4499969482422,146.3699951171875,143.72000122070312,145.2899932861328,108.55359649658203,3855500
2016-12-06,145.8000030517578,145.99000549316406,144.27999877929688,145.11000061035156,108.41914367675781,2399000
2016-12-07,143.52000427246094,143.8800048828125,139.66000366210938,141.19000244140625,105.49030303955078,7031300
2016-12-08,140.8300018310547,141.10000610351562,138.8300018310547,140.58999633789062,105.0420150756836,4387600
2016-12-09,141.5,144.5800018310547,141.0,143.4499969482422,107.17889404296875,4637300
2016-12-12,142.9199981689453,146.0399932861328,142.7899932861328,145.75999450683594,108.90480041503906,3310100
2016-12-13,146.80999755859375,149.97000122070312,146.5500030517578,148.3699951171875,110.85482788085938,4308700
2016-12-14,148.16000366210938,149.5500030517578,147.4199981689453,148.69000244140625,111.09390258789062,3196700
2016-12-15,149.17999267578125,150.47000122070312,148.77999877929688,150.38999938964844,112.36407470703125,2950500
2016-12-16,150.9199981689453,151.2100067138672,148.80999755859375,149.3699951171875,111.60197448730469,6356800
2016-12-19,149.75,150.35000610351562,147.2100067138672,147.74000549316406,110.38416290283203,3013800
2016-12-20,146.82000732421875,147.99000549316406,146.47000122070312,147.22000122070312,109.99564361572266,2615600
2016-12-21,147.07000732421875,147.6300048828125,145.6999969482422,146.1699981689453,109.21110534667969,2491800
2016-12-22,146.30999755859375,146.61000061035156,145.1199951171875,146.36000061035156,109.35308837890625,1820500
2016-12-23,146.35000610351562,147.72999572753906,146.24000549316406,147.5500030517578,110.24219512939453,2169700
2016-12-27,147.77000427246094,150.11000061035156,147.77000427246094,148.36000061035156,110.84733581542969,1941000
2016-12-28,148.6300048828125,149.14999389648438,147.36000061035156,147.6699981689453,110.33185577392578,1804000
2016-12-29,147.3699951171875,148.69000244140625,147.3699951171875,147.77999877929688,110.41403198242188,1655500
2016-12-30,147.6300048828125,148.75,145.6199951171875,146.2100067138672,109.24100494384766,3193100
2017-01-03,147.86000061035156,151.0,147.1199951171875,150.72999572753906,112.61811065673828,3640900
2017-01-04,152.08999633789062,153.72000122070312,151.77000427246094,152.8699951171875,114.21702575683594,3945900
2017-01-05,152.72000122070312,153.39999389648438,151.50999450683594,152.97999572753906,114.29920959472656,3441700
2017-01-06,159.8800048828125,161.0,156.6699981689453,156.77999877929688,117.13839721679688,9899300
2017-01-09,157.00999450683594,158.9499969482422,156.6300048828125,158.83999633789062,118.67749786376953,4247700
2017-01-10,158.49000549316406,159.1300048828125,157.24000549316406,158.75999450683594,118.61774444580078,3324400
2017-01-11,159.16000366210938,159.16000366210938,154.5,156.6199951171875,117.01880645751953,4821300
2017-01-12,155.44000244140625,156.14999389648438,154.55999755859375,155.36000061035156,116.07743072509766,3234800
2017-01-13,155.27999877929688,157.2100067138672,154.88999938964844,156.1199951171875,116.64522552490234,2637500
2017-01-17,155.13999938964844,156.1199951171875,153.52999877929688,154.8000030517578,115.65898895263672,3404900
2017-01-18,155.69000244140625,155.94000244140625,154.50999450683594,155.77000427246094,116.38378143310547,2432600
2017-01-19,155.1300048828125,155.69000244140625,153.25,153.8000030517578,114.9118881225586,2571900
2017-01-20,154.7100067138672,155.35000610351562,153.82000732421875,154.6699981689453,115.5618896484375,3067400
2017-01-23,154.2100067138672,154.5500030517578,152.39999389648438,152.72000122070312,114.10493469238281,2458200
2017-01-24,152.82000732421875,153.0,150.3800048828125,151.85000610351562,113.45494842529297,3027700
2017-01-25,152.52999877929688,154.82000732421875,151.77000427246094,154.10000610351562,115.13602447509766,3479500
2017-01-26,155.0,155.8000030517578,152.89999389648438,152.97999572753906,114.29920959472656,3366900
2017-01-27,153.22999572753906,157.5,152.75999450683594,157.16000366210938,117.42228698730469,4885200
2017-01-30,157.10000610351562,157.17999267578125,153.77000427246094,154.42999267578125,115.3825454711914,3758400
2017-01-31,153.6999969482422,156.9600067138672,153.14999389648438,156.67999267578125,117.06367492675781,3351300
2017-02-01,158.58999633789062,159.75,157.0500030517578,159.6699981689453,119.29766845703125,3924800
2017-02-02,159.72999572753906,159.94000244140625,156.91000366210938,159.5800018310547,119.23040771484375,4445400
2017-02-03,166.10000610351562,167.85000610351562,164.86000061035156,167.52999877929688,125.17027282714844,7366600
2017-02-06,166.17999267578125,166.88999938964844,165.1300048828125,166.5800018310547,124.46047973632812,4389200
2017-02-07,167.0,167.72000122070312,165.60000610351562,166.82000732421875,124.63978576660156,3584300
2017-02-08,166.5,168.35000610351562,166.32000732421875,168.1199951171875,125.6111068725586,3493400
2017-02-09,165.75,167.7899932861328,165.5,167.47000122070312,125.1253890991211,4281400
2017-02-10,167.8000030517578,168.30999755859375,167.02999877929688,167.88999938964844,125.4392318725586,2931200
2017-02-13,167.72000122070312,168.25999450683594,166.67999267578125,167.66000366210938,126.13135528564453,3602800
2017-02-14,167.07000732421875,168.07000732421875,165.57000732421875,168.0500030517578,126.42476654052734,3116700
2017-02-15,167.32000732421875,172.0,167.0,171.7899932861328,129.2384033203125,4058800
2017-02-16,171.55999755859375,172.1699981689453,170.3000030517578,172.11000061035156,129.47909545898438,2660600
2017-02-17,171.35000610351562,173.36000061035156,168.88999938964844,173.2899932861328,130.36679077148438,4154900
2017-02-21,172.85000610351562,173.5,171.86000061035156,173.13999938964844,130.2539825439453,3941200
2017-02-22,172.3300018310547,174.6999969482422,171.88999938964844,172.61000061035156,129.85528564453125,2579800
2017-02-23,172.75,174.00999450683594,171.88999938964844,174.00999450683594,130.90846252441406,2190800
2017-02-24,173.2899932861328,174.72000122070312,172.47999572753906,174.55999755859375,131.32225036621094,2677300
2017-02-27,174.2100067138672,176.27000427246094,173.7100067138672,176.1300048828125,132.50338745117188,2850700
2017-02-28,175.4600067138672,178.25,175.4199981689453,176.52999877929688,132.8043212890625,3370400
2017-03-01,178.0,179.67999267578125,175.75999450683594,178.24000549316406,134.09072875976562,3532300
2017-03-02,177.72000122070312,178.86000061035156,176.82000732421875,178.07000732421875,133.96282958984375,3493000
2017-03-03,178.4600067138672,180.52999877929688,177.5500030517578,180.1999969482422,135.56524658203125,2893800
2017-03-06,179.5500030517578,180.33999633789062,178.16000366210938,179.4600067138672,135.00852966308594,3280100
2017-03-07,177.39999389648438,178.58999633789062,176.27999877929688,177.3800048828125,133.44369506835938,3328900
2017-03-08,177.25,178.75999450683594,177.13999938964844,177.77999877929688,133.7446746826172,2320800
2017-03-09,178.0500030517578,179.1199951171875,177.07000732421875,178.9199981689453,134.60232543945312,2505300
2017-03-10,179.47000122070312,181.92999267578125,179.11000061035156,181.44000244140625,136.49807739257812,4589000
2017-03-13,181.92999267578125,182.0,180.32000732421875,181.0500030517578,136.20469665527344,2531000
2017-03-14,180.4199981689453,181.55999755859375,179.6300048828125,180.1199951171875,135.50502014160156,2746300
2017-03-15,180.30999755859375,184.2100067138672,180.30999755859375,182.60000610351562,137.3707733154297,4197300
2017-03-16,181.60000610351562,181.83999633789062,178.02000427246094,180.11000061035156,135.4975128173828,6014400
2017-03-17,167.3699951171875,171.58999633789062,165.9499969482422,168.61000061035156,126.8460693359375,23936800
2017-03-20,169.6300048828125,169.7100067138672,167.75999450683594,169.24000549316406,127.31995391845703,5831500
2017-03-21,170.0500030517578,170.2100067138672,166.49000549316406,166.85000610351562,125.52203369140625,4922700
2017-03-22,167.92999267578125,167.97999572753906,166.58999633789062,167.4499969482422,125.973388671875,5070400
2017-03-23,167.47999572753906,168.02000427246094,165.57000732421875,166.0399932861328,124.91261291503906,4432200
2017-03-24,166.69000244140625,166.92999267578125,165.0800018310547,165.74000549316406,124.68693542480469,3175600
2017-03-27,164.77000427246094,166.61000061035156,163.0,164.91000366210938,124.0625,4734000
2017-03-28,164.11000061035156,166.25999450683594,163.72999572753906,164.7100067138672,123.91206359863281,6526400
2017-03-29,164.47000122070312,165.22000122070312,162.94000244140625,163.05999755859375,122.67072296142578,4070800
2017-03-30,164.07000732421875,164.8000030517578,163.2100067138672,164.3800048828125,123.6637954711914,2262300
2017-03-31,164.32000732421875,165.47999572753906,163.85000610351562,164.07000732421875,123.43061828613281,2811800
2017-04-03,164.6300048828125,165.02000427246094,163.52000427246094,163.88999938964844,123.29519653320312,3047800
2017-04-04,163.77999877929688,164.49000549316406,163.1199951171875,164.36000061035156,123.64874267578125,2239400
2017-04-05,163.27000427246094,164.75999450683594,161.67999267578125,162.24000549316406,122.0538558959961,3542300
2017-04-06,162.1999969482422,163.4499969482422,161.61000061035156,162.25,122.06141662597656,3024200
2017-04-07,162.91000366210938,164.24000549316406,162.25,163.3800048828125,122.91149139404297,2204400
2017-04-10,163.85000610351562,164.24000549316406,162.6199951171875,162.7899932861328,122.46763610839844,1772000
2017-04-11,162.88999938964844,163.39999389648438,161.55999755859375,163.11000061035156,122.70836639404297,1990300
2017-04-12,164.0800018310547,164.10000610351562,162.16000366210938,163.0500030517578,122.66323852539062,2248600
2017-04-13,163.27999877929688,163.6300048828125,161.3300018310547,161.61000061035156,121.57994079589844,2568800
2017-04-17,161.33999633789062,162.52000427246094,161.25999450683594,162.11000061035156,121.95606231689453,2364900
2017-04-18,161.92999267578125,161.92999267578125,160.27999877929688,161.25,121.30911254882812,2532100
2017-04-19,162.10000610351562,162.63999938964844,161.1300048828125,161.25999450683594,121.31661987304688,2344100
2017-04-20,161.0500030517578,162.77000427246094,161.00999450683594,162.0399932861328,121.90337371826172,2070200
2017-04-21,162.14999389648438,162.72999572753906,160.25,160.41000366210938,120.67718505859375,2906900
2017-04-24,162.5,163.60000610351562,161.89999389648438,163.13999938964844,122.7309341430664,3498400
2017-04-25,163.52000427246094,165.3000030517578,163.39999389648438,164.6999969482422,123.904541015625,3529400
2017-04-26,165.61000061035156,165.61000061035156,164.33999633789062,164.61000061035156,123.83683776855469,4175500
2017-04-27,160.1300048828125,163.42999267578125,160.0,162.72000122070312,122.41497802734375,5699200
2017-04-28,162.38999938964844,163.47999572753906,161.52999877929688,163.32000732421875,122.86636352539062,2942200
2017-05-01,163.67999267578125,164.44000244140625,162.4499969482422,162.60000610351562,122.32472229003906,2522000
2017-05-02,163.91000366210938,163.94000244140625,162.41000366210938,163.49000549316406,122.99422454833984,3737800
2017-05-03,163.82000732421875,164.0800018310547,163.0,163.80999755859375,123.2350082397461,2855100
2017-05-04,164.1699981689453,164.82000732421875,163.52000427246094,164.2899932861328,123.59606170654297,2543400
2017-05-05,164.80999755859375,164.80999755859375,162.4199981689453,163.80999755859375,123.2350082397461,2970400
2017-05-08,163.72999572753906,163.80999755859375,162.47000122070312,163.02999877929688,122.64818572998047,2291900
2017-05-09,163.1699981689453,164.0800018310547,162.8300018310547,163.22000122070312,122.79112243652344,2305500
2017-05-10,163.25,163.47999572753906,159.6999969482422,160.50999450683594,120.75237274169922,5201000
2017-05-11,159.86000061035156,160.52000427246094,158.2899932861328,160.0800018310547,120.4288558959961,3510200
2017-05-12,160.49000549316406,160.6199951171875,159.4600067138672,160.22000122070312,120.53418731689453,2706000
2017-05-15,158.8800048828125,160.14999389648438,158.7100067138672,159.97000122070312,121.21620178222656,3318700
2017-05-16,159.77000427246094,160.49000549316406,159.4600067138672,159.99000549316406,121.23133850097656,2281200
2017-05-17,158.77000427246094,159.2899932861328,156.92999267578125,157.05999755859375,119.01112365722656,3073200
2017-05-18,157.3699951171875,158.7899932861328,156.2899932861328,157.9600067138672,119.69312286376953,2163300
2017-05-19,157.58999633789062,158.5800018310547,156.35000610351562,156.50999450683594,118.5943603515625,2577300
2017-05-22,153.58999633789062,154.60000610351562,152.4499969482422,153.02000427246094,115.94987487792969,6911700
2017-05-23,152.64999389648438,154.57000732421875,152.16000366210938,154.07000732421875,116.74552917480469,3582000
2017-05-24,154.77000427246094,154.99000549316406,153.7899932861328,154.60000610351562,117.14714050292969,2667500
2017-05-25,155.19000244140625,156.0399932861328,154.6199951171875,155.42999267578125,117.77604675292969,2965800
2017-05-26,155.60000610351562,156.1300048828125,154.7899932861328,155.00999450683594,117.457763671875,2731600
2017-05-30,155.00999450683594,155.3699951171875,153.55999755859375,153.85000610351562,116.57879638671875,2716700
2017-05-31,153.6699981689453,155.3699951171875,153.6699981689453,155.24000549316406,117.6320571899414,3891300
2017-06-01,155.39999389648438,156.77000427246094,155.24000549316406,156.24000549316406,118.3897933959961,3005300
2017-06-02,157.27000427246094,159.6199951171875,157.0,159.14999389648438,120.59483337402344,3320800
2017-06-05,160.2899932861328,161.1199951171875,158.27000427246094,160.22000122070312,121.40557861328125,4611100
2017-06-06,160.1300048828125,160.9199981689453,159.24000549316406,159.52999877929688,120.88275146484375,3002500
2017-06-07,159.82000732421875,162.0500030517578,159.75,161.66000366210938,122.49673461914062,3571500
2017-06-08,161.97999572753906,163.1699981689453,161.41000366210938,162.64999389648438,123.24689483642578,3555100
2017-06-09,162.75,166.13999938964844,162.6300048828125,164.05999755859375,124.31531524658203,4086800
2017-06-12,165.0,167.22999572753906,163.27999877929688,164.8800048828125,124.93672180175781,4344500
2017-06-13,164.47000122070312,165.08999633789062,163.77000427246094,164.42999267578125,124.59571838378906,2568200
2017-06-14,164.36000061035156,165.8800048828125,163.97000122070312,165.10000610351562,125.10343170166016,2594800
2017-06-15,164.24000549316406,164.89999389648438,162.5500030517578,164.11000061035156,124.35323333740234,3585000
2017-06-16,163.83999633789062,164.10000610351562,161.1300048828125,162.4199981689453,123.0726318359375,5887200
2017-06-19,163.10000610351562,165.22000122070312,162.69000244140625,165.08999633789062,125.09580993652344,3043900
2017-06-20,165.42999267578125,168.6999969482422,164.7899932861328,166.2899932861328,126.005126953125,3857900
2017-06-21,167.1999969482422,171.75999450683594,166.36000061035156,171.35000610351562,129.8392791748047,5490800
2017-06-22,172.44000244140625,175.4499969482422,172.10000610351562,173.82000732421875,131.7109375,5745800
2017-06-23,173.24000549316406,174.1300048828125,170.9600067138672,172.5,130.71070861816406,14368500
2017-06-26,173.38999938964844,174.72000122070312,172.41000366210938,173.6699981689453,131.59722900390625,3037600
2017-06-27,173.02000427246094,173.9199981689453,170.77000427246094,170.85000610351562,129.46041870117188,2941500
2017-06-28,171.4199981689453,174.5399932861328,170.8300018310547,174.07000732421875,131.90036010742188,2890500
2017-06-29,174.49000549316406,174.72000122070312,171.02000427246094,172.58999633789062,130.77891540527344,2491800
2017-06-30,173.61000061035156,174.25,172.00999450683594,172.22999572753906,130.5061492919922,2695500
2017-07-03,172.6300048828125,174.3300018310547,172.6300048828125,172.8000030517578,130.93801879882812,1395100
2017-07-05,172.6699981689453,174.3800048828125,171.9199981689453,174.25999450683594,132.04432678222656,2830000
2017-07-06,173.10000610351562,173.61000061035156,171.30999755859375,171.72000122070312,130.1196746826172,2566400
2017-07-07,171.63999938964844,172.02999877929688,170.58999633789062,171.42999267578125,129.89991760253906,2612900
2017-07-10,171.58999633789062,172.5500030517578,171.0,172.1999969482422,130.48338317871094,2070600
2017-07-11,174.17999267578125,174.44000244140625,172.07000732421875,173.32000732421875,131.33204650878906,2198000
2017-07-12,173.7100067138672,174.24000549316406,172.6699981689453,173.27000427246094,131.29415893554688,1976900
2017-07-13,173.27999877929688,176.1999969482422,173.08999633789062,175.0399932861328,132.63536071777344,2999900
2017-07-14,175.42999267578125,177.67999267578125,174.41000366210938,177.1300048828125,134.2190704345703,2720600
2017-07-17,176.83999633789062,178.89999389648438,176.67999267578125,177.39999389648438,134.42361450195312,2692400
2017-07-18,176.66000366210938,177.6300048828125,176.13999938964844,177.47999572753906,134.4842529296875,1820100
2017-07-19,178.10000610351562,179.1999969482422,176.52000427246094,179.17999267578125,135.7724151611328,2440700
2017-07-20,179.0500030517578,180.72999572753906,178.8800048828125,179.32000732421875,135.87852478027344,3039300
2017-07-21,179.25999450683594,180.5500030517578,179.16000366210938,180.2100067138672,136.55291748046875,2674700
2017-07-24,180.19000244140625,181.4600067138672,178.66000366210938,181.05999755859375,137.19696044921875,2503100
2017-07-25,182.0500030517578,182.60000610351562,180.33999633789062,180.88999938964844,137.068115234375,3343200
2017-07-26,176.00999450683594,178.86000061035156,175.1999969482422,175.88999938964844,133.27944946289062,5446100
2017-07-27,175.0,175.47999572753906,170.52999877929688,172.14999389648438,130.4454803466797,5523200
2017-07-28,171.97999572753906,175.05999755859375,171.7100067138672,174.5399932861328,132.25645446777344,2463500
2017-07-31,174.50999450683594,176.7899932861328,174.25,174.50999450683594,132.23373413085938,2424800
2017-08-01,174.80999755859375,175.11000061035156,173.66000366210938,174.1300048828125,131.94580078125,2069600
2017-08-02,173.57000732421875,174.58999633789062,173.2100067138672,174.4600067138672,132.19590759277344,2209200
2017-08-03,173.52000427246094,174.7100067138672,173.25999450683594,174.17999267578125,131.9836883544922,1725900
2017-08-04,174.27000427246094,174.82000732421875,172.89999389648438,173.85000610351562,131.733642578125,1915600
2017-08-07,173.8699951171875,174.64999389648438,173.25999450683594,174.5800018310547,132.28680419921875,1193800
2017-08-08,173.9600067138672,174.89999389648438,172.97999572753906,173.69000244140625,131.61241149902344,2325200
2017-08-09,173.10000610351562,174.17999267578125,172.64999389648438,173.5500030517578,131.50634765625,1972200
2017-08-10,172.07000732421875,172.6699981689453,168.58999633789062,169.11000061035156,128.14198303222656,3443800
2017-08-11,169.82000732421875,170.6300048828125,168.75999450683594,169.42999267578125,128.38442993164062,1571600
2017-08-14,170.27999877929688,172.0800018310547,169.97000122070312,171.6699981689453,130.081787109375,1915800
2017-08-15,171.10000610351562,171.4499969482422,169.75999450683594,170.0399932861328,129.71560668945312,1956300
2017-08-16,170.25999450683594,172.63999938964844,170.13999938964844,171.38999938964844,130.74545288085938,1618800
2017-08-17,170.69000244140625,171.0,167.8000030517578,167.80999755859375,128.01443481445312,2630600
2017-08-18,167.3699951171875,168.42999267578125,166.52000427246094,167.2899932861328,127.61775207519531,1741900
2017-08-21,167.4600067138672,168.63999938964844,167.00999450683594,168.16000366210938,128.2814483642578,1533300
2017-08-22,168.86000061035156,170.94000244140625,168.8300018310547,170.07000732421875,129.7384796142578,1933500
2017-08-23,169.66000366210938,169.94000244140625,168.75999450683594,169.0,128.9221954345703,1279400
2017-08-24,169.27999877929688,170.69000244140625,168.57000732421875,169.9499969482422,129.64694213867188,1922400
2017-08-25,170.82000732421875,171.57000732421875,169.39999389648438,169.74000549316406,129.4867401123047,1510800
2017-08-28,170.86000061035156,172.63999938964844,170.25999450683594,171.77999877929688,131.04302978515625,2359500
2017-08-29,170.66000366210938,172.35000610351562,170.35000610351562,172.22999572753906,131.38629150390625,1483000
2017-08-30,172.19000244140625,175.0800018310547,171.5399932861328,173.64999389648438,132.46957397460938,2310900
2017-08-31,173.74000549316406,178.63999938964844,173.74000549316406,177.77000427246094,135.61244201660156,3977500
2017-09-01,178.13999938964844,179.72999572753906,177.3000030517578,178.7100067138672,136.32952880859375,2431900
2017-09-05,178.0,178.5,175.36000061035156,176.74000549316406,134.82675170898438,1959900
2017-09-06,177.58999633789062,179.0800018310547,176.36000061035156,178.3800048828125,136.07772827148438,2242300
2017-09-07,178.5,182.77000427246094,177.27999877929688,180.7100067138672,137.8553009033203,2985300
2017-09-08,180.92999267578125,182.66000366210938,179.52000427246094,180.63999938964844,137.8018341064453,1993900
2017-09-11,182.5399932861328,186.7100067138672,182.5399932861328,186.49000549316406,142.2645263671875,3791200
2017-09-12,187.0,191.0399932861328,186.77999877929688,191.0,145.70506286621094,3894300
2017-09-13,189.89999389648438,190.94000244140625,187.7100067138672,189.6999969482422,144.71328735351562,3031400
2017-09-14,188.3699951171875,191.10000610351562,187.80999755859375,189.44000244140625,144.51495361328125,2318400
2017-09-15,189.66000366210938,189.66000366210938,186.30999755859375,187.47000122070312,143.01210021972656,5349000
2017-09-18,187.7899932861328,188.55999755859375,186.1199951171875,186.47000122070312,142.249267578125,2443800
2017-09-19,186.80999755859375,187.44000244140625,185.80999755859375,186.32000732421875,142.1348876953125,2066100
2017-09-20,186.0800018310547,188.5500030517578,185.4199981689453,188.1699981689453,143.54612731933594,2685400
2017-09-21,188.32000732421875,188.9600067138672,186.5,186.63999938964844,142.37896728515625,2082200
2017-09-22,185.47999572753906,186.82000732421875,184.0,185.75999450683594,141.7076416015625,2275600
2017-09-25,185.50999450683594,188.02999877929688,185.50999450683594,186.2899932861328,142.11196899414062,2545400
2017-09-26,186.50999450683594,187.5500030517578,185.39999389648438,185.60000610351562,141.58560180664062,2307900
2017-09-27,185.0500030517578,186.8800048828125,183.89999389648438,184.8800048828125,141.0363311767578,2436700
2017-09-28,184.2899932861328,187.82000732421875,184.1300048828125,185.4600067138672,141.47877502441406,2576900
2017-09-29,185.6999969482422,186.5399932861328,183.1699981689453,186.4499969482422,142.23399353027344,3017300
2017-10-02,187.02999877929688,187.72999572753906,185.55999755859375,187.1699981689453,142.7832794189453,2682700
2017-10-03,188.0500030517578,188.22000122070312,185.6300048828125,187.22999572753906,142.82911682128906,1514200
2017-10-04,186.5500030517578,188.72000122070312,186.02000427246094,188.58999633789062,143.86651611328125,1660300
2017-10-05,189.0500030517578,190.0,184.30999755859375,186.85000610351562,142.5391845703125,4506600
2017-10-06,186.4600067138672,188.24000549316406,185.16000366210938,185.82000732421875,141.7534637451172,2032500
2017-10-09,185.9499969482422,186.83999633789062,184.39999389648438,185.4600067138672,141.47877502441406,1519600
2017-10-10,185.4600067138672,186.5800018310547,184.4600067138672,185.7899932861328,141.7305450439453,2036400
2017-10-11,185.27999877929688,185.5,182.67999267578125,184.14999389648438,140.4794464111328,3273200
2017-10-12,183.38999938964844,184.38999938964844,182.0399932861328,182.75999450683594,139.4190673828125,2223800
2017-10-13,182.63999938964844,183.35000610351562,182.00999450683594,183.00999450683594,139.6098175048828,2331500
2017-10-16,182.9600067138672,184.1999969482422,181.1999969482422,181.89999389648438,138.7630157470703,2211500
2017-10-17,182.02999877929688,187.05999755859375,181.1300048828125,186.19000244140625,142.03565979003906,3753700
2017-10-18,187.85000610351562,188.83999633789062,185.8300018310547,186.27999877929688,142.10433959960938,2580200
2017-10-19,185.99000549316406,186.97999572753906,183.25,184.1199951171875,140.4565887451172,2563600
2017-10-20,184.08999633789062,184.82000732421875,181.2899932861328,182.9600067138672,139.5717010498047,3179200
2017-10-23,183.25,183.6199951171875,180.3699951171875,180.52999877929688,137.71795654296875,2571200
2017-10-24,181.25999450683594,181.5399932861328,177.22999572753906,180.3699951171875,137.5959014892578,3449800
2017-10-25,179.10000610351562,180.0399932861328,176.55999755859375,177.5,135.406494140625,4052500
2017-10-26,170.8699951171875,177.44000244140625,169.67999267578125,176.52000427246094,134.65890502929688,5998500
2017-10-27,175.35000610351562,176.42999267578125,173.2899932861328,175.27999877929688,133.71298217773438,3478600
2017-10-30,175.5,176.8000030517578,173.5800018310547,174.58999633789062,133.18658447265625,2550800
2017-10-31,174.14999389648438,176.19000244140625,174.14999389648438,175.22000122070312,133.6671905517578,2906600
2017-11-01,175.3000030517578,177.30999755859375,174.72000122070312,175.4199981689453,133.81976318359375,2734900
2017-11-02,174.77000427246094,175.3800048828125,171.25999450683594,172.41000366210938,131.52357482910156,4029300
2017-11-03,172.10000610351562,174.02999877929688,171.60000610351562,173.44000244140625,132.30931091308594,2433100
2017-11-06,172.86000061035156,173.3300018310547,170.69000244140625,170.8000030517578,130.2953643798828,2692000
2017-11-07,170.61000061035156,174.75,170.61000061035156,173.47999572753906,132.33981323242188,3097100
2017-11-08,174.0,174.64999389648438,173.17999267578125,173.5800018310547,132.4160919189453,2003400
2017-11-09,172.75,174.22999572753906,171.30999755859375,174.0,132.7364959716797,2005100
2017-11-10,173.14999389648438,173.47999572753906,171.19000244140625,172.35000610351562,131.4778289794922,1927400
2017-11-13,171.5800018310547,172.94000244140625,171.10000610351562,171.5,130.82936096191406,2119800
2017-11-14,170.88999938964844,171.49000549316406,168.30999755859375,170.1300048828125,129.78428649902344,2604700
2017-11-15,170.19000244140625,170.52000427246094,168.3300018310547,169.3800048828125,129.21212768554688,3150600
2017-11-16,168.91000366210938,171.14999389648438,168.75,170.77000427246094,131.16302490234375,3131000
2017-11-17,170.6699981689453,171.08999633789062,169.5399932861328,170.0,130.5716552734375,2039700
2017-11-20,169.89999389648438,170.22000122070312,168.14999389648438,168.7899932861328,129.6422576904297,2012300
2017-11-21,169.35000610351562,170.49000549316406,168.88999938964844,169.83999633789062,130.44869995117188,2629600
2017-11-22,169.86000061035156,170.72999572753906,169.3300018310547,169.9600067138672,130.54087829589844,1533000
2017-11-24,169.5,170.75999450683594,169.49000549316406,170.1199951171875,130.6637725830078,999800
2017-11-27,170.55999755859375,171.25999450683594,169.55999755859375,169.7100067138672,130.348876953125,2150100
2017-11-28,170.57000732421875,170.66000366210938,169.42999267578125,170.25999450683594,130.7713165283203,2658700
2017-11-29,171.0,174.0,170.58999633789062,172.22999572753906,132.28440856933594,3244500
2017-11-30,172.6300048828125,176.05999755859375,172.6300048828125,175.66000366210938,134.91893005371094,3819400
2017-12-01,174.16000366210938,177.86000061035156,174.0500030517578,177.1999969482422,136.10171508789062,3389900
2017-12-04,178.4600067138672,180.74000549316406,178.16000366210938,178.69000244140625,137.24610900878906,4417100
2017-12-05,179.00999450683594,180.72999572753906,177.94000244140625,178.6699981689453,137.2307586669922,3589400
2017-12-06,179.4499969482422,179.47999572753906,174.67999267578125,176.22000122070312,135.34898376464844,2519700
2017-12-07,175.67999267578125,176.94000244140625,173.42999267578125,173.9600067138672,133.61317443847656,3102100
2017-12-08,174.42999267578125,175.97000122070312,173.42999267578125,175.41000366210938,134.7268524169922,3336300
2017-12-11,176.08999633789062,177.69000244140625,175.00999450683594,176.8300018310547,135.81752014160156,1874000
2017-12-12,176.8300018310547,176.99000549316406,174.1300048828125,176.25999450683594,135.3797149658203,2193700
2017-12-13,176.8699951171875,178.22000122070312,175.97000122070312,177.3800048828125,136.2399444580078,3166900
2017-12-14,177.44000244140625,177.97000122070312,174.5500030517578,174.9199981689453,134.35049438476562,2723600
2017-12-15,176.38999938964844,177.41000366210938,174.13999938964844,177.0399932861328,135.9788055419922,5796800
2017-12-18,177.86000061035156,178.6300048828125,176.02999877929688,176.13999938964844,135.28759765625,2799200
2017-12-19,176.1199951171875,177.27999877929688,175.41000366210938,176.8699951171875,135.84823608398438,2705000
2017-12-20,177.60000610351562,179.1699981689453,177.0399932861328,177.11000061035156,136.0325927734375,3246100
2017-12-21,177.57000732421875,178.22999572753906,176.4600067138672,176.67999267578125,135.70228576660156,2106400
2017-12-22,176.6199951171875,177.49000549316406,175.77000427246094,176.4199981689453,135.50257873535156,1477900
2017-12-26,176.17999267578125,176.9199981689453,175.5,176.08999633789062,135.2490997314453,1339200
2017-12-27,176.44000244140625,177.27999877929688,176.08999633789062,176.2100067138672,135.34132385253906,1403900
2017-12-28,176.77000427246094,177.0,175.05999755859375,175.25,134.6039581298828,1637700
2017-12-29,175.25,176.05999755859375,173.75999450683594,173.89999389648438,133.5670166015625,1948600
2018-01-02,175.35000610351562,177.82000732421875,174.4199981689453,177.0,135.94805908203125,2301100
2018-01-03,176.91000366210938,181.44000244140625,175.75999450683594,180.33999633789062,138.51339721679688,3084000
2018-01-04,180.6300048828125,180.86000061035156,178.75,179.5800018310547,137.92967224121094,2021100
2018-01-05,180.83999633789062,180.8800048828125,179.02999877929688,180.64999389648438,138.75149536132812,2211400
2018-01-08,180.47999572753906,181.25,178.42999267578125,180.60000610351562,138.71316528320312,2356200
2018-01-09,180.52999877929688,184.52999877929688,180.1199951171875,183.3800048828125,140.84835815429688,3031700
2018-01-10,182.66000366210938,183.6999969482422,180.3699951171875,182.86000061035156,140.44894409179688,2542700
2018-01-11,182.86000061035156,182.86000061035156,181.10000610351562,181.9600067138672,139.75770568847656,2101300
2018-01-12,182.33999633789062,185.61000061035156,181.75,185.0399932861328,142.1233367919922,3111400
2018-01-16,185.6199951171875,187.4499969482422,184.1699981689453,185.5399932861328,142.50733947753906,3374600
2018-01-17,187.6999969482422,189.3000030517578,185.89999389648438,188.00999450683594,144.4044952392578,4018200
2018-01-18,187.4499969482422,188.55999755859375,185.5,187.58999633789062,144.08192443847656,3084900
2018-01-19,188.36000061035156,189.72000122070312,187.60000610351562,189.27999877929688,145.37994384765625,3652300
2018-01-22,189.72999572753906,192.57000732421875,189.42999267578125,192.3300018310547,147.7225341796875,3579800
2018-01-23,193.0,196.02999877929688,191.60000610351562,191.99000549316406,147.46142578125,3486700
2018-01-24,192.75,192.94000244140625,189.50999450683594,190.6300048828125,146.41685485839844,2765700
2018-01-25,191.39999389648438,191.8000030517578,188.89999389648438,190.0800018310547,145.99447631835938,2470300
2018-01-26,191.0500030517578,196.8000030517578,190.99000549316406,196.00999450683594,150.5490264892578,3920300
2018-01-29,196.2100067138672,201.22999572753906,195.64999389648438,198.0,152.0774688720703,4565700
2018-01-30,196.17999267578125,196.47000122070312,190.5500030517578,191.27000427246094,146.90841674804688,3990800
2018-01-31,191.63999938964844,192.27000427246094,184.64999389648438,186.0500030517578,142.8990936279297,4677700
2018-02-01,185.0,186.8300018310547,182.3300018310547,185.55999755859375,142.52272033691406,4078100
2018-02-02,183.4600067138672,192.60000610351562,183.00999450683594,187.00999450683594,143.63645935058594,7029400
2018-02-05,186.82000732421875,188.60000610351562,174.6199951171875,174.75,134.21990966796875,6922800
2018-02-06,177.99000549316406,180.27999877929688,172.0399932861328,176.64999389648438,135.67929077148438,7527700
2018-02-07,176.25,180.99000549316406,176.0,177.47000122070312,136.30908203125,5715700
2018-02-08,177.92999267578125,180.4199981689453,173.0,173.1199951171875,132.96798706054688,6026800
2018-02-09,174.1300048828125,175.4600067138672,168.25,173.4600067138672,133.2291259765625,6093900
2018-02-12,174.3000030517578,176.6699981689453,173.0,174.8699951171875,134.3120880126953,4324800
2018-02-13,173.8699951171875,176.6999969482422,172.4600067138672,175.94000244140625,135.13397216796875,3834700
2018-02-14,174.0800018310547,180.30999755859375,174.05999755859375,179.52000427246094,138.92587280273438,5958700
2018-02-15,180.0,185.0,179.89999389648438,183.60000610351562,142.0833282470703,4493400
2018-02-16,183.8000030517578,186.1199951171875,182.67999267578125,183.5500030517578,142.04464721679688,4365800
2018-02-20,182.88999938964844,184.30999755859375,182.13999938964844,182.97999572753906,141.603515625,4078400
2018-02-21,183.19000244140625,185.5,182.39999389648438,182.42999267578125,141.17787170410156,4054600
2018-02-22,182.50999450683594,185.16000366210938,182.00999450683594,182.4499969482422,141.19337463378906,3868200
2018-02-23,183.6300048828125,186.7899932861328,182.77000427246094,186.6699981689453,144.45913696289062,4163400
2018-02-26,187.4600067138672,190.3699951171875,187.02999877929688,188.5,145.87530517578125,4943600
2018-02-27,188.8300018310547,190.10000610351562,185.5500030517578,185.7899932861328,143.77810668945312,5016100
2018-02-28,185.8800048828125,187.38999938964844,183.69000244140625,183.77000427246094,142.21487426757812,4544000
2018-03-01,184.2100067138672,185.57000732421875,180.3800048828125,183.2899932861328,141.84339904785156,11757800
2018-03-02,181.05999755859375,185.8000030517578,181.0500030517578,185.0800018310547,143.22866821289062,19115500
2018-03-05,185.0500030517578,190.69000244140625,185.0,190.1300048828125,147.13668823242188,15187800
2018-03-06,188.1999969482422,191.63999938964844,186.92999267578125,190.35000610351562,147.30694580078125,18446500
2018-03-07,189.72999572753906,190.22000122070312,186.41000366210938,187.52999877929688,145.1246337890625,7009900
2018-03-08,187.89999389648438,188.39999389648438,185.50999450683594,187.16000366210938,144.83831787109375,9192600
2018-03-09,188.0,191.3800048828125,186.32000732421875,191.10000610351562,147.88742065429688,5674100
2018-03-12,189.5,190.38999938964844,188.32000732421875,189.3000030517578,146.494384765625,6972400
2018-03-13,189.60000610351562,190.8300018310547,188.6300048828125,189.75,146.84268188476562,4712900
2018-03-14,191.17999267578125,192.6199951171875,189.8000030517578,190.57000732421875,147.4771728515625,3613300
2018-03-15,190.0500030517578,190.8800048828125,187.91000366210938,189.75,146.84268188476562,3320500
2018-03-16,189.75,190.25,187.22999572753906,188.24000549316406,145.6741180419922,16878400
2018-03-19,187.2899932861328,187.92999267578125,180.6699981689453,182.5500030517578,141.270751953125,3970400
2018-03-20,183.05999755859375,184.02000427246094,181.1699981689453,182.02999877929688,140.86831665039062,2582200
2018-03-21,181.42999267578125,184.0399932861328,181.39999389648438,181.58999633789062,140.52783203125,2531100
2018-03-22,179.9199981689453,180.75,176.0,176.0800018310547,136.26382446289062,3553000
2018-03-23,176.57000732421875,179.17999267578125,169.35000610351562,169.42999267578125,131.11753845214844,4529600
2018-03-26,172.77999877929688,175.8699951171875,170.11000061035156,175.19000244140625,135.5750274658203,4217100
2018-03-27,176.16000366210938,176.36000061035156,169.82000732421875,171.14999389648438,132.44857788085938,3963100
2018-03-28,171.35000610351562,172.5,168.02000427246094,170.4600067138672,131.9146270751953,4545900
2018-03-29,170.99000549316406,172.24000549316406,169.63999938964844,170.47999572753906,131.9300537109375,3769800
2018-04-02,169.9199981689453,170.5800018310547,163.30999755859375,166.0500030517578,128.50186157226562,4759800
2018-04-03,166.97000122070312,169.22000122070312,165.0800018310547,168.22000122070312,130.18113708496094,3374000
2018-04-04,166.1699981689453,174.27000427246094,165.8800048828125,173.52000427246094,134.28268432617188,3796700
2018-04-05,174.0,174.42999267578125,170.99000549316406,172.0,133.10635375976562,2766600
2018-04-06,170.86000061035156,171.72000122070312,166.1999969482422,168.13999938964844,130.11920166015625,3747800
2018-04-09,169.1999969482422,172.9499969482422,167.99000549316406,169.6199951171875,131.26454162597656,3856800
2018-04-10,170.88999938964844,173.8800048828125,170.11000061035156,173.1300048828125,133.9808807373047,2872300
2018-04-11,171.8000030517578,174.07000732421875,171.60000610351562,172.41000366210938,133.42367553710938,2575900
2018-04-12,172.67999267578125,174.11000061035156,170.9600067138672,171.02000427246094,132.34799194335938,3471400
2018-04-13,172.11000061035156,172.42999267578125,170.7899932861328,171.47999572753906,132.70391845703125,2656400
2018-04-16,172.75,173.1300048828125,171.07000732421875,171.3800048828125,132.6265869140625,2656400
2018-04-17,173.0,175.6300048828125,171.5800018310547,174.8800048828125,135.3351593017578,3283900
2018-04-18,174.61000061035156,176.16000366210938,174.44000244140625,175.11000061035156,135.51309204101562,2205600
2018-04-19,174.47000122070312,175.39999389648438,171.7899932861328,172.92999267578125,133.8260498046875,2269400
2018-04-20,173.10000610351562,173.47000122070312,170.57000732421875,171.55999755859375,132.7658233642578,2958600
2018-04-23,171.6199951171875,176.97000122070312,171.25,174.66000366210938,135.16485595703125,3568700
2018-04-24,175.5500030517578,175.75999450683594,170.52999877929688,171.94000244140625,133.0599365234375,4389400
2018-04-25,173.66000366210938,175.44000244140625,170.33999633789062,174.8300018310547,135.2964630126953,4693800
2018-04-26,175.4199981689453,176.67999267578125,171.7899932861328,175.3699951171875,135.71434020996094,3682400
2018-04-27,174.9199981689453,177.9199981689453,174.86000061035156,177.4600067138672,137.3317108154297,2424800
2018-04-30,177.91000366210938,178.74000549316406,174.35000610351562,174.47999572753906,135.02557373046875,3608700
2018-05-01,172.14999389648438,173.99000549316406,167.97999572753906,169.27999877929688,131.00140380859375,4799400
2018-05-02,169.3000030517578,171.07000732421875,168.3000030517578,169.42999267578125,131.11753845214844,4085700
2018-05-03,169.27999877929688,170.33999633789062,166.0500030517578,166.38999938964844,128.7649383544922,4152900
2018-05-04,165.9600067138672,169.5,165.22000122070312,167.97999572753906,129.99539184570312,3430000
2018-05-07,168.5800018310547,169.92999267578125,167.5,168.05999755859375,130.05731201171875,3175800
2018-05-08,168.80999755859375,170.5,167.5,168.49000549316406,130.39007568359375,3937700
2018-05-09,168.6999969482422,170.52999877929688,167.08999633789062,169.63999938964844,131.28005981445312,2861400
2018-05-10,170.25999450683594,171.49000549316406,169.36000061035156,170.77000427246094,132.15447998046875,2947100
2018-05-11,170.3800048828125,174.35000610351562,170.02999877929688,173.88999938964844,134.5690155029297,3740500
2018-05-14,174.10000610351562,177.8000030517578,173.0399932861328,175.9600067138672,136.1708984375,3370600
2018-05-15,174.80999755859375,175.30999755859375,171.10000610351562,172.33999633789062,133.36952209472656,4491700
2018-05-16,171.35000610351562,174.5800018310547,170.6199951171875,173.8000030517578,135.53746032714844,2494200
2018-05-17,173.30999755859375,175.42999267578125,172.52999877929688,174.64999389648438,136.20033264160156,2268400
2018-05-18,176.50999450683594,177.33999633789062,174.69000244140625,176.3000030517578,137.48707580566406,3377200
2018-05-21,177.1199951171875,177.94000244140625,175.89999389648438,176.47000122070312,137.61965942382812,2557200
2018-05-22,176.7100067138672,179.57000732421875,176.50999450683594,178.36000061035156,139.0935516357422,2742700
2018-05-23,177.1199951171875,179.99000549316406,176.66000366210938,179.94000244140625,140.3257598876953,2242000
2018-05-24,180.0,180.25999450683594,176.99000549316406,177.9600067138672,138.78163146972656,2386100
2018-05-25,177.9600067138672,179.0800018310547,177.60000610351562,178.24000549316406,138.99998474121094,1812000
2018-05-29,176.99000549316406,178.3800048828125,175.77000427246094,177.44000244140625,138.37611389160156,2382000
2018-05-30,178.2899932861328,181.77999877929688,178.00999450683594,180.24000549316406,140.55970764160156,3419200
2018-05-31,180.30999755859375,180.9499969482422,178.3800048828125,179.6199951171875,140.076171875,5247200
2018-06-01,180.75,184.77000427246094,180.36000061035156,183.57000732421875,143.15660095214844,2892800
2018-06-04,183.17999267578125,185.97000122070312,182.8300018310547,185.44000244140625,144.61489868164062,2298800
2018-06-05,182.8000030517578,184.7100067138672,179.7899932861328,181.72999572753906,141.72164916992188,3980800
2018-06-06,182.00999450683594,184.14999389648438,180.8699951171875,183.5500030517578,143.1409912109375,2213100
2018-06-07,183.47000122070312,184.0500030517578,182.50999450683594,183.3000030517578,142.94601440429688,2729600
2018-06-08,183.88999938964844,185.64999389648438,183.60000610351562,184.3000030517578,143.7258758544922,2865000
2018-06-11,184.13999938964844,184.82000732421875,182.92999267578125,184.61000061035156,143.9676513671875,2409400
2018-06-12,184.27000427246094,185.1199951171875,183.41000366210938,185.07000732421875,144.32638549804688,2045300
2018-06-13,185.36000061035156,186.57000732421875,183.4499969482422,183.67999267578125,143.2423553466797,2243900
2018-06-14,184.08999633789062,186.07000732421875,182.6999969482422,185.7899932861328,144.88784790039062,2289600
2018-06-15,186.47000122070312,186.74000549316406,184.02000427246094,185.00999450683594,144.27955627441406,6474500
2018-06-18,184.1300048828125,184.5,182.3800048828125,183.9499969482422,143.452880859375,2370700
2018-06-19,182.8300018310547,186.33999633789062,182.8300018310547,186.19000244140625,145.19979858398438,2538500
2018-06-20,186.25,187.50999450683594,184.74000549316406,186.50999450683594,145.44932556152344,2415200
2018-06-21,186.50999450683594,186.50999450683594,184.4199981689453,185.99000549316406,145.04379272460938,2206400
2018-06-22,186.30999755859375,188.08999633789062,184.8300018310547,185.14999389648438,144.3887176513672,11153100
2018-06-25,185.00999450683594,186.69000244140625,184.07000732421875,185.36000061035156,144.552490234375,2678200
2018-06-26,185.33999633789062,185.9499969482422,183.97999572753906,184.58999633789062,143.95201110839844,2070600
2018-06-27,184.9199981689453,187.36000061035156,183.47000122070312,183.52999877929688,143.12535095214844,2354800
2018-06-28,183.16000366210938,184.5800018310547,181.6999969482422,183.33999633789062,142.97723388671875,2286300
2018-06-29,183.58999633789062,186.0500030517578,183.58999633789062,184.58999633789062,143.95201110839844,2606200
2018-07-02,184.08999633789062,185.4600067138672,182.6999969482422,185.2899932861328,144.4979248046875,2069800
2018-07-03,186.4499969482422,187.39999389648438,185.57000732421875,185.7100067138672,144.82542419433594,1348000
2018-07-05,186.13999938964844,188.1699981689453,185.61000061035156,187.36000061035156,146.11219787597656,1801000
2018-07-06,188.57000732421875,191.49000549316406,188.00999450683594,191.00999450683594,148.95858764648438,2751600
2018-07-09,191.5,194.38999938964844,191.1699981689453,194.1699981689453,151.42294311523438,3065500
2018-07-10,194.1699981689453,196.14999389648438,192.5399932861328,195.69000244140625,152.60830688476562,2757000
2018-07-11,194.60000610351562,195.19000244140625,192.52000427246094,193.14999389648438,150.62745666503906,2431400
2018-07-12,194.19000244140625,194.25999450683594,192.55999755859375,194.0800018310547,151.35276794433594,2251900
2018-07-13,194.99000549316406,196.75,193.3800048828125,195.91000366210938,152.7799072265625,2232000
2018-07-16,195.7100067138672,196.57000732421875,194.11000061035156,194.8800048828125,151.97665405273438,1824800
2018-07-17,192.3699951171875,194.89999389648438,192.11000061035156,193.9199981689453,151.22801208496094,2567300
2018-07-18,193.25,194.0,192.0500030517578,192.8000030517578,150.3545684814453,2215800
2018-07-19,191.86000061035156,192.85000610351562,190.2899932861328,191.75999450683594,149.54351806640625,2539200
2018-07-20,191.47999572753906,191.47999572753906,189.49000549316406,190.49000549316406,148.55308532714844,2252200
2018-07-23,190.11000061035156,190.97000122070312,189.16000366210938,189.97000122070312,148.14759826660156,1767000
2018-07-24,191.25,193.1999969482422,190.5,191.39999389648438,149.26275634765625,2440400
2018-07-25,191.6199951171875,193.4600067138672,190.77000427246094,193.0399932861328,150.541748046875,2009300
2018-07-26,195.02999877929688,195.58999633789062,192.67999267578125,194.0500030517578,151.3293914794922,2835800
2018-07-27,196.0,196.22000122070312,189.57000732421875,192.44000244140625,150.07382202148438,4100200
2018-07-30,191.5,192.2100067138672,189.94000244140625,190.6300048828125,148.6622772216797,2984700
2018-07-31,191.0,197.49000549316406,190.8699951171875,196.5500030517578,153.2790069580078,4429300
2018-08-01,196.3300018310547,196.97999572753906,194.6999969482422,195.83999633789062,152.7252960205078,2632800
2018-08-02,194.63999938964844,197.4199981689453,192.72999572753906,196.3800048828125,153.14645385742188,2500400
2018-08-03,196.27000427246094,198.41000366210938,196.10000610351562,197.99000549316406,154.40199279785156,2176200
2018-08-06,197.44000244140625,199.8300018310547,196.52000427246094,197.61000061035156,154.1056365966797,1913800
2018-08-07,197.69000244140625,200.89999389648438,197.63999938964844,200.39999389648438,156.2813720703125,2349800
2018-08-08,198.5,198.5,195.07000732421875,196.1999969482422,153.00604248046875,3145900
2018-08-09,195.42999267578125,196.32000732421875,193.8300018310547,193.97000122070312,151.26699829101562,2766500
2018-08-10,193.3000030517578,195.17999267578125,192.25999450683594,194.4199981689453,151.617919921875,1769100
2018-08-13,194.69000244140625,196.32000732421875,193.72000122070312,195.61000061035156,152.54592895507812,1802900
2018-08-14,195.94000244140625,196.9600067138672,194.88999938964844,195.75999450683594,152.66294860839844,1240200
2018-08-15,194.8300018310547,195.47999572753906,192.88999938964844,195.25999450683594,152.27297973632812,1900200
2018-08-16,194.4600067138672,197.1300048828125,192.72999572753906,196.44000244140625,154.23587036132812,2361700
2018-08-17,196.24000549316406,198.50999450683594,195.27999877929688,197.4199981689453,155.00534057617188,2183800
2018-08-20,197.88999938964844,198.5,196.8699951171875,197.55999755859375,155.11526489257812,1747900
2018-08-21,197.92999267578125,198.39999389648438,196.72999572753906,197.30999755859375,154.91896057128906,1666900
2018-08-22,197.14999389648438,198.75,195.8300018310547,197.83999633789062,155.33509826660156,1709300
2018-08-23,197.3699951171875,197.75,195.6199951171875,196.60000610351562,154.3614959716797,1351200
2018-08-24,196.8800048828125,197.5,195.60000610351562,196.63999938964844,154.39291381835938,1358500
2018-08-27,197.52000427246094,198.66000366210938,196.7899932861328,198.60000610351562,155.93182373046875,2034400
2018-08-28,199.02000427246094,199.8300018310547,198.0,198.6199951171875,155.947509765625,1644200
2018-08-29,197.7899932861328,200.0,196.9199981689453,199.75,156.8347625732422,1775100
2018-08-30,199.5800018310547,200.69000244140625,198.6999969482422,200.35000610351562,157.30581665039062,1992500
2018-08-31,199.8300018310547,200.47000122070312,198.38999938964844,199.80999755859375,156.88186645507812,2981400
2018-09-04,199.25,199.75,195.3300018310547,196.72999572753906,154.4635772705078,2293500
2018-09-05,197.1300048828125,198.6699981689453,196.85000610351562,197.75,155.26441955566406,1809000
2018-09-06,197.5500030517578,198.58999633789062,195.1199951171875,196.14999389648438,154.00816345214844,1797300
2018-09-07,195.42999267578125,197.5500030517578,194.75,196.3000030517578,154.12596130371094,2604100
2018-09-10,197.36000061035156,203.69000244140625,196.38999938964844,202.5,158.993896484375,4310800
2018-09-11,201.0,203.0,199.27000427246094,199.47000122070312,156.61488342285156,3386000
2018-09-12,199.67999267578125,201.5,198.13999938964844,199.5,156.6384735107422,2133500
2018-09-13,200.24000549316406,203.08999633789062,199.41000366210938,202.92999267578125,159.33155822753906,2780200
2018-09-14,203.63999938964844,204.4199981689453,200.0,200.5800018310547,157.4864501953125,2504200
2018-09-17,200.2899932861328,201.4499969482422,199.50999450683594,200.80999755859375,157.66700744628906,1950100
2018-09-18,200.4199981689453,203.8699951171875,199.1999969482422,202.33999633789062,158.86830139160156,1982300
2018-09-19,202.69000244140625,204.39999389648438,201.57000732421875,203.1999969482422,159.5435333251953,2204600
2018-09-20,203.60000610351562,205.25,203.02000427246094,205.10000610351562,161.03530883789062,2225000
2018-09-21,205.66000366210938,206.6199951171875,204.1699981689453,205.10000610351562,161.03530883789062,7314000
2018-09-24,204.52999877929688,207.6699981689453,204.11000061035156,207.2100067138672,162.69203186035156,2642000
2018-09-25,208.27999877929688,208.89999389648438,206.25999450683594,206.4600067138672,162.10316467285156,2556200
2018-09-26,206.2899932861328,208.8800048828125,206.2899932861328,206.8300018310547,162.39361572265625,2162600
2018-09-27,207.41000366210938,210.19000244140625,206.83999633789062,208.88999938964844,164.0110626220703,2571200
2018-09-28,208.5399932861328,208.8000030517578,206.77000427246094,207.2899932861328,162.7548065185547,3238200
2018-10-01,207.72999572753906,209.33999633789062,206.6199951171875,206.91000366210938,162.45645141601562,2518100
2018-10-02,206.4199981689453,208.10000610351562,206.08999633789062,207.6699981689453,163.05313110351562,2172100
2018-10-03,208.25,208.25,206.63999938964844,206.89999389648438,162.44857788085938,2258800
2018-10-04,206.08999633789062,207.14999389648438,200.80999755859375,203.47000122070312,159.75552368164062,3219800
2018-10-05,204.4499969482422,206.08999633789062,201.8300018310547,204.02000427246094,160.18736267089844,2481000
2018-10-08,203.3699951171875,206.1300048828125,203.22999572753906,205.57000732421875,161.4043426513672,2878100
2018-10-09,205.75,208.0800018310547,204.49000549316406,206.0,161.74197387695312,2509100
2018-10-10,205.0,206.35000610351562,200.77000427246094,201.1999969482422,157.9731903076172,4148000
2018-10-11,201.5500030517578,202.9600067138672,192.3800048828125,193.85000610351562,152.2023468017578,4175000
2018-10-12,195.6199951171875,198.08999633789062,194.14999389648438,197.38999938964844,154.9818115234375,3231400
2018-10-15,196.1999969482422,198.41000366210938,195.0,195.58999633789062,153.5685272216797,2091100
2018-10-16,197.22000122070312,202.67999267578125,196.22000122070312,202.33999633789062,158.86830139160156,2261500
2018-10-17,201.41000366210938,203.30999755859375,198.94000244140625,202.77000427246094,159.20591735839844,2459700
2018-10-18,203.1699981689453,204.50999450683594,200.27999877929688,202.72000122070312,159.16665649414062,2433600
2018-10-19,202.74000549316406,205.1199951171875,201.4499969482422,201.8000030517578,158.44432067871094,2692500
2018-10-22,201.16000366210938,201.8000030517578,197.47000122070312,198.02000427246094,155.4763946533203,2717500
2018-10-23,196.3000030517578,199.08999633789062,193.72000122070312,197.63999938964844,155.17803955078125,2553500
2018-10-24,196.94000244140625,197.9600067138672,187.3699951171875,187.8800048828125,147.5149383544922,4288300
2018-10-25,188.66000366210938,190.5,181.30999755859375,188.10000610351562,147.6876983642578,4983700
2018-10-26,185.39999389648438,187.3300018310547,183.27999877929688,185.97999572753906,146.023193359375,4580400
2018-10-29,189.32000732421875,190.91000366210938,184.8000030517578,188.19000244140625,147.7583465576172,3829500
2018-10-30,189.42999267578125,191.0,187.02999877929688,189.0800018310547,148.45712280273438,4040600
2018-10-31,189.0800018310547,195.3300018310547,189.0399932861328,192.7899932861328,151.3700714111328,4541000
2018-11-01,192.80999755859375,194.3800048828125,190.9600067138672,192.89999389648438,151.4564208984375,2827300
2018-11-02,194.2899932861328,195.35000610351562,185.8300018310547,187.05999755859375,146.87109375,3696300
2018-11-05,187.67999267578125,190.72000122070312,187.5500030517578,189.9199981689453,149.1166534423828,2713500
2018-11-06,190.2100067138672,192.6999969482422,189.52000427246094,190.75,149.768310546875,2139000
2018-11-07,192.80999755859375,197.72999572753906,192.00999450683594,197.6199951171875,155.16232299804688,3077800
2018-11-08,197.5399932861328,198.27999877929688,195.27999877929688,196.02000427246094,153.90611267089844,2636600
2018-11-09,195.3699951171875,196.91000366210938,192.17999267578125,193.16000366210938,151.66058349609375,2344900
2018-11-12,193.64999389648438,194.72000122070312,190.47999572753906,191.55999755859375,150.40428161621094,2109100
2018-11-13,192.91000366210938,194.82000732421875,191.02999877929688,191.5500030517578,150.39646911621094,2232200
2018-11-14,192.02999877929688,193.39999389648438,189.66000366210938,190.36000061035156,149.462158203125,2850300
2018-11-15,188.33999633789062,192.6300048828125,187.1199951171875,192.4499969482422,152.15821838378906,2607100
2018-11-16,192.36000061035156,195.24000549316406,191.69000244140625,194.17999267578125,153.52598571777344,3862300
2018-11-19,194.9199981689453,196.77000427246094,192.8699951171875,194.91000366210938,154.10316467285156,2629900
2018-11-20,196.32000732421875,198.67999267578125,192.75999450683594,196.44000244140625,155.31285095214844,3288800
2018-11-21,195.1699981689453,197.5500030517578,192.61000061035156,192.77000427246094,152.4112091064453,2173600
2018-11-23,191.25,194.47999572753906,190.77000427246094,192.57000732421875,152.2530975341797,1349200
2018-11-26,194.94000244140625,196.30999755859375,192.49000549316406,194.3000030517578,153.6209259033203,2194600
2018-11-27,193.16000366210938,197.22999572753906,191.8699951171875,197.10000610351562,155.83468627929688,2329200
2018-11-28,196.9600067138672,202.02000427246094,196.05999755859375,201.4199981689453,159.25022888183594,2617800
2018-11-29,199.77999877929688,204.0,199.52999877929688,202.3699951171875,160.0013427734375,1937800
2018-11-30,202.14999389648438,208.99000549316406,201.7899932861328,208.25,164.6502685546875,4537200
2018-12-03,208.10000610351562,208.3000030517578,200.3800048828125,202.92999267578125,160.44412231445312,4035300
2018-12-04,204.60000610351562,205.74000549316406,197.2899932861328,197.75999450683594,156.35650634765625,3881100
2018-12-06,195.72000122070312,199.00999450683594,193.1999969482422,199.00999450683594,157.3448028564453,3437300
2018-12-07,197.88999938964844,198.39999389648438,191.0500030517578,191.44000244140625,151.3596649169922,3152400
2018-12-10,193.02999877929688,194.7899932861328,188.19000244140625,194.08999633789062,153.454833984375,2718300
2018-12-11,195.91000366210938,198.41000366210938,194.33999633789062,196.17999267578125,155.10731506347656,3047500
2018-12-12,198.08999633789062,199.44000244140625,196.3000030517578,196.41000366210938,155.2891082763672,2665600
2018-12-13,196.77000427246094,197.66000366210938,195.22000122070312,197.52999877929688,156.17469787597656,2129800
2018-12-14,195.0399932861328,196.14999389648438,191.66000366210938,192.07000732421875,151.8577423095703,2981300
2018-12-17,192.24000549316406,194.4499969482422,188.63999938964844,190.0800018310547,150.28440856933594,2919400
2018-12-18,191.44000244140625,191.94000244140625,184.41000366210938,187.10000610351562,147.9282989501953,3164300
2018-12-19,187.02000427246094,191.75999450683594,182.52999877929688,185.49000549316406,146.6553497314453,3995400
2018-12-20,185.05999755859375,186.5399932861328,182.72000122070312,184.9600067138672,146.23634338378906,3806200
2018-12-21,183.85000610351562,187.61000061035156,179.2100067138672,180.2100067138672,142.48080444335938,7829800
2018-12-24,179.5,182.92999267578125,178.2899932861328,178.39999389648438,141.04977416992188,2205100
2018-12-26,179.0399932861328,188.02999877929688,178.8800048828125,187.86000061035156,148.52919006347656,2868200
2018-12-27,185.36000061035156,190.41000366210938,183.6199951171875,190.3300018310547,150.4820556640625,3137900
2018-12-28,191.6300048828125,194.58999633789062,190.05999755859375,190.72999572753906,150.79832458496094,2477500
2018-12-31,191.92999267578125,195.8000030517578,191.61000061035156,194.6699981689453,153.9133758544922,2764800
2019-01-02,192.52000427246094,193.1999969482422,188.9499969482422,191.89999389648438,151.72337341308594,3009100
2019-01-03,192.14999389648438,194.17999267578125,188.6699981689453,188.97999572753906,149.41468811035156,3973900
2019-01-04,191.4600067138672,196.52000427246094,190.83999633789062,195.44000244140625,154.522216796875,4193400
2019-01-07,194.75999450683594,199.36000061035156,194.0,198.07000732421875,156.60159301757812,3032500
2019-01-08,199.1999969482422,201.1199951171875,196.67999267578125,200.61000061035156,158.60977172851562,3290300
2019-01-09,202.36000061035156,202.89999389648438,199.6300048828125,200.3699951171875,158.42005920410156,2869700
2019-01-10,200.3699951171875,203.52000427246094,199.47000122070312,202.67999267578125,160.2464141845703,3131300
2019-01-11,200.63999938964844,200.99000549316406,198.0,200.55999755859375,158.57029724121094,3379700
2019-01-14,199.49000549316406,200.0,196.66000366210938,196.77999877929688,155.5816650390625,3378600
2019-01-15,196.3000030517578,199.99000549316406,196.0399932861328,199.3800048828125,157.6373291015625,2859800
2019-01-16,199.3000030517578,200.44000244140625,197.60000610351562,198.88999938964844,157.2499237060547,3302400
2019-01-17,198.3800048828125,202.52999877929688,197.97999572753906,201.9199981689453,159.6455841064453,2440200
2019-01-18,203.3300018310547,204.3300018310547,201.0399932861328,203.8800048828125,161.19522094726562,3095000
2019-01-22,202.6199951171875,203.47999572753906,200.77999877929688,201.97999572753906,159.69296264648438,3173100
2019-01-23,201.99000549316406,203.9499969482422,200.1300048828125,201.55999755859375,159.3609161376953,1917500
2019-01-24,201.61000061035156,202.39999389648438,199.74000549316406,200.97000122070312,158.89443969726562,2390800
2019-01-25,201.9499969482422,202.22999572753906,196.8800048828125,198.77000427246094,157.155029296875,4383600
2019-01-28,194.97000122070312,194.97000122070312,190.00999450683594,191.9499969482422,151.7628936767578,4186200
2019-01-29,192.17999267578125,193.6699981689453,190.8000030517578,192.11000061035156,151.889404296875,3182100
2019-01-30,188.88999938964844,189.75999450683594,179.64999389648438,184.86000061035156,146.1573028564453,8089100
2019-01-31,184.77999877929688,187.60000610351562,183.91000366210938,187.11000061035156,147.93618774414062,4397900
2019-02-01,186.50999450683594,187.8300018310547,185.55999755859375,187.07000732421875,147.90460205078125,2488900
2019-02-04,186.9600067138672,187.13999938964844,184.2899932861328,186.17999267578125,147.200927734375,2930900
2019-02-05,186.1999969482422,189.05999755859375,185.72000122070312,188.30999755859375,148.885009765625,4933300
2019-02-06,188.30999755859375,191.8699951171875,188.11000061035156,190.75999450683594,150.822021484375,3322400
2019-02-07,190.6699981689453,190.6699981689453,182.6699981689453,184.22999572753906,145.65914916992188,4188100
2019-02-08,183.41000366210938,186.0500030517578,183.41000366210938,186.0,147.05859375,2601000
2019-02-11,186.7899932861328,187.11000061035156,185.50999450683594,185.7899932861328,146.89256286621094,2867300
2019-02-12,187.3300018310547,188.9600067138672,186.42999267578125,188.42999267578125,148.97982788085938,2412400
2019-02-13,189.22000122070312,190.1199951171875,188.39999389648438,188.97999572753906,149.41468811035156,2166000
2019-02-14,187.58999633789062,187.8000030517578,185.75999450683594,186.67999267578125,148.7374725341797,2611500
2019-02-15,188.07000732421875,189.10000610351562,185.99000549316406,188.33999633789062,150.06004333496094,3314600
2019-02-19,187.7899932861328,188.47000122070312,186.85000610351562,186.97000122070312,148.968505859375,2267500
2019-02-20,187.19000244140625,189.22000122070312,186.47999572753906,186.9199981689453,148.92868041992188,3046400
2019-02-21,186.38999938964844,187.39999389648438,184.75,185.5,147.79730224609375,2947600
2019-02-22,185.88999938964844,188.86000061035156,185.80999755859375,187.5,149.39080810546875,2774100
2019-02-25,188.66000366210938,190.47000122070312,187.88999938964844,189.80999755859375,151.23130798339844,3182600
2019-02-26,189.55999755859375,191.64999389648438,189.36000061035156,190.0800018310547,151.4464569091797,2431000
2019-02-27,188.74000549316406,192.19000244140625,188.66000366210938,191.4199981689453,152.5140838623047,1886200
2019-02-28,191.3800048828125,191.6300048828125,189.72999572753906,190.0800018310547,151.4464569091797,2776200
2019-03-01,191.38999938964844,192.05999755859375,190.47000122070312,191.16000366210938,152.306884765625,2409400
2019-03-04,191.82000732421875,192.1199951171875,187.41000366210938,189.77999877929688,151.20738220214844,2274800
2019-03-05,190.0,190.6699981689453,188.7899932861328,188.82000732421875,150.44253540039062,3445200
2019-03-06,188.8800048828125,189.3699951171875,182.42999267578125,183.14999389648438,145.92489624023438,3956100
2019-03-07,182.9199981689453,183.16000366210938,180.60000610351562,181.4600067138672,144.578369140625,3421700
2019-03-08,180.60000610351562,181.30999755859375,179.00999450683594,180.8699951171875,144.1083221435547,2750900
2019-03-11,181.83999633789062,184.60000610351562,181.39999389648438,184.13999938964844,146.71372985839844,2816900
2019-03-12,184.61000061035156,184.9499969482422,183.52000427246094,184.17999267578125,146.74562072753906,2677500
2019-03-13,184.6999969482422,188.33999633789062,184.19000244140625,187.35000610351562,149.2712860107422,2719700
2019-03-14,187.52999877929688,188.86000061035156,185.88999938964844,187.75999450683594,149.5979461669922,2909600
2019-03-15,188.4600067138672,191.63999938964844,188.10000610351562,191.24000549316406,152.37069702148438,6865000
2019-03-18,191.0800018310547,192.52000427246094,190.19000244140625,191.30999755859375,152.42642211914062,2430200
2019-03-19,191.92999267578125,192.75999450683594,190.9199981689453,191.49000549316406,152.56983947753906,2268700
2019-03-20,191.5,192.77000427246094,189.8699951171875,191.1199951171875,152.2750244140625,2378700
2019-03-21,189.72999572753906,192.3699951171875,189.17999267578125,191.88999938964844,152.88851928710938,2292900
2019-03-22,190.9600067138672,192.8699951171875,186.5500030517578,186.6999969482422,148.75341796875,3144700
2019-03-25,186.63999938964844,187.77999877929688,185.0399932861328,186.58999633789062,148.665771484375,2523700
2019-03-26,187.5500030517578,189.58999633789062,187.02999877929688,188.27000427246094,150.00430297851562,2359100
2019-03-27,188.25,188.60000610351562,185.22000122070312,186.32000732421875,148.4506378173828,2022600
2019-03-28,187.0800018310547,187.88999938964844,186.0,187.64999389648438,149.51028442382812,1885600
2019-03-29,189.3699951171875,191.0,188.5,189.97999572753906,151.36671447753906,3189700
2019-04-01,191.13999938964844,192.55999755859375,190.50999450683594,191.77000427246094,152.7929229736328,2660500
2019-04-02,191.80999755859375,192.82000732421875,191.1999969482422,192.42999267578125,153.31874084472656,2141800
2019-04-03,193.17999267578125,193.8699951171875,191.7100067138672,192.9199981689453,153.70921325683594,1948100
2019-04-04,192.85000610351562,194.42999267578125,190.99000549316406,192.3300018310547,153.23910522460938,1785900
2019-04-05,193.8800048828125,196.8699951171875,193.3000030517578,195.41000366210938,155.6930694580078,2163300
2019-04-08,194.52999877929688,195.30999755859375,192.55999755859375,194.8800048828125,155.27084350585938,1629800
2019-04-09,193.58999633789062,194.0,192.50999450683594,192.97999572753906,153.75697326660156,1872600
2019-04-10,194.14999389648438,195.0,192.33999633789062,193.88999938964844,154.4820098876953,1653200
2019-04-11,194.57000732421875,194.7899932861328,190.64999389648438,192.11000061035156,153.0637969970703,2082600
2019-04-12,193.02000427246094,193.47999572753906,190.7899932861328,191.4199981689453,152.5140838623047,2060800
2019-04-15,191.83999633789062,193.17999267578125,189.85000610351562,191.1999969482422,152.33872985839844,2038300
2019-04-16,192.27000427246094,192.57000732421875,187.44000244140625,188.0500030517578,149.82899475097656,2727300
2019-04-17,188.35000610351562,188.74000549316406,181.52999877929688,182.47000122070312,145.3831329345703,5242100
2019-04-18,183.24000549316406,183.49000549316406,176.85000610351562,177.47000122070312,141.3994140625,8266600
2019-04-22,177.10000610351562,177.57000732421875,174.8699951171875,176.36000061035156,140.5149688720703,3215800
2019-04-23,176.94000244140625,180.64999389648438,175.75,179.75999450683594,143.22390747070312,3471700
2019-04-24,180.13999938964844,180.8300018310547,178.25999450683594,178.3000030517578,142.06068420410156,2711600
2019-04-25,177.0800018310547,181.02000427246094,175.9199981689453,180.47999572753906,143.79759216308594,2453700
2019-04-26,180.6999969482422,181.85000610351562,180.02999877929688,181.47000122070312,144.58636474609375,2445400
2019-04-29,181.4499969482422,182.47000122070312,179.58999633789062,181.1699981689453,144.34739685058594,2662500
2019-04-30,181.6300048828125,182.0399932861328,177.8800048828125,179.32000732421875,142.87338256835938,3963000
2019-05-01,175.39999389648438,178.5,171.25,176.13999938964844,140.33970642089844,6109100
2019-05-02,176.05999755859375,178.3000030517578,174.3000030517578,176.5,140.62657165527344,3014000
2019-05-03,176.92999267578125,177.77000427246094,176.47000122070312,177.30999755859375,141.2718963623047,2944500
2019-05-06,175.49000549316406,177.24000549316406,173.8800048828125,177.05999755859375,141.07272338867188,2735000
2019-05-07,175.13999938964844,176.41000366210938,172.5,173.8699951171875,138.53106689453125,2797000
2019-05-08,173.5,175.5,171.6999969482422,172.14999389648438,137.16070556640625,3368400
2019-05-09,171.24000549316406,173.17999267578125,169.44000244140625,172.8699951171875,137.7343292236328,2854400
2019-05-10,172.4600067138672,172.4600067138672,168.44000244140625,171.85000610351562,136.9216766357422,2942300
2019-05-13,169.24000549316406,169.60000610351562,167.1699981689453,167.60000610351562,133.5354766845703,3371800
2019-05-14,167.67999267578125,169.72000122070312,167.3000030517578,167.80999755859375,133.70274353027344,2525300
2019-05-15,167.22999572753906,170.60000610351562,166.3000030517578,169.8699951171875,135.3440399169922,2860200
2019-05-16,169.39999389648438,172.02000427246094,169.33999633789062,169.9199981689453,136.5495147705078,2716200
2019-05-17,169.27000427246094,171.24000549316406,169.11000061035156,169.91000366210938,136.5414581298828,2266600
2019-05-20,168.67999267578125,170.39999389648438,168.14999389648438,168.38999938964844,135.3199462890625,2144300
2019-05-21,169.77000427246094,170.02000427246094,168.52999877929688,169.69000244140625,136.36465454101562,2249300
2019-05-22,169.35000610351562,172.0500030517578,168.5800018310547,171.3000030517578,137.658447265625,2615500
2019-05-23,171.33999633789062,173.05999755859375,170.49000549316406,172.11000061035156,138.30938720703125,2902500
2019-05-24,172.6199951171875,173.77000427246094,171.08999633789062,171.27999877929688,137.6424102783203,2417100
2019-05-28,171.55999755859375,172.77000427246094,168.75999450683594,168.85000610351562,135.6896209716797,4066200
2019-05-29,168.0,169.75999450683594,167.3300018310547,169.17999267578125,135.95480346679688,2671600
2019-05-30,169.44000244140625,170.0500030517578,168.1999969482422,169.0399932861328,135.84228515625,1943300
2019-05-31,168.05999755859375,168.8699951171875,166.67999267578125,166.6999969482422,133.9618682861328,2808900
2019-06-03,172.0,176.80999755859375,170.55999755859375,172.36000061035156,138.51028442382812,5774800
2019-06-04,174.02999877929688,175.36000061035156,170.55999755859375,174.72999572753906,140.4148406982422,4553200
2019-06-05,175.67999267578125,175.77000427246094,173.08999633789062,174.5500030517578,140.2702178955078,2606400
2019-06-06,174.77999877929688,176.05999755859375,174.08999633789062,174.4499969482422,140.18983459472656,2396800
2019-06-07,175.6300048828125,176.0,173.27999877929688,175.50999450683594,141.04165649414062,2072000
2019-06-10,175.9499969482422,176.16000366210938,174.0500030517578,175.5800018310547,141.0979461669922,2091400
2019-06-11,176.27000427246094,177.14999389648438,174.1999969482422,174.6199951171875,140.32644653320312,2313800
2019-06-12,175.3000030517578,176.69000244140625,174.16000366210938,175.60000610351562,141.11398315429688,1888600
2019-06-13,175.8300018310547,177.4499969482422,175.22999572753906,176.7100067138672,142.0060272216797,1675800
2019-06-14,176.97000122070312,177.89999389648438,175.5500030517578,176.0800018310547,141.49978637695312,1621800
2019-06-17,176.0399932861328,178.5500030517578,175.39999389648438,178.38999938964844,143.35606384277344,1916800
2019-06-18,179.27000427246094,182.82000732421875,179.1199951171875,181.61000061035156,145.94374084472656,3125500
2019-06-19,181.47999572753906,183.1199951171875,180.63999938964844,182.77000427246094,146.87586975097656,2396500
2019-06-20,184.77999877929688,185.2899932861328,182.11000061035156,184.0800018310547,147.92860412597656,2780400
2019-06-21,183.88999938964844,187.1300048828125,182.91000366210938,187.11000061035156,150.36354064941406,6948100
2019-06-24,186.07000732421875,187.0,184.6999969482422,184.8300018310547,148.53131103515625,2948300
2019-06-25,184.60000610351562,186.77999877929688,183.1699981689453,184.44000244140625,148.2179412841797,2264700
2019-06-26,184.7100067138672,184.94000244140625,182.74000549316406,183.1699981689453,147.1973114013672,2124600
2019-06-27,183.35000610351562,185.44000244140625,183.02999877929688,184.02000427246094,147.8804168701172,2193700
2019-06-28,184.1699981689453,186.10000610351562,183.66000366210938,184.27999877929688,148.08932495117188,3753200
2019-07-01,186.8800048828125,187.3000030517578,185.10000610351562,186.35000610351562,149.7528076171875,2079800
2019-07-02,186.02999877929688,186.6699981689453,184.1999969482422,186.63999938964844,149.98585510253906,1796300
2019-07-03,187.5800018310547,189.4199981689453,187.1999969482422,188.5800018310547,151.5448760986328,1932600
2019-07-05,187.42999267578125,188.8800048828125,185.24000549316406,185.94000244140625,149.42332458496094,2225800
2019-07-08,184.66000366210938,185.00999450683594,180.52000427246094,182.24000549316406,146.4499969482422,2700900
2019-07-09,181.2100067138672,182.27000427246094,180.50999450683594,181.58999633789062,145.92762756347656,2273700
2019-07-10,182.1699981689453,183.2899932861328,181.02999877929688,182.27000427246094,146.47402954101562,1775700
2019-07-11,180.86000061035156,181.0,175.9499969482422,178.0,143.0426788330078,3621900
2019-07-12,177.82000732421875,178.08999633789062,174.19000244140625,174.92999267578125,140.5755157470703,4488700
2019-07-15,174.89999389648438,177.44000244140625,174.61000061035156,176.1199951171875,141.53182983398438,3256800
2019-07-16,176.33999633789062,177.77000427246094,175.91000366210938,177.47000122070312,142.61679077148438,2260100
2019-07-17,178.13999938964844,179.4499969482422,177.00999450683594,177.05999755859375,142.28729248046875,1945200
2019-07-18,177.1300048828125,180.42999267578125,176.8000030517578,179.5399932861328,144.2801971435547,2374400
2019-07-19,180.6699981689453,181.5800018310547,178.19000244140625,178.38999938964844,143.35606384277344,2987200
2019-07-22,177.8300018310547,178.80999755859375,175.72000122070312,175.88999938964844,141.34698486328125,2556800
2019-07-23,176.42999267578125,176.77000427246094,175.52000427246094,176.00999450683594,141.4434814453125,2081800
2019-07-24,176.02000427246094,176.75,174.8800048828125,175.77000427246094,141.2506103515625,1898000
2019-07-25,175.77999877929688,176.5,173.77000427246094,174.11000061035156,139.91659545898438,2145500
2019-07-26,174.27000427246094,175.50999450683594,173.1199951171875,175.33999633789062,140.90504455566406,3070400
2019-07-29,175.27000427246094,177.16000366210938,174.83999633789062,176.0800018310547,141.49978637695312,1985400
2019-07-30,174.9199981689453,176.72000122070312,174.27000427246094,176.4499969482422,141.79702758789062,2005100
2019-07-31,180.0,188.0,177.89999389648438,186.5800018310547,149.9376678466797,7157600
2019-08-01,186.39999389648438,189.4600067138672,184.13999938964844,186.0,149.47158813476562,3484700
2019-08-02,186.0,187.86000061035156,185.00999450683594,187.22000122070312,150.45196533203125,2966500
2019-08-05,185.5800018310547,185.9600067138672,180.52000427246094,181.5,145.85528564453125,4060000
2019-08-06,181.10000610351562,184.60000610351562,180.02999877929688,184.4600067138672,148.23399353027344,3172900
2019-08-07,183.0399932861328,184.13999938964844,179.61000061035156,183.5399932861328,147.49465942382812,3308900
2019-08-08,183.47000122070312,185.4199981689453,183.0500030517578,185.22999572753906,148.85276794433594,2449000
2019-08-09,185.14999389648438,200.0,182.82000732421875,196.25,157.70851135253906,8417100
2019-08-12,197.89999389648438,208.77999877929688,197.25,205.77999877929688,165.36700439453125,10599300
2019-08-13,203.42999267578125,211.89999389648438,203.0,206.1199951171875,165.64013671875,5586400
2019-08-14,202.80999755859375,205.39999389648438,198.72000122070312,198.8699951171875,160.9462127685547,4507100
2019-08-15,200.0,201.0,198.6300048828125,199.30999755859375,161.3023223876953,3065800
2019-08-16,201.8300018310547,205.4600067138672,200.36000061035156,204.02000427246094,165.1141357421875,2922500
2019-08-19,203.22999572753906,206.5,201.11000061035156,206.0,166.716552734375,2974900
2019-08-20,205.89999389648438,206.1199951171875,202.9499969482422,203.1699981689453,164.42625427246094,2710800
2019-08-21,204.4499969482422,205.3699951171875,203.5800018310547,203.94000244140625,165.04942321777344,1755200
2019-08-22,205.27000427246094,206.35000610351562,202.0,203.4199981689453,164.62855529785156,2677600
2019-08-23,203.08999633789062,203.6199951171875,198.00999450683594,199.0800018310547,161.1161651611328,3416200
2019-08-26,200.60000610351562,206.39999389648438,199.6699981689453,205.41000366210938,166.2390594482422,4005200
2019-08-27,206.5399932861328,208.9499969482422,205.27000427246094,206.49000549316406,167.1131134033203,3394000
2019-08-28,205.50999450683594,210.13999938964844,205.3300018310547,207.52000427246094,167.94671630859375,3789300
2019-08-29,209.0,209.83999633789062,205.25999450683594,206.97999572753906,167.5096893310547,2391600
2019-08-30,208.99000549316406,210.97000122070312,206.8800048828125,208.6199951171875,168.83697509765625,2621300
2019-09-03,207.3000030517578,207.88999938964844,204.67999267578125,205.52000427246094,166.32809448242188,2193000
2019-09-04,206.6999969482422,207.3699951171875,203.0,206.32000732421875,166.97555541992188,1935700
2019-09-05,206.6300048828125,208.47000122070312,205.97000122070312,207.64999389648438,168.0519256591797,1685300
2019-09-06,208.63999938964844,209.35000610351562,206.10000610351562,207.72999572753906,168.1166534423828,2388000
2019-09-09,202.52999877929688,202.9499969482422,198.7899932861328,202.33999633789062,163.75448608398438,4353200
2019-09-10,200.80999755859375,201.97000122070312,195.36000061035156,196.8699951171875,159.3275909423828,4866300
2019-09-11,197.1300048828125,198.4600067138672,195.1699981689453,195.83999633789062,158.49403381347656,2875300
2019-09-12,196.08999633789062,196.8300018310547,193.89999389648438,194.0,157.00489807128906,4448000
2019-09-13,194.41000366210938,196.6699981689453,194.3300018310547,195.47000122070312,158.1946258544922,2428800
2019-09-16,196.16000366210938,196.16000366210938,193.50999450683594,194.0800018310547,157.0697021484375,1597400
2019-09-17,194.0399932861328,196.77999877929688,194.0399932861328,196.72000122070312,159.2062225341797,2447400
2019-09-18,196.36000061035156,196.8300018310547,193.25999450683594,195.0399932861328,157.84658813476562,1897800
2019-09-19,195.72000122070312,196.3699951171875,194.52000427246094,195.64999389648438,158.3402862548828,1483400
2019-09-20,196.0,199.32000732421875,195.75,196.94000244140625,159.38426208496094,6680400
2019-09-23,197.75,198.80999755859375,197.30999755859375,197.75999450683594,160.0478973388672,1683900
2019-09-24,198.97999572753906,199.8000030517578,195.61000061035156,196.5500030517578,159.06866455078125,2322500
2019-09-25,197.5800018310547,198.3300018310547,195.9199981689453,196.05999755859375,158.67205810546875,1779900
2019-09-26,195.91000366210938,196.30999755859375,193.0800018310547,195.3800048828125,158.1217803955078,1877800
2019-09-27,195.55999755859375,196.85000610351562,193.83999633789062,194.94000244140625,157.7656707763672,1770300
2019-09-30,192.8000030517578,196.67999267578125,191.69000244140625,193.50999450683594,156.60836791992188,2492300
2019-10-01,192.5800018310547,195.8800048828125,192.10000610351562,193.19000244140625,156.349365234375,2331000
2019-10-02,193.5800018310547,193.5800018310547,188.77999877929688,189.2100067138672,153.1283721923828,2250800
2019-10-03,189.60000610351562,192.6699981689453,189.0,192.6199951171875,155.88807678222656,1888500
2019-10-04,193.13999938964844,196.00999450683594,193.13999938964844,195.58999633789062,158.291748046875,2158200
2019-10-07,194.5399932861328,198.82000732421875,194.4499969482422,197.1699981689453,159.5703887939453,2199300
2019-10-08,196.5500030517578,198.0,195.0,196.0800018310547,158.68826293945312,2032600
2019-10-09,198.67999267578125,198.67999267578125,195.9600067138672,196.69000244140625,159.1819305419922,1292900
2019-10-10,198.0,199.36000061035156,197.02000427246094,198.67999267578125,160.79241943359375,1297500
2019-10-11,200.22999572753906,203.88999938964844,199.97999572753906,200.8000030517578,162.5081787109375,2472200
2019-10-14,201.25,204.89999389648438,201.22999572753906,202.88999938964844,164.19964599609375,1638200
2019-10-15,203.4600067138672,204.8000030517578,202.60000610351562,204.66000366210938,165.63211059570312,1492800
2019-10-16,204.14999389648438,204.97999572753906,202.17999267578125,203.2100067138672,164.45860290527344,1758500
2019-10-17,201.58999633789062,204.75,201.52000427246094,203.55999755859375,164.74183654785156,1380800
2019-10-18,204.11000061035156,204.1199951171875,200.80999755859375,202.72000122070312,164.06202697753906,2043400
2019-10-21,203.57000732421875,203.61000061035156,200.77999877929688,202.92999267578125,164.2320098876953,1564000
2019-10-22,204.6300048828125,206.05999755859375,203.22000122070312,204.8300018310547,165.7696990966797,2136700
2019-10-23,204.22999572753906,205.88999938964844,203.0399932861328,203.32000732421875,164.54763793945312,1805800
2019-10-24,203.9499969482422,204.3000030517578,201.66000366210938,203.05999755859375,164.33718872070312,1220800
2019-10-25,202.58999633789062,203.7100067138672,201.50999450683594,203.0500030517578,164.32913208007812,1321500
2019-10-28,203.1699981689453,205.97999572753906,202.67999267578125,205.00999450683594,165.91531372070312,1652800
2019-10-29,205.25999450683594,211.25,204.91000366210938,208.99000549316406,169.13636779785156,4460000
2019-10-30,206.35000610351562,211.0,204.16000366210938,210.8800048828125,170.6659698486328,3793500
2019-10-31,210.10000610351562,213.6699981689453,209.60000610351562,213.25,172.58399963378906,3255800
2019-11-01,214.25999450683594,219.3800048828125,214.0,217.9499969482422,176.3876953125,3685500
2019-11-04,218.72999572753906,219.83999633789062,214.35000610351562,214.41000366210938,173.5227813720703,2646600
2019-11-05,215.9199981689453,219.49000549316406,213.19000244140625,215.0800018310547,174.06504821777344,3012000
2019-11-06,215.4499969482422,218.5800018310547,215.4499969482422,216.39999389648438,175.1333465576172,2540200
2019-11-07,216.91000366210938,218.50999450683594,215.4600067138672,217.99000549316406,176.42013549804688,2498300
2019-11-08,218.2100067138672,221.25,217.4600067138672,221.11000061035156,178.94512939453125,2069900
2019-11-11,220.24000549316406,221.3800048828125,218.6999969482422,220.6999969482422,178.61329650878906,1364300
2019-11-12,221.30999755859375,225.25999450683594,219.8699951171875,221.30999755859375,179.1070098876953,2704500
2019-11-13,220.42999267578125,221.69000244140625,218.5399932861328,219.6699981689453,177.77972412109375,2333000
2019-11-14,218.22000122070312,218.74000549316406,213.5500030517578,218.5,178.0078582763672,2749300
2019-11-15,219.58999633789062,220.92999267578125,217.2100067138672,220.86000061035156,179.93052673339844,2028600
2019-11-18,221.05999755859375,221.58999633789062,219.2100067138672,220.6699981689453,179.77569580078125,2239500
2019-11-19,221.24000549316406,224.67999267578125,220.6999969482422,224.5,182.89593505859375,2551600
2019-11-20,224.3800048828125,226.5500030517578,223.1300048828125,225.50999450683594,183.71878051757812,3524300
2019-11-21,227.1199951171875,228.8000030517578,225.02000427246094,227.82000732421875,185.60072326660156,2659300
2019-11-22,228.0800018310547,230.8699951171875,227.8300018310547,230.74000549316406,187.9795379638672,1975000
2019-11-25,231.0800018310547,235.8000030517578,231.0800018310547,234.5399932861328,191.0753173828125,2637400
2019-11-26,233.97999572753906,234.88999938964844,232.00999450683594,234.38999938964844,190.95315551757812,3300800
2019-11-27,234.64999389648438,235.27999877929688,231.85000610351562,234.5399932861328,191.0753173828125,1579800
2019-11-29,234.1300048828125,235.47000122070312,233.75,234.72000122070312,191.2219696044922,945600
2019-12-02,234.5399932861328,235.8000030517578,232.6300048828125,233.47999572753906,190.21177673339844,1633600
2019-12-03,231.47999572753906,233.17999267578125,230.77999877929688,232.77000427246094,189.63336181640625,1825400
2019-12-04,232.72999572753906,234.88999938964844,232.0,233.8800048828125,190.53768920898438,1908500
2019-12-05,233.69000244140625,233.77000427246094,231.4600067138672,233.41000366210938,190.15478515625,2083600
2019-12-06,234.67999267578125,235.0,233.19000244140625,233.77000427246094,190.44801330566406,1860900
2019-12-09,234.9600067138672,235.0500030517578,232.6300048828125,232.82000732421875,189.67408752441406,1867900
2019-12-10,231.9199981689453,235.1199951171875,231.50999450683594,233.83999633789062,190.5050506591797,1494700
2019-12-11,234.02999877929688,234.97000122070312,233.02999877929688,234.00999450683594,190.64353942871094,1754100
2019-12-12,234.5800018310547,237.24000549316406,234.05999755859375,235.99000549316406,192.2566375732422,1851500
2019-12-13,235.60000610351562,238.1199951171875,235.13999938964844,236.74000549316406,192.8676300048828,2041200
2019-12-16,239.5,244.52999877929688,239.5,243.1999969482422,198.1304931640625,3047600
2019-12-17,243.5800018310547,244.99000549316406,241.27999877929688,242.83999633789062,197.83718872070312,2382500
2019-12-18,242.2100067138672,243.22000122070312,241.02000427246094,241.94000244140625,197.10397338867188,2956700
2019-12-19,242.77999877929688,243.3000030517578,239.92999267578125,241.83999633789062,197.0225067138672,2070800
2019-12-20,244.57000732421875,244.57000732421875,240.6999969482422,243.05999755859375,198.01641845703125,5091600
2019-12-23,243.97999572753906,244.0,241.58999633789062,243.02999877929688,197.991943359375,1686200
2019-12-24,242.82000732421875,243.10000610351562,241.72000122070312,242.3300018310547,197.4217071533203,612800
2019-12-26,242.72000122070312,243.63999938964844,241.32000732421875,241.89999389648438,197.07139587402344,1098300
2019-12-27,242.24000549316406,242.99000549316406,240.16000366210938,241.52999877929688,196.7699737548828,1085000
2019-12-30,241.39999389648438,242.97999572753906,239.39999389648438,240.27000427246094,195.74342346191406,1454400
2019-12-31,240.27999877929688,241.4600067138672,238.5,241.07000732421875,196.3951873779297,1748300
2020-01-02,243.0,243.19000244140625,238.97999572753906,240.10000610351562,195.60494995117188,2088000
2020-01-03,237.16000366210938,240.25999450683594,236.24000549316406,238.47000122070312,194.2770538330078,1879000
2020-01-06,237.1999969482422,240.4499969482422,236.55999755859375,240.3000030517578,195.7678985595703,1802800
2020-01-07,239.30999755859375,240.0,237.58999633789062,238.0399932861328,193.92672729492188,1518900
2020-01-08,237.92999267578125,239.5800018310547,236.61000061035156,238.22000122070312,194.0733642578125,2214700
2020-01-09,239.69000244140625,239.69000244140625,237.97000122070312,238.92999267578125,194.6517791748047,1629000
2020-01-10,238.67999267578125,240.92999267578125,237.61000061035156,238.25999450683594,194.10594177246094,1777600
2020-01-13,238.25999450683594,238.3300018310547,234.7899932861328,236.9199981689453,193.0142822265625,2004400
2020-01-14,235.8000030517578,240.67999267578125,235.1699981689453,240.0,195.5235137939453,2239100
2020-01-15,240.6699981689453,242.60000610351562,240.0500030517578,241.6999969482422,196.90847778320312,1920700
2020-01-16,242.17999267578125,243.85000610351562,239.85000610351562,240.5,195.9308624267578,2085700
2020-01-17,242.11000061035156,242.13999938964844,239.27000427246094,241.49000549316406,196.73736572265625,2582800
2020-01-21,240.97000122070312,242.00999450683594,237.25999450683594,237.60000610351562,193.5682373046875,3094200
2020-01-22,238.75,239.6999969482422,235.75999450683594,236.75,192.8758087158203,1998200
2020-01-23,237.05999755859375,237.05999755859375,233.07000732421875,235.0399932861328,191.482666015625,2088700
2020-01-24,235.8000030517578,235.8800048828125,224.5,225.58999633789062,183.78390502929688,5019900
2020-01-27,223.67999267578125,224.92999267578125,221.1699981689453,222.9499969482422,181.63319396972656,2843600
2020-01-28,223.57000732421875,226.6999969482422,222.85000610351562,224.83999633789062,183.17294311523438,2103900
2020-01-29,225.5,228.92999267578125,225.0,227.14999389648438,185.05482482910156,2001100
2020-01-30,226.0,226.97000122070312,223.30999755859375,226.14999389648438,184.2401123046875,2581600
2020-01-31,218.75999450683594,219.0800018310547,210.00999450683594,216.0500030517578,176.01185607910156,5968900
2020-02-03,216.38999938964844,219.6199951171875,215.55999755859375,216.8800048828125,176.68807983398438,2565400
2020-02-04,220.77000427246094,223.85000610351562,220.47999572753906,221.80999755859375,180.70443725585938,2765300
2020-02-05,223.74000549316406,234.63999938964844,223.74000549316406,231.94000244140625,188.95716857910156,3669500
2020-02-06,233.72000122070312,233.88999938964844,229.33999633789062,231.4499969482422,188.5579833984375,2007500
2020-02-07,231.41000366210938,232.17999267578125,227.6699981689453,229.3300018310547,186.8308563232422,2295100
2020-02-10,228.14999389648438,228.9600067138672,226.25999450683594,227.4199981689453,185.27481079101562,2144700
2020-02-11,227.6999969482422,229.47000122070312,226.8000030517578,228.9600067138672,186.52940368652344,1934500
2020-02-12,229.47000122070312,230.22999572753906,225.8800048828125,227.0,184.9326629638672,2501300
2020-02-13,224.99000549316406,226.52000427246094,222.82000732421875,223.0399932861328,182.99630737304688,1946500
2020-02-14,222.92999267578125,223.49000549316406,221.33999633789062,223.47999572753906,183.3573455810547,1611900
2020-02-18,224.14999389648438,224.35000610351562,220.9199981689453,221.69000244140625,181.8887481689453,1936400
2020-02-19,222.94000244140625,224.0500030517578,222.0500030517578,222.9600067138672,182.9307403564453,1322900
2020-02-20,223.1999969482422,223.47999572753906,218.50999450683594,222.13999938964844,182.25790405273438,1638000
2020-02-21,222.24000549316406,223.8000030517578,220.99000549316406,222.7899932861328,182.7912139892578,2047500
2020-02-24,219.8800048828125,223.99000549316406,215.75999450683594,217.8800048828125,178.7627716064453,3049600
2020-02-25,218.0800018310547,219.55999755859375,209.82000732421875,210.3800048828125,172.60926818847656,3915500
2020-02-26,216.17999267578125,216.6999969482422,212.02000427246094,214.5399932861328,176.02239990234375,3314000
2020-02-27,214.9199981689453,215.27999877929688,203.22000122070312,203.5,166.96450805664062,4071100
2020-02-28,198.0500030517578,203.0,195.17999267578125,199.72999572753906,163.87132263183594,5316100
2020-03-02,199.89999389648438,212.3699951171875,198.7100067138672,212.1999969482422,174.10250854492188,4245700
2020-03-03,210.33999633789062,216.16000366210938,202.66000366210938,204.4199981689453,167.7193145751953,3975100
2020-03-04,209.52999877929688,215.2899932861328,207.6199951171875,215.11000061035156,176.49008178710938,3880200
2020-03-05,207.66000366210938,216.38999938964844,207.5800018310547,212.1199951171875,174.036865234375,3185400
2020-03-06,203.97000122070312,211.61000061035156,203.82000732421875,210.64999389648438,172.8307647705078,3100500
2020-03-09,197.74000549316406,203.6199951171875,190.75,198.3699951171875,162.75550842285156,4065600
2020-03-10,203.36000061035156,207.10000610351562,194.6699981689453,206.8000030517578,169.67202758789062,3928700
2020-03-11,201.0,203.9199981689453,195.80999755859375,198.64999389648438,162.98526000976562,3777000
2020-03-12,184.6300048828125,196.25999450683594,181.77000427246094,182.24000549316406,149.5214385986328,4902600
2020-03-13,189.75999450683594,203.1699981689453,188.52000427246094,202.10000610351562,165.8158721923828,6903900
2020-03-16,184.6699981689453,204.72000122070312,182.9600067138672,188.67999267578125,154.80519104003906,4932400
2020-03-17,192.2100067138672,210.91000366210938,191.64999389648438,207.8000030517578,170.4924774169922,5912800
2020-03-18,198.55999755859375,210.89999389648438,196.74000549316406,204.8800048828125,168.0967559814453,5597900
2020-03-19,201.0,208.75,195.27000427246094,198.75999450683594,163.07546997070312,4796500
2020-03-20,198.88999938964844,201.97000122070312,186.0,188.25,154.45240783691406,5726800
2020-03-23,188.88999938964844,191.9600067138672,177.0500030517578,185.92999267578125,152.54888916015625,4396600
2020-03-24,191.47000122070312,202.85000610351562,190.00999450683594,202.33999633789062,166.01272583007812,5288200
2020-03-25,197.77000427246094,201.36000061035156,190.00999450683594,193.13999938964844,158.46444702148438,5301000
2020-03-26,193.1199951171875,199.72000122070312,190.5,198.49000549316406,162.85394287109375,5162200
2020-03-27,194.4199981689453,205.8699951171875,194.00999450683594,198.27000427246094,162.6734619140625,4119600
2020-03-30,200.0500030517578,209.4499969482422,200.0500030517578,208.47999572753906,171.0504150390625,3219000
2020-03-31,203.49000549316406,207.25,200.6999969482422,202.72999572753906,166.33273315429688,2929000
2020-04-01,197.55999755859375,201.3800048828125,194.99000549316406,197.80999755859375,162.29608154296875,2747900
2020-04-02,194.41000366210938,209.52999877929688,194.2100067138672,208.8800048828125,171.3785858154297,3867300
2020-04-03,207.42999267578125,209.75,203.02999877929688,205.41000366210938,168.53158569335938,2281400
2020-04-06,212.0,212.7100067138672,206.85000610351562,211.5800018310547,173.5938262939453,3702100
2020-04-07,213.4499969482422,215.17999267578125,207.3300018310547,208.77999877929688,171.2965087890625,2447500
2020-04-08,208.89999389648438,219.82000732421875,207.33999633789062,219.19000244140625,179.83758544921875,2861500
2020-04-09,217.39999389648438,219.35000610351562,215.6999969482422,218.2100067138672,179.0335235595703,2503300
2020-04-13,216.97999572753906,219.17999267578125,215.14999389648438,218.27000427246094,179.08274841308594,2168000
2020-04-14,221.00999450683594,228.32000732421875,220.25,226.8000030517578,186.0813446044922,3029000
2020-04-15,224.99000549316406,225.50999450683594,219.30999755859375,221.8000030517578,181.97900390625,3107000
2020-04-16,225.0,232.10000610351562,223.22000122070312,230.89999389648438,189.44520568847656,2617300
2020-04-17,236.8300018310547,236.99000549316406,229.22000122070312,234.97000122070312,192.7844696044922,2864200
2020-04-20,234.1999969482422,239.55999755859375,232.38999938964844,236.60000610351562,194.121826171875,2824000
2020-04-21,235.0,235.77000427246094,229.0,230.75,189.3220977783203,2672900
2020-04-22,233.35000610351562,234.0,227.58999633789062,229.2899932861328,188.12425231933594,2845100
2020-04-23,229.08999633789062,235.64999389648438,228.8800048828125,232.49000549316406,190.74977111816406,3226400
2020-04-24,234.0399932861328,236.92999267578125,230.8000030517578,236.27999877929688,193.8592987060547,1946200
2020-04-27,236.6300048828125,243.0,235.0,242.42999267578125,198.90513610839844,2472600
2020-04-28,243.0,244.9499969482422,236.86000061035156,237.6699981689453,194.99974060058594,2548900
2020-04-29,238.89999389648438,239.30999755859375,235.24000549316406,235.69000244140625,193.37521362304688,3365100
2020-04-30,236.02000427246094,240.07000732421875,231.91000366210938,239.22000122070312,196.27146911621094,5704500
2020-05-01,233.0,237.0500030517578,228.0,230.97999572753906,189.51080322265625,3045400
2020-05-04,232.44000244140625,232.9199981689453,228.10000610351562,230.91000366210938,189.45343017578125,2035800
2020-05-05,231.27999877929688,237.97999572753906,229.1699981689453,236.36000061035156,193.9249267578125,1975500
2020-05-06,237.30999755859375,239.67999267578125,235.69000244140625,236.58999633789062,194.11366271972656,1980500
2020-05-07,236.89999389648438,237.97000122070312,232.10000610351562,233.3300018310547,191.43894958496094,2451200
2020-05-08,234.9499969482422,235.72999572753906,231.60000610351562,234.82000732421875,192.6614227294922,1534300
2020-05-11,233.07000732421875,243.49000549316406,232.50999450683594,242.74000549316406,199.15951538085938,2163700
2020-05-12,242.67999267578125,244.5,237.0500030517578,237.2100067138672,194.622314453125,2241000
2020-05-13,235.22000122070312,243.94000244140625,235.22000122070312,236.8300018310547,194.31056213378906,2292700
2020-05-14,235.9499969482422,238.97000122070312,233.8000030517578,237.97999572753906,195.2540740966797,3322700
2020-05-15,234.42999267578125,240.42999267578125,233.88999938964844,240.1999969482422,198.4095001220703,3111500
2020-05-18,243.66000366210938,244.38999938964844,231.8000030517578,233.19000244140625,192.61911010742188,5631400
2020-05-19,232.63999938964844,233.44000244140625,227.1699981689453,227.42999267578125,187.86122131347656,3835800
2020-05-20,229.27000427246094,230.1199951171875,225.63999938964844,227.8699951171875,188.2246551513672,3714600
2020-05-21,228.11000061035156,228.24000549316406,224.0,224.77999877929688,185.67230224609375,2377500
2020-05-22,224.1699981689453,226.77000427246094,223.61000061035156,226.42999267578125,187.0352020263672,2334300
2020-05-26,227.52999877929688,228.35000610351562,221.72999572753906,222.39999389648438,183.7063446044922,2397800
2020-05-27,222.32000732421875,225.1300048828125,217.47000122070312,224.80999755859375,185.69705200195312,2932100
2020-05-28,226.25999450683594,226.6199951171875,222.25,224.1300048828125,185.1353759765625,2591000
2020-05-29,225.0,230.57000732421875,222.05999755859375,229.6999969482422,189.736328125,4251200
2020-06-01,228.88999938964844,230.5399932861328,225.7100067138672,226.91000366210938,187.4316864013672,1816700
2020-06-02,225.8000030517578,226.36000061035156,222.5800018310547,223.72000122070312,184.79669189453125,3198900
2020-06-03,223.49000549316406,224.2899932861328,218.25,221.0,182.5499267578125,3660500
2020-06-04,220.77000427246094,223.4499969482422,219.2100067138672,220.8800048828125,182.4508056640625,2392800
2020-06-05,219.6999969482422,225.9499969482422,218.1999969482422,225.6699981689453,186.40744018554688,3714600
2020-06-08,223.27000427246094,226.25,221.75,225.75,186.47349548339844,2270500
2020-06-09,226.0,228.30999755859375,224.57000732421875,224.89999389648438,185.77139282226562,2403600
2020-06-10,226.67999267578125,229.49000549316406,225.52000427246094,227.1199951171875,187.6051483154297,2851300
2020-06-11,228.05999755859375,229.77999877929688,218.6699981689453,218.89999389648438,180.81529235839844,3900700
2020-06-12,221.10000610351562,222.35000610351562,214.1999969482422,217.89999389648438,179.98927307128906,2426600
2020-06-15,215.80999755859375,221.0,213.86000061035156,219.77999877929688,181.5421600341797,2471800
2020-06-16,222.8300018310547,228.8800048828125,222.6199951171875,226.8699951171875,187.39862060546875,2581600
2020-06-17,228.5399932861328,228.80999755859375,224.52999877929688,225.97000122070312,186.6552734375,2751100
2020-06-18,226.86000061035156,231.47999572753906,225.67999267578125,230.32000732421875,190.24839782714844,2469800
2020-06-19,233.3800048828125,239.07000732421875,231.30999755859375,238.6999969482422,197.17044067382812,5319500
2020-06-22,236.30999755859375,237.64999389648438,233.05999755859375,234.19000244140625,193.44509887695312,2337000
2020-06-23,234.8699951171875,239.1699981689453,233.44000244140625,235.75,194.73370361328125,2171500
2020-06-24,235.2100067138672,237.0,231.39999389648438,232.50999450683594,192.05740356445312,1972900
2020-06-25,231.5,235.44000244140625,230.38999938964844,235.11000061035156,194.20504760742188,2080300
2020-06-26,235.3699951171875,236.86000061035156,231.82000732421875,232.83999633789062,192.3300018310547,3613300
2020-06-29,233.39999389648438,234.13999938964844,229.97999572753906,231.55999755859375,191.2726593017578,1938000
2020-06-30,233.30999755859375,237.32000732421875,231.8000030517578,235.86000061035156,194.8245391845703,2589000
2020-07-01,235.52000427246094,256.2300109863281,232.5800018310547,255.1199951171875,210.73365783691406,6575800
2020-07-02,252.8699951171875,261.4599914550781,252.8699951171875,258.239990234375,213.3108367919922,3338000
2020-07-06,260.0299987792969,264.9700012207031,253.89999389648438,256.25,211.66705322265625,3460400
2020-07-07,253.60000610351562,258.9100036621094,252.08999633789062,253.14999389648438,209.10638427734375,2365900
2020-07-08,253.14999389648438,253.97999572753906,249.25,251.58999633789062,207.8178253173828,1993700
2020-07-09,250.25,253.8300018310547,248.83999633789062,251.66000366210938,207.87559509277344,1739600
2020-07-10,250.64999389648438,251.57000732421875,247.07000732421875,249.0399932861328,205.71142578125,1326100
2020-07-13,249.8300018310547,255.42999267578125,249.27999877929688,250.0399932861328,206.53746032714844,2528100
2020-07-14,242.75999450683594,253.7899932861328,240.47999572753906,253.08999633789062,209.0568084716797,2368300
2020-07-15,254.57000732421875,254.57000732421875,250.77000427246094,253.30999755859375,209.2385711669922,1650100
2020-07-16,252.05999755859375,255.2899932861328,249.9199981689453,255.1999969482422,210.7997589111328,1530900
2020-07-17,256.70001220703125,259.95001220703125,254.75999450683594,258.4599914550781,213.49256896972656,2044800
2020-07-20,260.0799865722656,262.82000732421875,258.32000732421875,260.95001220703125,215.5493621826172,1497400
2020-07-21,258.6199951171875,260.0299987792969,257.2799987792969,257.9100036621094,213.0382843017578,1821600
2020-07-22,259.7900085449219,260.0,255.8000030517578,256.9800109863281,212.27005004882812,1598100
2020-07-23,259.5400085449219,260.0,251.60000610351562,252.24000549316406,208.35470581054688,2532000
2020-07-24,251.25999450683594,251.8300018310547,245.5,247.97999572753906,204.83587646484375,2187900
2020-07-27,247.3000030517578,255.10000610351562,247.02999877929688,253.64999389648438,209.5194091796875,2155700
2020-07-28,254.4600067138672,258.3999938964844,253.77000427246094,255.27000427246094,210.8575439453125,2266600
2020-07-29,250.39999389648438,252.85000610351562,245.74000549316406,248.85000610351562,205.55450439453125,3286700
2020-07-30,246.39999389648438,247.82000732421875,245.1999969482422,246.13999938964844,203.3159942626953,1967400
2020-07-31,245.6300048828125,246.10000610351562,239.38999938964844,244.6699981689453,202.101806640625,2830100
2020-08-03,244.85000610351562,249.02000427246094,244.52999877929688,247.36000061035156,204.3237762451172,1853900
2020-08-04,245.97000122070312,246.1699981689453,241.33999633789062,243.58999633789062,201.20968627929688,1912100
2020-08-05,243.91000366210938,245.41000366210938,240.8000030517578,241.47000122070312,199.45851135253906,1736400
2020-08-06,240.85000610351562,242.1999969482422,239.11000061035156,241.5500030517578,199.5246124267578,1747000
2020-08-07,243.5800018310547,243.6199951171875,238.57000732421875,240.69000244140625,198.81422424316406,1352300
2020-08-10,240.25999450683594,240.6699981689453,236.2100067138672,238.1699981689453,196.73263549804688,1533200
2020-08-11,238.17999267578125,238.89999389648438,234.36000061035156,234.64999389648438,193.8250732421875,2296200
2020-08-12,234.69000244140625,243.0,234.69000244140625,241.72000122070312,199.66502380371094,2325500
2020-08-13,241.30999755859375,242.77000427246094,239.61000061035156,240.4600067138672,198.6242218017578,1362800
2020-08-14,239.2100067138672,240.05999755859375,238.6199951171875,239.7100067138672,199.33106994628906,1225000
2020-08-17,240.2100067138672,244.74000549316406,240.2100067138672,243.00999450683594,202.07521057128906,1697500
2020-08-18,243.52000427246094,244.30999755859375,240.02000427246094,241.5,200.81951904296875,1123800
2020-08-19,241.02000427246094,243.72999572753906,238.5,240.49000549316406,199.9796600341797,1900500
2020-08-20,240.1300048828125,240.69000244140625,237.3000030517578,238.72999572753906,198.5161590576172,1172800
2020-08-21,238.8800048828125,238.8800048828125,235.50999450683594,237.63999938964844,197.60975646972656,1959900
2020-08-24,237.72999572753906,238.44000244140625,233.55999755859375,235.57000732421875,195.888427734375,1565300
2020-08-25,242.89999389648438,249.9600067138672,240.8000030517578,248.22000122070312,206.40756225585938,6392100
2020-08-26,248.3300018310547,251.3800048828125,245.75999450683594,250.17999267578125,208.03738403320312,3125000
2020-08-27,252.24000549316406,256.9100036621094,250.41000366210938,252.80999755859375,210.224365234375,3928300
2020-08-28,253.39999389648438,254.13999938964844,247.7899932861328,253.1199951171875,210.48214721679688,12838400
2020-08-31,252.92999267578125,256.04998779296875,250.10000610351562,253.32000732421875,210.64849853515625,4053900
2020-09-01,250.0500030517578,252.0399932861328,248.67999267578125,250.86000061035156,208.6028289794922,2869000
2020-09-02,251.22000122070312,258.79998779296875,251.22000122070312,258.1199951171875,214.63990783691406,2871600
2020-09-03,259.2900085449219,260.05999755859375,246.35000610351562,247.91000366210938,206.14976501464844,3137700
2020-09-04,251.3300018310547,252.27000427246094,244.5800018310547,248.39999389648438,206.55723571777344,2910200
2020-09-08,246.22999572753906,246.99000549316406,239.52999877929688,241.17999267578125,200.5533905029297,3358600
2020-09-09,242.63999938964844,247.49000549316406,241.82000732421875,245.57000732421875,204.20394897460938,2244300
2020-09-10,244.55999755859375,246.13999938964844,238.89999389648438,240.63999938964844,200.10440063476562,2126400
2020-09-11,241.6999969482422,245.49000549316406,241.07000732421875,243.2100067138672,202.24147033691406,1899400
2020-09-14,244.83999633789062,247.83999633789062,244.25,246.75,205.18515014648438,2086500
2020-09-15,248.6999969482422,251.9199981689453,248.10000610351562,248.35000610351562,206.51565551757812,2243900
2020-09-16,251.35000610351562,251.35000610351562,247.0,247.75999450683594,206.02503967285156,2325300
2020-09-17,243.52999877929688,249.72000122070312,243.02000427246094,248.0800018310547,206.29115295410156,2801100
2020-09-18,248.69000244140625,249.83999633789062,242.35000610351562,247.72000122070312,205.9917449951172,6042400
2020-09-21,247.0399932861328,247.0399932861328,238.1999969482422,243.19000244140625,202.22483825683594,2745300
2020-09-22,241.5500030517578,248.2899932861328,240.89999389648438,247.5,205.80880737304688,2172600
2020-09-23,247.3000030517578,249.22999572753906,241.47999572753906,242.58999633789062,201.7258758544922,2104300
2020-09-24,242.14999389648438,242.67999267578125,237.77999877929688,240.32000732421875,199.83831787109375,1827200
2020-09-25,239.50999450683594,244.17999267578125,237.80999755859375,243.82000732421875,202.7487335205078,2635700
2020-09-28,247.67999267578125,249.0399932861328,244.77000427246094,247.02999877929688,205.4180145263672,2213900
2020-09-29,247.5500030517578,249.0500030517578,245.47999572753906,248.3000030517578,206.4740447998047,2008000
2020-09-30,249.80999755859375,256.1199951171875,248.10000610351562,254.16000366210938,211.34698486328125,3526600
2020-10-01,255.07000732421875,258.510009765625,254.0500030517578,255.38999938964844,212.36973571777344,2428300
2020-10-02,252.39999389648438,254.66000366210938,244.00999450683594,245.41000366210938,204.07086181640625,2514100
2020-10-05,246.52000427246094,256.6499938964844,246.24000549316406,256.010009765625,212.8852996826172,2852300
2020-10-06,257.3999938964844,257.3999938964844,252.13999938964844,252.69000244140625,210.12457275390625,2431400
2020-10-07,253.9600067138672,258.3999938964844,253.10000610351562,257.6700134277344,214.26573181152344,1842800
2020-10-08,249.27000427246094,250.05999755859375,239.0,240.08999633789062,199.64707946777344,5592300
2020-10-09,238.5,239.5800018310547,234.02000427246094,236.6999969482422,196.8280792236328,4183000
2020-10-12,237.72999572753906,241.9199981689453,235.75999450683594,239.50999450683594,199.1647491455078,2881600
2020-10-13,239.1999969482422,241.8699951171875,238.8699951171875,239.33999633789062,199.02334594726562,2065600
2020-10-14,240.39999389648438,242.27000427246094,237.1999969482422,237.64999389648438,197.6180419921875,2693600
2020-10-15,236.0,236.99000549316406,232.8699951171875,235.00999450683594,195.42276000976562,2531000
2020-10-16,235.35000610351562,239.16000366210938,233.8000030517578,235.72000122070312,196.01315307617188,2059300
2020-10-19,236.2100067138672,237.44000244140625,230.00999450683594,230.7100067138672,191.84710693359375,2749800
2020-10-20,231.05999755859375,232.89999389648438,229.36000061035156,231.10000610351562,192.17140197753906,1950100
2020-10-21,229.4600067138672,231.11000061035156,227.5399932861328,228.97000122070312,190.4001922607422,1978700
2020-10-22,228.10000610351562,229.92999267578125,226.16000366210938,227.97999572753906,189.5769500732422,2172900
2020-10-23,228.72000122070312,230.07000732421875,226.3000030517578,227.16000366210938,188.8950958251953,2104200
2020-10-26,226.02000427246094,228.22999572753906,221.7899932861328,224.88999938964844,187.0074920654297,3087100
2020-10-27,225.05999755859375,225.9499969482422,223.13999938964844,223.4600067138672,185.81834411621094,1934400
2020-10-28,219.02000427246094,221.05999755859375,215.92999267578125,216.3800048828125,179.9309539794922,2874000
2020-10-29,213.6300048828125,220.3300018310547,210.27999877929688,217.82000732421875,181.12843322753906,2994100
2020-10-30,216.22000122070312,217.27000427246094,213.9600067138672,216.94000244140625,180.39659118652344,3262500
2020-11-02,221.55999755859375,222.3699951171875,217.1999969482422,220.2100067138672,183.11581420898438,2029000
2020-11-03,221.75999450683594,223.0800018310547,218.4600067138672,220.05999755859375,182.9910888671875,2533600
2020-11-04,226.2899932861328,235.97999572753906,225.10000610351562,230.3300018310547,191.5311279296875,3810000
2020-11-05,233.77000427246094,233.8300018310547,230.0,231.97000122070312,192.89483642578125,2070300
2020-11-06,232.66000366210938,233.2100067138672,230.0399932861328,231.6699981689453,192.64540100097656,2028500
2020-11-09,242.94000244140625,244.8000030517578,234.0,235.0,195.41445922851562,2996200
2020-11-10,244.0,245.83999633789062,239.47000122070312,241.60000610351562,200.90267944335938,3742800
2020-11-11,242.52000427246094,245.6699981689453,238.5,240.69000244140625,200.14599609375,2244800
2020-11-12,240.5500030517578,240.88999938964844,235.63999938964844,237.13999938964844,197.1939697265625,2438200
2020-11-13,236.88999938964844,238.58999633789062,235.0,237.36000061035156,198.71768188476562,1767100
2020-11-16,237.4199981689453,239.82000732421875,235.25999450683594,236.66000366210938,198.1316375732422,2069200
2020-11-17,235.00999450683594,236.92999267578125,232.1199951171875,232.44000244140625,194.5986328125,1935100
2020-11-18,234.0500030517578,234.3699951171875,227.63999938964844,227.75999450683594,190.6805877685547,2466200
2020-11-19,226.97000122070312,226.97000122070312,223.58999633789062,224.6699981689453,188.0935821533203,2595700
2020-11-20,223.22000122070312,225.08999633789062,221.47999572753906,223.1699981689453,186.83778381347656,2956200
2020-11-23,222.05999755859375,223.1699981689453,220.33999633789062,222.22000122070312,186.04246520996094,2032600
2020-11-24,222.4499969482422,223.0500030517578,219.82000732421875,220.4600067138672,184.5690155029297,3198300
2020-11-25,221.10000610351562,223.77000427246094,218.9199981689453,220.30999755859375,184.4434051513672,2550300
2020-11-27,221.41000366210938,226.2100067138672,221.38999938964844,224.80999755859375,188.21080017089844,1698300
2020-11-30,224.3300018310547,225.27999877929688,219.4499969482422,222.0399932861328,185.8917694091797,4857700
2020-12-01,224.8800048828125,225.77999877929688,222.72000122070312,225.0800018310547,188.4368438720703,3050600
2020-12-02,225.0800018310547,230.0800018310547,224.61000061035156,226.55999755859375,189.6759033203125,2641200
2020-12-03,226.0,228.4499969482422,225.52000427246094,226.91000366210938,189.96893310546875,2167800
2020-12-04,225.75,230.3300018310547,225.75,229.2100067138672,191.89447021484375,2008800
2020-12-07,229.0,229.2100067138672,225.11000061035156,226.4499969482422,189.5837860107422,2250300
2020-12-08,229.00999450683594,229.10000610351562,226.35000610351562,228.94000244140625,191.66844177246094,2124500
2020-12-09,229.77999877929688,231.58999633789062,227.8800048828125,229.85000610351562,192.4303436279297,2210000
2020-12-10,229.6199951171875,230.0,227.52000427246094,228.16000366210938,191.0154266357422,1558100
2020-12-11,226.47000122070312,227.8000030517578,225.5,227.39999389648438,190.37913513183594,2019300
2020-12-14,229.47999572753906,232.19000244140625,227.5800018310547,229.4600067138672,192.1038055419922,2904700
2020-12-15,229.00999450683594,231.27999877929688,227.0,230.52999877929688,192.99961853027344,2566600
2020-12-16,229.99000549316406,231.27999877929688,228.11000061035156,228.44000244140625,191.2498321533203,2589100
2020-12-17,229.1199951171875,231.3800048828125,228.8300018310547,231.24000549316406,193.59402465820312,2510400
2020-12-18,232.0399932861328,232.0399932861328,227.25,228.49000549316406,191.291748046875,5888900
2020-12-21,225.67999267578125,227.94000244140625,221.5800018310547,227.30999755859375,190.30381774902344,2311400
2020-12-22,225.72000122070312,226.47999572753906,220.0800018310547,220.99000549316406,185.01272583007812,3571600
2020-12-23,221.47999572753906,223.5800018310547,220.66000366210938,222.94000244140625,186.645263671875,1763500
2020-12-24,223.24000549316406,224.5800018310547,222.2899932861328,222.92999267578125,186.63685607910156,955400
2020-12-28,223.02999877929688,226.89999389648438,223.02999877929688,223.64999389648438,187.23963928222656,1495100
2020-12-29,225.8800048828125,229.47000122070312,225.27000427246094,226.8699951171875,189.9353790283203,1564400
2020-12-30,227.97999572753906,229.02999877929688,226.5800018310547,227.1699981689453,190.18663024902344,1891400
2020-12-31,227.30999755859375,230.25,225.88999938964844,229.9199981689453,192.4888916015625,1821000
2021-01-04,231.25,231.25,223.6699981689453,226.66000366210938,189.75962829589844,3088200
2021-01-05,226.94000244140625,228.89999389648438,224.35000610351562,227.75999450683594,190.6805877685547,2494000
2021-01-06,225.0,233.52999877929688,225.0,233.25,195.27676391601562,3754800
2021-01-07,231.86000061035156,235.3699951171875,231.47000122070312,234.02000427246094,195.9214324951172,2647800
2021-01-08,235.52999877929688,238.86000061035156,235.10000610351562,238.49000549316406,199.6636962890625,2511100
2021-01-11,240.0,240.35000610351562,234.42999267578125,237.57000732421875,198.8934783935547,2600500
2021-01-12,237.1199951171875,238.77999877929688,235.35000610351562,236.58999633789062,198.07301330566406,1771500
2021-01-13,235.99000549316406,238.5,235.22000122070312,237.74000549316406,199.0358123779297,1412300
2021-01-14,236.5,243.49000549316406,235.67999267578125,241.66000366210938,202.31764221191406,2594000
2021-01-15,241.17999267578125,246.83999633789062,240.02000427246094,245.49000549316406,205.5241241455078,2855200
2021-01-19,246.5,249.0,246.3800048828125,248.27000427246094,207.8515167236328,2172900
2021-01-20,247.4199981689453,253.35000610351562,246.1199951171875,252.36000061035156,211.2757110595703,2768200
2021-01-21,252.0,252.72999572753906,249.52000427246094,252.02999877929688,210.99937438964844,2215900
2021-01-22,252.25999450683594,255.22999572753906,250.55999755859375,253.5,212.23004150390625,1866600
2021-01-25,252.0500030517578,257.1099853515625,251.85000610351562,257.1000061035156,215.24400329589844,1830700
2021-01-26,256.5899963378906,259.07000732421875,254.86000061035156,258.6000061035156,216.4998321533203,2008900
2021-01-27,255.47000122070312,259.44000244140625,250.32000732421875,251.05999755859375,210.18724060058594,3237900
2021-01-28,252.47999572753906,276.69000244140625,243.4499969482422,247.75,207.41619873046875,5205600
2021-01-29,244.92999267578125,246.47000122070312,240.25,241.42999267578125,202.12506103515625,3792800
2021-02-01,244.3000030517578,245.47999572753906,239.5800018310547,240.42999267578125,201.28785705566406,2173500
2021-02-02,240.0,241.9499969482422,236.8000030517578,240.49000549316406,201.338134765625,2444200
2021-02-03,231.55999755859375,239.8699951171875,231.38999938964844,237.0800018310547,198.4832763671875,4479200
2021-02-04,236.27999877929688,237.86000061035156,233.75,237.22000122070312,198.6004180908203,2819700
2021-02-05,238.30999755859375,238.8800048828125,235.3800048828125,236.32000732421875,197.8469696044922,2421800
2021-02-08,237.99000549316406,239.6300048828125,235.85000610351562,237.57000732421875,198.8934783935547,2258200
2021-02-09,237.27999877929688,237.6699981689453,234.7899932861328,236.64999389648438,198.12327575683594,1996500
2021-02-10,238.39999389648438,240.3000030517578,236.6999969482422,238.4600067138672,199.63858032226562,2964400
2021-02-11,238.63999938964844,239.1300048828125,233.99000549316406,235.0399932861328,198.23851013183594,1633900
2021-02-12,235.0399932861328,237.35000610351562,233.49000549316406,237.2100067138672,200.06871032714844,1460300
2021-02-16,236.00999450683594,237.69000244140625,232.52999877929688,232.83999633789062,196.3829803466797,2018100
2021-02-17,232.3300018310547,235.83999633789062,231.24000549316406,235.61000061035156,198.71922302246094,1575400
2021-02-18,235.42999267578125,235.42999267578125,232.3000030517578,232.52999877929688,196.12152099609375,1945300
2021-02-19,232.00999450683594,233.14999389648438,230.85000610351562,231.69000244140625,195.4130096435547,2471500
2021-02-22,230.3300018310547,233.8000030517578,230.1199951171875,231.47000122070312,195.2274627685547,2334800
2021-02-23,232.64999389648438,238.0,230.97000122070312,232.4600067138672,196.0625,2919200
2021-02-24,229.8699951171875,230.7899932861328,227.7100067138672,229.99000549316406,193.9792022705078,2690500
2021-02-25,229.99000549316406,230.5,226.89999389648438,227.52000427246094,191.89593505859375,2769200
2021-02-26,230.30999755859375,230.30999755859375,223.6199951171875,224.9199981689453,189.70303344726562,3453500
2021-03-01,225.8800048828125,227.92999267578125,225.22999572753906,227.0399932861328,191.49111938476562,2178100
2021-03-02,227.0,227.88999938964844,225.27999877929688,225.69000244140625,190.35247802734375,2407500
2021-03-03,223.52000427246094,225.69000244140625,221.30999755859375,223.94000244140625,188.87649536132812,2610600
2021-03-04,227.82000732421875,227.8699951171875,220.25,221.91000366210938,187.16433715820312,3577000
2021-03-05,222.4499969482422,228.14999389648438,221.4499969482422,227.72999572753906,192.07305908203125,3021300
2021-03-08,228.0800018310547,232.1999969482422,226.6999969482422,227.80999755859375,192.1405792236328,3101000
2021-03-09,230.0,233.1199951171875,228.77999877929688,228.99000549316406,193.1357879638672,3057300
2021-03-10,231.4600067138672,233.49000549316406,229.02000427246094,229.9600067138672,193.9539031982422,2309800
2021-03-11,230.66000366210938,233.9600067138672,228.77999877929688,231.1699981689453,194.97445678710938,2244000
2021-03-12,230.24000549316406,230.75999450683594,228.69000244140625,230.36000061035156,194.291259765625,1752600
2021-03-15,230.0,236.16000366210938,229.8000030517578,235.9600067138672,199.0144805908203,2911000
2021-03-16,238.1199951171875,242.02000427246094,236.6199951171875,240.32000732421875,202.6917724609375,3386300
2021-03-17,240.30999755859375,245.89999389648438,239.22000122070312,244.27000427246094,206.02330017089844,3255500
2021-03-18,240.5,247.13999938964844,240.5,244.4199981689453,206.14981079101562,3063100
2021-03-19,245.74000549316406,247.39999389648438,241.6300048828125,245.94000244140625,207.4318389892578,12589900
2021-03-22,242.36000061035156,249.77000427246094,242.36000061035156,249.69000244140625,210.5946807861328,2059800
2021-03-23,249.99000549316406,250.0,244.89999389648438,245.0399932861328,206.6727294921875,2604700
2021-03-24,245.0,247.38999938964844,243.82000732421875,245.47000122070312,207.03543090820312,2237500
2021-03-25,247.0399932861328,247.5399932861328,244.97999572753906,246.25,207.6932830810547,2707600
2021-03-26,245.97000122070312,253.27999877929688,245.5399932861328,252.86000061035156,213.268310546875,2638900
2021-03-29,251.52999877929688,256.6000061035156,251.4499969482422,254.9600067138672,215.03948974609375,2488100
2021-03-30,253.17999267578125,254.00999450683594,248.8300018310547,249.75,210.645263671875,1979000
2021-03-31,249.22999572753906,249.9499969482422,247.36000061035156,248.80999755859375,209.85244750976562,3571900
2021-04-01,249.72999572753906,250.0,246.41000366210938,249.1699981689453,210.15611267089844,2176900
2021-04-05,249.05999755859375,252.6300048828125,249.05999755859375,252.02000427246094,212.55984497070312,2230500
2021-04-06,251.74000549316406,252.5399932861328,248.24000549316406,249.10000610351562,210.09706115722656,2040100
2021-04-07,248.1699981689453,250.22000122070312,247.10000610351562,248.1199951171875,209.27049255371094,1583500
2021-04-08,249.10000610351562,249.47999572753906,245.97999572753906,246.8800048828125,208.2246551513672,1633600
2021-04-09,247.7100067138672,249.10000610351562,245.80999755859375,248.9499969482422,209.9705047607422,1368600
2021-04-12,248.52000427246094,250.0,247.7899932861328,248.94000244140625,209.96212768554688,1722000
2021-04-13,249.14999389648438,250.35000610351562,247.08999633789062,249.9499969482422,210.81396484375,1766000
2021-04-14,249.97999572753906,251.5,249.0,249.6199951171875,210.53561401367188,1753800
2021-04-15,251.10000610351562,257.0,250.5,255.1300048828125,215.18292236328125,2366300
2021-04-16,256.44000244140625,258.82000732421875,254.6699981689453,255.7100067138672,215.6720733642578,2768700
2021-04-19,252.85000610351562,256.1099853515625,252.63999938964844,255.97000122070312,215.89137268066406,2345100
2021-04-20,254.83999633789062,260.3599853515625,254.83999633789062,259.1400146484375,218.5650634765625,1579300
2021-04-21,260.4100036621094,261.0,257.75,258.7799987792969,218.26138305664062,2173600
2021-04-22,257.5400085449219,258.4800109863281,253.66000366210938,255.0500030517578,215.11541748046875,3370700
2021-04-23,254.97999572753906,258.1400146484375,253.6699981689453,257.0299987792969,216.785400390625,2426900
2021-04-26,256.6499938964844,256.75,254.4199981689453,255.52000427246094,215.51181030273438,1782700
2021-04-27,255.19000244140625,256.5299987792969,253.75999450683594,255.1300048828125,215.18292236328125,2184900
2021-04-28,241.52000427246094,243.97000122070312,233.75999450683594,236.7100067138672,199.6470184326172,7550800
2021-04-29,235.07000732421875,236.0,231.02999877929688,234.7100067138672,197.96017456054688,4053400
2021-04-30,234.27000427246094,240.66000366210938,234.1999969482422,239.63999938964844,202.1182403564453,3420900
2021-05-03,240.6699981689453,247.02000427246094,240.5500030517578,245.3800048828125,206.95948791503906,3587700
2021-05-04,247.27000427246094,247.5800018310547,242.8699951171875,247.36000061035156,208.62948608398438,3555900
2021-05-05,246.2899932861328,249.97999572753906,245.91000366210938,249.35000610351562,210.3079376220703,2765100
2021-05-06,249.27999877929688,251.47999572753906,246.9600067138672,251.3000030517578,211.95257568359375,2790800
2021-05-07,251.77999877929688,255.72999572753906,251.77999877929688,254.2100067138672,214.40692138671875,2512700
2021-05-10,256.0,258.80999755859375,252.05999755859375,252.6199951171875,213.06590270996094,4079900
2021-05-11,253.16000366210938,255.9600067138672,251.6199951171875,252.3000030517578,212.7960205078125,2307100
2021-05-12,251.41000366210938,253.72000122070312,249.67999267578125,250.8300018310547,211.55615234375,2431900
2021-05-13,250.1699981689453,254.08999633789062,249.7899932861328,252.07000732421875,212.60198974609375,3275300
2021-05-14,252.88999938964844,254.58999633789062,251.14999389648438,251.3800048828125,213.51084899902344,2286800
2021-05-17,252.2899932861328,254.66000366210938,250.63999938964844,252.3800048828125,214.36016845703125,1922200
2021-05-18,252.0800018310547,253.10000610351562,250.32000732421875,250.86000061035156,213.06915283203125,1729400
2021-05-19,248.38999938964844,249.08999633789062,246.75,248.6300048828125,211.1750946044922,2652500
2021-05-20,248.00999450683594,254.38999938964844,247.91000366210938,251.92999267578125,213.9779815673828,2227400
2021-05-21,253.7100067138672,254.05999755859375,250.74000549316406,251.00999450683594,213.19656372070312,2177900
2021-05-24,250.55999755859375,253.47999572753906,247.57000732421875,247.75,210.42767333984375,2552000
2021-05-25,246.66000366210938,247.75,241.77999877929688,242.0,205.54388427734375,3210600
2021-05-26,241.83999633789062,242.47999572753906,238.3300018310547,238.5500030517578,202.61361694335938,3812100
2021-05-27,238.91000366210938,239.4600067138672,234.5800018310547,235.30999755859375,199.86167907714844,3701100
2021-05-28,236.2100067138672,240.8699951171875,236.1300048828125,237.94000244140625,202.09547424316406,3239300
2021-06-01,242.1999969482422,242.27999877929688,232.94000244140625,233.5800018310547,198.392333984375,3799600
2021-06-02,234.89999389648438,236.69000244140625,233.88999938964844,235.16000366210938,199.73431396484375,2266800
2021-06-03,233.6699981689453,236.5800018310547,233.36000061035156,235.74000549316406,200.22691345214844,2010600
2021-06-04,236.74000549316406,239.27999877929688,235.75,236.85000610351562,201.16969299316406,1875700
2021-06-07,236.9199981689453,240.57000732421875,235.1999969482422,237.19000244140625,201.45849609375,2153800
2021-06-08,238.92999267578125,239.1199951171875,235.25,236.82000732421875,201.14427185058594,1638000
2021-06-09,237.9199981689453,241.30999755859375,236.72999572753906,239.52000427246094,203.43751525878906,3047700
2021-06-10,239.57000732421875,245.3300018310547,239.22000122070312,244.63999938964844,207.78616333007812,2655900
2021-06-11,244.8800048828125,245.5,241.97999572753906,242.77000427246094,206.1979217529297,2002300
2021-06-14,242.55999755859375,242.72000122070312,239.2899932861328,241.19000244140625,204.85589599609375,2083200
2021-06-15,241.74000549316406,241.97999572753906,239.0500030517578,239.85000610351562,203.71778869628906,2508800
2021-06-16,240.8699951171875,244.50999450683594,238.0,239.5800018310547,203.48843383789062,3185600
2021-06-17,239.5399932861328,242.42999267578125,238.33999633789062,240.75999450683594,204.4906768798828,2142800
2021-06-18,239.5800018310547,241.0,236.47000122070312,238.67999267578125,202.72401428222656,5560400
2021-06-21,239.63999938964844,240.91000366210938,237.64999389648438,240.24000549316406,204.04904174804688,2149000
2021-06-22,239.7100067138672,240.75,238.2899932861328,239.91000366210938,203.76873779296875,1780400
2021-06-23,239.64999389648438,239.75,236.92999267578125,238.7100067138672,202.74951171875,1654300
2021-06-24,240.41000366210938,243.02999877929688,239.2899932861328,240.9499969482422,204.65206909179688,1943000
2021-06-25,241.63999938964844,243.64999389648438,240.11000061035156,242.67999267578125,206.12142944335938,4309900
2021-06-28,244.02999877929688,245.50999450683594,242.66000366210938,242.83999633789062,206.25733947753906,1680700
2021-06-29,243.22000122070312,243.94000244140625,242.05999755859375,242.4600067138672,205.9345703125,1337200
2021-06-30,242.72000122070312,244.27000427246094,242.05999755859375,243.75,207.03025817871094,2325100
2021-07-01,243.74000549316406,247.10000610351562,243.5500030517578,246.89999389648438,209.7057342529297,2091600
2021-07-02,247.3300018310547,249.89999389648438,246.25,248.6999969482422,211.23455810546875,1943600
2021-07-06,247.25999450683594,248.1199951171875,243.1699981689453,243.64999389648438,206.94534301757812,2792300
2021-07-07,244.07000732421875,244.27999877929688,241.33999633789062,243.22000122070312,206.58009338378906,2381700
2021-07-08,244.24000549316406,246.6999969482422,242.4499969482422,244.27999877929688,207.4804229736328,1994300
2021-07-09,243.08999633789062,245.92999267578125,241.7100067138672,245.1999969482422,208.26181030273438,1609900
2021-07-12,244.49000549316406,247.89999389648438,243.5399932861328,244.3699951171875,207.5568084716797,2149400
2021-07-13,245.38999938964844,246.75,242.97999572753906,244.8300018310547,207.94754028320312,1618200
2021-07-14,244.22000122070312,245.3300018310547,241.49000549316406,244.6999969482422,207.8371124267578,2185200
2021-07-15,244.3300018310547,247.57000732421875,242.13999938964844,246.6300048828125,209.4763946533203,2106700
2021-07-16,248.0800018310547,249.52999877929688,246.5399932861328,247.9600067138672,210.60604858398438,3141400
2021-07-19,247.8000030517578,249.9499969482422,244.85000610351562,246.72999572753906,209.56130981445312,2529900
2021-07-20,247.27000427246094,250.38999938964844,245.7100067138672,246.88999938964844,209.69723510742188,3035200
2021-07-21,246.91000366210938,246.9600067138672,242.69000244140625,244.85000610351562,207.96453857421875,1901900
2021-07-22,243.97999572753906,246.22000122070312,243.1300048828125,244.74000549316406,207.87109375,1379800
2021-07-23,246.27000427246094,248.55999755859375,244.8699951171875,247.72000122070312,210.40219116210938,1747300
2021-07-26,247.72000122070312,248.38999938964844,244.80999755859375,245.0800018310547,208.159912109375,1518500
2021-07-27,244.1199951171875,245.61000061035156,243.3800048828125,244.67999267578125,207.8201446533203,2166400
2021-07-28,244.5500030517578,247.6999969482422,243.52000427246094,244.25,207.45494079589844,1649100
2021-07-29,244.4600067138672,245.16000366210938,242.2100067138672,242.4600067138672,205.9345703125,1498900
2021-07-30,242.6199951171875,243.10000610351562,240.6300048828125,241.5399932861328,205.15318298339844,2284100
2021-08-02,242.1199951171875,242.47999572753906,238.3699951171875,239.7899932861328,203.66677856445312,1849400
2021-08-03,240.75999450683594,244.38999938964844,239.41000366210938,244.0800018310547,207.310546875,2320400
2021-08-04,238.3699951171875,239.4199981689453,227.10000610351562,228.30999755859375,193.9162139892578,6952800
2021-08-05,228.75,234.0399932861328,228.05999755859375,233.99000549316406,198.74053955078125,3294100
2021-08-06,231.85000610351562,233.25,228.77000427246094,230.14999389648438,195.47900390625,2363800
2021-08-09,230.52000427246094,231.39999389648438,227.22000122070312,227.88999938964844,193.55947875976562,2250300
2021-08-10,228.1999969482422,228.1999969482422,223.94000244140625,227.9600067138672,193.61891174316406,2860200
2021-08-11,229.13999938964844,230.0,227.49000549316406,228.1300048828125,193.76336669921875,2104900
2021-08-12,228.1999969482422,229.47999572753906,225.80999755859375,228.14999389648438,193.78028869628906,1798600
2021-08-13,229.11000061035156,231.88999938964844,228.75999450683594,229.67999267578125,195.079833984375,1797300
2021-08-16,228.25999450683594,231.2899932861328,227.9199981689453,231.07000732421875,197.77593994140625,2434500
2021-08-17,229.66000366210938,231.27999877929688,229.52000427246094,231.1999969482422,197.88722229003906,2666500
2021-08-18,230.52000427246094,231.3300018310547,226.60000610351562,226.83999633789062,194.15545654296875,2988100
2021-08-19,225.69000244140625,227.6999969482422,223.3000030517578,224.38999938964844,192.0584716796875,2669000
2021-08-20,224.38999938964844,226.24000549316406,222.00999450683594,223.52999877929688,191.32232666015625,2811600
2021-08-23,224.17999267578125,227.44000244140625,223.77000427246094,225.63999938964844,193.1283416748047,1932600
2021-08-24,225.52000427246094,225.67999267578125,223.55999755859375,224.3800048828125,192.0498809814453,1790400
2021-08-25,224.30999755859375,224.8300018310547,221.17999267578125,221.58999633789062,189.66188049316406,2173200
2021-08-26,222.05999755859375,222.05999755859375,220.16000366210938,221.47000122070312,189.5591583251953,2844500
2021-08-27,222.22000122070312,225.36000061035156,220.22000122070312,222.77999877929688,190.68043518066406,2660900
2021-08-30,222.27999877929688,225.30999755859375,222.10000610351562,224.1300048828125,191.8359375,1881800
2021-08-31,224.94000244140625,225.64999389648438,223.33999633789062,225.52999877929688,193.03419494628906,2904700
2021-09-01,225.5500030517578,226.1199951171875,221.8800048828125,223.35000610351562,191.1683349609375,2699000
2021-09-02,223.63999938964844,226.02999877929688,223.42999267578125,225.9600067138672,193.40223693847656,1817800
2021-09-03,225.75999450683594,227.19000244140625,224.1999969482422,226.3699951171875,193.7532196044922,1664100
2021-09-07,223.0,224.94000244140625,219.52000427246094,221.33999633789062,189.4478759765625,3281800
2021-09-08,221.3300018310547,222.2899932861328,220.10000610351562,220.8699951171875,189.045654296875,2140400
2021-09-09,220.5,220.64999389648438,215.41000366210938,215.5800018310547,184.51783752441406,3273600
2021-09-10,216.5,216.99000549316406,213.5500030517578,213.75,182.9515380859375,2217800
2021-09-13,217.05999755859375,219.0500030517578,215.07000732421875,216.72000122070312,185.49359130859375,2553400
2021-09-14,217.60000610351562,217.9199981689453,215.1199951171875,216.0399932861328,184.91156005859375,1999300
2021-09-15,216.77000427246094,219.9199981689453,215.86000061035156,218.1300048828125,186.700439453125,2555600
2021-09-16,218.02000427246094,218.64999389648438,214.0,217.36000061035156,186.0413818359375,2695600
2021-09-17,217.22999572753906,219.8800048828125,215.8699951171875,219.3800048828125,187.77035522460938,5659900
2021-09-20,218.3800048828125,219.85000610351562,214.27999877929688,215.11000061035156,184.11558532714844,3293000
2021-09-21,215.7100067138672,218.10000610351562,214.36000061035156,215.36000061035156,184.32957458496094,2112100
2021-09-22,216.55999755859375,216.55999755859375,213.4600067138672,213.63999938964844,182.8573760986328,2542800
2021-09-23,212.50999450683594,215.55999755859375,212.3000030517578,215.0500030517578,184.0642547607422,2181500
2021-09-24,214.75,215.52999877929688,213.1999969482422,213.61000061035156,182.83169555664062,1908600
2021-09-27,213.25,214.9499969482422,212.6999969482422,213.11000061035156,182.4037628173828,1943000
2021-09-28,212.3000030517578,214.75999450683594,211.64999389648438,212.27000427246094,181.6847686767578,2919000
2021-09-29,212.5,216.8000030517578,211.85000610351562,214.89999389648438,183.93582153320312,1900800
2021-09-30,215.7899932861328,216.6699981689453,212.52000427246094,212.64999389648438,182.01004028320312,2491900
2021-10-01,213.58999633789062,214.61000061035156,210.8000030517578,213.9199981689453,183.0970458984375,2629400
2021-10-04,214.10000610351562,215.63999938964844,210.77000427246094,211.44000244140625,180.97438049316406,2856300
2021-10-05,211.2100067138672,213.99000549316406,211.0800018310547,211.86000061035156,181.3338623046875,2481900
2021-10-06,211.32000732421875,212.0800018310547,208.97000122070312,209.97999572753906,179.72471618652344,2928200
2021-10-07,208.52999877929688,212.4499969482422,208.52999877929688,209.1199951171875,178.9886474609375,3331700
2021-10-08,210.1300048828125,210.17999267578125,207.64999389648438,208.9499969482422,178.84317016601562,2349800
2021-10-11,209.05999755859375,209.88999938964844,206.58999633789062,206.6999969482422,176.91729736328125,1982200
2021-10-12,207.42999267578125,207.55999755859375,200.47000122070312,201.88999938964844,172.80039978027344,3544000
2021-10-13,202.82000732421875,204.88999938964844,202.10000610351562,203.61000061035156,174.27256774902344,3303300
2021-10-14,204.49000549316406,207.5,204.49000549316406,206.77999877929688,176.98577880859375,3015100
2021-10-15,208.49000549316406,209.02000427246094,206.22999572753906,207.83999633789062,177.89309692382812,3684600
2021-10-18,206.36000061035156,207.0,202.4499969482422,203.1300048828125,173.8617401123047,2812500
2021-10-19,204.49000549316406,206.89999389648438,203.0800018310547,206.77999877929688,176.98577880859375,2480500
2021-10-20,207.39999389648438,211.58999633789062,206.25,209.66000366210938,179.4508514404297,2308600
2021-10-21,210.14999389648438,210.25999450683594,207.6699981689453,208.99000549316406,178.8773956298828,1921100
2021-10-22,209.6999969482422,210.5,208.5,209.24000549316406,179.0913543701172,1349300
2021-10-25,209.5,209.82000732421875,206.97000122070312,207.6300048828125,177.7133331298828,1916500
2021-10-26,208.1999969482422,209.97999572753906,207.6300048828125,208.67999267578125,178.612060546875,1664400
2021-10-27,209.8699951171875,210.39999389648438,205.80999755859375,206.5800018310547,176.81466674804688,2003300
2021-10-28,207.08999633789062,209.49000549316406,205.61000061035156,207.1699981689453,177.3196563720703,2166500
2021-10-29,206.35000610351562,207.6999969482422,204.1999969482422,206.97000122070312,177.14842224121094,2592300
2021-11-01,208.0,212.08999633789062,207.77000427246094,209.7899932861328,179.56214904785156,3105300
2021-11-02,210.50999450683594,214.72000122070312,208.13999938964844,214.25999450683594,183.3880157470703,3329300
2021-11-03,210.91000366210938,219.25,209.8000030517578,218.1300048828125,186.700439453125,3775600
2021-11-04,218.3000030517578,218.4499969482422,211.72000122070312,214.92999267578125,183.9615020751953,2781300
2021-11-05,215.61000061035156,217.4199981689453,212.72999572753906,213.77000427246094,182.96865844726562,2300100
2021-11-08,214.05999755859375,214.44000244140625,210.92999267578125,211.3699951171875,180.91445922851562,2532900
2021-11-09,211.02000427246094,213.6999969482422,210.47000122070312,211.7100067138672,181.20550537109375,2296300
2021-11-10,213.27999877929688,215.5,212.52999877929688,213.2100067138672,182.4893341064453,2360400
2021-11-11,214.0800018310547,214.0800018310547,210.55999755859375,211.55999755859375,181.0771026611328,2615700
2021-11-12,212.3000030517578,212.8800048828125,210.3800048828125,211.38999938964844,180.93157958984375,4614100
2021-11-15,210.69000244140625,210.88999938964844,207.0800018310547,207.39999389648438,179.00682067871094,3129200
2021-11-16,208.02999877929688,209.0399932861328,205.27000427246094,205.38999938964844,177.27203369140625,2942500
2021-11-17,205.2100067138672,207.35000610351562,203.60000610351562,205.82000732421875,177.64315795898438,3329300
2021-11-18,205.6300048828125,206.22999572753906,203.72999572753906,204.02000427246094,176.08961486816406,4261500
2021-11-19,205.27000427246094,206.1999969482422,203.6699981689453,206.0800018310547,177.8675537109375,3217100
2021-11-22,205.4499969482422,206.3000030517578,200.75,202.72999572753906,174.97618103027344,2835100
2021-11-23,202.22999572753906,205.47999572753906,201.27000427246094,204.52999877929688,176.5297393798828,2149300
2021-11-24,204.3000030517578,205.27999877929688,202.9499969482422,203.97000122070312,176.0464324951172,1699800
2021-11-26,204.74000549316406,206.0,200.52000427246094,201.08999633789062,173.56069946289062,3197900
2021-11-29,202.47999572753906,204.8300018310547,201.58999633789062,203.47000122070312,175.61488342285156,2519900
2021-11-30,202.72999572753906,203.8699951171875,198.72999572753906,198.8800048828125,171.6532440185547,5400100
2021-12-01,200.44000244140625,205.63999938964844,198.63999938964844,200.8000030517578,173.31039428710938,3057700
2021-12-02,200.72999572753906,203.10000610351562,199.30999755859375,201.1699981689453,173.62973022460938,2858200
2021-12-03,201.3800048828125,203.8000030517578,200.83999633789062,202.44000244140625,174.7258758544922,3591900
2021-12-06,206.3800048828125,211.7899932861328,205.97000122070312,208.7899932861328,180.20657348632812,3998600
2021-12-07,209.14999389648438,212.44000244140625,207.36000061035156,211.32000732421875,182.39019775390625,3309500
2021-12-08,212.88999938964844,213.91000366210938,210.42999267578125,213.52999877929688,184.2976531982422,2624400
2021-12-09,213.52999877929688,213.97999572753906,209.5,212.57000732421875,183.46908569335938,2699800
2021-12-10,213.3000030517578,214.4499969482422,210.00999450683594,210.88999938964844,182.01904296875,2812200
2021-12-13,210.42999267578125,213.19000244140625,209.0,211.38999938964844,182.45062255859375,2721300
2021-12-14,211.32000732421875,214.80999755859375,210.22999572753906,213.74000549316406,184.4789276123047,2602600
2021-12-15,214.0,219.5,213.1199951171875,219.25,189.234619140625,3924500
2021-12-16,220.0,231.0399932861328,220.0,222.5800018310547,192.10870361328125,6027200
2021-12-17,222.69000244140625,224.16000366210938,219.32000732421875,222.5,192.0396728515625,6424000
2021-12-20,222.25,222.49000549316406,218.69000244140625,219.99000549316406,189.87332153320312,2922200
2021-12-21,220.5500030517578,223.25,219.9600067138672,220.9199981689453,190.67593383789062,2987500
2021-12-22,220.0,221.89999389648438,217.75999450683594,221.52999877929688,191.20245361328125,2677700
2021-12-23,222.3699951171875,224.47999572753906,221.5,223.7899932861328,193.15306091308594,1668800
2021-12-27,223.80999755859375,225.4600067138672,222.6699981689453,225.1699981689453,194.3441619873047,1763200
2021-12-28,225.1699981689453,226.97999572753906,225.0500030517578,225.77000427246094,194.86203002929688,1304500
2021-12-29,225.5800018310547,228.2100067138672,224.99000549316406,227.60000610351562,196.4414825439453,1389400
2021-12-30,227.60000610351562,229.5500030517578,226.13999938964844,226.47000122070312,195.4661865234375,1507400
2021-12-31,226.25999450683594,227.74000549316406,224.8000030517578,224.97000122070312,194.17152404785156,1668400
2022-01-03,223.6300048828125,226.97000122070312,222.02999877929688,226.69000244140625,195.65603637695312,2742800
2022-01-04,225.75999450683594,228.8000030517578,224.25,227.83999633789062,196.64862060546875,2491700
2022-01-05,227.0399932861328,229.8699951171875,224.52000427246094,225.13999938964844,194.31826782226562,2806000
2022-01-06,225.13999938964844,226.66000366210938,223.69000244140625,225.1699981689453,194.3441619873047,2198300
2022-01-07,223.5399932861328,228.19000244140625,223.5399932861328,227.2899932861328,196.1739044189453,2343000
2022-01-10,229.25,230.63999938964844,226.0,230.3699951171875,198.83224487304688,3191900
2022-01-11,230.47000122070312,232.50999450683594,228.11000061035156,232.3800048828125,200.5670928955078,2317900
2022-01-12,232.3800048828125,232.61000061035156,228.52000427246094,231.75999450683594,200.031982421875,1885800
2022-01-13,232.0500030517578,233.22999572753906,230.3300018310547,230.85000610351562,199.2465362548828,2152900
2022-01-14,230.69000244140625,235.8000030517578,229.99000549316406,235.36000061035156,203.1391143798828,3012000
2022-01-18,233.52000427246094,234.77000427246094,231.6999969482422,233.8300018310547,201.81858825683594,3720400
2022-01-19,233.8000030517578,234.3300018310547,230.6999969482422,231.3000030517578,199.6348876953125,2061200
2022-01-20,233.72999572753906,233.72999572753906,228.80999755859375,228.89999389648438,197.56350708007812,2093700
2022-01-21,230.60000610351562,231.4600067138672,227.30999755859375,227.72000122070312,196.54501342773438,3534800
2022-01-24,227.47999572753906,229.13999938964844,219.97999572753906,226.0800018310547,195.1295623779297,4419100
2022-01-25,223.67999267578125,227.5,222.27000427246094,225.0399932861328,194.23193359375,2769900
2022-01-26,221.6199951171875,226.92999267578125,221.1199951171875,222.5399932861328,192.07418823242188,2861600
2022-01-27,222.39999389648438,228.0399932861328,222.30999755859375,224.0,193.33432006835938,2744000
2022-01-28,224.0500030517578,229.14999389648438,222.25,229.13999938964844,197.77066040039062,2502100
2022-01-31,226.97999572753906,227.94000244140625,225.52000427246094,227.13999938964844,196.04441833496094,4504300
2022-02-01,227.13999938964844,229.1999969482422,225.52000427246094,228.67999267578125,197.37356567382812,2498200
2022-02-02,228.13999938964844,229.13999938964844,225.74000549316406,228.92999267578125,197.58935546875,2397800
2022-02-03,228.66000366210938,229.0,223.75,224.0399932861328,193.36883544921875,3002400
2022-02-04,222.1199951171875,224.75999450683594,220.97000122070312,222.11000061035156,191.7030487060547,3162000
2022-02-07,222.08999633789062,224.75999450683594,220.6300048828125,223.52999877929688,192.92864990234375,3596400
2022-02-08,232.94000244140625,244.7100067138672,232.2100067138672,241.00999450683594,208.015625,8394800
2022-02-09,241.0399932861328,241.0399932861328,235.32000732421875,237.19000244140625,204.7186279296875,5075200
2022-02-10,235.0,236.13999938964844,227.7100067138672,228.82000732421875,197.49447631835938,5035000
2022-02-11,228.52000427246094,231.47000122070312,228.14999389648438,228.1999969482422,196.9593048095703,3557700
2022-02-14,226.61000061035156,226.92999267578125,220.86000061035156,224.27000427246094,195.22702026367188,3931500
2022-02-15,225.0,226.16000366210938,221.22000122070312,223.94000244140625,194.93975830078125,2474500
2022-02-16,223.47000122070312,225.10000610351562,221.0399932861328,222.66000366210938,193.82559204101562,2369000
2022-02-17,221.47999572753906,223.2899932861328,219.42999267578125,221.67999267578125,192.972412109375,2157000
2022-02-18,220.97000122070312,223.97999572753906,219.7899932861328,220.77000427246094,192.18028259277344,2795800
2022-02-22,220.75999450683594,222.89999389648438,219.3000030517578,221.41000366210938,192.73741149902344,2835900
2022-02-23,222.67999267578125,223.75,220.6199951171875,221.0,192.3804931640625,2994800
2022-02-24,218.92999267578125,219.89999389648438,214.38999938964844,219.27000427246094,190.8745574951172,3746700
2022-02-25,222.49000549316406,228.13999938964844,221.9600067138672,227.02999877929688,197.6295928955078,3557100
2022-02-28,224.02999877929688,226.75,222.52999877929688,226.47999572753906,197.1508331298828,4738100
2022-03-01,225.27999877929688,227.7899932861328,223.74000549316406,225.2100067138672,196.04531860351562,4573500
2022-03-02,225.0399932861328,230.39999389648438,224.64999389648438,228.58999633789062,198.9875946044922,3387200
2022-03-03,230.8800048828125,234.27000427246094,230.00999450683594,232.63999938964844,202.5131378173828,3638400
2022-03-04,230.6999969482422,235.74000549316406,230.13999938964844,232.91000366210938,202.74815368652344,3764400
2022-03-07,231.2899932861328,239.66000366210938,231.22999572753906,234.36000061035156,204.01040649414062,3713200
2022-03-08,233.86000061035156,236.8800048828125,230.55999755859375,231.10000610351562,201.1725616455078,2974900
2022-03-09,234.22999572753906,234.52999877929688,230.42999267578125,231.4600067138672,201.48590087890625,2640900
2022-03-10,229.66000366210938,230.4199981689453,226.0800018310547,226.9499969482422,197.5599822998047,3957200
2022-03-11,228.11000061035156,230.02999877929688,226.77000427246094,228.85000610351562,199.21389770507812,2667000
2022-03-14,231.0800018310547,232.4499969482422,228.9199981689453,229.2100067138672,199.52731323242188,2902700
2022-03-15,231.3800048828125,233.05999755859375,228.11000061035156,231.55999755859375,201.5729522705078,3178200
2022-03-16,232.52000427246094,232.52000427246094,228.4499969482422,231.6699981689453,201.66873168945312,4220300
2022-03-17,231.72000122070312,236.57000732421875,231.22000122070312,235.86000061035156,205.31614685058594,3262300
2022-03-18,234.91000366210938,236.39999389648438,232.75,236.25,205.65562438964844,7617100
2022-03-21,237.07000732421875,240.32000732421875,234.72999572753906,236.32000732421875,205.7165069580078,2385200
2022-03-22,236.32000732421875,237.52000427246094,234.5399932861328,236.47000122070312,205.84710693359375,2212200
2022-03-23,237.2899932861328,239.3800048828125,234.0399932861328,234.17999267578125,203.8536834716797,2533100
2022-03-24,235.8000030517578,237.85000610351562,234.0,236.8699951171875,206.1953125,2349000
2022-03-25,236.8699951171875,239.49000549316406,236.2100067138672,238.7899932861328,207.8666534423828,1424500
2022-03-28,238.82000732421875,240.57000732421875,237.97999572753906,240.47000122070312,209.32913208007812,2045300
2022-03-29,241.66000366210938,242.61000061035156,238.61000061035156,241.5399932861328,210.2605743408203,2230600
2022-03-30,243.57000732421875,244.72999572753906,242.02000427246094,242.57000732421875,211.15719604492188,2593300
2022-03-31,244.17999267578125,245.47999572753906,241.67999267578125,241.82000732421875,210.50430297851562,3102800
2022-04-01,243.02999877929688,243.9499969482422,240.72999572753906,243.1199951171875,211.63597106933594,1883900
2022-04-04,242.83999633789062,246.4499969482422,242.64999389648438,244.8699951171875,213.1593017578125,3518800
2022-04-05,243.74000549316406,248.75,243.74000549316406,244.55999755859375,212.8894805908203,2180800
2022-04-06,244.85000610351562,251.4600067138672,244.85000610351562,249.92999267578125,217.56405639648438,3869000
2022-04-07,249.1999969482422,252.72999572753906,249.02000427246094,251.63999938964844,219.0526123046875,2674400
2022-04-08,251.52999877929688,253.88999938964844,250.5399932861328,252.02000427246094,219.3834228515625,2745800
2022-04-11,253.60000610351562,258.45001220703125,250.14999389648438,250.8699951171875,218.38232421875,2975200
2022-04-12,250.97000122070312,252.5500030517578,246.77000427246094,250.0399932861328,217.6598358154297,2261100
2022-04-13,251.13999938964844,253.97000122070312,249.77000427246094,253.50999450683594,220.68045043945312,2402800
2022-04-14,254.39999389648438,257.57000732421875,253.64999389648438,254.02000427246094,221.12445068359375,2861800
2022-04-18,252.49000549316406,255.38999938964844,251.14999389648438,251.92999267578125,219.30506896972656,3615500
2022-04-19,252.49000549316406,255.72999572753906,250.35000610351562,253.3699951171875,220.55856323242188,2355100
2022-04-20,254.07000732421875,256.8999938964844,253.5,255.3800048828125,222.30828857421875,1888100
2022-04-21,256.4100036621094,258.3900146484375,254.9499969482422,255.4600067138672,222.37794494628906,2117300
2022-04-22,254.10000610351562,255.89999389648438,250.05999755859375,250.35000610351562,217.92967224121094,2617800
2022-04-25,251.00999450683594,252.64999389648438,247.91000366210938,252.1699981689453,219.5139923095703,2271000
2022-04-26,250.3000030517578,253.0,249.72000122070312,249.8699951171875,217.51182556152344,3306000
2022-04-27,249.0399932861328,252.02000427246094,246.44000244140625,248.7899932861328,216.57171630859375,2973500
2022-04-28,235.72999572753906,242.91000366210938,231.14999389648438,238.1300048828125,207.2921600341797,6609500
2022-04-29,236.5,240.47999572753906,232.74000549316406,233.19000244140625,202.9918670654297,4029300
2022-05-02,233.3699951171875,234.0500030517578,227.32000732421875,230.9199981689453,201.015869140625,4154800
2022-05-03,233.75,234.19000244140625,229.60000610351562,232.19000244140625,202.12136840820312,2443800
2022-05-04,232.57000732421875,237.11000061035156,231.39999389648438,236.10000610351562,205.52505493164062,2494900
2022-05-05,235.5,238.83999633789062,232.24000549316406,234.35000610351562,204.00164794921875,3357100
2022-05-06,231.75999450683594,237.4600067138672,231.75,236.5,205.87322998046875,4682100
2022-05-09,236.5800018310547,242.77999877929688,234.5399932861328,239.24000549316406,208.25840759277344,4376300
2022-05-10,242.2100067138672,244.41000366210938,240.47000122070312,240.7100067138672,209.53802490234375,4234800
2022-05-11,240.36000061035156,243.3800048828125,239.2100067138672,240.63999938964844,209.47714233398438,3411700
2022-05-12,240.05999755859375,244.83999633789062,239.0500030517578,244.72000122070312,213.02877807617188,3733300
2022-05-13,244.63999938964844,245.0,241.2899932861328,243.39999389648438,211.87969970703125,2631900
2022-05-16,241.24000549316406,245.11000061035156,241.16000366210938,243.8699951171875,213.99444580078125,2414500
2022-05-17,245.13999938964844,246.22000122070312,239.25999450683594,245.35000610351562,215.29315185546875,2344100
2022-05-18,246.49000549316406,247.2899932861328,243.0,243.9600067138672,214.07342529296875,3376800
2022-05-19,242.35000610351562,245.86000061035156,241.86000061035156,244.77000427246094,214.7842254638672,2414200
2022-05-20,244.05999755859375,247.66000366210938,242.9600067138672,247.5,217.17974853515625,3860500
2022-05-23,249.67999267578125,251.0500030517578,247.8800048828125,249.0399932861328,218.53106689453125,2272600
2022-05-24,248.6699981689453,252.39999389648438,248.3300018310547,251.88999938964844,221.03196716308594,2667300
2022-05-25,253.0,254.80999755859375,250.02999877929688,253.00999450683594,222.0147247314453,3538400
2022-05-26,253.38999938964844,255.61000061035156,252.0800018310547,253.0500030517578,222.0498504638672,2222300
2022-05-27,253.5,256.2300109863281,250.9199981689453,255.25999450683594,223.98910522460938,2678900
2022-05-31,255.0,257.260009765625,251.00999450683594,256.739990234375,225.28778076171875,6737500
2022-06-01,257.8800048828125,257.9700012207031,251.35000610351562,253.4199981689453,222.37449645996094,2664600
2022-06-02,252.6199951171875,252.72999572753906,243.85000610351562,248.27999877929688,217.86422729492188,3916200
2022-06-03,248.3000030517578,250.69000244140625,247.72000122070312,248.4499969482422,218.0133819580078,2086500
2022-06-06,248.3300018310547,248.8300018310547,243.61000061035156,245.44000244140625,215.3721160888672,2413700
2022-06-07,244.64999389648438,246.8000030517578,243.3699951171875,246.41000366210938,216.2232666015625,2693800
2022-06-08,246.66000366210938,246.8800048828125,243.5800018310547,245.47999572753906,215.40719604492188,2353900
2022-06-09,244.72000122070312,246.72000122070312,241.44000244140625,241.75,212.13417053222656,2695200
2022-06-10,240.02000427246094,242.0800018310547,237.39999389648438,240.00999450683594,210.60733032226562,2910900
2022-06-13,237.94000244140625,239.0500030517578,235.99000549316406,236.77000427246094,207.76425170898438,4462300
2022-06-14,236.97000122070312,238.6999969482422,233.44000244140625,235.6999969482422,206.82533264160156,3020800
2022-06-15,236.52999877929688,237.25999450683594,231.97999572753906,235.5800018310547,206.7200469970703,3076700
2022-06-16,233.60000610351562,234.5399932861328,229.58999633789062,230.7100067138672,202.4466552734375,4102700
2022-06-17,230.1300048828125,238.25,229.49000549316406,234.72000122070312,205.9653778076172,13114500
2022-06-21,236.83999633789062,238.86000061035156,233.92999267578125,238.41000366210938,209.203369140625,3882200
2022-06-22,237.1699981689453,242.33999633789062,236.89999389648438,240.13999938964844,210.72137451171875,4172900
2022-06-23,241.72000122070312,244.02000427246094,240.91000366210938,243.08999633789062,213.30999755859375,3229600
2022-06-24,244.0,246.0,242.8800048828125,245.3699951171875,215.3107147216797,4527700
2022-06-27,245.1699981689453,246.2899932861328,244.02999877929688,244.85000610351562,214.8543701171875,2767500
2022-06-28,245.92999267578125,247.5800018310547,243.38999938964844,243.50999450683594,213.6785430908203,2430100
2022-06-29,246.25999450683594,247.10000610351562,243.72000122070312,245.42999267578125,215.3633575439453,2610400
2022-06-30,244.1699981689453,245.0,240.72999572753906,243.3000030517578,213.49432373046875,3033800
2022-07-01,243.25,246.0,240.72000122070312,245.5500030517578,215.46864318847656,2745500
2022-07-05,245.19000244140625,246.74000549316406,242.32000732421875,246.72999572753906,216.5041046142578,2483600
2022-07-06,246.6199951171875,248.0800018310547,244.5399932861328,245.25,215.2053680419922,4320500
2022-07-07,244.5,248.02999877929688,244.2899932861328,247.4199981689453,217.10955810546875,3068200
2022-07-08,248.14999389648438,250.24000549316406,247.1999969482422,248.47999572753906,218.0396728515625,2215400
2022-07-11,249.27999877929688,250.11000061035156,246.99000549316406,247.77999877929688,217.4254608154297,1805000
2022-07-12,247.77999877929688,250.08999633789062,245.67999267578125,246.97000122070312,216.7146759033203,2699300
2022-07-13,246.3699951171875,248.75,245.16000366210938,247.08999633789062,216.82000732421875,2498000
2022-07-14,245.02000427246094,246.82000732421875,242.9499969482422,245.58999633789062,215.50372314453125,2886400
2022-07-15,247.38999938964844,249.1300048828125,245.44000244140625,248.69000244140625,218.2239532470703,2805500
2022-07-18,248.5500030517578,249.4499969482422,242.9199981689453,243.83999633789062,213.96812438964844,2231400
2022-07-19,246.9600067138672,247.77999877929688,245.0399932861328,247.32000732421875,217.02183532714844,3375000
2022-07-20,246.6999969482422,248.4600067138672,244.64999389648438,246.6300048828125,216.4163360595703,2664600
2022-07-21,245.74000549316406,246.8000030517578,243.61000061035156,245.77999877929688,215.6704559326172,2009500
2022-07-22,246.8000030517578,249.1300048828125,245.22000122070312,245.9499969482422,215.81964111328125,1843600
2022-07-25,246.86000061035156,249.08999633789062,246.55999755859375,248.72000122070312,218.2502899169922,1771100
2022-07-26,249.6300048828125,253.77000427246094,248.75,251.13999938964844,220.37384033203125,2528600
2022-07-27,249.16000366210938,252.75,248.08999633789062,251.72000122070312,220.88275146484375,2180900
2022-07-28,251.72000122070312,251.72000122070312,245.72999572753906,249.75,219.1540985107422,2214400
2022-07-29,248.4600067138672,249.57000732421875,245.74000549316406,247.47000122070312,217.15341186523438,3289700
2022-08-01,247.33999633789062,248.16000366210938,244.64999389648438,245.63999938964844,215.54759216308594,1960500
2022-08-02,246.69000244140625,247.85000610351562,243.77999877929688,243.91000366210938,214.029541015625,2295100
2022-08-03,245.94000244140625,249.3300018310547,245.17999267578125,247.13999938964844,216.8638153076172,2061400
2022-08-04,247.0,249.0,246.1999969482422,246.97999572753906,216.72341918945312,2650600
2022-08-05,246.4600067138672,247.0800018310547,241.7899932861328,246.25,216.0828857421875,2723900
2022-08-08,245.0,247.74000549316406,244.30999755859375,247.2899932861328,216.99546813964844,2784400
2022-08-09,247.2100067138672,249.72000122070312,247.2100067138672,248.36000061035156,217.93443298339844,2061600
2022-08-10,249.80999755859375,252.4600067138672,248.52999877929688,252.08999633789062,221.2074432373047,2628600
2022-08-11,252.0399932861328,253.36000061035156,247.99000549316406,248.35000610351562,217.92559814453125,2686900
2022-08-12,248.52000427246094,249.85000610351562,246.3000030517578,248.38999938964844,217.96075439453125,3461100
2022-08-15,249.07000732421875,251.52999877929688,247.8800048828125,251.0800018310547,220.32118225097656,2659100
2022-08-16,251.86000061035156,254.16000366210938,251.66000366210938,253.14999389648438,222.13758850097656,2206100
2022-08-17,251.19000244140625,252.64999389648438,249.75,250.5800018310547,221.58050537109375,1882200
2022-08-18,250.92999267578125,251.0399932861328,247.9499969482422,249.6999969482422,220.8023681640625,1888800
2022-08-19,247.6300048828125,252.00999450683594,247.6300048828125,250.86000061035156,221.82809448242188,2207500
2022-08-22,249.97999572753906,251.22999572753906,246.5399932861328,246.89999389648438,218.32638549804688,3078300
2022-08-23,246.69000244140625,246.69000244140625,242.85000610351562,244.47000122070312,216.1776123046875,2659700
2022-08-24,243.57000732421875,244.97999572753906,242.61000061035156,244.49000549316406,216.19529724121094,2329200
2022-08-25,246.00999450683594,246.05999755859375,243.80999755859375,245.67999267578125,217.2476043701172,1725400
2022-08-26,244.0500030517578,246.36000061035156,240.4499969482422,240.64999389648438,212.7996826171875,2969400
2022-08-29,238.83999633789062,241.02999877929688,238.00999450683594,239.3800048828125,211.67665100097656,2113000
2022-08-30,239.8800048828125,240.30999755859375,238.2899932861328,239.1199951171875,211.44674682617188,3673000
2022-08-31,241.58999633789062,243.88999938964844,239.85000610351562,240.3000030517578,212.4901885986328,4303900
2022-09-01,241.1199951171875,245.74000549316406,240.74000549316406,245.5,217.08840942382812,2488200
2022-09-02,246.47999572753906,247.77999877929688,241.33999633789062,242.3699951171875,214.32064819335938,2325100
2022-09-06,243.74000549316406,244.58999633789062,241.5399932861328,242.22000122070312,214.18798828125,2102600
2022-09-07,242.8000030517578,245.32000732421875,242.27000427246094,244.7899932861328,216.4605712890625,2127300
2022-09-08,244.8000030517578,246.0,242.91000366210938,245.4499969482422,217.04415893554688,2895800
2022-09-09,245.4499969482422,249.22999572753906,245.02999877929688,247.69000244140625,219.02499389648438,2318000
2022-09-12,238.0,241.6999969482422,235.11000061035156,237.6199951171875,210.12033081054688,6294600
2022-09-13,237.02999877929688,237.13999938964844,226.6199951171875,226.86000061035156,200.6055908203125,4447200
2022-09-14,227.52999877929688,228.77999877929688,226.1300048828125,228.1199951171875,201.71975708007812,2715600
2022-09-15,228.10000610351562,229.00999450683594,225.86000061035156,227.66000366210938,201.31300354003906,2206100
2022-09-16,226.88999938964844,232.22000122070312,226.61000061035156,231.13999938964844,204.39028930664062,4604100
2022-09-19,230.63999938964844,230.86000061035156,227.10000610351562,230.75999450683594,204.05422973632812,1981400
2022-09-20,228.5,229.99000549316406,226.52999877929688,227.7100067138672,201.3572540283203,1745900
2022-09-21,229.1300048828125,230.6199951171875,224.36000061035156,224.4600067138672,198.48333740234375,2186300
2022-09-22,223.5500030517578,229.3699951171875,223.3000030517578,227.75,201.3926239013672,2081200
2022-09-23,227.99000549316406,228.61000061035156,224.55999755859375,226.97000122070312,200.702880859375,2148600
2022-09-26,226.77000427246094,228.63999938964844,225.3800048828125,226.8699951171875,200.61441040039062,2454000
2022-09-27,226.97000122070312,229.9600067138672,225.02000427246094,225.99000549316406,199.83628845214844,2009800
2022-09-28,229.9600067138672,231.8699951171875,227.74000549316406,230.97999572753906,204.24880981445312,2782400
2022-09-29,231.5500030517578,231.5500030517578,226.97000122070312,228.41000366210938,201.97625732421875,2335700
2022-09-30,228.4199981689453,230.0,225.1699981689453,225.39999389648438,199.31455993652344,2543400
2022-10-03,228.27000427246094,230.9499969482422,226.4199981689453,230.44000244140625,203.7712860107422,2521700
2022-10-04,230.97999572753906,234.08999633789062,229.8000030517578,233.02000427246094,206.052734375,2331000
2022-10-05,232.6300048828125,235.4199981689453,230.9600067138672,233.82000732421875,206.76016235351562,2060400
2022-10-06,232.52000427246094,233.13999938964844,230.22999572753906,230.94000244140625,204.21343994140625,1523800
2022-10-07,230.0,231.52000427246094,228.57000732421875,229.02999877929688,202.5244598388672,2060000
2022-10-10,231.0800018310547,234.13999938964844,229.88999938964844,232.14999389648438,205.28338623046875,1630100
2022-10-11,239.49000549316406,250.47999572753906,237.83999633789062,245.44000244140625,217.0353546142578,6256000
2022-10-12,244.36000061035156,248.72999572753906,243.41000366210938,246.44000244140625,217.9196014404297,2639800
2022-10-13,244.77000427246094,252.3699951171875,242.83999633789062,251.66000366210938,222.53550720214844,3288900
2022-10-14,252.0,253.11000061035156,250.22999572753906,251.33999633789062,222.25253295898438,2864400
2022-10-17,251.4199981689453,253.4199981689453,249.49000549316406,252.92999267578125,223.6585235595703,2577100
2022-10-18,253.86000061035156,254.6999969482422,251.02999877929688,252.1199951171875,222.9422607421875,2060000
2022-10-19,251.30999755859375,252.35000610351562,246.94000244140625,248.19000244140625,219.46707153320312,1883000
2022-10-20,247.5500030517578,249.05999755859375,246.00999450683594,247.4499969482422,218.81271362304688,2058000
2022-10-21,247.52000427246094,252.38999938964844,247.00999450683594,251.94000244140625,222.78309631347656,3531200
2022-10-24,254.9499969482422,261.5899963378906,254.89999389648438,261.32000732421875,231.07757568359375,2883200
2022-10-25,260.489990234375,261.7900085449219,257.19000244140625,259.989990234375,229.90147399902344,2548900
2022-10-26,262.989990234375,267.9800109863281,261.510009765625,266.6600036621094,235.79957580566406,3008900
2022-10-27,268.0,269.30999755859375,265.8800048828125,267.2300109863281,236.30360412597656,2260900
2022-10-28,269.67999267578125,274.5400085449219,269.1199951171875,273.80999755859375,242.12208557128906,2924100
2022-10-31,269.20001220703125,271.80999755859375,268.0,270.3500061035156,239.06251525878906,3033600
2022-11-01,269.6000061035156,272.8699951171875,268.3800048828125,272.05999755859375,240.5745849609375,2062600
2022-11-02,271.6400146484375,274.8800048828125,268.95001220703125,269.010009765625,237.8776092529297,2637300
2022-11-03,268.5299987792969,268.6000061035156,265.0199890136719,265.8800048828125,235.10984802246094,2779500
2022-11-04,261.94000244140625,269.29998779296875,259.8399963378906,269.0400085449219,237.90414428710938,3402000
2022-11-07,268.1499938964844,277.4800109863281,267.75,277.0199890136719,244.9605712890625,2926700
2022-11-08,282.57000732421875,296.6700134277344,282.2200012207031,292.3900146484375,258.5517883300781,6911300
2022-11-09,290.0,296.2200012207031,289.260009765625,289.6499938964844,256.12896728515625,3469100
2022-11-10,294.0799865722656,294.4800109863281,285.3500061035156,291.010009765625,257.33154296875,4083200
2022-11-11,288.54998779296875,289.3599853515625,279.6199951171875,285.0199890136719,252.0347137451172,3255100
2022-11-14,284.70001220703125,290.8999938964844,284.70001220703125,285.29998779296875,252.2823944091797,2812800
2022-11-15,286.0199890136719,289.42999267578125,280.2200012207031,283.6000061035156,250.7790985107422,2763200
2022-11-16,284.0199890136719,286.989990234375,282.55999755859375,283.7699890136719,252.65771484375,2443500
2022-11-17,282.9200134277344,288.79998779296875,282.6600036621094,287.29998779296875,255.8007049560547,2172000
2022-11-18,284.42999267578125,288.739990234375,284.42999267578125,287.2900085449219,255.7917938232422,2371700
2022-11-21,289.0899963378906,291.6000061035156,287.8999938964844,288.1600036621094,256.5664367675781,2795100
2022-11-22,288.010009765625,289.3999938964844,283.5199890136719,287.04998779296875,255.5781707763672,3636000
2022-11-23,287.44000244140625,289.5400085449219,281.6000061035156,283.3999938964844,252.32835388183594,2875600
2022-11-25,281.95001220703125,285.57000732421875,281.4100036621094,283.739990234375,252.631103515625,1220700
2022-11-28,285.0,288.2799987792969,282.19000244140625,282.6199951171875,251.6338653564453,2375900
2022-11-29,283.3800048828125,283.3800048828125,279.67999267578125,281.989990234375,251.07293701171875,2135300
2022-11-30,282.55999755859375,287.9599914550781,278.92999267578125,286.3999938964844,254.9994354248047,5776200
2022-12-01,288.0,288.0899963378906,279.8800048828125,285.94000244140625,254.58990478515625,2914600
2022-12-02,284.05999755859375,286.1199951171875,283.19000244140625,285.510009765625,254.20703125,2267000
2022-12-05,283.7900085449219,286.7799987792969,283.0,284.9100036621094,253.6728057861328,3274700
2022-12-06,285.8399963378906,287.44000244140625,281.69000244140625,283.2900085449219,252.2303466796875,2608800
2022-12-07,283.4100036621094,285.92999267578125,281.80999755859375,285.760009765625,254.42958068847656,2492600
2022-12-08,286.510009765625,286.5899963378906,283.739990234375,285.57000732421875,254.26040649414062,1769800
2022-12-09,284.19000244140625,285.1700134277344,278.3399963378906,278.6499938964844,248.0991668701172,2205700
2022-12-12,272.82000732421875,279.4800109863281,272.6300048828125,276.7799987792969,246.43418884277344,3427400
2022-12-13,282.0199890136719,282.6700134277344,271.6199951171875,272.260009765625,242.40969848632812,3871300
2022-12-14,271.9700012207031,273.3699951171875,267.2900085449219,271.1300048828125,241.40362548828125,3795000
2022-12-15,270.44000244140625,271.1199951171875,263.45001220703125,266.1400146484375,236.9607391357422,3200400
2022-12-16,264.95001220703125,267.9800109863281,264.30999755859375,267.4100036621094,238.09146118164062,8789000
2022-12-19,266.82000732421875,268.9100036621094,263.80999755859375,265.70001220703125,236.5689697265625,2679800
2022-12-20,266.69000244140625,267.67999267578125,262.82000732421875,264.75,235.72311401367188,1609100
2022-12-21,264.8800048828125,267.3999938964844,264.25,266.260009765625,237.0675811767578,2057000
2022-12-22,265.79998779296875,266.1700134277344,263.19000244140625,265.260009765625,236.17715454101562,1979100
2022-12-23,264.8800048828125,265.2900085449219,262.8999938964844,263.9200134277344,234.98411560058594,1465500
2022-12-27,265.69000244140625,266.6099853515625,262.8800048828125,263.3900146484375,234.51223754882812,1604700
2022-12-28,264.4200134277344,265.6199951171875,261.1400146484375,261.4200134277344,232.75819396972656,1349500
2022-12-29,262.4700012207031,264.8800048828125,262.1400146484375,263.1600036621094,234.3074493408203,1446400
2022-12-30,262.7300109863281,263.2300109863281,259.510009765625,262.6400146484375,233.84446716308594,1622000
2023-01-03,260.8699951171875,262.6000061035156,258.8699951171875,261.6499938964844,232.9630126953125,2594800
2023-01-04,263.010009765625,265.010009765625,261.0,264.3900146484375,235.402587890625,1773800
2023-01-05,264.07000732421875,268.0,262.5199890136719,266.8599853515625,237.6017303466797,2056000
2023-01-06,270.0400085449219,276.82000732421875,269.0299987792969,275.20001220703125,245.0273895263672,2887800
2023-01-09,275.5799865722656,275.5799865722656,268.6600036621094,270.1199951171875,240.50437927246094,2160700
2023-01-10,271.95001220703125,274.6099853515625,270.1099853515625,273.8800048828125,243.8520965576172,1783400
2023-01-11,275.9700012207031,276.8399963378906,270.17999267578125,272.9100036621094,242.98849487304688,2044400
2023-01-12,271.9200134277344,272.6499938964844,268.8900146484375,270.9200134277344,241.21665954589844,1454100
2023-01-13,270.94000244140625,272.2300109863281,270.20001220703125,271.7300109863281,241.93785095214844,1696800
2023-01-17,272.20001220703125,273.8299865722656,268.8299865722656,269.4200134277344,239.881103515625,2472800
2023-01-18,269.4200134277344,270.5199890136719,263.6499938964844,264.3900146484375,235.402587890625,2218100
2023-01-19,262.0,263.5199890136719,260.92999267578125,262.0299987792969,233.30133056640625,2090500
2023-01-20,262.0299987792969,263.8399963378906,259.8699951171875,263.239990234375,234.37863159179688,2574100
2023-01-23,264.0,264.7300109863281,259.80999755859375,260.9700012207031,232.3575439453125,2025000
2023-01-24,261.8500061035156,262.0,257.5199890136719,259.70001220703125,231.226806640625,1596900
2023-01-25,260.0899963378906,261.54998779296875,256.0199890136719,256.5400085449219,228.4132537841797,1910600
2023-01-26,256.5400085449219,256.69000244140625,253.00999450683594,254.8800048828125,226.9352264404297,2522100
2023-01-27,254.8699951171875,255.5,252.5399932861328,253.64999389648438,225.84010314941406,2109900
2023-01-30,253.4600067138672,254.16000366210938,250.60000610351562,251.58999633789062,224.0059356689453,2042800
2023-01-31,253.86000061035156,253.86000061035156,249.88999938964844,252.39999389648438,224.7271270751953,3418300
2023-02-01,249.16000366210938,249.5500030517578,240.0,246.41000366210938,219.39385986328125,5344700
2023-02-02,243.77999877929688,246.57000732421875,236.3699951171875,246.52999877929688,219.50074768066406,5489100
2023-02-03,249.9600067138672,249.9600067138672,242.2100067138672,245.1699981689453,218.2898712158203,3073000
2023-02-06,245.36000061035156,246.8000030517578,243.4499969482422,243.85000610351562,217.11456298828125,2196900
2023-02-07,243.02000427246094,244.94000244140625,241.4199981689453,244.0,217.24815368652344,2408000
2023-02-08,242.99000549316406,243.55999755859375,239.60000610351562,240.1999969482422,213.86476135253906,2761200
2023-02-09,241.1199951171875,243.4600067138672,238.99000549316406,240.0,213.68667602539062,3056200
2023-02-10,241.9199981689453,244.13999938964844,240.41000366210938,242.5,215.91261291503906,2687200
2023-02-13,243.1999969482422,243.8300018310547,241.3000030517578,243.66000366210938,216.94540405273438,2321900
2023-02-14,242.6999969482422,243.0,239.11000061035156,241.02999877929688,216.4962921142578,2015900
2023-02-15,240.2100067138672,240.5399932861328,238.72999572753906,240.07000732421875,215.63400268554688,1783300
2023-02-16,238.4600067138672,239.00999450683594,234.0399932861328,234.22000122070312,210.3794403076172,3291800
2023-02-17,235.33999633789062,241.72000122070312,233.7100067138672,240.52999877929688,216.04718017578125,2978100
2023-02-21,240.7899932861328,241.9199981689453,238.1999969482422,238.24000549316406,213.99026489257812,2524100
2023-02-22,240.3000030517578,240.99000549316406,235.75,236.16000366210938,212.1219940185547,2187600
2023-02-23,236.6999969482422,237.86000061035156,234.75,237.6199951171875,213.43338012695312,2211600
2023-02-24,236.8300018310547,237.05999755859375,233.1199951171875,233.66000366210938,209.87646484375,1853900
2023-02-27,235.22000122070312,235.22000122070312,232.88999938964844,234.4499969482422,210.58602905273438,1723000
2023-02-28,233.6300048828125,234.47000122070312,231.60000610351562,231.66000366210938,208.0800323486328,2615700
2023-03-01,230.3699951171875,236.44000244140625,230.13999938964844,236.19000244140625,212.14895629882812,2441300
2023-03-02,236.1199951171875,236.3699951171875,233.89999389648438,234.74000549316406,210.84652709960938,1777100
2023-03-03,235.0,235.88999938964844,233.60000610351562,234.80999755859375,210.90939331054688,2214500
2023-03-06,235.0,235.6300048828125,233.63999938964844,235.11000061035156,211.17886352539062,2591000
2023-03-07,235.11000061035156,235.1999969482422,228.35000610351562,228.72000122070312,205.4392547607422,2362200
2023-03-08,230.16000366210938,231.8000030517578,227.3699951171875,228.42999267578125,205.17881774902344,1842200
2023-03-09,229.49000549316406,229.8300018310547,225.39999389648438,225.7899932861328,202.8074951171875,1736900
2023-03-10,226.77000427246094,230.27999877929688,225.6300048828125,227.8699951171875,204.67581176757812,2661800
2023-03-13,231.17999267578125,237.27000427246094,230.5,233.17999267578125,209.44529724121094,3146000
2023-03-14,233.4600067138672,233.4600067138672,229.41000366210938,230.5800018310547,207.10995483398438,3227100
2023-03-15,230.39999389648438,235.57000732421875,228.5500030517578,234.89999389648438,210.990234375,3092300
2023-03-16,233.74000549316406,234.66000366210938,230.05999755859375,234.57000732421875,210.69384765625,2326000
2023-03-17,233.57000732421875,233.80999755859375,228.52000427246094,229.7899932861328,206.40036010742188,7817000
2023-03-20,230.5800018310547,235.16000366210938,230.13999938964844,234.72000122070312,210.8285675048828,2020800
2023-03-21,234.72000122070312,235.27999877929688,231.0399932861328,232.9499969482422,209.2387237548828,2128600
2023-03-22,233.4499969482422,233.9499969482422,229.58999633789062,229.8300018310547,206.43629455566406,1725100
2023-03-23,230.0399932861328,234.10000610351562,229.88999938964844,233.10000610351562,209.3734588623047,2175700
2023-03-24,234.22000122070312,238.5,233.00999450683594,238.02999877929688,213.8016357421875,2547300
2023-03-27,239.61000061035156,239.9499969482422,235.07000732421875,236.75999450683594,212.66091918945312,2129100
2023-03-28,237.0,238.67999267578125,236.91000366210938,238.47999572753906,214.20582580566406,1887800
2023-03-29,239.7100067138672,241.58999633789062,238.3300018310547,241.02999877929688,216.4962921142578,2744000
2023-03-30,242.52999877929688,242.80999755859375,240.11000061035156,241.5,216.91842651367188,2577000
2023-03-31,241.42999267578125,242.39999389648438,239.14999389648438,241.75,217.14300537109375,2762500
2023-04-03,242.0,244.75,241.36000061035156,244.44000244140625,219.5592041015625,2478700
2023-04-04,244.52000427246094,248.11000061035156,243.8000030517578,247.52999877929688,222.3346710205078,2942800
2023-04-05,248.57000732421875,253.7100067138672,248.22999572753906,253.3699951171875,227.58023071289062,2468000
2023-04-06,254.36000061035156,255.42999267578125,252.92999267578125,253.32000732421875,227.53536987304688,2047800
2023-04-10,256.44000244140625,256.44000244140625,250.0500030517578,250.89999389648438,225.36163330078125,1595600
2023-04-11,251.4199981689453,253.0800018310547,250.97999572753906,251.42999267578125,225.83767700195312,1272800
2023-04-12,252.5,252.7100067138672,248.8800048828125,249.5,224.10415649414062,2268900
2023-04-13,248.60000610351562,251.89999389648438,248.27000427246094,251.44000244140625,225.8466796875,2020900
2023-04-14,250.6199951171875,251.75999450683594,248.9600067138672,250.0,224.55323791503906,1866200
2023-04-17,250.88999938964844,251.5,247.5800018310547,248.07000732421875,222.81968688964844,1784800
2023-04-18,248.3699951171875,249.00999450683594,244.64999389648438,246.08999633789062,221.041259765625,1638800
2023-04-19,245.25,246.75999450683594,244.3699951171875,246.2100067138672,221.14903259277344,1246500
2023-04-20,246.1199951171875,246.39999389648438,243.0500030517578,243.4600067138672,218.67893981933594,1691300
2023-04-21,243.4600067138672,243.9199981689453,242.64999389648438,243.86000061035156,219.0382537841797,1721300
2023-04-24,243.1999969482422,245.3699951171875,242.3300018310547,244.4499969482422,219.56817626953125,1232100
2023-04-25,245.1199951171875,246.52999877929688,244.30999755859375,244.8699951171875,219.9453887939453,1509700
2023-04-26,242.0800018310547,243.5500030517578,238.5800018310547,238.8000030517578,214.49327087402344,2002900
2023-04-27,239.24000549316406,240.7100067138672,235.39999389648438,240.33999633789062,215.8765106201172,2533900
2023-04-28,236.82000732421875,240.10000610351562,233.1699981689453,239.74000549316406,215.3376007080078,2721400
2023-05-01,240.02999877929688,241.3000030517578,238.08999633789062,238.89999389648438,214.58309936523438,1920500
2023-05-02,238.0800018310547,239.0,235.38999938964844,235.97000122070312,211.9513397216797,2127200
2023-05-03,235.97000122070312,236.3000030517578,228.97999572753906,229.30999755859375,205.96922302246094,2998000
2023-05-04,230.30999755859375,232.02999877929688,229.14999389648438,231.88999938964844,208.28662109375,2228500
2023-05-05,232.66000366210938,237.0399932861328,232.07000732421875,236.52999877929688,212.45436096191406,2806800
2023-05-08,235.33999633789062,235.74000549316406,232.1999969482422,234.6199951171875,210.73875427246094,1667800
2023-05-09,234.63999938964844,235.44000244140625,233.22000122070312,234.42999267578125,210.5680694580078,1468900
2023-05-10,234.88999938964844,235.0,231.35000610351562,234.11000061035156,210.28067016601562,1530800
2023-05-11,234.64999389648438,234.99000549316406,230.41000366210938,232.2899932861328,208.64590454101562,1612400
2023-05-12,233.02999877929688,233.5500030517578,231.2100067138672,232.9499969482422,209.2387237548828,1295600
2023-05-15,233.27000427246094,233.9199981689453,232.1199951171875,233.52999877929688,209.7597198486328,1551300
2023-05-16,234.2100067138672,234.50999450683594,227.74000549316406,227.8800048828125,204.68479919433594,2646500
2023-05-17,226.02000427246094,226.08999633789062,220.44000244140625,225.02000427246094,204.02291870117188,3352900
2023-05-18,224.75,224.75,221.9199981689453,224.22999572753906,203.30662536621094,2245300
2023-05-19,224.44000244140625,225.8800048828125,222.77999877929688,223.4199981689453,202.57220458984375,2395700
2023-05-22,224.85000610351562,226.82000732421875,222.82000732421875,223.99000549316406,203.08901977539062,1848600
2023-05-23,224.2100067138672,226.82000732421875,222.8000030517578,224.44000244140625,203.4970245361328,2296600
2023-05-24,225.63999938964844,225.9600067138672,221.0399932861328,221.32000732421875,200.6681365966797,1765000
2023-05-25,220.10000610351562,220.10000610351562,214.92999267578125,217.4600067138672,197.16835021972656,2968200
2023-05-26,215.9600067138672,218.47999572753906,214.47999572753906,216.92999267578125,196.6878204345703,3081000
2023-05-30,215.02999877929688,219.0,214.72000122070312,218.52999877929688,198.13848876953125,3125900
2023-05-31,219.5800018310547,221.85000610351562,217.19000244140625,220.64999389648438,200.06065368652344,3884700
2023-06-01,219.9600067138672,220.60000610351562,211.7100067138672,214.27000427246094,194.27601623535156,4831400
2023-06-02,213.75,218.75999450683594,212.02000427246094,218.07000732421875,197.72145080566406,3687200
2023-06-05,219.6699981689453,223.0399932861328,218.47000122070312,221.8800048828125,201.1759033203125,2498700
2023-06-06,223.0800018310547,223.1699981689453,219.27999877929688,221.22000122070312,200.5775146484375,1736100
2023-06-07,220.75999450683594,221.8699951171875,219.72999572753906,221.25,200.6046905517578,2555400
2023-06-08,221.25999450683594,221.88999938964844,219.36000061035156,220.75999450683594,200.160400390625,1877300
2023-06-09,219.33999633789062,220.94000244140625,217.77000427246094,218.75999450683594,198.34703063964844,1707900
2023-06-12,219.25,219.25,215.32000732421875,217.36000061035156,197.0776824951172,2704300
2023-06-13,217.42999267578125,222.33999633789062,216.92999267578125,221.99000549316406,201.27565002441406,2318500
2023-06-14,223.25999450683594,223.69000244140625,221.10000610351562,222.27999877929688,201.53857421875,2453000
2023-06-15,223.00999450683594,228.85000610351562,222.97000122070312,228.44000244140625,207.12376403808594,2633900
2023-06-16,230.0399932861328,231.9499969482422,227.75,229.66000366210938,208.2299346923828,6765000
2023-06-20,229.02999877929688,230.83999633789062,227.19000244140625,228.58999633789062,207.25978088378906,2492700
2023-06-21,228.17999267578125,230.0,225.58999633789062,227.0399932861328,205.8544158935547,2282600
2023-06-22,227.30999755859375,229.8800048828125,226.75999450683594,229.66000366210938,208.2299346923828,1607200
2023-06-23,229.8699951171875,230.5399932861328,226.41000366210938,227.11000061035156,205.91787719726562,4130700
2023-06-26,226.8000030517578,226.8000030517578,220.1199951171875,224.72999572753906,203.7599334716797,2565500
2023-06-27,224.16000366210938,224.63999938964844,221.1300048828125,222.61000061035156,201.8377685546875,2705900
2023-06-28,222.24000549316406,222.35000610351562,218.64999389648438,221.30999755859375,200.65908813476562,2263400
2023-06-29,219.6199951171875,221.66000366210938,218.8800048828125,221.16000366210938,200.5230712890625,1860300
2023-06-30,222.0,223.11000061035156,221.00999450683594,222.02000427246094,201.3028106689453,2843300
2023-07-03,221.2100067138672,225.57000732421875,219.83999633789062,225.00999450683594,204.0138397216797,1479200
2023-07-05,224.66000366210938,227.32000732421875,222.41000366210938,225.8800048828125,204.80262756347656,2440400
2023-07-06,224.9199981689453,225.99000549316406,221.6999969482422,222.97999572753906,202.17323303222656,2457800
2023-07-07,221.86000061035156,222.16000366210938,218.44000244140625,218.64999389648438,198.24729919433594,2841500
2023-07-10,219.16000366210938,224.89999389648438,218.61000061035156,224.72999572753906,203.7599334716797,2501700
2023-07-11,223.8300018310547,225.5800018310547,222.27000427246094,223.86000061035156,202.97113037109375,2021500
2023-07-12,225.1699981689453,227.32000732421875,224.08999633789062,225.67999267578125,204.62132263183594,2619500
2023-07-13,225.85000610351562,228.1199951171875,225.0,227.66000366210938,206.4165802001953,1803600
2023-07-14,227.83999633789062,228.66000366210938,225.9600067138672,227.42999267578125,206.2080078125,2044700
2023-07-17,226.8699951171875,228.60000610351562,224.33999633789062,227.83999633789062,206.5797576904297,2049200
2023-07-18,227.7899932861328,234.07000732421875,227.39999389648438,232.57000732421875,210.868408203125,2621200
2023-07-19,232.97999572753906,234.5500030517578,231.99000549316406,232.0500030517578,210.39694213867188,2047200
2023-07-20,233.80999755859375,238.47999572753906,232.91000366210938,233.22999572753906,211.466796875,3741300
2023-07-21,233.77000427246094,236.3800048828125,232.77999877929688,234.82000732421875,212.90847778320312,9381100
2023-07-24,235.0,236.1300048828125,233.9199981689453,235.4199981689453,213.4524383544922,1771300
2023-07-25,234.36000061035156,236.57000732421875,234.27999877929688,235.30999755859375,213.3527374267578,1325600
2023-07-26,233.9499969482422,235.74000549316406,232.44000244140625,235.2100067138672,213.26205444335938,1576800
2023-07-27,234.47999572753906,238.47999572753906,234.30999755859375,236.0500030517578,214.02365112304688,2439600
2023-07-28,236.82000732421875,238.17999267578125,235.08999633789062,236.3699951171875,214.31382751464844,1889500
2023-07-31,236.47999572753906,236.47999572753906,233.02000427246094,234.14999389648438,212.30096435546875,2826600
2023-08-01,234.92999267578125,235.3800048828125,230.58999633789062,232.1199951171875,210.4604034423828,1843400
2023-08-02,232.72000122070312,233.02999877929688,228.6999969482422,230.41000366210938,208.90997314453125,2593500
2023-08-03,230.7899932861328,231.10000610351562,228.2100067138672,230.6999969482422,209.17286682128906,2322200
2023-08-04,237.91000366210938,246.4199981689453,237.0,243.27999877929688,220.5790252685547,5181200
2023-08-07,244.25,253.82000732421875,243.4600067138672,252.94000244140625,229.337646484375,4076600
2023-08-08,257.5199890136719,263.7900085449219,256.5,260.79998779296875,236.4641876220703,5321600
2023-08-09,259.9200134277344,263.7699890136719,259.1199951171875,259.32000732421875,235.12228393554688,2428100
2023-08-10,261.5400085449219,264.7799987792969,260.4599914550781,262.05999755859375,237.60665893554688,1919200
2023-08-11,261.70001220703125,264.1099853515625,260.8299865722656,262.510009765625,238.0146484375,1560600
2023-08-14,262.2200012207031,263.4700012207031,259.8500061035156,260.9700012207031,236.61831665039062,1966100
2023-08-15,261.32000732421875,266.6300048828125,259.9599914550781,266.010009765625,241.18807983398438,2781200
2023-08-16,266.3299865722656,268.239990234375,264.5799865722656,265.0199890136719,240.2904052734375,2244000
2023-08-17,263.8699951171875,266.5799865722656,263.2699890136719,263.8500061035156,241.16790771484375,2256100
2023-08-18,262.6099853515625,262.989990234375,261.07000732421875,261.82000732421875,239.31240844726562,2814500
2023-08-21,261.5799865722656,262.4700012207031,259.010009765625,260.70001220703125,238.2886962890625,2324100
2023-08-22,260.239990234375,260.3999938964844,257.3500061035156,257.6199951171875,235.47344970703125,1720300
2023-08-23,259.5,259.8500061035156,255.97999572753906,257.3599853515625,235.2357940673828,2256800
2023-08-24,256.7300109863281,260.19000244140625,256.1700134277344,256.6199951171875,234.55941772460938,1888900
2023-08-25,257.1099853515625,257.739990234375,254.80999755859375,256.3800048828125,234.34007263183594,1786600
2023-08-28,256.9599914550781,258.1199951171875,255.13999938964844,256.54998779296875,234.49542236328125,1661300
2023-08-29,257.3599853515625,259.8500061035156,256.82000732421875,259.6400146484375,237.31983947753906,2216600
2023-08-30,260.0,260.8699951171875,256.95001220703125,257.8800048828125,235.7111053466797,1694300
2023-08-31,258.2200012207031,259.0,256.2900085449219,256.3399963378906,234.30349731445312,2065000
2023-09-01,258.67999267578125,259.0299987792969,256.1000061035156,256.7099914550781,234.6416778564453,1350200
2023-09-05,256.7099914550781,257.3900146484375,253.9199981689453,254.00999450683594,232.1737518310547,1763600
2023-09-06,254.44000244140625,254.44000244140625,248.3800048828125,249.00999450683594,227.60362243652344,1988900
2023-09-07,250.5399932861328,254.6999969482422,250.39999389648438,254.38999938964844,232.52113342285156,2228300
2023-09-08,255.75,260.3399963378906,254.97000122070312,259.42999267578125,237.12786865234375,2449000
2023-09-11,258.2099914550781,262.80999755859375,257.4100036621094,261.7200012207031,239.2209930419922,2135100
2023-09-12,262.67999267578125,263.0199890136719,257.8599853515625,260.30999755859375,237.9322052001953,1574000
2023-09-13,259.3399963378906,260.2200012207031,257.0199890136719,257.2300109863281,235.1169891357422,2182800
2023-09-14,258.8999938964844,263.1400146484375,258.5400085449219,262.29998779296875,239.75111389160156,3072400
2023-09-15,263.760009765625,263.92999267578125,259.82000732421875,260.7200012207031,238.30699157714844,6161100
2023-09-18,263.3800048828125,265.2200012207031,261.92999267578125,263.1499938964844,240.52809143066406,1770100
2023-09-19,263.1400146484375,265.7699890136719,262.44000244140625,264.30999755859375,241.58836364746094,1528200
2023-09-20,265.0,273.0799865722656,263.9700012207031,271.4599914550781,248.12367248535156,3575300
2023-09-21,272.07000732421875,272.4800109863281,267.70001220703125,269.4100036621094,246.24993896484375,2437100
2023-09-22,267.6700134277344,269.5,266.5199890136719,267.70001220703125,244.68698120117188,1894100
2023-09-25,267.5400085449219,267.80999755859375,265.010009765625,266.8599853515625,243.9191436767578,1705300
2023-09-26,266.67999267578125,269.8900146484375,265.6700134277344,269.0400085449219,245.9117431640625,2367600
2023-09-27,271.7300109863281,273.6099853515625,266.760009765625,268.9800109863281,245.8568878173828,2331900
2023-09-28,267.7900085449219,271.3800048828125,266.5400085449219,270.82000732421875,247.53871154785156,2430700
2023-09-29,271.0,271.0,267.2200012207031,268.760009765625,245.6558074951172,2118100
2023-10-02,267.7099914550781,268.489990234375,264.3800048828125,266.30999755859375,243.41639709472656,1912300
2023-10-03,264.0400085449219,266.0199890136719,259.6700134277344,261.010009765625,238.57205200195312,2797900
2023-10-04,262.1000061035156,266.1400146484375,260.9100036621094,265.44000244140625,242.62120056152344,2526400
2023-10-05,266.19000244140625,267.9200134277344,262.5400085449219,265.0799865722656,242.2921600341797,2883700
2023-10-06,263.1499938964844,268.5899963378906,262.2300109863281,267.4700012207031,244.47669982910156,2838000
2023-10-09,271.0400085449219,272.6000061035156,268.5799865722656,271.5400085449219,248.1968231201172,2284300
2023-10-10,270.8900146484375,272.0899963378906,268.1199951171875,271.25,247.9317169189453,1808700
2023-10-11,274.8599853515625,284.3299865722656,274.1499938964844,283.6000061035156,259.2200622558594,4523100
2023-10-12,283.9800109863281,287.8500061035156,283.6000061035156,285.0400085449219,260.5362854003906,3052600
2023-10-13,287.70001220703125,288.4599914550781,280.0,284.1000061035156,259.6771240234375,3473200
2023-10-16,284.5,287.80999755859375,283.80999755859375,286.8800048828125,262.2181091308594,2459400
2023-10-17,285.19000244140625,287.3399963378906,282.5,284.4200134277344,259.9696044921875,2863200
2023-10-18,283.29998779296875,285.25,280.989990234375,283.5799865722656,259.2017822265625,2789100
2023-10-19,282.0899963378906,283.2099914550781,278.1000061035156,280.6000061035156,256.47796630859375,2536400
2023-10-20,280.6000061035156,281.05999755859375,275.75,278.80999755859375,254.8418426513672,2455000
2023-10-23,280.1199951171875,280.1199951171875,272.70001220703125,273.05999755859375,249.58621215820312,2433500
2023-10-24,272.0899963378906,277.05999755859375,271.1300048828125,276.1199951171875,252.3831024169922,2253000
2023-10-25,275.0899963378906,276.69000244140625,272.0899963378906,272.1600036621094,248.76353454589844,2302300
2023-10-26,271.5,273.44000244140625,269.1400146484375,269.7099914550781,246.524169921875,2269900
2023-10-27,268.95001220703125,269.3599853515625,260.1600036621094,261.57000732421875,239.08392333984375,2874900
2023-10-30,265.0,266.3500061035156,262.5,263.19000244140625,240.5646209716797,2974600
2023-10-31,255.88999938964844,257.4200134277344,249.6999969482422,255.6999969482422,233.718505859375,4885100
2023-11-01,256.2699890136719,261.19000244140625,255.08999633789062,260.8399963378906,238.41665649414062,2509600
2023-11-02,263.29998779296875,268.1000061035156,262.4599914550781,266.5899963378906,243.6723175048828,2470400
2023-11-03,268.5199890136719,270.54998779296875,265.5,269.8599853515625,246.6612091064453,2509800
2023-11-06,270.7699890136719,274.95001220703125,270.75,272.8299865722656,249.3759002685547,2768100
2023-11-07,272.9700012207031,274.0,269.3800048828125,271.1099853515625,247.8037872314453,2526500
2023-11-08,272.4200134277344,274.7699890136719,270.75,273.260009765625,249.76895141601562,1916800
2023-11-09,272.1300048828125,273.2300109863281,263.70001220703125,264.05999755859375,241.3598175048828,2266000
2023-11-10,266.6400146484375,267.94000244140625,262.510009765625,267.30999755859375,244.33042907714844,2070600
2023-11-13,265.67999267578125,267.2200012207031,263.5199890136719,266.69000244140625,243.7637481689453,1579800
2023-11-14,269.2200012207031,272.95001220703125,268.3599853515625,270.0199890136719,246.8074493408203,2060000
2023-11-15,270.2799987792969,274.6099853515625,270.0199890136719,273.0299987792969,249.55873107910156,2795100
2023-11-16,272.6099853515625,274.44000244140625,267.8699951171875,269.0,247.80844116210938,2366200
2023-11-17,269.4100036621094,269.4100036621094,264.6000061035156,265.3900146484375,244.48281860351562,2642900
2023-11-20,262.5899963378906,266.70001220703125,261.45001220703125,265.3500061035156,244.44598388671875,2213900
2023-11-21,265.3399963378906,266.0400085449219,260.5199890136719,262.82000732421875,242.1152801513672,2636600
2023-11-22,264.7900085449219,266.4700012207031,262.260009765625,264.5899963378906,243.74583435058594,1649100
2023-11-24,265.1199951171875,266.1000061035156,264.8900146484375,265.4599914550781,244.5472869873047,930800
2023-11-27,265.42999267578125,265.57000732421875,261.6600036621094,264.2699890136719,243.45101928710938,1846400
2023-11-28,264.3599853515625,266.6000061035156,263.6499938964844,265.5199890136719,244.60255432128906,1753400
2023-11-29,264.739990234375,268.1099853515625,263.5,266.6000061035156,245.5974884033203,2005200
2023-11-30,267.7099914550781,270.55999755859375,267.3399963378906,269.6400146484375,248.3979949951172,2686400
2023-12-01,269.9599914550781,272.5899963378906,267.6199951171875,272.45001220703125,250.98666381835938,2303900
2023-12-04,270.8800048828125,273.42999267578125,270.1000061035156,272.5400085449219,251.06956481933594,2357400
2023-12-05,271.8699951171875,272.0,268.4700012207031,270.8699951171875,249.5310821533203,1853600
2023-12-06,271.4100036621094,271.9599914550781,269.1300048828125,269.3500061035156,248.13087463378906,1765900
2023-12-07,270.5,273.4100036621094,266.6300048828125,271.30999755859375,249.9364471435547,2081300
2023-12-08,271.1700134277344,271.9700012207031,268.82000732421875,269.1199951171875,247.91893005371094,2608200
2023-12-11,271.9599914550781,275.8999938964844,270.4200134277344,272.1400146484375,250.70103454589844,2838600
2023-12-12,277.1300048828125,277.25,273.260009765625,273.989990234375,252.40528869628906,2556900
2023-12-13,274.1600036621094,281.8500061035156,273.30999755859375,281.6199951171875,259.4341735839844,2380000
2023-12-14,281.32000732421875,282.7300109863281,274.0799865722656,276.32000732421875,254.5517578125,2935200
2023-12-15,276.2699890136719,279.2699890136719,273.3299865722656,275.45001220703125,253.75027465820312,8731000
2023-12-18,277.0,277.1000061035156,274.3500061035156,275.4800109863281,253.7779541015625,2227600
2023-12-19,278.69000244140625,280.57000732421875,276.5899963378906,278.44000244140625,256.50469970703125,2484100
2023-12-20,277.8299865722656,278.79998779296875,275.010009765625,275.17999267578125,253.50149536132812,2561200
2023-12-21,276.54998779296875,279.82000732421875,276.3999938964844,279.3299865722656,257.32464599609375,1850000
2023-12-22,280.0,285.67999267578125,280.0,284.1600036621094,261.7740783691406,1814200
2023-12-26,284.1199951171875,284.7200012207031,281.6700134277344,283.8999938964844,261.53460693359375,1330400
2023-12-27,284.5,287.2900085449219,283.3500061035156,286.5299987792969,263.9573974609375,1866800
2023-12-28,287.8800048828125,289.0400085449219,287.6300048828125,288.4599914550781,265.73541259765625,1228400
2023-12-29,287.8599853515625,288.489990234375,286.3900146484375,288.0199890136719,265.3300476074219,1766600
2024-01-02,287.2799987792969,300.6499938964844,287.2799987792969,297.3900146484375,273.9618835449219,3374900
2024-01-03,300.04998779296875,303.25,297.04998779296875,300.69000244140625,277.0019226074219,2771500
2024-01-04,301.5,305.0899963378906,298.5899963378906,303.1700134277344,279.28656005859375,3357900
2024-01-05,302.20001220703125,303.5299987792969,299.760009765625,303.0,279.1298828125,1874400
2024-01-08,301.4700012207031,311.04998779296875,300.3500061035156,310.8800048828125,286.38916015625,3467700
2024-01-09,308.0199890136719,309.9700012207031,305.94000244140625,307.260009765625,283.0543518066406,2603700
2024-01-10,307.1600036621094,307.6400146484375,304.2699890136719,304.57000732421875,280.5762634277344,2210900
2024-01-11,303.42999267578125,304.6099853515625,300.0,303.1000061035156,279.2220458984375,2137100
2024-01-12,305.239990234375,306.95001220703125,303.3999938964844,306.510009765625,282.3633728027344,1567900
2024-01-16,306.510009765625,308.0,301.17999267578125,303.4800109863281,279.5721130371094,1996300
2024-01-17,302.4599914550781,304.6300048828125,301.1000061035156,304.0799865722656,280.12481689453125,2210400
2024-01-18,302.25,305.6499938964844,299.54998779296875,304.489990234375,280.5025634765625,2357000
2024-01-19,304.7300109863281,309.0899963378906,301.1099853515625,307.80999755859375,283.5609436035156,2566500
2024-01-22,308.70001220703125,312.1600036621094,306.6000061035156,310.1600036621094,285.7258605957031,2599900
2024-01-23,309.5299987792969,311.29998779296875,309.1000061035156,309.9100036621094,285.49560546875,1775400
2024-01-24,309.9200134277344,312.45001220703125,305.239990234375,305.5,281.4329833984375,1954200
2024-01-25,308.7200012207031,310.32000732421875,305.70001220703125,310.260009765625,285.8180236816406,2005400
2024-01-26,310.57000732421875,312.0199890136719,309.8599853515625,311.7699890136719,287.2089538574219,2035800
2024-01-29,311.44000244140625,313.6199951171875,309.8900146484375,313.45001220703125,288.7567138671875,2447600
2024-01-30,312.5299987792969,314.9200134277344,310.5199890136719,314.6199951171875,289.8345031738281,2637000
2024-01-31,316.0,316.6400146484375,312.6199951171875,314.260009765625,289.50286865234375,3456700
2024-02-01,314.5,324.82000732421875,313.70001220703125,324.55999755859375,298.9914245605469,3883200
2024-02-02,323.6400146484375,325.7699890136719,320.75,323.19000244140625,297.7293701171875,2585900
2024-02-05,323.5299987792969,329.7200012207031,317.7099914550781,321.9700012207031,296.6054992675781,3563300
2024-02-06,325.3999938964844,326.9599914550781,314.75,316.07000732421875,291.1702880859375,5767400
2024-02-07,315.510009765625,315.510009765625,295.2699890136719,295.8699951171875,272.5616455078125,8411300
2024-02-08,297.0,298.0,288.7799987792969,294.8500061035156,271.6219787597656,5946100
2024-02-09,294.8500061035156,295.0,289.7099914550781,291.1199951171875,268.1858215332031,3341100
2024-02-12,289.9700012207031,294.6000061035156,288.8599853515625,294.42999267578125,271.23504638671875,3298500
2024-02-13,294.6099853515625,295.5199890136719,286.8900146484375,290.4800109863281,267.5962829589844,3610100
2024-02-14,289.8800048828125,290.8699951171875,287.54998779296875,290.07000732421875,267.218505859375,2617300
2024-02-15,287.8800048828125,290.3500061035156,285.6000061035156,289.07000732421875,268.37908935546875,2902000
2024-02-16,287.7099914550781,287.7099914550781,283.2699890136719,283.70001220703125,263.3934631347656,3596800
2024-02-20,283.8500061035156,285.29998779296875,280.54998779296875,283.510009765625,263.217041015625,3402000
2024-02-21,284.8399963378906,285.7799987792969,280.79998779296875,283.4599914550781,263.17059326171875,1934300
2024-02-22,282.4800109863281,285.7200012207031,281.29998779296875,285.17999267578125,264.76751708984375,2992700
2024-02-23,286.5199890136719,292.239990234375,286.010009765625,289.17999267578125,268.4811706542969,2462400
2024-02-26,288.2799987792969,289.8699951171875,285.42999267578125,286.3699951171875,265.8723449707031,2448900
2024-02-27,279.1000061035156,281.2200012207031,277.0899963378906,278.489990234375,258.556396484375,3353700
2024-02-28,278.989990234375,280.42999267578125,277.0899963378906,277.4599914550781,257.60003662109375,3027000
2024-02-29,278.5199890136719,279.8299865722656,273.42999267578125,273.8299865722656,254.22988891601562,5863400
2024-03-01,276.5,281.92999267578125,274.8800048828125,280.3299865722656,260.2646484375,3772700
2024-03-04,283.260009765625,285.8900146484375,277.6499938964844,279.3900146484375,259.3919372558594,2470300
2024-03-05,279.6199951171875,279.75,275.0199890136719,276.6499938964844,256.84808349609375,3064000
2024-03-06,275.3800048828125,278.9700012207031,274.54998779296875,276.5899963378906,256.7923278808594,2240200
2024-03-07,276.29998779296875,276.80999755859375,269.5799865722656,272.8599853515625,253.32933044433594,4066300
2024-03-08,272.80999755859375,276.55999755859375,272.010009765625,273.75,254.15562438964844,2251100
2024-03-11,274.510009765625,278.19000244140625,272.989990234375,275.3599853515625,255.650390625,1851000
2024-03-12,276.8500061035156,278.1499938964844,274.1400146484375,276.5400085449219,256.74591064453125,1738700
2024-03-13,278.17999267578125,278.55999755859375,275.2099914550781,275.989990234375,256.2352600097656,1641000
2024-03-14,276.8399963378906,277.2300109863281,270.45001220703125,271.5400085449219,252.10385131835938,2370500
2024-03-15,272.0899963378906,275.17999267578125,268.1700134277344,268.8699951171875,249.62490844726562,8795800
2024-03-18,270.0,273.5799865722656,269.2099914550781,270.8999938964844,251.50965881347656,3608300
2024-03-19,270.17999267578125,273.1600036621094,269.510009765625,271.7300109863281,252.2802734375,3037500
2024-03-20,271.2099914550781,273.0799865722656,269.239990234375,273.04998779296875,253.5056915283203,2564500
2024-03-21,274.6300048828125,277.9200134277344,274.3900146484375,276.95001220703125,257.12664794921875,2489400
2024-03-22,277.3900146484375,278.2900085449219,275.1000061035156,276.1700134277344,256.40240478515625,2303100
2024-03-25,276.42999267578125,281.3299865722656,275.4100036621094,280.82000732421875,260.7195739746094,2954400
2024-03-26,282.1499938964844,284.5,280.70001220703125,281.7699890136719,261.6015625,3343000
2024-03-27,284.2200012207031,286.82000732421875,282.54998779296875,286.29998779296875,265.8073425292969,2256300
2024-03-28,287.8599853515625,288.57000732421875,284.2099914550781,284.32000732421875,263.96905517578125,2289900
2024-04-01,282.1099853515625,283.8299865722656,279.0,283.0400085449219,262.78070068359375,1868600
2024-04-02,283.3399963378906,283.9100036621094,276.0400085449219,276.2099914550781,256.4395751953125,2220500
2024-04-03,275.69000244140625,276.4700012207031,273.67999267578125,274.4200134277344,254.77772521972656,1669200
2024-04-04,276.04998779296875,276.7300109863281,267.75,268.0899963378906,248.90077209472656,2451200
2024-04-05,265.8999938964844,273.07000732421875,265.0799865722656,269.95001220703125,250.62762451171875,2293800
2024-04-08,269.4800109863281,270.2099914550781,267.55999755859375,269.20001220703125,249.93130493164062,1830800
2024-04-09,270.19000244140625,271.2900085449219,268.5799865722656,270.3599853515625,251.00828552246094,1792600
2024-04-10,267.9599914550781,268.3800048828125,264.6300048828125,266.45001220703125,247.37815856933594,1949500
2024-04-11,270.2200012207031,273.0,268.45001220703125,270.0,250.67408752441406,2169600
2024-04-12,268.7699890136719,269.29998779296875,266.1700134277344,267.2799987792969,248.14871215820312,2140100
2024-04-15,269.92999267578125,270.92999267578125,264.3500061035156,265.510009765625,246.50543212890625,1740000
2024-04-16,266.8299865722656,267.510009765625,263.80999755859375,265.6400146484375,246.6261444091797,2017600
2024-04-17,267.5400085449219,268.7699890136719,263.3900146484375,264.07000732421875,245.16851806640625,2175100
2024-04-18,265.6400146484375,265.9200134277344,262.5799865722656,262.75,243.94296264648438,2082700
2024-04-19,264.6300048828125,269.3800048828125,260.67999267578125,268.92999267578125,249.6806182861328,3380100
2024-04-22,269.8399963378906,273.1400146484375,269.8399963378906,271.9100036621094,252.4473419189453,2165800
2024-04-23,272.1400146484375,274.4800109863281,271.04998779296875,273.5400085449219,253.96066284179688,2493300
2024-04-24,270.6300048828125,274.8599853515625,269.6499938964844,273.010009765625,253.4686279296875,2467100
2024-04-25,273.45001220703125,274.3500061035156,267.239990234375,269.3800048828125,250.09844970703125,1794000
2024-04-26,265.7200012207031,271.67999267578125,265.7200012207031,269.9800109863281,250.65554809570312,2436900
2024-04-29,269.17999267578125,276.8599853515625,268.989990234375,276.3800048828125,256.5973815917969,2678900
2024-04-30,276.1099853515625,276.1199951171875,272.3500061035156,273.94000244140625,254.33204650878906,2477300
2024-05-01,274.17999267578125,279.8399963378906,273.3800048828125,277.3699951171875,257.5164794921875,2323700
2024-05-02,277.69000244140625,278.6300048828125,274.8999938964844,278.3900146484375,258.4635314941406,3177500
2024-05-03,313.3900146484375,322.6000061035156,308.67999267578125,311.2900085449219,289.0086669921875,9644700
2024-05-06,310.8800048828125,312.7300109863281,297.5199890136719,299.4800109863281,278.04400634765625,4717600
2024-05-07,301.75,302.9100036621094,298.510009765625,300.29998779296875,278.8052673339844,2452100
2024-05-08,300.1199951171875,307.57000732421875,298.8900146484375,307.30999755859375,285.3135070800781,2859600
2024-05-09,309.5299987792969,314.6000061035156,306.32000732421875,312.8599853515625,290.46624755859375,2921300
2024-05-10,312.8900146484375,314.8900146484375,309.82000732421875,310.1499938964844,287.9502258300781,2611800
2024-05-13,312.1499938964844,312.1499938964844,307.05999755859375,308.45001220703125,286.37188720703125,1558500
2024-05-14,308.7300109863281,312.3999938964844,307.4700012207031,311.4100036621094,289.1200256347656,1631100
2024-05-15,314.82000732421875,321.44000244140625,312.8699951171875,319.0400085449219,296.2038879394531,3466000
2024-05-16,314.6300048828125,316.1400146484375,310.760009765625,314.7200012207031,294.26837158203125,2367800
2024-05-17,315.2799987792969,315.2799987792969,310.3699951171875,312.4700012207031,292.16461181640625,1974200
2024-05-20,314.4100036621094,315.80999755859375,312.6199951171875,314.5400085449219,294.10009765625,1394600
2024-05-21,314.1099853515625,316.6700134277344,311.8999938964844,314.8500061035156,294.38995361328125,1705900
2024-05-22,314.70001220703125,315.0,308.5199890136719,309.4100036621094,289.303466796875,2849100
2024-05-23,308.4700012207031,311.989990234375,304.3800048828125,306.5,286.58258056640625,2139700
2024-05-24,306.4200134277344,307.5,303.8999938964844,305.8399963378906,285.9654235839844,2425800
2024-05-28,303.1099853515625,303.510009765625,298.30999755859375,300.19000244140625,280.6825866699219,2636700
2024-05-29,299.0400085449219,299.05999755859375,295.80999755859375,296.3699951171875,277.1108093261719,2475900
2024-05-30,297.17999267578125,303.57000732421875,295.489990234375,301.0,281.4400329589844,2727100
2024-05-31,302.010009765625,305.8999938964844,299.5,305.8500061035156,285.9748229980469,4488900
2024-06-03,306.7900085449219,311.4800109863281,303.8500061035156,307.4200134277344,287.4427795410156,2447400
2024-06-04,308.0,310.9200134277344,307.04998779296875,307.3699951171875,287.39605712890625,1830200
2024-06-05,307.79998779296875,310.30999755859375,306.3999938964844,307.3800048828125,287.4053649902344,1748600
2024-06-06,306.9200134277344,310.010009765625,304.30999755859375,305.69000244140625,285.82525634765625,1927900
2024-06-07,306.7200012207031,307.9599914550781,304.4800109863281,305.0199890136719,285.19873046875,1925000
2024-06-10,304.54998779296875,305.5299987792969,300.8900146484375,304.7200012207031,284.9182434082031,1992800
2024-06-11,302.2900085449219,302.5799865722656,299.79998779296875,300.70001220703125,281.1594543457031,1740200
2024-06-12,301.2900085449219,303.5400085449219,299.42999267578125,301.0799865722656,281.5147705078125,1640100
2024-06-13,296.9599914550781,299.3399963378906,295.29998779296875,298.5,279.1024475097656,1732700
2024-06-14,297.6099853515625,299.739990234375,295.8999938964844,298.6199951171875,279.21466064453125,1713600
2024-06-17,298.489990234375,303.9700012207031,296.55999755859375,303.2799987792969,283.57183837890625,1875900
2024-06-18,302.75,306.54998779296875,302.0199890136719,305.989990234375,286.1056823730469,2166200
2024-06-20,304.8299865722656,310.29998779296875,303.54998779296875,309.8900146484375,289.7523193359375,2890200
2024-06-21,313.1300048828125,313.44000244140625,307.2900085449219,308.1600036621094,288.13470458984375,6596800
2024-06-24,310.0,318.3399963378906,307.9200134277344,318.1499938964844,297.4755554199219,3389300
2024-06-25,319.2300109863281,326.1199951171875,318.3999938964844,319.30999755859375,298.56011962890625,3150600
2024-06-26,317.17999267578125,317.489990234375,311.7200012207031,312.82000732421875,292.4919128417969,2800200
2024-06-27,311.7300109863281,316.7900085449219,310.7200012207031,313.69000244140625,293.30535888671875,2082200
2024-06-28,313.70001220703125,316.67999267578125,310.5899963378906,312.45001220703125,292.1459045410156,3518100
2024-07-01,313.3399963378906,319.0,310.2300109863281,311.010009765625,290.7995300292969,1769400
2024-07-02,310.25,312.42999267578125,307.6400146484375,310.7699890136719,290.5750732421875,1542700
2024-07-03,311.489990234375,312.5400085449219,306.1099853515625,309.3800048828125,289.2754211425781,1000700
2024-07-05,311.0299987792969,313.4100036621094,308.57000732421875,310.8800048828125,290.677978515625,1274400
2024-07-08,311.3599853515625,315.4800109863281,310.6099853515625,311.4599914550781,291.2202453613281,1167200
2024-07-09,311.6199951171875,316.0799865722656,307.6300048828125,315.9100036621094,295.38104248046875,1852500
2024-07-10,317.05999755859375,322.8800048828125,314.6400146484375,321.6700134277344,300.76678466796875,2192100
2024-07-11,322.0,327.989990234375,320.17999267578125,325.0899963378906,303.96453857421875,2254000
2024-07-12,327.82000732421875,333.8500061035156,326.010009765625,330.8299865722656,309.33148193359375,2191300
2024-07-15,331.8800048828125,332.80999755859375,327.8699951171875,330.1499938964844,308.69573974609375,1688800
2024-07-16,330.4599914550781,335.9100036621094,328.0,333.1400146484375,311.4914245605469,1879400
2024-07-17,330.0,336.6099853515625,328.6000061035156,335.6700134277344,313.85699462890625,1933200
2024-07-18,334.20001220703125,338.9800109863281,330.6700134277344,330.9700012207031,309.4624328613281,2228400
2024-07-19,333.6499938964844,333.9800109863281,328.42999267578125,331.2900085449219,309.7616271972656,1848700
2024-07-22,333.2300109863281,337.0899963378906,332.4700012207031,335.9700012207031,314.13751220703125,1733700
2024-07-23,334.3599853515625,337.0400085449219,331.30999755859375,333.239990234375,311.5848693847656,1458200
2024-07-24,333.25,337.17999267578125,330.3399963378906,335.6099853515625,313.8009033203125,2459300
2024-07-25,335.989990234375,346.8500061035156,333.0199890136719,334.29998779296875,312.5760498046875,2435700
2024-07-26,334.55999755859375,338.94000244140625,333.2799987792969,334.8500061035156,313.09027099609375,1515500
2024-07-29,334.0799865722656,334.8399963378906,331.29998779296875,332.510009765625,310.9023742675781,1611200
2024-07-30,333.0,338.57000732421875,331.6700134277344,333.2799987792969,311.6223449707031,1584000
2024-07-31,331.54998779296875,336.4100036621094,330.57000732421875,332.4700012207031,310.864990234375,2120500
2024-08-01,336.0899963378906,340.8900146484375,333.4599914550781,335.5299987792969,313.7261047363281,2387700
2024-08-02,337.4200134277344,338.3500061035156,325.7300109863281,333.989990234375,312.28619384765625,2106200
2024-08-05,332.7200012207031,333.3399963378906,321.4100036621094,325.2200012207031,304.0860900878906,2974900
2024-08-06,325.2300109863281,332.9800109863281,323.5199890136719,328.95001220703125,307.57373046875,2436500
2024-08-07,320.989990234375,323.0,306.5899963378906,312.5,292.19268798828125,4618400
2024-08-08,314.0,325.1199951171875,312.7900085449219,324.69000244140625,303.5904846191406,2746700
2024-08-09,323.75,325.0400085449219,319.3299865722656,322.489990234375,301.53350830078125,1786400
2024-08-12,323.8999938964844,323.8999938964844,317.92999267578125,320.0,299.20526123046875,1828700
2024-08-13,321.7799987792969,324.0,319.1700134277344,323.45001220703125,302.4311218261719,1632800
2024-08-14,320.42999267578125,324.3599853515625,319.55999755859375,322.7300109863281,301.75787353515625,1656100
2024-08-15,323.8800048828125,327.1600036621094,321.94000244140625,325.3900146484375,304.2450256347656,1886800
2024-08-16,323.6499938964844,324.82000732421875,320.5,321.44000244140625,302.6444396972656,1442500
2024-08-19,321.4599914550781,328.17999267578125,321.4100036621094,327.9700012207031,308.7926025390625,1214200
2024-08-20,328.1199951171875,330.5,326.6199951171875,328.54998779296875,309.33868408203125,1352600
2024-08-21,329.54998779296875,330.989990234375,327.9100036621094,329.1499938964844,309.9035949707031,1138200
2024-08-22,329.5,329.5,323.1199951171875,324.5299987792969,305.55377197265625,2172000
2024-08-23,326.2699890136719,331.2900085449219,325.3800048828125,328.79998779296875,309.57403564453125,1771100
2024-08-26,328.4100036621094,330.260009765625,325.5,326.7799987792969,307.6722106933594,1769900
2024-08-27,328.4200134277344,329.8299865722656,325.5799865722656,326.92999267578125,307.8134460449219,1444300
2024-08-28,325.94000244140625,330.510009765625,325.3900146484375,329.489990234375,310.22369384765625,1444200
2024-08-29,331.6700134277344,334.2699890136719,329.25,331.010009765625,311.6548767089844,1294300
2024-08-30,331.95001220703125,335.6600036621094,330.30999755859375,333.8299865722656,314.3099670410156,2173400
2024-09-03,331.8900146484375,333.1400146484375,329.1000061035156,330.510009765625,311.18408203125,2120500
2024-09-04,329.92999267578125,331.1000061035156,327.6000061035156,330.6400146484375,311.3064880371094,1622100
2024-09-05,330.8999938964844,331.8599853515625,321.9100036621094,324.3599853515625,305.3937072753906,1977400
2024-09-06,324.70001220703125,326.9700012207031,319.0,320.55999755859375,301.8158874511719,2242400
2024-09-09,322.5199890136719,327.80999755859375,320.1000061035156,325.9200134277344,306.8625183105469,1707800
2024-09-10,327.0,329.2300109863281,322.3900146484375,328.92999267578125,309.6965026855469,1408400
2024-09-11,327.80999755859375,330.6499938964844,320.29998779296875,329.9800109863281,310.68511962890625,1711000
2024-09-12,330.2200012207031,332.3800048828125,326.4100036621094,330.05999755859375,310.76043701171875,1590000
2024-09-13,327.9599914550781,334.45001220703125,327.1499938964844,332.45001220703125,313.0106506347656,1397000
2024-09-16,335.8399963378906,337.55999755859375,332.9200134277344,335.260009765625,315.6563415527344,2360600
2024-09-17,334.5799865722656,334.5799865722656,331.0799865722656,332.79998779296875,313.3401794433594,2014000
2024-09-18,333.92999267578125,339.0,331.0,332.9200134277344,313.45318603515625,1366600
2024-09-19,337.0299987792969,338.70001220703125,334.6099853515625,335.95001220703125,316.3060302734375,1626100
2024-09-20,335.1499938964844,338.9700012207031,334.2699890136719,337.3800048828125,317.6523742675781,4068200
2024-09-23,339.0,339.1700134277344,333.3599853515625,335.6099853515625,315.98590087890625,1677500
2024-09-24,333.1499938964844,335.4100036621094,330.5,330.9200134277344,311.57012939453125,2101000
2024-09-25,329.0,329.5,312.1600036621094,312.8599853515625,294.5661315917969,4249500
2024-09-26,313.67999267578125,319.7799987792969,313.3699951171875,319.1000061035156,300.4412536621094,2555700
2024-09-27,322.70001220703125,327.9800109863281,320.5199890136719,322.6700134277344,303.8025207519531,2432600
2024-09-30,321.32000732421875,323.2300109863281,318.7900085449219,322.2099914550781,303.36944580078125,1966900
2024-10-01,322.04998779296875,322.20001220703125,316.9200134277344,320.32000732421875,301.58990478515625,2097400
2024-10-02,317.6300048828125,320.6700134277344,316.17999267578125,319.7300109863281,301.034423828125,2614400
2024-10-03,317.1099853515625,319.7300109863281,315.4599914550781,317.4800109863281,298.916015625,1525300
2024-10-04,318.7200012207031,320.739990234375,316.42999267578125,319.6600036621094,300.968505859375,1467800
2024-10-07,320.0799865722656,320.2099914550781,315.9200134277344,317.45001220703125,298.8877868652344,1262300
2024-10-08,319.1700134277344,319.95001220703125,316.4800109863281,317.67999267578125,299.1042785644531,1453300
2024-10-09,316.6600036621094,322.989990234375,314.70001220703125,322.4100036621094,303.5577697753906,1379400
2024-10-10,320.95001220703125,322.57000732421875,318.75,321.010009765625,302.2396240234375,1254600
2024-10-11,322.20001220703125,329.1700134277344,320.1000061035156,328.3500061035156,309.1504211425781,1567200
2024-10-14,325.5899963378906,326.95001220703125,322.5899963378906,324.6199951171875,305.63848876953125,1613300
2024-10-15,326.0299987792969,327.3299865722656,324.0299987792969,325.0899963378906,306.08099365234375,1956200
2024-10-16,326.20001220703125,326.7300109863281,321.32000732421875,321.6300048828125,302.8233337402344,1776700
2024-10-17,325.9200134277344,325.9200134277344,320.5,321.3299865722656,302.5408630371094,1635600
2024-10-18,320.6099853515625,322.55999755859375,319.17999267578125,321.6600036621094,302.85162353515625,1552100
2024-10-21,320.1600036621094,321.79998779296875,315.8699951171875,316.739990234375,298.2192687988281,1533200
2024-10-22,315.239990234375,321.0799865722656,313.9800109863281,319.6600036621094,300.968505859375,2106500
2024-10-23,316.010009765625,318.54998779296875,313.70001220703125,314.8999938964844,296.48687744140625,1526300
2024-10-24,314.42999267578125,317.239990234375,313.6300048828125,315.69000244140625,297.23065185546875,1326600
2024-10-25,318.489990234375,319.20001220703125,314.8800048828125,316.9800109863281,298.44525146484375,1604400
2024-10-28,318.05999755859375,320.1400146484375,315.8999938964844,317.1700134277344,298.6241149902344,1816000
2024-10-29,317.010009765625,319.2099914550781,314.82000732421875,316.0,297.52252197265625,1466500
2024-10-30,311.95001220703125,317.8999938964844,310.6300048828125,315.5400085449219,297.08941650390625,2223600
2024-10-31,317.69000244140625,323.3999938964844,315.6499938964844,320.1600036621094,301.4393005371094,2713500
2024-11-01,318.69000244140625,321.70001220703125,316.9100036621094,319.2200012207031,300.5542297363281,1826700
2024-11-04,320.5799865722656,320.5799865722656,314.6099853515625,316.9100036621094,298.3793029785156,2090100
2024-11-05,316.1600036621094,319.5199890136719,313.0199890136719,319.2900085449219,300.6201477050781,1472300
2024-11-06,325.0,325.3900146484375,318.1700134277344,321.7900085449219,302.9740295410156,2208600
2024-11-07,322.0,322.9700012207031,318.5400085449219,321.9100036621094,303.0870056152344,2654700
2024-11-08,322.4800109863281,328.25,321.2799987792969,325.2799987792969,306.2599182128906,1978100
2024-11-11,325.9100036621094,327.5799865722656,321.6099853515625,321.80999755859375,302.9927978515625,2457000
2024-11-12,319.5899963378906,321.2200012207031,293.79998779296875,298.8399963378906,281.36590576171875,6680300
2024-11-13,306.0,307.42999267578125,298.9100036621094,301.44000244140625,283.8139343261719,3725600
2024-11-14,297.9100036621094,298.4800109863281,292.3299865722656,295.92999267578125,278.6260681152344,3515600
2024-11-15,291.5,291.5,279.6199951171875,283.6099853515625,267.0264892578125,5324700
2024-11-18,279.3800048828125,281.3599853515625,276.55999755859375,278.760009765625,264.5589599609375,3174600
2024-11-19,277.6700134277344,281.6000061035156,275.55999755859375,279.95001220703125,265.68829345703125,3210300
2024-11-20,281.1000061035156,288.4800109863281,278.55999755859375,287.8699951171875,273.204833984375,4759200
2024-11-21,288.17999267578125,291.1099853515625,284.1400146484375,289.8999938964844,275.13140869140625,3553200
2024-11-22,290.8399963378906,295.4800109863281,288.7799987792969,294.5299987792969,279.52557373046875,3053200
2024-11-25,293.54998779296875,297.32000732421875,293.5,294.0,279.0225830078125,4695700
2024-11-26,264.2200012207031,280.3399963378906,257.79998779296875,280.010009765625,265.74530029296875,17010300
2024-11-27,279.0,282.69000244140625,278.0,280.07000732421875,265.80218505859375,6622800
2024-11-29,279.4599914550781,283.6400146484375,277.6400146484375,282.8699951171875,268.4595642089844,2232800
2024-12-02,282.0799865722656,282.3900146484375,276.8900146484375,278.1000061035156,263.9325866699219,4677800
2024-12-03,277.0,281.3800048828125,276.5,278.32000732421875,264.141357421875,5468800
2024-12-04,275.80999755859375,279.4100036621094,273.8599853515625,278.260009765625,264.08447265625,4173900
2024-12-05,277.0,279.0400085449219,273.1499938964844,274.3299865722656,260.3546142578125,3187000
2024-12-06,275.010009765625,275.3599853515625,271.4800109863281,272.5799865722656,258.6937561035156,3970200
2024-12-09,273.1600036621094,280.0,272.2799987792969,277.6300048828125,263.4865417480469,3222100
2024-12-10,277.8599853515625,277.8999938964844,272.3599853515625,275.75,261.7022705078125,2791400
2024-12-11,276.0,276.2799987792969,270.5799865722656,273.4100036621094,259.4814758300781,4493500
2024-12-12,273.80999755859375,275.8800048828125,272.1499938964844,274.05999755859375,260.0984191894531,3749200
2024-12-13,272.9599914550781,274.07000732421875,270.0199890136719,270.6199951171875,256.83355712890625,2906300
2024-12-16,270.6199951171875,272.69000244140625,266.2200012207031,266.5,252.92347717285156,3711100
2024-12-17,265.4599914550781,270.260009765625,264.80999755859375,265.95001220703125,252.4014892578125,4742500
2024-12-18,265.17999267578125,267.19000244140625,258.67999267578125,258.7799987792969,245.59677124023438,4093600
2024-12-19,258.0,261.80999755859375,253.3000030517578,261.19000244140625,247.884033203125,4725800
2024-12-20,269.0,269.6099853515625,262.2099914550781,263.3800048828125,249.9624481201172,13687600
2024-12-23,263.1099853515625,264.79998779296875,260.8699951171875,264.0,250.5508575439453,3025700
2024-12-24,262.4800109863281,264.54998779296875,261.3599853515625,264.489990234375,251.0159149169922,1520600
2024-12-26,262.2099914550781,264.7300109863281,261.760009765625,263.17999267578125,249.77264404296875,1637300
2024-12-27,261.1000061035156,263.5,260.510009765625,262.6499938964844,249.26962280273438,2157400
2024-12-30,260.8299865722656,261.55999755859375,258.5,259.29998779296875,246.09030151367188,3039300
2024-12-31,260.75,261.5400085449219,258.8500061035156,260.6400146484375,247.362060546875,1966200
2025-01-02,262.17999267578125,263.5799865722656,258.30999755859375,259.2799987792969,246.07131958007812,2357400
2025-01-03,260.0,262.0799865722656,259.7900085449219,261.2200012207031,247.91249084472656,2979700
2025-01-06,259.04998779296875,261.19000244140625,257.04998779296875,258.5899963378906,245.41648864746094,4668200
2025-01-07,260.2200012207031,265.2099914550781,259.3500061035156,262.05999755859375,248.70970153808594,3173700
2025-01-08,261.9700012207031,264.25,259.82000732421875,264.2099914550781,250.7501678466797,2421500
2025-01-10,260.7900085449219,264.7900085449219,260.54998779296875,262.2300109863281,248.87106323242188,2721800
2025-01-13,262.1099853515625,270.489990234375,261.2799987792969,270.19000244140625,256.42547607421875,3365900
2025-01-14,271.6099853515625,271.6099853515625,264.9100036621094,267.1000061035156,253.49293518066406,2942300
2025-01-15,269.3299865722656,272.82000732421875,268.5799865722656,268.94000244140625,255.23916625976562,3737500
2025-01-16,268.9200134277344,270.30999755859375,267.1499938964844,269.42999267578125,255.70425415039062,2684500
2025-01-17,276.9700012207031,276.9700012207031,269.7799987792969,272.1099853515625,258.2477111816406,3244000
2025-01-21,272.1400146484375,276.5,270.2799987792969,274.80999755859375,260.8101501464844,3928500
2025-01-22,272.6600036621094,275.0199890136719,272.07000732421875,273.44000244140625,259.5099182128906,3518300
2025-01-23,273.44000244140625,278.0,272.32000732421875,277.8800048828125,263.7237548828125,2496000
2025-01-24,276.260009765625,277.3599853515625,273.5,275.4200134277344,261.3890686035156,2008600
2025-01-27,277.3699951171875,283.2300109863281,276.17999267578125,282.95001220703125,268.5355224609375,3493200
2025-01-28,280.1300048828125,283.5,279.9700012207031,280.29998779296875,266.0205078125,2735500
2025-01-29,280.0299987792969,283.0400085449219,279.30999755859375,281.67999267578125,267.3302001953125,2454900
2025-01-30,285.0,285.69000244140625,281.6400146484375,284.0199890136719,269.5509338378906,2556100
2025-01-31,282.17999267578125,286.69000244140625,281.9800109863281,285.4200134277344,270.8796691894531,3799900
2025-02-03,286.9100036621094,289.5799865722656,283.3999938964844,288.8699951171875,274.15386962890625,4473500
2025-02-04,285.5799865722656,290.4800109863281,284.5199890136719,289.0199890136719,274.2962341308594,3262400
2025-02-05,290.69000244140625,308.2200012207031,289.5199890136719,307.80999755859375,292.1290283203125,5890600
2025-02-06,309.489990234375,309.489990234375,297.1199951171875,297.7799987792969,282.6100158691406,4624500
2025-02-07,299.1600036621094,299.6099853515625,292.5799865722656,293.5400085449219,278.5859680175781,3388300
2025-02-10,296.8800048828125,296.8800048828125,290.6700134277344,294.7900085449219,279.7723083496094,2375600
2025-02-11,290.55999755859375,297.95001220703125,288.3599853515625,296.6600036621094,281.5470275878906,3506900
2025-02-12,293.82000732421875,296.20001220703125,292.6300048828125,295.05999755859375,280.02850341796875,2629900
2025-02-13,297.54998779296875,298.3500061035156,293.54998779296875,296.9700012207031,281.8412170410156,2061700
2025-02-14,294.75,295.1600036621094,290.45001220703125,291.1600036621094,278.5597229003906,2189300
2025-02-18,291.760009765625,293.3299865722656,289.0,292.79998779296875,280.1286926269531,2162200
2025-02-19,292.0,295.9700012207031,291.79998779296875,294.2699890136719,281.5350646972656,2806900
2025-02-20,294.6700134277344,298.1300048828125,293.92999267578125,297.92999267578125,285.0367126464844,2319000
2025-02-21,299.2300109863281,305.3299865722656,297.19000244140625,303.010009765625,289.8968811035156,3261400
2025-02-24,305.2799987792969,313.75,304.3999938964844,309.7200012207031,296.3164978027344,4286600
2025-02-25,311.79998779296875,318.29998779296875,310.29998779296875,315.6300048828125,301.9707336425781,4365700
2025-02-26,311.95001220703125,313.6300048828125,305.54998779296875,306.3800048828125,293.12103271484375,2786900
2025-02-27,305.29998779296875,311.0,303.1000061035156,305.82000732421875,292.58526611328125,3249100
2025-02-28,308.510009765625,308.6199951171875,303.5199890136719,308.05999755859375,294.72833251953125,3173000
2025-03-03,307.3399963378906,312.4800109863281,307.3399963378906,310.7799987792969,297.33062744140625,2970700
2025-03-04,316.5299987792969,319.82000732421875,312.1000061035156,312.19000244140625,298.6795654296875,3820000
2025-03-05,310.6300048828125,318.94000244140625,310.1400146484375,316.57000732421875,302.8700256347656,2629000
2025-03-06,316.4200134277344,318.67999267578125,312.5,317.82000732421875,304.0659484863281,3076500
2025-03-07,318.95001220703125,328.19000244140625,317.7799987792969,324.8599853515625,310.80126953125,3944900
2025-03-10,324.1300048828125,335.8800048828125,322.7699890136719,327.3599853515625,313.19305419921875,4120700
2025-03-11,328.79998779296875,329.1000061035156,318.4200134277344,318.8900146484375,305.08966064453125,3080100
2025-03-12,311.3900146484375,316.0199890136719,308.6400146484375,312.5,298.9761657714844,3182200
2025-03-13,313.6600036621094,316.75,311.989990234375,312.6400146484375,299.1101379394531,2062700
2025-03-14,312.2300109863281,314.510009765625,310.29998779296875,313.7099914550781,300.1337585449219,2396800
2025-03-17,314.6400146484375,318.6600036621094,311.7900085449219,317.1700134277344,303.444091796875,2292900
2025-03-18,317.55999755859375,319.30999755859375,315.17999267578125,318.6499938964844,304.8600158691406,2549300
2025-03-19,317.510009765625,318.9200134277344,313.3999938964844,315.75,302.08551025390625,1834300
2025-03-20,314.17999267578125,315.989990234375,312.239990234375,315.0400085449219,301.40625,2049700
2025-03-21,311.82000732421875,316.489990234375,311.1600036621094,316.0400085449219,302.36297607421875,9995000
2025-03-24,315.0,317.5799865722656,313.42999267578125,314.3800048828125,300.7748107910156,2439400
2025-03-25,313.9800109863281,314.2200012207031,303.510009765625,306.8599853515625,293.5802001953125,2565300
2025-03-26,306.44000244140625,309.0899963378906,304.3500061035156,305.7099914550781,292.4800109863281,2375200
2025-03-27,306.2200012207031,307.57000732421875,304.2900085449219,305.7699890136719,292.53741455078125,1736900
2025-03-28,307.44000244140625,308.1700134277344,304.7099914550781,306.95001220703125,293.6663818359375,1768400
2025-03-31,307.5799865722656,315.0,305.54998779296875,311.54998779296875,298.0672607421875,3336200
2025-04-01,310.5799865722656,312.6199951171875,305.0,306.9200134277344,293.6376647949219,3042300
2025-04-02,305.4100036621094,306.760009765625,300.1000061035156,305.70001220703125,292.470458984375,1912500
2025-04-03,311.17999267578125,314.8999938964844,306.70001220703125,309.8500061035156,296.44085693359375,3280300
2025-04-04,312.1099853515625,312.1099853515625,293.7200012207031,294.3900146484375,281.6499328613281,5253100
2025-04-07,287.69000244140625,296.94000244140625,281.70001220703125,289.69000244140625,277.1533203125,4923000
2025-04-08,289.25,294.010009765625,277.510009765625,280.260009765625,268.1314392089844,4097200
2025-04-09,268.9100036621094,291.5,267.3999938964844,291.0899963378906,278.49267578125,6055700
2025-04-10,287.9800109863281,288.5199890136719,269.6700134277344,281.4100036621094,269.23162841796875,4679100
2025-04-11,282.5,287.8999938964844,277.1000061035156,285.9800109863281,273.6038818359375,3467100
2025-04-14,286.7699890136719,295.17999267578125,285.2099914550781,293.9200134277344,281.2002258300781,2492700
2025-04-15,294.30999755859375,296.1700134277344,292.1400146484375,295.29998779296875,282.5204772949219,2593600
2025-04-16,294.739990234375,294.75,281.0299987792969,282.6400146484375,270.4084167480469,2656300
2025-04-17,277.0400085449219,278.67999267578125,268.5,277.2900085449219,265.2899475097656,4371800
2025-04-21,277.2900085449219,278.25,270.3599853515625,273.67999267578125,261.8361511230469,1803600
2025-04-22,275.70001220703125,278.7300109863281,274.489990234375,278.3999938964844,266.3518981933594,2081000
2025-04-23,279.9100036621094,283.6000061035156,276.4200134277344,277.8999938964844,265.8735046386719,2679500
2025-04-24,278.4700012207031,282.260009765625,274.4200134277344,279.8399963378906,267.72955322265625,2260500
2025-04-25,279.4700012207031,282.19000244140625,276.44000244140625,280.8399963378906,268.6863098144531,1994600
2025-04-28,280.6300048828125,284.1000061035156,280.0,283.0899963378906,270.8388977050781,2082400
2025-04-29,281.1199951171875,289.8999938964844,279.05999755859375,288.55999755859375,276.0722351074219,2147700
2025-04-30,289.44000244140625,292.0,286.0899963378906,290.9200134277344,278.3300476074219,2612300
2025-05-01,287.0400085449219,287.8800048828125,282.07000732421875,283.7799987792969,271.4990539550781,2942700
2025-05-02,291.5,291.6099853515625,275.20001220703125,281.2200012207031,269.04986572265625,4537000
2025-05-05,281.57000732421875,281.9700012207031,276.0899963378906,280.05999755859375,267.9400634765625,2781400
2025-05-06,277.0899963378906,277.6099853515625,268.80999755859375,270.44000244140625,258.73638916015625,3253400
2025-05-07,272.0299987792969,276.67999267578125,270.44000244140625,275.8399963378906,263.9027099609375,2363400
2025-05-08,269.45001220703125,274.7799987792969,266.0199890136719,272.04998779296875,260.27667236328125,3618000
2025-05-09,270.6600036621094,273.4800109863281,265.6600036621094,265.8599853515625,254.35455322265625,3328900
2025-05-12,266.4700012207031,276.0899963378906,262.989990234375,274.760009765625,262.8694152832031,4216800
2025-05-13,273.8299865722656,273.9200134277344,268.5299987792969,270.45001220703125,258.7459716796875,2660700
2025-05-14,269.8399963378906,270.3399963378906,261.42999267578125,262.2799987792969,250.9294891357422,3933000
2025-05-15,265.29998779296875,271.69000244140625,264.1499938964844,271.69000244140625,259.9322814941406,3995100
2025-05-16,270.6600036621094,272.5400085449219,267.7300109863281,272.4100036621094,262.9243469238281,2589300
2025-05-19,272.5799865722656,276.0,272.0,275.8500061035156,266.2445373535156,2189400
2025-05-20,275.9100036621094,276.8999938964844,274.2799987792969,275.010009765625,265.43377685546875,2188300
2025-05-21,274.17999267578125,275.5899963378906,270.510009765625,271.3399963378906,261.8915710449219,2559700
2025-05-22,271.3399963378906,272.44000244140625,269.1000061035156,271.8999938964844,262.4320983886719,1919800
2025-05-23,269.4800109863281,272.5199890136719,269.1300048828125,271.6600036621094,262.200439453125,2532000
2025-05-27,273.70001220703125,279.6300048828125,273.1199951171875,279.45001220703125,269.71917724609375,2917100
2025-05-28,279.0199890136719,281.3399963378906,276.6199951171875,278.3999938964844,268.70574951171875,3863800
2025-05-29,279.2200012207031,283.82000732421875,278.3999938964844,283.5400085449219,273.66680908203125,2801900
2025-05-30,282.6099853515625,288.80999755859375,281.0400085449219,288.17999267578125,278.14520263671875,5439200
2025-06-02,285.6400146484375,289.45001220703125,284.7699890136719,288.4700012207031,278.4250793457031,2394000
2025-06-03,285.5199890136719,291.760009765625,283.0400085449219,289.57000732421875,279.4867858886719,2320400
2025-06-04,290.19000244140625,293.2099914550781,286.8900146484375,287.010009765625,277.0158996582031,2338300
2025-06-05,286.3299865722656,291.3599853515625,284.989990234375,287.1000061035156,277.1028137207031,2522400
2025-06-06,289.79998779296875,293.57000732421875,289.010009765625,290.3299865722656,280.2203369140625,1996100
2025-06-09,290.4700012207031,291.6600036621094,287.5400085449219,289.9800109863281,279.8825378417969,1967100
2025-06-10,290.0,295.6400146484375,289.7900085449219,293.42999267578125,283.21240234375,2441500
2025-06-11,293.2099914550781,294.6700134277344,291.1499938964844,291.80999755859375,281.6487731933594,1828300
2025-06-12,294.2099914550781,297.44000244140625,292.67999267578125,297.2900085449219,286.9379577636719,2159700
2025-06-13,294.7300109863281,299.489990234375,294.07000732421875,295.2200012207031,284.9400329589844,2191200
2025-06-16,296.30999755859375,298.7699890136719,292.4599914550781,295.55999755859375,285.2681884765625,2047600
2025-06-17,294.4100036621094,295.79998779296875,289.6300048828125,290.04998779296875,279.9500427246094,2515100
2025-06-18,290.7900085449219,291.8699951171875,286.6000061035156,289.6300048828125,279.5447082519531,2026800
2025-06-20,292.1700134277344,294.54998779296875,288.5400085449219,289.3299865722656,279.255126953125,6801300
2025-06-23,290.0799865722656,290.6600036621094,267.8299865722656,272.44000244140625,262.9532775878906,5764900
2025-06-24,273.1300048828125,280.010009765625,269.010009765625,277.489990234375,267.827392578125,3686900
2025-06-25,275.79998779296875,280.5400085449219,273.1300048828125,280.3500061035156,270.5877990722656,2740300
2025-06-26,280.0,286.1700134277344,277.75,279.1099853515625,269.3909912109375,2998200
2025-06-27,278.57000732421875,281.32000732421875,275.70001220703125,277.1300048828125,267.4799499511719,2894500
2025-06-30,278.8500061035156,280.0400085449219,276.5799865722656,279.2099914550781,269.4875183105469,2963500
2025-07-01,280.010009765625,293.9800109863281,278.9800109863281,290.5199890136719,280.4036865234375,3502700
2025-07-02,291.0299987792969,297.9100036621094,289.5,296.8500061035156,286.5133056640625,2287000
2025-07-03,297.0,298.989990234375,295.510009765625,298.239990234375,287.8548889160156,1518500
2025-07-07,297.8800048828125,298.0,291.3800048828125,292.95001220703125,282.74908447265625,2144500
2025-07-08,291.9599914550781,298.67999267578125,291.25,297.0,286.6580810546875,1534100
2025-07-09,298.510009765625,301.6600036621094,291.7699890136719,296.5199890136719,286.1947326660156,2098000
2025-07-10,296.19000244140625,302.3800048828125,295.1700134277344,300.3699951171875,289.9107360839844,1925800
2025-07-11,298.2300109863281,299.9100036621094,294.0,295.2699890136719,284.98828125,1619800
2025-07-14,293.8599853515625,297.1400146484375,292.8399963378906,297.0299987792969,286.68701171875,1202300
2025-07-15,297.19000244140625,297.5299987792969,291.94000244140625,292.510009765625,282.32440185546875,1592700
2025-07-16,292.510009765625,299.3399963378906,292.3299865722656,299.0199890136719,288.607666015625,1881000
2025-07-17,297.5899963378906,299.95001220703125,296.2799987792969,298.25,287.86456298828125,1725600
2025-07-18,300.92999267578125,301.0,293.75,294.760009765625,284.49609375,1967700
2025-07-21,294.75,297.0899963378906,293.6000061035156,295.8699951171875,285.5674133300781,2025100
2025-07-22,296.4599914550781,306.79998779296875,295.8599853515625,305.69000244140625,295.0455017089844,2520800
2025-07-23,307.80999755859375,309.489990234375,305.989990234375,309.2200012207031,298.4525451660156,1782700
2025-07-24,309.2300109863281,311.2799987792969,307.3500061035156,308.54998779296875,297.8058776855469,1531200
2025-07-25,308.5799865722656,309.0299987792969,304.45001220703125,306.5799865722656,295.90447998046875,1451300
2025-07-28,305.82000732421875,306.0,300.1000061035156,301.2900085449219,290.7986755371094,1948000
2025-07-29,301.1199951171875,304.07000732421875,297.7799987792969,303.55999755859375,292.9896240234375,1406500
2025-07-30,304.3299865722656,305.57000732421875,299.6600036621094,301.3699951171875,290.8758850097656,1550400
2025-07-31,298.44000244140625,302.9599914550781,293.6300048828125,295.1000061035156,284.8242492675781,2252700
2025-08-01,297.05999755859375,298.5199890136719,292.5899963378906,296.8800048828125,286.5422668457031,2410900
2025-08-04,297.29998779296875,302.3299865722656,296.29998779296875,301.94000244140625,291.42608642578125,2316200
2025-08-05,300.7300109863281,302.1000061035156,297.0199890136719,300.0799865722656,289.63079833984375,2664100
2025-08-06,295.510009765625,298.5400085449219,281.6499938964844,284.6700134277344,274.7574157714844,4576000
2025-08-07,287.3500061035156,289.25,281.69000244140625,284.70001220703125,274.7863464355469,2588800
2025-08-08,283.489990234375,288.489990234375,283.489990234375,288.2300109863281,278.1934509277344,1803300
2025-08-11,289.739990234375,291.739990234375,284.7200012207031,285.0899963378906,275.16278076171875,1856800
2025-08-12,285.4800109863281,286.260009765625,282.6000061035156,284.9800109863281,275.0566101074219,2200300
2025-08-13,285.32000732421875,289.5799865722656,284.69000244140625,289.3299865722656,279.255126953125,1784900
2025-08-14,288.8800048828125,291.5400085449219,287.4100036621094,290.2900085449219,280.1817321777344,1932300
2025-08-15,292.0299987792969,296.989990234375,290.5799865722656,296.4700012207031,286.1465148925781,2168300
2025-08-18,296.92999267578125,298.1400146484375,292.29998779296875,292.6199951171875,282.4305419921875,1743800
2025-08-19,292.4100036621094,296.989990234375,292.1099853515625,295.54998779296875,285.2585754394531,1858500
2025-08-20,296.25,301.4700012207031,295.79998779296875,296.45001220703125,286.127197265625,1723700
2025-08-21,295.8999938964844,299.8999938964844,294.489990234375,295.760009765625,285.46124267578125,1843700
2025-08-22,295.489990234375,297.8900146484375,293.3500061035156,293.7200012207031,285.79205322265625,1644000
2025-08-25,292.6099853515625,294.6000061035156,287.55999755859375,288.4700012207031,280.68377685546875,1734300
2025-08-26,287.7699890136719,289.8900146484375,286.5299987792969,289.5799865722656,281.7637939453125,1750400
2025-08-27,288.8399963378906,290.25,286.6499938964844,287.9700012207031,280.197265625,1400800
2025-08-28,287.2300109863281,287.2300109863281,284.8699951171875,285.6099853515625,277.90093994140625,1886700
2025-08-29,285.79998779296875,288.29998779296875,285.1600036621094,287.7099914550781,279.94427490234375,1302700
2025-09-02,287.489990234375,288.739990234375,284.7099914550781,286.9200134277344,279.1756591796875,1948200
2025-09-03,284.0799865722656,286.92999267578125,280.3800048828125,283.8500061035156,276.1884765625,2604100
2025-09-04,284.760009765625,284.760009765625,278.75,280.1000061035156,272.5396728515625,2622000
2025-09-05,279.79998779296875,285.2900085449219,279.0,283.6400146484375,275.9841613769531,2299400
2025-09-08,281.04998779296875,282.42999267578125,277.32000732421875,280.19000244140625,272.62725830078125,2452900
2025-09-09,279.5,282.0799865722656,278.7799987792969,279.9700012207031,272.4132080078125,1733000
2025-09-10,280.0,280.30999755859375,275.1600036621094,278.510009765625,270.99261474609375,2150700
2025-09-11,278.5199890136719,282.8999938964844,278.0,282.7300109863281,275.0987243652344,2233100
2025-09-12,281.0400085449219,282.94000244140625,276.07000732421875,276.3900146484375,268.9298400878906,2143700
2025-09-15,276.07000732421875,277.239990234375,271.6099853515625,274.3999938964844,266.9934997558594,2563100
2025-09-16,275.8900146484375,277.5899963378906,271.7300109863281,273.0799865722656,265.7091369628906,2157400
2025-09-17,274.1400146484375,277.79998779296875,273.0,274.7099914550781,267.295166015625,1748800
2025-09-18,274.70001220703125,276.5,273.9700012207031,275.8299865722656,268.3849182128906,3322500
2025-09-19,278.6400146484375,286.1499938964844,277.3699951171875,285.4100036621094,277.70635986328125,8735100
2025-09-22,284.1300048828125,287.20001220703125,281.7099914550781,286.0,278.2804260253906,3050500
2025-09-23,283.9599914550781,287.260009765625,283.9599914550781,286.80999755859375,279.068603515625,2342000
2025-09-24,285.4700012207031,286.70001220703125,278.0,279.2200012207031,271.6834411621094,2374200
2025-09-25,279.0,281.04998779296875,270.6400146484375,271.17999267578125,263.8604431152344,2802700
2025-09-26,274.3399963378906,275.5,269.7699890136719,272.9800109863281,265.61187744140625,1812200
2025-09-29,273.1000061035156,274.5199890136719,270.6700134277344,273.9700012207031,266.5751647949219,1769100
2025-09-30,274.1400146484375,284.82000732421875,274.0199890136719,282.20001220703125,274.5830078125,3508700
2025-10-01,284.45001220703125,301.6600036621094,283.0,298.5,290.44305419921875,4835400
2025-10-02,298.30999755859375,300.5,295.4599914550781,297.3999938964844,289.37274169921875,2123200
2025-10-03,297.7200012207031,301.5400085449219,295.6300048828125,297.8900146484375,289.8495178222656,2518500
2025-10-06,297.6199951171875,297.6199951171875,293.0299987792969,294.1199951171875,286.1812744140625,1957300
2025-10-07,293.2699890136719,295.8500061035156,290.2099914550781,295.5400085449219,287.56292724609375,1504300
2025-10-08,295.7900085449219,297.6300048828125,292.2900085449219,294.6199951171875,286.6677551269531,2940600
2025-10-09,294.1300048828125,296.6300048828125,293.70001220703125,295.42999267578125,287.4559020996094,1369000
2025-10-10,296.1600036621094,297.0899963378906,289.5799865722656,290.1300048828125,282.2989501953125,2660500
2025-10-13,291.75,296.1300048828125,289.44000244140625,292.3999938964844,284.5076904296875,1838400
2025-10-14,291.75,296.8699951171875,290.9700012207031,293.8500061035156,285.91851806640625,1975900
2025-10-15,292.82000732421875,298.2099914550781,292.42999267578125,297.32000732421875,289.294921875,2502100
2025-10-16,298.07000732421875,302.2699890136719,294.44000244140625,295.80999755859375,287.82562255859375,1715000
2025-10-17,295.239990234375,299.3699951171875,293.1400146484375,298.80999755859375,290.74468994140625,1959400
2025-10-20,299.4800109863281,303.6600036621094,297.75,303.3299865722656,295.14263916015625,1613400
2025-10-21,302.6000061035156,303.8500061035156,298.0299987792969,301.1400146484375,293.01177978515625,1533400
2025-10-22,301.2900085449219,302.82000732421875,295.6000061035156,295.9800109863281,287.9910583496094,1698500
2025-10-23,296.010009765625,296.4599914550781,291.9100036621094,292.8900146484375,284.9844970703125,1496800
2025-10-24,292.8900146484375,293.94000244140625,290.6600036621094,291.760009765625,283.88494873046875,1376300
2025-10-27,291.2099914550781,292.0,288.260009765625,291.1600036621094,283.30120849609375,1794300
2025-10-28,288.92999267578125,292.6300048828125,288.260009765625,292.0899963378906,284.2060546875,2217200
2025-10-29,291.760009765625,294.80999755859375,289.44000244140625,291.7699890136719,283.8946838378906,2824300
2025-10-30,290.5799865722656,294.55999755859375,289.0,292.0,284.1184997558594,2058200
2025-10-31,288.4599914550781,298.8800048828125,288.0,298.42999267578125,290.3749084472656,2687100
2025-11-03,298.42999267578125,301.0,292.1199951171875,296.29998779296875,288.30242919921875,2753300
2025-11-04,298.7099914550781,299.05999755859375,294.4800109863281,296.70001220703125,288.6916198730469,3412500
2025-11-05,303.1300048828125,322.9800109863281,302.1300048828125,319.8599853515625,311.22650146484375,5486200
2025-11-06,319.1000061035156,321.30999755859375,312.5199890136719,315.5899963378906,307.07177734375,3330300
2025-11-07,316.0799865722656,321.4200134277344,314.0,320.20001220703125,311.5573425292969,2665200
2025-11-10,320.6000061035156,326.17999267578125,319.5400085449219,323.6600036621094,314.9239501953125,2518600
2025-11-11,323.4200134277344,338.54998779296875,323.4200134277344,338.45001220703125,329.3147277832031,3136500
2025-11-12,338.6400146484375,342.3999938964844,335.82000732421875,336.2799987792969,327.2032775878906,2941000
2025-11-13,337.8999938964844,345.8399963378906,335.1199951171875,336.0,326.9308776855469,3413500
2025-11-14,336.739990234375,339.79998779296875,330.3500061035156,336.739990234375,327.6509094238281,3310300
2025-11-17,337.6400146484375,344.05999755859375,336.8299865722656,341.7099914550781,332.4867248535156,2996600
2025-11-18,343.7300109863281,345.489990234375,339.29998779296875,343.989990234375,334.7052001953125,2966600
2025-11-19,343.4700012207031,345.2900085449219,340.0199890136719,342.3999938964844,333.1580810546875,2129800
2025-11-20,344.5199890136719,345.0899963378906,335.0,336.07000732421875,326.9989929199219,3183700
2025-11-21,334.8699951171875,342.8399963378906,334.739990234375,337.5400085449219,330.7717590332031,4128600
2025-11-24,335.8399963378906,338.6600036621094,331.7099914550781,334.29998779296875,327.59674072265625,3551600
2025-11-25,335.4100036621094,341.7300109863281,335.4100036621094,341.1099853515625,334.2701721191406,2868600
2025-11-26,341.5299987792969,345.0299987792969,340.0,344.57000732421875,337.66082763671875,2333100
2025-11-28,344.0,345.6600036621094,342.260009765625,345.4599914550781,338.532958984375,1268800
2025-12-01,343.07000732421875,343.9800109863281,336.25,337.489990234375,330.7227783203125,2383800
2025-12-02,338.8599853515625,342.5,336.3299865722656,338.3599853515625,331.5752868652344,2446500
2025-12-03,340.5400085449219,346.3800048828125,338.8500061035156,345.4200134277344,338.4937438964844,2839100
2025-12-04,344.2300109863281,346.3299865722656,338.94000244140625,340.1600036621094,333.3392333984375,3695700
2025-12-05,340.3599853515625,340.8800048828125,328.6300048828125,329.8900146484375,323.2751770019531,2897700
2025-12-08,329.0899963378906,329.6700134277344,320.1700134277344,321.2300109863281,314.788818359375,3510700
2025-12-09,321.82000732421875,323.0,313.17999267578125,313.8500061035156,307.5567932128906,2924900
2025-12-10,316.25,317.4700012207031,313.0,315.3800048828125,309.0561218261719,3071500
2025-12-11,317.8900146484375,320.19000244140625,312.3900146484375,317.3800048828125,311.0159912109375,2454800
2025-12-12,317.29998779296875,319.4599914550781,315.19000244140625,317.739990234375,311.3688049316406,2247200
2025-12-15,321.2099914550781,325.7699890136719,319.05999755859375,325.30999755859375,318.7869873046875,4049500
2025-12-16,324.82000732421875,327.3399963378906,323.0199890136719,326.739990234375,320.1883544921875,2642500
2025-12-17,327.5199890136719,330.0400085449219,325.42999267578125,326.010009765625,319.4729919433594,2517300
2025-12-18,326.2699890136719,328.239990234375,321.9100036621094,324.4200134277344,317.91485595703125,2669000
2025-12-19,325.55999755859375,331.5,324.7300109863281,327.3800048828125,320.81549072265625,13465700
2025-12-22,327.010009765625,331.8800048828125,326.0799865722656,331.3900146484375,324.7450866699219,2400400
2025-12-23,328.0899963378906,333.6700134277344,328.07000732421875,331.489990234375,324.84307861328125,1552800
2025-12-24,330.7200012207031,334.3800048828125,330.7200012207031,333.9599914550781,327.2635803222656,833700
2025-12-26,333.6499938964844,333.9800109863281,330.8500061035156,332.92999267578125,326.25421142578125,792600
2025-12-29,332.4599914550781,333.5,329.4700012207031,329.6300048828125,323.0203857421875,2181000
2025-12-30,328.6499938964844,329.7699890136719,325.8299865722656,328.69000244140625,322.0992431640625,1255900
2025-12-31,328.69000244140625,329.5,327.05999755859375,327.30999755859375,320.7469177246094,1417300
2026-01-02,328.7699890136719,329.19000244140625,325.010009765625,327.6400146484375,321.0703125,1539700
2026-01-05,324.9200134277344,326.5199890136719,318.2099914550781,320.7200012207031,314.2890319824219,2268700
2026-01-06,319.489990234375,330.94000244140625,318.8299865722656,330.1700134277344,323.549560546875,2722500
2026-01-07,332.1000061035156,343.04998779296875,332.1000061035156,341.6400146484375,334.7895812988281,3599200
2026-01-08,337.760009765625,341.4599914550781,328.2099914550781,330.1099853515625,323.4907531738281,2799300
2026-01-09,328.80999755859375,332.0799865722656,323.8900146484375,326.1000061035156,319.5611877441406,2118400
2026-01-12,328.4700012207031,328.4700012207031,322.739990234375,325.5400085449219,319.01239013671875,2460600
2026-01-13,327.4200134277344,327.75,319.7900085449219,324.29998779296875,317.7972717285156,2382200
2026-01-14,324.0899963378906,329.20001220703125,323.54998779296875,328.9700012207031,322.3736267089844,1897400
2026-01-15,328.9700012207031,332.5,325.19000244140625,330.0299987792969,323.412353515625,2591900
2026-01-16,328.70001220703125,333.0299987792969,326.8999938964844,330.4100036621094,323.78472900390625,4033700
2026-01-20,325.5799865722656,331.3399963378906,321.7099914550781,331.0,324.3629150390625,2947500
2026-01-21,329.95001220703125,343.9800109863281,329.32000732421875,343.6000061035156,336.71026611328125,4148600
2026-01-22,344.1499938964844,349.9800109863281,342.1400146484375,347.07000732421875,340.1106872558594,3025100
2026-01-23,346.17999267578125,349.2300109863281,341.82000732421875,344.75,337.83721923828125,2024900
2026-01-26,344.70001220703125,350.42999267578125,343.6199951171875,349.69000244140625,342.67816162109375,3116100
2026-01-27,348.57000732421875,353.25,346.92999267578125,351.32000732421875,344.27545166015625,3269600
2026-01-28,349.0,351.95001220703125,340.0,342.2200012207031,335.3579406738281,2347800
2026-01-29,341.6600036621094,347.2699890136719,338.75,342.94000244140625,336.0635070800781,3153100
2026-01-30,340.80999755859375,345.5,338.07000732421875,341.8800048828125,335.0247802734375,2522400
2026-02-02,339.4700012207031,345.9800109863281,339.4100036621094,344.67999267578125,337.7685852050781,1899900
2026-02-03,341.239990234375,349.5,338.5899963378906,338.5899963378906,331.80072021484375,4040000
2026-02-04,352.0299987792969,368.75,342.3800048828125,366.20001220703125,358.85711669921875,5899600
2026-02-05,365.7300109863281,374.8999938964844,365.0,367.79998779296875,360.4250183105469,4007300
2026-02-06,369.989990234375,385.1199951171875,368.8999938964844,384.32000732421875,376.61376953125,3840300
2026-02-09,380.70001220703125,384.6199951171875,372.3399963378906,375.82000732421875,368.28424072265625,2843700
2026-02-10,377.0400085449219,377.3599853515625,363.6499938964844,364.6499938964844,357.3381652832031,3526400
2026-02-11,365.1400146484375,368.510009765625,361.0,366.5799865722656,359.2294616699219,2826000
2026-02-12,366.6600036621094,370.8800048828125,365.05999755859375,366.20001220703125,358.85711669921875,2374500
2026-02-13,362.6600036621094,370.4200134277344,361.7099914550781,369.19000244140625,364.2940368652344,2414200
2026-02-17,370.8800048828125,374.7699890136719,369.0,373.3599853515625,368.4087219238281,2255400
2026-02-18,373.5,380.5799865722656,370.44000244140625,379.7300109863281,374.6942443847656,2731900
2026-02-19,377.9100036621094,379.92999267578125,374.1300048828125,375.5,370.52032470703125,2427000
2026-02-20,372.010009765625,377.0,371.3900146484375,374.75,369.7802734375,2911700
2026-02-23,375.260009765625,381.7799987792969,374.739990234375,379.4200134277344,374.3883972167969,2951400
2026-02-24,380.0199890136719,383.20001220703125,378.82000732421875,382.8699951171875,377.7926025390625,2454700
2026-02-25,381.5,387.489990234375,380.5400085449219,384.3299865722656,379.2332458496094,2459500
2026-02-26,385.1400146484375,385.1400146484375,374.25,379.3299865722656,374.299560546875,2589400
2026-02-27,379.2900085449219,390.1400146484375,378.75,388.1600036621094,383.012451171875,3441000
2026-03-02,388.0,391.2900085449219,381.8900146484375,385.70001220703125,380.5850830078125,2837900
2026-03-03,377.9700012207031,381.739990234375,372.7099914550781,377.0,372.0004577636719,2710400
2026-03-04,380.0,380.0899963378906,370.82000732421875,379.2699890136719,374.2403259277344,2028300
2026-03-05,375.17999267578125,377.0899963378906,361.3999938964844,367.6000061035156,362.72509765625,2868400
2026-03-06,364.20001220703125,369.760009765625,361.7099914550781,369.5299987792969,364.6294860839844,2443000
2026-03-09,368.2699890136719,378.82000732421875,366.5299987792969,376.9700012207031,371.9708557128906,2719900
2026-03-10,376.1700134277344,379.260009765625,372.739990234375,375.42999267578125,370.4512634277344,2284500
2026-03-11,375.04998779296875,380.1400146484375,373.0,377.6400146484375,372.6319885253906,2299200
2026-03-12,373.510009765625,375.0,367.760009765625,367.7900085449219,362.91259765625,1990500
2026-03-13,370.67999267578125,372.9800109863281,365.92999267578125,366.2099914550781,361.3535461425781,1500300
2026-03-16,369.3800048828125,370.8900146484375,364.7200012207031,366.25,361.39300537109375,2099100
2026-03-17,368.239990234375,368.7799987792969,359.79998779296875,361.1300048828125,356.3409118652344,2334300
2026-03-18,359.82000732421875,360.69000244140625,350.80999755859375,351.4800109863281,346.8188781738281,2895100
2026-03-19,353.29998779296875,356.32000732421875,347.8500061035156,349.9200134277344,345.27960205078125,2168700
2026-03-20,348.010009765625,351.25,344.95001220703125,347.79998779296875,343.1876525878906,9168800
2026-03-23,351.79998779296875,353.4200134277344,348.6099853515625,349.7699890136719,345.13153076171875,2368700
2026-03-24,346.55999755859375,352.5799865722656,345.79998779296875,348.42999267578125,343.8092956542969,2336700
2026-03-25,350.760009765625,358.0,350.760009765625,353.92999267578125,349.23638916015625,1831900
2026-03-26,350.3299865722656,354.80999755859375,348.5199890136719,353.1600036621094,348.47662353515625,2044800
2026-03-27,355.6600036621094,355.6600036621094,347.79998779296875,348.7699890136719,344.1448059082031,2274800
2026-03-30,351.8299865722656,351.8299865722656,348.1300048828125,349.0,344.37176513671875,2589900
2026-03-31,350.7300109863281,355.489990234375,347.1099853515625,351.8500061035156,347.1839904785156,3747100
