Date,Open,High,Low,Close,Adj Close,Volume
2016-04-01,51.119998931884766,52.06880187988281,50.91999816894531,51.987998962402344,50.90663528442383,14182500
2016-04-04,51.902000427246094,51.928001403808594,51.05160140991211,51.27040100097656,50.20396041870117,8927500
2016-04-05,50.79999923706055,51.514400482177734,50.622398376464844,51.16320037841797,50.09899139404297,9330000
2016-04-06,51.20880126953125,51.79520034790039,50.92839813232422,51.720401763916016,50.64461135864258,7010000
2016-04-07,51.65879821777344,51.693199157714844,50.858001708984375,51.060001373291016,49.99794387817383,9730000
2016-04-08,51.31119918823242,51.34199905395508,50.85240173339844,50.965999603271484,49.9058952331543,7510000
2016-04-11,51.27799987792969,51.53559875488281,50.52840042114258,50.585201263427734,49.53301239013672,7345000
2016-04-12,50.742000579833984,52.18320083618164,50.20439910888672,52.011199951171875,50.92935562133789,11235000
2016-04-13,52.41400146484375,53.197601318359375,52.02000045776367,52.71039962768555,51.6140022277832,15132500
2016-04-14,52.91999816894531,53.599998474121094,52.7599983215332,53.45560073852539,52.343711853027344,12995000
2016-04-15,53.3468017578125,53.40439987182617,52.83039855957031,53.2760009765625,52.167850494384766,11987500
2016-04-18,53.155601501464844,54.761199951171875,53.155601501464844,54.13479995727539,53.008785247802734,15972500
2016-04-19,54.395198822021484,54.400001525878906,53.331600189208984,53.831199645996094,52.71149444580078,10867500
2016-04-20,53.86399841308594,54.57320022583008,53.533199310302734,54.0,52.876792907714844,10410000
2016-04-21,53.732398986816406,54.29719924926758,53.47999954223633,53.599998474121094,52.485107421875,6740000
2016-04-22,53.2400016784668,53.9827995300293,53.2400016784668,53.540000915527344,52.426353454589844,13175000
2016-04-25,53.279998779296875,53.63999938964844,52.9379997253418,53.41080093383789,52.299842834472656,9835000
2016-04-26,53.36000061035156,53.473201751708984,52.85960006713867,53.358001708984375,52.248138427734375,8000000
2016-04-27,53.27000045776367,54.279998779296875,53.08000183105469,54.149600982666016,53.02327346801758,9887500
2016-04-28,53.20000076293945,54.23640060424805,52.40599822998047,52.7036018371582,51.60734939575195,18585000
2016-04-29,53.2963981628418,54.738399505615234,53.2963981628418,53.74639892578125,52.62845993041992,25450000
2016-05-02,53.959999084472656,54.351200103759766,53.0,54.267601013183594,53.13882827758789,12702500
2016-05-03,53.84880065917969,54.34159851074219,53.4031982421875,54.18560028076172,53.05852508544922,21537500
2016-05-04,50.31999969482422,50.63999938964844,48.209999084472656,50.12160110473633,49.07905960083008,72120000
2016-05-05,50.15520095825195,50.556800842285156,49.56079864501953,49.63399887084961,48.601593017578125,20422500
2016-05-06,49.24039840698242,50.119998931884766,49.24039840698242,50.00400161743164,48.96390151977539,14312500
2016-05-09,50.00400161743164,50.119998931884766,49.24480056762695,49.79679870605469,48.761016845703125,10635000
2016-05-10,50.11000061035156,50.981998443603516,50.02040100097656,50.73080062866211,49.67558670043945,13495000
2016-05-11,50.667198181152344,50.965599060058594,50.400001525878906,50.69240188598633,49.63798904418945,12442500
2016-05-12,50.93960189819336,51.608001708984375,50.808799743652344,51.290000915527344,50.2231559753418,17662500
2016-05-13,50.959999084472656,51.560001373291016,50.84040069580078,51.145599365234375,50.081756591796875,12072500
2016-05-16,51.27799987792969,51.577999114990234,50.76240158081055,51.33879852294922,50.270938873291016,10810000
2016-05-17,51.395599365234375,51.8380012512207,50.966400146484375,51.12080001831055,50.05747604370117,11415000
2016-05-18,50.8484001159668,51.52000045776367,50.2151985168457,50.690799713134766,49.63642120361328,9462500
2016-05-19,50.03120040893555,50.35599899291992,49.35559844970703,50.01240158081055,48.97213363647461,13720000
2016-05-20,50.168399810791016,50.35319900512695,49.82720184326172,49.97159957885742,48.93217849731445,11142500
2016-05-23,49.854000091552734,50.15679931640625,49.38880157470703,49.49959945678711,48.46999740600586,9992500
2016-05-24,49.514400482177734,50.50640106201172,49.47800064086914,50.265201568603516,49.21967315673828,9797500
2016-05-25,50.34040069580078,51.08919906616211,50.040000915527344,50.80720138549805,49.75040054321289,8620000
2016-05-26,50.83720016479492,51.19960021972656,50.462799072265625,50.760799407958984,49.70497131347656,8262500
2016-05-27,50.68080139160156,50.944000244140625,50.5,50.91999816894531,49.860843658447266,7677500
2016-05-31,51.13800048828125,51.45399856567383,50.20000076293945,50.57320022583008,49.521270751953125,19605000
2016-06-01,50.36240005493164,51.302799224853516,49.98040008544922,51.119998931884766,50.05669021606445,18882500
2016-06-02,51.17599868774414,51.61399841308594,50.88679885864258,51.599998474121094,50.526710510253906,11175000
2016-06-03,51.23160171508789,52.15079879760742,51.04199981689453,52.06840133666992,50.98536682128906,14917500
2016-06-06,52.100799560546875,54.06959915161133,51.963199615478516,53.9640007019043,52.84153747558594,21065000
2016-06-07,53.9203987121582,54.95920181274414,53.80039978027344,54.400001525878906,53.268463134765625,21625000
2016-06-08,54.400001525878906,54.75600051879883,54.08039855957031,54.193199157714844,53.06596755981445,12362500
2016-06-09,53.88079833984375,54.052398681640625,53.45240020751953,53.60279846191406,52.48784637451172,11250000
2016-06-10,53.104400634765625,53.254398345947266,52.61600112915039,52.75600051879883,51.65866470336914,11990000
2016-06-13,52.540000915527344,53.51839828491211,52.507598876953125,52.61880111694336,51.524322509765625,10372500
2016-06-14,52.4364013671875,52.84000015258789,51.64080047607422,52.16400146484375,51.078975677490234,13175000
2016-06-15,52.24399948120117,52.7599983215332,52.09080123901367,52.216800689697266,51.130672454833984,12272500
2016-06-16,52.15999984741211,53.400001525878906,52.13560104370117,52.95560073852539,51.85411071777344,15727500
2016-06-17,52.96799850463867,52.96799850463867,52.160400390625,52.369598388671875,51.280296325683594,13390000
2016-06-20,52.94559860229492,54.395999908447266,52.891998291015625,53.67839813232422,52.56187438964844,18072500
2016-06-21,53.77399826049805,54.040000915527344,53.171600341796875,53.72200012207031,52.60456848144531,11335000
2016-06-22,54.93000030517578,54.97999954223633,54.09320068359375,54.40399932861328,53.27238464355469,17137500
2016-06-23,54.959999084472656,55.7599983215332,54.84000015258789,55.608001708984375,54.45133972167969,16980000
2016-06-24,51.75120162963867,52.55080032348633,48.693199157714844,49.28559875488281,48.26044464111328,79480000
2016-06-27,48.8047981262207,49.35639953613281,45.922401428222656,47.44200134277344,46.45519256591797,43965000
2016-06-28,48.719200134277344,49.428001403808594,47.55400085449219,48.16999816894531,47.16804122924805,30150000
2016-06-29,48.79999923706055,49.95840072631836,48.63999938964844,49.57640075683594,48.545196533203125,19462500
2016-06-30,50.849998474121094,51.02280044555664,49.600399017333984,49.9364013671875,48.897708892822266,23037500
2016-07-01,49.96039962768555,51.02799987792969,49.82040023803711,50.694801330566406,49.64033126831055,16102500
2016-07-05,50.38240051269531,51.00199890136719,49.8484001159668,51.00120162963867,49.940364837646484,14220000
2016-07-06,50.79439926147461,51.777198791503906,50.400001525878906,51.68159866333008,50.60660934448242,14045000
2016-07-07,51.585601806640625,52.23759841918945,51.585601806640625,51.89039993286133,50.81107711791992,12372500
2016-07-08,52.2775993347168,53.22480010986328,52.168800354003906,53.17839813232422,52.0722770690918,17817500
2016-07-11,53.715999603271484,54.43960189819336,53.65959930419922,54.04119873046875,52.9171257019043,16205000
2016-07-12,54.47999954223633,54.67959976196289,53.36040115356445,53.81719970703125,52.697784423828125,12237500
2016-07-13,53.6952018737793,54.38840103149414,53.51559829711914,53.54600143432617,52.43223571777344,8785000
2016-07-14,53.81039810180664,54.040000915527344,53.61000061035156,53.847198486328125,52.72716522216797,7255000
2016-07-15,53.1156005859375,53.36000061035156,52.90359878540039,53.222801208496094,52.115753173828125,14050000
2016-07-18,53.29999923706055,53.97719955444336,53.124000549316406,53.65439987182617,52.53837585449219,7502500
2016-07-19,53.279998779296875,53.54359817504883,53.0,53.08000183105469,51.975929260253906,9540000
2016-07-20,53.20439910888672,54.51959991455078,52.947200775146484,54.11320114135742,52.98763656616211,16242500
2016-07-21,53.96039962768555,54.03200149536133,53.032798767089844,53.29999923706055,52.19134521484375,13077500
2016-07-22,53.44919967651367,53.46799850463867,52.92279815673828,53.09600067138672,51.99159240722656,10142500
2016-07-25,53.21799850463867,53.22919845581055,52.2036018371582,52.866798400878906,51.76716232299805,14817500
2016-07-26,52.90999984741211,53.25279998779297,52.64120101928711,52.981201171875,51.87917709350586,11402500
2016-07-27,52.7760009765625,53.599998474121094,52.61840057373047,52.97919845581055,51.87721633911133,12037500
2016-07-28,52.400001525878906,53.194801330566406,52.400001525878906,53.04399871826172,51.940670013427734,12512500
2016-07-29,52.59960174560547,54.15959930419922,52.536800384521484,54.03239822387695,52.908512115478516,35340000
2016-08-01,54.149200439453125,54.54359817504883,53.69599914550781,54.24319839477539,53.11492919921875,13697500
2016-08-02,54.13240051269531,54.52000045776367,53.02880096435547,53.81520080566406,52.69582748413086,14935000
2016-08-03,53.66400146484375,55.06719970703125,53.441200256347656,54.84560012817383,53.704803466796875,21545000
2016-08-04,54.33599853515625,54.54719924926758,53.77280044555664,54.399600982666016,53.2680778503418,33040000
2016-08-05,57.400001525878906,57.400001525878906,56.279598236083984,56.56880187988281,55.39215087890625,36415000
2016-08-08,56.62160110473633,56.74319839477539,56.0807991027832,56.20000076293945,55.03103256225586,15925000
2016-08-09,56.18040084838867,56.375999450683594,55.93000030517578,56.280399322509766,55.10974884033203,10702500
2016-08-10,56.439998626708984,56.47999954223633,56.04199981689453,56.25120162963867,55.08116912841797,6700000
2016-08-11,56.349998474121094,56.65719985961914,56.21480178833008,56.276798248291016,55.106224060058594,7530000
2016-08-12,56.03799819946289,56.33359909057617,56.03799819946289,56.31919860839844,55.147743225097656,7030000
2016-08-15,56.31999969482422,56.48400115966797,55.869998931884766,55.966400146484375,54.80228805541992,10720000
2016-08-16,55.917999267578125,56.414798736572266,55.697601318359375,56.34640121459961,55.17437744140625,9137500
2016-08-17,56.34640121459961,57.170799255371094,56.16120147705078,57.0880012512207,55.90055847167969,11992500
2016-08-18,57.599998474121094,57.99599838256836,57.5,57.722801208496094,56.52215576171875,13087500
2016-08-19,57.52000045776367,57.722801208496094,57.123199462890625,57.279998779296875,56.08856201171875,11920000
2016-08-22,57.377601623535156,57.37799835205078,56.84000015258789,56.959598541259766,55.77483367919922,10142500
2016-08-23,57.01279830932617,57.31999969482422,56.779998779296875,56.898799896240234,55.71529006958008,7655000
2016-08-24,56.76839828491211,57.18119812011719,56.160400390625,56.40719985961914,55.233909606933594,9230000
2016-08-25,56.165199279785156,56.74399948120117,56.165199279785156,56.62200164794922,55.444252014160156,7732500
2016-08-26,56.62200164794922,57.187599182128906,56.41999816894531,56.79159927368164,55.61031723022461,10300000
2016-08-29,56.91999816894531,57.35879898071289,56.790401458740234,57.007598876953125,55.82182693481445,7915000
2016-08-30,56.90760040283203,57.220401763916016,56.47999954223633,56.6619987487793,55.48341751098633,4975000
2016-08-31,56.566001892089844,56.73640060424805,56.31999969482422,56.6692008972168,55.4904670715332,4180000
2016-09-01,56.900001525878906,56.97480010986328,56.34120178222656,56.74359893798828,55.563316345214844,7677500
2016-09-02,57.08000183105469,57.19919967651367,56.630401611328125,56.91400146484375,55.73017120361328,6590000
2016-09-06,56.876800537109375,57.47840118408203,56.650001525878906,57.47840118408203,56.2828369140625,9670000
2016-09-07,57.38999938964844,57.892799377441406,57.193199157714844,57.760398864746094,56.55897521972656,7555000
2016-09-08,57.73320007324219,58.164398193359375,57.67720031738281,57.83319854736328,56.6302490234375,8762500
2016-09-09,57.306400299072266,57.720001220703125,56.52920150756836,56.555999755859375,55.3796272277832,12402500
2016-09-12,56.1068000793457,57.72520065307617,56.1068000793457,57.44839859008789,56.25345230102539,12615000
2016-09-13,57.040000915527344,57.59960174560547,56.22119903564453,56.63800048828125,55.45990753173828,13092500
2016-09-14,56.74800109863281,57.24800109863281,56.64039993286133,57.175201416015625,55.985939025878906,9830000
2016-09-15,57.27920150756836,58.35639953613281,57.0463981628418,58.28879928588867,57.07638168334961,18345000
2016-09-16,58.13240051269531,58.51639938354492,57.68880081176758,58.402000427246094,57.187225341796875,18510000
2016-09-19,58.7599983215332,58.92679977416992,57.86199951171875,57.922401428222656,56.71760559082031,12575000
2016-09-20,58.31560134887695,58.38119888305664,57.599998474121094,57.959999084472656,56.754417419433594,7242500
2016-09-21,58.10559844970703,58.58760070800781,57.700401306152344,58.560001373291016,57.341941833496094,10312500
2016-09-22,58.59400177001953,58.79719924926758,58.31999969482422,58.63479995727539,57.415184020996094,8430000
2016-09-23,58.599998474121094,58.599998474121094,58.09640121459961,58.27040100097656,57.05836486816406,8030000
2016-09-26,58.104801177978516,58.15079879760742,57.60919952392578,57.88600158691406,56.68195724487305,8190000
2016-09-27,57.86600112915039,58.420799255371094,57.648799896240234,58.13959884643555,56.93028259277344,11797500
2016-09-28,58.37919998168945,58.462398529052734,57.970001220703125,58.32120132446289,57.108097076416016,9867500
2016-09-29,58.36040115356445,59.27119827270508,58.212398529052734,58.9192008972168,57.69366455078125,16312500
2016-09-30,59.122798919677734,59.22760009765625,58.556800842285156,58.85960006713867,57.63530731201172,10912500
2016-10-03,58.553199768066406,59.6171989440918,58.376800537109375,59.46879959106445,58.23183822631836,12852500
2016-10-04,59.77399826049805,59.95320129394531,59.32080078125,59.56079864501953,58.32191467285156,9657500
2016-10-05,59.742401123046875,60.07160186767578,59.599998474121094,59.9031982421875,58.657196044921875,9975000
2016-10-06,59.70920181274414,59.89039993286133,59.41120147705078,59.61759948730469,58.377540588378906,9045000
2016-10-07,59.94960021972656,59.94960021972656,59.120399475097656,59.19279861450195,57.96157455444336,10355000
2016-10-10,59.2400016784668,59.463600158691406,58.809600830078125,59.007198333740234,57.77982711791992,11045000
2016-10-11,58.79999923706055,59.02080154418945,58.200401306152344,58.360801696777344,57.14688491821289,10455000
2016-10-12,58.31999969482422,58.77199935913086,58.11240005493164,58.193599700927734,56.983154296875,7197500
2016-10-13,57.832000732421875,57.966400146484375,57.18320083618164,57.700801849365234,56.500614166259766,12090000
2016-10-14,58.0,58.25400161743164,57.402000427246094,57.582801818847656,56.38507080078125,8215000
2016-10-17,57.4651985168457,57.73440170288086,57.183998107910156,57.50600051879883,56.30986022949219,6592500
2016-10-18,58.02519989013672,58.395999908447266,57.86040115356445,58.19879913330078,56.988250732421875,8152500
2016-10-19,58.29399871826172,58.987998962402344,58.20840072631836,58.768001556396484,57.54561996459961,8615000
2016-10-20,58.95719909667969,58.959598541259766,58.440399169921875,58.73160171508789,57.50996780395508,7510000
2016-10-21,58.43080139160156,58.720001220703125,58.220001220703125,58.69559860229492,57.4747200012207,9492500
2016-10-24,59.12839889526367,59.193199157714844,58.61920166015625,58.87200164794922,57.6474494934082,6865000
2016-10-25,58.649600982666016,59.27399826049805,58.63479995727539,59.16120147705078,57.930633544921875,9142500
2016-10-26,59.0,59.10200119018555,58.61920166015625,58.76639938354492,57.54404830932617,10417500
2016-10-27,59.00400161743164,59.20000076293945,58.443199157714844,58.52080154418945,57.30354690551758,8970000
2016-10-28,58.60319900512695,59.31999969482422,58.400001525878906,58.992801666259766,57.765743255615234,15022500
2016-10-31,59.13199996948242,59.18439865112305,58.89120101928711,58.969200134277344,57.74262619018555,7105000
2016-11-01,58.969200134277344,59.200401306152344,58.15719985961914,58.68000030517578,57.459442138671875,14072500
2016-11-02,58.739200592041016,58.78200149536133,57.671600341796875,57.813201904296875,56.61066818237305,13495000
2016-11-03,57.9739990234375,58.260799407958984,57.41640090942383,57.52399826049805,56.327491760253906,9192500
2016-11-04,57.1619987487793,57.68560028076172,56.88759994506836,56.97119903564453,55.78618621826172,10882500
2016-11-07,57.49800109863281,59.40800094604492,57.43159866333008,59.213199615478516,57.98154830932617,34887500
2016-11-08,61.599998474121094,63.56840133666992,61.599998474121094,63.12519836425781,61.81218338012695,39025000
2016-11-09,62.599998474121094,63.0,61.86320114135742,62.81039810180664,61.50392532348633,22812500
2016-11-10,63.377601623535156,64.03720092773438,60.8120002746582,62.17279815673828,60.87958526611328,27540000
2016-11-11,61.92399978637695,62.30799865722656,61.234798431396484,61.625999450683594,60.34415817260742,16075000
2016-11-14,61.61840057373047,61.67720031738281,59.28919982910156,59.56719970703125,58.32819366455078,20040000
2016-11-15,59.99879837036133,60.31079864501953,59.42399978637695,59.89799880981445,58.65210723876953,16727500
2016-11-16,59.69559860229492,60.68000030517578,59.52920150756836,60.12919998168945,58.87849807739258,9170000
2016-11-17,60.101600646972656,61.237998962402344,60.007598876953125,60.51599884033203,59.25725173950195,10337500
2016-11-18,60.4911994934082,61.15999984741211,60.18119812011719,60.29399871826172,59.03986358642578,10657500
2016-11-21,60.47999954223633,61.2411994934082,60.28799819946289,60.967201232910156,59.699066162109375,7395000
2016-11-22,61.209999084472656,61.43600082397461,61.02560043334961,61.41680145263672,60.13931655883789,8002500
2016-11-23,61.23680114746094,61.34239959716797,60.43560028076172,60.839599609375,59.57412338256836,7975000
2016-11-25,60.924800872802734,61.119598388671875,60.45600128173828,60.8671989440918,59.60114288330078,4342500
2016-11-28,60.69200134277344,61.439998626708984,60.52439880371094,61.00279998779297,59.73392868041992,8722500
2016-11-29,61.145999908447266,61.316001892089844,60.599998474121094,60.81079864501953,59.545921325683594,8177500
2016-11-30,60.93000030517578,61.1431999206543,60.008399963378906,60.14720153808594,58.89612579345703,9390000
2016-12-01,60.06760025024414,60.164798736572266,58.7588005065918,59.1864013671875,57.95531463623047,14315000
2016-12-02,59.25920104980469,59.551998138427734,58.67919921875,58.91999816894531,57.694454193115234,8402500
2016-12-05,59.04759979248047,60.11479949951172,59.00920104980469,59.99039840698242,58.742584228515625,8732500
2016-12-06,60.27840042114258,60.32360076904297,59.75960159301758,60.19279861450195,58.940773010253906,6372500
2016-12-07,60.187599182128906,61.11199951171875,60.074798583984375,61.081600189208984,59.81108474731445,9747500
2016-12-08,61.414398193359375,62.07080078125,60.910400390625,61.946800231933594,60.65829086303711,12647500
2016-12-09,62.220001220703125,62.3671989440918,61.99760055541992,62.31919860839844,61.02294158935547,8347500
2016-12-12,62.422000885009766,62.665199279785156,61.142799377441406,61.47119903564453,60.19257736206055,9910000
2016-12-13,61.80759811401367,62.400001525878906,61.530399322509766,61.604400634765625,60.32301330566406,9700000
2016-12-14,61.709598541259766,61.9651985168457,61.02880096435547,61.13800048828125,59.86631393432617,7690000
2016-12-15,60.79999923706055,60.91999816894531,60.02280044555664,60.04800033569336,58.798980712890625,14605000
2016-12-16,60.29999923706055,60.31880187988281,58.925201416015625,59.37120056152344,58.13626480102539,17862500
2016-12-19,59.37080001831055,60.058799743652344,59.119598388671875,59.553199768066406,58.31447982788086,9752500
2016-12-20,59.52239990234375,60.15840148925781,59.35919952392578,60.09000015258789,58.840110778808594,7662500
2016-12-21,59.924400329589844,60.508399963378906,59.79999923706055,60.23040008544922,58.97758483886719,7267500
2016-12-22,60.055999755859375,60.127201080322266,59.01679992675781,59.25360107421875,58.02110290527344,10160000
2016-12-23,59.101600646972656,59.60319900512695,58.8135986328125,59.448001861572266,58.211463928222656,6890000
2016-12-27,59.600399017333984,60.13560104370117,59.45719909667969,59.73680114746094,58.494266510009766,4847500
2016-12-28,59.78919982910156,59.84199905395508,59.059200286865234,59.21839904785156,57.98664474487305,6217500
2016-12-29,59.088401794433594,59.49720001220703,58.933998107910156,59.20640182495117,57.97489547729492,5022500
2016-12-30,59.339599609375,59.339599609375,58.49359893798828,58.642398834228516,57.42262268066406,10185000
2017-01-03,59.07640075683594,59.49440002441406,58.379600524902344,59.10279846191406,57.87344741821289,11462500
2017-01-04,59.38560104370117,59.74599838256836,59.22999954223633,59.491600036621094,58.25415802001953,9692500
2017-01-05,59.59560012817383,60.197601318359375,59.59560012817383,60.14799880981445,58.89690399169922,11187500
2017-01-06,60.06159973144531,61.058799743652344,60.04840087890625,60.82279968261719,59.557674407958984,11835000
2017-01-09,60.720001220703125,61.55080032348633,60.720001220703125,61.18560028076172,59.912925720214844,9937500
2017-01-10,61.398399353027344,61.78239822387695,61.18000030517578,61.40999984741211,60.13265609741211,8127500
2017-01-11,61.28839874267578,61.866798400878906,61.0807991027832,61.444400787353516,60.166343688964844,10115000
2017-01-12,61.26240158081055,61.597198486328125,60.63999938964844,61.54359817504883,60.26347732543945,7872500
2017-01-13,61.43000030517578,61.95800018310547,61.25040054321289,61.832801818847656,60.54666519165039,8155000
2017-01-17,61.7599983215332,61.879600524902344,61.36040115356445,61.605201721191406,60.32380294799805,8255000
2017-01-18,61.808799743652344,61.88999938964844,61.168399810791016,61.674400329589844,60.39155960083008,6150000
2017-01-19,61.65599822998047,61.959999084472656,61.308799743652344,61.56079864501953,60.28031539916992,6980000
2017-01-20,61.902400970458984,61.902400970458984,61.120399475097656,61.80039978027344,60.51493835449219,14912500
2017-01-23,61.65879821777344,62.22919845581055,61.38520050048828,62.19960021972656,60.90583038330078,10757500
2017-01-24,62.335201263427734,62.642398834228516,62.085201263427734,62.533199310302734,61.23249053955078,9007500
2017-01-25,62.7599983215332,63.2588005065918,62.61040115356445,63.152801513671875,61.83920669555664,7700000
2017-01-26,63.062400817871094,63.50040054321289,63.018001556396484,63.257598876953125,61.94182205200195,7355000
2017-01-27,63.2400016784668,64.21880340576172,63.1068000793457,64.1167984008789,62.78314971923828,10700000
2017-01-30,63.94599914550781,64.14320373535156,62.84000015258789,64.09239959716797,62.75925827026367,11730000
2017-01-31,63.959999084472656,63.97639846801758,62.761199951171875,63.00519943237305,61.69466781616211,12940000
2017-02-01,63.36360168457031,63.463600158691406,62.514400482177734,63.01240158081055,61.70172882080078,8267500
2017-02-02,62.80120086669922,63.417999267578125,62.68000030517578,62.963600158691406,61.65393829345703,11112500
2017-02-03,63.059600830078125,63.51959991455078,62.91239929199219,63.335201263427734,62.01781463623047,7937500
2017-02-06,63.25360107421875,63.5547981262207,62.85279846191406,63.48720169067383,62.16664505004883,5255000
2017-02-07,63.599998474121094,63.95719909667969,63.52000045776367,63.948001861572266,62.617862701416016,7385000
2017-02-08,63.80720138549805,64.1719970703125,63.560001373291016,64.04759979248047,62.715389251708984,9340000
2017-02-09,64.11360168457031,64.64320373535156,63.922000885009766,64.47319793701172,63.13214111328125,10357500
2017-02-10,64.69879913330078,65.98600006103516,64.56079864501953,65.86039733886719,64.49048614501953,21095000
2017-02-13,66.08000183105469,66.08000183105469,65.5999984741211,65.84719848632812,64.47755432128906,10337500
2017-02-14,65.84719848632812,65.85240173339844,65.2136001586914,65.4916000366211,64.12935638427734,9775000
2017-02-15,65.25199890136719,66.05079650878906,65.12000274658203,65.9583969116211,64.58643341064453,7015000
2017-02-16,65.89800262451172,66.35880279541016,65.69999694824219,65.9552001953125,64.58332061767578,7540000
2017-02-17,65.95120239257812,65.95120239257812,65.36239624023438,65.49600219726562,64.13367462158203,10350000
2017-02-21,65.71920013427734,66.28959655761719,65.4968032836914,65.87999725341797,64.50968170166016,11507500
2017-02-22,65.66079711914062,66.13839721679688,65.55999755859375,66.0696029663086,64.6953353881836,6960000
2017-02-23,66.47599792480469,66.59960174560547,65.33599853515625,65.49040222167969,64.12818145751953,10307500
2017-02-24,65.10199737548828,65.627197265625,64.88079833984375,65.26480102539062,63.90727996826172,14060000
2017-02-27,65.24440002441406,65.41280364990234,64.49639892578125,65.28040313720703,63.92255401611328,20325000
2017-02-28,68.15560150146484,69.93560028076172,67.92400360107422,68.96520233154297,67.53070831298828,43495000
2017-03-01,69.63999938964844,69.68080139160156,69.04920196533203,69.32720184326172,67.88517761230469,15592500
2017-03-02,69.50080108642578,69.8904037475586,69.23200225830078,69.37480163574219,67.93177795410156,12582500
2017-03-03,69.23999786376953,69.68000030517578,69.17639923095703,69.40399932861328,67.96038055419922,7292500
2017-03-06,69.19999694824219,69.4739990234375,69.08000183105469,69.2083969116211,67.76884460449219,8845000
2017-03-07,68.80000305175781,69.50479888916016,68.80000305175781,69.4583969116211,68.01364135742188,7065000
2017-03-08,69.40799713134766,69.98560333251953,69.26679992675781,69.7396011352539,68.28899383544922,10527500
2017-03-09,69.5260009765625,70.25279998779297,69.5260009765625,69.97679901123047,68.5212631225586,10487500
2017-03-10,70.28559875488281,70.3667984008789,70.03240203857422,70.16960144042969,68.71005249023438,8267500
2017-03-13,70.27999877929688,70.89959716796875,70.19760131835938,70.68479919433594,69.21454620361328,8197500
2017-03-14,70.71720123291016,70.79440307617188,70.24960327148438,70.76000213623047,69.28817749023438,8022500
2017-03-15,70.91120147705078,70.9352035522461,70.39119720458984,70.71920013427734,69.24822235107422,8830000
2017-03-16,70.83999633789062,71.0,70.75759887695312,70.95919799804688,69.48323822021484,7555000
2017-03-17,70.98919677734375,70.98919677734375,70.67120361328125,70.90519714355469,69.43035888671875,10365000
2017-03-20,70.94000244140625,71.06759643554688,70.50279998779297,70.61759948730469,69.14874267578125,6560000
2017-03-21,70.87999725341797,70.87999725341797,69.76319885253906,69.8855972290039,68.43196105957031,10820000
2017-03-22,69.8855972290039,70.19599914550781,69.55999755859375,70.07959747314453,68.6219253540039,6945000
2017-03-23,70.11799621582031,70.35199737548828,69.90679931640625,69.93319702148438,68.47856903076172,5522500
2017-03-24,70.14399719238281,70.29959869384766,69.92759704589844,70.12439727783203,68.6657943725586,7510000
2017-03-27,69.44000244140625,70.97360229492188,69.31999969482422,70.87999725341797,69.40567016601562,10010000
2017-03-28,70.70600128173828,71.94999694824219,70.660400390625,71.53800201416016,70.04998779296875,11372500
2017-03-29,71.59320068359375,71.89839935302734,71.33200073242188,71.4020004272461,69.91682434082031,7195000
2017-03-30,71.53919982910156,71.82240295410156,71.18560028076172,71.56800079345703,70.0793685913086,6935000
2017-03-31,71.38960266113281,71.6312026977539,71.15119934082031,71.19879913330078,69.71783447265625,10512500
2017-04-03,71.05039978027344,71.4000015258789,70.6404037475586,70.95960235595703,69.4836196899414,8995000
2017-04-04,70.91960144042969,70.9800033569336,70.4563980102539,70.69519805908203,69.2247085571289,6457500
2017-04-05,70.82640075683594,71.50279998779297,70.3499984741211,70.4708023071289,69.00499725341797,8102500
2017-04-06,70.58999633789062,70.99759674072266,70.21479797363281,70.94080352783203,69.46522521972656,8170000
2017-04-07,70.95760345458984,70.95960235595703,70.45040130615234,70.78240203857422,69.31010437011719,7242500
2017-04-10,70.80000305175781,71.28479766845703,70.68800354003906,71.03880310058594,69.5611801147461,6550000
2017-04-11,70.80039978027344,71.22200012207031,70.26399993896484,70.73600006103516,69.2646713256836,8822500
2017-04-12,70.98320007324219,70.99600219726562,70.00039672851562,70.00039672851562,68.54436492919922,10670000
2017-04-13,70.1852035522461,70.28720092773438,69.53359985351562,69.55079650878906,68.1041259765625,10457500
2017-04-17,69.72000122070312,70.91400146484375,69.58799743652344,70.82440185546875,69.35122680664062,10625000
2017-04-18,70.74359893798828,70.839599609375,70.2155990600586,70.53240203857422,69.0653076171875,7175000
2017-04-19,70.6760025024414,70.84960174560547,70.29640197753906,70.52799987792969,69.06099700927734,7277500
2017-04-20,70.57080078125,70.87439727783203,70.40959930419922,70.43199920654297,68.96699523925781,8665000
2017-04-21,70.39600372314453,70.63880157470703,69.85479736328125,70.08039855957031,68.6227035522461,11487500
2017-04-24,71.13839721679688,72.231201171875,70.95600128173828,71.9448013305664,70.44832611083984,21302500
2017-04-25,72.31120300292969,72.31120300292969,71.8124008178711,71.9636001586914,70.46674346923828,8895000
2017-04-26,71.96800231933594,72.24199676513672,71.72799682617188,72.16480255126953,70.66375732421875,8042500
2017-04-27,72.27999877929688,73.5823974609375,72.01119995117188,73.43479919433594,71.90733337402344,10902500
2017-04-28,74.05960083007812,74.34439849853516,73.53959655761719,73.872802734375,72.33623504638672,11935000
2017-05-01,73.99600219726562,75.6332015991211,73.99600219726562,74.79679870605469,73.24101257324219,12030000
2017-05-02,74.9751968383789,75.31880187988281,74.49800109863281,75.2208023071289,73.65618896484375,6490000
2017-05-03,75.38600158691406,75.39959716796875,74.6187973022461,75.07160186767578,73.51010131835938,7515000
2017-05-04,75.19999694824219,76.71600341796875,74.82319641113281,76.41639709472656,74.82691192626953,16895000
2017-05-05,76.72000122070312,76.8904037475586,75.89520263671875,76.14600372314453,74.5621337890625,14507500
2017-05-08,76.27999877929688,77.08519744873047,75.83999633789062,76.15640258789062,74.57233428955078,14625000
2017-05-09,76.45760345458984,76.63880157470703,75.92160034179688,76.44519805908203,74.85511016845703,19287500
2017-05-10,74.15119934082031,74.15119934082031,72.04000091552734,72.99079895019531,71.47257232666016,44027500
2017-05-11,72.79000091552734,72.99040222167969,72.02839660644531,72.54239654541016,71.03349304199219,19370000
2017-05-12,72.97319793701172,73.10279846191406,72.55999755859375,72.72720336914062,71.2144546508789,15967500
2017-05-15,72.71880340576172,73.0907974243164,72.44000244140625,72.55239868164062,71.04330444335938,13047500
2017-05-16,72.79319763183594,73.40879821777344,72.70240020751953,73.19200134277344,71.6695785522461,12162500
2017-05-17,72.73760223388672,72.81839752197266,71.74400329589844,71.82759857177734,70.33356475830078,15545000
2017-05-18,71.80000305175781,72.56680297851562,71.65599822998047,71.84120178222656,70.34688568115234,12562500
2017-05-19,72.0,72.88880157470703,71.98680114746094,72.3311996459961,70.82669067382812,11442500
2017-05-22,72.63600158691406,73.29840087890625,72.53479766845703,73.13680267333984,71.61553955078125,9180000
2017-05-23,73.0176010131836,73.31919860839844,72.58000183105469,73.11759948730469,71.59672546386719,8655000
2017-05-24,73.16519927978516,74.0,73.16519927978516,73.94960021972656,72.41143035888672,10212500
2017-05-25,74.0,74.81559753417969,73.93599700927734,74.41719818115234,72.8692855834961,13307500
2017-05-26,74.46199798583984,74.7791976928711,74.10559844970703,74.55599975585938,73.00520324707031,10490000
2017-05-30,74.30680084228516,74.5459976196289,73.8239974975586,74.2979965209961,72.7525863647461,12102500
2017-05-31,74.49520111083984,75.08360290527344,74.0,75.08360290527344,73.52184295654297,14022500
2017-06-01,75.12999725341797,75.79080200195312,74.81719970703125,75.63279724121094,74.05960845947266,10845000
2017-06-02,75.96160125732422,76.08000183105469,75.24079895019531,75.8384017944336,74.26094055175781,11582500
2017-06-05,75.5884017944336,76.01000213623047,75.55560302734375,75.66320037841797,74.0893783569336,8190000
2017-06-06,75.55760192871094,76.35679626464844,75.47599792480469,75.59439849853516,74.02202606201172,11490000
2017-06-07,75.60800170898438,75.7936019897461,75.13919830322266,75.61479949951172,74.04199981689453,9502500
2017-06-08,75.76000213623047,75.96520233154297,75.38919830322266,75.69519805908203,74.12071228027344,8475000
2017-06-09,75.5999984741211,75.8124008178711,73.06159973144531,73.68479919433594,72.15213012695312,16675000
2017-06-12,73.4000015258789,73.57879638671875,71.24440002441406,72.51959991455078,71.01116943359375,25045000
2017-06-13,73.0291976928711,74.19080352783203,72.90480041503906,73.74079895019531,72.20697021484375,12800000
2017-06-14,73.80000305175781,74.22239685058594,72.60040283203125,73.26439666748047,71.740478515625,13795000
2017-06-15,72.55999755859375,72.78359985351562,71.66439819335938,72.36799621582031,70.86271667480469,15625000
2017-06-16,72.64320373535156,72.64320373535156,71.89440155029297,72.10440063476562,70.60460662841797,13095000
2017-06-19,72.6312026977539,74.23600006103516,72.48079681396484,74.06400299072266,72.52345275878906,14060000
2017-06-20,74.0,74.35279846191406,73.768798828125,74.02559661865234,72.48583984375,9470000
2017-06-21,74.18360137939453,74.80000305175781,73.92160034179688,74.71119689941406,73.15717315673828,7640000
2017-06-22,74.83200073242188,74.99559783935547,74.44000244140625,74.51719665527344,72.96723175048828,6970000
2017-06-23,74.38200378417969,75.0647964477539,74.20880126953125,74.97119903564453,73.41178131103516,8997500
2017-06-26,75.19999694824219,75.84200286865234,74.70559692382812,75.05359649658203,73.49247741699219,10162500
2017-06-27,74.85160064697266,75.28199768066406,74.10440063476562,74.33000183105469,72.7839126586914,8485000
2017-06-28,74.5864028930664,75.94719696044922,74.47000122070312,75.6083984375,74.03572845458984,12497500
2017-06-29,75.24479675292969,75.58760070800781,74.0199966430664,75.07959747314453,73.51791381835938,12922500
2017-06-30,75.36199951171875,75.48040008544922,74.80159759521484,74.82080078125,73.2645034790039,11530000
2017-07-03,75.10679626464844,75.372802734375,73.44319915771484,73.7251968383789,72.19169616699219,8375000
2017-07-05,73.81999969482422,74.77120208740234,73.65480041503906,74.6404037475586,73.08786010742188,9372500
2017-07-06,74.0459976196289,75.09200286865234,73.80039978027344,74.89199829101562,73.33423614501953,10565000
2017-07-07,74.95439910888672,76.85600280761719,74.95439910888672,76.73999786376953,75.14378356933594,15775000
2017-07-10,76.80000305175781,77.44879913330078,76.4583969116211,76.872802734375,75.27383422851562,9020000
2017-07-11,76.83560180664062,77.34200286865234,76.15599822998047,77.16600036621094,75.56092834472656,7960000
2017-07-12,77.56880187988281,78.05599975585938,77.4800033569336,77.84719848632812,76.22795867919922,8605000
2017-07-13,78.0,78.0,77.38919830322266,77.62799835205078,76.0133056640625,7277500
2017-07-14,77.97879791259766,78.22480010986328,77.71520233154297,78.03479766845703,76.41165161132812,7557500
2017-07-17,77.96440124511719,78.22760009765625,77.53800201416016,77.81839752197266,76.19976043701172,6615000
2017-07-18,77.95999908447266,79.56159973144531,77.9303970336914,79.04959869384766,77.40534210205078,12620000
2017-07-19,79.24720001220703,79.95999908447266,79.216796875,79.68399810791016,78.02656555175781,9027500
2017-07-20,80.01920318603516,80.34600067138672,79.72679901123047,79.96880340576172,78.305419921875,8552500
2017-07-21,79.74079895019531,80.11399841308594,79.6072006225586,79.79560089111328,78.13583374023438,5817500
2017-07-24,79.7959976196289,80.20359802246094,79.69840240478516,80.08039855957031,78.41470336914062,6542500
2017-07-25,80.1875991821289,80.93479919433594,79.81400299072266,80.67639923095703,78.99832153320312,8267500
2017-07-26,80.76959991455078,81.4800033569336,80.70240020751953,81.32839965820312,79.63674926757812,7795000
2017-07-27,81.60199737548828,81.75800323486328,79.83999633789062,81.00360107421875,79.31871032714844,12187500
2017-07-28,81.05879974365234,81.62519836425781,80.31919860839844,80.96240234375,79.27836608886719,12637500
2017-07-31,81.19999694824219,81.31999969482422,80.40959930419922,81.13999938964844,79.4522705078125,12527500
2017-08-01,81.60359954833984,81.65959930419922,80.6803970336914,80.98359680175781,79.29911804199219,9285000
2017-08-02,80.93800354003906,81.0199966430664,80.0,80.85479736328125,79.1729965209961,8857500
2017-08-03,80.83879852294922,81.19999694824219,80.50199890136719,81.11920166015625,79.4319076538086,10772500
2017-08-04,81.24079895019531,81.4188003540039,80.81159973144531,81.31079864501953,79.61951446533203,8330000
2017-08-07,81.38919830322266,81.78040313720703,80.87999725341797,81.70559692382812,80.00611114501953,10057500
2017-08-08,81.76000213623047,82.71959686279297,81.40440368652344,81.95999908447266,80.25521087646484,20765000
2017-08-09,76.42040252685547,76.79959869384766,75.0031967163086,76.27200317382812,74.68553161621094,51620000
2017-08-10,76.00879669189453,76.15440368652344,73.81639862060547,73.98480224609375,72.4458999633789,25265000
2017-08-11,74.11959838867188,74.69599914550781,73.80680084228516,74.16680145263672,72.62410736083984,15505000
2017-08-14,74.7947998046875,75.08000183105469,74.4303970336914,74.95800018310547,73.39884185791016,12147500
2017-08-15,75.1719970703125,75.33999633789062,74.36199951171875,74.43360137939453,72.88536834716797,9220000
2017-08-16,74.77999877929688,74.77999877929688,74.09200286865234,74.22879791259766,72.684814453125,9905000
2017-08-17,74.17880249023438,74.1852035522461,72.45120239257812,72.518798828125,71.01039123535156,16012500
2017-08-18,72.38480377197266,72.80000305175781,72.04000091552734,72.4000015258789,70.89405822753906,12152500
2017-08-21,72.2959976196289,72.80999755859375,71.4800033569336,72.06159973144531,70.56269073486328,11575000
2017-08-22,72.5,72.84719848632812,72.15640258789062,72.72799682617188,71.21524047851562,11885000
2017-08-23,72.6355972290039,72.94760131835938,72.32679748535156,72.52079772949219,71.01233673095703,10550000
2017-08-24,72.52159881591797,72.8988037109375,72.04440307617188,72.62039947509766,71.10987091064453,7925000
2017-08-25,72.91320037841797,72.91320037841797,71.53160095214844,71.73919677734375,70.24700164794922,10580000
2017-08-28,72.0,72.19999694824219,71.2979965209961,71.59639739990234,70.107177734375,12145000
2017-08-29,71.03600311279297,72.44000244140625,70.97599792480469,72.28240203857422,70.77891540527344,12220000
2017-08-30,72.36399841308594,72.75199890136719,72.32599639892578,72.5199966430664,71.01156616210938,8335000
2017-08-31,72.872802734375,74.25399780273438,72.69039916992188,74.08319854736328,72.542236328125,13302500
2017-09-01,74.34239959716797,74.69960021972656,73.94200134277344,74.03279876708984,72.4928970336914,9495000
2017-09-05,73.83000183105469,73.92479705810547,73.03279876708984,73.7155990600586,72.18229675292969,11325000
2017-09-06,72.96119689941406,74.07520294189453,72.24120330810547,73.697998046875,72.1650619506836,12945000
2017-09-07,73.94999694824219,74.15480041503906,73.65039825439453,73.8147964477539,72.27943420410156,8025000
2017-09-08,73.87760162353516,74.16239929199219,73.52239990234375,73.54280090332031,72.01307678222656,7387500
2017-09-11,74.0823974609375,74.80999755859375,74.07559967041016,74.75440216064453,73.1994857788086,14457500
2017-09-12,75.01840209960938,75.31600189208984,74.3280029296875,74.74559783935547,73.19086456298828,8640000
2017-09-13,74.54560089111328,74.93560028076172,74.3667984008789,74.8468017578125,73.28996276855469,5890000
2017-09-14,74.42720031738281,74.61399841308594,73.62439727783203,73.81159973144531,72.27629852294922,12252500
2017-09-15,73.83879852294922,73.90080261230469,73.44039916992188,73.72799682617188,72.1944351196289,9495000
2017-09-18,73.86239624023438,74.71440124511719,73.84600067138672,74.16719818115234,72.62449645996094,7992500
2017-09-19,74.37840270996094,74.54000091552734,73.78399658203125,74.39119720458984,72.84384155273438,7540000
2017-09-20,74.47239685058594,74.91239929199219,74.127197265625,74.64839935302734,73.09569549560547,6347500
2017-09-21,74.7488021850586,75.04000091552734,74.09040069580078,74.65399932861328,73.10118865966797,5580000
2017-09-22,74.58360290527344,74.97799682617188,74.30960083007812,74.48519897460938,72.93588256835938,5902500
2017-09-25,74.24520111083984,74.45559692382812,72.4000015258789,73.18199920654297,71.6597900390625,15360000
2017-09-26,73.41799926757812,73.73719787597656,72.80879974365234,73.03679656982422,71.51761627197266,11317500
2017-09-27,73.26119995117188,73.39080047607422,72.56439971923828,72.75959777832031,71.24617004394531,11025000
2017-09-28,72.40840148925781,72.97480010986328,72.24120330810547,72.46759796142578,70.96025848388672,7790000
2017-09-29,72.5011978149414,73.55999755859375,72.5011978149414,73.23280334472656,71.70954132080078,9437500
2017-10-02,73.54399871826172,74.99800109863281,73.54399871826172,74.29879760742188,72.75335693359375,10825000
2017-10-03,74.27999877929688,74.80000305175781,74.27999877929688,74.70600128173828,73.15210723876953,7157500
2017-10-04,74.6520004272461,75.80000305175781,74.51719665527344,75.5479965209961,73.97657012939453,9487500
2017-10-05,75.78399658203125,76.55879974365234,75.5604019165039,76.3843994140625,74.79558563232422,10525000
2017-10-06,76.37359619140625,76.87999725341797,76.160400390625,76.72000122070312,75.12420654296875,7275000
2017-10-09,76.81199645996094,77.59919738769531,76.68160247802734,77.07720184326172,75.47398376464844,5835000
2017-10-10,77.52320098876953,77.73999786376953,76.47599792480469,76.66600036621094,75.07132720947266,8537500
2017-10-11,76.66200256347656,77.06559753417969,76.31999969482422,76.80799865722656,75.21036529541016,5527500
2017-10-12,76.80799865722656,76.97440338134766,76.53839874267578,76.75800323486328,75.16142272949219,5882500
2017-10-13,77.31079864501953,77.53720092773438,76.80079650878906,77.16239929199219,75.55738830566406,8592500
2017-10-16,77.5999984741211,77.79959869384766,76.9000015258789,77.4219970703125,75.81159973144531,5612500
2017-10-17,77.160400390625,77.54199981689453,77.056396484375,77.3812026977539,75.77166748046875,7110000
2017-10-18,77.42759704589844,78.45800018310547,77.3595962524414,77.67479705810547,76.05915069580078,10320000
2017-10-19,77.36080169677734,77.7396011352539,76.91999816894531,77.1144027709961,75.51041412353516,9137500
2017-10-20,77.67120361328125,77.87560272216797,77.49839782714844,77.68440246582031,76.06855010986328,7675000
2017-10-23,78.0,78.39959716796875,77.2511978149414,77.38200378417969,75.77244567871094,9020000
2017-10-24,77.53559875488281,77.86720275878906,77.10359954833984,77.2916030883789,75.68392181396484,8562500
2017-10-25,77.10320281982422,77.42839813232422,76.52040100097656,77.15239715576172,75.547607421875,6200000
2017-10-26,77.49400329589844,77.80000305175781,77.24040222167969,77.57160186767578,75.95808410644531,9452500
2017-10-27,75.4000015258789,76.10079956054688,74.76000213623047,75.63680267333984,74.06353759765625,22585000
2017-10-30,75.40599822998047,75.67279815673828,74.54920196533203,75.18920135498047,73.62525939941406,11915000
2017-10-31,75.39759826660156,76.54080200195312,74.80000305175781,76.47840118408203,74.88762664794922,10500000
2017-11-01,76.73880004882812,77.10919952392578,76.4375991821289,76.52239990234375,74.93071746826172,9475000
2017-11-02,76.43319702148438,76.70079803466797,76.14759826660156,76.44560241699219,74.85551452636719,7345000
2017-11-03,76.5604019165039,76.6719970703125,75.7427978515625,75.77960205078125,74.20337677001953,12125000
2017-11-06,75.4219970703125,76.19920349121094,75.02239990234375,76.12000274658203,74.53668212890625,25545000
2017-11-07,69.86799621582031,69.91999816894531,65.52400207519531,65.82879638671875,64.45952606201172,83127500
2017-11-08,66.0,66.79920196533203,65.22239685058594,66.44439697265625,65.06233215332031,33310000
2017-11-09,66.2771987915039,68.28880310058594,65.6072006225586,68.12560272216797,66.70857238769531,31045000
2017-11-10,68.0,68.38079833984375,67.30760192871094,67.88999938964844,66.47786712646484,18137500
2017-11-13,67.53600311279297,68.89399719238281,67.3311996459961,68.88600158691406,67.45315551757812,12670000
2017-11-14,68.40080261230469,69.13040161132812,68.39920043945312,68.77999877929688,67.34935760498047,13135000
2017-11-15,68.6312026977539,69.20120239257812,68.24120330810547,69.07119750976562,67.6344985961914,13135000
2017-11-16,69.42160034179688,69.67680358886719,69.09839630126953,69.26599884033203,67.82524871826172,13050000
2017-11-17,69.23999786376953,69.98400115966797,69.09359741210938,69.88880157470703,68.43508911132812,12610000
2017-11-20,70.03959655761719,70.92320251464844,69.91519927978516,70.16079711914062,68.7014389038086,12830000
2017-11-21,70.660400390625,70.85639953613281,70.31999969482422,70.66680145263672,69.19691467285156,13485000
2017-11-22,70.86360168457031,70.99400329589844,70.24120330810547,70.36759948730469,68.90393829345703,9232500
2017-11-24,70.32679748535156,70.62999725341797,70.17520141601562,70.33679962158203,68.87379455566406,4665000
2017-11-27,70.40599822998047,71.08319854736328,69.85559844970703,70.53600311279297,69.06883239746094,11080000
2017-11-28,70.53279876708984,70.69439697265625,70.00440216064453,70.08080291748047,68.62310028076172,8812500
2017-11-29,70.12519836425781,70.12519836425781,68.71880340576172,69.37799835205078,67.93492126464844,13510000
2017-11-30,69.63800048828125,70.00879669189453,69.1803970336914,69.5884017944336,68.14093780517578,11092500
2017-12-01,69.0719985961914,69.45960235595703,68.16480255126953,69.41200256347656,67.96820831298828,9942500
2017-12-04,69.5999984741211,69.9927978515625,68.85199737548828,68.92960357666016,67.49586486816406,12570000
2017-12-05,69.03279876708984,69.6427993774414,68.85759735107422,68.99520111083984,67.5600814819336,9507500
2017-12-06,68.66840362548828,69.09519958496094,68.07599639892578,68.7615966796875,67.3313217163086,9940000
2017-12-07,68.23560333251953,68.8916015625,67.61360168457031,68.78479766845703,67.35405731201172,12605000
2017-12-08,69.18399810791016,69.59120178222656,68.6332015991211,68.7936019897461,67.36268615722656,9645000
2017-12-11,68.82839965820312,69.31999969482422,68.50959777832031,68.62079620361328,67.1934585571289,8142500
2017-12-12,68.5999984741211,69.33599853515625,68.5416030883789,68.94879913330078,67.51465606689453,11430000
2017-12-13,69.27999877929688,69.84439849853516,69.00679779052734,69.70439910888672,68.25453186035156,9650000
2017-12-14,69.79959869384766,70.74120330810547,69.70680236816406,70.43679809570312,68.97168731689453,11470000
2017-12-15,70.802001953125,71.0291976928711,70.33519744873047,70.4000015258789,68.93565368652344,15267500
2017-12-18,71.07479858398438,71.47000122070312,70.7040023803711,71.25399780273438,69.77189636230469,9820000
2017-12-19,71.32440185546875,71.7427978515625,70.7583999633789,71.22480010986328,69.74331665039062,9542500
2017-12-20,71.31600189208984,71.46160125732422,70.82599639892578,70.95999908447266,69.48400115966797,10157500
2017-12-21,71.00559997558594,71.55799865722656,70.92120361328125,71.15160369873047,69.67163848876953,6165000
2017-12-22,71.13480377197266,71.44920349121094,70.92359924316406,71.0103988647461,69.53336334228516,5382500
2017-12-26,70.8927993774414,71.0103988647461,70.10600280761719,70.21279907226562,68.75235748291016,5797500
2017-12-27,70.16960144042969,70.4728012084961,69.95480346679688,70.31520080566406,68.85262298583984,5565000
2017-12-28,70.33599853515625,70.59960174560547,70.17479705810547,70.5635986328125,69.09586334228516,4222500
2017-12-29,70.61759948730469,70.79959869384766,69.49639892578125,69.50959777832031,68.06378936767578,7450000
2018-01-02,70.00360107421875,71.62640380859375,69.77999877929688,71.38999938964844,69.90507507324219,11887500
2018-01-03,71.60919952392578,73.16079711914062,71.4000015258789,72.96640014648438,71.44868469238281,13125000
2018-01-04,73.5416030883789,73.95600128173828,72.0811996459961,72.29000091552734,70.78634643554688,14815000
2018-01-05,72.80719757080078,73.0199966430664,72.23200225830078,72.94159698486328,71.42438507080078,8965000
2018-01-08,73.09960174560547,74.99800109863281,73.00759887695312,74.07240295410156,72.53167724609375,13890000
2018-01-09,74.52799987792969,75.06919860839844,74.30000305175781,74.61160278320312,73.05966186523438,9220000
2018-01-10,74.2208023071289,74.94200134277344,74.216796875,74.91639709472656,73.35811614990234,6855000
2018-01-11,75.19999694824219,76.0344009399414,75.11519622802734,75.7239990234375,74.14891052246094,9647500
2018-01-12,75.92160034179688,77.03919982910156,75.60040283203125,76.7760009765625,75.17904663085938,13882500
2018-01-16,77.22840118408203,77.99320220947266,76.59839630126953,76.77880096435547,75.18177795410156,15122500
2018-01-17,77.10199737548828,78.3583984375,76.74720001220703,77.99600219726562,76.37366485595703,12892500
2018-01-18,77.94599914550781,78.29959869384766,77.03880310058594,77.06839752197266,75.46536254882812,9965000
2018-01-19,77.25920104980469,77.35199737548828,76.04119873046875,76.40840148925781,74.81909942626953,15862500
2018-01-22,76.4000015258789,77.06759643554688,76.04000091552734,76.63079833984375,75.03685760498047,9955000
2018-01-23,77.10199737548828,78.77439880371094,76.99960327148438,78.5176010131836,76.88441467285156,11800000
2018-01-24,79.11640167236328,79.39759826660156,77.70600128173828,78.20960235595703,76.58281707763672,10132500
2018-01-25,78.67520141601562,79.06400299072266,77.81880187988281,77.98680114746094,76.3646469116211,8247500
2018-01-26,78.4395980834961,78.59839630126953,77.79840087890625,78.01920318603516,76.39639282226562,9512500
2018-01-29,77.70680236816406,78.41840362548828,76.8499984741211,77.16919708251953,75.56404876708984,11220000
2018-01-30,76.28479766845703,77.32520294189453,76.01319885253906,76.86119842529297,75.26246643066406,9557500
2018-01-31,77.12039947509766,77.3988037109375,75.83999633789062,76.48200225830078,74.89115905761719,11320000
2018-02-01,76.15959930419922,77.15360260009766,75.73560333251953,76.14759826660156,74.56371307373047,9000000
2018-02-02,75.6052017211914,76.0,74.26280212402344,74.36399841308594,72.81720733642578,12845000
2018-02-05,73.6520004272461,74.90440368652344,72.66000366210938,73.03720092773438,71.51799774169922,13705000
2018-02-06,72.00039672851562,74.55999755859375,72.00039672851562,74.34639739990234,72.79997253417969,14112500
2018-02-07,73.89559936523438,76.01480102539062,73.46720123291016,75.30719757080078,73.74079132080078,12280000
2018-02-08,75.36840057373047,75.57119750976562,72.12039947509766,72.24240112304688,70.73974609375,16927500
2018-02-09,70.71920013427734,72.95999908447266,68.56279754638672,70.5999984741211,69.13151550292969,28437500
2018-02-12,70.95960235595703,72.06759643554688,69.29399871826172,71.5999984741211,70.11071014404297,17057500
2018-02-13,71.16919708251953,72.19319915771484,70.4800033569336,71.91439819335938,70.41856384277344,9380000
2018-02-14,71.3687973022461,73.033203125,70.9207992553711,72.73639678955078,71.22344970703125,11310000
2018-02-15,74.0344009399414,75.03279876708984,73.443603515625,74.80999755859375,73.25392150878906,12282500
2018-02-16,74.98480224609375,77.07479858398438,74.74720001220703,75.4000015258789,73.83164978027344,13977500
2018-02-20,75.32279968261719,76.61280059814453,75.23719787597656,75.78479766845703,74.20845031738281,10200000
2018-02-21,76.53679656982422,76.6416015625,75.22640228271484,75.22720336914062,73.6624526977539,12967500
2018-02-22,75.36759948730469,76.30999755859375,74.82879638671875,75.08560180664062,73.52379608154297,10807500
2018-02-23,75.58920288085938,76.3124008178711,75.00640106201172,76.28079986572266,74.69412994384766,13882500
2018-02-26,76.23799896240234,76.92880249023438,75.90640258789062,76.22560119628906,74.64009857177734,14252500
2018-02-27,75.36000061035156,76.79000091552734,74.80079650878906,76.20040130615234,74.61540222167969,16547500
2018-02-28,82.04000091552734,83.49359893798828,81.36160278320312,81.36160278320312,79.66927337646484,36027500
2018-03-01,81.3843994140625,82.1416015625,79.95320129394531,81.13480377197266,79.44718170166016,20937500
2018-03-02,80.11280059814453,81.51480102539062,79.82319641113281,81.35160064697266,79.65946197509766,16060000
2018-03-05,80.80000305175781,83.08000183105469,80.59559631347656,82.90640258789062,81.18192291259766,15370000
2018-03-06,83.00399780273438,83.83480072021484,82.35240173339844,83.42040252685547,81.68524932861328,13327500
2018-03-07,82.5999984741211,85.11840057373047,82.5999984741211,84.91719818115234,83.15090942382812,14507500
2018-03-08,85.51959991455078,86.76599884033203,85.22720336914062,86.0031967163086,84.21430206298828,14610000
2018-03-09,86.76000213623047,87.11840057373047,86.36280059814453,86.82440185546875,85.0184326171875,12235000
2018-03-12,87.19999694824219,88.7239990234375,86.96279907226562,88.24359893798828,86.40811157226562,13242500
2018-03-13,88.43720245361328,89.15959930419922,86.48719787597656,86.80000305175781,84.99453735351562,12980000
2018-03-14,87.02200317382812,87.783203125,86.49320220947266,87.55599975585938,85.73481750488281,8612500
2018-03-15,87.60040283203125,88.30280303955078,86.84400177001953,87.51080322265625,85.6905517578125,8400000
2018-03-16,87.84760284423828,87.94319915771484,86.79080200195312,86.8595962524414,85.05290222167969,11850000
2018-03-19,86.46479797363281,86.63040161132812,84.99559783935547,85.87560272216797,84.08936309814453,11270000
2018-03-20,85.5780029296875,86.70760345458984,85.52120208740234,85.56439971923828,83.78462982177734,6420000
2018-03-21,85.69200134277344,86.63279724121094,85.3832015991211,85.79920196533203,84.01455688476562,7430000
2018-03-22,85.31559753417969,86.18160247802734,84.07319641113281,84.552001953125,82.79330444335938,11082500
2018-03-23,84.64959716796875,85.55960083007812,83.44560241699219,83.48040008544922,81.7439956665039,10312500
2018-03-26,84.44879913330078,85.69519805908203,83.16079711914062,85.34839630126953,83.5731201171875,7317500
2018-03-27,85.49720001220703,85.6095962524414,82.2603988647461,83.10240173339844,81.37384796142578,10720000
2018-03-28,82.67919921875,83.35679626464844,80.8280029296875,82.1875991821289,80.47806549072266,15812500
2018-03-29,82.38680267333984,83.76719665527344,81.62879943847656,83.2155990600586,81.48469543457031,9895000
2018-04-02,82.81719970703125,82.96040344238281,80.39679718017578,81.2343978881836,79.54470825195312,9307500
2018-04-03,82.0,83.19960021972656,81.44280242919922,82.70279693603516,80.98255920410156,9460000
2018-04-04,81.72840118408203,83.27519989013672,80.56719970703125,82.84040069580078,81.11730194091797,9637500
2018-04-05,83.1011962890625,84.09839630126953,82.83999633789062,83.64360046386719,81.9037857055664,8002500
2018-04-06,82.99600219726562,83.82440185546875,81.02159881591797,81.3364028930664,79.64459228515625,8760000
2018-04-09,82.14959716796875,83.55239868164062,81.80000305175781,81.94960021972656,80.24502563476562,8887500
2018-04-10,83.04080200195312,83.48919677734375,82.31999969482422,83.10359954833984,81.3750228881836,7280000
2018-04-11,82.70559692382812,84.19120025634766,82.60160064697266,83.22599792480469,81.49488830566406,7667500
2018-04-12,83.77799987792969,84.10600280761719,83.28600311279297,83.43240356445312,81.69698333740234,6007500
2018-04-13,84.18679809570312,84.18679809570312,83.0927963256836,83.43440246582031,81.69894409179688,6550000
2018-04-16,83.76439666748047,84.70559692382812,83.43080139160156,83.86360168457031,82.11923217773438,4860000
2018-04-17,84.7959976196289,86.87999725341797,84.5,86.49240112304688,84.69334411621094,10955000
2018-04-18,86.86479949951172,87.44200134277344,86.2488021850586,87.2239990234375,85.40972137451172,7430000
2018-04-19,87.01959991455078,87.44200134277344,86.23880004882812,86.35800170898438,84.56172180175781,6622500
2018-04-20,86.44120025634766,86.69920349121094,84.74479675292969,85.25479888916016,83.4814682006836,10367500
2018-04-23,85.3239974975586,86.01200103759766,84.50759887695312,85.34760284423828,83.57233428955078,6337500
2018-04-24,85.50440216064453,86.0792007446289,82.2052001953125,82.69159698486328,80.9715805053711,9837500
2018-04-25,82.4448013305664,83.59359741210938,81.38240051269531,83.10440063476562,81.37580871582031,6695000
2018-04-26,83.92040252685547,84.64600372314453,83.12039947509766,84.47200012207031,82.71495056152344,8900000
2018-04-27,85.8407974243164,86.87999725341797,84.92359924316406,85.6688003540039,83.8868637084961,11455000
2018-04-30,85.74600219726562,87.72239685058594,85.35240173339844,87.12000274658203,85.3078842163086,11700000
2018-05-01,86.81600189208984,87.2936019897461,86.07160186767578,87.17559814453125,85.36233520507812,6977500
2018-05-02,87.05079650878906,87.4280014038086,85.95960235595703,85.9927978515625,84.20413208007812,6702500
2018-05-03,85.95999908447266,86.45800018310547,84.66799926757812,86.0884017944336,84.2977294921875,6775000
2018-05-04,85.94400024414062,87.15280151367188,85.04000091552734,87.02839660644531,85.21817779541016,7572500
2018-05-07,87.59600067138672,88.07360076904297,86.90360260009766,87.79840087890625,85.97216796875,8622500
2018-05-08,86.9739990234375,87.9520034790039,86.19999694824219,86.46399688720703,84.66551208496094,9860000
2018-05-09,87.4000015258789,87.66320037841797,86.33039855957031,87.34359741210938,85.52682495117188,15897500
2018-05-10,82.0,83.93720245361328,81.88040161132812,83.20079803466797,81.4701919555664,28362500
2018-05-11,83.69280242919922,83.80000305175781,82.55719757080078,82.87960052490234,81.15567779541016,11975000
2018-05-14,82.6688003540039,82.98480224609375,82.20079803466797,82.88079833984375,81.15685272216797,11095000
2018-05-15,82.16400146484375,82.84600067138672,81.38680267333984,82.70999908447266,80.98960876464844,10017500
2018-05-16,82.8135986328125,83.7083969116211,82.622802734375,82.98359680175781,81.25751495361328,7007500
2018-05-17,82.94039916992188,83.93840026855469,82.77159881591797,83.56439971923828,81.82624053955078,7587500
2018-05-18,83.91639709472656,83.91639709472656,82.65360260009766,82.65360260009766,80.93438720703125,6932500
2018-05-21,83.05480194091797,83.13880157470703,82.50039672851562,82.86239624023438,81.13883209228516,8665000
2018-05-22,83.04119873046875,83.29920196533203,82.60440063476562,83.08760070800781,81.35935974121094,7412500
2018-05-23,82.24199676513672,83.46040344238281,82.12000274658203,83.41000366210938,81.675048828125,10267500
2018-05-24,83.4800033569336,83.82039642333984,82.99800109863281,83.53119659423828,81.79371643066406,6990000
2018-05-25,83.36000061035156,84.75640106201172,83.2427978515625,84.42479705810547,82.66874694824219,8612500
2018-05-29,83.78880310058594,84.2040023803711,82.36399841308594,83.04119873046875,81.31392669677734,12192500
2018-05-30,83.4563980102539,84.3364028930664,82.94920349121094,83.91999816894531,82.17444610595703,8567500
2018-05-31,84.00080108642578,84.72039794921875,83.90399932861328,84.35679626464844,82.60214233398438,8850000
2018-06-01,84.839599609375,85.41719818115234,84.72200012207031,85.15760040283203,83.38629913330078,7537500
2018-06-04,85.36000061035156,85.83679962158203,85.0103988647461,85.03199768066406,83.26331329345703,7117500
2018-06-05,85.27799987792969,85.79560089111328,85.04000091552734,85.63960266113281,83.8582763671875,8497500
2018-06-06,85.83399963378906,86.2583999633789,85.16120147705078,86.15119934082031,84.35923767089844,7442500
2018-06-07,86.2863998413086,86.2863998413086,84.87680053710938,85.2791976928711,83.50537109375,7345000
2018-06-08,85.1083984375,85.74800109863281,84.88520050048828,85.46160125732422,83.68399047851562,6395000
2018-06-11,85.55999755859375,85.57440185546875,84.83679962158203,84.97160339355469,83.20417022705078,5882500
2018-06-12,85.0436019897461,85.34639739990234,84.87960052490234,85.27999877929688,83.50615692138672,6395000
2018-06-13,85.36119842529297,85.36119842529297,84.12480163574219,84.25440216064453,82.50187683105469,11432500
2018-06-14,84.58000183105469,85.19960021972656,84.45240020751953,84.92240142822266,83.15599060058594,9690000
2018-06-15,85.04280090332031,85.83280181884766,84.48480224609375,85.65799713134766,83.87628173828125,12900000
2018-06-18,85.0624008178711,86.1531982421875,84.83560180664062,85.80879974365234,84.02397155761719,7195000
2018-06-19,84.95040130615234,85.86920166015625,84.64640045166016,85.57039642333984,83.79051971435547,8972500
2018-06-20,85.95999908447266,86.51640319824219,85.52120208740234,85.83080291748047,84.04550170898438,8702500
2018-06-21,85.82160186767578,86.09880065917969,84.72119903564453,84.89959716796875,83.13367462158203,7882500
2018-06-22,85.20159912109375,85.302001953125,83.83879852294922,84.11399841308594,82.3644027709961,9230000
2018-06-25,83.65039825439453,83.73639678955078,81.24079895019531,82.02079772949219,80.31474304199219,11342500
2018-06-26,81.91999816894531,82.49400329589844,81.31919860839844,81.61519622802734,79.91758728027344,8937500
2018-06-27,81.95719909667969,82.41280364990234,80.05239868164062,80.05999755859375,78.39472198486328,11240000
2018-06-28,79.87999725341797,81.02439880371094,79.19999694824219,80.77960205078125,79.09935760498047,8930000
2018-06-29,81.43800354003906,81.97920227050781,80.95480346679688,81.08360290527344,79.39704132080078,8710000
2018-07-02,80.50679779052734,82.46440124511719,79.75399780273438,81.9176025390625,80.21369934082031,7360000
2018-07-03,82.40599822998047,82.90959930419922,82.03600311279297,82.4092025756836,80.695068359375,5220000
2018-07-05,82.91799926757812,83.00599670410156,82.03959655761719,82.76599884033203,81.04444885253906,6205000
2018-07-06,83.08000183105469,83.58439636230469,82.53679656982422,83.47720336914062,81.74085998535156,6320000
2018-07-09,83.79399871826172,83.96240234375,83.07839965820312,83.26599884033203,81.53404998779297,7132500
2018-07-10,83.43800354003906,83.51119995117188,82.21640014648438,82.56159973144531,80.84429168701172,7127500
2018-07-11,82.27439880371094,82.35919952392578,81.08080291748047,82.11399841308594,80.40601348876953,8317500
2018-07-12,82.49720001220703,82.80159759521484,81.69640350341797,82.2844009399414,80.57286071777344,8927500
2018-07-13,82.11920166015625,82.13040161132812,81.12319946289062,81.25759887695312,79.56741333007812,6782500
2018-07-16,81.23919677734375,81.35600280761719,80.61039733886719,80.80000305175781,79.11934661865234,10280000
2018-07-17,80.02400207519531,81.86319732666016,80.00080108642578,81.2208023071289,79.53140258789062,8812500
2018-07-18,80.98359680175781,81.39920043945312,80.56600189208984,80.9563980102539,79.27249145507812,6645000
2018-07-19,80.65480041503906,80.82759857177734,80.10240173339844,80.42400360107422,78.75116729736328,8677500
2018-07-20,80.35160064697266,81.02680206298828,80.09400177001953,80.38680267333984,78.71473693847656,8982500
2018-07-23,80.2396011352539,80.4219970703125,79.4000015258789,79.83879852294922,78.17813110351562,8250000
2018-07-24,80.36000061035156,81.99960327148438,80.3499984741211,81.05000305175781,79.36414337158203,8450000
2018-07-25,81.17919921875,82.71959686279297,81.16000366210938,82.62760162353516,80.908935546875,8470000
2018-07-26,82.716796875,83.4375991821289,81.6404037475586,83.32520294189453,81.59201049804688,11372500
2018-07-27,84.74240112304688,85.2760009765625,82.40760040283203,83.40119934082031,81.66643524169922,13017500
2018-07-30,83.55999755859375,83.82520294189453,81.09200286865234,81.19599914550781,79.50709533691406,9397500
2018-07-31,81.29440307617188,81.7020034790039,80.29720306396484,81.1488037109375,79.46089172363281,7012500
2018-08-01,81.22599792480469,81.95999908447266,80.4540023803711,80.92520141601562,79.24193572998047,7255000
2018-08-02,80.44760131835938,81.5199966430664,79.87999725341797,81.32279968261719,79.63127136230469,9387500
2018-08-03,81.43080139160156,81.59960174560547,80.8280029296875,81.18840026855469,79.4996566772461,7585000
2018-08-06,81.27999877929688,83.51280212402344,81.06520080566406,83.03399658203125,81.30687713623047,10092500
2018-08-07,83.72000122070312,84.36000061035156,83.04000091552734,83.11959838867188,81.39067840576172,9960000
2018-08-08,83.11479949951172,83.39600372314453,81.66560363769531,81.80000305175781,80.09854888916016,13892500
2018-08-09,76.44000244140625,78.26959991455078,76.04000091552734,77.69560241699219,76.07951354980469,42005000
2018-08-10,76.39399719238281,76.77760314941406,75.60399627685547,75.90640258789062,74.32752990722656,23410000
2018-08-13,76.06880187988281,76.19599914550781,74.08719635009766,74.17040252685547,72.62764739990234,16462500
2018-08-14,74.52559661865234,74.71720123291016,73.29720306396484,73.34200286865234,71.81647491455078,17215000
2018-08-15,72.7979965209961,74.88880157470703,72.62000274658203,74.53959655761719,72.9891586303711,17155000
2018-08-16,74.91999816894531,75.38240051269531,72.88480377197266,72.99960327148438,71.48119354248047,23535000
2018-08-17,72.88600158691406,73.7063980102539,72.6416015625,73.627197265625,72.0957260131836,15382500
2018-08-20,73.77040100097656,75.14959716796875,73.62560272216797,74.34400177001953,72.79761505126953,12332500
2018-08-21,74.95999908447266,76.06400299072266,74.83999633789062,75.92320251464844,74.34396362304688,13935000
2018-08-22,75.97760009765625,77.05560302734375,75.92359924316406,76.68000030517578,75.08502197265625,11537500
2018-08-23,76.40080261230469,77.19999694824219,75.69239807128906,75.7959976196289,74.21942138671875,10675000
2018-08-24,76.01640319824219,76.7676010131836,76.01640319824219,76.13359832763672,74.55000305175781,10285000
2018-08-27,76.55960083007812,77.55159759521484,76.55960083007812,77.4280014038086,75.8174819946289,8517500
2018-08-28,77.74839782714844,77.77999877929688,77.00080108642578,77.24919891357422,75.64240264892578,6627500
2018-08-29,77.17880249023438,78.13079833984375,77.17880249023438,77.76119995117188,76.14374542236328,6785000
2018-08-30,77.58439636230469,78.31759643554688,77.26959991455078,77.76000213623047,76.14257049560547,6672500
2018-08-31,77.55480194091797,78.1156005859375,77.55480194091797,78.06199645996094,76.43828582763672,7617500
2018-09-04,78.02439880371094,78.04199981689453,76.85600280761719,77.01439666748047,75.4124755859375,9737500
2018-09-05,77.1187973022461,77.1187973022461,75.58439636230469,75.68720245361328,74.1128921508789,13252500
2018-09-06,75.63520050048828,76.43319702148438,74.87439727783203,76.37999725341797,74.79127502441406,10297500
2018-09-07,75.8196029663086,76.91919708251953,75.58399963378906,76.07240295410156,74.49008178710938,8705000
2018-09-10,76.60279846191406,76.64080047607422,74.87640380859375,75.03040313720703,73.4697494506836,9775000
2018-09-11,74.7947998046875,75.5031967163086,73.85440063476562,75.23719787597656,73.6722412109375,9405000
2018-09-12,74.9364013671875,75.5811996459961,74.68679809570312,75.04319763183594,73.4822769165039,12590000
2018-09-13,75.56600189208984,76.37039947509766,75.05599975585938,75.30439758300781,73.7380599975586,9835000
2018-09-14,75.48719787597656,76.74839782714844,75.33519744873047,76.65080261230469,75.05644226074219,9800000
2018-09-17,76.71759796142578,76.79759979248047,75.17279815673828,75.63040161132812,74.0572738647461,10440000
2018-09-18,75.86640167236328,76.72160339355469,75.55400085449219,76.44439697265625,74.8543472290039,7467500
2018-09-19,76.03800201416016,77.3311996459961,75.53559875488281,77.07119750976562,75.46808624267578,6707500
2018-09-20,77.59960174560547,78.34400177001953,77.32039642333984,77.90959930419922,76.28905487060547,8210000
2018-09-21,78.23999786376953,78.48480224609375,77.58439636230469,78.26959991455078,76.64156341552734,14935000
2018-09-24,77.5199966430664,78.92279815673828,76.93440246582031,78.35040283203125,76.720703125,10962500
2018-09-25,78.56839752197266,78.90440368652344,78.0884017944336,78.20040130615234,76.57381439208984,9500000
2018-09-26,78.4092025756836,79.45760345458984,78.13600158691406,78.70040130615234,77.06342315673828,7590000
2018-09-27,78.99199676513672,79.59159851074219,78.63919830322266,78.77359771728516,77.13507080078125,8645000
2018-09-28,78.98480224609375,79.62960052490234,78.58480072021484,79.36000061035156,77.70929718017578,10415000
2018-10-01,79.9092025756836,80.68440246582031,79.49320220947266,79.56839752197266,77.91336059570312,7775000
2018-10-02,79.19960021972656,79.85600280761719,79.04759979248047,79.0635986328125,77.4190673828125,7432500
2018-10-03,79.32240295410156,79.50039672851562,78.87999725341797,78.90519714355469,77.26394653320312,8770000
2018-10-04,78.5999984741211,78.79959869384766,77.19560241699219,77.33599853515625,75.7273941040039,11085000
2018-10-05,77.31880187988281,77.57879638671875,76.00479888916016,76.15360260009766,74.56958770751953,9690000
2018-10-08,75.80000305175781,76.6760025024414,75.23919677734375,76.03600311279297,74.45443725585938,8087500
2018-10-09,76.04000091552734,76.62640380859375,74.76840209960938,74.81999969482422,73.26371002197266,8195000
2018-10-10,74.5999984741211,74.62960052490234,71.41840362548828,71.54959869384766,70.06134033203125,15882500
2018-10-11,71.18479919433594,72.32080078125,70.2863998413086,71.26840209960938,69.78600311279297,15325000
2018-10-12,72.59480285644531,73.16200256347656,71.67120361328125,72.28679656982422,70.78321075439453,17465000
2018-10-15,72.14320373535156,73.05000305175781,71.60079956054688,72.45320129394531,70.9461669921875,10177500
2018-10-16,73.0,73.42559814453125,72.7959976196289,73.21080017089844,71.68800354003906,8985000
2018-10-17,73.3759994506836,74.33159637451172,72.94000244140625,74.02040100097656,72.48075103759766,8165000
2018-10-18,74.12439727783203,74.36000061035156,72.32360076904297,72.46839904785156,70.9610366821289,8795000
2018-10-19,72.69159698486328,73.44080352783203,71.83999633789062,72.22959899902344,70.72721862792969,6552500
2018-10-22,72.4352035522461,74.0447998046875,72.2947998046875,73.09159851074219,71.57128143310547,6730000
2018-10-23,71.48159790039062,73.66079711914062,71.42680358886719,73.19999694824219,71.67742156982422,10120000
2018-10-24,73.12840270996094,73.88839721679688,69.82520294189453,70.14320373535156,68.6842041015625,13337500
2018-10-25,70.83159637451172,72.58719635009766,70.40039825439453,72.18119812011719,70.67981719970703,11760000
2018-10-26,71.5999984741211,72.0479965209961,70.04319763183594,70.8323974609375,69.35907745361328,13145000
2018-10-29,72.03119659423828,73.63200378417969,70.3927993774414,71.52120208740234,70.0335464477539,11667500
2018-10-30,71.61599731445312,74.20439910888672,71.0,73.44000244140625,71.91242218017578,10825000
2018-10-31,73.95999908447266,75.92160034179688,73.8051986694336,74.98320007324219,73.42354583740234,11592500
2018-11-01,75.30919647216797,76.32360076904297,74.74639892578125,75.84359741210938,74.26602172851562,8730000
2018-11-02,76.05919647216797,76.19840240478516,74.27519989013672,75.00039672851562,73.44037628173828,8850000
2018-11-05,74.95040130615234,75.40599822998047,73.5436019897461,74.84480285644531,73.28801727294922,16987500
2018-11-06,79.5416030883789,80.39959716796875,77.84880065917969,77.97840118408203,76.35643005371094,22525000
2018-11-07,78.93000030517578,80.6259994506836,78.63520050048828,79.92680358886719,78.26431274414062,15412500
2018-11-08,79.6447982788086,80.7791976928711,79.00279998779297,79.10440063476562,77.4590072631836,10465000
2018-11-09,78.69999694824219,78.9540023803711,76.88839721679688,77.50559997558594,75.89347076416016,9262500
2018-11-12,77.12519836425781,77.55680084228516,75.67440032958984,76.2511978149414,74.66515350341797,10022500
2018-11-13,76.64360046386719,77.24359893798828,76.16919708251953,76.4031982421875,74.81398010253906,10260000
2018-11-14,77.30359649658203,77.4000015258789,75.40440368652344,75.53479766845703,73.96365356445312,7525000
2018-11-15,74.88040161132812,75.96520233154297,73.61799621582031,75.55480194091797,73.98324584960938,9172500
2018-11-16,74.5979995727539,74.9823989868164,73.26000213623047,74.21279907226562,72.66915130615234,8367500
2018-11-19,74.18599700927734,75.0,71.19280242919922,71.19999694824219,69.71900939941406,13962500
2018-11-20,70.4520034790039,71.22560119628906,69.07119750976562,70.01719665527344,68.56082153320312,20747500
2018-11-21,71.17120361328125,71.55359649658203,70.27079772949219,70.41600036621094,68.95132446289062,9220000
2018-11-23,70.02880096435547,71.056396484375,69.49040222167969,70.56320190429688,69.0954818725586,4015000
2018-11-26,71.12359619140625,72.74839782714844,70.6707992553711,72.09760284423828,70.59794616699219,11297500
2018-11-27,71.7427978515625,73.29640197753906,71.59120178222656,72.9843978881836,71.46631622314453,9925000
2018-11-28,73.13040161132812,75.0363998413086,72.66200256347656,74.77799987792969,73.22260284423828,8712500
2018-11-29,74.63999938964844,75.40599822998047,74.38839721679688,74.60600280761719,73.0541763305664,8952500
2018-11-30,74.73280334472656,75.8843994140625,74.11199951171875,75.67520141601562,74.10114288330078,9025000
2018-12-03,77.018798828125,77.83360290527344,76.6144027709961,76.78800201416016,75.1907958984375,13387500
2018-12-04,76.71199798583984,77.02159881591797,74.11720275878906,74.52559661865234,72.97542572021484,8885000
2018-12-06,73.58560180664062,75.58039855957031,72.71520233154297,75.28959655761719,73.72355651855469,9920000
2018-12-07,74.68879699707031,75.2863998413086,72.59960174560547,73.38040161132812,71.85407257080078,10235000
2018-12-10,73.32160186767578,74.11360168457031,72.45040130615234,73.04039764404297,71.52113342285156,10792500
2018-12-11,73.59320068359375,75.11959838867188,73.37239837646484,74.09400177001953,72.55281066894531,6605000
2018-12-12,75.3656005859375,75.76080322265625,73.68000030517578,74.24600219726562,72.70166015625,8147500
2018-12-13,74.58399963378906,74.62439727783203,72.8511962890625,73.32279968261719,71.79767608642578,9040000
2018-12-14,72.2760009765625,73.3311996459961,71.86160278320312,72.28559875488281,70.78205108642578,9977500
2018-12-17,71.86640167236328,72.27839660644531,68.04039764404297,69.58080291748047,68.13350677490234,15822500
2018-12-18,70.08920288085938,71.98560333251953,69.4800033569336,70.77680206298828,69.30463409423828,9797500
2018-12-19,70.77680206298828,72.2656021118164,68.2699966430664,69.46520233154297,68.02030944824219,13102500
2018-12-20,69.08039855957031,69.60040283203125,67.4303970336914,68.20719909667969,66.78848266601562,11845000
2018-12-21,68.18479919433594,68.6355972290039,64.6864013671875,65.33560180664062,63.97660446166992,26092500
2018-12-24,64.86720275878906,65.9636001586914,64.25080108642578,64.67320251464844,63.327980041503906,9680000
2018-12-26,65.16960144042969,68.20040130615234,65.05599975585938,68.12999725341797,66.71288299560547,10340000
2018-12-27,66.79119873046875,68.78720092773438,66.67520141601562,68.71199798583984,67.28276824951172,7912500
2018-12-28,68.99600219726562,69.37000274658203,68.07039642333984,68.6332015991211,67.20561218261719,7025000
2018-12-31,69.21920013427734,69.58799743652344,68.49960327148438,68.89679718017578,67.46372985839844,7005000
2019-01-02,67.6500015258789,69.4708023071289,67.63359832763672,68.86799621582031,67.43553161621094,7815000
2019-01-03,68.18599700927734,68.5072021484375,66.31919860839844,66.5248031616211,65.14106750488281,11130000
2019-01-04,67.4448013305664,69.48320007324219,67.1447982788086,68.7020034790039,67.27297973632812,13525000
2019-01-07,68.86959838867188,69.25599670410156,68.14399719238281,68.4728012084961,67.04855346679688,8370000
2019-01-08,69.20159912109375,70.2396011352539,67.24600219726562,67.47679901123047,66.07325744628906,16310000
2019-01-09,65.69400024414062,67.31520080566406,65.48079681396484,65.97959899902344,64.60720825195312,19657500
2019-01-10,65.5999984741211,67.43920135498047,65.5999984741211,67.09320068359375,65.69764709472656,11492500
2019-01-11,66.82360076904297,67.12200164794922,66.19719696044922,66.6355972290039,65.24956512451172,8280000
2019-01-14,65.90239715576172,68.35320281982422,65.80000305175781,67.71520233154297,66.30670928955078,10980000
2019-01-15,67.80000305175781,68.16719818115234,67.26239776611328,67.93240356445312,66.5193862915039,10902500
2019-01-16,67.73680114746094,67.92880249023438,67.06159973144531,67.2228012084961,65.82454681396484,12592500
2019-01-17,67.26920318603516,69.51640319824219,67.06159973144531,68.98040008544922,67.54558563232422,9080000
2019-01-18,69.88079833984375,71.07360076904297,69.5,70.410400390625,68.94585418701172,13815000
2019-01-22,69.72720336914062,70.38680267333984,67.6592025756836,68.35919952392578,66.93732452392578,18950000
2019-01-23,68.69000244140625,69.86319732666016,68.60440063476562,69.77239990234375,68.32112121582031,10947500
2019-01-24,69.95919799804688,72.20719909667969,69.9552001953125,71.82679748535156,70.33277893066406,17392500
2019-01-25,72.47959899902344,73.36319732666016,71.96040344238281,72.08799743652344,70.58853912353516,12080000
2019-01-28,71.50479888916016,73.4000015258789,71.20719909667969,72.54399871826172,71.03507232666016,9695000
2019-01-29,72.66480255126953,72.81600189208984,71.76799774169922,72.35199737548828,70.84705352783203,5307500
2019-01-30,73.01319885253906,73.41919708251953,72.22319793701172,72.74800109863281,71.23482513427734,7512500
2019-01-31,72.8147964477539,74.04720306396484,72.8147964477539,73.3124008178711,71.78748321533203,7872500
2019-02-01,72.96199798583984,74.48280334472656,72.84600067138672,73.47840118408203,71.95002746582031,6955000
2019-02-04,73.6156005859375,74.49040222167969,73.5176010131836,74.4395980834961,72.89124298095703,7987500
2019-02-05,75.5011978149414,76.64920043945312,75.19719696044922,76.09040069580078,74.50770568847656,12197500
2019-02-06,75.83760070800781,76.4000015258789,74.99120330810547,76.2771987915039,74.69062042236328,6075000
2019-02-07,75.68399810791016,76.0260009765625,74.48040008544922,75.0823974609375,73.52066040039062,9065000
2019-02-08,75.6948013305664,75.99960327148438,74.48040008544922,74.84359741210938,73.28682708740234,6900000
2019-02-11,74.92520141601562,75.22760009765625,74.27960205078125,74.5999984741211,73.04830169677734,8192500
2019-02-12,75.07319641113281,76.0,74.46839904785156,75.81159973144531,74.23468780517578,6555000
2019-02-13,75.97160339355469,76.95999908447266,75.95079803466797,76.79879760742188,75.20136260986328,6932500
2019-02-14,76.39520263671875,76.90519714355469,76.04000091552734,76.09320068359375,74.51043701171875,5222500
2019-02-15,77.01319885253906,77.38600158691406,75.94280242919922,77.3427963256836,75.73404693603516,8295000
2019-02-19,77.10240173339844,78.07440185546875,76.36720275878906,77.41999816894531,75.80963897705078,8460000
2019-02-20,77.46040344238281,77.79959869384766,76.80000305175781,77.04679870605469,75.4442138671875,8055000
2019-02-21,76.98600006103516,77.30599975585938,76.0115966796875,76.25240325927734,74.66633605957031,10352500
2019-02-22,76.81520080566406,76.9563980102539,75.88839721679688,76.4207992553711,74.83123779296875,9645000
2019-02-25,77.14520263671875,77.39320373535156,75.43319702148438,75.6011962890625,74.02867889404297,11352500
2019-02-26,75.43319702148438,76.79319763183594,75.43319702148438,76.62920379638672,75.03529357910156,9150000
2019-02-27,76.23999786376953,78.08999633789062,75.88040161132812,76.23999786376953,74.65419006347656,18765000
2019-02-28,70.16000366210938,70.55560302734375,67.68000030517578,67.88159942626953,66.46964263916016,49745000
2019-03-01,68.3280029296875,69.0531997680664,67.91999816894531,68.56320190429688,67.13707733154297,31202500
2019-03-04,68.94640350341797,69.19999694824219,67.60160064697266,68.31279754638672,66.89187622070312,26085000
2019-03-05,68.5999984741211,69.94920349121094,68.37480163574219,69.83719635009766,68.38457489013672,15490000
2019-03-06,69.93479919433594,70.63279724121094,69.81159973144531,70.0647964477539,68.607421875,15535000
2019-03-07,69.86000061035156,70.26840209960938,68.77120208740234,69.00039672851562,67.5651626586914,14972500
2019-03-08,68.32160186767578,68.78040313720703,67.71720123291016,68.63279724121094,67.20520782470703,19330000
2019-03-11,68.86759948730469,68.95960235595703,67.73280334472656,68.39600372314453,66.97335052490234,17030000
2019-03-12,68.38880157470703,69.61519622802734,67.57759857177734,69.44000244140625,67.9956283569336,17482500
2019-03-13,69.61759948730469,70.7936019897461,69.58439636230469,70.42839813232422,68.96346282958984,17022500
2019-03-14,70.7531967163086,71.28679656982422,69.54920196533203,69.75520324707031,68.30427551269531,13017500
2019-03-15,70.07160186767578,70.32279968261719,69.768798828125,70.08679962158203,68.62898254394531,19002500
2019-03-18,70.30840301513672,70.6240005493164,70.11239624023438,70.2531967163086,68.79191589355469,10075000
2019-03-19,70.04199981689453,71.49199676513672,69.60559844970703,70.56120300292969,69.09349822998047,12477500
2019-03-20,70.67120361328125,71.2396011352539,70.04519653320312,70.97720336914062,69.5008544921875,9730000
2019-03-21,70.63200378417969,71.38600158691406,70.44039916992188,70.97440338134766,69.49813079833984,10000000
2019-03-22,70.1615982055664,70.44719696044922,68.443603515625,68.86360168457031,67.43122863769531,16402500
2019-03-25,68.5604019165039,70.39520263671875,68.5083999633789,70.09559631347656,68.63760375976562,13992500
2019-03-26,70.447998046875,71.35440063476562,70.3687973022461,70.75479888916016,69.2830810546875,11560000
2019-03-27,70.75920104980469,71.47840118408203,69.84839630126953,70.08439636230469,68.62661743164062,8887500
2019-03-28,70.39959716796875,70.62319946289062,69.089599609375,69.15560150146484,67.71714782714844,10432500
2019-03-29,69.46399688720703,70.26119995117188,69.33719635009766,69.79640197753906,68.34461975097656,11002500
2019-04-01,70.20320129394531,70.87879943847656,69.92400360107422,70.36920166015625,68.90550994873047,12560000
2019-04-02,70.64119720458984,70.86280059814453,70.04959869384766,70.54199981689453,69.07470703125,12315000
2019-04-03,71.13880157470703,71.84559631347656,70.7603988647461,70.99720001220703,69.52044677734375,12155000
2019-04-04,71.01239776611328,71.64759826660156,70.69999694824219,71.2239990234375,69.74252319335938,9330000
2019-04-05,71.52120208740234,71.52120208740234,70.73519897460938,70.77799987792969,69.30579376220703,9145000
2019-04-08,70.716796875,71.72360229492188,70.65599822998047,71.54879760742188,70.0605697631836,8100000
2019-04-09,71.06999969482422,71.87519836425781,70.70600128173828,71.77880096435547,70.28578186035156,9462500
2019-04-10,71.75399780273438,72.35919952392578,70.88040161132812,72.23999786376953,70.73738098144531,9817500
2019-04-11,72.4000015258789,72.93599700927734,72.24600219726562,72.74359893798828,71.23050689697266,10525000
2019-04-12,73.11479949951172,73.91999816894531,73.08560180664062,73.32279968261719,71.79767608642578,10337500
2019-04-15,73.36000061035156,73.92559814453125,73.03800201416016,73.84919738769531,72.31311798095703,9657500
2019-04-16,74.0719985961914,74.53199768066406,73.56559753417969,73.66799926757812,72.13568115234375,10412500
2019-04-17,73.94519805908203,74.24919891357422,73.50440216064453,73.59159851074219,72.06088256835938,8105000
2019-04-18,73.90560150146484,74.16919708251953,73.59359741210938,73.77239990234375,72.23789978027344,8615000
2019-04-22,73.3572006225586,74.12799835205078,73.2416000366211,73.76679992675781,72.23242950439453,7897500
2019-04-23,73.96920013427734,75.81120300292969,73.89360046386719,75.50920104980469,73.9385986328125,13732500
2019-04-24,75.48560333251953,75.75920104980469,74.54399871826172,74.69120025634766,73.13760375976562,12665000
2019-04-25,74.82599639892578,75.39240264892578,74.2771987915039,74.65039825439453,73.09764862060547,9610000
2019-04-26,74.7239990234375,75.33999633789062,74.00039672851562,74.72000122070312,73.16580963134766,13527500
2019-04-29,74.79239654541016,75.4000015258789,74.62480163574219,75.05280303955078,73.49168395996094,10822500
2019-04-30,74.87999725341797,75.56400299072266,74.08799743652344,74.19960021972656,72.6562271118164,10560000
2019-05-01,74.30280303955078,74.61959838867188,73.12760162353516,73.18080139160156,71.65863037109375,10185000
2019-05-02,72.98639678955078,73.21720123291016,72.0072021484375,72.31999969482422,70.81571960449219,13225000
2019-05-03,72.64679718017578,73.19840240478516,72.56999969482422,72.96279907226562,71.44514465332031,12402500
2019-05-06,71.9583969116211,72.46800231933594,71.28119659423828,72.02040100097656,70.52234649658203,13502500
2019-05-07,71.25800323486328,72.02320098876953,70.84839630126953,71.4000015258789,69.91486358642578,11930000
2019-05-08,70.60040283203125,70.86479949951172,69.83999633789062,70.06520080566406,68.6078109741211,11615000
2019-05-09,69.17720031738281,70.04399871826172,68.60040283203125,69.44120025634766,67.99681091308594,15697500
2019-05-10,73.0,74.4000015258789,70.62480163574219,73.19400024414062,71.67156982421875,29210000
2019-05-13,72.0,72.57160186767578,70.80000305175781,71.09040069580078,69.61170196533203,12325000
2019-05-14,71.48480224609375,72.59200286865234,71.26799774169922,71.7468032836914,70.25445556640625,10260000
2019-05-15,71.14399719238281,72.0635986328125,70.40039825439453,71.57720184326172,70.08837127685547,9520000
2019-05-16,71.5999984741211,72.6719970703125,71.5999984741211,72.13240051269531,70.63203430175781,7625000
2019-05-17,71.45480346679688,72.77680206298828,71.4000015258789,71.4916000366211,70.00456237792969,8655000
2019-05-20,70.78919982910156,70.80000305175781,69.84719848632812,70.08920288085938,68.6313247680664,8800000
2019-05-21,70.49359893798828,71.3407974243164,70.28919982910156,70.88760375976562,69.41313171386719,8515000
2019-05-22,70.29399871826172,71.0,69.71640014648438,69.80079650878906,68.34893035888672,9197500
2019-05-23,69.87799835205078,69.87799835205078,68.20600128173828,68.67720031738281,67.24868774414062,12095000
2019-05-24,69.26080322265625,69.26319885253906,68.30359649658203,68.33920288085938,66.917724609375,6732500
2019-05-28,68.30359649658203,69.1592025756836,67.41519927978516,67.43199920654297,66.02938842773438,9770000
2019-05-29,67.07720184326172,67.58080291748047,66.4884033203125,67.43679809570312,66.03409576416016,7937500
2019-05-30,67.4800033569336,67.74040222167969,66.81079864501953,66.92240142822266,65.53038787841797,6645000
2019-05-31,66.00399780273438,66.48560333251953,65.62159729003906,66.2488021850586,64.87081146240234,9160000
2019-06-03,66.33999633789062,67.68840026855469,65.9352035522461,66.01840209960938,64.64520263671875,11557500
2019-06-04,66.94000244140625,69.93240356445312,66.94000244140625,69.8812026977539,68.42766571044922,16200000
2019-06-05,70.2300033569336,70.6875991821289,69.443603515625,70.5999984741211,69.13151550292969,9717500
2019-06-06,70.6404037475586,70.66519927978516,69.85559844970703,70.19439697265625,68.73433685302734,8392500
2019-06-07,70.61000061035156,71.58760070800781,70.25240325927734,71.13159942626953,69.65205383300781,8440000
2019-06-10,71.30280303955078,72.57640075683594,71.13200378417969,71.24479675292969,69.76289367675781,7457500
2019-06-11,71.9800033569336,72.50640106201172,71.64360046386719,72.14520263671875,70.6445541381836,8775000
2019-06-12,72.16680145263672,72.55999755859375,71.16519927978516,71.95600128173828,70.45928192138672,5307500
2019-06-13,72.08200073242188,73.57360076904297,72.08200073242188,72.38079833984375,70.87525939941406,7980000
2019-06-14,72.3280029296875,72.46720123291016,70.9092025756836,71.0199966430664,69.54277038574219,8137500
2019-06-17,71.04000091552734,71.49639892578125,70.72000122070312,71.25640106201172,69.77424621582031,7030000
2019-06-18,72.33519744873047,72.86799621582031,71.63719940185547,72.3595962524414,70.85449981689453,10320000
2019-06-19,72.4800033569336,73.77639770507812,72.36360168457031,73.68240356445312,72.1497802734375,10505000
2019-06-20,74.48280334472656,74.877197265625,73.79000091552734,74.45240020751953,72.90377807617188,13625000
2019-06-21,74.37439727783203,75.32759857177734,73.98359680175781,75.19999694824219,73.63581848144531,18895000
2019-06-24,75.23880004882812,75.57319641113281,74.77279663085938,74.8323974609375,73.27586364746094,8780000
2019-06-25,75.23320007324219,75.39959716796875,73.64199829101562,73.81880187988281,72.28336334228516,8055000
2019-06-26,73.93199920654297,74.72599792480469,73.1355972290039,73.20880126953125,71.68602752685547,6937500
2019-06-27,73.4000015258789,74.3499984741211,73.31320190429688,73.80680084228516,72.27159118652344,10677500
2019-06-28,74.10320281982422,75.08000183105469,73.79319763183594,74.9884033203125,73.42861938476562,15342500
2019-07-01,76.0,76.23999786376953,75.33760070800781,75.93679809570312,74.35729217529297,11362500
2019-07-02,76.089599609375,76.4000015258789,75.57679748535156,76.3196029663086,74.73213195800781,5550000
2019-07-03,76.2488021850586,76.9843978881836,76.19999694824219,76.78600311279297,75.18883514404297,4322500
2019-07-05,76.19039916992188,77.14440155029297,76.056396484375,76.98999786376953,75.3885726928711,4255000
2019-07-08,76.74919891357422,76.87999725341797,75.0,75.03040313720703,73.4697494506836,8577500
2019-07-09,74.91999816894531,75.589599609375,74.6404037475586,75.11479949951172,73.5523910522461,9020000
2019-07-10,75.62079620361328,75.71959686279297,74.3552017211914,74.77559661865234,73.22023010253906,7980000
2019-07-11,75.01799774169922,75.16400146484375,74.74919891357422,74.966796875,73.407470703125,6760000
2019-07-12,75.12079620361328,75.39920043945312,74.77960205078125,75.29920196533203,73.73295593261719,6705000
2019-07-15,75.27559661865234,75.40959930419922,74.8916015625,75.27639770507812,73.71062469482422,7105000
2019-07-16,75.19560241699219,75.88880157470703,75.02279663085938,75.55599975585938,73.98442077636719,6477500
2019-07-17,75.51000213623047,75.88359832763672,74.66120147705078,74.70960235595703,73.15562438964844,7120000
2019-07-18,74.47319793701172,75.82720184326172,74.47319793701172,75.4364013671875,73.8673095703125,5765000
2019-07-19,75.84120178222656,76.0635986328125,75.28359985351562,75.28359985351562,73.71769714355469,4950000
2019-07-22,75.34600067138672,76.26399993896484,75.30960083007812,75.74800109863281,74.17242431640625,6985000
2019-07-23,75.94519805908203,76.41519927978516,75.5176010131836,76.01000213623047,74.4289779663086,5487500
2019-07-24,75.85040283203125,76.83319854736328,75.85040283203125,76.7699966430664,75.17317199707031,5302500
2019-07-25,76.47959899902344,77.15640258789062,76.20120239257812,77.04519653320312,75.44264221191406,6202500
2019-07-26,77.5999984741211,78.79519653320312,77.5999984741211,78.67400360107422,77.0375747680664,9545000
2019-07-29,78.3511962890625,78.51920318603516,76.32759857177734,76.78199768066406,75.18489837646484,7622500
2019-07-30,76.39440155029297,77.0115966796875,76.14360046386719,76.6635971069336,75.06896209716797,5187500
2019-07-31,76.2531967163086,76.61920166015625,74.65080261230469,75.46440124511719,73.89471435546875,6750000
2019-08-01,75.4188003540039,76.69960021972656,74.70960235595703,75.19439697265625,73.63033294677734,5960000
2019-08-02,74.96440124511719,74.99919891357422,73.57559967041016,73.84320068359375,72.30723571777344,7605000
2019-08-05,72.79920196533203,72.79920196533203,70.92359924316406,71.54399871826172,70.05585479736328,10785000
2019-08-06,71.96800231933594,72.63960266113281,70.69280242919922,71.46080017089844,69.97439575195312,9847500
2019-08-07,70.33599853515625,73.0479965209961,70.19999694824219,72.86239624023438,71.34684753417969,13557500
2019-08-08,76.0,78.35240173339844,75.80000305175781,77.6404037475586,76.02546691894531,19925000
2019-08-09,77.06159973144531,77.10479736328125,75.88040161132812,76.70760345458984,75.11207580566406,10050000
2019-08-12,76.0176010131836,77.07160186767578,75.64679718017578,76.67559814453125,75.08072662353516,7027500
2019-08-13,76.30680084228516,78.55599975585938,76.30680084228516,77.72760009765625,76.11084747314453,9607500
2019-08-14,76.34239959716797,77.04920196533203,75.59839630126953,75.64759826660156,74.07411193847656,11010000
2019-08-15,76.0011978149414,76.78839874267578,74.95480346679688,76.18679809570312,74.60209655761719,7262500
2019-08-16,77.16000366210938,77.4583969116211,76.20040130615234,76.88760375976562,75.28831481933594,6020000
2019-08-19,77.7947998046875,78.39520263671875,77.25640106201172,77.74919891357422,76.13200378417969,7085000
2019-08-20,77.70040130615234,78.08480072021484,77.16840362548828,77.3759994506836,75.76655578613281,5760000
2019-08-21,77.82759857177734,78.30400085449219,77.58799743652344,78.2300033569336,76.60279846191406,5075000
2019-08-22,78.49800109863281,78.70079803466797,77.13200378417969,78.09880065917969,76.47432708740234,5115000
2019-08-23,77.71920013427734,78.07720184326172,75.72319793701172,75.9468002319336,74.36708068847656,7585000
2019-08-26,76.72959899902344,76.73999786376953,76.08879852294922,76.67240142822266,75.07759094238281,5480000
2019-08-27,76.86959838867188,77.27200317382812,76.49320220947266,76.79959869384766,75.2021484375,6905000
2019-08-28,76.47200012207031,77.91799926757812,76.1427993774414,77.68000030517578,76.0642318725586,5707500
2019-08-29,78.6572036743164,79.07039642333984,77.91999816894531,78.28559875488281,76.65724182128906,7820000
2019-08-30,78.87200164794922,78.92919921875,78.12000274658203,78.65640258789062,77.02033233642578,6772500
2019-09-03,78.26239776611328,78.71600341796875,77.25679779052734,77.67120361328125,76.05561828613281,8537500
2019-09-04,78.4352035522461,78.54239654541016,77.42839813232422,78.35160064697266,76.72186279296875,7000000
2019-09-05,78.96600341796875,80.4375991821289,78.69760131835938,79.77760314941406,78.11821746826172,11007500
2019-09-06,80.25360107421875,80.25360107421875,78.51000213623047,78.7052001953125,77.06810760498047,10325000
2019-09-09,79.22560119628906,79.78040313720703,78.9352035522461,79.69000244140625,78.03242492675781,9242500
2019-09-10,79.33360290527344,80.75039672851562,78.56120300292969,80.75039672851562,79.07077026367188,11402500
2019-09-11,80.52799987792969,82.16680145263672,80.0551986694336,82.00640106201172,80.30064392089844,9990000
2019-09-12,82.23999786376953,82.68280029296875,81.49199676513672,81.65640258789062,79.95793151855469,11055000
2019-09-13,81.88079833984375,82.87120056152344,81.58399963378906,82.55599975585938,80.83881378173828,9820000
2019-09-16,82.28959655761719,83.27239990234375,81.40039825439453,82.91799926757812,81.19328308105469,9847500
2019-09-17,82.7040023803711,83.24960327148438,82.32679748535156,83.09760284423828,81.36914825439453,6582500
2019-09-18,82.88839721679688,83.15399932861328,81.47920227050781,82.33480072021484,80.6222152709961,4627500
2019-09-19,82.14959716796875,82.50800323486328,81.86920166015625,82.3427963256836,80.63003540039062,6402500
2019-09-20,81.84880065917969,82.29720306396484,81.17839813232422,81.26280212402344,79.572509765625,12685000
2019-09-23,80.63999938964844,81.19999694824219,80.28559875488281,80.37640380859375,78.70454406738281,7887500
2019-09-24,80.51280212402344,80.839599609375,79.43679809570312,79.62560272216797,77.96937561035156,7070000
2019-09-25,79.66600036621094,80.02559661865234,78.4800033569336,79.74120330810547,78.08257293701172,8335000
2019-09-26,79.76319885253906,79.76319885253906,78.55999755859375,79.13800048828125,77.49190521240234,7685000
2019-09-27,78.78240203857422,79.17400360107422,77.47440338134766,77.7699966430664,76.15234375,7640000
2019-09-30,78.12000274658203,79.30840301513672,77.693603515625,78.50440216064453,76.87147521972656,5662500
2019-10-01,79.08000183105469,79.5103988647461,78.58879852294922,79.12120056152344,77.47544860839844,5867500
2019-10-02,78.76000213623047,78.76000213623047,77.19640350341797,77.65760040283203,76.04230499267578,7232500
2019-10-03,77.46199798583984,78.5719985961914,76.72920227050781,78.45800018310547,76.82606506347656,5305000
2019-10-04,78.82559967041016,79.3947982788086,78.61239624023438,79.3280029296875,77.67797088623047,4055000
2019-10-07,78.84040069580078,79.21040344238281,77.96320343017578,78.0624008178711,76.43869018554688,6352500
2019-10-08,77.48200225830078,78.22920227050781,76.94239807128906,77.52760314941406,75.91500854492188,4257500
2019-10-09,78.1488037109375,78.16639709472656,77.0479965209961,77.73320007324219,76.11631774902344,5757500
2019-10-10,77.70760345458984,78.81719970703125,77.35359954833984,78.51640319824219,76.88323211669922,5687500
2019-10-11,79.37200164794922,80.15160369873047,78.9176025390625,79.08719635009766,77.44216918945312,6930000
2019-10-14,78.58080291748047,79.77559661865234,78.58080291748047,79.55000305175781,77.89533996582031,4412500
2019-10-15,79.68840026855469,80.92440032958984,79.66400146484375,80.65560150146484,78.97794342041016,6835000
2019-10-16,80.6719970703125,81.48359680175781,80.6719970703125,81.1052017211914,79.41820526123047,7500000
2019-10-17,81.31999969482422,81.79080200195312,80.85479736328125,81.14119720458984,79.45345306396484,4997500
2019-10-18,81.2343978881836,81.35679626464844,80.27839660644531,80.54119873046875,78.86591339111328,8805000
2019-10-21,80.9072036743164,81.4000015258789,80.69599914550781,80.88960266113281,79.20707702636719,4862500
2019-10-22,81.1615982055664,81.33200073242188,80.40039825439453,80.9219970703125,79.23880004882812,4660000
2019-10-23,80.7863998413086,81.38719940185547,80.64839935302734,81.28919982910156,79.5983657836914,4402500
2019-10-24,81.4000015258789,81.83319854736328,80.65879821777344,81.75,80.04957580566406,4297500
2019-10-25,80.8051986694336,82.35440063476562,80.79080200195312,82.23719787597656,80.52664184570312,6060000
2019-10-28,82.12079620361328,83.18800354003906,81.8916015625,82.28199768066406,80.57050323486328,4892500
2019-10-29,82.16560363769531,82.29720306396484,81.50959777832031,81.71199798583984,80.01237487792969,4442500
2019-10-30,81.42120361328125,82.0344009399414,81.21399688720703,81.98200225830078,80.27674865722656,3757500
2019-10-31,81.84320068359375,82.3667984008789,81.25160217285156,81.95079803466797,80.24620056152344,4810000
2019-11-01,80.9448013305664,81.66320037841797,80.30999755859375,81.28079986572266,79.59014129638672,8330000
2019-11-04,81.68000030517578,81.8311996459961,80.11319732666016,80.30719757080078,78.63677978515625,8207500
2019-11-05,80.3595962524414,81.19200134277344,80.0635986328125,81.01719665527344,79.33201599121094,6392500
2019-11-06,80.74240112304688,80.89759826660156,80.056396484375,80.48359680175781,78.80952453613281,9457500
2019-11-07,77.68800354003906,77.80879974365234,73.77799987792969,73.99720001220703,72.45803833007812,45682500
2019-11-08,77.63999938964844,78.16000366210938,73.63999938964844,75.1676025390625,73.60409545898438,25842500
2019-11-11,74.76000213623047,75.91919708251953,74.11360168457031,75.84159851074219,74.26409149169922,11780000
2019-11-12,76.05400085449219,76.05400085449219,74.4092025756836,75.03359985351562,73.47288513183594,12415000
2019-11-13,74.22360229492188,74.87439727783203,74.10559844970703,74.36360168457031,72.81682586669922,10650000
2019-11-14,74.2155990600586,75.0,74.03839874267578,74.62200164794922,73.0698471069336,6922500
2019-11-15,74.9540023803711,74.95960235595703,73.72119903564453,73.95279693603516,72.41456604003906,9160000
2019-11-18,73.88159942626953,74.1259994506836,73.06800079345703,73.52120208740234,71.991943359375,9050000
2019-11-19,73.80000305175781,74.17440032958984,73.3364028930664,73.81199645996094,72.27668762207031,6850000
2019-11-20,73.84239959716797,74.2676010131836,73.4800033569336,74.07279968261719,72.53206634521484,8867500
2019-11-21,74.05359649658203,75.04000091552734,73.78359985351562,74.93240356445312,73.37379455566406,8567500
2019-11-22,75.25800323486328,75.39959716796875,74.81759643554688,75.1011962890625,73.53907012939453,5997500
2019-11-25,75.40360260009766,76.10279846191406,75.00039672851562,75.90160369873047,74.32283020019531,7467500
2019-11-26,75.98799896240234,75.98999786376953,75.28079986572266,75.49839782714844,73.9280014038086,8240000
2019-11-27,75.72000122070312,76.65399932861328,75.32119750976562,76.25800323486328,74.67181396484375,6570000
2019-11-29,76.19560241699219,76.4000015258789,75.96320343017578,76.16120147705078,74.57701873779297,3840000
2019-12-02,75.92839813232422,76.13960266113281,74.71040344238281,75.37760162353516,73.80972290039062,10007500
2019-12-03,74.6156005859375,75.26319885253906,74.10079956054688,75.19920349121094,73.63504791259766,4817500
2019-12-04,75.78559875488281,77.16000366210938,75.19920349121094,76.86119842529297,75.26246643066406,10590000
2019-12-05,77.16000366210938,77.16000366210938,76.0604019165039,76.1688003540039,74.58447265625,9070000
2019-12-06,76.93080139160156,77.43679809570312,76.80840301513672,77.21080017089844,75.60479736328125,7482500
2019-12-09,77.12319946289062,77.14600372314453,76.127197265625,76.23159790039062,74.64596557617188,8577500
2019-12-10,76.09600067138672,77.05599975585938,76.06320190429688,76.1852035522461,74.60053253173828,5970000
2019-12-11,76.63600158691406,77.19280242919922,76.17919921875,77.03520202636719,75.4328384399414,6685000
2019-12-12,77.23400115966797,78.36160278320312,76.97840118408203,77.93920135498047,76.31803894042969,7560000
2019-12-13,78.43479919433594,79.5999984741211,77.96320343017578,78.94400024414062,77.30194854736328,9892500
2019-12-16,79.33879852294922,79.92040252685547,79.33879852294922,79.80079650878906,78.14091491699219,6602500
2019-12-17,80.0,80.4655990600586,79.63999938964844,80.07479858398438,78.40921783447266,7782500
2019-12-18,80.3468017578125,80.3468017578125,79.11080169677734,79.660400390625,78.00344848632812,9495000
2019-12-19,79.83999633789062,80.59880065917969,79.79039764404297,80.12480163574219,78.45818328857422,6937500
2019-12-20,80.68000030517578,81.0,80.09359741210938,80.9303970336914,79.24702453613281,14580000
2019-12-23,81.04039764404297,81.66000366210938,80.70719909667969,81.28399658203125,79.59326934814453,5490000
2019-12-24,81.28959655761719,81.89199829101562,81.25160217285156,81.76000213623047,80.05937194824219,2432500
2019-12-26,81.97360229492188,82.75240325927734,81.90599822998047,82.57279968261719,80.85527038574219,4565000
2019-12-27,82.5199966430664,83.2396011352539,82.14600372314453,82.90160369873047,81.17723846435547,7000000
2019-12-30,82.87960052490234,83.30680084228516,82.018798828125,82.15480041503906,80.44596099853516,5617500
2019-12-31,81.86039733886719,82.3196029663086,81.59880065917969,82.14920043945312,80.44047546386719,5672500
2020-01-02,82.73600006103516,83.09639739990234,82.12879943847656,82.98320007324219,81.25712585449219,8225000
2020-01-03,81.69879913330078,82.70760345458984,81.4000015258789,82.61920166015625,80.90070343017578,7350000
2020-01-06,82.0,82.3916015625,81.4000015258789,81.89600372314453,80.19253540039062,9600000
2020-01-07,81.89559936523438,82.91320037841797,81.5416030883789,82.72200012207031,81.0013656616211,8632500
2020-01-08,82.67359924316406,83.54640197753906,82.28559875488281,82.51599884033203,80.7996597290039,8145000
2020-01-09,82.87999725341797,83.5999984741211,82.87999725341797,83.37159729003906,81.63744354248047,6845000
2020-01-10,83.53479766845703,83.76000213623047,83.07759857177734,83.47599792480469,81.73967742919922,4962500
2020-01-13,83.61000061035156,83.61000061035156,82.92040252685547,83.22000122070312,81.48900604248047,6372500
2020-01-14,82.98400115966797,83.44000244140625,82.6864013671875,82.85919952392578,81.13571166992188,8292500
2020-01-15,82.94239807128906,83.3595962524414,82.4552001953125,82.60639953613281,80.8881607055664,7725000
2020-01-16,82.92040252685547,82.92040252685547,81.63880157470703,82.19000244140625,80.48043823242188,13670000
2020-01-17,82.4000015258789,82.56159973144531,81.87640380859375,82.1875991821289,80.47806549072266,11770000
2020-01-21,80.23999786376953,80.58039855957031,78.55480194091797,79.622802734375,77.96664428710938,17792500
2020-01-22,80.17320251464844,80.5696029663086,79.68160247802734,80.03119659423828,78.36653900146484,8932500
2020-01-23,79.44960021972656,80.25559997558594,79.00479888916016,79.72799682617188,78.06964874267578,9212500
2020-01-24,79.91999816894531,80.03240203857422,78.1895980834961,78.51840209960938,76.88520812988281,14510000
2020-01-27,76.25640106201172,76.71600341796875,74.72160339355469,76.35559844970703,74.76737976074219,17722500
2020-01-28,76.58679962158203,77.48079681396484,76.0,76.697998046875,75.10266876220703,12812500
2020-01-29,76.96160125732422,77.32160186767578,75.60359954833984,75.75800323486328,74.18222045898438,11130000
2020-01-30,74.85679626464844,75.42040252685547,74.35440063476562,74.88359832763672,73.32600402832031,14722500
2020-01-31,74.63719940185547,74.63719940185547,72.81759643554688,73.22200012207031,71.6989517211914,17945000
2020-02-03,73.55480194091797,74.32640075683594,73.2020034790039,73.56120300292969,72.0311050415039,15865000
2020-02-04,74.28240203857422,75.81999969482422,73.92720031738281,74.58039855957031,73.02910614013672,16565000
2020-02-05,75.947998046875,77.75920104980469,75.30840301513672,77.57160186767578,75.95808410644531,13807500
2020-02-06,78.35600280761719,78.87999725341797,77.48040008544922,78.43599700927734,76.80449676513672,10300000
2020-02-07,78.00920104980469,78.4000015258789,76.16639709472656,76.38359832763672,74.79480743408203,11237500
2020-02-10,76.06759643554688,76.50360107421875,75.31999969482422,75.4655990600586,73.8958969116211,11755000
2020-02-11,75.7791976928711,76.75559997558594,75.70480346679688,76.37200164794922,74.783447265625,10222500
2020-02-12,76.95800018310547,78.68000030517578,76.44840240478516,78.41439819335938,76.78336334228516,11830000
2020-02-13,77.76000213623047,78.4352035522461,77.16400146484375,78.39759826660156,76.76691436767578,9720000
2020-02-14,79.9375991821289,80.99520111083984,79.38639831542969,79.63839721679688,77.98189544677734,13397500
2020-02-18,78.88999938964844,79.52760314941406,78.47799682617188,79.05120086669922,77.40692138671875,9087500
2020-02-19,79.3104019165039,79.59960174560547,78.4927978515625,78.7396011352539,77.10179138183594,6032500
2020-02-20,78.4000015258789,79.5103988647461,78.25559997558594,78.8364028930664,77.19659423828125,8980000
2020-02-21,78.5999984741211,78.7239990234375,76.88639831542969,77.1488037109375,75.54407501220703,8962500
2020-02-24,73.23719787597656,73.41999816894531,71.11519622802734,71.70159912109375,70.2101821899414,22150000
2020-02-25,72.12000274658203,72.45240020751953,68.44039916992188,69.06320190429688,67.62667846679688,23957500
2020-02-26,69.2488021850586,69.71759796142578,66.3855972290039,67.12799835205078,65.73171997070312,22582500
2020-02-27,64.51920318603516,69.19999694824219,63.698001861572266,66.39399719238281,65.01298522949219,33450000
2020-02-28,65.74559783935547,68.72000122070312,65.38159942626953,67.82640075683594,66.41559600830078,24425000
2020-03-02,68.38999938964844,69.31680297851562,66.07039642333984,69.1592025756836,67.72067260742188,21730000
2020-03-03,69.06520080566406,69.99960327148438,65.877197265625,67.32080078125,65.9205093383789,17607500
2020-03-04,67.88600158691406,69.47560119628906,66.84960174560547,69.28520202636719,67.84404754638672,14837500
2020-03-05,66.51959991455078,67.20159912109375,65.3031997680664,65.89759826660156,64.52691650390625,19720000
2020-03-06,64.12359619140625,67.36000061035156,63.36000061035156,64.48359680175781,63.1423225402832,26937500
2020-03-09,59.35960006713867,63.54679870605469,59.06039810180664,61.11199951171875,59.84085464477539,19257500
2020-03-10,63.597999572753906,64.5999984741211,59.99760055541992,62.36000061035156,61.06289291381836,18550000
2020-03-11,60.8916015625,61.14120101928711,56.8223991394043,57.70000076293945,56.499820709228516,20745000
2020-03-12,51.880001068115234,54.799598693847656,51.20000076293945,51.215999603271484,50.150691986083984,32052500
2020-03-13,53.47200012207031,56.866798400878906,50.834800720214844,56.85319900512695,55.67063522338867,28827500
2020-03-16,51.0,56.473201751708984,50.08879852294922,51.58679962158203,50.5137825012207,24672500
2020-03-17,52.38240051269531,54.82080078125,50.11640167236328,54.73040008544922,53.59199142456055,27002500
2020-03-18,51.11439895629883,53.08359909057617,46.600799560546875,49.349998474121094,48.32350540161133,23335000
2020-03-19,48.4463996887207,49.465599060058594,46.0,47.65919876098633,46.667869567871094,24515000
2020-03-20,48.65359878540039,51.99800109863281,46.2963981628418,47.097198486328125,46.1175651550293,28662500
2020-03-23,46.67919921875,49.04560089111328,44.29159927368164,46.089599609375,45.130924224853516,21497500
2020-03-24,48.74480056762695,51.15999984741211,48.02320098876953,50.37879943847656,49.33090591430664,21350000
2020-03-25,50.37879943847656,57.97919845581055,49.87799835205078,54.63399887084961,53.49759292602539,24967500
2020-03-26,55.213199615478516,57.17919921875,54.14080047607422,56.2400016784668,55.0701904296875,15412500
2020-03-27,53.7947998046875,54.21839904785156,50.14440155029297,50.20600128173828,49.16170883178711,17537500
2020-03-30,50.450801849365234,52.8755989074707,48.67919921875,52.329200744628906,51.24073791503906,15020000
2020-03-31,52.120399475097656,55.6156005859375,51.84040069580078,53.812801361083984,52.6934814453125,19257500
2020-04-01,51.75239944458008,53.13359832763672,49.92720031738281,50.86520004272461,49.80718994140625,14070000
2020-04-02,50.83879852294922,53.399600982666016,49.648799896240234,50.400001525878906,49.35166549682617,14345000
2020-04-03,49.7672004699707,51.16640090942383,48.123199462890625,49.22719955444336,48.2032585144043,11057500
2020-04-06,52.13119888305664,54.534000396728516,51.712398529052734,54.2672004699707,53.138431549072266,18787500
2020-04-07,56.48040008544922,59.79999923706055,54.671600341796875,55.0547981262207,53.909645080566406,19585000
2020-04-08,55.305999755859375,57.148799896240234,54.40039825439453,54.88240051269531,53.74082946777344,19522500
2020-04-09,56.99039840698242,58.0,56.119998931884766,56.825599670410156,55.64360809326172,25820000
2020-04-13,56.5275993347168,57.120399475097656,54.735599517822266,56.84040069580078,55.65810775756836,10110000
2020-04-14,58.40359878540039,58.79840087890625,56.959999084472656,57.97679901123047,56.7708625793457,14475000
2020-04-15,56.3135986328125,57.599998474121094,55.626800537109375,56.98440170288086,55.799110412597656,11320000
2020-04-16,57.29399871826172,57.29399871826172,55.64080047607422,56.29600143432617,55.125030517578125,12210000
2020-04-17,58.7599983215332,59.38639831542969,58.007598876953125,58.834800720214844,57.61101531982422,17282500
2020-04-20,58.481998443603516,58.79999923706055,56.400001525878906,56.4651985168457,55.290714263916016,11480000
2020-04-21,55.312400817871094,55.50960159301758,52.69599914550781,53.68880081176758,52.57205581665039,16317500
2020-04-22,54.600399017333984,55.19960021972656,53.68000030517578,54.20000076293945,53.0726318359375,8915000
2020-04-23,54.1619987487793,55.559600830078125,54.03160095214844,54.400001525878906,53.268463134765625,9317500
2020-04-24,54.895599365234375,54.98320007324219,53.5463981628418,54.510799407958984,53.376956939697266,8362500
2020-04-27,54.99720001220703,56.44960021972656,54.84159851074219,56.119598388671875,54.95228958129883,11422500
2020-04-28,57.36800003051758,58.54600143432617,56.43199920654297,57.57279968261719,56.375274658203125,15337500
2020-04-29,59.51319885253906,61.10919952392578,58.93199920654297,60.82120132446289,59.55610656738281,17575000
2020-04-30,60.581199645996094,60.81679916381836,58.59120178222656,59.222801208496094,57.99094772338867,11272500
2020-05-01,57.709999084472656,58.4119987487793,56.61240005493164,57.95159912109375,56.74618911743164,11462500
2020-05-04,56.62919998168945,57.812801361083984,55.540401458740234,56.53200149536133,55.35612487792969,11785000
2020-05-05,57.72999954223633,57.854400634765625,55.354400634765625,55.72800064086914,54.5688362121582,10647500
2020-05-06,55.898399353027344,56.65439987182617,54.2400016784668,55.15639877319336,54.009124755859375,13165000
2020-05-07,55.690399169921875,57.943599700927734,55.279998779296875,57.75640106201172,56.5550537109375,16370000
2020-05-08,57.63959884643555,57.77000045776367,54.64400100708008,57.23320007324219,56.0427360534668,21935000
2020-05-11,57.0807991027832,57.15879821777344,56.12480163574219,56.439998626708984,55.266029357910156,14117500
2020-05-12,56.04359817504883,56.559200286865234,55.40439987182617,55.436798095703125,54.28369903564453,12672500
2020-05-13,55.17359924316406,55.556800842285156,53.45280075073242,54.642799377441406,53.50621032714844,19522500
2020-05-14,53.94960021972656,55.55759811401367,52.130001068115234,55.30039978027344,54.1501350402832,17717500
2020-05-15,55.08039855957031,56.379600524902344,54.88520050048828,55.372398376464844,54.22064208984375,15815000
2020-05-18,57.20000076293945,63.26240158081055,57.20000076293945,62.29719924926758,61.001399993896484,33050000
2020-05-19,62.2515983581543,63.95320129394531,61.76639938354492,61.902400970458984,60.61481475830078,20710000
2020-05-20,63.14080047607422,64.22959899902344,63.12799835205078,63.965999603271484,62.6354866027832,17500000
2020-05-21,64.19999694824219,64.9375991821289,63.03160095214844,63.82720184326172,62.49958419799805,15797500
2020-05-22,63.66960144042969,65.4916000366211,63.38600158691406,65.25199890136719,63.89473342895508,14365000
2020-05-26,68.17279815673828,70.59600067138672,67.68440246582031,69.87640380859375,68.42295837402344,30025000
2020-05-27,71.03720092773438,71.5199966430664,67.70439910888672,67.94920349121094,66.53583526611328,25447500
2020-05-28,67.82360076904297,68.31999969482422,65.76080322265625,65.95960235595703,64.5876235961914,16602500
2020-05-29,66.27999877929688,66.27999877929688,64.73719787597656,65.57679748535156,64.21279907226562,17220000
2020-06-01,65.32479858398438,67.3667984008789,65.32479858398438,66.8292007446289,65.43911743164062,12252500
2020-06-02,67.5999984741211,67.68199920654297,66.14320373535156,66.19999694824219,64.8230209350586,12840000
2020-06-03,68.16120147705078,69.75360107421875,67.77159881591797,69.03880310058594,67.60277557373047,14937500
2020-06-04,68.59600067138672,69.96720123291016,68.23999786376953,69.70559692382812,68.25570678710938,12560000
2020-06-05,73.07039642333984,74.13520050048828,72.11399841308594,72.50559997558594,70.9974594116211,25860000
2020-06-08,73.86399841308594,74.87879943847656,73.02279663085938,73.63639831542969,72.10474395751953,16800000
2020-06-09,72.32279968261719,72.73359680175781,70.80000305175781,71.1187973022461,69.63949584960938,11260000
2020-06-10,71.6780014038086,71.72000122070312,68.70880126953125,69.3323974609375,67.89027404785156,13410000
2020-06-11,66.23400115966797,66.27040100097656,63.062801361083984,63.5348014831543,62.21326446533203,23002500
2020-06-12,66.1427993774414,66.55960083007812,62.91360092163086,64.95680236816406,63.60568618774414,12235000
2020-06-15,62.70640182495117,66.59719848632812,62.200401306152344,66.02680206298828,64.65342712402344,10245000
2020-06-16,68.65280151367188,68.8740005493164,65.66999816894531,66.94960021972656,65.5570297241211,11365000
2020-06-17,67.1167984008789,67.14320373535156,65.04039764404297,65.52960205078125,64.16656494140625,8875000
2020-06-18,64.89600372314453,66.31999969482422,63.63719940185547,65.13400268554688,63.77920150756836,13665000
2020-06-19,66.16000366210938,66.29959869384766,64.0,65.07640075683594,63.72279357910156,18855000
2020-06-22,64.38960266113281,65.45159912109375,63.754798889160156,65.3407974243164,63.9817008972168,8347500
2020-06-23,66.09200286865234,67.13999938964844,65.5999984741211,67.08399963378906,65.6886215209961,9082500
2020-06-24,66.42839813232422,66.79080200195312,63.279998779296875,64.41320037841797,63.073387145996094,14932500
2020-06-25,63.43239974975586,64.95880126953125,62.46879959106445,64.6156005859375,63.271583557128906,12465000
2020-06-26,63.891998291015625,64.46839904785156,61.313201904296875,61.650001525878906,60.36766815185547,15042500
2020-06-29,62.71080017089844,63.8120002746582,61.61920166015625,63.72880172729492,62.40323257446289,9145000
2020-06-30,63.35599899291992,64.12960052490234,62.65679931640625,63.693599700927734,62.368751525878906,7340000
2020-07-01,64.24199676513672,66.80000305175781,64.04560089111328,66.35160064697266,64.97147369384766,13470000
2020-07-02,67.60440063476562,68.5635986328125,66.33599853515625,66.79920196533203,65.4097671508789,9020000
2020-07-06,68.24759674072266,69.5199966430664,67.20680236816406,68.15039825439453,66.73285675048828,11020000
2020-07-07,67.25440216064453,67.89320373535156,66.1864013671875,66.2979965209961,64.91897583007812,6677500
2020-07-08,66.4800033569336,66.63839721679688,65.33000183105469,66.4520034790039,65.06979370117188,8312500
2020-07-09,66.8759994506836,67.18800354003906,65.09919738769531,66.81120300292969,65.42150115966797,10165000
2020-07-10,66.42720031738281,68.35199737548828,66.11920166015625,68.2959976196289,66.87541961669922,8085000
2020-07-13,68.83560180664062,69.58319854736328,67.40039825439453,67.47039794921875,66.0669937133789,10015000
2020-07-14,66.74759674072266,68.14240264892578,66.10759735107422,67.84919738769531,66.43791198730469,6527500
2020-07-15,69.87999725341797,72.10919952392578,69.80159759521484,71.97360229492188,70.47653198242188,16170000
2020-07-16,70.68840026855469,70.94000244140625,69.22679901123047,69.87159729003906,68.41824340820312,6292500
2020-07-17,70.28479766845703,70.28479766845703,68.7615966796875,69.28759765625,67.84638977050781,9217500
2020-07-20,68.96040344238281,69.91999816894531,68.01679992675781,68.5459976196289,67.12023162841797,7707500
2020-07-21,69.4364013671875,70.50679779052734,68.14440155029297,68.46839904785156,67.04423522949219,9565000
2020-07-22,68.71839904785156,69.13279724121094,67.25,68.82160186767578,67.39009094238281,9187500
2020-07-23,68.8511962890625,69.17320251464844,67.68599700927734,67.81839752197266,66.40775299072266,6595000
2020-07-24,67.13079833984375,68.36959838867188,66.87879943847656,68.052001953125,66.6364974975586,8122500
2020-07-27,67.62560272216797,68.4751968383789,66.84040069580078,68.11319732666016,66.6964340209961,5597500
2020-07-28,67.85359954833984,68.11360168457031,67.09159851074219,67.2699966430664,65.87075805664062,5265000
2020-07-29,67.55439758300781,68.97599792480469,67.0780029296875,68.30159759521484,66.88090515136719,7782500
2020-07-30,67.35199737548828,67.96839904785156,66.2863998413086,67.50959777832031,66.10537719726562,5135000
2020-07-31,67.51480102539062,67.69000244140625,65.02439880371094,66.48519897460938,65.102294921875,7630000
2020-08-03,66.63639831542969,66.79560089111328,65.38760375976562,66.00959777832031,64.63658905029297,5032500
2020-08-04,65.63999938964844,67.19999694824219,65.41400146484375,67.00520324707031,65.61148071289062,6005000
2020-08-05,68.00520324707031,69.377197265625,67.33560180664062,68.99079895019531,67.55577087402344,7860000
2020-08-06,68.08000183105469,70.63919830322266,68.0291976928711,70.07160186767578,68.61409759521484,11277500
2020-08-07,72.53600311279297,72.85800170898438,69.68000030517578,70.17919921875,68.71946716308594,14150000
2020-08-10,70.4000015258789,71.43560028076172,69.24199676513672,70.74320220947266,69.27173614501953,8927500
2020-08-11,72.73079681396484,73.89679718017578,72.00039672851562,72.2040023803711,70.70213317871094,11900000
2020-08-12,72.6520004272461,73.12000274658203,72.22000122070312,72.32279968261719,70.81847381591797,6855000
2020-08-13,71.96240234375,72.95919799804688,71.55999755859375,71.71880340576172,70.2270278930664,5505000
2020-08-14,71.19999694824219,71.48880004882812,70.73079681396484,71.15480041503906,69.67475891113281,6562500
2020-08-17,71.69560241699219,71.69560241699219,70.0,70.1167984008789,68.6583480834961,6112500
2020-08-18,70.0,71.68000030517578,69.76519775390625,71.15640258789062,69.67633056640625,5972500
2020-08-19,71.32039642333984,72.28359985351562,70.41280364990234,70.69879913330078,69.22823333740234,7790000
2020-08-20,70.07599639892578,70.99800109863281,69.84040069580078,70.74759674072266,69.27603149414062,6147500
2020-08-21,70.5199966430664,71.4020004272461,70.18679809570312,71.17479705810547,69.69434356689453,6760000
2020-08-24,72.14240264892578,73.50879669189453,71.87760162353516,73.37760162353516,71.85132598876953,9060000
2020-08-25,73.44080352783203,74.33159637451172,72.65640258789062,74.1520004272461,72.60962677001953,7830000
2020-08-26,73.552001953125,75.35880279541016,73.40039825439453,74.67880249023438,73.1254653930664,9860000
2020-08-27,75.70320129394531,76.99440002441406,74.9708023071289,75.73999786376953,74.16459655761719,9972500
2020-08-28,75.84600067138672,78.22440338134766,75.80919647216797,77.80999755859375,76.1915283203125,8020000
2020-08-31,76.8988037109375,77.45999908447266,76.32520294189453,76.41799926757812,74.82848358154297,8030000
2020-09-01,76.2052001953125,77.4800033569336,75.98919677734375,77.15440368652344,75.5495834350586,7897500
2020-09-02,77.5999984741211,78.21600341796875,75.82599639892578,77.94920349121094,76.32783508300781,8382500
2020-09-03,78.08599853515625,78.6488037109375,76.39559936523438,77.81800079345703,76.1993637084961,10702500
2020-09-04,77.9188003540039,78.50399780273438,76.24320220947266,76.70960235595703,75.11400604248047,9482500
2020-09-08,75.47440338134766,77.20320129394531,75.31759643554688,75.66400146484375,74.09017181396484,8672500
2020-09-09,75.50199890136719,76.4031982421875,72.93599700927734,74.8427963256836,73.2860336303711,11522500
2020-09-10,74.83999633789062,76.07599639892578,72.46959686279297,72.6635971069336,71.15217590332031,8545000
2020-09-11,72.54080200195312,73.40080261230469,70.79920196533203,71.34960174560547,69.86552429199219,9570000
2020-09-14,72.12000274658203,72.21800231933594,70.98400115966797,71.38359832763672,69.89881134033203,9425000
2020-09-15,71.89640045166016,72.70960235595703,71.4000015258789,71.4800033569336,69.9931869506836,6700000
2020-09-16,72.0,73.51319885253906,71.51599884033203,72.26640319824219,70.76322174072266,9557500
2020-09-17,71.32759857177734,72.23359680175781,70.25959777832031,71.4884033203125,70.00143432617188,12015000
2020-09-18,71.64640045166016,71.78079986572266,68.80000305175781,69.29119873046875,67.84992218017578,15732500
2020-09-21,67.0479965209961,67.52359771728516,65.28679656982422,66.09559631347656,64.7208023071289,16402500
2020-09-22,66.3687973022461,67.17359924316406,65.0,66.95999908447266,65.56721496582031,10850000
2020-09-23,67.68399810791016,67.72360229492188,65.34960174560547,65.53880310058594,64.17557525634766,7222500
2020-09-24,64.69120025634766,67.21399688720703,64.04039764404297,66.02279663085938,64.64952087402344,9852500
2020-09-25,65.4000015258789,66.42960357666016,64.4800033569336,66.31079864501953,64.9315185546875,7565000
2020-09-28,67.79959869384766,69.16999816894531,66.8499984741211,68.01599884033203,66.60123443603516,7407500
2020-09-29,68.00599670410156,68.49079895019531,66.81639862060547,66.91919708251953,65.52725982666016,5710000
2020-09-30,67.30560302734375,69.19159698486328,67.16000366210938,68.42720031738281,67.00389862060547,8152500
2020-10-01,69.42160034179688,70.0,69.19999694824219,69.71920013427734,68.26903533935547,8487500
2020-10-02,67.95960235595703,68.80000305175781,67.36119842529297,68.42839813232422,67.00506591796875,6747500
2020-10-05,68.21119689941406,68.81880187988281,66.4988021850586,68.27159881591797,66.8515396118164,7925000
2020-10-06,68.5635986328125,70.36119842529297,68.00399780273438,68.38839721679688,66.96590423583984,8260000
2020-10-07,68.95999908447266,70.44719696044922,68.80000305175781,70.35399627685547,68.890625,5387500
2020-10-08,70.80239868164062,71.78119659423828,70.12000274658203,71.55239868164062,70.06409454345703,6572500
2020-10-09,72.27999877929688,73.15239715576172,71.46839904785156,72.7155990600586,71.20309448242188,6622500
2020-10-12,73.23320007324219,74.63999938964844,73.06639862060547,73.80000305175781,72.26493835449219,8925000
2020-10-13,73.5999984741211,73.87920379638672,70.87480163574219,71.23880004882812,69.75702667236328,10655000
2020-10-14,71.33519744873047,71.64679718017578,69.23519897460938,69.30400085449219,67.86245727539062,7920000
2020-10-15,68.0,68.44640350341797,67.45680236816406,68.08439636230469,66.668212890625,8040000
2020-10-16,68.16000366210938,68.51360321044922,66.70320129394531,66.71479797363281,65.32711029052734,10405000
2020-10-19,67.19000244140625,67.45880126953125,66.09480285644531,66.12079620361328,64.74546813964844,7947500
2020-10-20,66.91999816894531,67.54920196533203,66.44400024414062,66.86840057373047,65.47753143310547,7315000
2020-10-21,66.4000015258789,68.17040252685547,66.29519653320312,68.0811996459961,66.66509246826172,7112500
2020-10-22,68.56759643554688,71.8947982788086,68.09519958496094,71.68080139160156,70.18983459472656,11877500
2020-10-23,72.03160095214844,73.04640197753906,71.55799865722656,72.94200134277344,71.42478942871094,7920000
2020-10-26,71.00520324707031,71.73079681396484,68.5647964477539,69.97160339355469,68.51618194580078,7372500
2020-10-27,69.54239654541016,69.80000305175781,67.41439819335938,67.90840148925781,66.49589538574219,6122500
2020-10-28,66.52680206298828,66.79920196533203,64.10199737548828,64.2020034790039,62.86659240722656,10520000
2020-10-29,64.0,65.7239990234375,63.560001373291016,65.21040344238281,63.8540153503418,8522500
2020-10-30,64.8311996459961,65.39839935302734,63.64400100708008,64.9000015258789,63.55005645751953,10277500
2020-11-02,66.13999938964844,66.13999938964844,63.9203987121582,64.16519927978516,62.83054733276367,8567500
2020-11-03,64.9115982055664,67.29319763183594,63.95119857788086,66.783203125,65.39409637451172,8527500
2020-11-04,68.1187973022461,70.07319641113281,66.99199676513672,68.53279876708984,67.10730743408203,10580000
2020-11-05,69.36039733886719,71.32679748535156,69.36039733886719,70.7323989868164,69.26115417480469,9705000
2020-11-06,68.84159851074219,71.84040069580078,68.0436019897461,71.3499984741211,69.86590576171875,11307500
2020-11-09,81.95999908447266,85.12079620361328,80.52880096435547,84.72959899902344,82.96720886230469,41232500
2020-11-10,83.18360137939453,84.12000274658203,79.58439636230469,80.29759979248047,78.62738800048828,18462500
2020-11-11,79.87799835205078,80.31999969482422,78.22799682617188,80.00080108642578,78.3367691040039,11032500
2020-11-12,79.0,79.5999984741211,78.1259994506836,78.51679992675781,76.88361358642578,9537500
2020-11-13,78.80000305175781,82.79560089111328,78.80000305175781,82.11479949951172,80.40679931640625,11137500
2020-11-16,84.71479797363281,84.87960052490234,82.43119812011719,84.3843994140625,82.62918090820312,21147500
2020-11-17,83.19999694824219,83.66079711914062,82.31839752197266,83.25,81.51837158203125,8477500
2020-11-18,83.04000091552734,84.1404037475586,81.76080322265625,81.78399658203125,80.08287048339844,9417500
2020-11-19,80.9135971069336,82.19920349121094,80.0,80.43879699707031,78.7656478881836,9720000
2020-11-20,80.7040023803711,81.46080017089844,79.51360321044922,79.71080017089844,78.05281066894531,7695000
2020-11-23,80.1948013305664,81.68240356445312,80.0,80.7936019897461,79.11307525634766,8412500
2020-11-24,82.0,84.28119659423828,81.06439971923828,84.13800048828125,82.38790893554688,11140000
2020-11-25,84.34960174560547,84.7583999633789,81.75399780273438,82.552001953125,80.83489990234375,5397500
2020-11-27,82.71440124511719,83.34880065917969,81.93119812011719,82.10679626464844,80.39894104003906,2930000
2020-11-30,82.30680084228516,82.31999969482422,80.7947998046875,81.13800048828125,79.4503173828125,8387500
2020-12-01,81.88839721679688,83.55400085449219,81.19999694824219,82.10679626464844,80.39894104003906,7377500
2020-12-02,82.10679626464844,83.91960144042969,81.4751968383789,83.13680267333984,81.40755462646484,6192500
2020-12-03,83.87200164794922,84.8812026977539,82.6072006225586,83.86519622802734,82.12077331542969,8432500
2020-12-04,84.14800262451172,85.55879974365234,83.5999984741211,85.0011978149414,83.233154296875,8487500
2020-12-07,84.79879760742188,85.49720001220703,83.4000015258789,85.15119934082031,83.38003540039062,8037500
2020-12-08,83.72239685058594,85.12840270996094,83.2979965209961,83.46600341796875,81.72989654541016,8557500
2020-12-09,84.018798828125,86.80120086669922,83.07240295410156,84.2844009399414,82.53125,17447500
2020-12-10,83.79959869384766,86.06320190429688,83.1676025390625,84.1948013305664,82.44353485107422,9505000
2020-12-11,83.60880279541016,84.16079711914062,82.00520324707031,83.56839752197266,81.83014678955078,8862500
2020-12-14,84.80359649658203,85.72239685058594,82.60320281982422,82.6404037475586,80.92147064208984,8480000
2020-12-15,83.12879943847656,84.23280334472656,82.20040130615234,83.9219970703125,82.1763916015625,7867500
2020-12-16,84.72799682617188,84.72799682617188,83.09600067138672,83.94840240478516,82.20225524902344,5965000
2020-12-17,84.71800231933594,85.0780029296875,82.82080078125,84.53720092773438,82.77880859375,7382500
2020-12-18,84.75,84.75,83.51719665527344,83.98600006103516,82.23905944824219,13405000
2020-12-21,82.0,82.872802734375,80.96080017089844,82.72799682617188,81.00723266601562,8927500
2020-12-22,82.73400115966797,82.77439880371094,81.25559997558594,82.11280059814453,80.40483093261719,4970000
2020-12-23,82.2155990600586,84.56600189208984,82.01719665527344,84.03399658203125,82.28607177734375,7867500
2020-12-24,84.76000213623047,84.76000213623047,83.23999786376953,83.53399658203125,81.79647064208984,4562500
2020-12-28,85.1780014038086,86.09040069580078,84.97840118408203,85.51679992675781,83.73802185058594,6275000
2020-12-29,86.63919830322266,88.0,86.15840148925781,87.41600036621094,85.59771728515625,8547500
2020-12-30,88.0,88.5604019165039,86.9988021850586,88.21040344238281,86.3756103515625,5742500
2020-12-31,87.92279815673828,89.1187973022461,87.4000015258789,89.0907974243164,87.2376937866211,4415000
2021-01-04,90.0,90.28759765625,84.84839630126953,86.56320190429688,84.76266479492188,8350000
2021-01-05,86.55999755859375,89.03759765625,86.18240356445312,87.52279663085938,85.70230102539062,8705000
2021-01-06,87.03559875488281,91.53959655761719,86.4000015258789,89.99240112304688,88.12052917480469,9835000
2021-01-07,91.1259994506836,91.5199966430664,88.79080200195312,89.59400177001953,87.73041534423828,7492500
2021-01-08,90.25360107421875,91.59919738769531,89.93879699707031,91.2615966796875,89.36334228515625,7762500
2021-01-11,90.09719848632812,91.60160064697266,88.56120300292969,88.85079956054688,87.00269317626953,8015000
2021-01-12,89.49440002441406,89.74559783935547,87.66519927978516,87.85359954833984,86.0262222290039,6485000
2021-01-13,86.73600006103516,88.32319641113281,86.73600006103516,87.29679870605469,85.48100280761719,5990000
2021-01-14,87.41079711914062,88.6312026977539,87.15080261230469,87.30359649658203,85.48766326904297,6827500
2021-01-15,87.17160034179688,87.17160034179688,84.63999938964844,84.76920318603516,83.00597381591797,8520000
2021-01-19,85.4000015258789,86.7979965209961,84.3583984375,86.52159881591797,84.721923828125,6872500
2021-01-20,87.19920349121094,87.19920349121094,84.9823989868164,86.4020004272461,84.60481262207031,8475000
2021-01-21,85.63600158691406,86.28040313720703,84.19999694824219,84.39759826660156,82.64209747314453,11520000
2021-01-22,84.07319641113281,84.38040161132812,82.5999984741211,82.64959716796875,80.93047332763672,8917500
2021-01-25,81.79440307617188,82.41400146484375,77.88359832763672,80.73719787597656,79.05784606933594,21987500
2021-01-26,81.33480072021484,82.26920318603516,78.98600006103516,79.32640075683594,77.6763916015625,11190000
2021-01-27,77.97319793701172,79.03839874267578,74.42919921875,75.443603515625,73.8743667602539,17640000
2021-01-28,79.1615982055664,81.95079803466797,77.4352035522461,81.36399841308594,79.6716079711914,21082500
2021-01-29,81.44000244140625,81.5999984741211,77.552001953125,77.77320098876953,76.15548706054688,13405000
2021-02-01,79.84760284423828,80.25520324707031,78.5999984741211,79.61840057373047,77.96232604980469,11967500
2021-02-02,81.4000015258789,84.51640319824219,81.01640319824219,82.62120056152344,80.90266418457031,11017500
2021-02-03,83.18119812011719,83.79199981689453,80.98880004882812,81.09200286865234,79.40528106689453,8815000
2021-02-04,81.44760131835938,83.43599700927734,80.62640380859375,83.31759643554688,81.5845718383789,8880000
2021-02-05,84.37159729003906,85.19960021972656,82.9552001953125,83.85679626464844,82.11254119873047,5960000
2021-02-08,84.68199920654297,85.26640319824219,82.83159637451172,83.9823989868164,82.23554229736328,5475000
2021-02-09,83.31520080566406,84.19400024414062,82.06559753417969,83.41120147705078,81.67623138427734,5742500
2021-02-10,84.6520004272461,86.44840240478516,83.64720153808594,85.67040252685547,83.88844299316406,8352500
2021-02-11,85.8135986328125,87.34639739990234,85.3135986328125,86.37039947509766,84.57386016845703,6457500
2021-02-12,85.05400085449219,87.55960083007812,84.40039825439453,86.02320098876953,84.23389434814453,5265000
2021-02-16,85.56759643554688,87.92120361328125,85.34839630126953,87.36640167236328,85.54914855957031,6060000
2021-02-17,87.33560180664062,89.51799774169922,86.96600341796875,89.35079956054688,87.4922866821289,7192500
2021-02-18,87.6011962890625,91.0363998413086,87.6011962890625,90.3916015625,88.51143646240234,7925000
2021-02-19,90.91999816894531,92.88159942626953,90.39399719238281,91.72200012207031,89.81416320800781,8837500
2021-02-22,90.62680053710938,95.71880340576172,90.62680053710938,94.00080108642578,92.0455551147461,12602500
2021-02-23,93.93440246582031,94.68000030517578,91.68679809570312,94.37480163574219,92.4117660522461,12882500
2021-02-24,93.75080108642578,98.0103988647461,92.96720123291016,97.73999786376953,95.70698547363281,15250000
2021-02-25,96.79720306396484,97.55799865722656,90.45880126953125,90.9280014038086,89.03667449951172,18795000
2021-02-26,93.75599670410156,93.80000305175781,90.06839752197266,93.1404037475586,91.20305633544922,12597500
2021-03-01,94.91960144042969,95.29199981689453,92.0083999633789,92.81999969482422,90.88932037353516,8997500
2021-03-02,93.5199966430664,93.68000030517578,91.0,91.28839874267578,89.38958740234375,7750000
2021-03-03,91.44920349121094,93.39759826660156,90.8855972290039,91.0,89.107177734375,9112500
2021-03-04,91.08679962158203,91.08679962158203,86.53600311279297,88.77400207519531,86.92747497558594,12102500
2021-03-05,89.43080139160156,92.51200103759766,87.15519714355469,92.28399658203125,90.36447143554688,10882500
2021-03-08,92.13719940185547,96.49359893798828,91.93440246582031,94.74960327148438,92.77877807617188,14100000
2021-03-09,95.20559692382812,97.66999816894531,93.7603988647461,94.67160034179688,92.7024154663086,12042500
2021-03-10,95.17400360107422,96.80000305175781,94.556396484375,94.77279663085938,92.8014907836914,11097500
2021-03-11,95.93119812011719,97.8988037109375,93.7511978149414,94.4823989868164,92.51715087890625,12805000
2021-03-12,94.3595962524414,96.51319885253906,94.03520202636719,96.0416030883789,94.04391479492188,10115000
2021-03-15,96.5103988647461,97.74079895019531,94.96040344238281,97.58000183105469,95.55030822753906,11720000
2021-03-16,96.65399932861328,97.18119812011719,95.20040130615234,95.86239624023438,93.8684310913086,9017500
2021-03-17,94.94000244140625,98.783203125,94.80000305175781,98.47119903564453,96.42295837402344,9860000
2021-03-18,97.12120056152344,97.89839935302734,93.76000213623047,93.87799835205078,91.92532348632812,12450000
2021-03-19,93.31279754638672,94.00360107421875,90.63240051269531,91.50959777832031,89.6061782836914,15940000
2021-03-22,93.5999984741211,93.5999984741211,89.0,89.27559661865234,87.41864013671875,13282500
2021-03-23,90.0248031616211,90.0248031616211,87.37879943847656,88.5999984741211,86.7571029663086,12547500
2021-03-24,89.27200317382812,91.12000274658203,87.96040344238281,88.10919952392578,86.27650451660156,11025000
2021-03-25,87.46800231933594,91.31520080566406,86.91999816894531,90.75640106201172,88.86865234375,10532500
2021-03-26,91.03759765625,93.17320251464844,89.8656005859375,92.94120025634766,91.00798797607422,9425000
2021-03-29,92.44000244140625,95.0,92.29640197753906,94.05439758300781,92.09803009033203,8535000
2021-03-30,93.7300033569336,94.80919647216797,92.67160034179688,93.39559936523438,91.45295715332031,6260000
2021-03-31,93.82720184326172,94.55680084228516,92.77239990234375,93.193603515625,91.2551498413086,13270000
2021-04-01,94.17120361328125,95.58920288085938,93.92919921875,95.29840087890625,93.3161849975586,6205000
2021-04-05,96.4000015258789,97.4751968383789,95.47440338134766,96.36720275878906,94.36272430419922,8557500
2021-04-06,96.5999984741211,97.89640045166016,96.28919982910156,96.87999725341797,94.8648681640625,10277500
2021-04-07,97.16239929199219,97.6083984375,95.82279968261719,96.42559814453125,94.419921875,5887500
2021-04-08,95.68000030517578,97.41719818115234,95.68000030517578,97.11959838867188,95.09947967529297,5550000
2021-04-09,97.36000061035156,98.18879699707031,96.22200012207031,98.00240325927734,95.96392059326172,5995000
2021-04-12,97.44000244140625,98.00800323486328,95.8595962524414,96.36199951171875,94.35765075683594,13785000
2021-04-13,96.15679931640625,96.63159942626953,94.68599700927734,96.17160034179688,94.17119598388672,19742500
2021-04-14,96.52400207519531,99.31279754638672,96.29920196533203,98.1688003540039,96.12686920166016,23490000
2021-04-15,98.70159912109375,98.7572021484375,97.04720306396484,97.32839965820312,95.30393981933594,15982500
2021-04-16,97.74919891357422,99.57640075683594,97.43319702148438,99.07599639892578,97.01518249511719,19587500
2021-04-19,99.21720123291016,99.53279876708984,97.72440338134766,98.24800109863281,96.20440673828125,8175000
2021-04-20,97.3499984741211,97.45960235595703,92.69159698486328,93.80000305175781,91.84893035888672,11942500
2021-04-21,94.39679718017578,94.63960266113281,93.72239685058594,94.30919647216797,92.3475341796875,7020000
2021-04-22,94.1488037109375,95.80000305175781,93.72000122070312,93.88200378417969,91.92923736572266,7187500
2021-04-23,94.6875991821289,96.17320251464844,94.01840209960938,95.81719970703125,93.82418060302734,6342500
2021-04-26,96.99559783935547,98.43720245361328,96.27999877929688,98.33000183105469,96.28471374511719,8082500
2021-04-27,98.31999969482422,98.76480102539062,97.66680145263672,98.56600189208984,96.51580047607422,5517500
2021-04-28,99.0,100.59960174560547,98.44000244140625,100.2040023803711,98.11973571777344,8087500
2021-04-29,100.29879760742188,100.63999938964844,99.04039764404297,100.05719757080078,97.97598266601562,5470000
2021-04-30,99.90799713134766,99.90799713134766,97.44560241699219,98.64320373535156,96.59139251708984,8202500
2021-05-03,99.36280059814453,99.47959899902344,97.41239929199219,97.61759948730469,95.58712768554688,4752500
2021-05-04,96.3916015625,97.11280059814453,94.7531967163086,95.31759643554688,93.33496856689453,8477500
2021-05-05,96.08200073242188,96.1500015258789,93.08760070800781,93.51679992675781,91.5716323852539,9537500
2021-05-06,91.90840148925781,92.95999908447266,90.20600128173828,91.17400360107422,89.27755737304688,10817500
2021-05-07,92.4896011352539,94.45680236816406,91.62960052490234,93.08319854736328,91.14704132080078,9540000
2021-05-10,93.2656021118164,93.31999969482422,90.46759796142578,90.52400207519531,88.64108276367188,9572500
2021-05-11,89.19999694824219,90.51080322265625,88.20320129394531,89.9072036743164,88.03711700439453,10472500
2021-05-12,89.25240325927734,89.46199798583984,86.53919982910156,86.88999938964844,85.0826644897461,10427500
2021-05-13,87.75800323486328,89.42680358886719,86.48600006103516,88.29080200195312,86.4543228149414,7487500
2021-05-14,90.0447998046875,91.67400360107422,89.09639739990234,91.29920196533203,89.40015411376953,8510000
2021-05-17,90.46160125732422,91.0199966430664,88.4636001586914,88.9260025024414,87.0763168334961,8057500
2021-05-18,89.26200103759766,90.10399627685547,88.42400360107422,88.46479797363281,86.62471008300781,8615000
2021-05-19,86.69159698486328,90.90840148925781,86.47119903564453,90.80039978027344,88.91172790527344,10145000
2021-05-20,91.193603515625,92.3904037475586,90.4364013671875,92.24199676513672,90.32333374023438,7797500
2021-05-21,92.98280334472656,93.4520034790039,90.73359680175781,91.73519897460938,89.82708740234375,6580000
2021-05-24,92.06880187988281,94.24600219726562,92.00800323486328,93.93920135498047,91.98523712158203,8312500
2021-05-25,94.30000305175781,94.9552001953125,93.17160034179688,93.5604019165039,91.61432647705078,6952500
2021-05-26,94.65959930419922,94.90799713134766,93.66439819335938,93.87999725341797,91.92726135253906,7347500
2021-05-27,94.43080139160156,94.43080139160156,93.06759643554688,93.39119720458984,91.44863891601562,17225000
2021-05-28,93.59359741210938,94.71240234375,92.61920166015625,94.46199798583984,92.49717712402344,5807500
2021-06-01,95.19999694824219,95.21160125732422,92.64199829101562,93.1312026977539,91.19404602050781,7900000
2021-06-02,93.58799743652344,94.26000213623047,92.42839813232422,92.716796875,90.78826141357422,7317500
2021-06-03,91.73680114746094,93.08200073242188,90.4800033569336,91.8323974609375,89.92224884033203,7082500
2021-06-04,92.19120025634766,93.13839721679688,92.16960144042969,92.62760162353516,90.700927734375,4342500
2021-06-07,92.79319763183594,93.6447982788086,91.66239929199219,91.94080352783203,90.02841186523438,4970000
2021-06-08,92.01679992675781,92.78079986572266,91.6072006225586,92.14959716796875,90.23286437988281,5847500
2021-06-09,92.0,93.2136001586914,91.79039764404297,92.5624008178711,90.63706970214844,6660000
2021-06-10,92.29319763183594,93.1500015258789,91.3147964477539,92.97799682617188,91.04402160644531,6735000
2021-06-11,92.55599975585938,93.11720275878906,91.73680114746094,92.17479705810547,90.25753784179688,7292500
2021-06-14,92.47480010986328,92.62680053710938,91.63400268554688,92.20159912109375,90.28378295898438,4755000
2021-06-15,92.09480285644531,93.31999969482422,91.35279846191406,92.07839965820312,90.16314697265625,5302500
2021-06-16,92.48079681396484,92.77400207519531,91.38719940185547,91.92919921875,90.01705932617188,4197500
2021-06-17,91.84559631347656,92.75959777832031,91.49800109863281,91.76000213623047,89.85136413574219,6195000
2021-06-18,91.32360076904297,91.96080017089844,89.2208023071289,89.70439910888672,87.83851623535156,12072500
2021-06-21,90.15560150146484,91.06839752197266,89.24919891357422,90.52279663085938,88.639892578125,5075000
2021-06-22,90.7155990600586,91.06600189208984,89.55999755859375,90.03600311279297,88.1632308959961,5360000
2021-06-23,90.0416030883789,90.44120025634766,89.30919647216797,89.8511962890625,87.98226928710938,4055000
2021-06-24,90.70760345458984,90.71880340576172,89.38200378417969,89.84919738769531,87.98031616210938,5307500
2021-06-25,90.31600189208984,91.9751968383789,89.8583984375,91.26640319824219,89.3680419921875,8430000
2021-06-28,89.98999786376953,90.4000015258789,86.8644027709961,88.18199920654297,86.34778594970703,15305000
2021-06-29,87.69280242919922,87.87480163574219,86.63600158691406,86.88760375976562,85.08032989501953,12942500
2021-06-30,87.1416015625,88.80000305175781,87.0,87.52359771728516,85.70308685302734,10367500
2021-07-01,87.78679656982422,88.95999908447266,87.78679656982422,88.40080261230469,86.56204223632812,6130000
2021-07-02,88.8051986694336,89.86360168457031,88.61199951171875,89.55560302734375,87.69282531738281,6082500
2021-07-06,89.35040283203125,89.72679901123047,88.71839904785156,88.8927993774414,87.04380798339844,7555000
2021-07-07,88.9968032836914,89.0979995727539,86.12120056152344,86.6707992553711,84.86802673339844,6830000
2021-07-08,86.00599670410156,87.38359832763672,85.05120086669922,86.55680084228516,84.75638580322266,7490000
2021-07-09,87.17520141601562,88.2136001586914,86.41799926757812,87.79959869384766,85.97335052490234,7405000
2021-07-12,87.28240203857422,88.24720001220703,86.66000366210938,88.16000366210938,86.32624816894531,7555000
2021-07-13,88.1760025024414,89.14959716796875,87.43240356445312,87.53759765625,85.71678924560547,9872500
2021-07-14,88.24079895019531,88.7239990234375,87.03559875488281,87.0647964477539,85.25382995605469,5287500
2021-07-15,86.91999816894531,87.3323974609375,85.81999969482422,86.77559661865234,84.97064208984375,6797500
2021-07-16,87.35559844970703,87.45919799804688,85.58799743652344,85.78880310058594,84.00438690185547,4692500
2021-07-19,84.06839752197266,84.8667984008789,82.34719848632812,82.7020034790039,80.98178100585938,11412500
2021-07-20,82.7020034790039,85.65799713134766,82.1427993774414,85.21720123291016,83.44466400146484,7850000
2021-07-21,85.74759674072266,87.94200134277344,85.74759674072266,87.76119995117188,85.93575286865234,6760000
2021-07-22,87.6615982055664,88.1852035522461,86.80000305175781,87.77639770507812,85.95063018798828,6220000
2021-07-23,87.72200012207031,88.56719970703125,87.29840087890625,88.10279846191406,86.27023315429688,5382500
2021-07-26,88.15519714355469,89.443603515625,87.97799682617188,89.22799682617188,87.37202453613281,6277500
2021-07-27,89.1072006225586,89.98799896240234,88.12480163574219,89.84760284423828,87.9787368774414,7782500
2021-07-28,90.0,90.58560180664062,88.5291976928711,89.0531997680664,87.20086669921875,7555000
2021-07-29,89.77839660644531,89.89360046386719,88.49960327148438,88.57360076904297,86.73125457763672,7087500
2021-07-30,87.94400024414062,88.20760345458984,86.80120086669922,87.13040161132812,85.31806945800781,6917500
2021-08-02,87.66719818115234,89.43879699707031,86.40760040283203,86.83760070800781,85.03136444091797,6317500
2021-08-03,86.943603515625,87.48359680175781,84.64080047607422,85.57160186767578,83.79167938232422,6742500
2021-08-04,85.27159881591797,85.943603515625,83.16680145263672,83.42559814453125,81.69032287597656,9790000
2021-08-05,85.99960327148438,89.13159942626953,85.40239715576172,88.30840301513672,86.47156524658203,10960000
2021-08-06,88.31320190429688,89.19879913330078,86.0968017578125,87.31919860839844,85.5029296875,11447500
2021-08-09,87.31880187988281,87.31880187988281,85.21600341796875,86.31120300292969,84.51592254638672,6850000
2021-08-10,86.31120300292969,88.11959838867188,86.31120300292969,88.018798828125,86.18799591064453,6937500
2021-08-11,87.79080200195312,88.39679718017578,86.75279998779297,88.00879669189453,86.17818450927734,5622500
2021-08-12,87.25440216064453,87.86000061035156,86.16519927978516,87.72679901123047,85.90205383300781,5157500
2021-08-13,87.85600280761719,88.32240295410156,86.68080139160156,88.13680267333984,86.30353546142578,5702500
2021-08-16,87.72679901123047,87.92160034179688,83.70760345458984,85.23560333251953,83.46267700195312,10360000
2021-08-17,84.15599822998047,85.0479965209961,83.72200012207031,84.53079986572266,82.77253723144531,7060000
2021-08-18,84.4000015258789,84.95919799804688,83.26439666748047,83.45240020751953,81.7165756225586,7517500
2021-08-19,83.16480255126953,83.71160125732422,82.33719635009766,83.0344009399414,81.30726623535156,8670000
2021-08-20,82.95800018310547,83.31999969482422,82.339599609375,82.9896011352539,81.26339721679688,8750000
2021-08-23,82.88240051269531,85.88279724121094,82.80599975585938,85.4927978515625,83.71453094482422,12330000
2021-08-24,86.0,89.99120330810547,85.54080200195312,89.32440185546875,87.46642303466797,11490000
2021-08-25,89.61319732666016,91.13999938964844,88.40679931640625,90.55159759521484,88.66810607910156,8500000
2021-08-26,90.0,91.69560241699219,90.0,91.0719985961914,89.17766571044922,7315000
2021-08-27,91.16000366210938,92.78520202636719,91.14119720458984,92.21880340576172,90.30062103271484,6012500
2021-08-30,92.0,92.26280212402344,90.81680297851562,91.1083984375,89.21332550048828,6122500
2021-08-31,91.44080352783203,92.64320373535156,91.3656005859375,91.98680114746094,90.07344818115234,9710000
2021-09-01,92.2343978881836,93.19999694824219,91.4000015258789,91.4739990234375,89.57131958007812,8117500
2021-09-02,92.16960144042969,93.07160186767578,91.31079864501953,92.01840209960938,90.10438537597656,5795000
2021-09-03,91.37120056152344,92.46959686279297,91.05999755859375,92.1780014038086,90.26068115234375,4912500
2021-09-07,92.31639862060547,93.6803970336914,92.21119689941406,93.54280090332031,91.59707641601562,5972500
2021-09-08,93.5999984741211,94.23999786376953,91.85399627685547,92.63800048828125,90.71109771728516,6617500
2021-09-09,92.2511978149414,93.81719970703125,92.16519927978516,92.7468032836914,90.81764221191406,5592500
2021-09-10,93.19999694824219,93.80000305175781,92.06520080566406,92.19200134277344,90.27437591552734,6055000
2021-09-13,92.58000183105469,93.16000366210938,91.00679779052734,92.88480377197266,90.95278930664062,5807500
2021-09-14,92.9219970703125,93.74240112304688,92.4260025024414,93.14640045166016,91.20893096923828,4300000
2021-09-15,93.1520004272461,95.1240005493164,92.61280059814453,95.03880310058594,93.06198120117188,6225000
2021-09-16,94.72480010986328,95.51080322265625,93.52680206298828,93.80000305175781,91.84893035888672,6075000
2021-09-17,94.033203125,94.6072006225586,92.80000305175781,93.01480102539062,91.08007049560547,9230000
2021-09-20,92.4000015258789,93.83159637451172,91.43599700927734,93.62960052490234,91.68207550048828,7795000
2021-09-21,94.54080200195312,94.54080200195312,92.89559936523438,93.0248031616211,91.08985900878906,5277500
2021-09-22,93.55400085449219,97.09159851074219,93.55400085449219,96.24440002441406,94.24250030517578,10425000
2021-09-23,96.4260025024414,99.55719757080078,96.4260025024414,99.02040100097656,96.96076202392578,10487500
2021-09-24,98.09519958496094,100.09960174560547,98.09519958496094,99.65399932861328,97.58116912841797,7472500
2021-09-27,99.76640319824219,101.5999984741211,98.63040161132812,99.06079864501953,97.00032043457031,8020000
2021-09-28,98.4000015258789,99.17440032958984,96.91519927978516,97.30999755859375,95.28591918945312,7745000
2021-09-29,97.4655990600586,97.90440368652344,94.99079895019531,95.11280059814453,93.13443756103516,7357500
2021-09-30,95.31719970703125,96.25599670410156,94.19999694824219,94.95480346679688,92.9797134399414,7790000
2021-10-01,96.67359924316406,99.07080078125,96.67359924316406,98.23480224609375,96.19148254394531,7665000
2021-10-04,98.23480224609375,99.55400085449219,96.87000274658203,98.38079833984375,96.33444213867188,6435000
2021-10-05,98.36000061035156,99.47640228271484,97.04280090332031,97.2936019897461,95.26988220214844,6682500
2021-10-06,96.0,98.09439849853516,95.36000061035156,97.9280014038086,95.89107513427734,5997500
2021-10-07,98.9207992553711,99.88760375976562,98.65799713134766,98.76000213623047,96.70577239990234,3920000
2021-10-08,98.94760131835938,99.63960266113281,98.51360321044922,98.97480010986328,96.91609954833984,4107500
2021-10-11,99.21959686279297,100.31639862060547,98.52760314941406,98.69640350341797,96.64349365234375,3762500
2021-10-12,98.8196029663086,99.91400146484375,98.13800048828125,98.58799743652344,96.537353515625,5502500
2021-10-13,98.5999984741211,99.2791976928711,97.45079803466797,98.5011978149414,96.45233154296875,4462500
2021-10-14,99.30400085449219,100.62879943847656,98.9800033569336,99.84880065917969,97.77191162109375,6960000
2021-10-15,100.80000305175781,101.5999984741211,100.62000274658203,101.53359985351562,99.42167663574219,5832500
2021-10-18,100.81400299072266,101.5199966430664,99.7748031616211,100.08519744873047,98.0033950805664,5245000
2021-10-19,100.10079956054688,100.13040161132812,98.231201171875,98.52400207519531,96.47467803955078,6865000
2021-10-20,98.60040283203125,98.60040283203125,94.74960327148438,95.36720275878906,93.383544921875,10172500
2021-10-21,96.02200317382812,96.79319763183594,95.6011962890625,96.44519805908203,94.43911743164062,5312500
2021-10-22,96.2844009399414,97.55840301513672,95.42880249023438,95.78359985351562,93.79126739501953,4047500
2021-10-25,95.9135971069336,96.82080078125,94.87239837646484,96.51920318603516,94.5115737915039,3560000
2021-10-26,96.91600036621094,98.5999984741211,96.91600036621094,97.72119903564453,95.68856048583984,4385000
2021-10-27,97.25479888916016,98.30359649658203,96.4000015258789,97.12359619140625,95.1033935546875,4895000
2021-10-28,97.04080200195312,97.24960327148438,95.82360076904297,97.19080352783203,95.1692123413086,3735000
2021-10-29,96.75559997558594,97.20439910888672,95.6875991821289,96.8311996459961,94.81708526611328,5412500
2021-11-01,96.8051986694336,99.5999984741211,96.8051986694336,99.58760070800781,97.51615142822266,7245000
2021-11-02,99.0271987915039,99.7615966796875,96.82559967041016,98.1531982421875,96.1115951538086,6825000
2021-11-03,97.73280334472656,98.99960327148438,96.19999694824219,97.41320037841797,95.3869857788086,9037500
2021-11-04,101.55999755859375,101.57520294189453,97.2916030883789,97.48040008544922,95.4527816772461,13327500
2021-11-05,101.77359771728516,105.26719665527344,100.6259994506836,104.75879669189453,102.57978057861328,18887500
2021-11-08,106.36000061035156,107.4916000366211,104.00199890136719,105.59439849853516,103.39801788330078,12430000
2021-11-09,105.55999755859375,107.4800033569336,104.84760284423828,105.9280014038086,103.72467041015625,10182500
2021-11-10,106.35440063476562,106.79640197753906,102.4000015258789,102.79119873046875,100.65310668945312,9152500
2021-11-11,102.9303970336914,103.01319885253906,99.00759887695312,99.1615982055664,97.09900665283203,8557500
2021-11-12,99.82640075683594,99.82640075683594,97.6968002319336,98.06600189208984,96.02619934082031,7920000
2021-11-15,98.19999694824219,98.55999755859375,96.00920104980469,96.20040130615234,94.19940948486328,8427500
2021-11-16,96.48519897460938,96.48519897460938,94.68080139160156,95.21320343017578,93.23274230957031,10780000
2021-11-17,95.44840240478516,96.11160278320312,94.1948013305664,94.65519714355469,92.68634796142578,11445000
2021-11-18,94.96600341796875,95.48200225830078,93.43360137939453,95.03919982910156,93.06236267089844,8512500
2021-11-19,92.59480285644531,94.32279968261719,91.12000274658203,93.59960174560547,91.65269470214844,12135000
2021-11-22,93.2323989868164,94.64119720458984,91.73320007324219,91.88520050048828,89.97396087646484,9340000
2021-11-23,92.4896011352539,93.98320007324219,92.08679962158203,93.64520263671875,91.69734954833984,6412500
2021-11-24,92.47840118408203,94.05039978027344,91.64600372314453,92.92479705810547,90.991943359375,7377500
2021-11-26,84.87840270996094,86.50360107421875,83.96479797363281,86.22239685058594,84.42893981933594,18045000
2021-11-29,88.25679779052734,89.11519622802734,85.61720275878906,87.28040313720703,85.46495056152344,11252500
2021-11-30,84.85919952392578,86.81520080566406,83.02159881591797,84.0739974975586,82.32524108886719,16517500
2021-12-01,85.87680053710938,87.30280303955078,82.29280090332031,82.6803970336914,80.96061706542969,14315000
2021-12-02,83.99120330810547,87.59519958496094,83.0,86.877197265625,85.07013702392578,13290000
2021-12-03,87.4000015258789,87.8031997680664,83.49720001220703,84.57759857177734,82.81836700439453,10152500
2021-12-06,86.5199966430664,91.7979965209961,86.09519958496094,89.09120178222656,87.23808288574219,14260000
2021-12-07,91.5624008178711,92.7020034790039,89.22000122070312,89.80120086669922,87.93331146240234,10062500
2021-12-08,90.7583999633789,92.98040008544922,90.41840362548828,92.28800201416016,90.3683853149414,9380000
2021-12-09,91.98280334472656,91.98280334472656,90.31199645996094,90.70439910888672,88.81771850585938,6010000
2021-12-10,90.93280029296875,91.35320281982422,88.8104019165039,89.45439910888672,87.59371948242188,7842500
2021-12-13,88.0811996459961,88.47000122070312,85.66799926757812,85.98040008544922,84.1919937133789,9820000
2021-12-14,84.80000305175781,86.6083984375,84.45079803466797,84.99720001220703,83.22923278808594,9810000
2021-12-15,86.24600219726562,86.30919647216797,83.46040344238281,85.21520233154297,83.44269561767578,10905000
2021-12-16,87.47959899902344,87.5979995727539,85.4000015258789,86.59639739990234,84.79515838623047,13125000
2021-12-17,86.10160064697266,89.24800109863281,85.23999786376953,88.41840362548828,86.57929229736328,12172500
2021-12-20,86.04000091552734,88.45240020751953,84.30159759521484,88.3499984741211,86.51229858398438,8315000
2021-12-21,89.65480041503906,94.8135986328125,89.65480041503906,94.62999725341797,92.66166687011719,13942500
2021-12-22,93.86759948730469,96.27320098876953,93.18879699707031,95.4072036743164,93.42271423339844,8215000
2021-12-23,96.3104019165039,96.89640045166016,95.80120086669922,96.08999633789062,94.0912857055664,4662500
2021-12-27,95.58679962158203,96.65080261230469,94.9800033569336,95.78040313720703,93.78814697265625,4127500
2021-12-28,95.4823989868164,96.5968017578125,94.60199737548828,95.47640228271484,93.49047088623047,3650000
2021-12-29,95.55799865722656,96.4375991821289,94.95999908447266,95.38719940185547,93.40312957763672,2575000
2021-12-30,95.42720031738281,97.14839935302734,95.42720031738281,95.83679962158203,93.8433609008789,4895000
2021-12-31,95.64600372314453,96.6968002319336,95.3499984741211,95.96920013427734,93.97300720214844,4557500
2022-01-03,96.91999816894531,98.63999938964844,95.8644027709961,98.45680236816406,96.40887451171875,9725000
2022-01-04,99.0,100.7300033569336,97.66919708251953,98.59719848632812,96.54635620117188,9540000
2022-01-05,99.16799926757812,99.22160339355469,96.51200103759766,96.53199768066406,94.52410888671875,6375000
2022-01-06,96.51959991455078,98.40599822998047,96.51959991455078,97.19879913330078,95.17704010009766,6177500
2022-01-07,97.4000015258789,98.65039825439453,96.95079803466797,97.3832015991211,95.35760498046875,5747500
2022-01-10,97.34960174560547,97.34960174560547,94.49639892578125,97.05599975585938,95.0372085571289,8185000
2022-01-11,95.68280029296875,98.97039794921875,95.68280029296875,98.77680206298828,96.72221374511719,7222500
2022-01-12,99.19999694824219,99.7979965209961,96.6803970336914,97.44400024414062,95.41712951660156,6952500
2022-01-13,97.7136001586914,99.80000305175781,97.6707992553711,98.35919952392578,96.31330108642578,6310000
2022-01-14,98.35919952392578,98.4000015258789,96.11119842529297,98.03800201416016,95.99879455566406,6902500
2022-01-18,96.9655990600586,98.0,95.06439971923828,95.36840057373047,93.38471984863281,8747500
2022-01-19,94.88639831542969,96.552001953125,94.66919708251953,95.08360290527344,93.10585021972656,6822500
2022-01-20,96.75,99.30120086669922,96.41439819335938,97.34559631347656,95.32079315185547,13950000
2022-01-21,97.34559631347656,97.34559631347656,93.57240295410156,93.83439636230469,91.88260650634766,14562500
2022-01-24,92.69280242919922,94.25399780273438,88.7468032836914,93.98480224609375,92.02989959716797,14602500
2022-01-25,91.40360260009766,94.71600341796875,89.40119934082031,93.16079711914062,91.22303009033203,11340000
2022-01-26,95.0,96.98719787597656,92.839599609375,94.82520294189453,92.85281372070312,10982500
2022-01-27,96.77639770507812,97.55760192871094,93.68280029296875,94.38600158691406,92.42274475097656,8277500
2022-01-28,94.38880157470703,96.59400177001953,93.65039825439453,96.5176010131836,94.51000213623047,7570000
2022-01-31,96.231201171875,98.80000305175781,94.92520141601562,98.24520111083984,96.20166778564453,9482500
2022-02-01,98.59839630126953,99.08399963378906,97.42320251464844,98.62560272216797,96.57417297363281,9202500
2022-02-02,99.4000015258789,99.49759674072266,97.52279663085938,97.63919830322266,95.60828399658203,9177500
2022-02-03,97.5927963256836,98.83360290527344,97.04720306396484,97.50080108642578,95.4727554321289,11522500
2022-02-04,96.3364028930664,98.79920196533203,95.65080261230469,97.71720123291016,95.6846694946289,7817500
2022-02-07,98.69599914550781,100.05560302734375,98.16639709472656,99.3219985961914,97.2560806274414,10812500
2022-02-08,99.4000015258789,101.87439727783203,99.04959869384766,101.65519714355469,99.5407485961914,11235000
2022-02-09,103.84320068359375,105.57879638671875,103.48799896240234,105.0792007446289,102.8935317993164,17337500
2022-02-10,103.23200225830078,106.33080291748047,103.23200225830078,105.13520050048828,102.94837188720703,11830000
2022-02-11,107.19999694824219,107.4800033569336,100.49800109863281,101.20040130615234,99.09540557861328,14850000
2022-02-14,100.86280059814453,103.23400115966797,100.56559753417969,101.82640075683594,99.70838928222656,11292500
2022-02-15,102.93920135498047,106.39600372314453,102.93920135498047,105.40640258789062,103.21392059326172,11377500
2022-02-16,105.35199737548828,108.62640380859375,105.28880310058594,108.13040161132812,105.8812484741211,12690000
2022-02-17,106.59239959716797,107.056396484375,104.48560333251953,104.95800018310547,102.77484893798828,8265000
2022-02-18,105.00080108642578,105.55999755859375,103.31919860839844,104.65640258789062,102.4795150756836,8215000
2022-02-22,103.53839874267578,104.70999908447266,99.47360229492188,100.72879791259766,98.63362121582031,12835000
2022-02-23,101.46920013427734,102.27040100097656,98.60040283203125,98.79319763183594,96.73827362060547,12950000
2022-02-24,86.46440124511719,91.9020004272461,85.54879760742188,91.80000305175781,89.89054107666016,37952500
2022-02-25,92.77040100097656,93.46880340576172,90.00039672851562,91.2583999633789,89.36019134521484,13652500
2022-02-28,89.6719970703125,89.6719970703125,86.14640045166016,86.88999938964844,85.0826644897461,20442500
2022-03-01,85.93800354003906,85.93800354003906,82.5291976928711,82.87999725341797,81.15606689453125,20915000
2022-03-02,83.64640045166016,87.7323989868164,83.54720306396484,86.54080200195312,84.74072265625,14502500
2022-03-03,86.92359924316406,87.9207992553711,83.59559631347656,84.0823974609375,82.3334732055664,11222500
2022-03-04,81.93160247802734,82.3988037109375,78.54840087890625,79.40160369873047,77.75003051757812,18667500
2022-03-07,78.8104019165039,79.16200256347656,72.63880157470703,72.6864013671875,71.17449188232422,27232500
2022-03-08,73.73560333251953,79.27120208740234,71.85800170898438,75.981201171875,74.40077209472656,30175000
2022-03-09,80.38159942626953,83.3196029663086,80.30000305175781,81.4188003540039,79.72527313232422,19410000
2022-03-10,79.04039764404297,82.44599914550781,78.6447982788086,81.21440124511719,79.52511596679688,15962500
2022-03-11,82.4800033569336,83.2300033569336,80.42559814453125,80.69599914550781,79.01749420166016,9017500
2022-03-14,80.40799713134766,81.61920166015625,79.43000030517578,79.99800109863281,78.33403778076172,10630000
2022-03-15,81.30879974365234,84.05039978027344,80.60359954833984,83.20719909667969,81.4764633178711,11885000
2022-03-16,85.48799896240234,89.58879852294922,85.20040130615234,88.09760284423828,86.26514434814453,18510000
2022-03-17,86.68720245361328,87.58439636230469,84.80120086669922,86.44560241699219,84.64749908447266,9825000
2022-03-18,86.44560241699219,88.37519836425781,85.36360168457031,87.45240020751953,85.63336181640625,12730000
2022-03-21,88.18000030517578,88.18000030517578,85.68000030517578,86.45559692382812,84.65729522705078,7837500
2022-03-22,86.83999633789062,88.68879699707031,86.5604019165039,88.07839965820312,86.24634552001953,6790000
2022-03-23,88.19280242919922,88.35279846191406,86.08080291748047,86.38999938964844,84.59306335449219,7302500
2022-03-24,86.55999755859375,90.63880157470703,86.47959899902344,90.47959899902344,88.59761047363281,8500000
2022-03-25,90.67880249023438,91.92320251464844,89.04720306396484,89.91719818115234,88.04689025878906,6195000
2022-03-28,90.43080139160156,91.23159790039062,88.8280029296875,91.07279968261719,89.17845916748047,6620000
2022-03-29,93.61399841308594,96.83560180664062,93.61399841308594,94.87680053710938,92.9033432006836,13417500
2022-03-30,94.72160339355469,94.72160339355469,92.71720123291016,93.11959838867188,91.18267822265625,6157500
2022-03-31,94.57319641113281,95.57839965820312,93.91200256347656,93.93800354003906,91.98407745361328,8882500
2022-04-01,95.10479736328125,96.73159790039062,94.0,94.71320343017578,92.7431411743164,7052500
2022-04-04,95.02680206298828,95.19840240478516,93.36160278320312,94.9988021850586,93.02281188964844,7335000
2022-04-05,93.90119934082031,94.90480041503906,91.70279693603516,91.91999816894531,90.00804901123047,8880000
2022-04-06,89.50479888916016,89.56159973144531,87.78359985351562,88.8855972290039,87.03675079345703,10555000
2022-04-07,88.32720184326172,88.98560333251953,86.84919738769531,88.52799987792969,86.68659210205078,7487500
2022-04-08,88.13800048828125,89.12319946289062,86.65519714355469,86.6968002319336,84.89348602294922,7540000
2022-04-11,86.0,88.38240051269531,85.7979965209961,86.76840209960938,84.9636001586914,6315000
2022-04-12,87.87799835205078,89.2947998046875,86.91280364990234,87.25520324707031,85.44027709960938,6960000
2022-04-13,87.69000244140625,90.89240264892578,87.62760162353516,90.40440368652344,88.52396392822266,8210000
2022-04-14,91.08000183105469,92.29840087890625,88.53800201416016,89.09159851074219,87.23846435546875,10055000
2022-04-18,88.4000015258789,89.04720306396484,86.91999816894531,87.97239685058594,86.14254760742188,8235000
2022-04-19,88.19239807128906,90.11959838867188,88.19239807128906,89.57520294189453,87.7120132446289,8492500
2022-04-20,90.4000015258789,91.37000274658203,89.75080108642578,90.0719985961914,88.19847869873047,6637500
2022-04-21,92.6427993774414,93.51599884033203,88.97119903564453,89.57279968261719,87.70966339111328,9745000
2022-04-22,89.04000091552734,90.55840301513672,88.3927993774414,88.55480194091797,86.71283721923828,7545000
2022-04-25,87.68280029296875,90.66639709472656,87.46040344238281,89.84159851074219,87.97286224365234,10505000
2022-04-26,89.27359771728516,89.73079681396484,86.35800170898438,86.39839935302734,84.60128021240234,11090000
2022-04-27,87.5199966430664,91.20279693603516,87.36000061035156,90.35800170898438,88.47853088378906,11597500
2022-04-28,91.43240356445312,94.53800201416016,90.3687973022461,92.71199798583984,90.78356170654297,12080000
2022-04-29,91.70159912109375,92.60800170898438,88.24759674072266,88.41239929199219,86.57339477539062,11827500
2022-05-02,88.27999877929688,88.98359680175781,84.63999938964844,87.716796875,85.89226531982422,14875000
2022-05-03,88.15039825439453,88.21880340576172,82.46759796142578,84.23719787597656,82.48503875732422,15505000
2022-05-04,83.5199966430664,84.3843994140625,79.88960266113281,84.1332015991211,82.38320922851562,21817500
2022-05-05,92.0,92.31999969482422,86.26799774169922,86.87640380859375,85.06935119628906,25987500
2022-05-06,85.80560302734375,89.79920196533203,83.30799865722656,87.76920318603516,85.9435806274414,17250000
2022-05-09,84.21399688720703,85.72840118408203,80.83679962158203,80.94280242919922,79.2591781616211,16795000
2022-05-10,83.9927978515625,83.9927978515625,80.5436019897461,81.79920196533203,80.0977554321289,12287500
2022-05-11,82.54399871826172,85.44280242919922,80.46199798583984,82.88600158691406,81.16194915771484,11542500
2022-05-12,82.05760192871094,84.59120178222656,80.07720184326172,82.12200164794922,80.4138412475586,10910000
2022-05-13,84.1719970703125,84.99960327148438,82.88839721679688,84.07559967041016,82.3268051147461,7547500
2022-05-16,83.44439697265625,83.78359985351562,81.34439849853516,81.84040069580078,80.13809967041016,7232500
2022-05-17,85.0,86.44000244140625,84.39440155029297,85.86360168457031,84.07762145996094,10177500
2022-05-18,84.80000305175781,85.36239624023438,81.68000030517578,82.01519775390625,80.30925750732422,9012500
2022-05-19,82.38480377197266,85.69719696044922,81.70320129394531,84.13600158691406,82.38594818115234,9680000
2022-05-20,85.11080169677734,85.29119873046875,82.11399841308594,84.63600158691406,82.87554931640625,10775000
2022-05-23,86.29560089111328,86.29560089111328,83.7863998413086,84.26599884033203,82.51324462890625,7407500
2022-05-24,83.57720184326172,83.78959655761719,80.77400207519531,82.00240325927734,80.29673767089844,8475000
2022-05-25,81.52279663085938,86.69439697265625,81.52279663085938,85.88880157470703,84.10227966308594,8907500
2022-05-26,86.83280181884766,90.08000183105469,86.33480072021484,88.86039733886719,87.01207733154297,7555000
2022-05-27,90.54440307617188,90.966796875,89.54000091552734,90.63919830322266,88.75387573242188,7715000
2022-05-31,89.73280334472656,90.76000213623047,87.80159759521484,89.74240112304688,87.87572479248047,12627500
2022-06-01,90.5999984741211,91.0719985961914,87.88600158691406,89.54280090332031,87.68029022216797,6462500
2022-06-02,90.38200378417969,95.35600280761719,90.27400207519531,94.89440155029297,92.92057037353516,12002500
2022-06-03,92.69439697265625,95.1572036743164,92.43599700927734,93.43479919433594,91.4913330078125,7717500
2022-06-06,94.65760040283203,95.7323989868164,93.30999755859375,93.89199829101562,91.93902587890625,5165000
2022-06-07,92.0811996459961,93.8407974243164,92.0,93.06919860839844,91.13333892822266,5865000
2022-06-08,92.13800048828125,94.19999694824219,92.01480102539062,93.83200073242188,91.88027954101562,6742500
2022-06-09,93.19999694824219,93.44200134277344,91.04920196533203,91.11360168457031,89.21842193603516,9312500
2022-06-10,87.99320220947266,88.3280029296875,83.86119842529297,84.19840240478516,82.4470443725586,10787500
2022-06-13,80.25800323486328,80.64600372314453,76.53720092773438,79.17279815673828,77.52598571777344,18240000
2022-06-14,79.33399963378906,79.83439636230469,76.12079620361328,78.0604019165039,76.43671417236328,14465000
2022-06-15,79.71600341796875,80.15519714355469,77.26439666748047,78.92960357666016,77.28784942626953,9507500
2022-06-16,76.1144027709961,76.37079620361328,73.29199981689453,73.84960174560547,72.31351470947266,13827500
2022-06-17,74.07679748535156,76.89839935302734,74.02040100097656,76.2748031616211,74.68827056884766,14137500
2022-06-21,77.98320007324219,78.15480041503906,76.53520202636719,77.4916000366211,75.87975311279297,15080000
2022-06-22,75.8667984008789,77.8667984008789,75.28919982910156,75.59359741210938,74.02123260498047,10967500
2022-06-23,74.8656005859375,75.04959869384766,71.80039978027344,73.40239715576172,71.87561798095703,15050000
2022-06-24,74.71320343017578,77.32080078125,74.1332015991211,77.24199676513672,75.63534545898438,12730000
2022-06-27,77.59639739990234,77.98400115966797,75.6404037475586,75.84960174560547,74.27191162109375,8612500
2022-06-28,76.87039947509766,78.16000366210938,73.41320037841797,73.53679656982422,72.00720977783203,10130000
2022-06-29,72.95359802246094,73.35399627685547,70.4000015258789,72.41320037841797,70.90699005126953,10575000
2022-06-30,70.1052017211914,71.35679626464844,68.12200164794922,69.95960235595703,68.5044174194336,16017500
2022-07-01,69.7239990234375,70.71920013427734,68.79000091552734,70.71920013427734,69.24822235107422,8907500
2022-07-05,68.46119689941406,71.88639831542969,67.57839965820312,71.51840209960938,70.03079986572266,13140000
2022-07-06,71.74759674072266,72.2979965209961,69.84519958496094,70.0344009399414,68.57766723632812,9735000
2022-07-07,71.32759857177734,71.95999908447266,70.43240356445312,71.43679809570312,69.95089721679688,8367500
2022-07-08,70.54640197753906,71.26000213623047,69.02400207519531,70.7791976928711,69.30696868896484,5767500
2022-07-11,69.50640106201172,70.17720031738281,68.55999755859375,68.98200225830078,67.54716491699219,8882500
2022-07-12,69.2959976196289,70.49320220947266,68.68119812011719,69.52999877929688,68.08375549316406,8067500
2022-07-13,67.70120239257812,69.90119934082031,67.12039947509766,69.52120208740234,68.07514190673828,7217500
2022-07-14,67.65599822998047,68.36799621582031,66.77359771728516,66.9563980102539,65.56369018554688,13430000
2022-07-15,68.36959838867188,68.93240356445312,67.21720123291016,67.943603515625,66.53036499023438,12025000
2022-07-18,69.79640197753906,71.5999984741211,69.16600036621094,69.55159759521484,68.10489654541016,11110000
2022-07-19,70.9448013305664,73.69879913330078,70.9448013305664,73.39199829101562,71.86542510986328,11180000
2022-07-20,73.08999633789062,73.96320343017578,72.26239776611328,73.39199829101562,71.86542510986328,11887500
2022-07-21,72.58879852294922,73.26280212402344,71.43599700927734,73.17639923095703,71.65431213378906,8442500
2022-07-22,74.12079620361328,74.30359649658203,71.88159942626953,72.39520263671875,70.88935852050781,7712500
2022-07-25,72.7531967163086,73.75959777832031,72.14080047607422,73.38680267333984,71.86033630371094,8495000
2022-07-26,72.82520294189453,72.98200225830078,71.79000091552734,71.83200073242188,70.33787536621094,7510000
2022-07-27,73.47039794921875,76.12640380859375,73.47039794921875,75.10320281982422,73.54103088378906,10187500
2022-07-28,75.46399688720703,76.53040313720703,74.28279876708984,76.51719665527344,74.92562103271484,8007500
2022-07-29,76.54440307617188,77.8583984375,76.00039672851562,77.42759704589844,75.81708526611328,9965000
2022-08-01,76.94999694824219,76.98320007324219,74.51959991455078,76.26679992675781,74.68042755126953,10207500
2022-08-02,76.26679992675781,78.88800048828125,76.11199951171875,78.25199890136719,76.62434387207031,11000000
2022-08-03,77.40039825439453,78.96279907226562,76.90560150146484,78.6592025756836,77.02305603027344,15337500
2022-08-04,76.033203125,78.17680358886719,75.02279663085938,77.88999938964844,76.2698745727539,20115000
2022-08-05,77.35040283203125,78.23680114746094,76.16000366210938,76.9988021850586,75.39720153808594,9590000
2022-08-08,76.91519927978516,79.57959747314453,76.91519927978516,78.23200225830078,76.6047592163086,8742500
2022-08-09,78.06600189208984,78.28839874267578,76.77200317382812,78.28839874267578,76.65998077392578,7495000
2022-08-10,80.00080108642578,81.0884017944336,79.22560119628906,80.94760131835938,79.26387786865234,11595000
2022-08-11,82.46440124511719,83.94719696044922,82.03520202636719,82.55039978027344,80.83332061767578,9460000
2022-08-12,83.3583984375,84.91960144042969,82.89399719238281,84.83920288085938,83.07452392578125,8242500
2022-08-15,84.08000183105469,86.31880187988281,84.0,85.19039916992188,83.41841888427734,9440000
2022-08-16,84.65080261230469,86.44200134277344,84.60800170898438,86.05359649658203,84.263671875,6592500
2022-08-17,84.50479888916016,85.72239685058594,84.06559753417969,85.18599700927734,83.41410827636719,6410000
2022-08-18,84.75479888916016,86.18920135498047,84.34839630126953,85.78919982910156,84.0047607421875,5397500
2022-08-19,84.87159729003906,85.1719970703125,83.35679626464844,83.47679901123047,81.74046325683594,5907500
2022-08-22,80.73719787597656,81.68240356445312,78.76319885253906,78.90679931640625,77.26551055908203,11625000
2022-08-23,79.03880310058594,80.48400115966797,79.02559661865234,79.71320343017578,78.05514526367188,8085000
2022-08-24,78.87920379638672,80.76640319824219,78.8196029663086,79.63839721679688,77.98189544677734,5727500
2022-08-25,80.0,81.35800170898438,79.79840087890625,80.34159851074219,78.67048645019531,6260000
2022-08-26,80.54119873046875,80.83360290527344,76.31999969482422,76.43840026855469,74.84846496582031,9595000
2022-08-29,75.87999725341797,76.85479736328125,75.44400024414062,75.94640350341797,74.36669158935547,8010000
2022-08-30,76.83999633789062,76.99960327148438,74.79560089111328,75.20919799804688,73.64483642578125,8132500
2022-08-31,75.66480255126953,76.6760025024414,74.93679809570312,75.03240203857422,73.47171020507812,9740000
2022-09-01,74.36000061035156,74.94120025634766,72.07640075683594,74.10040283203125,72.55909729003906,14422500
2022-09-02,74.55439758300781,74.91600036621094,72.7583999633789,73.51640319824219,71.98724365234375,8440000
2022-09-06,73.51640319824219,73.94239807128906,71.20359802246094,72.59400177001953,71.08401489257812,8460000
2022-09-07,72.96759796142578,75.23159790039062,72.28600311279297,74.89800262451172,73.34010314941406,9877500
2022-09-08,73.73200225830078,76.49400329589844,73.19159698486328,76.24079895019531,74.65496063232422,11545000
2022-09-09,76.80000305175781,79.39959716796875,76.72200012207031,79.24120330810547,77.59297943115234,13172500
2022-09-12,80.40840148925781,81.23799896240234,80.0103988647461,80.53279876708984,78.8576889038086,10287500
2022-09-13,77.63999938964844,78.71160125732422,76.53919982910156,76.83200073242188,75.23387908935547,9900000
2022-09-14,76.67120361328125,78.80159759521484,75.88480377197266,78.69519805908203,77.05831146240234,7575000
2022-09-15,78.22480010986328,80.60199737548828,77.88960266113281,78.27079772949219,76.64274597167969,9522500
2022-09-16,77.36000061035156,77.38480377197266,74.17559814453125,75.05799865722656,73.49677276611328,19800000
2022-09-19,73.96399688720703,76.4000015258789,73.96399688720703,76.11959838867188,74.53628540039062,6687500
2022-09-20,75.50920104980469,77.05799865722656,75.1531982421875,75.86519622802734,74.28718566894531,7762500
2022-09-21,75.52839660644531,75.63359832763672,72.23560333251953,72.26799774169922,70.76481628417969,9315000
2022-09-22,72.23999786376953,72.24320220947266,68.5999984741211,68.82319641113281,67.39166259765625,14470000
2022-09-23,67.84600067138672,67.95600128173828,65.84159851074219,66.79519653320312,65.40584564208984,15725000
2022-09-26,67.1072006225586,68.5719985961914,66.76000213623047,66.7699966430664,65.38115692138672,11222500
2022-09-27,67.86000061035156,68.42520141601562,66.2155990600586,66.76640319824219,65.37763977050781,10032500
2022-09-28,66.4751968383789,69.4395980834961,66.11759948730469,69.07520294189453,67.638427734375,9547500
2022-09-29,67.62200164794922,67.9000015258789,66.38760375976562,67.15679931640625,65.75991821289062,8620000
2022-09-30,66.35880279541016,68.07039642333984,65.67479705810547,65.72840118408203,64.36124420166016,12460000
2022-10-03,66.89759826660156,67.76000213623047,65.04879760742188,67.1572036743164,65.76031494140625,9672500
2022-10-04,69.15959930419922,70.62120056152344,69.08799743652344,70.36160278320312,68.8980712890625,11652500
2022-10-05,69.07240295410156,69.80000305175781,68.38279724121094,69.06839752197266,67.63176727294922,8757500
2022-10-06,68.9468002319336,69.31639862060547,67.70439910888672,68.38919830322266,66.96669006347656,9282500
2022-10-07,67.23079681396484,67.96119689941406,66.72480010986328,67.40640258789062,66.00433349609375,11085000
2022-10-10,67.97000122070312,68.06600189208984,66.30439758300781,66.85320281982422,65.46263885498047,6957500
2022-10-11,66.85320281982422,66.85320281982422,64.83360290527344,65.3843994140625,64.02438354492188,7617500
2022-10-12,65.75920104980469,67.30239868164062,65.160400390625,67.0248031616211,65.63066101074219,7270000
2022-10-13,65.04920196533203,68.4364013671875,64.67400360107422,67.6852035522461,66.2773208618164,11942500
2022-10-14,68.61080169677734,69.43440246582031,66.69000244140625,66.8196029663086,65.42974090576172,9725000
2022-10-17,68.13040161132812,70.07959747314453,68.05359649658203,69.89959716796875,68.44566345214844,7970000
2022-10-18,72.00440216064453,72.62359619140625,70.01920318603516,70.9583969116211,69.4824447631836,9185000
2022-10-19,70.03479766845703,71.99919891357422,70.03479766845703,70.872802734375,69.39862060546875,7840000
2022-10-20,70.7844009399414,73.08000183105469,70.54280090332031,70.9448013305664,69.46913146972656,8627500
2022-10-21,70.8812026977539,73.1719970703125,70.40080261230469,72.9115982055664,71.39502716064453,7672500
2022-10-24,72.52079772949219,73.14559936523438,70.55999755859375,72.34239959716797,70.83765411376953,7845000
2022-10-25,72.09120178222656,75.20919799804688,72.09120178222656,74.9843978881836,73.4247055053711,8120000
2022-10-26,74.9843978881836,76.72200012207031,73.90080261230469,74.06079864501953,72.52030944824219,9390000
2022-10-27,74.7748031616211,75.03399658203125,72.92479705810547,73.34960174560547,71.82391357421875,9390000
2022-10-28,73.5604019165039,74.98880004882812,72.5416030883789,74.8687973022461,73.31150817871094,11517500
2022-10-31,74.8364028930664,75.4135971069336,73.51360321044922,74.7791976928711,73.22377014160156,8955000
2022-11-01,75.6500015258789,77.08000183105469,75.44159698486328,75.58080291748047,74.00871276855469,8722500
2022-11-02,74.5115966796875,75.38919830322266,70.85279846191406,71.127197265625,69.64774322509766,15147500
2022-11-03,73.95999908447266,76.10800170898438,72.910400390625,73.0291976928711,71.51016235351562,18565000
2022-11-04,75.39320373535156,76.64600372314453,74.08399963378906,74.97599792480469,73.41647338867188,10967500
2022-11-07,75.04039764404297,75.47319793701172,71.91680145263672,73.35279846191406,71.8270492553711,10847500
2022-11-08,73.43160247802734,75.71800231933594,73.2228012084961,74.36759948730469,72.82073974609375,7942500
2022-11-09,73.5999984741211,75.2936019897461,73.20279693603516,74.63279724121094,73.0804214477539,8987500
2022-11-10,77.87439727783203,78.21199798583984,76.65599822998047,77.86039733886719,76.24088287353516,12905000
2022-11-11,77.45240020751953,81.33519744873047,77.45240020751953,80.63079833984375,78.95365142822266,11070000
2022-11-14,79.86039733886719,80.78079986572266,78.96040344238281,79.16999816894531,77.52323913574219,10392500
2022-11-15,81.18479919433594,82.47840118408203,79.00879669189453,80.07599639892578,78.41039276123047,10280000
2022-11-16,80.35800170898438,81.1531982421875,79.5999984741211,80.55120086669922,78.87572479248047,7562500
2022-11-17,78.43679809570312,78.89800262451172,76.09839630126953,77.63040161132812,76.01567840576172,12372500
2022-11-18,78.39080047607422,78.88800048828125,77.0199966430664,77.61119842529297,75.99686431884766,7652500
2022-11-21,76.9176025390625,77.93679809570312,76.00039672851562,76.77960205078125,75.18257141113281,6997500
2022-11-22,77.19999694824219,78.00199890136719,75.97239685058594,77.87879943847656,76.25889587402344,8177500
2022-11-23,78.19519805908203,80.08000183105469,78.0696029663086,78.77799987792969,77.13938903808594,6360000
2022-11-25,78.73919677734375,79.8511962890625,78.52880096435547,79.38520050048828,77.73396301269531,4220000
2022-11-28,79.44080352783203,80.19599914550781,79.12239837646484,79.39600372314453,77.74455261230469,8285000
2022-11-29,79.40840148925781,81.10279846191406,79.40840148925781,80.6864013671875,79.00809478759766,7117500
2022-11-30,81.27999877929688,83.38800048828125,80.48799896240234,83.1780014038086,81.44788360595703,11102500
2022-12-01,83.3479995727539,84.02559661865234,81.91999816894531,82.4115982055664,80.69741821289062,7297500
2022-12-02,81.2656021118164,83.77960205078125,80.98919677734375,83.4176025390625,81.6824951171875,6760000
2022-12-05,82.2427978515625,83.4751968383789,81.87079620361328,82.26080322265625,80.54975891113281,6975000
2022-12-06,82.32160186767578,82.99800109863281,80.94039916992188,81.6875991821289,79.98846435546875,6570000
2022-12-07,79.052001953125,79.50559997558594,77.61039733886719,78.22239685058594,76.59534454345703,10385000
2022-12-08,78.49559783935547,80.83159637451172,77.94560241699219,80.4303970336914,78.75743103027344,7852500
2022-12-09,80.06600189208984,81.24839782714844,79.65160369873047,80.79920196533203,79.1185531616211,6050000
2022-12-12,80.80159759521484,83.2760009765625,80.5999984741211,83.19999694824219,81.46941375732422,8375000
2022-12-13,86.09480285644531,86.09480285644531,81.53279876708984,81.91320037841797,80.20938873291016,10472500
2022-12-14,82.28160095214844,82.7863998413086,79.52040100097656,80.27200317382812,78.60232543945312,10037500
2022-12-15,78.67359924316406,79.04879760742188,78.09239959716797,78.62760162353516,76.99214172363281,8557500
2022-12-16,77.9751968383789,78.89119720458984,77.12039947509766,77.54199981689453,75.92911529541016,20197500
2022-12-19,78.0823974609375,78.37799835205078,76.78399658203125,77.25759887695312,75.65061950683594,6962500
2022-12-20,76.98880004882812,78.52439880371094,76.98880004882812,78.34040069580078,76.71090698242188,6132500
2022-12-21,79.02320098876953,79.89959716796875,78.7136001586914,78.83599853515625,77.19619750976562,6275000
2022-12-22,77.90799713134766,77.90799713134766,76.29519653320312,77.3196029663086,75.71134185791016,6317500
2022-12-23,77.05680084228516,78.93360137939453,76.7488021850586,78.86080169677734,77.22046661376953,3945000
2022-12-27,79.11519622802734,80.49559783935547,78.48760223388672,79.93080139160156,78.26821899414062,5787500
2022-12-28,80.29959869384766,81.19999694824219,78.21399688720703,78.35359954833984,76.72383117675781,6022500
2022-12-29,79.39199829101562,80.52279663085938,78.98320007324219,80.1404037475586,78.47347259521484,5165000
2022-12-30,79.17160034179688,80.7040023803711,79.12000274658203,80.61119842529297,78.93446350097656,4917500
2023-01-03,81.5531997680664,81.95999908447266,80.2228012084961,81.28839874267578,79.59757995605469,6672500
2023-01-04,82.7531967163086,84.5436019897461,82.27120208740234,84.4176025390625,82.66169738769531,9202500
2023-01-05,83.41960144042969,86.13880157470703,83.41960144042969,85.79759979248047,84.01299285888672,9400000
2023-01-06,86.60479736328125,87.64800262451172,86.04640197753906,87.16999816894531,85.35684204101562,8760000
2023-01-09,87.80000305175781,88.90080261230469,87.39679718017578,88.3364028930664,86.49898529052734,6790000
2023-01-10,88.02239990234375,88.8384017944336,87.17279815673828,88.83799743652344,86.99014282226562,5417500
2023-01-11,88.93399810791016,89.85079956054688,88.62000274658203,88.99240112304688,87.1413345336914,7247500
2023-01-12,89.02120208740234,90.7063980102539,88.58599853515625,90.27079772949219,88.39315032958984,7302500
2023-01-13,88.93399810791016,92.08039855957031,88.88639831542969,92.05359649658203,90.13887023925781,7267500
2023-01-17,91.91639709472656,93.45320129394531,91.91639709472656,93.36080169677734,91.41886901855469,8600000
2023-01-18,94.4000015258789,94.98880004882812,91.73760223388672,91.85800170898438,89.94733428955078,7677500
2023-01-19,90.80000305175781,92.89360046386719,90.7343978881836,92.61599731445312,90.6895523071289,7105000
2023-01-20,93.08480072021484,94.01959991455078,92.81120300292969,93.77159881591797,91.82112884521484,7592500
2023-01-23,93.5999984741211,96.15119934082031,93.19200134277344,96.06320190429688,94.0650634765625,8522500
2023-01-24,96.10479736328125,97.2343978881836,95.75479888916016,96.09359741210938,94.09481811523438,5927500
2023-01-25,91.93000030517578,95.71959686279297,91.58760070800781,95.62999725341797,93.640869140625,7607500
2023-01-26,96.0,97.35440063476562,95.90039825439453,97.24600219726562,95.22325134277344,5950000
2023-01-27,96.87120056152344,98.98359680175781,96.87120056152344,98.58039855957031,96.52989959716797,7475000
2023-01-30,97.35800170898438,98.25199890136719,96.55480194091797,97.47920227050781,95.45160675048828,7930000
2023-01-31,96.7936019897461,97.4395980834961,96.13760375976562,97.36399841308594,95.33879852294922,8452500
2023-02-01,96.89360046386719,98.4896011352539,95.60600280761719,97.82959747314453,95.79472351074219,10280000
2023-02-02,98.23400115966797,99.3916015625,97.55840301513672,98.1875991821289,96.145263671875,8650000
2023-02-03,96.90760040283203,98.88880157470703,96.39520263671875,98.20279693603516,96.16015625,7182500
2023-02-06,97.19239807128906,98.99479675292969,97.0363998413086,98.7979965209961,96.74297332763672,6152500
2023-02-07,98.5927963256836,99.59919738769531,96.51519775390625,99.48760223388672,97.41822814941406,10705000
2023-02-08,98.51200103759766,99.43879699707031,96.80599975585938,97.0031967163086,94.98551940917969,8765000
2023-02-09,98.4728012084961,99.62799835205078,97.42320251464844,97.4448013305664,95.41792297363281,8725000
2023-02-10,95.34839630126953,96.18560028076172,93.24919891357422,93.93479919433594,91.98094177246094,14190000
2023-02-13,95.07759857177734,97.3135986328125,94.6635971069336,96.92120361328125,94.90521240234375,6725000
2023-02-14,96.7251968383789,99.24520111083984,96.39839935302734,98.84200286865234,96.78605651855469,6590000
2023-02-15,100.0,100.77680206298828,99.28079986572266,100.66320037841797,98.56938171386719,7482500
2023-02-16,98.99199676513672,101.4800033569336,98.77999877929688,99.72720336914062,97.65284729003906,8530000
2023-02-17,98.62560272216797,98.98680114746094,97.70040130615234,98.48040008544922,96.43199157714844,7175000
2023-02-21,96.60240173339844,97.9884033203125,96.60240173339844,97.01959991455078,95.0015640258789,5630000
2023-02-22,96.93080139160156,97.98680114746094,96.74400329589844,97.06839752197266,95.04935455322266,4150000
2023-02-23,97.1895980834961,98.1615982055664,95.302001953125,97.05960083007812,95.04073333740234,10490000
2023-02-24,97.19999694824219,99.56839752197266,96.20159912109375,98.09919738769531,96.05870819091797,14092500
2023-02-27,99.2155990600586,101.15039825439453,99.00479888916016,100.84320068359375,98.74564361572266,9072500
2023-02-28,100.47360229492188,101.95559692382812,100.0459976196289,100.95999908447266,98.86000061035156,8500000
2023-03-01,101.19999694824219,102.16999816894531,100.99639892578125,102.0927963256836,99.96925354003906,8222500
2023-03-02,101.5864028930664,103.34400177001953,101.11280059814453,103.11319732666016,100.96841430664062,8217500
2023-03-03,104.0,105.12999725341797,103.5719985961914,104.81600189208984,102.63581085205078,10477500
2023-03-06,102.98639678955078,105.05840301513672,102.98639678955078,104.53720092773438,102.36280059814453,11200000
2023-03-07,103.99079895019531,105.19999694824219,102.8572006225586,103.15599822998047,101.01033020019531,7430000
2023-03-08,103.09600067138672,104.00160217285156,102.54759979248047,103.3147964477539,101.16582489013672,5285000
2023-03-09,102.85639953613281,103.49479675292969,100.14199829101562,100.2155990600586,98.13109588623047,8157500
2023-03-10,100.35559844970703,100.98359680175781,98.45880126953125,99.21959686279297,97.15581512451172,9590000
2023-03-13,98.39399719238281,98.7063980102539,97.31759643554688,97.55560302734375,95.52640533447266,10455000
2023-03-14,99.96080017089844,100.5344009399414,98.4000015258789,99.02999877929688,96.97016143798828,9472500
2023-03-15,96.74559783935547,97.38079833984375,95.32720184326172,96.62920379638672,94.6192855834961,10640000
2023-03-16,96.1592025756836,98.09760284423828,96.04039764404297,97.59639739990234,95.56636810302734,8440000
2023-03-17,97.59639739990234,97.82440185546875,95.71240234375,97.63400268554688,95.60317993164062,19970000
2023-03-20,98.02120208740234,100.15560150146484,97.52519989013672,99.74919891357422,97.67439270019531,8072500
2023-03-21,100.71240234375,103.26799774169922,100.71240234375,102.85279846191406,100.71343231201172,7062500
2023-03-22,103.09480285644531,104.47959899902344,102.27999877929688,102.32959747314453,100.20111083984375,6827500
2023-03-23,102.92040252685547,104.62519836425781,100.9540023803711,101.55039978027344,99.4381332397461,8812500
2023-03-24,100.40360260009766,100.5551986694336,98.64080047607422,99.97319793701172,97.89373016357422,8240000
2023-03-27,101.0,101.71199798583984,100.17919921875,100.3323974609375,98.2454605102539,6160000
2023-03-28,100.80000305175781,102.16719818115234,100.3323974609375,101.80480194091797,99.68722534179688,5895000
2023-03-29,103.2572021484375,103.38040161132812,102.20559692382812,102.87079620361328,100.73104858398438,5917500
2023-03-30,103.53600311279297,104.97959899902344,103.22000122070312,104.3904037475586,102.21906280517578,6635000
2023-03-31,105.02799987792969,106.43440246582031,104.87960052490234,106.09639739990234,103.88957214355469,9145000
2023-04-03,105.7916030883789,107.08719635009766,105.19999694824219,106.60759735107422,104.39012908935547,5577500
2023-04-04,106.8855972290039,106.99800109863281,105.0,105.533203125,103.33808135986328,6517500
2023-04-05,105.32080078125,105.40599822998047,103.5999984741211,104.6240005493164,102.44779968261719,6522500
2023-04-06,104.2300033569336,104.2300033569336,102.08000183105469,103.35399627685547,101.2042007446289,6817500
2023-04-10,102.60240173339844,103.4031982421875,102.08760070800781,102.90280151367188,100.76239776611328,5145000
2023-04-11,103.27239990234375,103.54720306396484,102.44239807128906,102.65879821777344,100.52347564697266,5917500
2023-04-12,103.51439666748047,103.51679992675781,101.38079833984375,101.88999938964844,99.77066040039062,6905000
2023-04-13,102.76000213623047,105.24400329589844,102.41999816894531,105.1852035522461,102.99732971191406,8365000
2023-04-14,105.05799865722656,106.31919860839844,104.62480163574219,105.99440002441406,103.7896957397461,4635000
2023-04-17,105.27880096435547,107.04720306396484,105.27880096435547,107.04199981689453,104.81549835205078,4392500
2023-04-18,107.84519958496094,108.8740005493164,107.51239776611328,107.86720275878906,105.62353515625,6125000
2023-04-19,107.35399627685547,107.79440307617188,106.90239715576172,107.05120086669922,104.82451629638672,4962500
2023-04-20,106.56999969482422,107.98799896240234,106.27239990234375,106.43080139160156,104.2170181274414,6192500
2023-04-21,106.50479888916016,107.58879852294922,105.31999969482422,107.49320220947266,105.25731658935547,5252500
2023-04-24,107.91000366210938,108.27999877929688,106.67440032958984,107.1875991821289,104.95807647705078,6090000
2023-04-25,107.02040100097656,107.02040100097656,105.64800262451172,105.80079650878906,103.60010528564453,7090000
2023-04-26,105.73760223388672,106.4020004272461,103.43240356445312,103.8947982788086,101.73375701904297,8935000
2023-04-27,104.87999725341797,105.63400268554688,103.09239959716797,105.57759857177734,103.38154602050781,9422500
2023-04-28,105.24759674072266,107.75679779052734,104.8280029296875,107.45240020751953,105.21735382080078,7382500
2023-05-01,107.21279907226562,108.79920196533203,107.1488037109375,107.64360046386719,105.40457916259766,6307500
2023-05-02,107.4739990234375,109.2699966430664,107.4739990234375,108.64199829101562,106.38221740722656,7287500
2023-05-03,108.86519622802734,108.86519622802734,105.43119812011719,105.84839630126953,103.64672088623047,9997500
2023-05-04,104.43679809570312,105.83999633789062,104.02359771728516,104.1427993774414,101.97659301757812,12195000
2023-05-05,105.21279907226562,106.00599670410156,100.97360229492188,102.77200317382812,100.63431549072266,19705000
2023-05-08,102.92479705810547,105.9260025024414,102.92479705810547,105.57879638671875,103.38274383544922,8622500
2023-05-09,105.0176010131836,106.58360290527344,104.34320068359375,105.39640045166016,103.20413970947266,8487500
2023-05-10,105.39640045166016,106.55919647216797,103.94519805908203,105.83679962158203,103.63536834716797,10295000
2023-05-11,105.47480010986328,106.73600006103516,105.41560363769531,106.26319885253906,104.05289459228516,5307500
2023-05-12,107.18920135498047,107.18920135498047,105.0,105.23280334472656,103.04393005371094,5507500
2023-05-15,105.07959747314453,106.12359619140625,104.83799743652344,105.8427963256836,103.64125061035156,4967500
2023-05-16,106.4000015258789,107.69159698486328,105.85240173339844,105.85279846191406,103.6510238647461,5630000
2023-05-17,106.47560119628906,107.9896011352539,105.62519836425781,107.86799621582031,105.62431335449219,7440000
2023-05-18,107.94840240478516,111.4739990234375,107.77359771728516,111.23919677734375,108.92538452148438,8440000
2023-05-19,111.23880004882812,111.23880004882812,110.14080047607422,110.61039733886719,108.3096694946289,8590000
2023-05-22,110.57319641113281,111.44760131835938,107.7208023071289,107.82479858398438,105.58201599121094,7070000
2023-05-23,107.05000305175781,107.20320129394531,104.92440032958984,105.49960327148438,103.30519104003906,7242500
2023-05-24,104.88999938964844,105.72640228271484,103.81520080566406,105.033203125,102.8484878540039,6752500
2023-05-25,105.49839782714844,105.50559997558594,102.84519958496094,103.8947982788086,101.73375701904297,9507500
2023-05-26,104.59919738769531,106.5719985961914,103.53479766845703,103.64520263671875,101.4893569946289,11632500
2023-05-30,103.80879974365234,104.24960327148438,100.8051986694336,101.15080261230469,99.04684448242188,12142500
2023-05-31,100.6707992553711,100.92160034179688,98.2771987915039,100.35079956054688,98.26348114013672,20580000
2023-06-01,100.12480163574219,102.72799682617188,100.01399993896484,102.0,99.87835693359375,7977500
2023-06-02,103.09239959716797,105.37920379638672,102.73919677734375,105.0260009765625,102.84143829345703,8185000
2023-06-05,104.69519805908203,106.98480224609375,104.69519805908203,106.83039855957031,104.6082992553711,7820000
2023-06-06,107.5459976196289,109.1707992553711,107.38040161132812,108.3239974975586,106.0708236694336,7867500
2023-06-07,108.41280364990234,109.03520202636719,105.46279907226562,105.76719665527344,103.56721496582031,7857500
2023-06-08,104.68000030517578,107.16960144042969,104.68000030517578,105.89839935302734,103.6956787109375,5945000
2023-06-09,105.89839935302734,106.90959930419922,104.16000366210938,104.24520111083984,102.0768814086914,7960000
2023-06-12,105.04920196533203,105.09040069580078,103.2040023803711,104.2136001586914,102.0459213256836,7937500
2023-06-13,105.1968002319336,105.1968002319336,103.3927993774414,104.56199645996094,102.38707733154297,6677500
2023-06-14,103.8147964477539,104.94000244140625,103.17440032958984,104.3916015625,102.2202377319336,5857500
2023-06-15,103.82160186767578,107.1343994140625,103.48719787597656,106.86799621582031,104.64511108398438,9960000
2023-06-16,108.0884017944336,108.0884017944336,105.2863998413086,105.63960266113281,103.44227600097656,20722500
2023-06-20,104.80000305175781,106.79879760742188,104.55879974365234,105.46600341796875,103.27227783203125,7312500
2023-06-21,105.46600341796875,106.60800170898438,104.80000305175781,105.75199890136719,103.55233001708984,6122500
2023-06-22,105.69080352783203,107.28720092773438,105.63999938964844,107.11599731445312,104.8879623413086,5627500
2023-06-23,105.52200317382812,106.3239974975586,104.76959991455078,104.95719909667969,102.77405548095703,8115000
2023-06-26,104.55919647216797,106.06279754638672,104.19999694824219,104.63040161132812,102.45406341552734,5650000
2023-06-27,105.90160369873047,108.91560363769531,105.90160369873047,108.01439666748047,105.76765441894531,9705000
2023-06-28,107.91960144042969,108.9072036743164,106.52200317382812,106.65879821777344,104.44026947021484,6055000
2023-06-29,106.85679626464844,107.0363998413086,105.31999969482422,106.23639678955078,104.02665710449219,5600000
2023-06-30,107.42479705810547,108.80000305175781,107.07640075683594,108.01319885253906,105.76651000976562,7665000
2023-07-03,107.74800109863281,109.7228012084961,107.33280181884766,108.83159637451172,106.56786346435547,4482500
2023-07-05,108.6156005859375,108.92520141601562,106.70719909667969,106.95999908447266,104.7352066040039,6920000
2023-07-06,106.04720306396484,106.4000015258789,104.9800033569336,105.30760192871094,103.11717987060547,7730000
2023-07-07,105.12000274658203,106.47360229492188,105.12000274658203,105.47640228271484,103.282470703125,6722500
2023-07-10,105.4800033569336,109.33920288085938,105.4800033569336,109.1531982421875,106.88276672363281,10027500
2023-07-11,109.5968017578125,111.56719970703125,109.34480285644531,111.33599853515625,109.02018737792969,6952500
2023-07-12,112.16799926757812,112.8583984375,111.24440002441406,111.53880310058594,109.2187728881836,7672500
2023-07-13,113.0,114.12079620361328,112.95800018310547,113.3812026977539,111.02284240722656,7777500
2023-07-14,113.7916030883789,114.71040344238281,113.12239837646484,114.67680358886719,112.29149627685547,5965000
2023-07-17,114.28919982910156,118.19960021972656,114.28919982910156,117.98639678955078,115.53224182128906,6290000
2023-07-18,117.46479797363281,119.38279724121094,116.80000305175781,119.26439666748047,116.78366088867188,7700000
2023-07-19,119.21839904785156,119.91999816894531,117.07080078125,117.11519622802734,114.67916870117188,7497500
2023-07-20,116.80799865722656,118.91480255126953,116.64559936523438,116.69999694824219,114.27259826660156,6430000
2023-07-21,117.56439971923828,118.91999816894531,116.92520141601562,116.92960357666016,114.49742126464844,17470000
2023-07-24,116.25520324707031,116.78720092773438,114.84040069580078,115.75039672851562,113.3427734375,6377500
2023-07-25,115.42040252685547,118.42479705810547,115.42040252685547,117.69719696044922,115.24905395507812,6142500
2023-07-26,117.69719696044922,118.64839935302734,116.93160247802734,118.32640075683594,115.86518859863281,4172500
2023-07-27,118.97679901123047,119.6948013305664,118.08760070800781,118.23600006103516,115.77666473388672,5587500
2023-07-28,119.52040100097656,120.64920043945312,119.25,120.48999786376953,117.98377227783203,4727500
2023-07-31,120.0,120.70439910888672,118.61759948730469,118.83200073242188,116.36026000976562,9212500
2023-08-01,117.68800354003906,118.04879760742188,116.55480194091797,116.57240295410156,114.14765167236328,7625000
2023-08-02,115.5999984741211,116.40239715576172,114.80000305175781,115.39679718017578,112.99650573730469,7087500
2023-08-03,112.59919738769531,114.0,111.77439880371094,113.59639739990234,111.23356628417969,16385000
2023-08-04,126.19999694824219,126.67040252685547,118.00039672851562,122.52639770507812,119.97781372070312,24370000
2023-08-07,123.38200378417969,129.87159729003906,123.18000030517578,129.72039794921875,127.02217102050781,12802500
2023-08-08,127.70359802246094,129.59640502929688,126.81520080566406,129.03880310058594,126.35477447509766,8300000
2023-08-09,130.05880737304688,130.05880737304688,127.54399871826172,128.1864013671875,125.52008819580078,7450000
2023-08-10,128.60000610351562,130.0684051513672,128.19960021972656,128.92759704589844,126.2458724975586,6490000
2023-08-11,127.9352035522461,128.6988067626953,126.70919799804688,128.24920654296875,125.58158111572266,5362500
2023-08-14,128.0,129.47760009765625,127.21959686279297,129.37319946289062,126.68219757080078,3917500
2023-08-15,128.9803924560547,129.1540069580078,127.80239868164062,128.02239990234375,125.35950469970703,4072500
2023-08-16,127.33159637451172,129.06480407714844,127.2572021484375,127.81400299072266,125.15543365478516,4002500
2023-08-17,128.1280059814453,128.30160522460938,124.31759643554688,124.4823989868164,121.89313507080078,7370000
2023-08-18,122.35359954833984,123.31120300292969,121.3832015991211,122.33719635009766,119.79254913330078,11602500
2023-08-21,122.68280029296875,122.97239685058594,120.77079772949219,122.08000183105469,119.54071044921875,5862500
2023-08-22,122.26360321044922,123.45359802246094,122.12120056152344,122.95559692382812,120.3980941772461,4667500
2023-08-23,122.63079833984375,125.22640228271484,122.63079833984375,123.94239807128906,121.36436462402344,4677500
2023-08-24,123.47760009765625,124.39920043945312,120.8499984741211,121.05560302734375,118.5376205444336,5657500
2023-08-25,121.05560302734375,122.08679962158203,120.3219985961914,121.70040130615234,119.16900634765625,4937500
2023-08-28,122.65640258789062,123.36239624023438,122.2844009399414,122.7844009399414,120.23045349121094,3522500
2023-08-29,122.43000030517578,124.78959655761719,122.4000015258789,124.43440246582031,121.84612274169922,4197500
2023-08-30,123.93119812011719,125.95919799804688,123.93119812011719,125.22360229492188,122.61891174316406,4100000
2023-08-31,124.98880004882812,125.61239624023438,123.5999984741211,124.20120239257812,121.61779022216797,5752500
2023-09-01,125.4188003540039,125.4188003540039,123.71759796142578,124.59559631347656,122.00397491455078,4940000
2023-09-05,123.58519744873047,126.42559814453125,123.58519744873047,125.78559875488281,123.16921997070312,6552500
2023-09-06,124.93319702148438,126.34320068359375,124.6095962524414,125.64839935302734,123.0348892211914,5820000
2023-09-07,124.42960357666016,124.86959838867188,122.71640014648438,124.13800048828125,121.55589294433594,6072500
2023-09-08,124.5999984741211,125.9176025390625,124.31999969482422,125.7239990234375,123.10891723632812,4110000
2023-09-11,126.07559967041016,127.47160339355469,125.79080200195312,127.30719757080078,124.65917205810547,4447500
2023-09-12,126.56759643554688,128.0780029296875,126.03040313720703,126.93720245361328,124.29688262939453,4130000
2023-09-13,126.68879699707031,126.9520034790039,124.39320373535156,124.62560272216797,122.03335571289062,6272500
2023-09-14,126.74960327148438,129.06280517578125,125.06919860839844,127.90239715576172,125.24198150634766,7657500
2023-09-15,128.02999877929688,128.69520568847656,125.77079772949219,126.40599822998047,123.7767105102539,21440000
2023-09-18,126.16000366210938,128.127197265625,125.80239868164062,126.33319854736328,123.70542907714844,5287500
2023-09-19,125.2791976928711,125.62920379638672,123.64440155029297,124.51000213623047,121.92015838623047,7035000
2023-09-20,125.39640045166016,125.39640045166016,122.71720123291016,122.75640106201172,120.20303344726562,4557500
2023-09-21,121.64360046386719,122.03119659423828,120.58200073242188,121.45079803466797,118.92460632324219,6682500
2023-09-22,121.80000305175781,123.86720275878906,121.47480010986328,122.50160217285156,119.95353698730469,5907500
2023-09-25,120.93199920654297,124.17919921875,120.5999984741211,123.91639709472656,121.3388900756836,4880000
2023-09-26,123.19999694824219,123.73320007324219,121.61360168457031,122.42320251464844,119.87677764892578,5422500
2023-09-27,122.73280334472656,124.04119873046875,122.01399993896484,123.306396484375,120.74159240722656,4460000
2023-09-28,123.306396484375,124.68720245361328,122.46720123291016,124.19319915771484,121.60993957519531,6760000
2023-09-29,124.85399627685547,125.47799682617188,122.71240234375,123.35800170898438,120.79212951660156,6307500
2023-10-02,122.87200164794922,124.5011978149414,122.67479705810547,123.75039672851562,121.1763687133789,4017500
2023-10-03,122.19999694824219,123.4968032836914,119.87799835205078,120.43160247802734,117.92658996582031,5705000
2023-10-04,120.589599609375,122.3740005493164,120.46080017089844,121.85880279541016,119.32410430908203,4655000
2023-10-05,121.5604019165039,121.8407974243164,119.60639953613281,120.75039672851562,118.23877716064453,4550000
2023-10-06,119.89959716796875,122.18280029296875,119.89959716796875,121.97760009765625,119.44043731689453,5140000
2023-10-09,120.8572006225586,120.8572006225586,117.37799835205078,120.38880157470703,117.88468170166016,6062500
2023-10-10,120.78040313720703,123.3583984375,120.60440063476562,122.41600036621094,119.86971282958984,5512500
2023-10-11,123.31999969482422,123.79959869384766,121.57879638671875,122.87799835205078,120.32211303710938,3630000
2023-10-12,122.70240020751953,123.45040130615234,121.15679931640625,121.95999908447266,119.4231948852539,4290000
2023-10-13,121.71240234375,122.69879913330078,117.80359649658203,118.0031967163086,115.5486831665039,6830000
2023-10-16,118.947998046875,120.00559997558594,118.4468002319336,118.65879821777344,116.19065856933594,5942500
2023-10-17,118.9540023803711,120.05680084228516,118.4219970703125,119.13600158691406,116.65794372558594,5307500
2023-10-18,117.83159637451172,118.00039672851562,113.67880249023438,114.00959777832031,111.6381607055664,11407500
2023-10-19,113.47760009765625,113.49639892578125,110.77519989013672,111.40799713134766,109.09068298339844,10907500
2023-10-20,111.19200134277344,111.72560119628906,109.88040161132812,110.2656021118164,107.97206115722656,7842500
2023-10-23,110.15039825439453,113.65840148925781,109.68000030517578,112.78160095214844,110.43572998046875,6670000
2023-10-24,113.47799682617188,114.35600280761719,112.6895980834961,113.41480255126953,111.05574798583984,4712500
2023-10-25,112.90480041503906,114.06079864501953,112.2748031616211,112.51679992675781,110.1764144897461,5885000
2023-10-26,111.8219985961914,112.7488021850586,109.32160186767578,109.70760345458984,107.4256591796875,7230000
2023-10-27,109.89759826660156,111.38359832763672,109.49040222167969,109.84639739990234,107.56156921386719,5245000
2023-10-30,110.72879791259766,112.51640319824219,110.66600036621094,111.52999877929688,109.21015167236328,5247500
2023-10-31,111.95079803466797,112.15640258789062,110.60079956054688,111.5823974609375,109.26145935058594,5457500
2023-11-01,112.12000274658203,112.52519989013672,110.24520111083984,110.64920043945312,108.34766387939453,7762500
2023-11-02,112.28040313720703,113.7583999633789,110.25559997558594,113.5447998046875,111.18304443359375,12622500
2023-11-03,111.19999694824219,114.75879669189453,110.49759674072266,114.3499984741211,111.97147369384766,14512500
2023-11-06,115.54239654541016,120.09519958496094,115.53800201416016,118.8572006225586,116.38494110107422,11975000
2023-11-07,118.8572006225586,121.40840148925781,118.55039978027344,120.47599792480469,117.97006225585938,7707500
2023-11-08,121.4000015258789,121.62879943847656,120.15480041503906,120.8135986328125,118.3006362915039,5877500
2023-11-09,121.2511978149414,121.33319854736328,119.94080352783203,120.410400390625,117.90582275390625,5147500
2023-11-10,120.9207992553711,123.2155990600586,120.51920318603516,122.96920013427734,120.41141510009766,5660000
2023-11-13,123.10079956054688,125.85199737548828,123.06199645996094,124.76840209960938,122.17318725585938,6037500
2023-11-14,126.63040161132812,127.2511978149414,125.8135986328125,126.94000244140625,124.29961395263672,7467500
2023-11-15,127.87999725341797,128.2928009033203,124.69159698486328,124.83280181884766,122.23624420166016,7105000
2023-11-16,124.56719970703125,126.43160247802734,124.089599609375,125.15399932861328,122.5507583618164,6475000
2023-11-17,126.197998046875,126.197998046875,124.1355972290039,125.41000366210938,122.80144500732422,5310000
2023-11-20,125.67520141601562,126.7583999633789,125.3583984375,126.31759643554688,123.69015502929688,5675000
2023-11-21,126.23999786376953,126.83999633789062,125.66439819335938,125.802001953125,123.18528747558594,4605000
2023-11-22,126.65679931640625,126.7511978149414,125.19840240478516,125.19999694824219,122.5958023071289,4815000
2023-11-24,125.48680114746094,125.48680114746094,124.2699966430664,124.62359619140625,122.0313949584961,2925000
2023-11-27,123.96040344238281,125.71440124511719,123.5999984741211,125.23200225830078,122.62715148925781,6332500
2023-11-28,125.45079803466797,125.91320037841797,124.82240295410156,125.67639923095703,123.06229400634766,4502500
2023-11-29,126.10199737548828,126.95999908447266,124.16239929199219,125.05159759521484,122.45048522949219,3895000
2023-11-30,125.13600158691406,125.13600158691406,123.18000030517578,125.02799987792969,122.42738342285156,6392500
2023-12-01,125.0115966796875,127.17160034179688,123.96240234375,126.38240051269531,123.75360870361328,5125000
2023-12-04,125.89720153808594,127.51000213623047,124.62239837646484,125.37920379638672,122.77128601074219,5895000
2023-12-05,124.17919921875,126.4000015258789,124.17919921875,125.92040252685547,123.30123138427734,4592500
2023-12-06,127.21080017089844,127.55239868164062,125.09239959716797,126.0,123.3791732788086,4727500
2023-12-07,127.12879943847656,129.6136016845703,127.0864028930664,129.5308074951172,126.8365249633789,6982500
2023-12-08,128.83839416503906,131.09719848632812,128.83839416503906,131.0,128.27516174316406,6122500
2023-12-11,131.50599670410156,135.41200256347656,131.50599670410156,133.86839294433594,131.08392333984375,8267500
2023-12-12,134.3979949951172,136.1956024169922,133.94239807128906,136.10000610351562,133.2691192626953,6075000
2023-12-13,136.57000732421875,137.33599853515625,135.20480346679688,136.9687957763672,134.1197967529297,5500000
2023-12-14,138.156005859375,139.7991943359375,136.74000549316406,137.61199951171875,134.7496337890625,6885000
2023-12-15,137.67559814453125,139.8000030517578,137.410400390625,139.164794921875,136.2701416015625,22607500
2023-12-18,139.35519409179688,139.60000610351562,138.41799926757812,138.82119750976562,135.93368530273438,5050000
2023-12-19,139.5019989013672,141.17559814453125,139.15719604492188,140.61160278320312,137.68682861328125,5410000
2023-12-20,141.443603515625,141.68519592285156,138.5511932373047,138.76840209960938,135.88198852539062,7897500
2023-12-21,139.27879333496094,140.9647979736328,139.27879333496094,140.78199768066406,137.85369873046875,5450000
2023-12-22,140.8000030517578,142.57839965820312,140.8000030517578,141.42799377441406,138.48623657226562,6372500
2023-12-26,141.0988006591797,142.97239685058594,141.0115966796875,142.66600036621094,139.69850158691406,4942500
2023-12-27,143.22479248046875,143.22479248046875,141.16799926757812,141.38560485839844,138.4447784423828,4225000
2023-12-28,142.24319458007812,142.50759887695312,141.60719299316406,142.018798828125,139.06475830078125,3492500
2023-12-29,142.28720092773438,142.99639892578125,141.20919799804688,141.8887939453125,138.93748474121094,4112500
2024-01-02,140.8000030517578,141.27960205078125,138.58880615234375,139.22239685058594,136.32652282714844,8335000
2024-01-03,138.50079345703125,139.22720336914062,136.20120239257812,136.3708038330078,133.53424072265625,8185000
2024-01-04,136.0,137.94679260253906,135.36399841308594,136.797607421875,133.95217895507812,4415000
2024-01-05,136.7904052734375,137.97999572753906,135.77040100097656,136.3256072998047,133.48997497558594,8045000
2024-01-08,136.46519470214844,138.60000610351562,136.27279663085938,138.5135955810547,135.63247680664062,6617500
2024-01-09,137.63999938964844,139.6199951171875,137.63999938964844,139.56919860839844,136.6661376953125,5607500
2024-01-10,139.74920654296875,141.50999450683594,139.74920654296875,140.8459930419922,137.9163360595703,3712500
2024-01-11,140.1020050048828,142.1179962158203,139.4384002685547,142.09120178222656,139.13568115234375,4187500
2024-01-12,142.88760375976562,143.06919860839844,139.95680236816406,140.0959930419922,137.1819305419922,4180000
2024-01-16,139.91200256347656,140.39999389648438,138.66600036621094,140.1479949951172,137.23284912109375,4330000
2024-01-17,139.86959838867188,140.43359375,138.46200561523438,139.5959930419922,136.69236755371094,4560000
2024-01-18,139.9199981689453,141.62159729003906,139.26199340820312,141.15240478515625,138.2163848876953,5575000
2024-01-19,142.47560119628906,144.90359497070312,142.06039428710938,144.660400390625,141.65142822265625,5877500
2024-01-22,146.122802734375,146.78640747070312,139.22439575195312,140.2407989501953,137.32374572753906,11410000
2024-01-23,140.92999267578125,141.24000549316406,139.44200134277344,139.6248016357422,136.7205810546875,5955000
2024-01-24,140.0,140.90199279785156,139.05999755859375,139.8699951171875,136.9606475830078,6522500
2024-01-25,140.7996063232422,141.6107940673828,139.6584014892578,140.1300048828125,137.21524047851562,6952500
2024-01-26,139.8376007080078,141.46800231933594,139.1999969482422,140.78399658203125,137.8556671142578,5240000
2024-01-29,140.89999389648438,142.5655975341797,139.87120056152344,142.1551971435547,139.19834899902344,5487500
2024-01-30,141.0399932861328,143.01919555664062,140.98800659179688,142.20599365234375,139.24807739257812,4637500
2024-01-31,141.1999969482422,142.14840698242188,140.04319763183594,140.29879760742188,137.38052368164062,4660000
2024-02-01,143.69000244140625,143.98240661621094,140.46800231933594,142.33799743652344,139.3773193359375,4912500
2024-02-02,141.55799865722656,143.3372039794922,140.4600067138672,142.45559692382812,139.49249267578125,4940000
2024-02-05,141.63999938964844,145.14759826660156,141.41639709472656,145.0,141.9839630126953,5770000
2024-02-06,145.39999389648438,146.4080047607422,144.21719360351562,145.797607421875,142.7649688720703,6925000
2024-02-07,146.00399780273438,149.8184051513672,145.85279846191406,148.35679626464844,145.27093505859375,7120000
2024-02-08,150.0,153.7904052734375,149.03799438476562,153.60879516601562,150.4136962890625,9412500
2024-02-09,148.0,150.47520446777344,146.52040100097656,150.3271942138672,147.2003173828125,9972500
2024-02-12,150.28439331054688,153.0800018310547,149.9864044189453,151.6092071533203,148.4556884765625,6182500
2024-02-13,149.8000030517578,151.5115966796875,148.0847930908203,149.90440368652344,146.786376953125,6602500
2024-02-14,149.64840698242188,150.8083953857422,147.8000030517578,149.5323944091797,146.42210388183594,6342500
2024-02-15,150.10560607910156,150.5092010498047,148.47320556640625,150.02639770507812,146.9058380126953,7437500
2024-02-16,150.16799926757812,150.2471923828125,148.35879516601562,148.67359924316406,145.58116149902344,5240000
2024-02-20,148.36000061035156,149.20680236816406,147.5424041748047,148.03439331054688,144.95523071289062,6372500
2024-02-21,148.6623992919922,150.1112060546875,148.38279724121094,149.64520263671875,146.5325469970703,5620000
2024-02-22,152.16319274902344,156.72000122070312,150.9947967529297,156.07960510253906,152.83311462402344,11850000
2024-02-23,147.9320068359375,147.9320068359375,139.6531982421875,140.2384033203125,137.32139587402344,23962500
2024-02-26,142.37440490722656,143.447998046875,139.90359497070312,139.99000549316406,137.07818603515625,10830000
2024-02-27,140.65240478515625,141.3488006591797,138.53480529785156,139.1248016357422,136.23098754882812,9822500
2024-02-28,139.1248016357422,140.29440307617188,138.39999389648438,139.8251953125,136.91680908203125,8490000
2024-02-29,140.22760009765625,140.60000610351562,138.05960083007812,138.75320434570312,135.86709594726562,12022500
2024-03-01,139.302001953125,140.4687957763672,138.16639709472656,139.98919677734375,137.07737731933594,8710000
2024-03-04,138.4716033935547,140.08920288085938,138.10000610351562,138.45599365234375,135.57606506347656,6770000
2024-03-05,138.0800018310547,138.93240356445312,136.62759399414062,137.2100067138672,134.35598754882812,7187500
2024-03-06,137.32000732421875,137.89840698242188,135.95880126953125,137.12120056152344,134.26902770996094,5912500
2024-03-07,137.33999633789062,139.36399841308594,136.35679626464844,139.1103973388672,136.5654754638672,6767500
2024-03-08,139.07919311523438,140.39999389648438,138.02479553222656,139.42799377441406,136.87722778320312,7635000
2024-03-11,139.1103973388672,141.84080505371094,139.0592041015625,140.10960388183594,137.54638671875,5887500
2024-03-12,140.8907928466797,141.7375946044922,139.90159606933594,140.0,137.43878173828125,4710000
2024-03-13,140.0,140.78880310058594,139.28919982910156,140.0,137.43878173828125,5815000
2024-03-14,142.0,142.0,140.01119995117188,140.46240234375,137.89273071289062,8697500
2024-03-15,139.9315948486328,140.0399932861328,136.3603973388672,136.5592041015625,134.0609130859375,19277500
2024-03-18,138.66079711914062,138.8000030517578,137.05239868164062,138.03720092773438,135.51190185546875,5775000
2024-03-19,138.16439819335938,140.4075927734375,137.80079650878906,140.23919677734375,137.67359924316406,4692500
2024-03-20,140.4031982421875,144.9199981689453,140.00039672851562,143.1396026611328,140.5209503173828,10760000
2024-03-21,144.61160278320312,146.4075927734375,143.46640014648438,145.9123992919922,143.24301147460938,7607500
2024-03-22,144.99879455566406,145.8448028564453,144.17840576171875,144.98919677734375,142.3367156982422,5135000
2024-03-25,144.3376007080078,145.19320678710938,142.77999877929688,145.07760620117188,142.42349243164062,4165000
2024-03-26,145.9600067138672,147.556396484375,145.62399291992188,146.44320678710938,143.7640838623047,6872500
2024-03-27,147.1175994873047,148.4571990966797,146.24560546875,146.94000244140625,144.25181579589844,5230000
2024-03-28,147.60000610351562,147.7855987548828,144.73599243164062,145.11520385742188,142.4603729248047,6852500
2024-04-01,146.04119873046875,146.19400024414062,141.9199981689453,142.7548065185547,140.1431884765625,5690000
2024-04-02,140.74400329589844,143.40280151367188,140.74400329589844,142.6436004638672,140.03402709960938,6430000
2024-04-03,143.9600067138672,145.8444061279297,143.81680297851562,145.29519653320312,142.6370849609375,6375000
2024-04-04,146.32000732421875,146.8592071533203,140.73199462890625,140.877197265625,138.29994201660156,8065000
2024-04-05,141.1999969482422,144.41920471191406,141.1999969482422,144.0760040283203,141.44021606445312,6462500
2024-04-08,143.59519958496094,145.3699951171875,143.5659942626953,144.0467987060547,141.4115447998047,4140000
2024-04-09,144.39999389648438,144.5688018798828,141.2335968017578,143.2592010498047,140.63833618164062,3950000
2024-04-10,142.90280151367188,144.693603515625,141.877197265625,143.44520568847656,140.8209228515625,4525000
2024-04-11,143.07679748535156,146.27239990234375,142.7220001220703,145.51480102539062,142.85269165039062,4362500
2024-04-12,143.1748046875,143.94320678710938,140.05999755859375,141.27200317382812,138.68753051757812,6020000
2024-04-15,143.3227996826172,145.0092010498047,139.23919677734375,139.42520141601562,136.87451171875,5190000
2024-04-16,138.82119750976562,139.8988037109375,138.03160095214844,138.71080017089844,136.17315673828125,5582500
2024-04-17,138.91920471191406,139.7364044189453,137.22279357910156,137.7563934326172,135.23622131347656,4272500
2024-04-18,138.8000030517578,139.40640258789062,136.96560668945312,137.20559692382812,134.69552612304688,3917500
2024-04-19,138.42039489746094,139.12759399414062,136.20640563964844,136.59280395507812,134.09393310546875,5470000
2024-04-22,137.64480590820312,139.7008056640625,136.98080444335938,138.52000427246094,135.98585510253906,5057500
2024-04-23,138.7288055419922,141.87600708007812,138.7288055419922,141.35960388183594,138.77354431152344,3805000
2024-04-24,140.2100067138672,142.8444061279297,140.2100067138672,140.7008056640625,138.12677001953125,3897500
2024-04-25,140.90879821777344,141.0,138.6508026123047,140.0991973876953,137.53619384765625,3567500
2024-04-26,139.36920166015625,141.6748046875,139.36920166015625,140.84320068359375,138.2665557861328,3650000
2024-04-29,140.84320068359375,141.28280639648438,139.48959350585938,140.5919952392578,138.0199432373047,3662500
2024-04-30,140.5115966796875,140.64559936523438,137.76919555664062,138.08120727539062,135.5550994873047,5802500
2024-05-01,137.49000549316406,139.40440368652344,136.20919799804688,136.62559509277344,134.12611389160156,5655000
2024-05-02,137.60000610351562,139.5164031982422,135.75799560546875,138.91639709472656,136.37501525878906,11355000
2024-05-03,148.0,149.92840576171875,142.67640686035156,143.09519958496094,140.47735595703125,13365000
2024-05-06,144.74879455566406,144.74879455566406,140.8372039794922,143.9364013671875,141.30316162109375,8750000
2024-05-07,143.22999572753906,144.92239379882812,142.00039672851562,144.21640014648438,141.5780487060547,6657500
2024-05-08,144.15199279785156,146.54400634765625,142.9199981689453,146.39999389648438,143.72166442871094,6830000
2024-05-09,145.60000610351562,152.03680419921875,145.60000610351562,151.20120239257812,148.43507385253906,10925000
2024-05-10,151.33799743652344,152.46279907226562,151.0167999267578,152.22999572753906,149.4450225830078,7075000
2024-05-13,152.02999877929688,152.31199645996094,148.69920349121094,149.8000030517578,147.0594940185547,5960000
2024-05-14,149.18280029296875,151.1468048095703,149.16000366210938,150.91400146484375,148.1531219482422,5270000
2024-05-15,151.33079528808594,151.8748016357422,149.96800231933594,151.70120239257812,148.92591857910156,4810000
2024-05-16,151.70120239257812,151.88079833984375,149.40040588378906,149.40040588378906,146.66722106933594,4957500
2024-05-17,150.32960510253906,150.32960510253906,147.6204071044922,148.33399963378906,145.62030029296875,4960000
2024-05-20,148.15919494628906,150.93359375,147.77040100097656,150.7447967529297,147.9870147705078,5497500
2024-05-21,150.88839721679688,153.11279296875,149.9644012451172,152.8936004638672,150.0964813232422,5600000
2024-05-22,153.1999969482422,154.1199951171875,151.92880249023438,153.00399780273438,150.20489501953125,5082500
2024-05-23,154.0,154.0,149.2716064453125,150.10719299316406,147.361083984375,5467500
2024-05-24,150.39999389648438,152.2823944091797,150.19679260253906,151.81399536132812,149.03663635253906,3795000
2024-05-28,151.86199951171875,152.60000610351562,150.58799743652344,151.60479736328125,148.83128356933594,4267500
2024-05-29,150.0399932861328,151.0424041748047,149.0688018798828,149.37159729003906,146.63893127441406,6385000
2024-05-30,149.82359313964844,150.67799377441406,148.18280029296875,150.18479919433594,147.43724060058594,5255000
2024-05-31,149.8800048828125,151.34080505371094,148.4739990234375,151.0540008544922,148.29055786132812,8827500
2024-06-03,151.0540008544922,151.377197265625,148.55560302734375,150.54559326171875,147.7914276123047,5747500
2024-06-04,150.89999389648438,152.9503936767578,150.7563934326172,152.0543975830078,149.2726593017578,4067500
2024-06-05,152.36239624023438,153.52000427246094,150.15679931640625,153.24159240722656,150.43812561035156,3565000
2024-06-06,153.24159240722656,154.1956024169922,152.0,152.40240478515625,149.61427307128906,3660000
2024-06-07,151.49119567871094,152.80960083007812,150.8000030517578,152.5236053466797,150.0779266357422,4035000
2024-06-10,152.2220001220703,152.2220001220703,149.86720275878906,151.54879760742188,149.11874389648438,5667500
2024-06-11,150.91920471191406,152.79559326171875,150.50880432128906,151.54800415039062,149.11798095703125,5482500
2024-06-12,152.27999877929688,156.4676055908203,152.27999877929688,155.056396484375,152.5701141357422,6412500
2024-06-13,154.0,154.6468048095703,152.8188018798828,154.24560546875,151.77232360839844,3842500
2024-06-14,153.4803924560547,154.52439880371094,152.56399536132812,154.36399841308594,151.88882446289062,3592500
2024-06-17,155.14999389648438,158.31919860839844,154.18040466308594,158.122802734375,155.58734130859375,4502500
2024-06-18,158.3083953857422,159.56480407714844,157.4976043701172,158.9272003173828,156.37884521484375,4495000
2024-06-20,159.8000030517578,160.17599487304688,158.45120239257812,158.88319396972656,156.33554077148438,5302500
2024-06-21,159.30360412597656,159.7071990966797,157.6300048828125,159.56399536132812,157.0054473876953,12455000
2024-06-24,159.5644073486328,160.72360229492188,158.39999389648438,159.2480010986328,156.6945037841797,4047500
2024-06-25,160.6748046875,161.32000732421875,159.44000244140625,160.5751953125,158.0004119873047,3752500
2024-06-26,159.52720642089844,160.32760620117188,158.84559631347656,159.29519653320312,156.7409210205078,4377500
2024-06-27,161.60000610351562,161.60000610351562,160.0,160.37600708007812,157.80441284179688,4212500
2024-06-28,159.75999450683594,161.2667999267578,158.0399932861328,158.4600067138672,155.9191436767578,8030000
2024-07-01,159.093994140625,159.093994140625,154.7904052734375,155.39520263671875,152.9034881591797,5777500
2024-07-02,155.07240295410156,156.89520263671875,155.07240295410156,156.64840698242188,154.1365966796875,4905000
2024-07-03,156.50039672851562,157.4788055419922,156.0780029296875,156.67559814453125,154.16331481933594,1985000
2024-07-05,157.4792022705078,157.59039306640625,156.1999969482422,157.20599365234375,154.68524169921875,5042500
2024-07-08,157.31239318847656,160.11199951171875,156.5615997314453,159.38519287109375,156.8295135498047,3987500
2024-07-09,160.19320678710938,160.80960083007812,158.95599365234375,159.0991973876953,156.54808044433594,3770000
2024-07-10,159.20480346679688,159.63560485839844,158.0,159.6020050048828,157.04283142089844,3975000
2024-07-11,159.9595947265625,159.9595947265625,157.04519653320312,157.45640563964844,154.93165588378906,5735000
2024-07-12,158.0,162.06759643554688,158.0,161.0572052001953,158.47470092773438,4940000
2024-07-15,161.38479614257812,164.0,160.5303955078125,163.52000427246094,160.89801025390625,3637500
2024-07-16,164.67999267578125,165.77279663085938,164.42559814453125,164.7635955810547,162.1216583251953,3610000
2024-07-17,164.0832061767578,164.34840393066406,159.57240295410156,159.58560180664062,157.0266876220703,5670000
2024-07-18,160.08560180664062,160.90960693359375,156.20599365234375,157.22239685058594,154.7013702392578,4740000
2024-07-19,157.5236053466797,159.07919311523438,157.22239685058594,158.69000244140625,156.1454620361328,4002500
2024-07-22,159.0399932861328,159.38560485839844,156.1999969482422,156.37600708007812,153.86859130859375,6365000
2024-07-23,156.27999877929688,157.8155975341797,156.06520080566406,156.76800537109375,154.25425720214844,5212500
2024-07-24,155.1999969482422,155.64280700683594,152.0,152.231201171875,149.7902069091797,8052500
2024-07-25,151.44000244140625,151.44000244140625,145.7220001220703,146.39520263671875,144.04782104492188,12062500
2024-07-26,147.9416046142578,148.56959533691406,146.36599731445312,148.0395965576172,145.66583251953125,5850000
2024-07-29,149.4040069580078,151.98519897460938,148.6112060546875,150.2052001953125,147.79669189453125,5615000
2024-07-30,150.0843963623047,151.6575927734375,147.35000610351562,148.839599609375,146.45301818847656,5492500
2024-07-31,151.0399932861328,151.0399932861328,148.0048065185547,148.60040283203125,146.2176513671875,9827500
2024-08-01,148.64920043945312,149.9364013671875,145.2572021484375,146.56719970703125,144.21702575683594,13797500
2024-08-02,132.46359252929688,138.62240600585938,131.64199829101562,133.1251983642578,130.99057006835938,20037500
2024-08-05,128.1999969482422,135.49400329589844,127.19999694824219,135.3372039794922,133.16709899902344,16630000
2024-08-06,136.60000610351562,139.63119506835938,135.4595947265625,136.68319702148438,134.49151611328125,10732500
2024-08-07,136.1060028076172,138.8936004638672,131.6719970703125,132.22479248046875,130.10459899902344,10492500
2024-08-08,132.64280700683594,136.38319396972656,132.3159942626953,135.79400634765625,133.61659240722656,9432500
2024-08-09,135.79400634765625,138.24000549316406,135.79400634765625,137.7220001220703,135.51365661621094,6295000
2024-08-12,137.69639587402344,138.85879516601562,135.97079467773438,137.56719970703125,135.36135864257812,5317500
2024-08-13,139.39840698242188,142.88999938964844,138.89999389648438,142.7104034423828,140.4220733642578,6582500
2024-08-14,142.8800048828125,144.41079711914062,142.30560302734375,142.9031982421875,140.61178588867188,4750000
2024-08-15,144.8000030517578,146.1584014892578,144.2895965576172,145.3867950439453,143.05557250976562,5045000
2024-08-16,145.3867950439453,145.46200561523438,143.69119262695312,144.75439453125,142.4333038330078,4907500
2024-08-19,144.66079711914062,148.23159790039062,144.4176025390625,148.0803985595703,145.70599365234375,4952500
2024-08-20,147.68600463867188,148.7803955078125,146.62159729003906,148.10000610351562,145.72525024414062,4400000
2024-08-21,148.10000610351562,149.80160522460938,147.3256072998047,149.52000427246094,147.12249755859375,6540000
2024-08-22,150.0968017578125,151.6468048095703,150.0968017578125,150.72360229492188,148.30679321289062,4347500
2024-08-23,151.17120361328125,154.1291961669922,150.377197265625,153.22320556640625,150.76632690429688,5582500
2024-08-26,153.67999267578125,154.33279418945312,151.38999938964844,151.9156036376953,149.47967529296875,5480000
2024-08-27,151.9407958984375,156.06320190429688,151.9407958984375,155.25799560546875,152.7684783935547,5907500
2024-08-28,155.1199951171875,156.46279907226562,154.41319274902344,155.92959594726562,153.42930603027344,5805000
2024-08-29,156.60000610351562,157.1907958984375,155.29119873046875,155.6324005126953,153.1368865966797,5600000
2024-08-30,157.20399475097656,157.61000061035156,155.42799377441406,156.36920166015625,153.8618621826172,5990000
2024-09-03,155.0404052734375,156.21719360351562,151.92840576171875,152.5511932373047,150.1051025390625,6917500
2024-09-04,151.04640197753906,152.34320068359375,150.77960205078125,151.96839904785156,149.53163146972656,5490000
2024-09-05,150.17160034179688,151.59640502929688,149.29159545898438,151.27520751953125,148.84957885742188,5307500
2024-09-06,151.08560180664062,151.7736053466797,148.03880310058594,149.25399780273438,147.20132446289062,7077500
2024-09-09,149.98080444335938,152.3607940673828,148.74319458007812,152.1156005859375,150.02359008789062,6025000
2024-09-10,152.73440551757812,153.4971923828125,151.1136016845703,153.39280700683594,151.28323364257812,4372500
2024-09-11,153.44000244140625,153.44000244140625,148.7736053466797,153.0988006591797,150.9932403564453,6135000
2024-09-12,153.3748016357422,155.81959533691406,152.55520629882812,154.8280029296875,152.6986846923828,4655000
2024-09-13,155.83999633789062,157.54600524902344,155.7803955078125,157.30360412597656,155.1402130126953,3992500
2024-09-16,158.0,159.9803924560547,157.1999969482422,159.16000366210938,156.97109985351562,4512500
2024-09-17,160.0,161.89959716796875,159.39999389648438,161.69720458984375,159.47341918945312,4347500
2024-09-18,162.0,162.95359802246094,160.7404022216797,161.1320037841797,158.91600036621094,3400000
2024-09-19,164.15040588378906,164.19960021972656,159.91360473632812,160.7003936767578,158.4902801513672,7465000
2024-09-20,160.3867950439453,162.69839477539062,159.4228057861328,162.56039428710938,160.32470703125,11097500
2024-09-23,162.56039428710938,164.19479370117188,161.22760009765625,163.88319396972656,161.6293487548828,6342500
2024-09-24,165.1199951171875,167.3115997314453,163.39599609375,167.10240173339844,164.8042449951172,5400000
2024-09-25,167.10240173339844,167.24440002441406,165.9532012939453,167.0279998779297,164.7308807373047,4917500
2024-09-26,168.41160583496094,170.9152069091797,167.87559509277344,170.75759887695312,168.40919494628906,5347500
2024-09-27,170.76040649414062,170.839599609375,169.24240112304688,169.9239959716797,167.5870819091797,4065000
2024-09-30,168.80599975585938,169.13479614257812,167.3251953125,168.48480224609375,166.1676483154297,5445000
2024-10-01,169.1199951171875,169.1199951171875,163.4080047607422,164.0395965576172,161.78359985351562,5962500
2024-10-02,164.0395965576172,165.14559936523438,162.8896026611328,165.00039672851562,162.73117065429688,4112500
2024-10-03,163.1999969482422,164.54159545898438,162.43919372558594,164.164794921875,161.90704345703125,3015000
2024-10-04,166.59039306640625,167.8719940185547,165.372802734375,167.50799560546875,165.20428466796875,4190000
2024-10-07,167.03480529785156,170.25120544433594,166.37840270996094,166.7928009033203,164.49891662597656,4612500
2024-10-08,167.1999969482422,170.39999389648438,167.1999969482422,169.3271942138672,166.9984893798828,4022500
2024-10-09,169.16000366210938,172.1907958984375,169.09080505371094,171.67999267578125,169.3188934326172,3847500
2024-10-10,171.55999755859375,172.32000732421875,170.68960571289062,171.52879333496094,169.16976928710938,3110000
2024-10-11,172.0,173.1416015625,171.11439514160156,171.3892059326172,169.0321044921875,3125000
2024-10-14,171.8968048095703,172.72760009765625,171.36399841308594,171.90879821777344,169.5445556640625,3495000
2024-10-15,171.13400268554688,174.8468017578125,170.9803924560547,172.31080627441406,169.94105529785156,4570000
2024-10-16,172.0164031982422,174.23680114746094,171.1540069580078,173.4907989501953,171.1048126220703,3100000
2024-10-17,174.39999389648438,175.79800415039062,174.2808074951172,174.83079528808594,172.42636108398438,3717500
2024-10-18,174.83079528808594,175.1107940673828,173.3800048828125,174.03280639648438,171.63934326171875,3652500
2024-10-21,172.92919921875,175.04440307617188,172.92919921875,174.54879760742188,172.1482391357422,3307500
2024-10-22,173.26919555664062,175.8000030517578,173.2335968017578,175.1112060546875,172.7029266357422,3105000
2024-10-23,174.16400146484375,174.8135986328125,170.82400512695312,172.52040100097656,170.1477508544922,4445000
2024-10-24,172.00320434570312,173.65159606933594,171.5731964111328,173.5491943359375,171.1623992919922,3995000
2024-10-25,175.0,175.0,173.36639404296875,173.9127960205078,171.52098083496094,3740000
2024-10-28,175.19960021972656,175.19960021972656,172.80320739746094,173.90359497070312,171.5119171142578,5382500
2024-10-29,173.2884063720703,177.63479614257812,173.2884063720703,177.10159301757812,174.6659393310547,5047500
2024-10-30,175.39999389648438,179.11520385742188,175.39999389648438,178.5572052001953,176.1015167236328,8017500
2024-10-31,189.36000061035156,194.26400756835938,185.75320434570312,187.0500030517578,184.47752380371094,12850000
2024-11-01,186.75999450683594,191.60479736328125,186.75999450683594,189.9644012451172,187.35183715820312,12992500
2024-11-04,190.8795928955078,193.0,189.1300048828125,191.0583953857422,188.4307861328125,5000000
2024-11-05,190.8000030517578,196.64039611816406,190.8000030517578,196.5991973876953,193.89540100097656,9630000
2024-11-06,201.46560668945312,202.4199981689453,197.68519592285156,200.047607421875,197.29637145996094,6807500
2024-11-07,200.52879333496094,200.68080139160156,196.5216064453125,196.8347930908203,194.12777709960938,8380000
2024-11-08,196.91319274902344,199.0240020751953,196.91319274902344,197.73080444335938,195.01144409179688,7060000
2024-11-11,197.44000244140625,202.77760314941406,197.44000244140625,202.61599731445312,199.82945251464844,4385000
2024-11-12,201.160400390625,202.02960205078125,199.84840393066406,200.9167938232422,198.15362548828125,7787500
2024-11-13,199.9199981689453,201.3583984375,198.8939971923828,199.4976043701172,196.75393676757812,4982500
2024-11-14,198.32000732421875,199.80039978027344,198.0780029296875,198.83920288085938,196.1046142578125,6052500
2024-11-15,198.8000030517578,199.19119262695312,197.3000030517578,199.00759887695312,196.27069091796875,5890000
2024-11-18,198.77560424804688,201.1772003173828,197.23800659179688,200.71119689941406,197.95083618164062,5730000
2024-11-19,199.7519989013672,199.7519989013672,197.48440551757812,199.07960510253906,196.3417205810547,5115000
2024-11-20,198.67239379882812,200.76199340820312,196.2812042236328,200.65719604492188,197.8975830078125,4185000
2024-11-21,202.02479553222656,208.46640014648438,200.6575927734375,208.43679809570312,205.57020568847656,6067500
2024-11-22,208.10159301757812,208.63999938964844,205.63360595703125,207.08599853515625,204.2379608154297,6165000
2024-11-25,208.52000427246094,209.47999572753906,202.94720458984375,204.3531951904297,201.5427703857422,11112500
2024-11-26,204.39999389648438,208.60000610351562,204.39999389648438,208.58880615234375,205.7200927734375,4067500
2024-11-27,207.50759887695312,209.1999969482422,206.44000244140625,208.92599487304688,206.05267333984375,4277500
2024-11-29,207.0944061279297,209.1999969482422,207.0944061279297,208.07919311523438,205.21751403808594,3317500
2024-12-02,208.2563934326172,209.32760620117188,207.40159606933594,208.97120666503906,206.09725952148438,5147500
2024-12-03,208.97120666503906,210.3280029296875,208.1667938232422,208.5751953125,205.70668029785156,4897500
2024-12-04,208.0,209.94679260253906,206.47079467773438,209.7263946533203,206.84205627441406,5080000
2024-12-05,210.1551971435547,213.1999969482422,208.0,211.51759338378906,208.608642578125,4592500
2024-12-06,210.39999389648438,213.48800659179688,210.39999389648438,212.0135955810547,209.44435119628906,4707500
2024-12-09,209.60000610351562,211.21200561523438,205.68319702148438,205.98399353027344,203.4878387451172,6825000
2024-12-10,206.9600067138672,208.94679260253906,204.46279907226562,207.41319274902344,204.89971923828125,6367500
2024-12-11,210.13279724121094,211.82200622558594,208.75120544433594,211.72000122070312,209.15432739257812,4910000
2024-12-12,212.0,213.48959350585938,210.2259979248047,210.7572021484375,208.20321655273438,3687500
2024-12-13,209.60000610351562,210.41639709472656,208.54400634765625,209.10440063476562,206.57041931152344,4102500
2024-12-16,208.26559448242188,209.25599670410156,205.64759826660156,206.085205078125,203.58779907226562,8562500
2024-12-17,205.16000366210938,207.08999633789062,204.3936004638672,206.19839477539062,203.6996307373047,5512500
2024-12-18,206.19839477539062,206.6907958984375,197.593994140625,197.73399353027344,195.33782958984375,7907500
2024-12-19,199.88319396972656,200.82640075683594,197.87359619140625,199.21600341796875,196.80184936523438,6955000
2024-12-20,198.21719360351562,203.4084014892578,198.21719360351562,201.943603515625,199.49639892578125,11595000
2024-12-23,202.67160034179688,202.85560607910156,200.20480346679688,202.52479553222656,200.070556640625,4130000
2024-12-24,203.4508056640625,204.9176025390625,202.02760314941406,204.9176025390625,202.43435668945312,1965000
2024-12-26,203.7624053955078,205.03359985351562,203.71200561523438,203.8415985107422,201.37139892578125,1717500
2024-12-27,202.39999389648438,203.14559936523438,200.64520263671875,201.49560546875,199.0538330078125,2912500
2024-12-30,199.6999969482422,200.65919494628906,197.5216064453125,199.63479614257812,197.215576171875,3692500
2024-12-31,199.60000610351562,200.28919982910156,198.5303955078125,198.73680114746094,196.3284454345703,2632500
2025-01-02,199.62680053710938,201.59519958496094,195.86680603027344,197.0115966796875,194.62416076660156,3532500
2025-01-03,197.51119995117188,198.47799682617188,195.15440368652344,196.1540069580078,193.7769775390625,4137500
2025-01-06,197.70680236816406,197.70680236816406,193.82200622558594,196.3916015625,194.0116729736328,6955000
2025-01-07,195.2563934326172,195.57440185546875,191.52000427246094,191.843994140625,189.51918029785156,5507500
2025-01-08,192.3560028076172,195.089599609375,191.4199981689453,194.8968048095703,192.5349884033203,6657500
2025-01-10,192.36839294433594,193.4340057373047,188.0063934326172,189.58200073242188,187.28460693359375,7655000
2025-01-13,188.41160583496094,191.22320556640625,186.4127960205078,190.55599975585938,188.24679565429688,5247500
2025-01-14,191.273193359375,192.3632049560547,190.04319763183594,191.15240478515625,188.8359832763672,5152500
2025-01-15,194.06919860839844,195.98159790039062,192.62840270996094,193.1855926513672,190.8445281982422,5757500
2025-01-16,192.71119689941406,196.06399536132812,191.9268035888672,194.60000610351562,192.24179077148438,4710000
2025-01-17,198.0,199.07839965820312,195.7779998779297,197.07200622558594,194.683837890625,6502500
2025-01-21,197.01800537109375,197.38479614257812,184.60000610351562,187.45640563964844,185.18475341796875,10147500
2025-01-22,187.2624053955078,188.18040466308594,183.83639526367188,184.76840209960938,182.5293426513672,9322500
2025-01-23,184.8260040283203,192.8979949951172,184.36199951171875,192.72560119628906,190.39010620117188,10057500
2025-01-24,192.0800018310547,193.1199951171875,188.95159912109375,190.59559631347656,188.28591918945312,6000000
2025-01-27,186.27479553222656,191.24639892578125,186.27479553222656,187.014404296875,184.74810791015625,7490000
2025-01-28,186.8040008544922,190.06080627441406,186.39999389648438,187.38720703125,185.1164093017578,8275000
2025-01-29,188.22239685058594,189.76040649414062,187.55079650878906,188.87440490722656,186.58558654785156,4477500
2025-01-30,191.57359313964844,191.57359313964844,188.0019989013672,190.97320556640625,188.65895080566406,5925000
2025-01-31,191.83999633789062,193.1999969482422,188.4416046142578,189.5023956298828,187.20594787597656,6130000
2025-02-03,186.80760192871094,189.7144012451172,184.21719360351562,187.71600341796875,185.44122314453125,6290000
2025-02-04,186.82040405273438,189.14280700683594,186.23480224609375,187.1575927734375,184.8895721435547,6545000
2025-02-05,187.53720092773438,191.14720153808594,187.36279296875,187.97560119628906,185.69766235351562,5465000
2025-02-06,189.22560119628906,193.8800048828125,189.19520568847656,191.1884002685547,188.87155151367188,10700000
2025-02-07,195.39599609375,202.9080047607422,194.75999450683594,195.49879455566406,193.1296844482422,10765000
2025-02-10,198.50840759277344,199.47999572753906,196.23959350585938,196.53919982910156,194.15750122070312,4795000
2025-02-11,195.8424072265625,197.2711944580078,194.54400634765625,195.89280700683594,193.51893615722656,4435000
2025-02-12,195.08120727539062,200.82640075683594,195.08120727539062,200.72439575195312,198.29197692871094,4972500
2025-02-13,202.37840270996094,203.16360473632812,199.37240600585938,200.34800720214844,197.92013549804688,5610000
2025-02-14,203.4176025390625,203.4176025390625,199.0216064453125,201.7760009765625,199.33084106445312,5062500
2025-02-18,204.33999633789062,206.60000610351562,202.41439819335938,205.67520141601562,203.1827850341797,6947500
2025-02-19,206.7447967529297,206.7447967529297,201.72079467773438,204.4239959716797,201.94674682617188,4680000
2025-02-20,204.39959716796875,204.39959716796875,199.0323944091797,200.7292022705078,198.2967071533203,7540000
2025-02-21,208.53880310058594,211.27999877929688,198.802001953125,199.62559509277344,197.20648193359375,18112500
2025-02-24,200.16000366210938,204.11720275878906,199.9243927001953,201.96319580078125,199.51576232910156,8755000
2025-02-25,203.60000610351562,203.60000610351562,198.07679748535156,201.3531951904297,198.9131622314453,8975000
2025-02-26,202.32000732421875,205.16000366210938,201.0,201.3820037841797,198.94161987304688,6430000
2025-02-27,201.6844024658203,201.84559631347656,196.66600036621094,196.72520446777344,194.3412628173828,5240000
2025-02-28,197.5260009765625,200.64039611816406,195.8444061279297,200.64039611816406,198.20896911621094,7635000
2025-03-03,200.64039611816406,202.19000244140625,196.56399536132812,197.8459930419922,195.4484405517578,8797500
2025-03-04,193.976806640625,198.71800231933594,191.62559509277344,195.93600463867188,193.56161499023438,9742500
2025-03-05,195.78439331054688,197.9792022705078,193.68960571289062,196.69839477539062,194.31475830078125,5327500
2025-03-06,192.64039611816406,194.86839294433594,187.4499969482422,187.83880615234375,185.56253051757812,7640000
2025-03-07,187.14999389648438,189.01719665527344,184.0592041015625,186.93519592285156,185.0481719970703,7422500
2025-03-10,183.32640075683594,183.32640075683594,176.23680114746094,178.04119873046875,176.24395751953125,9020000
2025-03-11,176.00039672851562,177.17759704589844,172.32080078125,174.1363983154297,172.37855529785156,10085000
2025-03-12,176.60000610351562,176.89199829101562,172.02560424804688,176.0207977294922,174.2439422607422,7642500
2025-03-13,175.28199768066406,176.0207977294922,171.17599487304688,171.8159942626953,170.0815887451172,7977500
2025-03-14,174.4792022705078,178.61920166015625,174.127197265625,178.61920166015625,176.8161163330078,6322500
2025-03-17,178.96519470214844,184.3092041015625,178.47079467773438,182.5355987548828,180.69297790527344,7105000
2025-03-18,182.38479614257812,182.61639404296875,176.66639709472656,178.8603973388672,177.0548858642578,7152500
2025-03-19,177.92759704589844,185.50120544433594,177.92759704589844,183.67559814453125,181.8214569091797,6960000
2025-03-20,182.76119995117188,186.10760498046875,181.89039611816406,183.5612030029297,181.70823669433594,5982500
2025-03-21,181.25320434570312,185.8043975830078,178.29319763183594,184.69039916992188,182.8260498046875,14360000
2025-03-24,186.96719360351562,189.11839294433594,186.29800415039062,188.3887939453125,186.4871063232422,5800000
2025-03-25,188.90719604492188,191.78359985351562,188.90719604492188,191.11639404296875,189.18716430664062,6622500
2025-03-26,191.1199951171875,191.27999877929688,189.2823944091797,190.56640625,188.64273071289062,4482500
2025-03-27,189.60000610351562,192.29359436035156,184.5592041015625,190.11199951171875,188.1929168701172,4850000
2025-03-28,190.11199951171875,190.11199951171875,185.1840057373047,185.36959838867188,183.49838256835938,4635000
2025-03-31,180.9123992919922,185.04159545898438,177.6343994140625,184.27639770507812,182.4162139892578,8985000
2025-04-01,182.88360595703125,187.75880432128906,181.18960571289062,187.42999267578125,185.5379638671875,5550000
2025-04-02,184.97720336914062,189.1840057373047,184.97720336914062,187.57200622558594,185.67855834960938,4835000
2025-04-03,179.56959533691406,180.9503936767578,175.33839416503906,178.0211944580078,176.2241668701172,9857500
2025-04-04,172.8887939453125,180.52999877929688,171.3607940673828,171.3607940673828,169.6309814453125,12712500
2025-04-07,166.80320739746094,178.55679321289062,164.29640197753906,169.78720092773438,168.07327270507812,13960000
2025-04-08,175.00039672851562,177.22039794921875,165.18319702148438,166.5659942626953,164.8845977783203,8772500
2025-04-09,165.0471954345703,186.15240478515625,163.8491973876953,184.65280151367188,182.788818359375,15065000
2025-04-10,181.0240020751953,182.35400390625,174.95359802246094,179.7855987548828,177.97076416015625,10582500
2025-04-11,180.32879638671875,185.7471923828125,177.39759826660156,183.46119689941406,181.60923767089844,7625000
2025-04-14,188.0679931640625,188.0679931640625,181.8968048095703,182.2736053466797,180.4336395263672,7202500
2025-04-15,183.99960327148438,184.7003936767578,180.96359252929688,184.4976043701172,182.6351776123047,5392500
2025-04-16,182.95399475097656,185.1103973388672,179.67080688476562,181.63360595703125,179.8000946044922,6220000
2025-04-17,183.46319580078125,184.18359375,180.6652069091797,182.93240356445312,181.08578491210938,5420000
2025-04-21,182.6656036376953,183.15240478515625,174.8448028564453,177.5052032470703,175.71337890625,5887500
2025-04-22,178.60000610351562,184.34039306640625,178.27679443359375,183.92320251464844,182.06658935546875,5907500
2025-04-23,188.79319763183594,192.0,186.60000610351562,189.24119567871094,187.33090209960938,5947500
2025-04-24,188.2447967529297,193.75039672851562,187.6652069091797,193.11880493164062,191.1693572998047,5950000
2025-04-25,193.14480590820312,195.1363983154297,191.74200439453125,193.53759765625,191.58392333984375,4740000
2025-04-28,195.1999969482422,196.6479949951172,192.9696044921875,195.59800720214844,193.62353515625,5822500
2025-04-29,193.99960327148438,197.20480346679688,193.67239379882812,196.36920166015625,194.386962890625,9307500
2025-04-30,189.28919982910156,204.64559936523438,188.91079711914062,203.97120666503906,201.91220092773438,11450000
2025-05-01,200.09080505371094,206.3968048095703,198.8000030517578,204.0572052001953,201.99732971191406,7790000
2025-05-02,207.16200256347656,209.07119750976562,204.73199462890625,208.11199951171875,206.01121520996094,6772500
2025-05-05,207.0,210.0,207.0,207.64480590820312,205.54872131347656,4812500
2025-05-06,207.6060028076172,208.63600158691406,206.0832061767578,206.4947967529297,204.4103240966797,4567500
2025-05-07,206.54559326171875,209.14199829101562,205.30479431152344,207.84959411621094,205.75144958496094,3935000
2025-05-08,208.04080200195312,209.53359985351562,206.6083984375,206.6107940673828,204.52516174316406,5227500
2025-05-09,205.64439392089844,206.0572052001953,201.52000427246094,202.90159606933594,200.8533935546875,5710000
2025-05-12,207.17239379882812,209.1999969482422,203.54080200195312,207.7996063232422,205.70196533203125,7345000
2025-05-13,206.49440002441406,212.10440063476562,206.0540008544922,210.49679565429688,208.37191772460938,6340000
2025-05-14,210.34120178222656,211.54879760742188,207.30239868164062,208.66200256347656,206.55563354492188,4887500
2025-05-15,208.55880737304688,211.41720581054688,208.3603973388672,209.5095977783203,207.3946990966797,3890000
2025-05-16,210.6855926513672,213.2971954345703,208.84080505371094,212.68280029296875,210.53585815429688,5012500
2025-05-19,212.60079956054688,215.19920349121094,209.08920288085938,215.1199951171875,212.94845581054688,3967500
2025-05-20,213.31919860839844,214.99879455566406,211.60000610351562,212.4272003173828,210.2828369140625,4460000
2025-05-21,211.46400451660156,213.3636016845703,210.44000244140625,211.73240661621094,209.59507751464844,3272500
2025-05-22,211.89959716796875,214.07200622558594,211.43679809570312,213.67640686035156,211.5194549560547,3400000
2025-05-23,211.2292022705078,213.48959350585938,210.90640258789062,213.31199645996094,211.15870666503906,3810000
2025-05-27,214.27679443359375,218.87120056152344,214.27679443359375,218.06959533691406,215.86830139160156,6442500
2025-05-28,218.06959533691406,220.1999969482422,218.06959533691406,219.01040649414062,216.79962158203125,4715000
2025-05-29,219.1999969482422,220.3867950439453,217.4364013671875,220.0800018310547,217.8583984375,4840000
2025-05-30,220.39999389648438,221.3000030517578,219.0823974609375,220.7572021484375,218.52874755859375,5817500
2025-06-02,220.0,221.77720642089844,218.85040283203125,221.556396484375,219.3198699951172,3417500
2025-06-03,220.5635986328125,222.41799926757812,218.58560180664062,219.0028076171875,216.79209899902344,5310000
2025-06-04,218.95199584960938,222.40480041503906,218.94000244140625,222.27999877929688,220.0361785888672,5230000
2025-06-05,223.0,225.58799743652344,222.0,222.82080078125,220.57150268554688,4642500
2025-06-06,224.62240600585938,225.25360107421875,222.15159606933594,224.5843963623047,222.70111083984375,4352500
2025-06-09,224.04800415039062,224.94479370117188,221.13800048828125,221.57640075683594,219.71835327148438,4982500
2025-06-10,221.197998046875,221.84519958496094,217.41079711914062,219.51919555664062,217.6783905029297,4465000
2025-06-11,219.52000427246094,219.72999572753906,215.59800720214844,218.6511993408203,216.8176727294922,6570000
2025-06-12,218.60479736328125,219.52000427246094,217.0323944091797,218.47799682617188,216.6459197998047,4832500
2025-06-13,213.8000030517578,214.9340057373047,210.89439392089844,211.93519592285156,210.15797424316406,6550000
2025-06-16,212.99920654296875,215.18760681152344,212.5207977294922,214.7615966796875,212.96067810058594,5607500
2025-06-17,212.50039672851562,215.57440185546875,211.39999389648438,212.04200744628906,210.26388549804688,4905000
2025-06-18,212.2760009765625,214.0760040283203,211.09320068359375,211.4503936767578,209.67724609375,4525000
2025-06-20,215.1199951171875,215.1199951171875,211.0,212.16119384765625,210.38209533691406,11047500
2025-06-23,213.6136016845703,214.0,209.42599487304688,213.33680725097656,211.5478515625,4390000
2025-06-24,215.60000610351562,220.72720336914062,215.13999938964844,219.28919982910156,217.4503173828125,5850000
2025-06-25,218.6060028076172,220.8892059326172,217.60000610351562,219.41400146484375,217.57408142089844,4432500
2025-06-26,220.82640075683594,225.3043975830078,220.05799865722656,223.83999633789062,221.9629669189453,5482500
2025-06-27,224.7100067138672,228.45919799804688,224.54559326171875,227.72520446777344,225.81558227539062,7440000
2025-06-30,228.16400146484375,231.9604034423828,227.66079711914062,231.56959533691406,229.62774658203125,7192500
2025-07-01,229.6320037841797,231.83079528808594,227.25120544433594,229.2292022705078,227.3069610595703,5652500
2025-07-02,227.60000610351562,228.4084014892578,225.60000610351562,228.07040405273438,226.15789794921875,5285000
2025-07-03,227.8916015625,230.41600036621094,226.11959838867188,228.6719970703125,226.7544403076172,3280000
2025-07-07,229.01519775390625,232.6367950439453,228.31719970703125,232.6367950439453,230.6859893798828,4400000
2025-07-08,232.60000610351562,233.57640075683594,227.1199951171875,228.533203125,226.6168212890625,5922500
2025-07-09,230.41079711914062,230.67999267578125,226.1248016357422,226.7216033935547,224.8203887939453,4625000
2025-07-10,228.88479614257812,230.65159606933594,226.5659942626953,228.7404022216797,226.822265625,4230000
2025-07-11,227.70480346679688,229.01559448242188,226.42599487304688,228.6840057373047,226.766357421875,3772500
2025-07-14,227.89439392089844,230.797607421875,227.5612030029297,230.6416015625,228.70753479003906,3352500
2025-07-15,229.74440002441406,231.60000610351562,225.60000610351562,227.0211944580078,225.1174774169922,4092500
2025-07-16,226.11839294433594,227.093994140625,225.00880432128906,226.3251953125,224.42730712890625,4225000
2025-07-17,226.25999450683594,228.73680114746094,225.8560028076172,227.35760498046875,225.45106506347656,3537500
2025-07-18,229.9835968017578,229.9835968017578,227.36000061035156,228.11599731445312,226.20310974121094,3677500
2025-07-21,226.60000610351562,228.66000366210938,225.9980010986328,227.08599853515625,225.18174743652344,3907500
2025-07-22,228.8000030517578,231.44000244140625,227.10000610351562,231.0211944580078,229.08392333984375,3590000
2025-07-23,230.63720703125,230.783203125,227.1999969482422,229.4528045654297,227.52870178222656,3737500
2025-07-24,229.8376007080078,230.3531951904297,225.76480102539062,226.0,224.10484313964844,4312500
2025-07-25,227.14039611816406,227.21119689941406,224.96839904785156,225.29080200195312,223.40159606933594,4620000
2025-07-28,225.55239868164062,227.39999389648438,223.3251953125,227.14999389648438,225.2451934814453,5640000
2025-07-29,227.83999633789062,227.83999633789062,221.6656036376953,223.63079833984375,221.75552368164062,8110000
2025-07-30,219.60000610351562,227.6627960205078,217.28199768066406,224.5164031982422,222.63368225097656,9285000
2025-07-31,225.0,226.57640075683594,219.7471923828125,220.1623992919922,218.31619262695312,7210000
2025-08-01,219.17880249023438,219.17880249023438,213.56480407714844,215.45159912109375,213.6448974609375,4990000
2025-08-04,216.47999572753906,219.2404022216797,213.57679748535156,219.04359436035156,217.206787109375,5922500
2025-08-05,220.15719604492188,220.3000030517578,216.3916015625,218.3144073486328,216.48370361328125,5545000
2025-08-06,218.9788055419922,221.55320739746094,216.60000610351562,221.452392578125,219.59536743164062,4975000
2025-08-07,222.0,223.60000610351562,216.226806640625,217.28399658203125,215.46194458007812,5065000
2025-08-08,218.16079711914062,218.16079711914062,214.65719604492188,216.2364044189453,214.42312622070312,4720000
2025-08-11,215.2736053466797,217.273193359375,213.96359252929688,214.57000732421875,212.77069091796875,4372500
2025-08-12,214.57000732421875,218.726806640625,214.57000732421875,218.4615936279297,216.62965393066406,3612500
2025-08-13,219.33360290527344,219.33360290527344,216.127197265625,217.9167938232422,216.0894317626953,4762500
2025-08-14,218.67999267578125,220.77200317382812,216.75680541992188,219.3907928466797,217.55105590820312,4495000
2025-08-15,220.57760620117188,220.57760620117188,217.48880004882812,218.17160034179688,216.34210205078125,3950000
2025-08-18,217.9615936279297,221.43519592285156,216.7808074951172,221.27999877929688,219.4244384765625,4237500
2025-08-19,221.56480407714844,224.10279846191406,221.04600524902344,223.3632049560547,221.4901580810547,4995000
2025-08-20,223.36000061035156,225.914794921875,223.29119873046875,225.59120178222656,223.69947814941406,4387500
2025-08-21,225.91360473632812,228.58999633789062,223.96319580078125,228.42959594726562,226.51405334472656,3907500
2025-08-22,229.00880432128906,231.8000030517578,226.6020050048828,228.8347930908203,226.91587829589844,4887500
2025-08-25,228.3271942138672,230.9792022705078,228.0048065185547,228.1439971923828,226.23086547851562,2890000
2025-08-26,228.03480529785156,229.12640380859375,225.74560546875,228.22720336914062,226.31336975097656,4272500
2025-08-27,227.047607421875,227.72000122070312,223.24240112304688,224.627197265625,222.74354553222656,3780000
2025-08-28,225.1999969482422,226.62879943847656,223.8000030517578,226.07960510253906,224.18377685546875,4197500
2025-08-29,225.3656005859375,225.3656005859375,223.50999450683594,223.96200561523438,222.0839385986328,3472500
2025-09-02,223.09280395507812,223.09280395507812,218.27879333496094,220.2220001220703,218.37530517578125,6115000
2025-09-03,220.99440002441406,223.87680053710938,219.39999389648438,223.3179931640625,221.44532775878906,4745000
2025-09-04,222.8000030517578,223.94000244140625,218.1580047607422,223.4344024658203,221.56076049804688,5510000
2025-09-05,223.76280212402344,226.10040283203125,218.1999969482422,220.23199462890625,218.76116943359375,5060000
2025-09-08,221.1396026611328,225.5399932861328,220.39920043945312,222.78799438476562,221.30010986328125,5350000
2025-09-09,221.8719940185547,224.1772003173828,220.6999969482422,222.87319946289062,221.38473510742188,3970000
2025-09-10,222.55999755859375,222.55999755859375,215.00799560546875,218.99240112304688,217.5298614501953,6242500
2025-09-11,218.99240112304688,221.47999572753906,216.39999389648438,219.9199981689453,218.45127868652344,4495000
2025-09-12,218.44000244140625,220.8000030517578,217.50759887695312,218.33279418945312,216.87466430664062,3220000
2025-09-15,220.0,222.39999389648438,216.9600067138672,222.39320373535156,220.907958984375,4127500
2025-09-16,223.06320190429688,223.06320190429688,217.20199584960938,219.00039672851562,217.53781127929688,4307500
2025-09-17,219.75360107421875,222.29600524902344,218.19839477539062,222.1479949951172,220.66439819335938,5287500
2025-09-18,222.27999877929688,223.50999450683594,216.4315948486328,217.71519470214844,216.2611846923828,5870000
2025-09-19,217.91839599609375,218.62640380859375,216.0,217.77760314941406,216.32318115234375,10512500
2025-09-22,216.0,219.093994140625,214.8000030517578,218.2852020263672,216.827392578125,5360000
2025-09-23,217.0,220.7032012939453,216.95640563964844,220.3607940673828,218.8891143798828,4477500
2025-09-24,221.122802734375,221.122802734375,217.13999938964844,221.0240020751953,219.5478973388672,3805000
2025-09-25,220.9196014404297,223.28759765625,218.16000366210938,223.02920532226562,221.5397186279297,6130000
2025-09-26,223.13800048828125,223.4647979736328,219.27760314941406,221.9199981689453,220.4379119873047,4057500
2025-09-29,222.86639404296875,223.44200134277344,217.92120361328125,218.19239807128906,216.73521423339844,5932500
2025-09-30,217.0800018310547,218.32440185546875,214.03759765625,215.97079467773438,214.5284423828125,4937500
2025-10-01,214.0800018310547,215.0092010498047,210.0,214.02239990234375,212.5930633544922,8105000
2025-10-02,213.01559448242188,217.2384033203125,212.0399932861328,216.98199462890625,215.5328826904297,5212500
2025-10-03,217.9788055419922,218.63279724121094,214.80520629882812,216.7220001220703,215.27462768554688,6740000
2025-10-06,214.7216033935547,224.99560546875,210.4031982421875,216.7947998046875,215.34693908691406,8847500
2025-10-07,216.8887939453125,216.8887939453125,207.52000427246094,209.67999267578125,208.27964782714844,6615000
2025-10-08,208.9199981689453,209.52920532226562,204.39999389648438,205.24920654296875,203.87844848632812,7227500
2025-10-09,203.3115997314453,208.43319702148438,201.55079650878906,207.6772003173828,206.2902374267578,5562500
2025-10-10,207.76840209960938,209.5991973876953,205.23399353027344,206.59719848632812,205.2174530029297,4922500
2025-10-13,208.15359497070312,210.53160095214844,206.7779998779297,210.1540069580078,208.75050354003906,5117500
2025-10-14,208.38720703125,212.73080444335938,207.83999633789062,211.20559692382812,209.79507446289062,5175000
2025-10-15,211.67919921875,211.67919921875,202.52000427246094,203.23440551757812,201.87710571289062,6875000
2025-10-16,202.38760375976562,203.50759887695312,197.23240661621094,198.0924072265625,196.7694549560547,7642500
2025-10-17,197.95599365234375,203.34519958496094,196.94200134277344,202.80079650878906,201.44639587402344,7307500
2025-10-20,204.23199462890625,206.9199981689453,203.21719360351562,205.67520141601562,204.30162048339844,7477500
2025-10-21,205.60000610351562,212.39559936523438,204.36000061035156,211.44000244140625,210.0279083251953,7612500
2025-10-22,213.11839294433594,213.11839294433594,208.2664031982422,209.22360229492188,207.82630920410156,4895000
2025-10-23,210.32000732421875,210.32000732421875,203.22000122070312,203.73880004882812,202.3781280517578,7767500
2025-10-24,205.1999969482422,207.0428009033203,203.1999969482422,205.84640502929688,204.47166442871094,5637500
2025-10-27,209.3916015625,210.53759765625,208.1132049560547,210.17599487304688,208.7723388671875,5372500
2025-10-28,209.62319946289062,211.0,204.8227996826172,204.8227996826172,203.45489501953125,10177500
2025-10-29,208.00039672851562,208.8000030517578,197.12559509277344,203.03439331054688,201.67843627929688,11540000
2025-10-30,202.5355987548828,211.19039916992188,202.1999969482422,203.20840454101562,201.85128784179688,8150000
2025-10-31,202.60679626464844,204.39320373535156,201.18080139160156,203.10960388183594,201.75314331054688,4430000
2025-11-03,202.54400634765625,203.40919494628906,199.33160400390625,201.2220001220703,199.87814331054688,5672500
2025-11-04,199.94000244140625,203.1999969482422,198.1416015625,199.67039489746094,198.33688354492188,5670000
2025-11-05,199.2404022216797,199.55960083007812,195.47959899902344,196.4459991455078,195.134033203125,6372500
2025-11-06,195.1999969482422,197.1999969482422,194.21600341796875,195.96200561523438,194.6532745361328,7330000
2025-11-07,196.697998046875,200.57679748535156,196.20199584960938,197.60000610351562,196.28033447265625,6785000
2025-11-10,198.24240112304688,201.34280395507812,197.73080444335938,198.33599853515625,197.01141357421875,6580000
2025-11-11,198.9199981689453,202.8751983642578,198.33599853515625,202.0260009765625,200.67677307128906,5090000
2025-11-12,202.1999969482422,207.32359313964844,200.7292022705078,207.023193359375,205.64059448242188,6045000
2025-11-13,208.37399291992188,209.43359375,202.5240020751953,203.02439880371094,201.66851806640625,7342500
2025-11-14,203.26600646972656,205.15480041503906,200.82040405273438,201.92039489746094,200.57186889648438,5137500
2025-11-17,201.1999969482422,203.5615997314453,190.9199981689453,192.160400390625,190.87705993652344,10437500
2025-11-18,191.92759704589844,194.49679565429688,190.20480346679688,191.32040405273438,190.0426788330078,8140000
2025-11-19,190.80599975585938,191.5395965576172,186.50160217285156,187.63079833984375,186.37771606445312,8655000
2025-11-20,186.9199981689453,188.3000030517578,182.8448028564453,183.32400512695312,182.09970092773438,9042500
2025-11-21,184.02000427246094,191.9864044189453,184.02000427246094,190.72000122070312,189.44627380371094,11915000
2025-11-24,193.33560180664062,196.0,192.4499969482422,195.01480102539062,193.71240234375,10055000
2025-11-25,195.30039978027344,198.09080505371094,194.68040466308594,196.24960327148438,194.93896484375,8380000
2025-11-26,195.98519897460938,198.0,195.57440185546875,196.4739990234375,195.161865234375,7092500
2025-11-28,196.18679809570312,198.0991973876953,195.406005859375,196.5876007080078,195.27468872070312,3332500
2025-12-01,196.47999572753906,197.8459930419922,195.40679931640625,195.67239379882812,194.36561584472656,6165000
2025-12-02,196.1999969482422,207.04879760742188,196.1204071044922,205.40280151367188,204.03102111816406,10837500
2025-12-03,203.7187957763672,206.68479919433594,201.6864013671875,201.88839721679688,200.5400848388672,5130000
2025-12-04,202.60000610351562,203.2635955810547,200.79519653320312,201.08799743652344,199.74502563476562,4657500
2025-12-05,201.4243927001953,207.98080444335938,200.7740020751953,207.88160705566406,206.88836669921875,7595000
2025-12-08,207.54400634765625,208.3780059814453,204.78680419921875,207.09559631347656,206.10609436035156,7600000
2025-12-09,206.15960693359375,209.14759826660156,200.0876007080078,207.8303985595703,206.83738708496094,8492500
2025-12-10,206.94000244140625,214.62359619140625,202.5876007080078,211.08799743652344,210.0794219970703,11445000
2025-12-11,211.05679321289062,214.39199829101562,209.6011962890625,211.18719482421875,210.1781463623047,6167500
2025-12-12,212.35679626464844,214.32119750976562,211.4835968017578,212.0655975341797,211.05233764648438,5045000
2025-12-15,214.3155975341797,219.39999389648438,213.8592071533203,218.30799865722656,217.26492309570312,9157500
2025-12-16,217.0,220.80599975585938,216.7552032470703,217.47720336914062,216.43809509277344,5717500
2025-12-17,217.01040649414062,218.0583953857422,213.36720275878906,213.6392059326172,212.61843872070312,4462500
2025-12-18,213.55360412597656,217.07080078125,213.30960083007812,213.8188018798828,212.79718017578125,4870000
2025-12-19,213.61239624023438,217.39999389648438,213.10240173339844,215.74960327148438,214.71875,11570000
2025-12-22,217.523193359375,218.80039978027344,215.60000610351562,216.27960205078125,215.24623107910156,3375000
2025-12-23,215.83079528808594,217.65280151367188,215.69119262695312,217.57080078125,216.53125,3017500
2025-12-24,216.76080322265625,219.08079528808594,216.67880249023438,217.8603973388672,216.8194580078125,1320000
2025-12-26,217.45120239257812,219.47999572753906,216.60000610351562,217.60560607910156,216.56588745117188,1740000
2025-12-29,217.735595703125,218.47999572753906,216.15159606933594,217.6531982421875,216.61325073242188,2622500
2025-12-30,216.52960205078125,218.2115936279297,216.52960205078125,217.08599853515625,216.04876708984375,3387500
2025-12-31,216.60040283203125,217.556396484375,214.1156005859375,214.21319580078125,213.18968200683594,2822500
2026-01-02,214.2716064453125,214.3424072265625,210.05279541015625,212.92799377441406,211.91062927246094,4250000
2026-01-05,211.72799682617188,217.80799865722656,211.2615966796875,214.69479370117188,213.66897583007812,4462500
2026-01-06,214.01199340820312,214.72279357910156,210.84080505371094,213.9355926513672,212.9134063720703,5365000
2026-01-07,212.8563995361328,218.95559692382812,212.8563995361328,217.82879638671875,216.78802490234375,4515000
2026-01-08,217.63999938964844,218.27960205078125,214.32000732421875,217.8000030517578,216.7593536376953,4020000
2026-01-09,216.60240173339844,220.75360107421875,215.72000122070312,219.6844024658203,218.63475036621094,5122500
2026-01-12,218.16799926757812,218.16799926757812,214.43280029296875,215.66079711914062,214.63037109375,4475000
2026-01-13,214.6772003173828,216.71080017089844,210.72079467773438,212.58839416503906,211.57264709472656,4730000
2026-01-14,210.50120544433594,211.21200561523438,202.2996063232422,207.48080444335938,206.4894561767578,6202500
2026-01-15,207.64599609375,209.10040283203125,205.7259979248047,207.72239685058594,206.7299041748047,4742500
2026-01-16,207.72239685058594,209.1199951171875,204.14239501953125,204.6363983154297,203.65866088867188,9327500
2026-01-20,200.48280334472656,202.29640197753906,198.09759521484375,201.0800018310547,200.11924743652344,7160000
2026-01-21,200.3892059326172,207.1551971435547,200.0684051513672,206.54440307617188,205.5575408935547,6820000
2026-01-22,208.31640625,209.94439697265625,204.76280212402344,206.03599548339844,205.0515594482422,5565000
2026-01-23,202.68960571289062,205.19320678710938,202.68960571289062,203.94000244140625,202.965576171875,5192500
2026-01-26,204.55320739746094,206.47999572753906,203.4907989501953,204.29119873046875,203.31509399414062,4517500
2026-01-27,204.29119873046875,206.43800354003906,203.53160095214844,206.1363983154297,205.1514892578125,3910000
2026-01-28,206.4571990966797,208.49440002441406,202.72000122070312,203.40879821777344,202.43692016601562,5015000
2026-01-29,204.2407989501953,205.910400390625,202.00039672851562,204.53280639648438,203.55555725097656,6107500
2026-01-30,203.3824005126953,204.01719665527344,198.19239807128906,200.07359313964844,199.11764526367188,6772500
2026-02-02,201.39999389648438,205.2624053955078,199.1999969482422,204.88999938964844,203.91104125976562,5405000
2026-02-03,202.3824005126953,204.60000610351562,184.60760498046875,185.7855987548828,184.89791870117188,15850000
2026-02-04,182.16000366210938,185.31520080566406,174.5,184.2852020263672,183.40469360351562,15347500
2026-02-05,185.97120666503906,187.88160705566406,177.268798828125,177.73680114746094,176.8875732421875,9667500
2026-02-06,177.75079345703125,180.9575958251953,174.7667999267578,178.28680419921875,177.43495178222656,13297500
2026-02-09,176.7476043701172,177.5511932373047,168.76919555664062,169.48199462890625,168.67221069335938,16940000
2026-02-10,168.7808074951172,175.1999969482422,167.0352020263672,171.24560546875,170.42739868164062,14335000
2026-02-11,170.14320373535156,175.11199951171875,167.9792022705078,172.4976043701172,171.6734161376953,16720000
2026-02-12,171.09840393066406,175.40040588378906,165.593994140625,166.36399841308594,165.56910705566406,17067500
2026-02-13,166.16000366210938,167.67999267578125,162.86399841308594,165.62399291992188,164.8326416015625,15562500
2026-02-17,165.2476043701172,166.72439575195312,160.82159423828125,165.6060028076172,164.8147430419922,12257500
2026-02-18,164.25039672851562,171.773193359375,164.0,170.7996063232422,169.98353576660156,16902500
2026-02-19,163.55479431152344,165.66160583496094,154.84039306640625,160.29800415039062,159.5321044921875,22657500
2026-02-20,160.49879455566406,163.1988067626953,157.9416046142578,163.07159423828125,162.29244995117188,20137500
2026-02-23,162.0751953125,162.39999389648438,150.6179962158203,154.8332061767578,154.09341430664062,19445000
2026-02-24,155.60000610351562,163.32000732421875,155.1999969482422,162.74240112304688,161.96482849121094,20127500
2026-02-25,163.0800018310547,167.17999267578125,161.91360473632812,166.52000427246094,165.724365234375,18732500
2026-02-26,167.17999267578125,171.6840057373047,166.5240020751953,170.01040649414062,169.19810485839844,18872500
2026-02-27,167.7480010986328,169.7100067138672,166.39999389648438,169.57400512695312,168.7637939453125,23010000
2026-03-02,162.0,168.78280639648438,161.1199951171875,167.19119262695312,166.39234924316406,13575000
2026-03-03,164.6020050048828,167.76319885253906,162.93519592285156,166.15480041503906,165.3609161376953,10957500
2026-03-04,165.84120178222656,172.90960693359375,165.17999267578125,170.14320373535156,169.33026123046875,10470000
2026-03-05,180.44400024414062,185.3636016845703,178.88800048828125,184.5312042236328,183.64952087402344,20312500
2026-03-06,180.72000122070312,183.39039611816406,178.17080688476562,182.01719665527344,181.56076049804688,9555000
2026-03-09,178.46839904785156,179.55679321289062,173.60000610351562,177.62759399414062,177.1821746826172,12960000
2026-03-10,176.5,177.2760009765625,171.38119506835938,174.8708038330078,174.4322967529297,9612500
2026-03-11,175.1011962890625,177.38119506835938,171.03439331054688,172.8968048095703,172.46324157714844,6420000
2026-03-12,170.9763946533203,173.9268035888672,168.53359985351562,168.70840454101562,168.28533935546875,6462500
2026-03-13,170.2147979736328,172.8000030517578,169.4075927734375,169.65040588378906,169.22499084472656,5725000
2026-03-16,170.6204071044922,173.56919860839844,170.07760620117188,171.72079467773438,171.29017639160156,5045000
2026-03-17,175.0959930419922,179.01319885253906,174.16000366210938,177.69320678710938,177.24761962890625,8277500
2026-03-18,176.0800018310547,179.0948028564453,175.16119384765625,175.25559997558594,174.81613159179688,6447500
2026-03-19,175.1815948486328,177.4687957763672,170.40440368652344,171.7716064453125,171.3408660888672,5987500
2026-03-20,171.73519897460938,173.1676025390625,170.33360290527344,172.9615936279297,172.5278778076172,11935000
2026-03-23,176.30960083007812,177.702392578125,174.72079467773438,175.87159729003906,175.43057250976562,8345000
2026-03-24,174.59640502929688,175.6916046142578,170.60000610351562,171.62600708007812,171.1956329345703,8577500
2026-03-25,171.93760681152344,174.99560546875,167.2855987548828,169.50999450683594,169.08493041992188,6237500
2026-03-26,169.12559509277344,171.0,167.36839294433594,168.55039978027344,168.1277313232422,8120000
2026-03-27,167.9600067138672,168.18719482421875,161.2115936279297,162.485595703125,162.07814025878906,8975000
2026-03-30,162.60000610351562,166.5428009033203,162.0,164.7003936767578,164.28738403320312,10225000
2026-03-31,165.47999572753906,169.60000610351562,162.6208038330078,168.4127960205078,167.990478515625,9462500
