Date,Open,High,Low,Close,Adj Close,Volume
2016-04-01,157.8699951171875,159.08999633789062,157.0,158.25,132.93284606933594,1531500
2016-04-04,158.67999267578125,158.99000549316406,156.4600067138672,157.72999572753906,132.49600219726562,1458400
2016-04-05,157.88999938964844,158.0,155.72000122070312,155.99000549316406,131.0343780517578,1855600
2016-04-06,155.80999755859375,157.41000366210938,155.22000122070312,156.77000427246094,131.6895751953125,1572600
2016-04-07,154.4199981689453,154.5800018310547,151.47999572753906,152.02999877929688,127.70790100097656,4050100
2016-04-08,152.97999572753906,152.97999572753906,150.9199981689453,151.64999389648438,127.38867950439453,2008500
2016-04-11,151.33999633789062,151.94000244140625,148.97000122070312,149.0500030517578,125.20468139648438,2279000
2016-04-12,149.60000610351562,150.67999267578125,148.50999450683594,150.52000427246094,126.43946075439453,2268300
2016-04-13,151.57000732421875,152.0800018310547,150.58999633789062,151.8800048828125,127.58187866210938,2078800
2016-04-14,152.58999633789062,152.91000366210938,151.13999938964844,151.39999389648438,127.17869567871094,2420000
2016-04-15,151.9600067138672,153.80999755859375,151.83999633789062,153.1699981689453,128.66551208496094,2675900
2016-04-18,152.77999877929688,153.7100067138672,152.27000427246094,153.3000030517578,128.7747344970703,1335800
2016-04-19,153.77999877929688,153.89999389648438,152.49000549316406,153.67999267578125,129.0939178466797,1579000
2016-04-20,153.72000122070312,153.88999938964844,152.60000610351562,152.74000549316406,128.30433654785156,1308700
2016-04-21,152.49000549316406,152.74000549316406,150.69000244140625,151.4199981689453,127.1955337524414,2097600
2016-04-22,151.0500030517578,151.80999755859375,149.36000061035156,149.9199981689453,125.93544006347656,2233900
2016-04-25,149.97999572753906,151.67999267578125,149.47000122070312,151.50999450683594,127.2710952758789,1249000
2016-04-26,152.0800018310547,153.4499969482422,151.6699981689453,152.60000610351562,128.18667602539062,1552900
2016-04-27,152.24000549316406,152.50999450683594,150.60000610351562,151.77000427246094,127.86654663085938,1492800
2016-04-28,152.00999450683594,153.64999389648438,151.13999938964844,151.44000244140625,127.58857727050781,2198100
2016-04-29,150.00999450683594,150.97999572753906,147.4600067138672,148.1300048828125,124.79988861083984,3588800
2016-05-02,148.75999450683594,151.4199981689453,147.75,150.92999267578125,127.1588363647461,3361500
2016-05-03,150.0800018310547,152.52999877929688,149.60000610351562,151.41000366210938,127.56324768066406,2201300
2016-05-04,150.1199951171875,152.0,149.44000244140625,151.50999450683594,127.64752197265625,2111600
2016-05-05,148.97999572753906,150.3800048828125,146.3699951171875,147.83999633789062,124.55548858642578,4869300
2016-05-06,147.05999755859375,147.5,144.74000549316406,146.44000244140625,123.37600708007812,3692200
2016-05-09,146.8300018310547,148.97000122070312,146.50999450683594,148.58999633789062,125.18744659423828,2843800
2016-05-10,149.3800048828125,149.97999572753906,148.75,149.55999755859375,126.00465393066406,1943900
2016-05-11,148.38999938964844,148.69000244140625,146.5800018310547,147.1199951171875,123.94891357421875,2812700
2016-05-12,147.32000732421875,147.77000427246094,146.32000732421875,146.72000122070312,123.61188507080078,2860400
2016-05-13,146.3300018310547,146.72000122070312,144.3000030517578,144.5,121.74154663085938,2993600
2016-05-16,144.5,146.5800018310547,143.39999389648438,145.7899932861328,122.82841491699219,2615000
2016-05-17,145.5,146.24000549316406,143.22000122070312,143.60000610351562,120.98332977294922,2928900
2016-05-18,140.17999267578125,141.66000366210938,138.57000732421875,141.2899932861328,119.0371322631836,5717000
2016-05-19,142.4499969482422,143.0800018310547,141.4199981689453,142.6999969482422,120.22508239746094,2830500
2016-05-20,142.72999572753906,143.5,142.02000427246094,142.69000244140625,120.21668243408203,2088400
2016-05-23,142.83999633789062,144.0,141.91000366210938,142.00999450683594,119.64373779296875,1828400
2016-05-24,142.57000732421875,143.47999572753906,142.3800048828125,142.57000732421875,120.1155776977539,2813100
2016-05-25,142.6199951171875,145.67999267578125,142.50999450683594,144.5399932861328,121.77526092529297,4156700
2016-05-26,149.00999450683594,153.8800048828125,147.6999969482422,149.7100067138672,126.13098907470703,7679400
2016-05-27,150.24000549316406,150.77000427246094,148.11000061035156,149.0800018310547,125.60017395019531,3349800
2016-05-31,149.57000732421875,149.8800048828125,147.6300048828125,148.77000427246094,125.33907318115234,3738900
2016-06-01,150.5,153.0,150.32000732421875,152.52000427246094,128.49847412109375,3487300
2016-06-02,150.0500030517578,151.50999450683594,148.5500030517578,151.50999450683594,127.64752197265625,3957600
2016-06-03,150.3000030517578,151.77999877929688,150.27000427246094,151.7100067138672,127.81599426269531,1964200
2016-06-06,151.8300018310547,152.49000549316406,151.7100067138672,152.24000549316406,128.26255798339844,1961600
2016-06-07,152.0800018310547,153.85000610351562,151.89999389648438,152.6199951171875,128.58270263671875,2113000
2016-06-08,152.67999267578125,153.47000122070312,152.0500030517578,153.3699951171875,129.21461486816406,1528300
2016-06-09,153.0,154.13999938964844,152.9199981689453,154.0500030517578,129.78744506835938,1812100
2016-06-10,153.0,155.14999389648438,152.94000244140625,154.8699951171875,130.47837829589844,3266500
2016-06-13,154.75999450683594,155.9600067138672,154.57000732421875,154.9499969482422,130.54568481445312,2576600
2016-06-14,154.5500030517578,156.36000061035156,153.57000732421875,155.8699951171875,131.32081604003906,3274700
2016-06-15,155.6999969482422,156.77999877929688,154.66000366210938,154.86000061035156,130.46986389160156,2228500
2016-06-16,154.86000061035156,156.5,154.11000061035156,156.4199981689453,131.7841796875,1937400
2016-06-17,157.02999877929688,157.25,155.75999450683594,155.88999938964844,131.3376922607422,2858200
2016-06-20,157.3800048828125,158.3800048828125,156.4499969482422,156.47999572753906,131.8347625732422,2090800
2016-06-21,157.07000732421875,157.89999389648438,156.66000366210938,157.1999969482422,132.4413299560547,1909700
2016-06-22,157.61000061035156,158.4199981689453,157.16000366210938,158.1199951171875,133.21649169921875,2094800
2016-06-23,158.60000610351562,158.7899932861328,156.33999633789062,157.02999877929688,132.2981414794922,2912400
2016-06-24,153.16000366210938,157.69000244140625,153.10000610351562,155.55999755859375,131.05966186523438,3996100
2016-06-27,154.24000549316406,154.92999267578125,152.5500030517578,154.25999450683594,129.9644012451172,2790800
2016-06-28,154.66000366210938,155.92999267578125,153.7100067138672,155.60000610351562,131.09335327148438,2156300
2016-06-29,156.44000244140625,157.27999877929688,155.88999938964844,157.0800018310547,132.3402557373047,1942500
2016-06-30,156.9600067138672,157.82000732421875,155.5,157.0399932861328,132.30654907226562,3091100
2016-07-01,157.19000244140625,157.19000244140625,155.39999389648438,156.11000061035156,131.5230255126953,2317200
2016-07-05,156.0800018310547,156.14999389648438,154.6999969482422,155.25,130.7984619140625,2807400
2016-07-06,155.1999969482422,156.5500030517578,154.6699981689453,156.00999450683594,131.43881225585938,2133200
2016-07-07,158.3300018310547,164.16000366210938,158.0,163.6999969482422,137.9176483154297,6497900
2016-07-08,164.83999633789062,166.10000610351562,164.49000549316406,165.44000244140625,139.3835906982422,3932000
2016-07-11,165.05999755859375,167.49000549316406,165.05999755859375,166.72000122070312,140.4619598388672,2634300
2016-07-12,166.49000549316406,166.9199981689453,165.82000732421875,166.27999877929688,140.0912628173828,1642100
2016-07-13,167.0,167.19000244140625,166.02000427246094,166.77999877929688,140.5125274658203,1479800
2016-07-14,167.14999389648438,168.0,166.27999877929688,166.94000244140625,140.64735412597656,2150100
2016-07-15,167.44000244140625,167.44000244140625,165.60000610351562,166.41000366210938,140.20079040527344,1962300
2016-07-18,166.55999755859375,167.86000061035156,165.9199981689453,167.50999450683594,141.12754821777344,1993800
2016-07-19,167.5,168.55999755859375,167.38999938964844,168.1199951171875,141.64146423339844,1487800
2016-07-20,168.25,168.25999450683594,166.9499969482422,168.0399932861328,141.57406616210938,1336900
2016-07-21,167.42999267578125,167.75,166.3000030517578,167.0500030517578,140.74002075195312,1384600
2016-07-22,167.67999267578125,167.6999969482422,166.9600067138672,167.47000122070312,141.0938262939453,1335100
2016-07-25,167.1699981689453,168.1999969482422,166.39999389648438,167.97000122070312,141.51510620117188,1732200
2016-07-26,167.60000610351562,168.82000732421875,166.6999969482422,167.57000732421875,141.17811584472656,1593900
2016-07-27,167.16000366210938,167.5,165.75,166.14999389648438,139.9817352294922,1440000
2016-07-28,166.25999450683594,166.86000061035156,165.8000030517578,166.35000610351562,140.1502685546875,1866500
2016-07-29,166.63999938964844,167.67999267578125,166.3800048828125,167.22000122070312,140.88320922851562,1359700
2016-08-01,167.14999389648438,168.0,166.89999389648438,167.55999755859375,141.16969299316406,986800
2016-08-02,167.07000732421875,167.5399932861328,164.58999633789062,166.5,140.27662658691406,2107300
2016-08-03,165.9199981689453,166.3300018310547,165.10000610351562,166.1199951171875,139.95648193359375,1837100
2016-08-04,166.0399932861328,167.74000549316406,165.88999938964844,166.5500030517578,140.3187255859375,1638300
2016-08-05,166.86000061035156,168.3300018310547,166.0800018310547,167.6999969482422,141.28762817382812,1526500
2016-08-08,167.25,167.5500030517578,166.47000122070312,167.39999389648438,141.0348358154297,1294400
2016-08-09,167.74000549316406,168.60000610351562,166.8800048828125,167.86000061035156,141.42236328125,1286700
2016-08-10,167.44000244140625,168.5,167.0500030517578,168.2899932861328,142.1658477783203,1104300
2016-08-11,169.11000061035156,169.58999633789062,167.3300018310547,167.8800048828125,141.8194580078125,1497800
2016-08-12,167.16000366210938,169.41000366210938,167.16000366210938,169.0399932861328,142.7993927001953,1399100
2016-08-15,169.0399932861328,169.27000427246094,168.58999633789062,168.72999572753906,142.5375518798828,918600
2016-08-16,167.8800048828125,168.8000030517578,167.8800048828125,168.41000366210938,142.26718139648438,1023000
2016-08-17,167.4499969482422,168.36000061035156,166.9199981689453,167.9600067138672,141.8870849609375,1382500
2016-08-18,168.4199981689453,168.7100067138672,167.1999969482422,167.75,141.70965576171875,1353400
2016-08-19,167.2100067138672,168.3300018310547,167.10000610351562,168.02000427246094,141.93772888183594,1764800
2016-08-22,168.33999633789062,168.69000244140625,167.6199951171875,167.94000244140625,141.8701934814453,955000
2016-08-23,168.08999633789062,168.4499969482422,167.30999755859375,167.36000061035156,141.3801727294922,1003700
2016-08-24,167.13999938964844,167.8800048828125,166.75999450683594,167.57000732421875,141.55758666992188,1363800
2016-08-25,167.1999969482422,167.41000366210938,164.63999938964844,164.86000061035156,139.26829528808594,1817700
2016-08-26,165.38999938964844,165.64999389648438,163.47000122070312,163.92999267578125,138.48263549804688,2009900
2016-08-29,164.47000122070312,164.83999633789062,163.39999389648438,163.97999572753906,138.52491760253906,1819200
2016-08-30,164.07000732421875,164.27999877929688,161.74000549316406,161.9600067138672,136.81846618652344,2010700
2016-08-31,161.8699951171875,162.57000732421875,161.14999389648438,162.08999633789062,136.9282989501953,1933200
2016-09-01,159.0,159.0,155.5399932861328,156.2100067138672,131.96104431152344,6038500
2016-09-02,156.80999755859375,159.27999877929688,156.8000030517578,157.97999572753906,133.45626831054688,2679000
2016-09-06,158.1300048828125,158.14999389648438,156.02000427246094,158.05999755859375,133.5238800048828,2716900
2016-09-07,157.63999938964844,157.8699951171875,155.39999389648438,155.63999938964844,131.47950744628906,2984100
2016-09-08,155.19000244140625,155.49000549316406,152.94000244140625,153.47000122070312,129.64637756347656,2993100
2016-09-09,152.58999633789062,152.7899932861328,150.6999969482422,150.6999969482422,127.30632781982422,2993900
2016-09-12,150.5,151.99000549316406,150.25999450683594,151.69000244140625,128.1427001953125,2982400
2016-09-13,151.17999267578125,151.5800018310547,150.07000732421875,150.74000549316406,127.34017944335938,2148600
2016-09-14,150.7100067138672,152.25,150.1999969482422,150.69000244140625,127.29789733886719,2188900
2016-09-15,150.72000122070312,152.97000122070312,150.11000061035156,152.6699981689453,128.97061157226562,2284300
2016-09-16,151.9600067138672,152.66000366210938,151.13999938964844,152.35000610351562,128.7001953125,2842000
2016-09-19,152.1300048828125,153.02999877929688,151.60000610351562,151.7899932861328,128.22714233398438,1321300
2016-09-20,152.42999267578125,152.7100067138672,151.6699981689453,152.1699981689453,128.54820251464844,1396700
2016-09-21,152.58999633789062,152.89999389648438,151.25,152.6999969482422,128.9958953857422,1535100
2016-09-22,153.02999877929688,154.27999877929688,152.67999267578125,153.14999389648438,129.3760528564453,2502200
2016-09-23,153.14999389648438,153.77000427246094,152.1699981689453,152.52999877929688,128.85227966308594,2282100
2016-09-26,152.0800018310547,152.27999877929688,151.00999450683594,151.19000244140625,127.72029876708984,1862200
2016-09-27,151.4199981689453,151.77000427246094,150.0,150.4499969482422,127.09521484375,2569000
2016-09-28,150.60000610351562,150.6699981689453,148.94000244140625,149.41000366210938,126.21662902832031,2626300
2016-09-29,149.19000244140625,149.69000244140625,147.1999969482422,147.49000549316406,124.59474182128906,4501300
2016-09-30,151.7899932861328,154.85000610351562,151.60000610351562,152.50999450683594,128.8354034423828,7318100
2016-10-03,152.22000122070312,152.25,150.32000732421875,151.00999450683594,127.56829071044922,3197100
2016-10-04,151.47000122070312,151.6199951171875,149.49000549316406,150.47999572753906,127.12055969238281,2840500
2016-10-05,150.6300048828125,150.9199981689453,149.8300018310547,149.97999572753906,126.69815826416016,2377700
2016-10-06,150.22999572753906,150.63999938964844,149.0,149.47000122070312,126.26731872558594,2465500
2016-10-07,149.77000427246094,150.19000244140625,148.7899932861328,149.99000549316406,126.70661163330078,2282100
2016-10-10,150.35000610351562,150.85000610351562,149.75,150.27999877929688,126.95157623291016,1587700
2016-10-11,149.6699981689453,151.13999938964844,149.50999450683594,151.00999450683594,127.56829071044922,2596800
2016-10-12,150.97000122070312,151.49000549316406,150.38999938964844,150.4600067138672,127.10359191894531,1664500
2016-10-13,149.92999267578125,151.33999633789062,149.72000122070312,150.22000122070312,126.90087127685547,1795300
2016-10-14,150.17999267578125,151.0,149.27999877929688,150.14999389648438,126.84174346923828,1745000
2016-10-17,150.0800018310547,150.1999969482422,148.6300048828125,148.6999969482422,125.61681365966797,1988400
2016-10-18,149.50999450683594,149.6199951171875,148.41000366210938,149.11000061035156,125.96319580078125,1847800
2016-10-19,150.6999969482422,151.32000732421875,149.30999755859375,149.4499969482422,126.25042724609375,1812000
2016-10-20,149.85000610351562,150.77999877929688,149.60000610351562,150.0399932861328,126.7488021850586,2251200
2016-10-21,149.50999450683594,150.2899932861328,148.5,148.97000122070312,125.8449478149414,2188000
2016-10-24,149.35000610351562,152.32000732421875,149.2899932861328,152.1199951171875,128.5059051513672,2432800
2016-10-25,149.89999389648438,151.97000122070312,149.89999389648438,150.99000549316406,127.55138397216797,2060600
2016-10-26,150.35000610351562,151.41000366210938,150.27999877929688,150.97999572753906,127.5428695678711,2246100
2016-10-27,150.8300018310547,151.4600067138672,149.82000732421875,150.86000061035156,127.44154357910156,1993500
2016-10-28,150.44000244140625,150.86000061035156,149.3800048828125,149.75999450683594,126.51227569580078,1843900
2016-10-31,148.88999938964844,149.35000610351562,147.10000610351562,147.8699951171875,124.91571807861328,3239400
2016-11-01,148.47999572753906,148.6300048828125,146.3800048828125,146.66000366210938,123.89358520507812,2112000
2016-11-02,146.42999267578125,147.33999633789062,146.1199951171875,146.27000427246094,123.9443359375,2260500
2016-11-03,146.6999969482422,146.6999969482422,144.13999938964844,144.4499969482422,122.40211486816406,2168200
2016-11-04,143.0,145.0,142.11000061035156,142.24000549316406,120.52945709228516,2702100
2016-11-07,143.3800048828125,143.66000366210938,142.75,143.5399932861328,121.63101196289062,3010100
2016-11-08,143.88999938964844,146.6300048828125,143.8000030517578,146.08999633789062,123.79180908203125,3505200
2016-11-09,143.5399932861328,147.38999938964844,143.5399932861328,146.7899932861328,124.38497161865234,3170200
2016-11-10,147.05999755859375,150.0,146.61000061035156,146.6999969482422,124.3086929321289,3944200
2016-11-11,146.61000061035156,149.6199951171875,145.3800048828125,149.36000061035156,126.56271362304688,3218000
2016-11-14,150.9199981689453,152.13999938964844,149.5,152.0,128.7997589111328,3890800
2016-11-15,151.97999572753906,152.0,150.2899932861328,151.14999389648438,128.07952880859375,2799900
2016-11-16,152.19000244140625,152.5500030517578,151.8000030517578,152.13999938964844,128.91836547851562,2152300
2016-11-17,151.22999572753906,151.39999389648438,149.5500030517578,151.1999969482422,128.12188720703125,2098700
2016-11-18,150.83999633789062,151.1999969482422,149.52000427246094,150.36000061035156,127.41011047363281,2020500
2016-11-21,150.5500030517578,151.2899932861328,150.1199951171875,151.1699981689453,128.09640502929688,1181200
2016-11-22,151.92999267578125,153.0500030517578,151.2100067138672,152.6699981689453,129.3675079345703,1954200
2016-11-23,152.75,153.33999633789062,151.17999267578125,151.60000610351562,128.46084594726562,2166900
2016-11-25,151.88999938964844,153.4199981689453,151.7100067138672,151.8800048828125,128.69808959960938,886800
2016-11-28,151.0500030517578,152.42999267578125,151.00999450683594,151.25,128.16427612304688,1733500
2016-11-29,151.6199951171875,152.22000122070312,151.3300018310547,151.47999572753906,128.35911560058594,1496800
2016-11-30,151.1300048828125,151.5399932861328,150.07000732421875,150.11000061035156,127.19824981689453,2750500
2016-12-01,150.11000061035156,152.8800048828125,150.11000061035156,151.74000549316406,128.57943725585938,2305200
2016-12-02,151.99000549316406,152.8699951171875,151.42999267578125,152.08999633789062,128.87603759765625,1829200
2016-12-05,152.08999633789062,152.22999572753906,150.77999877929688,151.77000427246094,128.60488891601562,2432100
2016-12-06,151.85000610351562,152.0800018310547,150.4199981689453,151.00999450683594,127.96090698242188,2245400
2016-12-07,150.60000610351562,153.91000366210938,150.47999572753906,153.85000610351562,130.367431640625,2811300
2016-12-08,156.63999938964844,160.89999389648438,156.60000610351562,157.58999633789062,133.53652954101562,5504300
2016-12-09,157.27999877929688,159.8300018310547,157.25999450683594,159.6999969482422,135.32444763183594,2614700
2016-12-12,158.60000610351562,161.27999877929688,158.55999755859375,160.3300018310547,135.85833740234375,2299200
2016-12-13,160.85000610351562,162.0399932861328,159.13999938964844,159.77000427246094,135.38385009765625,3583300
2016-12-14,160.0500030517578,160.4499969482422,158.25,158.99000549316406,134.7228240966797,2119100
2016-12-15,159.35000610351562,161.5,159.07000732421875,160.11000061035156,135.671875,1811100
2016-12-16,160.49000549316406,161.25,159.85000610351562,160.41000366210938,135.9261016845703,3767100
2016-12-19,162.00999450683594,164.52999877929688,161.64999389648438,163.4600067138672,138.5105743408203,3231900
2016-12-20,164.32000732421875,164.9499969482422,163.5,163.86000061035156,138.84957885742188,2204600
2016-12-21,163.60000610351562,164.02999877929688,163.02000427246094,163.0399932861328,138.15472412109375,1313400
2016-12-22,163.66000366210938,163.6699981689453,161.9199981689453,162.07000732421875,137.332763671875,1965900
2016-12-23,162.1699981689453,162.6699981689453,161.52999877929688,162.0800018310547,137.3412322998047,1254100
2016-12-27,162.05999755859375,162.75999450683594,161.8000030517578,162.0500030517578,137.31581115722656,1301100
2016-12-28,162.02000427246094,162.85000610351562,160.5500030517578,161.00999450683594,136.43447875976562,1281000
2016-12-29,160.64999389648438,161.44000244140625,160.64999389648438,161.1300048828125,136.53622436523438,858200
2016-12-30,160.88999938964844,160.99000549316406,159.6699981689453,160.11000061035156,135.671875,1472300
2017-01-03,160.64999389648438,160.99000549316406,158.50999450683594,159.72999572753906,135.34988403320312,2099000
2017-01-04,159.8000030517578,160.49000549316406,158.94000244140625,159.75999450683594,135.37533569335938,2163600
2017-01-05,160.9499969482422,163.35000610351562,160.6300048828125,162.91000366210938,138.04449462890625,2880900
2017-01-06,162.6699981689453,162.9499969482422,161.1300048828125,162.8300018310547,137.9767608642578,2167000
2017-01-09,162.3300018310547,162.47999572753906,160.72000122070312,160.97000122070312,136.40065002441406,2318300
2017-01-10,160.5800018310547,162.41000366210938,160.50999450683594,161.66000366210938,136.98532104492188,1477900
2017-01-11,161.47000122070312,162.3800048828125,160.35000610351562,161.5399932861328,136.88363647460938,1378300
2017-01-12,161.35000610351562,161.9600067138672,160.6699981689453,161.8699951171875,137.16331481933594,1296900
2017-01-13,161.99000549316406,162.1300048828125,161.35000610351562,161.86000061035156,137.15476989746094,1250100
2017-01-17,161.85000610351562,164.25,161.6699981689453,163.80999755859375,138.80715942382812,2430500
2017-01-18,163.64999389648438,164.3800048828125,162.58999633789062,164.27000427246094,139.19696044921875,1834700
2017-01-19,164.17999267578125,164.8000030517578,163.55999755859375,163.6999969482422,138.7139892578125,1980400
2017-01-20,164.38999938964844,164.77000427246094,163.22999572753906,164.24000549316406,139.17152404785156,1897100
2017-01-23,164.0500030517578,164.35000610351562,162.1699981689453,163.00999450683594,138.1292724609375,1421600
2017-01-24,163.22999572753906,163.82000732421875,162.9600067138672,163.6699981689453,138.68849182128906,1347400
2017-01-25,164.1999969482422,164.75,163.89999389648438,164.13999938964844,139.08677673339844,1299200
2017-01-26,164.33999633789062,164.44000244140625,163.39999389648438,164.07000732421875,139.02749633789062,1180000
2017-01-27,164.55999755859375,164.5800018310547,160.7100067138672,162.05999755859375,137.32424926757812,2341100
2017-01-30,162.02999877929688,163.2899932861328,160.60000610351562,163.25,138.3326416015625,2149800
2017-01-31,162.49000549316406,164.0,162.35000610351562,163.9499969482422,138.9258270263672,1796600
2017-02-01,163.83999633789062,163.9499969482422,161.80999755859375,161.86000061035156,137.15476989746094,2219700
2017-02-02,166.83999633789062,168.8800048828125,166.16000366210938,168.14999389648438,142.48471069335938,5816300
2017-02-03,167.72000122070312,168.83999633789062,167.14999389648438,168.32000732421875,142.6287841796875,3227700
2017-02-06,168.17999267578125,168.17999267578125,166.7100067138672,167.02999877929688,141.53565979003906,2172800
2017-02-07,167.52999877929688,168.0800018310547,166.52999877929688,167.52000427246094,141.95091247558594,2732600
2017-02-08,167.5,168.57000732421875,167.5,168.4199981689453,143.09793090820312,2089900
2017-02-09,168.4499969482422,171.4199981689453,168.1699981689453,170.9600067138672,145.25599670410156,2606900
2017-02-10,171.64999389648438,172.27000427246094,170.27000427246094,172.0,146.13966369628906,2070000
2017-02-13,172.49000549316406,172.49000549316406,170.77999877929688,171.9600067138672,146.105712890625,2272200
2017-02-14,171.66000366210938,173.63999938964844,171.5500030517578,173.6300048828125,147.5246124267578,2244700
2017-02-15,173.17999267578125,175.0,173.05999755859375,175.0,148.68861389160156,2346500
2017-02-16,175.10000610351562,175.8300018310547,174.50999450683594,175.75,149.32586669921875,2206500
2017-02-17,175.47000122070312,176.5,174.47999572753906,175.86000061035156,149.41929626464844,2424400
2017-02-21,176.5500030517578,177.0,176.0,176.94000244140625,150.33694458007812,2317000
2017-02-22,177.07000732421875,177.08999633789062,175.07000732421875,176.50999450683594,149.97154235839844,1815200
2017-02-23,176.52000427246094,177.0399932861328,175.2100067138672,175.85000610351562,149.41078186035156,2599900
2017-02-24,175.22000122070312,177.7100067138672,175.1199951171875,177.55999755859375,150.86373901367188,1684300
2017-02-27,177.3300018310547,177.85000610351562,176.5500030517578,177.6199951171875,150.9147186279297,2340400
2017-02-28,176.9499969482422,177.8699951171875,175.47999572753906,177.17999267578125,150.5408477783203,2992100
2017-03-01,177.3699951171875,178.7100067138672,177.22000122070312,177.86000061035156,151.11863708496094,2352300
2017-03-02,177.5,178.25,176.50999450683594,177.97999572753906,151.22061157226562,3190300
2017-03-03,170.6999969482422,171.88999938964844,169.89999389648438,170.25999450683594,144.6613006591797,10396500
2017-03-06,169.41000366210938,170.3300018310547,166.11000061035156,166.72999572753906,141.6619873046875,5793600
2017-03-07,166.5399932861328,168.6199951171875,166.5399932861328,167.0,141.8914337158203,2811900
2017-03-08,167.0,167.41000366210938,166.16000366210938,166.24000549316406,141.24574279785156,2375900
2017-03-09,166.39999389648438,166.7899932861328,165.1199951171875,165.77000427246094,140.84642028808594,1993700
2017-03-10,166.49000549316406,166.5,164.97999572753906,165.3699951171875,140.5064697265625,2164200
2017-03-13,164.85000610351562,165.11000061035156,164.3000030517578,164.5500030517578,139.8097686767578,2127700
2017-03-14,164.2100067138672,165.32000732421875,164.10000610351562,165.24000549316406,140.3960418701172,1974400
2017-03-15,165.57000732421875,166.5399932861328,164.8300018310547,166.5399932861328,141.50059509277344,2079700
2017-03-16,166.77999877929688,167.6699981689453,166.25999450683594,167.05999755859375,141.94236755371094,2726600
2017-03-17,168.05999755859375,168.35000610351562,167.07000732421875,167.80999755859375,142.57960510253906,3976000
2017-03-20,167.75999450683594,168.2899932861328,166.8000030517578,167.44000244140625,142.26524353027344,1603300
2017-03-21,167.50999450683594,168.8000030517578,166.64999389648438,166.77999877929688,141.70448303222656,2241900
2017-03-22,167.32000732421875,167.97000122070312,167.0399932861328,167.67999267578125,142.4691619873047,1534200
2017-03-23,168.0,168.4199981689453,166.42999267578125,166.89999389648438,141.80642700195312,1430500
2017-03-24,167.3699951171875,167.4600067138672,165.66000366210938,166.02000427246094,141.0587921142578,1410400
2017-03-27,165.52999877929688,166.32000732421875,165.32000732421875,166.14999389648438,141.16921997070312,1212300
2017-03-28,166.11000061035156,167.0500030517578,165.14999389648438,166.77000427246094,141.69606018066406,1446400
2017-03-29,166.27999877929688,167.47999572753906,166.14999389648438,167.42999267578125,142.2567901611328,1216700
2017-03-30,167.3000030517578,168.17999267578125,166.75999450683594,167.88999938964844,142.64764404296875,1034000
2017-03-31,167.58999633789062,168.1699981689453,167.1300048828125,167.69000244140625,142.47769165039062,1720300
2017-04-03,167.74000549316406,168.3000030517578,166.39999389648438,166.6999969482422,141.63653564453125,1547900
2017-04-04,166.60000610351562,167.32000732421875,166.11000061035156,167.25,142.10382080078125,1322400
2017-04-05,167.2899932861328,168.39999389648438,166.72000122070312,167.0,141.8914337158203,1715200
2017-04-06,169.67999267578125,172.11000061035156,169.30999755859375,170.02000427246094,144.45736694335938,3313800
2017-04-07,169.6999969482422,171.0,169.42999267578125,170.6199951171875,144.96717834472656,1510000
2017-04-10,170.1999969482422,171.57000732421875,169.85000610351562,171.22000122070312,145.47694396972656,2002300
2017-04-11,170.7899932861328,171.44000244140625,169.6300048828125,170.6300048828125,144.9756622314453,1191400
2017-04-12,171.42999267578125,171.4499969482422,169.69000244140625,170.1699981689453,144.5847930908203,1422300
2017-04-13,170.0500030517578,170.6199951171875,168.8000030517578,168.83999633789062,143.4547576904297,1422500
2017-04-17,168.77000427246094,169.75,168.7100067138672,169.6999969482422,144.18548583984375,1504100
2017-04-18,170.0500030517578,170.32000732421875,169.47000122070312,170.1300048828125,144.55079650878906,1542700
2017-04-19,170.8800048828125,170.92999267578125,169.82000732421875,170.05999755859375,144.49134826660156,1441300
2017-04-20,170.3300018310547,171.17999267578125,169.9499969482422,170.14999389648438,144.5677947998047,1933600
2017-04-21,171.52000427246094,171.8800048828125,170.63999938964844,170.77000427246094,145.09461975097656,2257900
2017-04-24,172.0,172.61000061035156,171.3300018310547,172.3300018310547,146.4199981689453,1906900
2017-04-25,172.91000366210938,173.0399932861328,172.2899932861328,172.67999267578125,146.71742248535156,1503000
2017-04-26,178.0500030517578,178.27000427246094,175.4199981689453,176.8000030517578,150.2179718017578,4591300
2017-04-27,177.32000732421875,177.7899932861328,176.4199981689453,177.4499969482422,150.77024841308594,2148700
2017-04-28,178.07000732421875,178.07000732421875,176.92999267578125,177.52000427246094,150.82972717285156,2364500
2017-05-01,178.5,178.5,177.3300018310547,177.86000061035156,151.11863708496094,3328000
2017-05-02,178.72000122070312,178.94000244140625,177.94000244140625,178.58999633789062,151.73883056640625,2505300
2017-05-03,178.74000549316406,180.4600067138672,178.6999969482422,179.82000732421875,152.78396606445312,2900500
2017-05-04,180.0500030517578,183.17999267578125,180.0,182.4499969482422,155.01852416992188,3762200
2017-05-05,182.77000427246094,182.9199981689453,179.75999450683594,180.1999969482422,153.10679626464844,3713600
2017-05-08,174.66000366210938,174.6999969482422,171.60000610351562,172.63999938964844,152.6117706298828,3538000
2017-05-09,173.61000061035156,173.9199981689453,172.30999755859375,172.67999267578125,152.6471405029297,2662100
2017-05-10,172.02999877929688,172.08999633789062,170.66000366210938,171.35000610351562,151.9113006591797,2554500
2017-05-11,170.77999877929688,171.5500030517578,170.10000610351562,171.25999450683594,151.83151245117188,2106000
2017-05-12,171.2899932861328,171.85000610351562,170.32000732421875,170.8800048828125,151.4945831298828,1586800
2017-05-15,170.3000030517578,171.97999572753906,170.3000030517578,171.57000732421875,152.1063232421875,1733600
2017-05-16,171.9600067138672,171.9600067138672,170.6300048828125,171.0,151.6009979248047,1129200
2017-05-17,170.66000366210938,171.5,169.05999755859375,169.14999389648438,149.96083068847656,2201400
2017-05-18,170.0800018310547,171.02000427246094,169.69000244140625,170.72000122070312,151.35279846191406,1589700
2017-05-19,171.35000610351562,172.42999267578125,170.80999755859375,171.63999938964844,152.16839599609375,1871800
2017-05-22,172.24000549316406,173.24000549316406,171.6300048828125,172.39999389648438,152.8421173095703,1594100
2017-05-23,172.97000122070312,173.5399932861328,172.32000732421875,172.47000122070312,152.90423583984375,1788000
2017-05-24,172.9499969482422,173.1300048828125,171.8000030517578,173.00999450683594,153.38291931152344,1420800
2017-05-25,173.47000122070312,175.0500030517578,173.3000030517578,174.72999572753906,154.90777587890625,2726900
2017-05-26,180.25,180.33999633789062,177.52000427246094,177.86000061035156,157.6827850341797,4471300
2017-05-30,177.67999267578125,179.38999938964844,177.5,178.9199981689453,158.6224822998047,2086300
2017-05-31,179.24000549316406,180.47000122070312,178.77999877929688,180.42999267578125,159.96124267578125,2456200
2017-06-01,180.80999755859375,181.10000610351562,179.86000061035156,180.6300048828125,160.1385040283203,2028300
2017-06-02,180.5800018310547,181.25,179.8699951171875,180.97000122070312,160.43991088867188,2239900
2017-06-05,181.10000610351562,182.2100067138672,180.60000610351562,182.0800018310547,161.42401123046875,1561100
2017-06-06,181.6999969482422,182.72000122070312,181.00999450683594,181.4499969482422,160.86544799804688,2248900
2017-06-07,181.44000244140625,182.24000549316406,181.13999938964844,182.1999969482422,161.53042602539062,1246200
2017-06-08,181.9199981689453,182.5,180.83999633789062,181.41000366210938,160.8300018310547,1823600
2017-06-09,181.7100067138672,181.92999267578125,179.9199981689453,180.3800048828125,159.9168701171875,2167600
2017-06-12,179.5800018310547,180.8699951171875,178.7899932861328,179.63999938964844,159.2607879638672,2395200
2017-06-13,179.89999389648438,180.7899932861328,179.02999877929688,180.50999450683594,160.03213500976562,1745400
2017-06-14,180.8300018310547,181.9600067138672,180.22999572753906,181.6699981689453,161.06056213378906,1440400
2017-06-15,180.38999938964844,181.3300018310547,178.3699951171875,180.05999755859375,159.6332244873047,1753800
2017-06-16,170.39999389648438,170.60000610351562,165.0,167.11000061035156,148.15232849121094,24233000
2017-06-19,167.0500030517578,167.3800048828125,162.38999938964844,164.33999633789062,145.69650268554688,13809100
2017-06-20,165.5,165.5,162.42999267578125,162.89999389648438,144.41989135742188,7337600
2017-06-21,163.49000549316406,163.77000427246094,162.75,163.14999389648438,144.6414794921875,3421700
2017-06-22,163.1699981689453,163.3000030517578,159.00999450683594,159.7899932861328,141.66268920898438,8043100
2017-06-23,159.39999389648438,159.8000030517578,156.55999755859375,157.1300048828125,139.30447387695312,9506700
2017-06-26,158.14999389648438,160.99000549316406,158.10000610351562,160.1999969482422,142.02618408203125,6473900
2017-06-27,160.66000366210938,161.5500030517578,159.1999969482422,159.25999450683594,141.19281005859375,5533800
2017-06-28,159.58999633789062,160.5,159.5,160.1699981689453,141.9995880126953,3234400
2017-06-29,160.2100067138672,160.47000122070312,157.8000030517578,158.67999267578125,140.6786346435547,3664200
2017-06-30,159.60000610351562,160.5399932861328,158.7899932861328,159.92999267578125,141.78675842285156,4755100
2017-07-03,160.2100067138672,160.52999877929688,158.69000244140625,158.82000732421875,140.80271911621094,1994300
2017-07-05,158.92999267578125,159.5,157.86000061035156,158.02000427246094,140.093505859375,3770400
2017-07-06,161.11000061035156,161.35000610351562,157.0500030517578,157.08999633789062,139.26898193359375,6963400
2017-07-07,157.36000061035156,157.5500030517578,154.08999633789062,154.11000061035156,136.6270751953125,7688400
2017-07-10,153.50999450683594,153.60000610351562,150.9600067138672,151.0,133.86985778808594,8999800
2017-07-11,151.4499969482422,153.08999633789062,150.92999267578125,151.11000061035156,133.96734619140625,6275600
2017-07-12,151.4600067138672,152.89999389648438,151.4199981689453,151.75,134.53477478027344,5112200
2017-07-13,153.22999572753906,153.92999267578125,152.6199951171875,153.60000610351562,136.1749725341797,5673500
2017-07-14,154.25999450683594,154.27000427246094,152.89999389648438,153.0,135.6429901123047,4368400
2017-07-17,153.0,153.44000244140625,152.52000427246094,152.83999633789062,135.50112915039062,3096500
2017-07-18,152.61000061035156,152.83999633789062,150.94000244140625,151.5,134.31317138671875,3256900
2017-07-19,151.80999755859375,152.16000366210938,150.89999389648438,151.24000549316406,134.0826416015625,4100000
2017-07-20,151.47000122070312,152.19000244140625,150.8800048828125,150.99000549316406,133.8610382080078,3207400
2017-07-21,150.94000244140625,151.22999572753906,150.0,150.44000244140625,133.37339782714844,4078000
2017-07-24,150.4499969482422,151.47000122070312,150.11000061035156,151.0,133.86985778808594,3655600
2017-07-25,151.41000366210938,153.6999969482422,151.39999389648438,153.1699981689453,135.793701171875,4605700
2017-07-26,153.41000366210938,153.5,151.5500030517578,152.08999633789062,134.83624267578125,3017200
2017-07-27,152.00999450683594,152.99000549316406,151.44000244140625,152.52000427246094,135.21743774414062,3637900
2017-07-28,152.6699981689453,153.3000030517578,152.11000061035156,152.88999938964844,135.54542541503906,2779500
2017-07-31,153.0800018310547,158.66000366210938,153.02999877929688,158.50999450683594,140.52789306640625,6937100
2017-08-01,159.10000610351562,159.97000122070312,157.91000366210938,159.72000122070312,141.6006317138672,4787500
2017-08-02,159.1300048828125,161.5500030517578,158.44000244140625,161.27999877929688,142.9837188720703,5486300
2017-08-03,161.61000061035156,162.35000610351562,157.05999755859375,157.91000366210938,139.99594116210938,5562600
2017-08-04,158.33999633789062,158.44000244140625,155.8300018310547,156.44000244140625,138.69276428222656,3117900
2017-08-07,156.5,157.5800018310547,155.33999633789062,156.9499969482422,139.14488220214844,2629500
2017-08-08,157.10000610351562,159.44000244140625,157.02999877929688,157.75,139.8541259765625,2569200
2017-08-09,157.13999938964844,157.57000732421875,156.1999969482422,156.86000061035156,139.0650634765625,2157600
2017-08-10,156.1699981689453,157.57000732421875,155.3699951171875,156.63999938964844,138.8700408935547,2764600
2017-08-11,156.50999450683594,157.8000030517578,156.41000366210938,156.64999389648438,138.87892150878906,1887000
2017-08-14,157.58999633789062,158.1999969482422,156.5399932861328,157.91000366210938,139.99594116210938,2028400
2017-08-15,158.0,158.3800048828125,156.7899932861328,156.8800048828125,139.08282470703125,1869100
2017-08-16,157.27999877929688,159.8800048828125,157.11000061035156,159.75999450683594,142.08892822265625,3381800
2017-08-17,158.47999572753906,159.9499969482422,157.63999938964844,158.57000732421875,141.03062438964844,2650000
2017-08-18,157.97999572753906,158.69000244140625,156.9199981689453,157.0800018310547,139.70541381835938,2747900
2017-08-21,157.19000244140625,158.1699981689453,155.9600067138672,157.07000732421875,139.69650268554688,1857400
2017-08-22,157.52999877929688,159.4499969482422,157.52999877929688,158.6999969482422,141.146240234375,2204600
2017-08-23,158.6199951171875,159.44000244140625,157.77999877929688,159.3699951171875,141.74208068847656,1731400
2017-08-24,160.0,160.66000366210938,151.08999633789062,151.3300018310547,134.5913543701172,10301700
2017-08-25,152.3699951171875,152.94000244140625,150.05999755859375,152.4499969482422,135.58749389648438,5703500
2017-08-28,151.89999389648438,153.27999877929688,151.1999969482422,152.5500030517578,135.6764373779297,3776400
2017-08-29,152.3800048828125,153.99000549316406,151.4600067138672,153.55999755859375,136.57469177246094,2446200
2017-08-30,153.7100067138672,154.74000549316406,152.8800048828125,154.44000244140625,137.35740661621094,2493500
2017-08-31,156.22000122070312,157.25999450683594,153.9499969482422,156.74000549316406,139.40301513671875,4567700
2017-09-01,157.58999633789062,158.5500030517578,157.1999969482422,158.24000549316406,140.7371063232422,2833500
2017-09-05,157.9600067138672,159.72000122070312,157.47000122070312,159.13999938964844,141.53758239746094,3413000
2017-09-06,159.19000244140625,159.94000244140625,158.08999633789062,158.86000061035156,141.2884979248047,2873700
2017-09-07,158.97000122070312,159.60000610351562,157.57000732421875,159.27999877929688,141.66200256347656,2479300
2017-09-08,158.3699951171875,158.5,155.02999877929688,157.30999755859375,139.90994262695312,3364600
2017-09-11,157.88999938964844,158.0,157.05999755859375,157.36000061035156,139.9544219970703,2442500
2017-09-12,157.6699981689453,160.64999389648438,157.4499969482422,160.0399932861328,142.3379669189453,2988400
2017-09-13,160.13999938964844,163.9499969482422,160.00999450683594,162.99000549316406,144.96165466308594,4202000
2017-09-14,162.67999267578125,162.67999267578125,161.63999938964844,162.3699951171875,144.41024780273438,2493300
2017-09-15,162.24000549316406,162.6699981689453,161.6999969482422,162.3000030517578,144.3480224609375,3757800
2017-09-18,162.17999267578125,163.4600067138672,160.75999450683594,160.91000366210938,143.1117706298828,2047100
2017-09-19,160.9600067138672,161.66000366210938,159.9499969482422,161.55999755859375,143.68983459472656,1790800
2017-09-20,161.50999450683594,163.0399932861328,161.25999450683594,162.85000610351562,144.83718872070312,2432300
2017-09-21,162.92999267578125,162.92999267578125,160.39999389648438,161.47999572753906,143.61865234375,1738800
2017-09-22,160.89999389648438,162.0,160.3699951171875,161.2899932861328,143.44976806640625,1535900
2017-09-25,160.8300018310547,162.6999969482422,160.52000427246094,162.3300018310547,144.37464904785156,1799600
2017-09-26,162.7100067138672,164.72999572753906,162.58999633789062,164.07000732421875,145.92221069335938,2370400
2017-09-27,164.49000549316406,165.32000732421875,163.3800048828125,164.4199981689453,146.23350524902344,2053100
2017-09-28,164.47000122070312,164.9499969482422,163.5399932861328,163.89999389648438,145.77101135253906,1730200
2017-09-29,163.89999389648438,165.07000732421875,163.75999450683594,164.2899932861328,146.11790466308594,1852300
2017-10-02,164.9199981689453,166.4199981689453,164.2899932861328,165.88999938964844,147.5409393310547,2267100
2017-10-03,166.32000732421875,167.2899932861328,165.02999877929688,165.0800018310547,146.8204803466797,2839400
2017-10-04,165.22999572753906,165.92999267578125,164.69000244140625,165.2100067138672,146.93614196777344,1918600
2017-10-05,165.86000061035156,167.1199951171875,165.25,167.07000732421875,148.59039306640625,4715400
2017-10-06,159.0,159.4600067138672,156.5399932861328,157.08999633789062,139.71429443359375,18001200
2017-10-09,157.00999450683594,157.75,154.11000061035156,154.61000061035156,137.5086212158203,7028800
2017-10-10,155.6699981689453,157.36000061035156,155.0800018310547,156.8699951171875,139.51861572265625,5420200
2017-10-11,157.3000030517578,158.9600067138672,157.05999755859375,157.8699951171875,140.4080047607422,3859300
2017-10-12,157.8699951171875,157.99000549316406,156.36000061035156,157.22000122070312,139.82992553710938,3596300
2017-10-13,157.4199981689453,160.0800018310547,157.08999633789062,159.85000610351562,142.16900634765625,3634500
2017-10-16,159.3800048828125,159.8000030517578,158.32000732421875,158.80999755859375,141.24403381347656,2453700
2017-10-17,159.0,159.27000427246094,157.57000732421875,158.3800048828125,140.86158752441406,2426800
2017-10-18,158.83999633789062,158.83999633789062,157.30999755859375,157.5500030517578,140.1233673095703,3011300
2017-10-19,157.13999938964844,158.75999450683594,157.0,158.4600067138672,140.93275451660156,2981700
2017-10-20,158.97000122070312,161.00999450683594,158.50999450683594,160.77000427246094,142.98721313476562,3993200
2017-10-23,160.85000610351562,162.38999938964844,160.5800018310547,162.0399932861328,144.1167755126953,2811200
2017-10-24,161.16000366210938,162.88999938964844,161.0,162.2899932861328,144.33909606933594,3040700
2017-10-25,161.0,163.0,160.5800018310547,162.17999267578125,144.24130249023438,3603900
2017-10-26,162.4600067138672,163.5500030517578,160.7899932861328,162.4600067138672,144.4903106689453,3038900
2017-10-27,160.8000030517578,162.67999267578125,160.6999969482422,162.3800048828125,144.41912841796875,3399900
2017-10-30,161.99000549316406,162.0,159.47000122070312,160.22999572753906,142.5069580078125,2550700
2017-10-31,159.83999633789062,161.27000427246094,159.72000122070312,161.0800018310547,143.26296997070312,2513600
2017-11-01,161.97000122070312,163.2899932861328,161.2899932861328,162.69000244140625,144.6948699951172,2129400
2017-11-02,163.72999572753906,165.5500030517578,162.61000061035156,164.9499969482422,146.70489501953125,3255700
2017-11-03,164.16000366210938,167.07000732421875,163.77999877929688,166.44000244140625,148.0301055908203,3112500
2017-11-06,165.8000030517578,166.58999633789062,164.97999572753906,165.0500030517578,146.79383850097656,1917300
2017-11-07,165.1999969482422,166.5,164.60000610351562,166.27999877929688,147.88775634765625,1944200
2017-11-08,166.6300048828125,169.19000244140625,166.02000427246094,169.0500030517578,150.3513946533203,3494300
2017-11-09,167.47999572753906,169.30999755859375,167.0500030517578,169.11000061035156,150.4047393798828,2094000
2017-11-10,168.44000244140625,171.3800048828125,168.0800018310547,171.36000061035156,152.4058837890625,2673100
2017-11-13,171.0,173.08999633789062,170.64999389648438,171.4600067138672,152.4948272705078,4093300
2017-11-14,170.82000732421875,171.8300018310547,169.77000427246094,171.44000244140625,152.4770050048828,1774300
2017-11-15,169.3000030517578,170.72999572753906,167.05999755859375,169.0,150.30690002441406,2439900
2017-11-16,170.22999572753906,171.33999633789062,169.16000366210938,170.97999572753906,152.51914978027344,2342700
2017-11-17,171.0,172.1999969482422,170.64999389648438,170.97999572753906,152.51914978027344,2100600
2017-11-20,171.11000061035156,172.52999877929688,170.85000610351562,172.27999877929688,153.6787872314453,1955000
2017-11-21,172.9600067138672,174.19000244140625,172.5500030517578,173.4199981689453,154.69569396972656,2360200
2017-11-22,173.83999633789062,174.0,171.10000610351562,172.47999572753906,153.8572235107422,1950100
2017-11-24,172.3800048828125,173.16000366210938,171.5,171.6199951171875,153.09005737304688,789400
2017-11-27,172.25,173.05999755859375,171.1199951171875,172.61000061035156,153.97315979003906,2346700
2017-11-28,173.32000732421875,174.17999267578125,172.5500030517578,173.64999389648438,154.90084838867188,2728400
2017-11-29,174.0,177.74000549316406,173.5500030517578,177.52999877929688,158.3619384765625,4683000
2017-11-30,180.42999267578125,184.89999389648438,180.22000122070312,184.42999267578125,164.5169677734375,7716600
2017-12-01,183.25999450683594,185.17999267578125,181.1300048828125,185.1300048828125,165.14138793945312,4034400
2017-12-04,187.22000122070312,189.8800048828125,186.55999755859375,189.55999755859375,169.09307861328125,5774200
2017-12-05,189.6699981689453,191.22000122070312,186.85000610351562,187.82000732421875,167.54095458984375,3182800
2017-12-06,187.6199951171875,187.97999572753906,185.50999450683594,187.22000122070312,167.00572204589844,3569200
2017-12-07,186.50999450683594,187.8000030517578,185.55999755859375,186.1999969482422,166.0958709716797,2240800
2017-12-08,186.7899932861328,188.52999877929688,185.9499969482422,188.07000732421875,167.76393127441406,1772500
2017-12-11,188.2100067138672,188.89999389648438,187.0399932861328,188.86000061035156,168.4686279296875,1964100
2017-12-12,186.9600067138672,189.1199951171875,186.8000030517578,188.3000030517578,167.9691162109375,3365700
2017-12-13,188.52999877929688,190.1199951171875,187.8000030517578,188.27999877929688,167.95123291015625,3062900
2017-12-14,188.5800018310547,189.74000549316406,186.1699981689453,186.52999877929688,166.39022827148438,3743200
2017-12-15,193.41000366210938,195.35000610351562,192.0,192.72999572753906,171.9207763671875,8452900
2017-12-18,192.6300048828125,194.35000610351562,191.89999389648438,192.30999755859375,171.54612731933594,3492300
2017-12-19,192.91000366210938,193.0,187.0,188.3300018310547,167.99586486816406,3959900
2017-12-20,189.0399932861328,189.25999450683594,185.39999389648438,187.50999450683594,167.264404296875,3894400
2017-12-21,188.0,188.39999389648438,186.5800018310547,186.8000030517578,166.6310577392578,1908100
2017-12-22,187.27000427246094,187.47999572753906,185.97000122070312,186.6300048828125,166.47943115234375,1078300
2017-12-26,186.19000244140625,187.33999633789062,186.1199951171875,186.5500030517578,166.40806579589844,1120000
2017-12-27,186.85000610351562,187.05999755859375,185.8000030517578,186.3000030517578,166.18507385253906,1175200
2017-12-28,186.57000732421875,187.02000427246094,186.19000244140625,186.6199951171875,166.470458984375,1017000
2017-12-29,186.4600067138672,187.60000610351562,185.92999267578125,186.1199951171875,166.02442932128906,2028000
2018-01-02,187.22999572753906,190.67999267578125,186.74000549316406,188.32000732421875,167.98695373535156,2509300
2018-01-03,188.82000732421875,192.10000610351562,188.3800048828125,190.5800018310547,170.0029296875,3364400
2018-01-04,192.0,192.3000030517578,187.55999755859375,189.10000610351562,168.6827392578125,3525800
2018-01-05,189.42999267578125,189.67999267578125,186.72000122070312,187.75,167.478515625,2819000
2018-01-08,187.32000732421875,188.97999572753906,187.25,188.47999572753906,168.12965393066406,1961800
2018-01-09,189.00999450683594,189.3000030517578,186.14999389648438,186.2899932861328,166.1761016845703,2241900
2018-01-10,185.75,186.24000549316406,183.8800048828125,185.4199981689453,165.40005493164062,2609500
2018-01-11,185.42999267578125,190.6699981689453,185.02999877929688,189.3800048828125,168.93251037597656,4678600
2018-01-12,190.10000610351562,192.17999267578125,190.0,191.83999633789062,171.1268768310547,3499500
2018-01-16,192.35000610351562,192.83999633789062,190.88999938964844,191.52999877929688,170.8502960205078,2006600
2018-01-17,192.52999877929688,192.55999755859375,191.33999633789062,192.2899932861328,171.52830505371094,2585200
2018-01-18,192.22999572753906,193.02999877929688,191.22000122070312,191.50999450683594,170.83250427246094,1908000
2018-01-19,191.7100067138672,192.63999938964844,191.16000366210938,192.2899932861328,171.52830505371094,2353800
2018-01-22,192.5,194.75999450683594,192.05999755859375,194.3800048828125,173.39263916015625,3009100
2018-01-23,193.61000061035156,194.10000610351562,192.07000732421875,193.4199981689453,172.53628540039062,2316400
2018-01-24,194.42999267578125,194.75,191.92999267578125,194.24000549316406,173.26773071289062,2799200
2018-01-25,195.0,198.4499969482422,194.74000549316406,197.9499969482422,176.5772247314453,3558700
2018-01-26,197.75,199.22999572753906,195.69000244140625,198.91000366210938,177.43353271484375,2756200
2018-01-29,198.3699951171875,199.8800048828125,197.55999755859375,198.32000732421875,176.9072723388672,2031100
2018-01-30,197.58999633789062,198.7899932861328,196.0800018310547,197.91000366210938,176.54147338867188,2285000
2018-01-31,197.44000244140625,198.47000122070312,194.10000610351562,194.8699951171875,173.82969665527344,2682300
2018-02-01,193.41000366210938,195.39999389648438,192.44000244140625,193.47000122070312,172.58091735839844,2096600
2018-02-02,191.25,193.60000610351562,190.8000030517578,190.99000549316406,170.36868286132812,2386600
2018-02-05,190.66000366210938,192.10000610351562,182.52999877929688,182.77000427246094,163.0361785888672,3407200
2018-02-06,178.91000366210938,185.24000549316406,176.1999969482422,185.00999450683594,165.03433227539062,4067900
2018-02-07,184.60000610351562,186.19000244140625,183.07000732421875,183.19000244140625,163.41082763671875,2594800
2018-02-08,184.50999450683594,184.50999450683594,178.52999877929688,178.61000061035156,159.32528686523438,3013200
2018-02-09,179.77999877929688,182.07000732421875,175.7899932861328,180.72000122070312,161.20750427246094,2777200
2018-02-12,181.83999633789062,183.25999450683594,180.3800048828125,181.05999755859375,161.51080322265625,1596200
2018-02-13,180.22000122070312,184.60000610351562,180.0500030517578,184.14999389648438,164.26719665527344,2123900
2018-02-14,182.7100067138672,188.47999572753906,182.30999755859375,187.35000610351562,167.12168884277344,2191000
2018-02-15,188.08999633789062,191.7100067138672,186.57000732421875,191.47999572753906,171.2628173828125,2072900
2018-02-16,191.4499969482422,194.6199951171875,191.0399932861328,191.55999755859375,171.33438110351562,1969300
2018-02-20,189.8699951171875,191.47999572753906,187.6300048828125,188.1199951171875,168.25758361816406,2202100
2018-02-21,188.52999877929688,189.13999938964844,185.69000244140625,185.75,166.1378631591797,1747200
2018-02-22,186.35000610351562,188.3300018310547,185.66000366210938,186.58999633789062,166.8890838623047,1360100
2018-02-23,187.8300018310547,189.85000610351562,185.91000366210938,189.80999755859375,169.7691650390625,1561700
2018-02-26,190.10000610351562,193.10000610351562,189.92999267578125,192.80999755859375,172.452392578125,1852400
2018-02-27,193.4499969482422,195.52000427246094,190.10000610351562,190.10000610351562,170.0285186767578,2170400
2018-02-28,191.60000610351562,193.75999450683594,190.88999938964844,190.89999389648438,170.74403381347656,2179800
2018-03-01,191.30999755859375,192.99000549316406,187.32000732421875,189.02999877929688,169.0714874267578,2447700
2018-03-02,187.47999572753906,190.38999938964844,187.22000122070312,189.3300018310547,169.3397979736328,2275900
2018-03-05,188.4499969482422,191.97999572753906,187.5,191.47999572753906,171.2628173828125,2155800
2018-03-06,192.13999938964844,192.25,190.07000732421875,191.4600067138672,171.24496459960938,2458700
2018-03-07,189.2100067138672,189.75,184.77999877929688,187.36000061035156,167.57785034179688,5157100
2018-03-08,186.19000244140625,186.35000610351562,183.0800018310547,185.69000244140625,166.0841827392578,6061500
2018-03-09,186.5,188.63999938964844,184.22000122070312,188.5800018310547,168.66900634765625,3288100
2018-03-12,188.27000427246094,190.10000610351562,187.5500030517578,189.3699951171875,169.37559509277344,2394100
2018-03-13,190.0500030517578,190.1199951171875,186.8000030517578,187.4600067138672,167.6672821044922,1964300
2018-03-14,188.77999877929688,189.00999450683594,183.5,184.6300048828125,165.13607788085938,2866000
2018-03-15,184.82000732421875,186.57000732421875,184.16000366210938,185.50999450683594,165.923095703125,1811300
2018-03-16,186.17999267578125,186.25,184.47000122070312,185.8699951171875,166.24508666992188,3569400
2018-03-19,185.6300048828125,185.97999572753906,182.80999755859375,184.14999389648438,164.706787109375,2493200
2018-03-20,185.10000610351562,187.5800018310547,184.60000610351562,187.35000610351562,167.5689239501953,1852500
2018-03-21,186.8300018310547,187.88999938964844,186.05999755859375,186.07000732421875,166.4239959716797,2048300
2018-03-22,184.89999389648438,185.5500030517578,182.5,182.63999938964844,163.35618591308594,2489800
2018-03-23,183.27999877929688,184.4499969482422,180.8300018310547,180.83999633789062,161.74624633789062,2351800
2018-03-26,183.02999877929688,187.55999755859375,182.33999633789062,187.22000122070312,167.45260620117188,2036600
2018-03-27,187.44000244140625,187.66000366210938,182.05999755859375,183.14999389648438,163.81231689453125,2495300
2018-03-28,183.61000061035156,184.6199951171875,181.22999572753906,183.61000061035156,164.22372436523438,2168700
2018-03-29,184.74000549316406,188.63999938964844,184.41000366210938,188.42999267578125,168.5348663330078,3016000
2018-04-02,186.91000366210938,186.91000366210938,181.0500030517578,182.75,163.45455932617188,3599200
2018-04-03,183.52999877929688,184.1699981689453,181.35000610351562,182.61000061035156,163.329345703125,2287000
2018-04-04,181.1300048828125,186.35000610351562,180.94000244140625,185.52000427246094,165.9320526123047,2111000
2018-04-05,186.6999969482422,187.0,184.92999267578125,186.25,166.5850067138672,1933600
2018-04-06,185.33999633789062,187.25,183.10000610351562,183.9600067138672,164.53680419921875,2259000
2018-04-09,185.1999969482422,187.39999389648438,183.5,184.41000366210938,164.93931579589844,1946000
2018-04-10,185.75,185.97000122070312,182.1699981689453,183.5500030517578,164.1700897216797,2526000
2018-04-11,182.25,186.3699951171875,182.22000122070312,184.64999389648438,165.15399169921875,1697300
2018-04-12,185.5,190.0399932861328,185.49000549316406,188.82000732421875,168.8836669921875,2841600
2018-04-13,189.80999755859375,189.8300018310547,187.00999450683594,188.91000366210938,168.96414184570312,1744400
2018-04-16,191.83999633789062,195.8000030517578,191.3800048828125,194.5800018310547,174.03549194335938,3026800
2018-04-17,195.66000366210938,196.8800048828125,194.72999572753906,196.0,175.30563354492188,2160500
2018-04-18,196.3000030517578,197.77000427246094,196.1199951171875,196.50999450683594,175.76174926757812,1663100
2018-04-19,196.16000366210938,196.39999389648438,193.5,195.07000732421875,174.47381591796875,2427600
2018-04-20,194.42999267578125,195.6699981689453,192.75,193.55999755859375,173.12322998046875,2252800
2018-04-23,193.80999755859375,194.3800048828125,192.25999450683594,193.35000610351562,172.93536376953125,1618000
2018-04-24,194.5399932861328,195.36000061035156,191.14999389648438,192.50999450683594,172.1840362548828,1598900
2018-04-25,192.22999572753906,194.6699981689453,191.38999938964844,193.97000122070312,173.4899444580078,1311700
2018-04-26,194.1199951171875,196.44000244140625,193.33999633789062,195.25999450683594,174.6437225341797,1445800
2018-04-27,194.9499969482422,196.9199981689453,194.52999877929688,196.5800018310547,175.82432556152344,1563100
2018-04-30,197.10000610351562,199.0399932861328,196.38999938964844,197.16000366210938,176.34310913085938,2165000
2018-05-01,196.49000549316406,197.0800018310547,193.50999450683594,196.5500030517578,175.79750061035156,1413200
2018-05-02,195.47999572753906,195.5800018310547,192.4499969482422,194.0,173.5167694091797,2498100
2018-05-03,193.9199981689453,193.99000549316406,190.17999267578125,193.00999450683594,172.63128662109375,1815500
2018-05-04,192.83999633789062,196.39999389648438,191.27999877929688,195.19000244140625,174.58111572265625,1704500
2018-05-07,195.77999877929688,195.8000030517578,192.2100067138672,193.05999755859375,172.67599487304688,2361900
2018-05-08,192.99000549316406,195.1999969482422,192.4199981689453,194.47999572753906,173.94606018066406,1908600
2018-05-09,194.14999389648438,196.4199981689453,193.14999389648438,196.0399932861328,175.34136962890625,1999100
2018-05-10,196.0500030517578,196.92999267578125,194.1999969482422,195.4499969482422,175.32342529296875,1874200
2018-05-11,195.3300018310547,195.97999572753906,194.57000732421875,195.75999450683594,175.6015167236328,1296300
2018-05-14,195.9600067138672,197.27000427246094,195.4199981689453,195.8800048828125,175.7091522216797,1440900
2018-05-15,194.75999450683594,196.6999969482422,193.25999450683594,195.47999572753906,175.35032653808594,2319600
2018-05-16,196.07000732421875,199.35000610351562,195.0,198.7100067138672,178.24766540527344,2163200
2018-05-17,199.05999755859375,201.35000610351562,197.88999938964844,199.60000610351562,179.0460662841797,2391000
2018-05-18,199.5,199.52000427246094,197.77999877929688,198.9600067138672,178.47195434570312,1624600
2018-05-21,199.60000610351562,201.33999633789062,199.08999633789062,199.6199951171875,179.06402587890625,1202800
2018-05-22,199.72000122070312,201.77000427246094,198.8300018310547,198.97000122070312,178.48089599609375,1563600
2018-05-23,199.08999633789062,199.08999633789062,196.77000427246094,198.13999938964844,177.7364044189453,1635100
2018-05-24,198.2899932861328,199.08999633789062,196.82000732421875,198.88999938964844,178.40916442871094,1176300
2018-05-25,198.88999938964844,200.22000122070312,197.82000732421875,198.36000061035156,177.9337615966797,1331000
2018-05-29,198.10000610351562,198.83999633789062,196.0,196.74000549316406,176.48057556152344,2298100
2018-05-30,198.16000366210938,200.52999877929688,197.75,199.63999938964844,179.08193969726562,2390900
2018-05-31,200.22000122070312,200.6999969482422,197.6999969482422,198.24000549316406,177.8260955810547,4822800
2018-06-01,195.4499969482422,198.99000549316406,195.0,197.1300048828125,176.8304901123047,4056400
2018-06-04,197.32000732421875,199.0399932861328,197.25,198.6199951171875,178.16700744628906,1870600
2018-06-05,199.22000122070312,199.35000610351562,196.99000549316406,197.83999633789062,177.46730041503906,1868500
2018-06-06,198.00999450683594,198.39999389648438,196.6999969482422,197.66000366210938,177.30584716796875,2066900
2018-06-07,200.5,202.8800048828125,199.41000366210938,202.57000732421875,181.71023559570312,2735000
2018-06-08,201.50999450683594,204.00999450683594,201.0,203.75999450683594,182.77767944335938,2052500
2018-06-11,203.75999450683594,204.88999938964844,203.4199981689453,204.5,183.44149780273438,1684800
2018-06-12,204.25,205.0800018310547,203.22999572753906,204.8800048828125,183.7824249267578,1384800
2018-06-13,204.9199981689453,205.8300018310547,203.2100067138672,204.11000061035156,183.09165954589844,1665800
2018-06-14,204.8699951171875,205.72999572753906,204.2899932861328,205.1199951171875,183.99765014648438,1685000
2018-06-15,205.39999389648438,207.6699981689453,204.57000732421875,207.32000732421875,185.9710693359375,3879600
2018-06-18,206.0,208.11000061035156,205.14999389648438,206.2100067138672,184.9754180908203,1975000
2018-06-19,204.89999389648438,207.80999755859375,204.6199951171875,207.52999877929688,186.15948486328125,1940600
2018-06-20,207.75999450683594,208.58999633789062,206.9600067138672,207.97999572753906,186.5631561279297,1527700
2018-06-21,208.1699981689453,211.11000061035156,208.0,209.9600067138672,188.33926391601562,1825800
2018-06-22,210.3699951171875,211.77000427246094,210.02000427246094,211.10000610351562,189.36190795898438,1738600
2018-06-25,210.00999450683594,212.0800018310547,209.97000122070312,211.75,189.9449462890625,2398600
2018-06-26,212.3800048828125,212.4600067138672,209.97000122070312,210.08999633789062,188.45584106445312,2276700
2018-06-27,210.5,212.4199981689453,209.61000061035156,210.02999877929688,188.4020233154297,2211700
2018-06-28,210.0,211.19000244140625,208.0500030517578,208.7100067138672,187.2179718017578,1826700
2018-06-29,209.66000366210938,210.52999877929688,208.32000732421875,208.97999572753906,187.4601593017578,2164600
2018-07-02,208.4199981689453,208.82000732421875,206.0500030517578,207.99000549316406,186.57208251953125,1876100
2018-07-03,208.52999877929688,209.91000366210938,206.89999389648438,207.1199951171875,185.79165649414062,842100
2018-07-05,208.1999969482422,209.2899932861328,207.5500030517578,209.13999938964844,187.60372924804688,1436700
2018-07-06,207.13999938964844,210.38999938964844,206.66000366210938,209.6199951171875,188.03419494628906,1523200
2018-07-09,210.52000427246094,211.7899932861328,210.0,210.94000244140625,189.21835327148438,1738300
2018-07-10,210.99000549316406,212.6999969482422,210.8300018310547,211.6999969482422,189.90005493164062,1687800
2018-07-11,211.2100067138672,211.77999877929688,209.97000122070312,210.9499969482422,189.227294921875,1472800
2018-07-12,212.5399932861328,214.1699981689453,212.22000122070312,214.02000427246094,191.98117065429688,2222000
2018-07-13,214.0,216.63999938964844,213.7100067138672,216.5399932861328,194.24163818359375,1951200
2018-07-16,216.63999938964844,217.1300048828125,213.89999389648438,214.85000610351562,192.7256317138672,2078200
2018-07-17,214.05999755859375,216.16000366210938,214.0,215.0,192.86024475097656,2064800
2018-07-18,215.33999633789062,215.8800048828125,213.60000610351562,214.97000122070312,192.83331298828125,1869500
2018-07-19,214.4600067138672,218.1999969482422,214.02999877929688,217.5399932861328,195.138671875,2790800
2018-07-20,216.97999572753906,218.94000244140625,216.24000549316406,218.69000244140625,196.17030334472656,1793900
2018-07-23,219.8800048828125,220.4600067138672,218.1999969482422,218.83999633789062,196.30484008789062,1394300
2018-07-24,219.41000366210938,220.67999267578125,217.58999633789062,218.5800018310547,196.07154846191406,1453900
2018-07-25,217.61000061035156,220.82000732421875,217.3699951171875,220.6999969482422,197.97329711914062,1560200
2018-07-26,222.0,224.6199951171875,220.82000732421875,221.72000122070312,198.88829040527344,1820000
2018-07-27,222.30999755859375,222.5,218.75999450683594,219.64999389648438,197.0314178466797,1596800
2018-07-30,219.0399932861328,220.1199951171875,218.61000061035156,219.11000061035156,196.54698181152344,1292700
2018-07-31,219.69000244140625,220.07000732421875,218.3300018310547,218.7100067138672,196.18826293945312,1888500
2018-08-01,218.64999389648438,219.10000610351562,216.25,217.1300048828125,194.7708740234375,1841300
2018-08-02,215.00999450683594,221.39999389648438,215.00999450683594,221.1199951171875,198.3500213623047,1904800
2018-08-03,221.0,222.6199951171875,221.0,222.02999877929688,199.1663360595703,1195700
2018-08-06,221.42999267578125,223.27000427246094,221.00999450683594,222.72000122070312,199.78524780273438,1285500
2018-08-07,223.24000549316406,225.47999572753906,222.97999572753906,223.86000061035156,200.807861328125,1428100
2018-08-08,222.86000061035156,224.8800048828125,222.24000549316406,224.5800018310547,201.45375061035156,2010700
2018-08-09,221.6199951171875,222.35000610351562,216.91000366210938,218.24000549316406,195.76663208007812,3637100
2018-08-10,218.13999938964844,221.72000122070312,217.75,220.30999755859375,197.6234588623047,2830800
2018-08-13,221.02999877929688,221.5800018310547,219.05999755859375,219.55999755859375,196.95065307617188,1518900
2018-08-14,220.00999450683594,222.55999755859375,219.86000061035156,222.0,199.13943481445312,1450600
2018-08-15,220.72000122070312,222.11000061035156,218.77000427246094,221.6699981689453,198.84339904785156,1844100
2018-08-16,223.4499969482422,224.25999450683594,222.13999938964844,223.19000244140625,200.20689392089844,1657700
2018-08-17,222.3300018310547,225.8800048828125,222.14999389648438,225.67999267578125,202.44046020507812,1980900
2018-08-20,226.0,228.22000122070312,225.97000122070312,227.35000610351562,203.9385223388672,1783700
2018-08-21,229.49000549316406,230.10000610351562,227.6999969482422,228.5399932861328,205.0059356689453,2066700
2018-08-22,228.47999572753906,230.22999572753906,228.3800048828125,229.2100067138672,205.60694885253906,1267900
2018-08-23,229.0,230.35000610351562,228.57000732421875,229.50999450683594,205.87606811523438,1337900
2018-08-24,230.0,232.05999755859375,229.60000610351562,231.27999877929688,207.4637908935547,1453200
2018-08-27,232.74000549316406,232.86000061035156,228.10000610351562,230.02999877929688,206.3424835205078,1904100
2018-08-28,230.94000244140625,231.8300018310547,229.83999633789062,230.25999450683594,206.54879760742188,1882100
2018-08-29,231.7899932861328,232.0,228.72999572753906,230.19000244140625,206.48599243164062,1793600
2018-08-30,229.6199951171875,231.16000366210938,229.44000244140625,230.8300018310547,207.57415771484375,1272000
2018-08-31,230.2100067138672,233.52000427246094,230.2100067138672,233.1300048828125,209.64242553710938,1881300
2018-09-04,233.13999938964844,234.91000366210938,233.13999938964844,234.67999267578125,211.03619384765625,1858400
2018-09-05,234.57000732421875,236.1699981689453,233.1999969482422,235.61000061035156,211.87257385253906,2126000
2018-09-06,235.47000122070312,236.77000427246094,235.05999755859375,236.67999267578125,212.83474731445312,1853200
2018-09-07,237.30999755859375,242.9499969482422,237.1999969482422,241.4600067138672,217.13316345214844,2722400
2018-09-10,243.0,243.8000030517578,242.1199951171875,243.17999267578125,218.67987060546875,2817300
2018-09-11,243.92999267578125,245.16000366210938,243.1699981689453,244.2100067138672,219.6061248779297,2185700
2018-09-12,245.0,245.1199951171875,242.22999572753906,242.44000244140625,218.0144500732422,1912000
2018-09-13,242.5,243.99000549316406,241.0500030517578,241.27000427246094,216.96229553222656,2078200
2018-09-14,239.0,239.0,234.47000122070312,235.3800048828125,211.665771484375,3875300
2018-09-17,234.05999755859375,234.58999633789062,231.50999450683594,232.0,208.62623596191406,2884600
2018-09-18,231.97999572753906,235.47000122070312,231.6999969482422,234.35000610351562,210.73953247070312,2000200
2018-09-19,234.6199951171875,234.74000549316406,232.4199981689453,233.85000610351562,210.2898712158203,1581400
2018-09-20,234.60000610351562,235.0,232.32000732421875,233.9199981689453,210.3528289794922,1910100
2018-09-21,234.3699951171875,235.83999633789062,234.00999450683594,234.75999450683594,211.1082000732422,3717800
2018-09-24,234.19000244140625,234.85000610351562,232.89999389648438,233.33999633789062,209.83123779296875,1530400
2018-09-25,234.02999877929688,234.66000366210938,232.72999572753906,232.92999267578125,209.46253967285156,1889700
2018-09-26,233.57000732421875,235.66000366210938,233.4499969482422,233.80999755859375,210.25387573242188,2008500
2018-09-27,233.6999969482422,235.6699981689453,232.33999633789062,234.0,210.4247589111328,1421400
2018-09-28,233.86000061035156,235.47000122070312,233.7899932861328,234.8800048828125,211.21609497070312,1602800
2018-10-01,235.80999755859375,236.52999877929688,234.42999267578125,234.64999389648438,211.00926208496094,1673100
2018-10-02,234.10000610351562,237.57000732421875,233.8699951171875,236.35000610351562,212.5380096435547,1647600
2018-10-03,236.6199951171875,237.30999755859375,232.72999572753906,233.1999969482422,209.70533752441406,2322300
2018-10-04,233.25999450683594,234.0,230.66000366210938,231.67999267578125,208.3385009765625,2862800
2018-10-05,225.0,227.05999755859375,217.7899932861328,218.82000732421875,196.7741241455078,7379000
2018-10-08,219.33999633789062,224.5,219.25999450683594,223.92999267578125,201.36927795410156,3863500
2018-10-09,224.14999389648438,225.14999389648438,222.55999755859375,224.1699981689453,201.58511352539062,2502800
2018-10-10,224.10000610351562,225.0,221.0399932861328,221.0500030517578,198.77951049804688,3021400
2018-10-11,222.91000366210938,225.32000732421875,220.92999267578125,221.82000732421875,199.47190856933594,3650900
2018-10-12,225.1999969482422,227.6199951171875,223.38999938964844,226.9499969482422,204.08505249023438,3130500
2018-10-15,226.25,226.94000244140625,224.25,224.50999450683594,201.89083862304688,2441900
2018-10-16,224.8699951171875,228.25999450683594,224.32000732421875,227.67999267578125,204.7415008544922,2541800
2018-10-17,228.4499969482422,228.8800048828125,225.50999450683594,228.49000549316406,205.4699249267578,2129300
2018-10-18,228.5399932861328,230.64999389648438,226.25,228.5800018310547,205.55087280273438,2624600
2018-10-19,228.89999389648438,230.6300048828125,228.72000122070312,229.6699981689453,206.53103637695312,2099800
2018-10-22,229.8800048828125,230.25,227.27000427246094,229.05999755859375,205.9824676513672,2007300
2018-10-23,227.07000732421875,229.25999450683594,223.82000732421875,228.75,205.70370483398438,2656700
2018-10-24,225.92999267578125,231.08999633789062,223.08999633789062,223.75999450683594,201.2164306640625,3100200
2018-10-25,224.05999755859375,227.58999633789062,222.83999633789062,226.39999389648438,203.59046936035156,2218900
2018-10-26,222.30999755859375,225.0,217.0,218.19000244140625,196.2075653076172,3995400
2018-10-29,219.75,224.88999938964844,218.75,222.4199981689453,200.0114288330078,3801400
2018-10-30,223.10000610351562,228.2100067138672,223.00999450683594,227.9199981689453,204.95733642578125,2410500
2018-10-31,228.64999389648438,230.55999755859375,225.55999755859375,228.6300048828125,205.59576416015625,2674600
2018-11-01,228.17999267578125,230.8000030517578,227.5399932861328,229.60000610351562,206.46804809570312,2095000
2018-11-02,229.80999755859375,232.22999572753906,227.17999267578125,230.16000366210938,206.9716339111328,2167200
2018-11-05,230.7100067138672,234.88999938964844,229.8000030517578,234.4499969482422,210.8294219970703,2513900
2018-11-06,235.0,237.49000549316406,234.17999267578125,236.7100067138672,212.8616943359375,2101300
2018-11-07,238.75,240.8800048828125,236.94000244140625,240.3699951171875,216.1530303955078,2603600
2018-11-08,238.50999450683594,239.8000030517578,237.02999877929688,238.6999969482422,215.16151428222656,2140600
2018-11-09,237.97000122070312,240.25999450683594,237.07000732421875,237.74000549316406,214.29617309570312,2256700
2018-11-12,237.63999938964844,239.1999969482422,234.1300048828125,234.47999572753906,211.3576202392578,2301400
2018-11-13,234.75,236.4199981689453,232.77000427246094,234.13999938964844,211.05113220214844,1548100
2018-11-14,237.1199951171875,237.1199951171875,231.7100067138672,233.30999755859375,210.302978515625,1896500
2018-11-15,232.32000732421875,232.64999389648438,227.0,229.94000244140625,207.2653350830078,2722300
2018-11-16,229.3000030517578,231.1199951171875,226.52000427246094,231.02000427246094,208.23883056640625,2822400
2018-11-19,231.61000061035156,233.5,227.80999755859375,228.74000549316406,206.18362426757812,1949500
2018-11-20,224.9199981689453,225.0,218.0500030517578,219.30999755859375,197.6835174560547,3704800
2018-11-21,220.55999755859375,222.02999877929688,217.4499969482422,218.57000732421875,197.01654052734375,2036500
2018-11-23,218.10000610351562,221.17999267578125,217.66000366210938,220.05999755859375,198.35958862304688,1007500
2018-11-26,222.85000610351562,223.47999572753906,218.89999389648438,219.4499969482422,197.80975341796875,2205600
2018-11-27,219.3699951171875,223.1199951171875,218.3800048828125,223.00999450683594,201.01873779296875,2369800
2018-11-28,222.77999877929688,230.4600067138672,222.19000244140625,230.33999633789062,207.6258544921875,2765600
2018-11-29,229.0,231.58999633789062,228.36000061035156,231.0,208.22080993652344,1478700
2018-11-30,231.69000244140625,233.38999938964844,229.6999969482422,231.27999877929688,208.47314453125,2764000
2018-12-03,230.72000122070312,232.1999969482422,228.2100067138672,232.0800018310547,209.19424438476562,2481500
2018-12-04,232.11000061035156,233.3000030517578,225.55999755859375,226.35000610351562,204.02932739257812,3418600
2018-12-06,227.94000244140625,233.86000061035156,226.60000610351562,233.1999969482422,210.20388793945312,4029800
2018-12-07,233.14999389648438,233.80999755859375,223.02999877929688,224.86000061035156,202.68624877929688,2881900
2018-12-10,224.5399932861328,225.1999969482422,219.11000061035156,222.66000366210938,200.7032012939453,2650000
2018-12-11,225.1199951171875,227.25,224.0,226.5,204.16452026367188,2466800
2018-12-12,228.35000610351562,230.4499969482422,227.07000732421875,227.8000030517578,205.33633422851562,2891400
2018-12-13,228.83999633789062,229.6199951171875,225.47999572753906,226.50999450683594,204.1735076904297,2170200
2018-12-14,218.0,219.0,205.50999450683594,207.05999755859375,186.6415252685547,8822300
2018-12-17,206.67999267578125,208.0,200.66000366210938,202.22999572753906,182.28782653808594,4739400
2018-12-18,203.08999633789062,204.6699981689453,201.57000732421875,202.99000549316406,182.97293090820312,3308500
2018-12-19,203.5,207.0,199.86000061035156,201.41000366210938,181.54867553710938,3369600
2018-12-20,200.3300018310547,200.6999969482422,193.67999267578125,197.1300048828125,177.6907501220703,4250900
2018-12-21,197.16000366210938,200.6999969482422,194.32000732421875,194.52000427246094,175.3380889892578,5080200
2018-12-24,193.89999389648438,195.3300018310547,189.8000030517578,189.99000549316406,171.2548065185547,2031700
2018-12-26,190.82000732421875,198.77999877929688,189.50999450683594,198.6300048828125,179.0428466796875,3268800
2018-12-27,196.9600067138672,201.1300048828125,193.9600067138672,201.0800018310547,181.25123596191406,2705900
2018-12-28,201.82000732421875,204.9499969482422,199.58999633789062,202.0399932861328,182.11656188964844,2037800
2018-12-31,203.3800048828125,204.38999938964844,201.3800048828125,203.7100067138672,183.6219024658203,1729400
2019-01-02,200.5,205.10000610351562,199.85000610351562,204.75999450683594,184.56834411621094,2143100
2019-01-03,203.6999969482422,205.94000244140625,200.0399932861328,200.4199981689453,180.6563262939453,2877700
2019-01-04,203.0800018310547,207.92999267578125,201.4499969482422,206.24000549316406,185.9023895263672,2761600
2019-01-07,205.52000427246094,209.1199951171875,203.5399932861328,207.0,186.5874481201172,2226600
2019-01-08,208.64999389648438,209.0800018310547,204.17999267578125,208.5500030517578,187.98463439941406,2366500
2019-01-09,209.14999389648438,211.22000122070312,207.9199981689453,209.89999389648438,189.2014923095703,1862900
2019-01-10,208.14999389648438,210.89999389648438,206.0,210.63999938964844,189.8685302734375,2340700
2019-01-11,210.0399932861328,211.25,209.30999755859375,210.50999450683594,189.7513427734375,1861100
2019-01-14,209.47000122070312,210.64999389648438,208.16000366210938,209.0,188.39019775390625,1523100
2019-01-15,210.0399932861328,211.33999633789062,209.0800018310547,211.02999877929688,190.2200469970703,1681900
2019-01-16,211.4600067138672,211.4600067138672,209.5,210.17999267578125,189.453857421875,1455000
2019-01-17,209.8699951171875,211.64999389648438,209.64999389648438,211.4600067138672,190.607666015625,1517100
2019-01-18,212.55999755859375,214.16000366210938,211.77000427246094,213.58999633789062,192.52761840820312,2115400
2019-01-22,213.0,215.55999755859375,210.8000030517578,212.39999389648438,191.45497131347656,3310800
2019-01-23,213.0,214.85000610351562,210.0,212.08999633789062,191.17552185058594,2220200
2019-01-24,212.38999938964844,212.38999938964844,208.89999389648438,210.30999755859375,189.57106018066406,1994400
2019-01-25,212.02999877929688,212.32000732421875,208.74000549316406,209.07000732421875,188.45333862304688,2252300
2019-01-28,208.67999267578125,210.7899932861328,207.30999755859375,210.77000427246094,189.98565673828125,1999400
2019-01-29,210.32000732421875,210.5399932861328,208.57000732421875,210.30999755859375,189.57106018066406,1636500
2019-01-30,210.47999572753906,212.1699981689453,209.32000732421875,211.35000610351562,190.508544921875,1589800
2019-01-31,211.13999938964844,214.8800048828125,209.72000122070312,214.6300048828125,193.4650421142578,4341100
2019-02-01,214.0,215.0,209.3699951171875,210.27000427246094,189.53500366210938,3453700
2019-02-04,210.6999969482422,211.19000244140625,207.89999389648438,211.17999267578125,190.35523986816406,1630300
2019-02-05,211.49000549316406,212.52000427246094,209.63999938964844,211.61000061035156,190.74282836914062,2074500
2019-02-06,212.25999450683594,212.25999450683594,210.47999572753906,211.60000610351562,190.73382568359375,1618800
2019-02-07,210.07000732421875,210.10000610351562,206.27000427246094,209.0500030517578,188.94427490234375,2526600
2019-02-08,207.8300018310547,208.49000549316406,205.75,207.75,187.76930236816406,2013700
2019-02-11,208.64999389648438,208.9199981689453,206.75999450683594,208.72000122070312,188.64601135253906,2376600
2019-02-12,210.05999755859375,212.75,209.25999450683594,211.89999389648438,191.52017211914062,2091200
2019-02-13,212.22999572753906,213.50999450683594,211.3000030517578,212.8000030517578,192.33358764648438,1703000
2019-02-14,212.0,214.5500030517578,211.13999938964844,213.83999633789062,193.2735595703125,1411100
2019-02-15,215.14999389648438,217.25,214.0399932861328,216.47000122070312,195.65065002441406,2635500
2019-02-19,216.6699981689453,219.60000610351562,216.50999450683594,218.1199951171875,197.14193725585938,1938100
2019-02-20,218.22999572753906,219.07000732421875,215.05999755859375,217.11000061035156,196.22906494140625,1785600
2019-02-21,216.60000610351562,216.72000122070312,214.3300018310547,215.22999572753906,194.52989196777344,1615300
2019-02-22,215.1699981689453,216.58999633789062,214.25,216.2899932861328,195.48789978027344,1542500
2019-02-25,217.3699951171875,219.08999633789062,216.5500030517578,217.0500030517578,196.17486572265625,1794000
2019-02-26,216.88999938964844,218.91000366210938,216.1300048828125,217.61000061035156,196.68093872070312,1884100
2019-02-27,216.50999450683594,218.86000061035156,216.4499969482422,218.0500030517578,197.07870483398438,1482700
2019-02-28,218.49000549316406,219.69000244140625,217.52000427246094,218.74000549316406,197.7023162841797,2055600
2019-03-01,219.75999450683594,220.57000732421875,215.77000427246094,219.44000244140625,198.33497619628906,2178200
2019-03-04,220.42999267578125,221.0800018310547,215.8699951171875,218.41000366210938,197.404052734375,2444700
2019-03-05,218.91000366210938,221.61000061035156,218.89999389648438,219.82000732421875,198.67848205566406,2160200
2019-03-06,220.5,221.91000366210938,218.22999572753906,219.22999572753906,198.14520263671875,1985300
2019-03-07,218.1300048828125,219.38999938964844,216.22000122070312,216.7899932861328,195.93984985351562,3279100
2019-03-08,225.47999572753906,228.6999969482422,223.77000427246094,227.82000732421875,205.9090576171875,6782700
2019-03-11,227.52999877929688,229.91000366210938,227.05999755859375,229.69000244140625,207.5991668701172,3748400
2019-03-12,230.32000732421875,233.39999389648438,229.89999389648438,232.9600067138672,210.5546875,2647100
2019-03-13,234.25,237.4499969482422,232.9499969482422,236.3800048828125,213.64572143554688,2421200
2019-03-14,236.1300048828125,236.3800048828125,233.27999877929688,233.83999633789062,211.3500518798828,2300300
2019-03-15,234.1699981689453,235.64999389648438,233.17999267578125,233.60000610351562,211.13311767578125,5075400
2019-03-18,233.5800018310547,236.67999267578125,233.49000549316406,236.58999633789062,213.83554077148438,1735400
2019-03-19,237.52000427246094,238.0500030517578,236.2899932861328,237.0500030517578,214.2512969970703,1852300
2019-03-20,237.02999877929688,238.49000549316406,235.77999877929688,236.97999572753906,214.1880340576172,1499500
2019-03-21,236.67999267578125,239.85000610351562,236.5500030517578,239.5399932861328,216.5018310546875,1617000
2019-03-22,239.75,240.33999633789062,236.89999389648438,237.55999755859375,214.71226501464844,1873600
2019-03-25,236.92999267578125,238.0800018310547,235.7899932861328,236.97000122070312,214.17904663085938,1357100
2019-03-26,238.0,240.25,237.36000061035156,239.07000732421875,216.0770721435547,1193000
2019-03-27,238.7100067138672,240.2100067138672,238.16000366210938,239.41000366210938,216.3843536376953,1351200
2019-03-28,239.97999572753906,241.9499969482422,239.5800018310547,241.22000122070312,218.0203094482422,1396700
2019-03-29,241.66000366210938,242.44000244140625,240.77000427246094,242.13999938964844,218.851806640625,1968000
2019-04-01,243.07000732421875,244.41000366210938,242.5800018310547,244.19000244140625,220.70458984375,1610200
2019-04-02,244.0,244.19000244140625,240.30999755859375,240.5,217.36953735351562,1574300
2019-04-03,241.69000244140625,243.5500030517578,241.02000427246094,242.47999572753906,219.1591033935547,1663600
2019-04-04,242.1699981689453,244.75999450683594,241.25,244.39999389648438,220.89443969726562,1319700
2019-04-05,244.9600067138672,247.08999633789062,244.00999450683594,245.8699951171875,222.2230224609375,1616200
2019-04-08,245.99000549316406,246.8300018310547,245.1999969482422,246.52000427246094,222.810546875,1244200
2019-04-09,245.11000061035156,245.67999267578125,244.00999450683594,244.91000366210938,221.3553466796875,1450200
2019-04-10,245.27999877929688,246.6699981689453,244.7100067138672,245.61000061035156,221.9880828857422,1556600
2019-04-11,243.6199951171875,244.17999267578125,240.9199981689453,241.24000549316406,218.03836059570312,2719800
2019-04-12,241.50999450683594,242.72000122070312,240.89999389648438,241.9499969482422,218.6800537109375,2187600
2019-04-15,242.3699951171875,246.75,241.9600067138672,246.3300018310547,222.63882446289062,1859700
2019-04-16,246.64999389648438,246.82000732421875,244.25,245.33999633789062,221.7440185546875,1360500
2019-04-17,246.3000030517578,246.4600067138672,244.32000732421875,245.55999755859375,221.94287109375,1363000
2019-04-18,246.7899932861328,247.25,244.6999969482422,245.80999755859375,222.1688232421875,1365000
2019-04-22,245.19000244140625,245.77000427246094,242.55999755859375,243.4199981689453,220.00868225097656,1300000
2019-04-23,244.64999389648438,246.52999877929688,242.2100067138672,245.5800018310547,221.96092224121094,1524600
2019-04-24,245.67999267578125,248.6999969482422,245.60000610351562,247.9600067138672,224.112060546875,1156400
2019-04-25,246.2100067138672,247.14999389648438,243.94000244140625,245.60000610351562,221.97900390625,1278200
2019-04-26,245.6199951171875,245.88999938964844,242.05999755859375,243.82000732421875,220.3702392578125,1842900
2019-04-29,245.0,245.75,243.49000549316406,244.27999877929688,220.7859649658203,1429700
2019-04-30,244.77000427246094,245.7899932861328,243.02000427246094,245.52999877929688,221.9156951904297,1427600
2019-05-01,245.33999633789062,245.4600067138672,241.5500030517578,241.58999633789062,218.35467529296875,1350400
2019-05-02,241.75999450683594,242.88999938964844,240.4199981689453,242.69000244140625,219.34890747070312,1237600
2019-05-03,243.27000427246094,244.8800048828125,242.72000122070312,244.6199951171875,221.09320068359375,905900
2019-05-06,242.85000610351562,244.8300018310547,242.05999755859375,244.22999572753906,220.7407684326172,1194900
2019-05-07,241.72000122070312,242.74000549316406,238.22000122070312,240.17999267578125,217.0802764892578,1775200
2019-05-08,239.55999755859375,243.0500030517578,238.19000244140625,241.33999633789062,218.12867736816406,1611900
2019-05-09,240.66000366210938,244.05999755859375,240.16000366210938,243.47000122070312,220.64813232421875,1919300
2019-05-10,242.94000244140625,248.5500030517578,240.02999877929688,247.02000427246094,223.8653564453125,2036500
2019-05-13,244.1199951171875,244.92999267578125,240.6699981689453,241.9199981689453,219.24342346191406,1962800
2019-05-14,242.2899932861328,245.08999633789062,241.80999755859375,242.72999572753906,219.97750854492188,1635100
2019-05-15,242.11000061035156,245.39999389648438,241.22999572753906,244.6699981689453,221.73570251464844,1194800
2019-05-16,245.6300048828125,249.72999572753906,245.2100067138672,247.44000244140625,224.2460174560547,1800600
2019-05-17,245.8800048828125,250.0500030517578,245.58999633789062,248.35000610351562,225.0707244873047,1672000
2019-05-20,247.14999389648438,249.94000244140625,247.14999389648438,248.89999389648438,225.5691680908203,1600500
2019-05-21,249.11000061035156,250.8300018310547,248.10000610351562,249.92999267578125,226.50262451171875,1504200
2019-05-22,251.00999450683594,251.00999450683594,249.13999938964844,249.50999450683594,226.1219482421875,1242300
2019-05-23,248.6300048828125,249.9199981689453,247.17999267578125,248.52999877929688,225.23382568359375,1822800
2019-05-24,249.11000061035156,249.55999755859375,246.77000427246094,247.3000030517578,224.11907958984375,1340200
2019-05-28,248.5800018310547,250.1999969482422,246.13999938964844,246.30999755859375,223.22195434570312,3164100
2019-05-29,244.1300048828125,244.77000427246094,238.91000366210938,240.69000244140625,218.12872314453125,2594900
2019-05-30,242.14999389648438,243.5800018310547,240.75,241.5399932861328,218.89901733398438,2030300
2019-05-31,238.97999572753906,240.66000366210938,233.0500030517578,239.5800018310547,217.12281799316406,4058100
2019-06-03,239.77999877929688,241.5399932861328,238.0800018310547,241.07000732421875,218.47311401367188,2512500
2019-06-04,243.0,245.82000732421875,242.5,245.61000061035156,222.58758544921875,1761500
2019-06-05,246.10000610351562,248.75999450683594,245.02000427246094,247.9600067138672,224.71728515625,1825500
2019-06-06,248.0,251.94000244140625,247.74000549316406,251.2100067138672,227.66262817382812,1487800
2019-06-07,251.16000366210938,256.6000061035156,251.02000427246094,256.010009765625,232.01272583007812,2270200
2019-06-10,256.3999938964844,258.8299865722656,256.1099853515625,256.8500061035156,232.7739715576172,1839500
2019-06-11,258.9100036621094,259.6199951171875,256.2099914550781,257.1099853515625,233.00962829589844,1613500
2019-06-12,257.5799865722656,258.75,255.77000427246094,257.2300109863281,233.11837768554688,1071700
2019-06-13,257.7099914550781,259.8699951171875,257.54998779296875,259.7099914550781,235.3658905029297,1228500
2019-06-14,260.0,261.20001220703125,258.9100036621094,260.1499938964844,235.76461791992188,1287800
2019-06-17,261.1300048828125,262.25,260.42999267578125,261.42999267578125,236.92466735839844,1191900
2019-06-18,263.6099853515625,264.20001220703125,262.04998779296875,262.739990234375,238.1118621826172,2763200
2019-06-19,262.30999755859375,264.1000061035156,260.94000244140625,263.6600036621094,238.94558715820312,1628400
2019-06-20,265.0,267.7900085449219,264.54998779296875,267.3500061035156,242.289794921875,1745100
2019-06-21,266.7699890136719,268.94000244140625,265.989990234375,266.1300048828125,241.18406677246094,2964000
2019-06-24,267.30999755859375,267.9700012207031,266.5199890136719,266.7699890136719,241.76406860351562,1586100
2019-06-25,266.7099914550781,267.0799865722656,265.3599853515625,266.3599853515625,241.39256286621094,1182400
2019-06-26,266.45001220703125,266.82000732421875,264.3399963378906,264.4100036621094,239.62521362304688,1334400
2019-06-27,264.8999938964844,266.4800109863281,262.989990234375,265.5799865722656,240.68556213378906,1122900
2019-06-28,265.5,266.3900146484375,263.3599853515625,264.260009765625,239.48931884765625,1952500
2019-07-01,266.42999267578125,267.0,261.8399963378906,263.54998779296875,238.84593200683594,1955800
2019-07-02,263.9200134277344,265.57000732421875,261.6700134277344,265.4700012207031,240.58595275878906,1201300
2019-07-03,265.1400146484375,269.1600036621094,265.1400146484375,269.1400146484375,243.9119415283203,986500
2019-07-05,268.20001220703125,268.6099853515625,266.2699890136719,268.25,243.10537719726562,1081500
2019-07-08,268.3299865722656,269.69000244140625,267.3500061035156,269.3999938964844,244.14761352539062,1236000
2019-07-09,269.3599853515625,270.7799987792969,268.489990234375,269.9700012207031,244.6641082763672,1400300
2019-07-10,270.04998779296875,271.5299987792969,269.3399963378906,271.4200134277344,245.9782257080078,1257000
2019-07-11,272.3299865722656,276.7699890136719,271.80999755859375,276.5400085449219,250.6182861328125,1985600
2019-07-12,276.5,280.0,276.010009765625,279.44000244140625,253.24649047851562,2046400
2019-07-15,279.94000244140625,280.70001220703125,278.8999938964844,280.5799865722656,254.27952575683594,1568000
2019-07-16,281.0,281.3699951171875,279.7799987792969,280.6499938964844,254.34300231933594,1379200
2019-07-17,281.04998779296875,282.8500061035156,280.2200012207031,281.55999755859375,255.1678009033203,1716600
2019-07-18,282.20001220703125,283.05999755859375,279.19000244140625,282.9100036621094,256.3912048339844,1696100
2019-07-19,283.07000732421875,284.30999755859375,281.3500061035156,281.510009765625,255.12246704101562,1607600
2019-07-22,281.2200012207031,282.32000732421875,279.32000732421875,280.1700134277344,253.9080047607422,1459100
2019-07-23,281.8500061035156,282.0799865722656,279.0199890136719,280.1000061035156,253.84466552734375,1117800
2019-07-24,279.8299865722656,281.239990234375,279.010009765625,280.8299865722656,254.50624084472656,1257100
2019-07-25,281.20001220703125,281.94000244140625,279.3399963378906,279.79998779296875,253.5727081298828,1600200
2019-07-26,279.79998779296875,281.7699890136719,279.1199951171875,281.3699951171875,254.99557495117188,1447700
2019-07-29,281.010009765625,281.29998779296875,279.5400085449219,280.1300048828125,253.871826171875,1257400
2019-07-30,280.2699890136719,280.57000732421875,279.1000061035156,279.5,253.30079650878906,978200
2019-07-31,279.0199890136719,279.7200012207031,272.6300048828125,275.6300048828125,249.7935791015625,1886900
2019-08-01,275.75,280.92999267578125,274.30999755859375,274.57000732421875,248.8329315185547,2634300
2019-08-02,274.29998779296875,274.94000244140625,270.5,272.5,246.95703125,1969200
2019-08-05,270.0899963378906,270.54998779296875,262.7099914550781,265.1000061035156,240.25067138671875,3329800
2019-08-06,266.4700012207031,270.2300109863281,264.04998779296875,269.30999755859375,244.0659942626953,2383000
2019-08-07,268.17999267578125,274.8599853515625,263.5899963378906,274.29998779296875,248.58827209472656,3037500
2019-08-08,273.0400085449219,274.8399963378906,271.0,274.79998779296875,249.04139709472656,2046700
2019-08-09,274.5799865722656,275.4700012207031,271.9100036621094,273.94000244140625,248.2620391845703,1284300
2019-08-12,274.0299987792969,274.9800109863281,269.29998779296875,271.30999755859375,245.87850952148438,1638600
2019-08-13,271.17999267578125,278.1600036621094,270.010009765625,276.260009765625,250.36460876464844,1724600
2019-08-14,274.0,275.3599853515625,268.0,268.1499938964844,243.01478576660156,2122100
2019-08-15,270.5299987792969,272.9700012207031,268.7699890136719,271.5199890136719,246.06886291503906,1623200
2019-08-16,274.1000061035156,276.07000732421875,273.44000244140625,274.1000061035156,248.4070587158203,1230800
2019-08-19,276.4100036621094,277.3800048828125,274.54998779296875,275.6099853515625,249.77549743652344,1313400
2019-08-20,276.2799987792969,276.3599853515625,272.8500061035156,272.9700012207031,247.3828887939453,1390600
2019-08-21,275.4100036621094,276.5400085449219,274.70001220703125,275.67999267578125,249.83900451660156,1682300
2019-08-22,277.010009765625,280.989990234375,276.8699951171875,279.9200134277344,253.68148803710938,2345500
2019-08-23,278.2099914550781,280.1300048828125,272.70001220703125,274.010009765625,248.325439453125,1984300
2019-08-26,275.75,278.5299987792969,275.69000244140625,278.4599914550781,252.35833740234375,1426400
2019-08-27,281.0,293.44000244140625,280.3399963378906,292.3800048828125,264.9736022949219,5169000
2019-08-28,293.75,299.95001220703125,292.4200134277344,294.489990234375,266.8857727050781,5162100
2019-08-29,297.4800109863281,297.7300109863281,292.760009765625,296.57000732421875,269.3653869628906,2613100
2019-08-30,298.0,298.2799987792969,292.8299865722656,294.760009765625,267.7213134765625,1801000
2019-09-03,292.57000732421875,294.0,290.4599914550781,292.04998779296875,265.2599182128906,1842900
2019-09-04,294.0,296.29998779296875,293.7699890136719,296.1199951171875,268.9566345214844,1375700
2019-09-05,298.42999267578125,299.7099914550781,296.67999267578125,296.9700012207031,269.7286682128906,1865300
2019-09-06,299.20001220703125,304.6400146484375,298.2900085449219,303.760009765625,275.8957824707031,3018100
2019-09-09,304.5,307.3399963378906,298.2099914550781,299.0,271.5724182128906,3397200
2019-09-10,297.3800048828125,298.25,294.5799865722656,297.0,269.755859375,2725000
2019-09-11,294.29998779296875,295.739990234375,287.80999755859375,290.69000244140625,264.0246276855469,4754700
2019-09-12,290.3399963378906,292.75,288.67999267578125,289.8900146484375,263.29803466796875,2942600
2019-09-13,290.20001220703125,294.07000732421875,289.8500061035156,291.8999938964844,265.1237487792969,2306300
2019-09-16,290.57000732421875,291.3800048828125,288.3399963378906,288.69000244140625,262.208251953125,1508900
2019-09-17,289.55999755859375,291.7900085449219,288.69000244140625,291.4100036621094,264.6786193847656,1758900
2019-09-18,290.70001220703125,293.57000732421875,288.79998779296875,292.42999267578125,265.6051330566406,1666000
2019-09-19,289.489990234375,289.760009765625,284.7099914550781,287.8299865722656,261.4270324707031,3004700
2019-09-20,288.75,289.4100036621094,286.1400146484375,286.3599853515625,260.09185791015625,3409500
2019-09-23,286.3599853515625,288.1300048828125,285.75,287.57000732421875,261.1909484863281,2025400
2019-09-24,289.29998779296875,292.6199951171875,286.3999938964844,287.9100036621094,261.4997253417969,2483200
2019-09-25,288.260009765625,289.67999267578125,286.8699951171875,288.510009765625,262.0446472167969,1827800
2019-09-26,289.42999267578125,289.80999755859375,286.6000061035156,288.260009765625,261.8177185058594,1877300
2019-09-27,289.5299987792969,289.5299987792969,284.3999938964844,285.95001220703125,259.7195739746094,1538100
2019-09-30,287.70001220703125,288.6199951171875,286.57000732421875,288.1099853515625,261.6813659667969,2151500
2019-10-01,288.0400085449219,288.67999267578125,283.17999267578125,283.92999267578125,257.8847961425781,2648900
2019-10-02,283.2300109863281,285.7900085449219,282.2200012207031,285.1099853515625,258.9565124511719,2480600
2019-10-03,285.3900146484375,290.8599853515625,281.6000061035156,289.0,262.48968505859375,3590200
2019-10-04,287.8500061035156,291.95001220703125,283.32000732421875,291.6700134277344,264.914794921875,4513300
2019-10-07,291.0400085449219,295.69000244140625,290.5,293.4100036621094,266.4951477050781,1988700
2019-10-08,292.95001220703125,295.5799865722656,290.45001220703125,291.8900146484375,265.11456298828125,2201100
2019-10-09,293.1099853515625,298.57000732421875,293.1099853515625,296.8999938964844,269.6650695800781,2235500
2019-10-10,298.6300048828125,299.4800109863281,296.260009765625,297.1400146484375,269.883056640625,1637500
2019-10-11,298.07000732421875,300.760009765625,297.3599853515625,297.6000061035156,270.30072021484375,1855500
2019-10-14,298.0,300.3399963378906,297.5,297.5199890136719,270.2281494140625,1297600
2019-10-15,298.32000732421875,299.6400146484375,297.2300109863281,298.3900146484375,271.0184326171875,1580700
2019-10-16,296.79998779296875,298.9700012207031,295.0799865722656,298.7799987792969,271.3725891113281,1811100
2019-10-17,298.8500061035156,302.6099853515625,298.8500061035156,302.3999938964844,274.6604919433594,1734600
2019-10-18,302.0,304.0,300.9800109863281,302.8599853515625,275.078369140625,1853900
2019-10-21,303.0,303.510009765625,300.1700134277344,301.0799865722656,273.4615478515625,1322900
2019-10-22,301.6099853515625,304.8800048828125,299.95001220703125,299.9700012207031,272.4533996582031,1955600
2019-10-23,299.5799865722656,300.04998779296875,297.17999267578125,297.32000732421875,270.04656982421875,1798700
2019-10-24,295.04998779296875,298.2799987792969,294.55999755859375,297.04998779296875,269.8013000488281,2056700
2019-10-25,295.5199890136719,297.25,295.1099853515625,296.5,269.3017578125,1686200
2019-10-28,295.70001220703125,299.0899963378906,295.2099914550781,298.94000244140625,271.51788330078125,1672600
2019-10-29,298.2099914550781,298.94000244140625,295.80999755859375,295.8599853515625,268.7204284667969,1295300
2019-10-30,296.9200134277344,300.25,295.9700012207031,299.8399963378906,272.3353271484375,1264300
2019-10-31,298.3599853515625,299.6199951171875,294.54998779296875,297.1099853515625,270.4419250488281,2277400
2019-11-01,297.989990234375,298.4200134277344,295.5,296.0899963378906,269.5135803222656,1364500
2019-11-04,297.1600036621094,298.2200012207031,295.1700134277344,296.82000732421875,270.1781005859375,1651600
2019-11-05,297.0899963378906,299.69000244140625,295.80999755859375,299.17999267578125,272.32611083984375,2204500
2019-11-06,299.9700012207031,301.6499938964844,297.92999267578125,301.57000732421875,274.50177001953125,1675000
2019-11-07,303.92999267578125,307.1000061035156,302.4800109863281,305.2099914550781,277.81500244140625,2399400
2019-11-08,302.739990234375,304.2900085449219,301.2799987792969,302.6199951171875,275.4575500488281,1501600
2019-11-11,301.54998779296875,302.3299865722656,299.70001220703125,300.8399963378906,273.83734130859375,1160900
2019-11-12,300.8299865722656,302.7300109863281,298.6600036621094,300.5,273.5277404785156,1540800
2019-11-13,300.17999267578125,304.0,299.5199890136719,302.8999938964844,275.7123718261719,1517900
2019-11-14,304.3900146484375,305.8900146484375,302.2699890136719,304.5899963378906,277.25067138671875,1336400
2019-11-15,305.30999755859375,305.44000244140625,301.6000061035156,303.6600036621094,276.4041748046875,1706100
2019-11-18,303.1099853515625,306.3800048828125,302.75,304.5400085449219,277.2051086425781,1241300
2019-11-19,304.5,304.6400146484375,301.45001220703125,302.239990234375,275.111572265625,1761400
2019-11-20,302.44000244140625,303.1700134277344,298.010009765625,300.57000732421875,273.5915222167969,1979500
2019-11-21,300.69000244140625,301.8699951171875,299.5199890136719,300.2699890136719,273.3183898925781,1302500
2019-11-22,301.94000244140625,301.94000244140625,297.2300109863281,299.30999755859375,272.4446105957031,1277300
2019-11-25,300.2900085449219,300.6300048828125,297.54998779296875,299.04998779296875,272.2079162597656,1613000
2019-11-26,299.260009765625,301.3500061035156,298.82000732421875,301.239990234375,274.2012939453125,3359100
2019-11-27,301.82000732421875,302.7900085449219,300.57000732421875,300.760009765625,273.76446533203125,1906500
2019-11-29,300.82000732421875,300.8900146484375,299.6600036621094,299.80999755859375,272.8996887207031,981600
2019-12-02,299.75,300.20001220703125,294.2699890136719,297.3900146484375,270.69696044921875,2705500
2019-12-03,295.1300048828125,296.19000244140625,292.70001220703125,295.6700134277344,269.1313171386719,1921400
2019-12-04,296.0400085449219,297.1600036621094,295.1499938964844,296.5199890136719,269.90496826171875,1742000
2019-12-05,297.1300048828125,297.1300048828125,292.5,293.1000061035156,266.7920227050781,1941100
2019-12-06,294.9800109863281,295.989990234375,294.260009765625,294.95001220703125,268.4759521484375,1462000
2019-12-09,295.0,297.19000244140625,294.54998779296875,295.1600036621094,268.6671142578125,1960000
2019-12-10,296.0299987792969,296.69000244140625,294.54998779296875,295.7799987792969,269.2313537597656,1565900
2019-12-11,296.0,296.3500061035156,293.04998779296875,295.29998779296875,268.7945251464844,1749800
2019-12-12,295.2699890136719,297.760009765625,294.1199951171875,297.3399963378906,270.6513977050781,2742700
2019-12-13,294.6400146484375,295.0,289.1000061035156,291.8699951171875,265.67236328125,5195600
2019-12-16,293.0299987792969,294.4599914550781,292.8500061035156,293.5,267.156005859375,2410000
2019-12-17,293.5,296.29998779296875,292.75,295.54998779296875,269.0221862792969,2474100
2019-12-18,295.989990234375,296.3599853515625,291.82000732421875,291.8699951171875,265.67236328125,3309800
2019-12-19,292.05999755859375,293.80999755859375,291.5,293.7099914550781,267.34722900390625,2333600
2019-12-20,293.8500061035156,295.0199890136719,292.7799987792969,294.8299865722656,268.36669921875,4866500
2019-12-23,294.9100036621094,295.30999755859375,293.0299987792969,293.30999755859375,266.9831848144531,1309800
2019-12-24,293.9100036621094,294.45001220703125,293.3599853515625,294.2300109863281,267.8205871582031,543600
2019-12-26,294.489990234375,295.7300109863281,293.8999938964844,295.7300109863281,269.1858825683594,1101800
2019-12-27,296.2200012207031,296.29998779296875,293.17999267578125,294.1099853515625,267.71136474609375,1439100
2019-12-30,294.20001220703125,295.6099853515625,293.6600036621094,295.1400146484375,268.6488342285156,1238900
2019-12-31,295.0,295.45001220703125,292.17999267578125,293.9200134277344,267.53839111328125,1550700
2020-01-02,294.05999755859375,294.5799865722656,291.0,291.489990234375,265.3265075683594,2103600
2020-01-03,290.04998779296875,292.8999938964844,289.3299865722656,291.7300109863281,265.54486083984375,1926000
2020-01-06,290.54998779296875,292.07000732421875,288.6199951171875,291.80999755859375,265.6177978515625,2655100
2020-01-07,291.32000732421875,291.69000244140625,289.2799987792969,291.3500061035156,265.1990051269531,1963400
2020-01-08,290.989990234375,295.4800109863281,290.5,294.69000244140625,268.2392578125,2492800
2020-01-09,298.54998779296875,301.9599914550781,297.7099914550781,299.4200134277344,272.544677734375,3261200
2020-01-10,300.0,300.2699890136719,296.6600036621094,297.239990234375,270.56036376953125,2024200
2020-01-13,296.9200134277344,300.6499938964844,296.79998779296875,299.8699951171875,272.9543151855469,1778600
2020-01-14,299.25,301.0,298.5799865722656,299.75,272.84503173828125,1459900
2020-01-15,298.3500061035156,301.0400085449219,298.0400085449219,300.82000732421875,273.819091796875,1604000
2020-01-16,301.3900146484375,304.05999755859375,300.9800109863281,303.0299987792969,275.8306579589844,1758600
2020-01-17,303.3999938964844,305.29998779296875,303.0299987792969,304.67999267578125,277.33251953125,2506500
2020-01-21,306.20001220703125,313.3399963378906,305.760009765625,313.260009765625,285.1424560546875,3585900
2020-01-22,313.3999938964844,313.55999755859375,310.2099914550781,311.8900146484375,283.89544677734375,2218900
2020-01-23,312.0199890136719,313.3999938964844,310.7300109863281,312.8800048828125,284.7965393066406,1535900
2020-01-24,314.0199890136719,314.2799987792969,309.1000061035156,310.510009765625,282.6393127441406,1986100
2020-01-27,306.1499938964844,311.7699890136719,305.6499938964844,309.45001220703125,281.6744384765625,2265100
2020-01-28,310.510009765625,311.7099914550781,309.1000061035156,310.8500061035156,282.94873046875,1571700
2020-01-29,310.8599853515625,311.9700012207031,309.3900146484375,309.5799865722656,281.792724609375,1713700
2020-01-30,308.8399963378906,309.6400146484375,306.6700134277344,309.4700012207031,281.692626953125,1232600
2020-01-31,308.54998779296875,309.17999267578125,304.55999755859375,305.5199890136719,278.0971374511719,1837000
2020-02-03,307.0,308.5799865722656,301.6700134277344,302.0,274.89312744140625,2816800
2020-02-04,304.57000732421875,305.9100036621094,302.760009765625,304.8999938964844,277.5328063964844,1982300
2020-02-05,307.0,309.5899963378906,305.3999938964844,308.95001220703125,281.2193603515625,1731800
2020-02-06,309.3500061035156,311.8399963378906,307.8500061035156,310.6099853515625,283.3263854980469,1917900
2020-02-07,310.0,313.80999755859375,309.1199951171875,313.6300048828125,286.0811767578125,1903500
2020-02-10,313.760009765625,316.94000244140625,312.6000061035156,313.7900085449219,286.2271423339844,2336300
2020-02-11,314.0299987792969,314.42999267578125,310.4700012207031,310.67999267578125,283.3902282714844,2047500
2020-02-12,310.7699890136719,315.4800109863281,310.7699890136719,315.1199951171875,287.4403076171875,1384600
2020-02-13,314.8500061035156,318.7900085449219,313.5400085449219,318.20001220703125,290.24969482421875,1438000
2020-02-14,318.8699951171875,319.80999755859375,316.95001220703125,318.30999755859375,290.3501281738281,1113400
2020-02-18,319.0,323.4800109863281,318.6099853515625,322.04998779296875,293.7616271972656,1547100
2020-02-19,322.0799865722656,324.5299987792969,321.7300109863281,323.0199890136719,294.6463623046875,1413600
2020-02-20,322.32000732421875,325.07000732421875,321.010009765625,324.0799865722656,295.61328125,1427500
2020-02-21,322.55999755859375,325.260009765625,321.0299987792969,321.95001220703125,293.6702880859375,2239000
2020-02-24,315.5,320.0,313.260009765625,313.6199951171875,286.0719909667969,2300400
2020-02-25,315.0,316.57000732421875,304.3999938964844,304.8699951171875,278.0904846191406,2881800
2020-02-26,307.54998779296875,311.29998779296875,304.67999267578125,305.69000244140625,278.838623046875,2236000
2020-02-27,301.9800109863281,305.0,293.0,293.1300048828125,267.3818359375,3625300
2020-02-28,285.25,287.3299865722656,271.2799987792969,281.1400146484375,256.4450378417969,7091800
2020-03-02,294.44000244140625,309.510009765625,291.3800048828125,309.1400146484375,281.98553466796875,7563800
2020-03-03,309.1400146484375,314.1700134277344,301.0299987792969,302.7300109863281,276.138671875,5131400
2020-03-04,308.2900085449219,320.9700012207031,305.0199890136719,320.739990234375,292.566650390625,4219300
2020-03-05,315.7699890136719,324.510009765625,313.20001220703125,315.760009765625,288.02410888671875,6407700
2020-03-06,312.1400146484375,317.489990234375,302.75,311.3399963378906,283.9922790527344,6185500
2020-03-09,295.8500061035156,310.3299865722656,293.0,301.9800109863281,275.4544677734375,5203100
2020-03-10,307.9700012207031,309.7300109863281,294.4200134277344,309.3999938964844,282.2227783203125,4245500
2020-03-11,300.8599853515625,307.7900085449219,294.19000244140625,297.42999267578125,271.30413818359375,3622700
2020-03-12,280.44000244140625,295.6300048828125,276.3399963378906,279.8500061035156,255.268310546875,7307600
2020-03-13,288.8299865722656,303.25,278.2699890136719,302.2699890136719,275.71893310546875,6100100
2020-03-16,281.8299865722656,299.5299987792969,279.510009765625,283.17999267578125,258.3058776855469,5465500
2020-03-17,289.0,307.19000244140625,286.29998779296875,306.989990234375,280.0244140625,7170600
2020-03-18,298.0,318.0,296.0,307.5,280.4896240234375,6701800
2020-03-19,310.4100036621094,313.8500061035156,302.6300048828125,305.2200012207031,278.4098205566406,5429500
2020-03-20,307.9200134277344,308.010009765625,287.0199890136719,290.4200134277344,264.909912109375,6581200
2020-03-23,292.010009765625,295.6700134277344,278.4200134277344,285.5299987792969,260.4494323730469,5646400
2020-03-24,294.5899963378906,297.3500061035156,282.8299865722656,284.94000244140625,259.9112243652344,7124200
2020-03-25,284.2099914550781,290.7200012207031,279.2099914550781,280.8599853515625,256.1895751953125,5639600
2020-03-26,281.3399963378906,293.7300109863281,280.8599853515625,292.29998779296875,266.62481689453125,5463100
2020-03-27,287.1300048828125,293.489990234375,283.3299865722656,284.3299865722656,259.3548278808594,4250400
2020-03-30,287.489990234375,291.67999267578125,285.8399963378906,291.1199951171875,265.5483703613281,4396000
2020-03-31,287.4200134277344,291.5199890136719,284.0,285.1300048828125,260.08453369140625,5618600
2020-04-01,282.3599853515625,288.79998779296875,280.8999938964844,286.7799987792969,261.5896301269531,3745800
2020-04-02,284.3800048828125,292.7799987792969,282.82000732421875,291.4800109863281,265.8768005371094,3500600
2020-04-03,289.1600036621094,292.3399963378906,285.79998779296875,288.6499938964844,263.2953186035156,2650100
2020-04-06,293.0,305.489990234375,289.57000732421875,305.1199951171875,278.318603515625,5272500
2020-04-07,306.5,310.0,303.2200012207031,303.6300048828125,276.95947265625,4036500
2020-04-08,305.1099853515625,307.4200134277344,302.2799987792969,305.9700012207031,279.093994140625,3964400
2020-04-09,299.45001220703125,304.3500061035156,297.5799865722656,300.010009765625,273.65753173828125,6487600
2020-04-13,298.5799865722656,303.95001220703125,297.6600036621094,299.6199951171875,273.3017883300781,3120400
2020-04-14,302.75,314.75,301.25,314.1400146484375,286.54638671875,4288300
2020-04-15,311.6400146484375,313.75,306.82000732421875,310.2699890136719,283.01629638671875,2937300
2020-04-16,314.7300109863281,322.6300048828125,312.0400085449219,321.55999755859375,293.3146057128906,3940000
2020-04-17,321.30999755859375,322.1300048828125,314.0199890136719,317.9200134277344,289.9942626953125,3688000
2020-04-20,317.95001220703125,318.3800048828125,311.5299987792969,312.0799865722656,284.66729736328125,3156300
2020-04-21,311.1400146484375,311.8900146484375,299.3500061035156,301.3299865722656,274.861572265625,3833000
2020-04-22,304.0,311.1300048828125,302.0400085449219,309.4200134277344,282.2409362792969,2970600
2020-04-23,307.0299987792969,309.6400146484375,304.7900085449219,305.3999938964844,278.57403564453125,2625200
2020-04-24,307.3299865722656,310.8299865722656,305.510009765625,310.54998779296875,283.271728515625,2019400
2020-04-27,313.04998779296875,313.2900085449219,307.5899963378906,308.7799987792969,281.6572570800781,2287300
2020-04-28,310.8299865722656,311.2699890136719,304.2799987792969,304.95001220703125,278.16351318359375,2425900
2020-04-29,304.95001220703125,308.67999267578125,301.1199951171875,307.0899963378906,280.11578369140625,3667700
2020-04-30,306.1499938964844,307.8999938964844,302.57000732421875,303.0,277.01629638671875,3794300
2020-05-01,301.7799987792969,304.82000732421875,300.17999267578125,301.9200134277344,276.0289611816406,2525400
2020-05-04,303.0,305.5299987792969,300.07000732421875,304.489990234375,278.37847900390625,2477500
2020-05-05,305.05999755859375,309.79998779296875,303.44000244140625,307.9200134277344,281.5143127441406,2460900
2020-05-06,309.9200134277344,311.0400085449219,306.5400085449219,308.8900146484375,282.4011535644531,2406700
2020-05-07,309.3399963378906,309.8699951171875,304.5299987792969,305.0,278.8448181152344,2601800
2020-05-08,305.8999938964844,307.17999267578125,303.70001220703125,305.94000244140625,279.7042541503906,2337400
2020-05-11,305.6400146484375,311.8299865722656,305.0,310.3299865722656,283.7177429199219,1865900
2020-05-12,310.8399963378906,311.54998779296875,304.7900085449219,304.8399963378906,278.6985778808594,2264900
2020-05-13,304.8399963378906,306.3999938964844,300.1199951171875,302.1400146484375,276.23004150390625,2954900
2020-05-14,301.010009765625,302.8800048828125,294.5400085449219,299.739990234375,274.0359191894531,3718900
2020-05-15,299.07000732421875,299.8299865722656,295.8599853515625,299.2099914550781,273.5514221191406,4577200
2020-05-18,301.7200012207031,303.19000244140625,299.9200134277344,302.760009765625,276.7969055175781,3987300
2020-05-19,304.6199951171875,309.0199890136719,303.1499938964844,304.6300048828125,278.5065002441406,3523000
2020-05-20,306.7699890136719,307.9200134277344,303.20001220703125,304.9100036621094,278.7626037597656,2827000
2020-05-21,304.7900085449219,305.0400085449219,301.25,301.9700012207031,276.07464599609375,2492100
2020-05-22,302.010009765625,303.94000244140625,300.8299865722656,302.42999267578125,276.4952087402344,2366400
2020-05-26,306.010009765625,306.8999938964844,303.5299987792969,304.79998779296875,278.6619567871094,3234600
2020-05-27,304.55999755859375,306.30999755859375,299.4700012207031,306.010009765625,279.7682800292969,2980200
2020-05-28,307.25,311.0,306.8999938964844,309.55999755859375,283.0137634277344,4301900
2020-05-29,304.20001220703125,308.8800048828125,302.3500061035156,308.4700012207031,282.0172424316406,4971800
2020-06-01,307.8999938964844,309.739990234375,306.4599914550781,308.2900085449219,281.85272216796875,2293700
2020-06-02,307.95001220703125,309.0199890136719,304.7200012207031,307.0899963378906,280.755615234375,2528900
2020-06-03,307.5,308.20001220703125,305.9200134277344,306.6400146484375,280.3442077636719,2165900
2020-06-04,310.8500061035156,315.3500061035156,309.0899963378906,310.75,284.1017150878906,4553900
2020-06-05,313.1300048828125,313.6300048828125,307.2900085449219,312.0400085449219,285.2811584472656,4375600
2020-06-08,310.6600036621094,311.2900085449219,306.4599914550781,307.19000244140625,280.8470458984375,3764500
2020-06-09,307.5,308.6000061035156,305.1700134277344,305.54998779296875,279.3475646972656,3155800
2020-06-10,306.4800109863281,308.6300048828125,305.6499938964844,307.3299865722656,280.9749450683594,2713700
2020-06-11,306.989990234375,309.20001220703125,300.6400146484375,300.8299865722656,275.03240966796875,3443000
2020-06-12,302.6700134277344,305.1499938964844,296.25,298.70001220703125,273.0850830078125,4020000
2020-06-15,297.04998779296875,298.07000732421875,293.8399963378906,297.17999267578125,271.6954345703125,3266800
2020-06-16,301.3500061035156,302.739990234375,299.2200012207031,301.3599853515625,275.51690673828125,2633800
2020-06-17,301.0199890136719,302.0,298.8999938964844,299.6099853515625,273.9170227050781,2188400
2020-06-18,300.0,300.80999755859375,297.7900085449219,299.57000732421875,273.8804626464844,1881800
2020-06-19,300.17999267578125,301.8999938964844,298.6400146484375,299.8999938964844,274.1820983886719,3438000
2020-06-22,299.70001220703125,301.4800109863281,298.25,300.45001220703125,274.6849670410156,2094400
2020-06-23,301.7300109863281,304.8999938964844,300.7300109863281,301.2900085449219,275.45294189453125,2409600
2020-06-24,300.7699890136719,301.2799987792969,296.6000061035156,298.0199890136719,272.46337890625,2398100
2020-06-25,297.05999755859375,301.1499938964844,295.3999938964844,300.5299987792969,274.7581481933594,2274300
2020-06-26,300.4100036621094,302.1199951171875,295.95001220703125,296.55999755859375,271.12860107421875,2866000
2020-06-29,297.44000244140625,301.6300048828125,296.8299865722656,301.5899963378906,275.72723388671875,1841700
2020-06-30,301.010009765625,304.6199951171875,300.1400146484375,303.2099914550781,277.2082824707031,2391700
2020-07-01,302.5,305.5799865722656,300.75,304.75,278.6163024902344,1906100
2020-07-02,306.0,308.9200134277344,304.6000061035156,305.739990234375,279.5213317871094,2540500
2020-07-06,307.5299987792969,311.55999755859375,307.239990234375,311.489990234375,284.7782897949219,2332400
2020-07-07,310.0199890136719,318.04998779296875,309.7200012207031,316.2300109863281,289.1117858886719,3346600
2020-07-08,317.1400146484375,318.04998779296875,314.010009765625,316.32000732421875,289.19415283203125,2364500
2020-07-09,320.0,328.9800109863281,319.67999267578125,325.5400085449219,297.6234130859375,5313600
2020-07-10,326.0,327.3999938964844,323.1099853515625,326.2300109863281,298.25421142578125,2484100
2020-07-13,326.29998779296875,329.1099853515625,321.5,322.9200134277344,295.22808837890625,2583200
2020-07-14,321.32000732421875,328.6600036621094,320.45001220703125,328.0,299.8724365234375,1844800
2020-07-15,328.1000061035156,329.32000732421875,325.6199951171875,326.70001220703125,298.68402099609375,1770700
2020-07-16,326.6199951171875,327.8999938964844,324.05999755859375,326.2699890136719,298.2908020019531,1402000
2020-07-17,327.29998779296875,327.79998779296875,324.5799865722656,324.7900085449219,296.9377746582031,1768100
2020-07-20,324.8900146484375,327.44000244140625,322.6600036621094,326.510009765625,298.5102233886719,1863300
2020-07-21,327.0,331.489990234375,326.5,327.739990234375,299.6347351074219,1874200
2020-07-22,329.6499938964844,329.6600036621094,325.010009765625,328.29998779296875,300.1466979980469,1312600
2020-07-23,328.1000061035156,330.3800048828125,325.3299865722656,326.1099853515625,298.14453125,1561700
2020-07-24,326.2200012207031,328.75,324.6700134277344,325.7799987792969,297.8428039550781,1423400
2020-07-27,325.67999267578125,329.0,325.17999267578125,327.6000061035156,299.5067138671875,2083300
2020-07-28,327.9700012207031,330.0,325.82000732421875,327.57000732421875,299.4793395996094,1374000
2020-07-29,327.0199890136719,328.0400085449219,325.3900146484375,326.1400146484375,298.1719055175781,1341300
2020-07-30,322.69000244140625,326.45001220703125,322.0,324.82000732421875,297.6038818359375,1390300
2020-07-31,324.82000732421875,326.30999755859375,322.54998779296875,325.5299987792969,298.2544250488281,2149900
2020-08-03,325.54998779296875,329.8900146484375,324.29998779296875,329.32000732421875,301.7268981933594,2480200
2020-08-04,329.55999755859375,339.82000732421875,328.9200134277344,339.7900085449219,311.3196105957031,3933300
2020-08-05,341.8599853515625,342.7300109863281,337.5899963378906,339.9700012207031,311.4844970703125,2923700
2020-08-06,342.4100036621094,345.1199951171875,341.6099853515625,343.30999755859375,314.544677734375,2104300
2020-08-07,343.1400146484375,344.7300109863281,339.6300048828125,340.9100036621094,312.3457946777344,1759000
2020-08-10,340.7099914550781,341.07000732421875,338.5799865722656,340.0,311.51202392578125,1503800
2020-08-11,340.8500061035156,340.8500061035156,331.79998779296875,332.42999267578125,304.5762939453125,2065600
2020-08-12,333.75,338.8999938964844,333.1700134277344,336.760009765625,308.5434265136719,1853900
2020-08-13,336.989990234375,339.4599914550781,335.1300048828125,335.70001220703125,307.57232666015625,1536500
2020-08-14,336.5299987792969,338.760009765625,335.6000061035156,336.2799987792969,308.10369873046875,1522900
2020-08-17,337.6499938964844,340.3699951171875,337.3599853515625,339.9599914550781,311.4753723144531,1504700
2020-08-18,341.0,342.79998779296875,336.80999755859375,340.75,312.1991271972656,1489400
2020-08-19,341.1199951171875,341.94000244140625,339.95001220703125,340.8999938964844,312.33660888671875,1730100
2020-08-20,340.1400146484375,341.6600036621094,338.739990234375,340.8699951171875,312.30908203125,1717500
2020-08-21,340.07000732421875,345.8399963378906,339.3299865722656,344.6099853515625,315.7356262207031,2372600
2020-08-24,345.1099853515625,346.1099853515625,342.1099853515625,344.1300048828125,315.2960205078125,1461500
2020-08-25,344.1400146484375,344.9100036621094,341.4599914550781,344.7099914550781,315.82733154296875,1176200
2020-08-26,343.010009765625,344.8299865722656,341.69000244140625,344.2699890136719,315.4242248535156,1757000
2020-08-27,345.6099853515625,347.739990234375,342.54998779296875,346.3599853515625,317.3391418457031,2220700
2020-08-28,347.4700012207031,349.05999755859375,345.5,348.3699951171875,319.1806640625,1487300
2020-08-31,346.8500061035156,348.75,344.2900085449219,347.6600036621094,318.5301818847656,1586900
2020-09-01,345.7099914550781,351.489990234375,345.4100036621094,351.3800048828125,321.9385070800781,1773700
2020-09-02,353.6099853515625,359.9200134277344,351.30999755859375,358.8599853515625,328.79180908203125,2434900
2020-09-03,363.07000732421875,363.6700134277344,345.5199890136719,348.29998779296875,319.11651611328125,3630400
2020-09-04,353.9800109863281,353.9800109863281,340.3999938964844,346.57000732421875,317.531494140625,2557000
2020-09-08,343.8399963378906,344.9200134277344,338.17999267578125,338.8599853515625,310.46746826171875,2144300
2020-09-09,340.8999938964844,349.70001220703125,340.3900146484375,346.42999267578125,317.4031677246094,2100900
2020-09-10,346.2699890136719,348.0,338.760009765625,339.5299987792969,311.0814514160156,1959600
2020-09-11,340.2799987792969,343.260009765625,336.1000061035156,339.1300048828125,310.7148742675781,1599600
2020-09-14,340.989990234375,344.8399963378906,340.4700012207031,342.9200134277344,314.187255859375,1522300
2020-09-15,345.0199890136719,347.760009765625,342.75,343.9100036621094,315.09442138671875,1362500
2020-09-16,347.2699890136719,348.760009765625,343.25,343.7300109863281,314.9294738769531,1656500
2020-09-17,339.5799865722656,342.8900146484375,336.3699951171875,338.8800048828125,310.4858093261719,2681500
2020-09-18,340.20001220703125,341.2200012207031,331.20001220703125,335.9599914550781,307.8104553222656,3409300
2020-09-21,333.9700012207031,339.6199951171875,333.7099914550781,339.57000732421875,311.1180725097656,2427400
2020-09-22,340.70001220703125,344.8999938964844,339.5899963378906,344.45001220703125,315.589111328125,2128100
2020-09-23,348.0,348.25,344.05999755859375,344.6300048828125,315.7540588378906,3577100
2020-09-24,345.0,347.3299865722656,338.30999755859375,347.0,317.925537109375,5779300
2020-09-25,340.739990234375,343.7699890136719,335.3599853515625,342.5799865722656,313.87579345703125,7338500
2020-09-28,343.760009765625,349.7699890136719,343.1000061035156,349.6199951171875,320.3258972167969,3459200
2020-09-29,348.95001220703125,354.2900085449219,347.1000061035156,352.1400146484375,322.6348571777344,2526000
2020-09-30,352.55999755859375,357.70001220703125,351.1700134277344,355.0,325.25518798828125,2525800
2020-10-01,356.260009765625,359.69000244140625,354.82000732421875,358.4599914550781,328.42523193359375,2053000
2020-10-02,354.7300109863281,357.8399963378906,352.8500061035156,355.010009765625,325.26434326171875,2125000
2020-10-05,355.3299865722656,358.9800109863281,355.3299865722656,358.5799865722656,328.5351867675781,2093500
2020-10-06,361.8999938964844,363.0,357.0400085449219,358.3500061035156,328.324462890625,2760400
2020-10-07,360.4700012207031,364.739990234375,359.6600036621094,363.0199890136719,332.6031188964844,1959100
2020-10-08,364.79998779296875,365.9700012207031,361.75,365.0899963378906,334.4997863769531,1793100
2020-10-09,366.0,369.75,365.70001220703125,369.4599914550781,338.503662109375,1730700
2020-10-12,371.0,380.6600036621094,370.7699890136719,376.4800109863281,344.9353942871094,2806900
2020-10-13,378.4200134277344,382.2900085449219,376.4800109863281,380.67999267578125,348.7834777832031,1823300
2020-10-14,382.8900146484375,383.8699951171875,376.70001220703125,378.3399963378906,346.6395263671875,1904400
2020-10-15,376.4599914550781,378.3599853515625,373.05999755859375,376.5799865722656,345.0271301269531,1697800
2020-10-16,380.5,384.8699951171875,379.1199951171875,381.5400085449219,349.5713806152344,2459400
2020-10-19,382.0299987792969,383.0899963378906,374.7099914550781,375.55999755859375,344.09246826171875,1938100
2020-10-20,377.69000244140625,382.0799865722656,376.1199951171875,378.30999755859375,346.612060546875,1282300
2020-10-21,378.55999755859375,381.2799987792969,377.0199890136719,377.82000732421875,346.1631164550781,1466500
2020-10-22,377.3500061035156,378.3800048828125,372.0299987792969,375.75,344.2665710449219,1813200
2020-10-23,375.6099853515625,376.5199890136719,373.55999755859375,374.6000061035156,343.2129821777344,1108000
2020-10-26,366.67999267578125,372.6300048828125,366.1199951171875,370.7099914550781,339.64886474609375,2145000
2020-10-27,368.7699890136719,374.9100036621094,368.7699890136719,372.7200012207031,341.49041748046875,1525400
2020-10-28,367.3299865722656,372.4100036621094,364.6700134277344,364.9599914550781,334.3806457519531,1908300
2020-10-29,363.2300109863281,369.0899963378906,362.510009765625,364.8599853515625,334.931396484375,1838500
2020-10-30,361.1300048828125,363.8500061035156,355.7900085449219,357.6199951171875,328.28533935546875,2724100
2020-11-02,362.2200012207031,365.6600036621094,360.7099914550781,364.3900146484375,334.4999694824219,1646300
2020-11-03,368.94000244140625,374.79998779296875,367.8900146484375,371.9599914550781,341.448974609375,2013100
2020-11-04,374.0199890136719,381.6400146484375,374.0,376.1700134277344,345.3136901855469,2449800
2020-11-05,382.4800109863281,386.5799865722656,379.5,385.2300109863281,353.6305847167969,2255800
2020-11-06,381.8800048828125,386.79998779296875,380.8900146484375,385.6600036621094,354.0252380371094,1950200
2020-11-09,388.25,389.5,364.760009765625,365.0,335.05999755859375,4371300
2020-11-10,363.8800048828125,371.5400085449219,360.5899963378906,366.6199951171875,336.5469970703125,2662600
2020-11-11,369.67999267578125,374.70001220703125,368.1600036621094,372.9200134277344,342.330322265625,1688800
2020-11-12,376.95001220703125,378.239990234375,373.5,375.7099914550781,344.8914794921875,1535900
2020-11-13,376.5199890136719,379.8299865722656,374.989990234375,378.8399963378906,347.7646789550781,1274600
2020-11-16,376.9100036621094,381.2799987792969,376.9100036621094,379.7900085449219,348.6368103027344,1691500
2020-11-17,387.32000732421875,388.4800109863281,381.7900085449219,381.9200134277344,350.5920104980469,3299100
2020-11-18,382.8900146484375,388.04998779296875,381.7300109863281,382.2300109863281,350.8766784667969,2134600
2020-11-19,383.6099853515625,384.7099914550781,380.30999755859375,383.5400085449219,352.0791931152344,1768900
2020-11-20,383.95001220703125,385.5,381.010009765625,381.1199951171875,349.8576354980469,1807600
2020-11-23,383.0,383.05999755859375,380.3399963378906,381.7099914550781,350.3992004394531,1679600
2020-11-24,383.69000244140625,386.04998779296875,380.7099914550781,384.2200012207031,352.7033996582031,2061100
2020-11-25,385.7900085449219,388.3399963378906,385.55999755859375,387.75,355.9438171386719,2034200
2020-11-27,390.4599914550781,390.6700134277344,387.75,388.3900146484375,356.5313720703125,1329400
2020-11-30,391.75,393.1499938964844,385.2300109863281,391.7699890136719,359.634033203125,3733800
2020-12-01,384.5,388.07000732421875,381.17999267578125,387.55999755859375,365.08831787109375,2996800
2020-12-02,385.4700012207031,386.8800048828125,381.57000732421875,383.5,361.2637023925781,2212800
2020-12-03,378.0,378.7300109863281,373.2799987792969,374.04998779296875,352.36163330078125,3976400
2020-12-04,375.2099914550781,375.30999755859375,371.8900146484375,373.42999267578125,351.7776794433594,2839700
2020-12-07,374.2699890136719,376.5,372.6499938964844,373.3299865722656,351.68341064453125,2652900
2020-12-08,373.95001220703125,379.5199890136719,370.75,377.6000061035156,355.7058410644531,2685500
2020-12-09,379.8800048828125,381.0,372.79998779296875,374.2900085449219,352.5877685546875,2461600
2020-12-10,374.2900085449219,375.0,371.55999755859375,372.7900085449219,351.1747131347656,2566300
2020-12-11,379.7699890136719,379.7699890136719,372.5400085449219,375.1000061035156,353.35089111328125,3483900
2020-12-14,376.55999755859375,378.17999267578125,373.2099914550781,374.3800048828125,352.6725769042969,2778400
2020-12-15,374.5,375.69000244140625,369.29998779296875,371.8800048828125,350.31756591796875,2133900
2020-12-16,371.1600036621094,372.8399963378906,368.8500061035156,369.44000244140625,348.01904296875,2385100
2020-12-17,370.260009765625,370.9700012207031,368.0,370.2900085449219,348.8196716308594,2314200
2020-12-18,371.1000061035156,371.3599853515625,365.92999267578125,367.0,345.7203674316406,4140000
2020-12-21,365.0899963378906,366.1199951171875,361.80999755859375,364.9700012207031,343.8081359863281,2329700
2020-12-22,364.1000061035156,364.760009765625,360.6099853515625,362.0299987792969,341.03863525390625,2105500
2020-12-23,362.45001220703125,363.1000061035156,359.5,361.8900146484375,340.90673828125,1782100
2020-12-24,361.4100036621094,365.3399963378906,361.4100036621094,364.5799865722656,343.44073486328125,972500
2020-12-28,365.5,371.69000244140625,365.0799865722656,371.05999755859375,349.5450744628906,3207700
2020-12-29,372.25,373.260009765625,370.260009765625,372.7200012207031,351.1087646484375,2072600
2020-12-30,374.20001220703125,375.8599853515625,373.2799987792969,374.45001220703125,352.73846435546875,1778000
2020-12-31,374.989990234375,377.0400085449219,372.4599914550781,376.7799987792969,354.9333801269531,1628900
2021-01-04,377.42999267578125,381.54998779296875,374.80999755859375,380.1499938964844,358.10797119140625,3322200
2021-01-05,378.8599853515625,380.2099914550781,375.25,375.739990234375,353.95361328125,2748400
2021-01-06,373.82000732421875,375.79998779296875,369.6499938964844,370.0199890136719,348.5653381347656,2661400
2021-01-07,371.010009765625,371.6499938964844,366.7900085449219,367.9200134277344,346.587158203125,2849500
2021-01-08,368.1199951171875,370.260009765625,364.2900085449219,369.94000244140625,348.49005126953125,2599700
2021-01-11,368.5799865722656,371.0,363.8599853515625,364.010009765625,342.9039001464844,2562500
2021-01-12,364.0,365.07000732421875,360.25,364.20001220703125,343.08282470703125,2387600
2021-01-13,364.3699951171875,368.739990234375,363.0,366.95001220703125,345.6733703613281,1968800
2021-01-14,366.0,366.5,361.55999755859375,362.3500061035156,341.34002685546875,2363900
2021-01-15,361.05999755859375,364.9100036621094,360.79998779296875,362.1600036621094,341.1610412597656,2340400
2021-01-19,362.3599853515625,362.95001220703125,352.44000244140625,354.4700012207031,333.9169616699219,4533800
2021-01-20,354.3900146484375,361.8999938964844,353.4100036621094,361.29998779296875,340.35089111328125,2767200
2021-01-21,361.29998779296875,363.989990234375,359.94000244140625,362.79998779296875,341.7640075683594,2121600
2021-01-22,363.20001220703125,364.6300048828125,359.8500061035156,362.29998779296875,341.29302978515625,1960300
2021-01-25,360.8599853515625,361.9599914550781,356.82000732421875,361.8800048828125,340.8973693847656,2735900
2021-01-26,360.20001220703125,365.8999938964844,358.8800048828125,364.9800109863281,343.817626953125,1807000
2021-01-27,362.989990234375,365.79998779296875,354.8500061035156,356.3900146484375,335.7257080078125,3120800
2021-01-28,356.8500061035156,361.6099853515625,356.07000732421875,357.05999755859375,336.356689453125,2251100
2021-01-29,354.75,356.2900085449219,351.8800048828125,352.42999267578125,331.9953308105469,2598700
2021-02-01,351.2099914550781,352.7900085449219,349.2099914550781,350.5199890136719,330.1960754394531,2371200
2021-02-02,351.760009765625,357.70001220703125,350.7200012207031,355.5799865722656,334.96258544921875,1905000
2021-02-03,356.2300109863281,357.5299987792969,353.2099914550781,355.2099914550781,334.6140441894531,1759800
2021-02-04,356.7099914550781,358.3800048828125,353.8500061035156,355.8500061035156,335.8788757324219,3411600
2021-02-05,356.54998779296875,356.8500061035156,354.1000061035156,355.1700134277344,335.23699951171875,2165600
2021-02-08,356.57000732421875,360.0400085449219,355.57000732421875,359.8299865722656,339.6354064941406,2520700
2021-02-09,360.0400085449219,361.6700134277344,358.29998779296875,359.55999755859375,339.38067626953125,2154000
2021-02-10,361.0,361.0,355.1199951171875,356.1199951171875,336.1337585449219,2162400
2021-02-11,355.7300109863281,356.5,351.3900146484375,352.20001220703125,332.4337463378906,2088400
2021-02-12,351.989990234375,352.9800109863281,350.1000061035156,352.75,332.9527893066406,2096600
2021-02-16,353.0799865722656,355.3599853515625,352.0400085449219,354.0,334.1327819824219,1829000
2021-02-17,353.1099853515625,358.1700134277344,351.9100036621094,358.0400085449219,337.9459533691406,2143000
2021-02-18,352.2799987792969,358.20001220703125,352.2799987792969,356.9200134277344,336.8888244628906,1914900
2021-02-19,356.69000244140625,357.92999267578125,354.5799865722656,354.7699890136719,334.8594055175781,1839400
2021-02-22,352.75,353.2900085449219,348.82000732421875,350.2099914550781,330.55535888671875,2215600
2021-02-23,349.79998779296875,351.0,342.0299987792969,342.1499938964844,322.94769287109375,3692600
2021-02-24,341.7900085449219,342.5,337.8900146484375,340.70001220703125,321.5791931152344,3305800
2021-02-25,340.8500061035156,343.0,333.3500061035156,333.8999938964844,315.16070556640625,3618100
2021-02-26,335.510009765625,335.8900146484375,330.94000244140625,331.0,312.4234619140625,3362200
2021-03-01,335.2099914550781,336.0,331.3599853515625,331.7699890136719,313.1502685546875,4653200
2021-03-02,333.69000244140625,334.69000244140625,328.4200134277344,328.4599914550781,310.0260009765625,4660100
2021-03-03,328.1700134277344,328.4200134277344,323.760009765625,323.9200134277344,305.7408447265625,4064200
2021-03-04,323.3699951171875,325.6000061035156,315.0400085449219,319.0400085449219,301.13470458984375,5501200
2021-03-05,315.3299865722656,318.42999267578125,307.0,317.32000732421875,299.51123046875,8102800
2021-03-08,318.9100036621094,322.3299865722656,310.9200134277344,311.4200134277344,293.9423828125,4873500
2021-03-09,313.760009765625,320.2799987792969,312.7099914550781,318.7799987792969,300.8893737792969,5426800
2021-03-10,321.1400146484375,327.3900146484375,317.32000732421875,323.8299865722656,305.6558837890625,4523500
2021-03-11,330.4100036621094,331.25,326.7200012207031,328.6499938964844,310.2053527832031,4338900
2021-03-12,328.1000061035156,331.6300048828125,325.6000061035156,331.1400146484375,312.5556335449219,3182100
2021-03-15,333.6000061035156,333.67999267578125,327.32000732421875,330.510009765625,311.9610595703125,3243000
2021-03-16,329.6700134277344,330.0299987792969,326.6400146484375,327.25,308.88397216796875,3066700
2021-03-17,326.0,330.5,324.1199951171875,329.19000244140625,310.7150573730469,2672400
2021-03-18,326.4800109863281,328.1400146484375,322.3800048828125,322.9800109863281,304.8536071777344,2736900
2021-03-19,323.6099853515625,329.25,322.3900146484375,328.9100036621094,310.45086669921875,4859300
2021-03-22,328.45001220703125,336.1700134277344,328.19000244140625,334.489990234375,315.7176208496094,4064900
2021-03-23,333.8900146484375,342.510009765625,333.79998779296875,340.3399963378906,321.23931884765625,3641200
2021-03-24,342.2200012207031,342.510009765625,336.8299865722656,338.0400085449219,319.0684814453125,3006400
2021-03-25,337.80999755859375,347.7799987792969,337.2699890136719,346.3399963378906,326.9026184082031,4307100
2021-03-26,346.2099914550781,352.4599914550781,344.1000061035156,352.0199890136719,332.2637634277344,3061200
2021-03-29,351.45001220703125,357.7699890136719,351.010009765625,356.1499938964844,336.16204833984375,3012000
2021-03-30,353.5799865722656,354.7699890136719,348.8399963378906,349.75,330.1212463378906,2602400
2021-03-31,350.6600036621094,357.45001220703125,349.2300109863281,352.4800109863281,332.6979675292969,2832200
2021-04-01,352.5400085449219,357.32000732421875,351.6300048828125,354.94000244140625,335.01995849609375,2938600
2021-04-05,357.5,362.6700134277344,356.8399963378906,360.82000732421875,340.5699462890625,2705700
2021-04-06,359.79998779296875,362.79998779296875,359.0,360.1199951171875,339.90924072265625,2142000
2021-04-07,360.8699951171875,361.4599914550781,357.6099853515625,358.80999755859375,338.6727600097656,1808400
2021-04-08,362.79998779296875,366.0199890136719,359.6000061035156,361.2200012207031,340.9475402832031,2839200
2021-04-09,360.9100036621094,363.7099914550781,359.6000061035156,363.2099914550781,342.8258056640625,1610800
2021-04-12,362.8399963378906,365.25,361.3399963378906,364.80999755859375,344.33599853515625,1836600
2021-04-13,365.3399963378906,367.29998779296875,364.2699890136719,365.2099914550781,344.7135009765625,1796400
2021-04-14,364.8500061035156,364.8500061035156,362.54998779296875,363.1700134277344,342.7879943847656,1509400
2021-04-15,364.8800048828125,369.54998779296875,364.2699890136719,368.79998779296875,348.10205078125,1850100
2021-04-16,369.70001220703125,372.79998779296875,368.5799865722656,370.7200012207031,349.9143981933594,2249200
2021-04-19,371.0,371.5299987792969,368.20001220703125,369.54998779296875,348.8099670410156,1560000
2021-04-20,369.0,375.3599853515625,368.7300109863281,371.7300109863281,350.8676452636719,2330700
2021-04-21,371.6099853515625,374.5799865722656,371.4700012207031,374.0899963378906,353.09521484375,1531800
2021-04-22,374.3399963378906,375.44000244140625,370.0299987792969,371.260009765625,350.4240417480469,2138000
2021-04-23,371.260009765625,374.8500061035156,370.4100036621094,373.2799987792969,352.3306884765625,1404500
2021-04-26,373.8999938964844,373.8999938964844,368.2099914550781,368.5199890136719,347.8377990722656,2059700
2021-04-27,368.1700134277344,370.9599914550781,365.2900085449219,370.2099914550781,349.4329833984375,1875900
2021-04-28,369.54998779296875,370.5,368.17999267578125,369.5899963378906,348.84771728515625,1305600
2021-04-29,368.5400085449219,374.7099914550781,368.5299987792969,373.5400085449219,353.3312072753906,1848300
2021-04-30,372.9100036621094,374.1600036621094,371.3299865722656,372.0899963378906,351.959716796875,2118900
2021-05-03,373.8399963378906,379.6199951171875,372.8900146484375,379.32000732421875,358.798583984375,2685800
2021-05-04,379.0299987792969,379.2300109863281,373.75,375.2900085449219,354.9866638183594,2133800
2021-05-05,376.3500061035156,377.5199890136719,372.04998779296875,372.5,352.3475646972656,1905300
2021-05-06,373.19000244140625,382.94000244140625,373.19000244140625,382.760009765625,362.0524597167969,2641400
2021-05-07,382.8299865722656,386.45001220703125,382.20001220703125,384.32000732421875,363.528076171875,1817100
2021-05-10,385.489990234375,387.8900146484375,381.2799987792969,381.4800109863281,360.84173583984375,1998700
2021-05-11,379.30999755859375,380.9200134277344,376.0,378.17999267578125,357.7202453613281,1859700
2021-05-12,376.0,376.94000244140625,371.1099853515625,372.20001220703125,352.06378173828125,2344600
2021-05-13,373.0899963378906,381.44000244140625,371.57000732421875,379.5299987792969,358.9972229003906,2023100
2021-05-14,382.1400146484375,385.82000732421875,380.1000061035156,384.4200134277344,363.6227111816406,1876100
2021-05-17,385.0400085449219,387.04998779296875,382.8999938964844,383.9599914550781,363.18756103515625,1830800
2021-05-18,386.45001220703125,389.45001220703125,382.510009765625,382.80999755859375,362.0997619628906,1698200
2021-05-19,377.1499938964844,381.7300109863281,376.1300048828125,379.6600036621094,359.1201477050781,1725000
2021-05-20,379.17999267578125,384.5199890136719,378.2799987792969,383.5799865722656,362.828125,1427300
2021-05-21,385.04998779296875,385.3500061035156,380.42999267578125,380.7200012207031,360.122802734375,1706600
2021-05-24,384.3399963378906,385.760009765625,381.8900146484375,383.45001220703125,362.7051696777344,1657000
2021-05-25,383.6199951171875,385.739990234375,382.0299987792969,385.3800048828125,364.53076171875,1379700
2021-05-26,385.8599853515625,387.75,385.0199890136719,385.6199951171875,364.75775146484375,1648000
2021-05-27,385.1300048828125,387.7699890136719,383.5,387.5,366.5360412597656,4452000
2021-05-28,384.1499938964844,385.30999755859375,377.0299987792969,378.2699890136719,357.805419921875,4681200
2021-06-01,379.92999267578125,380.20001220703125,375.5,378.2300109863281,357.7676086425781,2117800
2021-06-02,378.3800048828125,381.9200134277344,377.7099914550781,380.5899963378906,359.9999084472656,1881000
2021-06-03,379.6400146484375,384.19000244140625,378.8599853515625,383.8699951171875,363.1024169921875,1780300
2021-06-04,384.19000244140625,387.760009765625,383.7099914550781,387.5199890136719,366.55499267578125,1765900
2021-06-07,385.4700012207031,386.45001220703125,378.57000732421875,380.3999938964844,359.8201599121094,2515800
2021-06-08,380.4100036621094,381.2099914550781,377.69000244140625,379.70001220703125,359.15802001953125,1553800
2021-06-09,380.2099914550781,381.7799987792969,379.1300048828125,379.9599914550781,359.40386962890625,1398900
2021-06-10,380.2699890136719,383.3599853515625,379.489990234375,383.010009765625,362.28900146484375,1404000
2021-06-11,383.8599853515625,383.8599853515625,380.5299987792969,381.8299865722656,361.17279052734375,1404200
2021-06-14,380.7900085449219,383.9800109863281,379.0799865722656,383.760009765625,362.9984436035156,1652600
2021-06-15,383.760009765625,384.5,381.55999755859375,383.9100036621094,363.1402587890625,1252000
2021-06-16,384.3999938964844,386.44000244140625,377.1199951171875,379.4100036621094,358.8836364746094,1801700
2021-06-17,380.3800048828125,386.4700012207031,379.2099914550781,384.75,363.93487548828125,1686500
2021-06-18,384.75,384.9100036621094,380.29998779296875,380.8800048828125,360.27423095703125,3415700
2021-06-21,382.25,387.6499938964844,380.55999755859375,386.79998779296875,365.8739013671875,1631600
2021-06-22,387.0199890136719,392.5,386.55999755859375,392.17999267578125,370.9628601074219,1934800
2021-06-23,393.0,393.44000244140625,390.5899963378906,391.9700012207031,370.7641906738281,1538000
2021-06-24,393.4200134277344,395.5,391.79998779296875,392.07000732421875,370.85882568359375,1487300
2021-06-25,392.9700012207031,394.54998779296875,391.25,394.510009765625,373.16680908203125,2056100
2021-06-28,395.0,397.4200134277344,393.1300048828125,396.5400085449219,375.0870666503906,1645500
2021-06-29,396.29998779296875,399.44000244140625,395.4700012207031,398.7900085449219,377.21527099609375,1523600
2021-06-30,397.9700012207031,400.4700012207031,395.0,395.6700134277344,374.2640380859375,2031700
2021-07-01,396.29998779296875,397.69000244140625,393.8800048828125,394.5299987792969,373.1857604980469,1523400
2021-07-02,396.2099914550781,400.7699890136719,396.1099853515625,398.94000244140625,377.357177734375,1676600
2021-07-06,399.8399963378906,401.3999938964844,397.1099853515625,398.8599853515625,377.281494140625,2113100
2021-07-07,399.20001220703125,406.1199951171875,399.20001220703125,404.67999267578125,382.78662109375,2308600
2021-07-08,403.5,408.6400146484375,403.1600036621094,407.1499938964844,385.1229553222656,2235500
2021-07-09,408.54998779296875,414.0,407.5899963378906,412.3699951171875,390.0605163574219,2304200
2021-07-12,414.0400085449219,414.3500061035156,404.5299987792969,407.8800048828125,385.8134460449219,2491300
2021-07-13,404.70001220703125,409.2900085449219,404.70001220703125,407.05999755859375,385.03778076171875,1540300
2021-07-14,408.5799865722656,410.4700012207031,407.260009765625,409.95001220703125,387.771484375,1265800
2021-07-15,410.4599914550781,412.20001220703125,407.8800048828125,411.82000732421875,389.5403137207031,1894100
2021-07-16,412.1199951171875,413.4200134277344,409.7699890136719,410.3699951171875,388.16876220703125,1413900
2021-07-19,410.05999755859375,415.32000732421875,410.04998779296875,414.1499938964844,391.7442626953125,2293100
2021-07-20,414.0,418.07000732421875,412.8500061035156,416.239990234375,393.72119140625,2045400
2021-07-21,417.1099853515625,417.1099853515625,412.2200012207031,415.010009765625,392.5577392578125,1480000
2021-07-22,416.0,418.6000061035156,413.54998779296875,417.5400085449219,394.95086669921875,1339200
2021-07-23,418.2900085449219,423.989990234375,417.04998779296875,423.42999267578125,400.5222473144531,1344500
2021-07-26,423.3999938964844,424.5,420.3500061035156,423.2300109863281,400.3331604003906,1220000
2021-07-27,424.0,424.55999755859375,421.6000061035156,424.3399963378906,401.3829650878906,1666500
2021-07-28,423.2699890136719,424.8599853515625,420.5400085449219,422.2200012207031,399.377685546875,1362700
2021-07-29,421.67999267578125,425.8500061035156,420.3599853515625,425.2799987792969,403.02618408203125,1434200
2021-07-30,425.9800109863281,431.5,425.94000244140625,429.7200012207031,407.2339782714844,2283900
2021-08-02,430.6199951171875,430.7099914550781,425.4800109863281,428.9200134277344,406.47576904296875,1366900
2021-08-03,429.9200134277344,436.79998779296875,429.1199951171875,435.07000732421875,412.30401611328125,1448100
2021-08-04,436.0,437.989990234375,432.8900146484375,435.0400085449219,412.2755126953125,1280500
2021-08-05,437.75,443.5,436.7300109863281,443.19000244140625,419.99908447265625,1742600
2021-08-06,442.7300109863281,443.4599914550781,438.8999938964844,439.6300048828125,416.625244140625,1789800
2021-08-09,440.6499938964844,442.7799987792969,439.30999755859375,440.4700012207031,417.4213562011719,1472500
2021-08-10,440.6600036621094,443.79998779296875,440.6600036621094,443.0299987792969,419.847412109375,1893700
2021-08-11,445.5,448.0,441.79998779296875,444.29998779296875,421.05096435546875,2267500
2021-08-12,443.0,446.6300048828125,442.25,445.3599853515625,422.0555114746094,1230700
2021-08-13,445.7799987792969,448.3599853515625,444.5400085449219,447.82000732421875,424.3868408203125,1309300
2021-08-16,447.9100036621094,453.19000244140625,447.04998779296875,452.8599853515625,429.1629638671875,1515600
2021-08-17,452.8599853515625,453.7799987792969,449.70001220703125,452.3399963378906,428.6702575683594,1936700
2021-08-18,450.9599914550781,455.239990234375,445.8999938964844,446.2099914550781,422.8609619140625,2030100
2021-08-19,442.95001220703125,455.5,441.30999755859375,454.260009765625,430.4897155761719,1953700
2021-08-20,455.489990234375,460.6199951171875,453.6600036621094,458.989990234375,434.97222900390625,1911200
2021-08-23,457.2699890136719,459.05999755859375,454.5899963378906,454.92999267578125,431.12469482421875,1835900
2021-08-24,455.25,455.3900146484375,450.29998779296875,451.7900085449219,428.14910888671875,1541700
2021-08-25,450.8299865722656,452.82000732421875,447.32000732421875,451.2300109863281,427.6182861328125,1520600
2021-08-26,451.2300109863281,452.4800109863281,446.70001220703125,449.30999755859375,425.798828125,1418600
2021-08-27,449.30999755859375,451.6199951171875,446.79998779296875,450.3399963378906,426.7749328613281,1310200
2021-08-30,451.0400085449219,456.5899963378906,450.44000244140625,455.92999267578125,432.0723571777344,1219800
2021-08-31,456.1400146484375,456.8800048828125,452.44000244140625,455.489990234375,431.6553955078125,1699000
2021-09-01,455.4800109863281,456.67999267578125,451.8500061035156,456.5199890136719,432.63153076171875,1325400
2021-09-02,459.4200134277344,461.44000244140625,458.3900146484375,460.9700012207031,436.8486328125,1455000
2021-09-03,459.0,463.6000061035156,459.0,462.54998779296875,438.345947265625,1302400
2021-09-07,462.5,463.20001220703125,457.6300048828125,459.6000061035156,435.5503234863281,1463400
2021-09-08,459.1099853515625,465.8299865722656,458.0799865722656,465.70001220703125,441.33111572265625,1372000
2021-09-09,467.3399963378906,469.7699890136719,465.239990234375,465.94000244140625,441.55853271484375,1398700
2021-09-10,467.1700134277344,468.3999938964844,463.20001220703125,465.1600036621094,440.8194580078125,1324800
2021-09-13,467.05999755859375,468.239990234375,458.20001220703125,459.6600036621094,435.6072082519531,1679500
2021-09-14,460.95001220703125,462.20001220703125,457.4200134277344,458.4100036621094,434.422607421875,1383900
2021-09-15,458.239990234375,462.25,456.1400146484375,460.7300109863281,436.6212158203125,1770300
2021-09-16,460.7900085449219,463.7699890136719,456.57000732421875,463.30999755859375,439.0662536621094,1577500
2021-09-17,461.6199951171875,462.82000732421875,457.0199890136719,459.510009765625,435.465087890625,3411400
2021-09-20,456.6300048828125,460.95001220703125,446.6199951171875,451.1400146484375,427.5330505371094,2602000
2021-09-21,451.1400146484375,456.8399963378906,450.1600036621094,452.1099853515625,428.4522705078125,1531300
2021-09-22,454.70001220703125,455.3500061035156,449.8399963378906,452.3299865722656,428.6607666015625,1380800
2021-09-23,452.29998779296875,455.54998779296875,451.1000061035156,452.7799987792969,429.0872497558594,2061200
2021-09-24,455.9800109863281,468.7200012207031,455.0,467.75,443.2738342285156,3353800
2021-09-27,465.54998779296875,470.489990234375,457.239990234375,460.55999755859375,436.46014404296875,2526000
2021-09-28,457.1400146484375,457.5,445.6700134277344,447.3500061035156,423.9412841796875,2632700
2021-09-29,449.8699951171875,456.0,448.8999938964844,451.7900085449219,428.14910888671875,1922000
2021-09-30,453.6199951171875,455.3599853515625,449.29998779296875,449.3500061035156,425.8367004394531,1836400
2021-10-01,449.7300109863281,451.0799865722656,440.760009765625,448.3299865722656,424.8700866699219,1860700
2021-10-04,448.3399963378906,449.3500061035156,436.1700134277344,440.1400146484375,417.1086120605469,2264000
2021-10-05,439.5799865722656,449.1099853515625,439.25,446.239990234375,422.889404296875,1808700
2021-10-06,443.92999267578125,449.7799987792969,442.3800048828125,449.3399963378906,425.82720947265625,1334600
2021-10-07,456.4700012207031,459.5899963378906,452.07000732421875,452.8699951171875,429.17254638671875,1966200
2021-10-08,455.44000244140625,455.75,450.0,451.8500061035156,428.2058410644531,1545800
2021-10-11,450.0400085449219,453.69000244140625,449.5400085449219,449.70001220703125,426.16839599609375,1011700
2021-10-12,450.1499938964844,452.8500061035156,445.75,446.8699951171875,423.48638916015625,1380900
2021-10-13,448.5400085449219,450.510009765625,444.07000732421875,445.29998779296875,421.99859619140625,1621500
2021-10-14,447.1099853515625,451.70001220703125,446.5,450.6600036621094,427.0780944824219,1480400
2021-10-15,453.8900146484375,453.94000244140625,449.17999267578125,452.3900146484375,428.71759033203125,1494800
2021-10-18,449.6099853515625,462.3500061035156,448.5,461.95001220703125,437.77734375,2141300
2021-10-19,463.0,467.1600036621094,460.30999755859375,467.0799865722656,442.638916015625,1365300
2021-10-20,468.5199890136719,472.5,467.8399963378906,469.7699890136719,445.18817138671875,1352900
2021-10-21,469.7699890136719,477.6499938964844,469.0799865722656,477.2300109863281,452.2578430175781,1423300
2021-10-22,478.989990234375,485.0299987792969,478.57000732421875,481.989990234375,456.7687072753906,1710300
2021-10-25,481.989990234375,492.2099914550781,479.5,490.1000061035156,464.454345703125,1903400
2021-10-26,482.1300048828125,488.25,481.2300109863281,485.5299987792969,460.12347412109375,2378600
2021-10-27,483.8500061035156,491.5,483.55999755859375,489.1099853515625,463.51617431640625,1741800
2021-10-28,486.9599914550781,491.8299865722656,486.4800109863281,490.5299987792969,465.6138610839844,1362400
2021-10-29,486.7799987792969,494.1700134277344,486.6600036621094,491.5400085449219,466.5726318359375,2471600
2021-11-01,494.1499938964844,494.8900146484375,487.20001220703125,491.8699951171875,466.8858642578125,1548700
2021-11-02,494.739990234375,499.489990234375,492.7200012207031,496.989990234375,471.7457580566406,2012200
2021-11-03,501.3399963378906,502.9599914550781,495.75,502.3299865722656,476.8144836425781,1856000
2021-11-04,507.010009765625,520.2100219726562,506.010009765625,515.6199951171875,489.4295654296875,2615000
2021-11-05,514.77001953125,517.9000244140625,508.6300048828125,513.1199951171875,487.05645751953125,2071700
2021-11-08,513.4099731445312,513.4099731445312,500.20001220703125,503.80999755859375,478.2193603515625,2834800
2021-11-09,505.1199951171875,509.1000061035156,504.05999755859375,508.7099914550781,482.87042236328125,1881800
2021-11-10,508.260009765625,510.3599853515625,503.7699890136719,505.510009765625,479.8329772949219,1226600
2021-11-11,506.20001220703125,512.5,504.0400085449219,512.1799926757812,486.1641540527344,1227300
2021-11-12,514.25,519.6599731445312,513.22998046875,517.1699829101562,490.90069580078125,1780200
2021-11-15,518.489990234375,523.0999755859375,518.010009765625,519.8900146484375,493.4826354980469,1392300
2021-11-16,519.8400268554688,528.2999877929688,517.4099731445312,526.719970703125,499.96563720703125,1690700
2021-11-17,527.5,530.739990234375,524.510009765625,526.2899780273438,499.557373046875,1609400
2021-11-18,528.1599731445312,530.7999877929688,522.489990234375,529.3699951171875,502.48095703125,1664200
2021-11-19,534.0800170898438,535.280029296875,528.010009765625,533.7899780273438,506.6764221191406,1909800
2021-11-22,533.3200073242188,545.4199829101562,532.3200073242188,539.6500244140625,512.2390747070312,2190500
2021-11-23,537.9600219726562,545.8200073242188,533.77001953125,545.260009765625,517.56396484375,2147000
2021-11-24,545.5399780273438,550.8300170898438,543.3200073242188,549.72998046875,521.8068237304688,2316400
2021-11-26,549.5499877929688,554.5499877929688,544.3099975585938,546.1300048828125,518.3896484375,1844800
2021-11-29,546.1300048828125,560.780029296875,542.4099731445312,554.8800048828125,526.6951904296875,2919100
2021-11-30,551.0,557.1699829101562,535.8900146484375,539.3800048828125,511.9825744628906,4244200
2021-12-01,543.0999755859375,548.25,529.4000244140625,529.8400268554688,502.92718505859375,2877100
2021-12-02,518.510009765625,530.9099731445312,514.0399780273438,525.510009765625,498.81719970703125,3277500
2021-12-03,529.989990234375,537.5,524.77001953125,528.9299926757812,502.0633239746094,2984400
2021-12-06,532.25,536.0499877929688,527.5700073242188,533.2000122070312,506.1165466308594,2432900
2021-12-07,538.25,543.0,534.7100219726562,542.02001953125,514.488525390625,2579800
2021-12-08,546.2100219726562,547.7899780273438,525.5499877929688,530.1099853515625,503.1835021972656,3037500
2021-12-09,528.7999877929688,532.3300170898438,523.7999877929688,524.3300170898438,497.6970520019531,3200500
2021-12-10,534.7100219726562,561.27001953125,534.6099853515625,558.8200073242188,530.4351196289062,6333600
2021-12-13,550.4400024414062,559.75,547.97998046875,557.219970703125,528.9163208007812,3415200
2021-12-14,556.4600219726562,557.1699829101562,537.5700073242188,545.3400268554688,517.6398315429688,3494400
2021-12-15,546.2100219726562,566.489990234375,545.530029296875,565.47998046875,536.7568969726562,2937100
2021-12-16,564.7899780273438,566.5499877929688,549.4500122070312,552.6300048828125,524.5596313476562,2683000
2021-12-17,549.3200073242188,556.469970703125,540.97998046875,547.6099853515625,519.7946166992188,5752000
2021-12-20,542.1300048828125,549.1400146484375,538.030029296875,548.5599975585938,520.6963500976562,2033600
2021-12-21,550.5,551.780029296875,536.0800170898438,545.4299926757812,517.7254638671875,2472800
2021-12-22,545.3800048828125,550.0,539.7999877929688,549.6699829101562,521.7501220703125,1454500
2021-12-23,551.739990234375,552.6099853515625,547.489990234375,550.3699951171875,522.4144287109375,1757800
2021-12-27,551.5399780273438,565.739990234375,551.4400024414062,563.469970703125,534.8489379882812,2262900
2021-12-28,563.4299926757812,566.6400146484375,560.7000122070312,564.6400146484375,535.95947265625,1155000
2021-12-29,566.4000244140625,571.489990234375,563.5,567.77001953125,538.9305419921875,1753000
2021-12-30,569.530029296875,569.8800048828125,562.3699951171875,563.9099731445312,535.2666015625,1338700
2021-12-31,563.4099731445312,568.25,559.030029296875,567.7000122070312,538.8641357421875,1509200
2022-01-03,565.030029296875,567.469970703125,555.510009765625,566.7100219726562,537.9244384765625,2714100
2022-01-04,564.22998046875,568.719970703125,561.7899780273438,564.22998046875,535.5704345703125,2097500
2022-01-05,563.6900024414062,565.0499877929688,549.77001953125,549.9199829101562,521.9871826171875,2887500
2022-01-06,546.2000122070312,553.52001953125,543.5499877929688,549.7999877929688,521.8734130859375,2503100
2022-01-07,547.5499877929688,548.3699951171875,534.239990234375,536.1799926757812,508.945068359375,2323900
2022-01-10,529.2899780273438,530.4099731445312,508.5,518.7999877929688,492.4479064941406,4916800
2022-01-11,518.7999877929688,522.469970703125,510.2900085449219,522.030029296875,495.51385498046875,2457300
2022-01-12,522.030029296875,530.030029296875,522.010009765625,525.7999877929688,499.09246826171875,1729500
2022-01-13,527.6400146484375,529.0499877929688,515.22998046875,516.8800048828125,490.62548828125,2428100
2022-01-14,511.57000732421875,512.97998046875,501.8599853515625,502.989990234375,477.4410400390625,3872500
2022-01-18,494.4599914550781,495.0799865722656,486.8599853515625,488.07000732421875,463.27886962890625,3801900
2022-01-19,489.8900146484375,496.239990234375,487.1000061035156,490.1600036621094,465.2627258300781,2709400
2022-01-20,490.75,499.8800048828125,481.8399963378906,482.82000732421875,458.2955017089844,2893700
2022-01-21,481.9200134277344,494.6099853515625,481.32000732421875,481.6099853515625,457.1469421386719,3295600
2022-01-24,475.54998779296875,489.9700012207031,469.010009765625,488.8999938964844,464.06671142578125,4412600
2022-01-25,479.8999938964844,482.6400146484375,472.3699951171875,477.32000732421875,453.07489013671875,3076800
2022-01-26,483.2300109863281,493.8699951171875,478.7699890136719,483.4700012207031,458.91253662109375,3074900
2022-01-27,486.9200134277344,495.7900085449219,480.30999755859375,482.5199890136719,458.0107727050781,2372300
2022-01-28,483.739990234375,492.7300109863281,475.8999938964844,492.42999267578125,467.4174499511719,1918500
2022-01-31,492.0,506.4200134277344,490.6300048828125,505.1300048828125,479.4722900390625,2480700
2022-02-01,505.0,509.67999267578125,496.94000244140625,508.4100036621094,482.5857238769531,2347200
2022-02-02,511.1099853515625,523.989990234375,510.3399963378906,522.02001953125,495.50445556640625,2547600
2022-02-03,515.8800048828125,526.4400024414062,514.2100219726562,521.77001953125,496.01788330078125,2665100
2022-02-04,518.1099853515625,522.0,510.79998779296875,519.77001953125,494.1164855957031,2387400
2022-02-07,521.2999877929688,522.0,514.22998046875,515.8900146484375,490.4279479980469,1863600
2022-02-08,515.8900146484375,523.3900146484375,510.5,521.1500244140625,495.4283752441406,1462000
2022-02-09,528.0,534.239990234375,525.6799926757812,528.8300170898438,502.729248046875,2256700
2022-02-10,520.8699951171875,524.469970703125,514.75,518.47998046875,492.8901062011719,2558900
2022-02-11,518.4000244140625,521.3499755859375,507.3800048828125,509.6700134277344,484.5150451660156,2349700
2022-02-14,508.989990234375,511.5299987792969,501.44000244140625,506.55999755859375,481.5584411621094,1749600
2022-02-15,513.3400268554688,516.0,510.760009765625,513.9199829101562,488.5551452636719,1984600
2022-02-16,511.489990234375,514.5499877929688,501.7099914550781,512.4000244140625,487.1102294921875,1770800
2022-02-17,509.6400146484375,518.2100219726562,507.0299987792969,515.010009765625,489.5914001464844,2022800
2022-02-18,514.8900146484375,517.9000244140625,510.3299865722656,512.6699829101562,487.3668518066406,2154700
2022-02-22,510.0,514.5800170898438,498.1600036621094,502.17999267578125,477.39459228515625,2451800
2022-02-23,502.94000244140625,507.9700012207031,494.7799987792969,495.260009765625,470.8161926269531,2021400
2022-02-24,483.2699890136719,506.54998779296875,482.9800109863281,505.5799865722656,480.626708984375,2859800
2022-02-25,508.5799865722656,518.25,505.25,517.489990234375,491.94903564453125,2003000
2022-02-28,514.2999877929688,519.6300048828125,511.29998779296875,519.25,493.6221008300781,2408900
2022-03-01,519.4600219726562,529.3599853515625,519.1900024414062,522.9299926757812,497.1204528808594,2316000
2022-03-02,524.0,533.0900268554688,519.77001953125,528.0,501.94036865234375,2571500
2022-03-03,534.489990234375,538.9600219726562,529.5399780273438,533.0499877929688,506.7410583496094,3851800
2022-03-04,519.5,529.9199829101562,511.7799987792969,525.5,499.563720703125,4417900
2022-03-07,523.4500122070312,545.2899780273438,523.4199829101562,528.52001953125,502.4346008300781,3896900
2022-03-08,526.219970703125,539.72998046875,522.4099731445312,523.3599853515625,497.5293273925781,3649700
2022-03-09,527.6199951171875,530.8599853515625,515.7100219726562,527.6500244140625,501.60760498046875,2789700
2022-03-10,523.1099853515625,534.3699951171875,518.1400146484375,532.719970703125,506.4274597167969,1777700
2022-03-11,536.6199951171875,542.6500244140625,526.4299926757812,527.4199829101562,501.3887634277344,1735100
2022-03-14,527.77001953125,535.3099975585938,523.5399780273438,525.9500122070312,499.99139404296875,1950000
2022-03-15,530.0,543.8499755859375,527.9199829101562,542.3200073242188,515.5535888671875,2547900
2022-03-16,544.530029296875,551.6199951171875,531.260009765625,543.3900146484375,516.570556640625,3017200
2022-03-17,543.3499755859375,553.1699829101562,543.2000122070312,552.7899780273438,525.5067749023438,1974200
2022-03-18,552.9600219726562,562.5499877929688,549.510009765625,561.3499755859375,533.6442260742188,3597800
2022-03-21,560.1400146484375,566.75,550.8400268554688,555.530029296875,528.1114501953125,3136900
2022-03-22,556.9600219726562,560.3499755859375,552.3300170898438,559.4199829101562,531.8095092773438,1777500
2022-03-23,556.9500122070312,560.6900024414062,551.9099731445312,554.02001953125,526.676025390625,1546800
2022-03-24,555.510009765625,558.260009765625,549.219970703125,558.1099853515625,530.5640258789062,1614200
2022-03-25,559.8200073242188,560.4299926757812,550.22998046875,555.7100219726562,528.2827758789062,1974900
2022-03-28,556.739990234375,565.260009765625,553.5,565.2100219726562,537.3137817382812,2056100
2022-03-29,568.0,571.219970703125,564.530029296875,569.97998046875,541.8483276367188,2005400
2022-03-30,570.9500122070312,578.25,568.5900268554688,576.469970703125,548.0178833007812,2086500
2022-03-31,578.7000122070312,586.3200073242188,575.510009765625,575.8499755859375,547.4286499023438,3439800
2022-04-01,577.3800048828125,582.989990234375,572.3099975585938,575.5700073242188,547.162353515625,1933500
2022-04-04,573.9400024414062,579.6900024414062,571.469970703125,575.1300048828125,546.744140625,2201800
2022-04-05,572.5900268554688,583.97998046875,572.0999755859375,575.3200073242188,546.9248657226562,1826800
2022-04-06,574.030029296875,586.7999877929688,570.3699951171875,584.7899780273438,555.9273071289062,2646200
2022-04-07,592.2899780273438,612.27001953125,588.780029296875,608.0499877929688,578.039306640625,4804200
2022-04-08,606.3800048828125,608.0,597.72998046875,600.0399780273438,570.4246826171875,3230200
2022-04-11,598.7899780273438,601.0,582.7999877929688,584.6699829101562,555.813232421875,2792700
2022-04-12,586.6900024414062,591.72998046875,578.760009765625,581.3599853515625,552.6665649414062,2142000
2022-04-13,582.469970703125,593.489990234375,582.469970703125,591.0900268554688,561.9163818359375,2211800
2022-04-14,591.780029296875,596.280029296875,587.0499877929688,590.3900146484375,561.2509765625,2206200
2022-04-18,585.3800048828125,592.1099853515625,579.5999755859375,582.1199951171875,553.38916015625,2161900
2022-04-19,583.3499755859375,594.8300170898438,582.0,594.2999877929688,564.9678955078125,2327800
2022-04-20,599.1500244140625,605.280029296875,597.2999877929688,603.530029296875,573.742431640625,1793300
2022-04-21,607.280029296875,609.1799926757812,591.1500244140625,591.739990234375,562.5343627929688,2027900
2022-04-22,590.3499755859375,591.9000244140625,571.0499877929688,571.7000122070312,543.4833984375,2878200
2022-04-25,570.3099975585938,570.3300170898438,553.530029296875,568.2100219726562,540.1658935546875,3154500
2022-04-26,565.25,568.3400268554688,553.3099975585938,553.760009765625,526.4287719726562,2057400
2022-04-27,556.1900024414062,563.6199951171875,552.8499755859375,554.0800170898438,526.733154296875,2261600
2022-04-28,555.469970703125,564.7999877929688,545.7999877929688,562.0,535.1314086914062,2118700
2022-04-29,560.9299926757812,561.5800170898438,529.7000122070312,531.719970703125,506.29901123046875,2968000
2022-05-02,532.22998046875,539.2000122070312,518.27001953125,528.9500122070312,503.6614685058594,3303400
2022-05-03,530.0,534.27001953125,523.7000122070312,528.0800170898438,502.8331604003906,2398000
2022-05-04,531.5999755859375,546.1400146484375,522.8099975585938,544.4299926757812,518.4014282226562,2465200
2022-05-05,541.5700073242188,542.3400268554688,512.1699829101562,517.3200073242188,492.5874328613281,3977000
2022-05-06,514.4000244140625,516.4400024414062,498.82000732421875,503.3599853515625,479.29486083984375,3560800
2022-05-09,496.1000061035156,507.04998779296875,494.3399963378906,498.8299865722656,474.9814147949219,3292700
2022-05-10,509.70001220703125,510.6300048828125,495.6300048828125,501.4599914550781,477.48565673828125,2729400
2022-05-11,503.9200134277344,508.0,487.80999755859375,489.0799865722656,465.6975402832031,2782900
2022-05-12,486.7900085449219,497.260009765625,479.760009765625,486.17999267578125,462.9361572265625,2829500
2022-05-13,493.1099853515625,498.7900085449219,489.6000061035156,497.2699890136719,473.4961242675781,2338600
2022-05-16,496.1400146484375,497.67999267578125,489.6199951171875,494.5299987792969,470.8870849609375,1579700
2022-05-17,489.1600036621094,493.55999755859375,480.2300109863281,490.4700012207031,467.0210876464844,2602800
2022-05-18,460.0,463.8599853515625,424.54998779296875,429.3999938964844,408.8708801269531,9511600
2022-05-19,430.3699951171875,430.5299987792969,418.7200012207031,422.92999267578125,402.7101135253906,5839600
2022-05-20,428.79998779296875,428.8500061035156,406.510009765625,416.42999267578125,396.5209655761719,5115000
2022-05-23,420.0,430.0,416.6700134277344,429.4800109863281,408.9469909667969,3687200
2022-05-24,424.79998779296875,438.7300109863281,424.3500061035156,437.7099914550781,416.7835693359375,3473400
2022-05-25,436.3299865722656,443.260009765625,430.8299865722656,440.1099853515625,419.06878662109375,3225100
2022-05-26,449.1000061035156,468.04998779296875,447.510009765625,464.989990234375,442.7593078613281,5917600
2022-05-27,456.79998779296875,474.8800048828125,455.1199951171875,470.760009765625,448.25347900390625,5719600
2022-05-31,470.760009765625,470.79998779296875,458.0299987792969,466.2200012207031,443.93048095703125,4424500
2022-06-01,469.3800048828125,470.5,456.70001220703125,456.989990234375,435.14178466796875,2319400
2022-06-02,460.8999938964844,491.1300048828125,457.8800048828125,487.6099853515625,464.2978515625,4950600
2022-06-03,485.0299987792969,488.1499938964844,475.5899963378906,476.25,453.48095703125,2857400
2022-06-06,480.5,481.0,468.9100036621094,472.4700012207031,449.8816833496094,2297000
2022-06-07,459.9100036621094,473.7300109863281,459.5899963378906,471.7799987792969,449.22467041015625,2435500
2022-06-08,471.7799987792969,474.42999267578125,466.8900146484375,467.989990234375,445.6159362792969,1697000
2022-06-09,467.3399963378906,484.239990234375,467.1499938964844,472.04998779296875,449.4818420410156,3087500
2022-06-10,465.0,468.19000244140625,457.760009765625,463.30999755859375,441.1596374511719,2549900
2022-06-13,450.0,458.6400146484375,448.8999938964844,452.25,430.62847900390625,3113400
2022-06-14,452.25,458.760009765625,450.2799987792969,454.79998779296875,433.05657958984375,2224600
2022-06-15,458.5,464.3599853515625,451.3900146484375,458.7900085449219,436.8557434082031,2250200
2022-06-16,450.30999755859375,457.7699890136719,447.9700012207031,451.760009765625,430.161865234375,2906600
2022-06-17,451.04998779296875,455.69000244140625,443.20001220703125,446.69000244140625,425.334228515625,3623400
2022-06-21,450.54998779296875,464.82000732421875,449.1400146484375,463.1099853515625,440.9691162109375,2420600
2022-06-22,459.3900146484375,464.7200012207031,458.5,459.9599914550781,437.9697570800781,1827500
2022-06-23,466.3699951171875,476.2799987792969,465.7099914550781,475.0,452.2908020019531,2030100
2022-06-24,480.0,484.8299865722656,476.67999267578125,484.3699951171875,461.2127685546875,2862600
2022-06-27,485.80999755859375,487.239990234375,477.3500061035156,481.75,458.7180480957031,2034700
2022-06-28,483.5,487.239990234375,467.8900146484375,468.6099853515625,446.2062683105469,1754600
2022-06-29,470.95001220703125,472.9700012207031,466.4200134277344,469.8399963378906,447.3774719238281,1275600
2022-06-30,468.29998779296875,482.0899963378906,464.7200012207031,479.2799987792969,456.3661193847656,3852400
2022-07-01,481.17999267578125,491.25,478.0,485.760009765625,462.5362854003906,2660400
2022-07-05,485.55999755859375,490.8999938964844,478.4599914550781,488.260009765625,464.9168395996094,2489400
2022-07-06,488.260009765625,497.0199890136719,487.7799987792969,492.6499938964844,469.096923828125,2262300
2022-07-07,492.05999755859375,495.5299987792969,489.2200012207031,494.95001220703125,471.28704833984375,2125200
2022-07-08,497.32000732421875,505.5199890136719,497.0,501.5400085449219,477.5619201660156,2607800
2022-07-11,501.1199951171875,505.54998779296875,494.8399963378906,498.8999938964844,475.0481262207031,1891100
2022-07-12,497.010009765625,501.8999938964844,488.0400085449219,490.57000732421875,467.1164245605469,1775300
2022-07-13,484.32000732421875,497.32000732421875,483.82000732421875,492.2200012207031,468.6875305175781,2008400
2022-07-14,496.0899963378906,513.27001953125,493.6199951171875,511.94000244140625,487.46466064453125,3715600
2022-07-15,516.9199829101562,524.7999877929688,515.780029296875,522.9500122070312,497.94830322265625,4265100
2022-07-18,521.8599853515625,528.530029296875,515.6699829101562,516.2999877929688,491.61627197265625,2464100
2022-07-19,522.4099731445312,525.5800170898438,516.969970703125,520.22998046875,495.3584289550781,2391000
2022-07-20,521.260009765625,526.1599731445312,516.8099975585938,524.2000122070312,499.1385803222656,1740700
2022-07-21,524.0399780273438,529.739990234375,521.5999755859375,529.4600219726562,504.1470947265625,1716100
2022-07-22,530.7100219726562,537.1099853515625,526.0700073242188,529.719970703125,504.3946533203125,1800800
2022-07-25,531.4199829101562,532.2899780273438,526.0,529.1400146484375,503.8424072265625,1452700
2022-07-26,515.0,519.6799926757812,508.760009765625,511.92999267578125,487.4551696777344,3334800
2022-07-27,513.0999755859375,525.3200073242188,511.1700134277344,522.3099975585938,497.3388977050781,2060100
2022-07-28,520.280029296875,539.1799926757812,520.280029296875,536.1799926757812,511.4269104003906,2083300
2022-07-29,532.0,542.1199951171875,531.9000244140625,541.2999877929688,516.3106689453125,2131500
2022-08-01,541.4199829101562,552.7100219726562,541.25,546.8099975585938,521.56640625,2256000
2022-08-02,544.030029296875,551.0399780273438,540.77001953125,543.4600219726562,518.3709716796875,1984200
2022-08-03,545.0,548.7000122070312,542.1199951171875,547.010009765625,521.7570190429688,1693300
2022-08-04,547.0,547.2000122070312,540.6699829101562,543.280029296875,518.19921875,2000500
2022-08-05,537.239990234375,541.5999755859375,533.3499755859375,540.6699829101562,515.7098388671875,1711500
2022-08-08,543.8400268554688,547.5,538.6699829101562,541.9000244140625,516.883056640625,1344100
2022-08-09,543.6400146484375,545.0,533.8900146484375,535.8200073242188,511.0836181640625,1877300
2022-08-10,544.47998046875,549.9099731445312,537.2899780273438,539.8200073242188,514.8990478515625,2336600
2022-08-11,543.239990234375,543.489990234375,531.8900146484375,532.2000122070312,507.6308288574219,2340200
2022-08-12,536.1799926757812,538.4000244140625,533.72998046875,537.2100219726562,512.4096069335938,1918200
2022-08-15,536.4000244140625,547.0,535.6799926757812,545.75,520.55517578125,1848000
2022-08-16,551.0999755859375,559.969970703125,548.969970703125,553.02001953125,527.4896850585938,2498000
2022-08-17,550.0,559.4500122070312,549.010009765625,556.3200073242188,530.6372680664062,1835200
2022-08-18,559.0599975585938,564.75,556.4199829101562,560.9600219726562,535.0631713867188,1619200
2022-08-19,558.6500244140625,559.260009765625,553.1699829101562,554.530029296875,528.9299926757812,1617000
2022-08-22,553.0,553.0,544.2899780273438,545.469970703125,520.2881469726562,1860900
2022-08-23,545.739990234375,546.010009765625,536.8800048828125,542.0700073242188,517.0451049804688,1359000
2022-08-24,542.75,545.219970703125,539.3599853515625,543.219970703125,518.141845703125,1145800
2022-08-25,545.739990234375,550.9099731445312,539.5499877929688,550.77001953125,525.3434448242188,1483300
2022-08-26,550.0,552.6699829101562,531.6699829101562,531.8200073242188,507.2681884765625,1886800
2022-08-29,527.030029296875,535.5,524.0,531.0599975585938,506.5433654785156,1579900
2022-08-30,534.280029296875,536.010009765625,521.510009765625,524.1400146484375,499.9429016113281,1872700
2022-08-31,525.5399780273438,526.3200073242188,520.260009765625,522.0999755859375,497.9970703125,2179800
2022-09-01,519.719970703125,529.5800170898438,517.030029296875,529.1699829101562,504.7406921386719,2280600
2022-09-02,532.7000122070312,534.8400268554688,516.0499877929688,519.1099853515625,495.1450500488281,1901700
2022-09-06,520.1599731445312,523.1500244140625,512.530029296875,518.9000244140625,494.94482421875,1933400
2022-09-07,520.0,531.6599731445312,518.9000244140625,529.6400146484375,505.18896484375,1827900
2022-09-08,524.3300170898438,533.030029296875,521.5599975585938,529.1199951171875,504.69293212890625,1600800
2022-09-09,532.1199951171875,538.0599975585938,529.530029296875,536.5800170898438,511.8086242675781,1930900
2022-09-12,537.72998046875,542.5999755859375,537.0,539.52001953125,514.6128540039062,1522400
2022-09-13,530.7899780273438,532.239990234375,508.69000244140625,510.29998779296875,486.7417907714844,2881400
2022-09-14,513.8599853515625,514.010009765625,503.1199951171875,508.0,484.5479736328125,2007300
2022-09-15,508.3999938964844,509.05999755859375,500.5299987792969,503.5,480.2557678222656,1749600
2022-09-16,499.57000732421875,506.44000244140625,497.29998779296875,504.1400146484375,480.86614990234375,3004800
2022-09-19,502.1600036621094,506.7099914550781,498.8900146484375,506.57000732421875,483.18402099609375,1441300
2022-09-20,503.0,503.42999267578125,493.4200134277344,499.5199890136719,476.4594421386719,1843100
2022-09-21,502.5,506.42999267578125,493.0,493.07000732421875,470.3072204589844,2082600
2022-09-22,494.0,494.0,484.4100036621094,487.1700134277344,464.67962646484375,3133100
2022-09-23,478.94000244140625,482.32000732421875,463.5299987792969,466.3999938964844,444.86846923828125,5377800
2022-09-26,465.8699951171875,484.1099853515625,465.2099914550781,480.29998779296875,458.12677001953125,4001900
2022-09-27,485.489990234375,488.3999938964844,475.42999267578125,478.29998779296875,456.2191162109375,2412400
2022-09-28,481.5299987792969,491.54998779296875,474.19000244140625,488.2900085449219,465.7479248046875,2419500
2022-09-29,485.6099853515625,489.010009765625,474.07000732421875,478.9800109863281,456.8677062988281,1963900
2022-09-30,480.6600036621094,483.8299865722656,471.8699951171875,472.2699890136719,450.4674072265625,2436700
2022-10-03,474.5,480.8399963378906,470.3999938964844,477.7300109863281,455.6754150390625,2338500
2022-10-04,483.8299865722656,488.0199890136719,480.7300109863281,486.1300048828125,463.6875915527344,2175600
2022-10-05,481.29998779296875,483.8699951171875,474.82000732421875,480.32000732421875,458.1458740234375,1587700
2022-10-06,483.45001220703125,493.8800048828125,481.9200134277344,482.489990234375,460.2156066894531,2430700
2022-10-07,478.260009765625,479.1099853515625,466.1199951171875,468.1499938964844,446.5377197265625,2568100
2022-10-10,469.69000244140625,470.25,461.6099853515625,466.30999755859375,444.78253173828125,1616300
2022-10-11,465.0,477.25,463.70001220703125,472.0199890136719,450.2289733886719,2341400
2022-10-12,474.32000732421875,479.739990234375,466.29998779296875,466.3800048828125,444.84930419921875,2043900
2022-10-13,458.19000244140625,471.739990234375,449.0299987792969,467.989990234375,446.3851318359375,3390900
2022-10-14,472.0299987792969,473.3900146484375,453.7900085449219,454.6499938964844,433.66094970703125,2301600
2022-10-17,461.6499938964844,466.8800048828125,460.4800109863281,464.1700134277344,442.741455078125,2097500
2022-10-18,473.20001220703125,476.5199890136719,468.8299865722656,473.2699890136719,451.4212951660156,1864000
2022-10-19,467.80999755859375,474.8699951171875,466.95001220703125,471.42999267578125,449.6662292480469,1207600
2022-10-20,471.0,472.0799865722656,462.9100036621094,464.6199951171875,443.1706848144531,1709500
2022-10-21,463.7099914550781,479.57000732421875,462.2799987792969,478.17999267578125,456.1046447753906,2508400
2022-10-24,481.6099853515625,498.0,481.010009765625,496.9700012207031,474.02716064453125,2366200
2022-10-25,493.32000732421875,500.19000244140625,490.5,499.05999755859375,476.02069091796875,2130900
2022-10-26,498.0,507.4200134277344,495.69000244140625,499.45001220703125,476.3927307128906,2088700
2022-10-27,499.80999755859375,503.010009765625,494.1400146484375,496.5400085449219,474.4720153808594,1576600
2022-10-28,497.29998779296875,512.8200073242188,495.9700012207031,510.8699951171875,488.1651306152344,2369300
2022-10-31,509.6400146484375,509.6400146484375,500.5,501.5,479.21160888671875,2192200
2022-11-01,503.70001220703125,507.3900146484375,499.7799987792969,499.9599914550781,477.74005126953125,1586300
2022-11-02,497.79998779296875,503.239990234375,483.2699890136719,483.510009765625,462.0211486816406,2464400
2022-11-03,480.8800048828125,491.3299865722656,479.7099914550781,486.2900085449219,464.6775817871094,2010400
2022-11-04,490.3999938964844,492.6300048828125,476.489990234375,486.4100036621094,464.792236328125,1987300
2022-11-07,477.04998779296875,490.0,474.5,488.54998779296875,466.837158203125,2036000
2022-11-08,490.7300109863281,498.260009765625,484.510009765625,492.760009765625,470.8600158691406,1709900
2022-11-09,491.8999938964844,497.5799865722656,486.8599853515625,489.9700012207031,468.19403076171875,1640500
2022-11-10,504.95001220703125,514.8499755859375,501.3999938964844,513.1300048828125,490.32470703125,3098300
2022-11-11,513.1300048828125,516.8400268554688,506.7099914550781,515.469970703125,492.5606689453125,2393500
2022-11-14,515.77001953125,520.7000122070312,509.4200134277344,509.67999267578125,487.028076171875,1820200
2022-11-15,520.0,529.7999877929688,520.0,526.469970703125,503.0717468261719,2502200
2022-11-16,521.3099975585938,528.5599975585938,520.1699829101562,524.1099853515625,500.8167724609375,1833600
2022-11-17,519.0,521.7899780273438,512.9600219726562,521.3200073242188,498.1507568359375,1902500
2022-11-18,526.8699951171875,529.5399780273438,518.1900024414062,523.6699829101562,500.396240234375,1584400
2022-11-21,525.739990234375,527.280029296875,522.0800170898438,523.3699951171875,500.1094970703125,1268300
2022-11-22,529.9600219726562,532.7999877929688,526.6799926757812,531.9500122070312,508.308349609375,1809100
2022-11-23,534.0,536.7999877929688,530.4000244140625,534.489990234375,510.7354736328125,1288200
2022-11-25,534.1599731445312,535.8599853515625,533.0700073242188,533.6599731445312,509.9422607421875,744200
2022-11-28,530.8900146484375,536.25,528.9400024414062,530.9199829101562,507.3240051269531,1684300
2022-11-29,531.0399780273438,533.719970703125,528.0,528.9600219726562,505.451171875,1685700
2022-11-30,527.4099731445312,542.5800170898438,522.1400146484375,539.25,515.2837524414062,3601800
2022-12-01,519.1400146484375,519.1400146484375,495.6700134277344,503.8599853515625,481.4666442871094,6970400
2022-12-02,498.5199890136719,498.9700012207031,492.1099853515625,494.5299987792969,472.55133056640625,3632100
2022-12-05,492.5,492.70001220703125,484.7300109863281,488.6600036621094,466.9422912597656,2455300
2022-12-06,490.6600036621094,491.4700012207031,477.1700134277344,481.1600036621094,459.7756042480469,2995900
2022-12-07,479.0899963378906,486.5400085449219,478.8699951171875,481.9700012207031,460.5495300292969,2072600
2022-12-08,482.8999938964844,483.3299865722656,473.5,481.4200134277344,460.02398681640625,2901000
2022-12-09,475.1000061035156,490.0899963378906,470.5,483.0199890136719,461.5528564453125,4211100
2022-12-12,482.7300109863281,487.82000732421875,480.6700134277344,487.67999267578125,466.00579833984375,2276400
2022-12-13,497.0400085449219,497.9700012207031,481.54998779296875,488.20001220703125,466.5027160644531,2626700
2022-12-14,488.8599853515625,491.69000244140625,481.0400085449219,483.5199890136719,462.03070068359375,2145000
2022-12-15,475.3399963378906,476.70001220703125,463.1600036621094,463.9100036621094,443.292236328125,3437700
2022-12-16,461.260009765625,464.7900085449219,456.8800048828125,461.45001220703125,440.9416198730469,4909200
2022-12-19,460.9200134277344,463.4100036621094,455.3599853515625,458.6300048828125,438.24688720703125,1939200
2022-12-20,456.55999755859375,460.25,452.5299987792969,457.82000732421875,437.4728698730469,1993700
2022-12-21,459.3800048828125,463.69000244140625,456.20001220703125,462.05999755859375,441.5244445800781,1462400
2022-12-22,458.6499938964844,460.3999938964844,453.3900146484375,458.7099914550781,438.3232727050781,1906100
2022-12-23,457.5199890136719,463.17999267578125,454.79998779296875,462.6499938964844,442.0882263183594,1229500
2022-12-27,464.3999938964844,464.70001220703125,457.1099853515625,458.5,438.1225891113281,1230800
2022-12-28,457.5400085449219,460.4599914550781,452.79998779296875,452.989990234375,432.8576354980469,1324100
2022-12-29,455.6300048828125,459.0,453.4599914550781,456.5299987792969,436.24017333984375,1465000
2022-12-30,454.6499938964844,456.70001220703125,450.75,456.5,436.2115783691406,1803200
2023-01-03,458.0,458.79998779296875,447.8999938964844,453.2799987792969,433.1346130371094,1978100
2023-01-04,457.17999267578125,459.510009765625,452.5899963378906,456.55999755859375,436.2687683105469,2097300
2023-01-05,454.5400085449219,456.42999267578125,449.6199951171875,450.19000244140625,430.18206787109375,2169300
2023-01-06,463.0799865722656,484.4200134277344,462.2200012207031,482.8699951171875,461.4095153808594,5174500
2023-01-09,482.92999267578125,486.8699951171875,478.1400146484375,478.75,457.4726867675781,2384800
2023-01-10,477.1400146484375,482.0899963378906,475.4800109863281,481.3999938964844,460.0048828125,1649900
2023-01-11,480.3299865722656,484.5199890136719,479.1099853515625,484.30999755859375,462.78558349609375,1576400
2023-01-12,484.989990234375,485.0,478.75,482.42999267578125,460.9891052246094,1628200
2023-01-13,480.8900146484375,485.5899963378906,479.0,485.25,463.6837463378906,1405900
2023-01-17,485.1300048828125,490.4800109863281,484.3699951171875,486.7699890136719,465.1361999511719,1539900
2023-01-18,484.80999755859375,488.80999755859375,478.5199890136719,479.4700012207031,458.1606750488281,1925500
2023-01-19,476.239990234375,477.55999755859375,468.07000732421875,469.489990234375,448.6241760253906,1919500
2023-01-20,473.9200134277344,480.32000732421875,469.4700012207031,480.1099853515625,458.772216796875,2588600
2023-01-23,479.95001220703125,495.239990234375,477.6000061035156,492.6099853515625,470.71673583984375,2709400
2023-01-24,492.04998779296875,493.6000061035156,487.010009765625,492.1099853515625,470.2388610839844,1510200
2023-01-25,489.3599853515625,491.94000244140625,484.5,490.8800048828125,469.0636291503906,1329800
2023-01-26,493.20001220703125,498.6700134277344,491.7699890136719,498.29998779296875,476.1537170410156,1576400
2023-01-27,499.760009765625,509.1000061035156,497.8599853515625,503.2900085449219,480.9220886230469,2034100
2023-01-30,500.3699951171875,505.6000061035156,500.3699951171875,503.2799987792969,480.9124450683594,1855900
2023-01-31,503.2300109863281,511.4100036621094,502.0,511.1400146484375,488.4231262207031,1924100
2023-02-01,508.30999755859375,520.4500122070312,504.7200012207031,517.9099731445312,494.8922424316406,2080200
2023-02-02,524.2899780273438,530.0499877929688,520.6400146484375,523.4299926757812,501.0375671386719,2287400
2023-02-03,519.1300048828125,521.5499877929688,512.5,514.7999877929688,492.77679443359375,1844100
2023-02-06,514.4400024414062,517.219970703125,512.27001953125,515.5900268554688,493.53302001953125,1740100
2023-02-07,511.989990234375,517.989990234375,507.3900146484375,516.530029296875,494.43280029296875,1927300
2023-02-08,511.2900085449219,512.1799926757812,501.55999755859375,503.80999755859375,482.25701904296875,2062900
2023-02-09,505.2900085449219,509.1600036621094,498.4200134277344,500.6300048828125,479.2130126953125,1517300
2023-02-10,498.510009765625,500.54998779296875,495.3800048828125,499.989990234375,478.6003723144531,1536800
2023-02-13,501.739990234375,506.7900085449219,501.3500061035156,506.45001220703125,484.7840576171875,1452600
2023-02-14,505.010009765625,507.8500061035156,498.6300048828125,503.2200012207031,481.6922302246094,1257300
2023-02-15,502.7300109863281,511.4200134277344,501.3399963378906,511.2799987792969,489.40740966796875,1422600
2023-02-16,503.6099853515625,510.7300109863281,503.6000061035156,504.1000061035156,482.5345458984375,1456000
2023-02-17,504.2699890136719,507.7099914550781,501.8399963378906,507.4800109863281,485.7699890136719,1340400
2023-02-21,500.82000732421875,503.989990234375,496.54998779296875,501.739990234375,480.2755126953125,1811800
2023-02-22,503.9200134277344,505.4599914550781,496.6000061035156,497.3900146484375,476.1116027832031,1332000
2023-02-23,498.79998779296875,498.8599853515625,487.8599853515625,493.1400146484375,472.0434265136719,1546300
2023-02-24,488.5799865722656,490.3599853515625,484.70001220703125,488.6099853515625,467.70721435546875,1587600
2023-02-27,492.54998779296875,493.0,485.67999267578125,487.0299987792969,466.1948547363281,1501700
2023-02-28,485.6000061035156,488.8800048828125,483.7799987792969,484.17999267578125,463.4667053222656,1918200
2023-03-01,481.1000061035156,482.5799865722656,475.0199890136719,478.6700134277344,458.1924743652344,1759300
2023-03-02,477.3599853515625,487.42999267578125,475.55999755859375,485.69000244140625,464.912109375,2379200
2023-03-03,474.8299865722656,476.0,465.3299865722656,475.260009765625,454.9283447265625,5354200
2023-03-06,476.5199890136719,488.82000732421875,475.5199890136719,483.0799865722656,462.4137268066406,3104700
2023-03-07,486.1000061035156,495.2099914550781,485.0,485.1499938964844,464.3952331542969,2659100
2023-03-08,483.0,486.8800048828125,481.1400146484375,486.0400085449219,465.2471618652344,1548500
2023-03-09,487.4800109863281,490.0,478.6199951171875,479.5199890136719,459.0060729980469,1629400
2023-03-10,478.9800109863281,480.4599914550781,468.3800048828125,471.1400146484375,450.984619140625,2123000
2023-03-13,466.79998779296875,476.69000244140625,466.79998779296875,472.0,451.80780029296875,1799600
2023-03-14,475.42999267578125,485.1600036621094,473.0,481.9200134277344,461.30340576171875,2422900
2023-03-15,481.510009765625,487.0199890136719,478.5400085449219,485.6600036621094,464.88348388671875,2226300
2023-03-16,484.92999267578125,488.1400146484375,482.760009765625,487.260009765625,466.4149475097656,1979600
2023-03-17,489.07000732421875,489.8999938964844,481.510009765625,487.04998779296875,466.2139892578125,3959300
2023-03-20,488.0,490.7900085449219,485.7200012207031,489.2900085449219,468.3581237792969,1623800
2023-03-21,493.0,493.0,485.989990234375,490.8500061035156,469.8514099121094,1664000
2023-03-22,489.4599914550781,496.6199951171875,487.3500061035156,487.5199890136719,466.66387939453125,1299700
2023-03-23,490.69000244140625,493.25,484.2900085449219,487.760009765625,466.89361572265625,1565900
2023-03-24,486.94000244140625,495.9700012207031,486.55999755859375,495.2699890136719,474.0823059082031,1635200
2023-03-27,497.2799987792969,499.8599853515625,492.510009765625,493.2200012207031,472.1199645996094,1452100
2023-03-28,492.6099853515625,494.05999755859375,485.4100036621094,486.7699890136719,465.94598388671875,1407800
2023-03-29,489.20001220703125,491.29998779296875,485.8999938964844,490.8699951171875,469.87054443359375,1643000
2023-03-30,493.0,495.739990234375,491.0,491.4800109863281,470.4544677734375,1545500
2023-03-31,495.0,498.3599853515625,493.94000244140625,496.8699951171875,475.6138916015625,2082000
2023-04-03,496.5,499.20001220703125,495.0,497.0299987792969,475.76702880859375,1804700
2023-04-04,496.5,502.5799865722656,495.5,497.7300109863281,476.4371032714844,1913300
2023-04-05,499.0,504.1300048828125,495.1600036621094,497.1300048828125,475.8627624511719,1941500
2023-04-06,482.0,487.8500061035156,477.5,485.9800109863281,465.1897277832031,4114700
2023-04-10,483.8999938964844,493.8999938964844,481.6600036621094,493.8299865722656,472.70391845703125,1653600
2023-04-11,493.8299865722656,499.989990234375,493.0,498.6499938964844,477.3177185058594,1547400
2023-04-12,500.0,500.04998779296875,488.5400085449219,489.3500061035156,468.41558837890625,2063700
2023-04-13,493.489990234375,498.44000244140625,490.30999755859375,497.8900146484375,476.5902099609375,1600500
2023-04-14,496.19000244140625,500.3699951171875,490.1600036621094,491.29998779296875,470.2821350097656,1675300
2023-04-17,492.7699890136719,497.8900146484375,491.1499938964844,493.94000244140625,472.8092041015625,1411800
2023-04-18,496.1000061035156,497.6300048828125,494.1199951171875,496.8999938964844,475.642578125,1339600
2023-04-19,497.1300048828125,497.989990234375,493.8299865722656,496.0299987792969,474.8098449707031,1098800
2023-04-20,495.75,510.6600036621094,495.510009765625,505.5799865722656,483.9512634277344,2936500
2023-04-21,509.3699951171875,510.6400146484375,505.4599914550781,506.3500061035156,484.6883239746094,1508600
2023-04-24,506.1000061035156,511.69000244140625,505.80999755859375,511.4200134277344,489.54150390625,1374100
2023-04-25,511.1300048828125,513.1300048828125,502.260009765625,503.1700134277344,481.6443786621094,1789900
2023-04-26,500.4200134277344,502.8699951171875,493.3900146484375,494.6600036621094,473.4983825683594,1441900
2023-04-27,494.8299865722656,502.260009765625,494.8299865722656,501.2699890136719,479.8255920410156,1361600
2023-04-28,501.55999755859375,504.8299865722656,500.6400146484375,503.2200012207031,481.6922302246094,1170200
2023-05-01,499.1499938964844,500.04998779296875,488.79998779296875,493.5899963378906,472.4742126464844,2203200
2023-05-02,495.0,495.67999267578125,489.80999755859375,494.80999755859375,473.6419677734375,1940800
2023-05-03,496.6000061035156,498.7799987792969,489.6600036621094,490.05999755859375,469.0952453613281,1426400
2023-05-04,488.94000244140625,490.9100036621094,485.92999267578125,490.3399963378906,470.3421936035156,1487000
2023-05-05,493.20001220703125,499.3999938964844,492.9800109863281,499.05999755859375,478.7065734863281,1709200
2023-05-08,497.3699951171875,500.25,495.70001220703125,499.05999755859375,478.7065734863281,1015000
2023-05-09,496.9599914550781,501.739990234375,496.3900146484375,500.7900085449219,480.36602783203125,1571800
2023-05-10,501.95001220703125,504.9700012207031,495.1000061035156,499.6600036621094,479.2820739746094,1257600
2023-05-11,499.510009765625,503.0,497.54998779296875,501.8900146484375,481.42120361328125,1046700
2023-05-12,503.1700134277344,506.0299987792969,501.20001220703125,504.07000732421875,483.5123291015625,1472800
2023-05-15,504.010009765625,505.0,498.8599853515625,502.0400085449219,481.5650329589844,1135700
2023-05-16,500.0,500.2900085449219,494.29998779296875,496.1499938964844,475.9152526855469,1229300
2023-05-17,498.0,498.010009765625,491.8999938964844,495.0,474.8121643066406,2069500
2023-05-18,495.0,498.6000061035156,494.0799865722656,498.1000061035156,477.7857360839844,2298900
2023-05-19,499.3900146484375,499.3900146484375,493.9200134277344,496.5199890136719,476.2701416015625,1635000
2023-05-22,497.0,497.0,488.5400085449219,491.8699951171875,471.8098449707031,1943800
2023-05-23,487.1700134277344,487.1700134277344,482.9700012207031,484.8699951171875,465.0952453613281,1800200
2023-05-24,487.25,487.25,480.9100036621094,482.760009765625,463.0713195800781,1600600
2023-05-25,480.2099914550781,488.5400085449219,476.75,486.54998779296875,466.70672607421875,3421900
2023-05-26,485.6499938964844,510.75,484.1199951171875,507.260009765625,486.5721130371094,5302600
2023-05-30,509.7900085449219,514.7899780273438,501.5899963378906,508.0299987792969,487.3106994628906,2544800
2023-05-31,508.8599853515625,513.8699951171875,504.95001220703125,511.55999755859375,490.69677734375,3320800
2023-06-01,509.3299865722656,513.739990234375,502.1000061035156,512.5999755859375,491.69439697265625,2407700
2023-06-02,510.32000732421875,518.5,509.3999938964844,512.5900268554688,491.68475341796875,2284800
2023-06-05,512.5900268554688,518.9199829101562,512.02001953125,518.25,497.1138610839844,2023500
2023-06-06,518.25,518.6300048828125,512.760009765625,516.260009765625,495.2050476074219,1410300
2023-06-07,514.510009765625,519.2899780273438,510.57000732421875,511.2300109863281,490.3802185058594,1784700
2023-06-08,512.5,520.2899780273438,512.5,520.0900268554688,498.8789367675781,1530400
2023-06-09,518.1900024414062,522.0599975585938,515.5,517.280029296875,496.18341064453125,1287300
2023-06-12,517.280029296875,521.27001953125,516.0,520.969970703125,499.7230529785156,1404500
2023-06-13,522.02001953125,522.9500122070312,517.9099731445312,522.02001953125,500.730224609375,1204700
2023-06-14,525.0,527.8499755859375,523.1400146484375,527.2000122070312,505.69891357421875,1841400
2023-06-15,529.0,531.260009765625,526.6599731445312,529.1799926757812,507.59820556640625,1871600
2023-06-16,530.0999755859375,530.4199829101562,522.6300048828125,523.6500244140625,502.2936706542969,3147800
2023-06-20,521.9500122070312,522.9000244140625,518.1400146484375,519.7000122070312,498.50482177734375,1684400
2023-06-21,517.9099731445312,521.6400146484375,516.5399780273438,519.6199951171875,498.42803955078125,1273600
2023-06-22,520.6900024414062,524.6799926757812,519.6799926757812,524.2000122070312,502.8212585449219,1114000
2023-06-23,523.1300048828125,525.4000244140625,519.3400268554688,524.4400024414062,503.0515441894531,1434300
2023-06-26,524.4000244140625,524.8699951171875,521.260009765625,523.4199829101562,502.0731201171875,1278500
2023-06-27,522.6500244140625,532.4099731445312,522.0999755859375,530.3300170898438,508.7012634277344,1673600
2023-06-28,528.97998046875,533.489990234375,528.6099853515625,532.7999877929688,511.07049560546875,1245200
2023-06-29,530.5800170898438,532.4500122070312,528.9500122070312,531.6900024414062,510.0057678222656,1121800
2023-06-30,534.1699829101562,539.5599975585938,533.6300048828125,538.3800048828125,516.4229736328125,2221900
2023-07-03,537.25,541.0800170898438,534.3400268554688,541.0399780273438,518.9744873046875,951400
2023-07-05,541.219970703125,546.0499877929688,537.5,541.1300048828125,519.060791015625,1630400
2023-07-06,538.8800048828125,540.2999877929688,536.5800170898438,537.3699951171875,515.4542236328125,1750100
2023-07-07,533.8900146484375,536.4600219726562,524.6300048828125,525.0499877929688,503.63665771484375,2740600
2023-07-10,525.0599975585938,531.1500244140625,525.0599975585938,527.010009765625,505.5166015625,1955600
2023-07-11,527.5,530.760009765625,526.1500244140625,529.6400146484375,508.0393981933594,1262300
2023-07-12,532.0,540.1099853515625,531.1099853515625,538.0,516.058349609375,1960500
2023-07-13,537.7999877929688,539.1199951171875,532.7899780273438,538.4500122070312,516.4901123046875,1647200
2023-07-14,538.7100219726562,546.8599853515625,538.0999755859375,546.7000122070312,524.4036865234375,1828700
2023-07-17,546.1799926757812,554.2100219726562,546.0999755859375,552.9600219726562,530.4083251953125,1909900
2023-07-18,552.6699829101562,555.0,549.3900146484375,553.5900268554688,531.0126342773438,1778800
2023-07-19,554.47998046875,555.8900146484375,552.02001953125,554.1099853515625,531.5113525390625,1261100
2023-07-20,553.8099975585938,561.0700073242188,553.7100219726562,556.9600219726562,534.2451171875,1732800
2023-07-21,559.1699829101562,562.0499877929688,557.4500122070312,557.8599853515625,535.1084594726562,5264300
2023-07-24,558.0,566.5700073242188,555.8800048828125,563.9299926757812,540.9309692382812,2086400
2023-07-25,566.77001953125,567.5499877929688,564.2999877929688,565.1900024414062,542.1395874023438,1602500
2023-07-26,565.510009765625,568.030029296875,563.4199829101562,566.1699829101562,543.0795288085938,1306400
2023-07-27,567.719970703125,571.1599731445312,560.5999755859375,561.8300170898438,538.9166259765625,1485300
2023-07-28,564.5800170898438,567.8099975585938,562.6199951171875,563.3200073242188,540.345703125,1371400
2023-07-31,563.0,564.2899780273438,559.0499877929688,560.6699829101562,537.8038330078125,1365900
2023-08-01,560.6300048828125,562.8800048828125,554.5399780273438,555.469970703125,532.8158569335938,1445300
2023-08-02,552.260009765625,556.6300048828125,551.02001953125,552.3499755859375,529.8233032226562,1635000
2023-08-03,553.530029296875,560.3499755859375,552.219970703125,557.6900024414062,534.9453125,1463400
2023-08-04,561.0700073242188,561.2899780273438,551.4099731445312,552.0399780273438,529.52587890625,1142000
2023-08-07,554.989990234375,559.5599975585938,554.989990234375,558.4099731445312,535.635986328125,1015400
2023-08-08,558.0,558.9000244140625,551.8400268554688,556.1199951171875,533.4393310546875,1020400
2023-08-09,557.97998046875,562.0900268554688,556.8099975585938,559.7000122070312,536.8734741210938,1471800
2023-08-10,563.2000122070312,569.2100219726562,560.7000122070312,561.489990234375,538.5903930664062,1107200
2023-08-11,560.3499755859375,565.0,559.030029296875,562.9600219726562,540.00048828125,1043100
2023-08-14,564.77001953125,567.7100219726562,560.4400024414062,561.469970703125,538.5712280273438,1247600
2023-08-15,561.0499877929688,565.1599731445312,558.2000122070312,558.510009765625,535.73193359375,1124300
2023-08-16,561.7000122070312,564.9500122070312,558.719970703125,559.0499877929688,536.2499389648438,1340100
2023-08-17,559.469970703125,560.4199829101562,545.0800170898438,547.1099853515625,524.7969360351562,1941900
2023-08-18,546.9199829101562,549.469970703125,543.1099853515625,544.9400024414062,522.7153930664062,1878100
2023-08-21,543.8599853515625,545.1500244140625,536.2999877929688,543.2100219726562,521.055908203125,2076100
2023-08-22,541.9600219726562,541.9600219726562,537.5,538.3699951171875,516.4132690429688,1286000
2023-08-23,538.9600219726562,541.1699829101562,536.239990234375,540.8599853515625,518.8017578125,1295800
2023-08-24,539.2899780273438,541.0,530.8200073242188,531.7100219726562,510.9886474609375,1587500
2023-08-25,532.9099731445312,535.7899780273438,530.5599975585938,534.010009765625,513.1990356445312,1511500
2023-08-28,536.0,537.0399780273438,533.1199951171875,536.1900024414062,515.2941284179688,945800
2023-08-29,534.3400268554688,543.0700073242188,534.3400268554688,542.77001953125,521.6175537109375,1468500
2023-08-30,542.72998046875,544.4199829101562,539.3099975585938,542.260009765625,521.1273803710938,1292800
2023-08-31,540.0,552.2000122070312,540.0,549.280029296875,527.8738403320312,2086500
2023-09-01,553.0700073242188,553.47998046875,540.6400146484375,544.25,523.0399169921875,1437700
2023-09-05,545.72998046875,549.1900024414062,544.0,544.72998046875,523.501220703125,1714300
2023-09-06,541.719970703125,548.6799926757812,540.1799926757812,546.6900024414062,525.3848876953125,1476600
2023-09-07,548.6500244140625,550.989990234375,544.2899780273438,548.6199951171875,527.2396240234375,1340000
2023-09-08,549.0700073242188,552.3800048828125,548.0999755859375,551.1900024414062,529.70947265625,1075300
2023-09-11,552.8099975585938,559.3900146484375,551.8599853515625,558.780029296875,537.0037841796875,1388600
2023-09-12,559.280029296875,560.4000244140625,556.1799926757812,558.7899780273438,537.0133056640625,1055500
2023-09-13,558.2999877929688,560.4400024414062,554.6199951171875,559.760009765625,537.945556640625,1162700
2023-09-14,564.8099975585938,566.7000122070312,560.25,564.77001953125,542.76025390625,1257300
2023-09-15,565.3300170898438,565.510009765625,555.5399780273438,556.3599853515625,534.6780395507812,2945300
2023-09-18,558.1799926757812,564.1900024414062,557.469970703125,562.719970703125,540.7900390625,1003100
2023-09-19,561.6400146484375,565.3300170898438,559.4299926757812,564.3499755859375,542.3566284179688,1144700
2023-09-20,564.3499755859375,569.219970703125,562.6599731445312,563.8300170898438,541.8568725585938,1311500
2023-09-21,564.0700073242188,564.5700073242188,554.280029296875,555.0800170898438,533.4478759765625,1687700
2023-09-22,555.1599731445312,562.969970703125,554.780029296875,558.5900268554688,536.8211669921875,1527300
2023-09-25,559.489990234375,561.27001953125,554.739990234375,558.6199951171875,536.849853515625,1313300
2023-09-26,559.1500244140625,561.3699951171875,552.0,552.9600219726562,531.4105224609375,2425100
2023-09-27,547.3800048828125,566.5,544.72998046875,563.530029296875,541.5684814453125,4591400
2023-09-28,564.0700073242188,572.1799926757812,564.0700073242188,568.6300048828125,546.4697875976562,2192400
2023-09-29,570.0,570.989990234375,560.7000122070312,564.9600219726562,542.9428100585938,1887500
2023-10-02,567.9099731445312,571.739990234375,564.0,571.3099975585938,549.0454711914062,1831700
2023-10-03,571.0999755859375,576.1900024414062,563.010009765625,565.0399780273438,543.0196533203125,2007400
2023-10-04,569.489990234375,572.6099853515625,563.760009765625,571.7999877929688,549.5162353515625,1798800
2023-10-05,572.1699829101562,574.75,564.3599853515625,569.52001953125,547.3251953125,1579700
2023-10-06,566.0900268554688,566.9500122070312,542.6300048828125,557.530029296875,535.8024291992188,4246700
2023-10-09,555.0,559.75,549.780029296875,558.969970703125,537.186279296875,1781500
2023-10-10,559.9199829101562,566.9500122070312,557.239990234375,562.0900268554688,540.1847534179688,2176800
2023-10-11,564.8499755859375,566.5,560.2000122070312,565.52001953125,543.4810791015625,1449800
2023-10-12,568.0499877929688,569.1400146484375,562.3800048828125,563.780029296875,541.8088989257812,1458000
2023-10-13,563.8499755859375,567.4400024414062,561.97998046875,566.8400268554688,544.74951171875,1243900
2023-10-16,569.6900024414062,574.0999755859375,568.52001953125,572.239990234375,549.9390258789062,1428300
2023-10-17,571.9400024414062,576.0599975585938,570.7100219726562,574.3400268554688,551.9573364257812,1404600
2023-10-18,573.9199829101562,577.2999877929688,572.0,574.6400146484375,552.2455444335938,1311900
2023-10-19,573.7000122070312,575.8499755859375,564.1099853515625,565.6300048828125,543.5867309570312,2019600
2023-10-20,566.5399780273438,566.6699829101562,552.010009765625,552.9299926757812,531.3816528320312,2295400
2023-10-23,554.1400146484375,556.9199829101562,546.6300048828125,552.2899780273438,530.7666015625,1776500
2023-10-24,552.0999755859375,555.989990234375,549.3300170898438,551.8400268554688,530.3341064453125,1678600
2023-10-25,548.5499877929688,553.8300170898438,545.6099853515625,549.989990234375,528.5562744140625,1757500
2023-10-26,549.6500244140625,554.6599731445312,545.530029296875,547.5999755859375,526.2593994140625,1925300
2023-10-27,547.5999755859375,548.030029296875,540.22998046875,543.030029296875,521.8674926757812,1503100
2023-10-30,545.739990234375,556.3599853515625,543.6400146484375,554.8800048828125,533.2556762695312,1696200
2023-10-31,552.1599731445312,554.030029296875,549.0599975585938,552.4400024414062,530.9107666015625,1394700
2023-11-01,555.0,558.4400024414062,549.6500244140625,556.7999877929688,535.1008911132812,1735300
2023-11-02,556.5,559.510009765625,552.010009765625,555.969970703125,535.28369140625,2100600
2023-11-03,557.3300170898438,562.989990234375,555.22998046875,560.9000244140625,540.0303344726562,1826800
2023-11-06,560.489990234375,572.6500244140625,560.1300048828125,569.8200073242188,548.6184692382812,2056900
2023-11-07,572.5,573.8900146484375,569.5599975585938,571.27001953125,550.0145263671875,1373100
2023-11-08,572.1199951171875,572.989990234375,564.2899780273438,567.3800048828125,546.2692260742188,1343600
2023-11-09,569.0,569.0,562.010009765625,563.27001953125,542.3121948242188,1288400
2023-11-10,567.9000244140625,577.8900146484375,564.9400024414062,577.1199951171875,555.6467895507812,1908800
2023-11-13,575.0,579.9500122070312,573.489990234375,578.22998046875,556.7156372070312,1650700
2023-11-14,581.739990234375,591.5499877929688,581.2100219726562,590.7999877929688,568.8179321289062,2037600
2023-11-15,593.989990234375,599.8900146484375,593.3900146484375,596.780029296875,574.5753173828125,2165100
2023-11-16,586.3800048828125,586.5900268554688,572.239990234375,578.5800170898438,557.0525512695312,2954700
2023-11-17,578.9000244140625,579.9199829101562,574.0599975585938,577.1500244140625,555.6756591796875,1773600
2023-11-20,577.3400268554688,582.3200073242188,577.3400268554688,580.7999877929688,559.18994140625,1624100
2023-11-21,582.0,584.9500122070312,577.7100219726562,584.2999877929688,562.559814453125,1173700
2023-11-22,586.8499755859375,591.1400146484375,586.3499755859375,589.0800170898438,567.1619262695312,1068600
2023-11-24,591.02001953125,594.2000122070312,590.4099731445312,591.3599853515625,569.3570556640625,645800
2023-11-27,592.52001953125,599.9400024414062,592.4099731445312,594.9000244140625,572.7652587890625,1627400
2023-11-28,593.1900024414062,597.4199829101562,591.4199829101562,594.0,571.8988037109375,1286800
2023-11-29,595.2000122070312,595.2100219726562,587.4199829101562,587.8599853515625,565.9873046875,1319800
2023-11-30,587.8300170898438,593.0700073242188,582.8300170898438,592.739990234375,570.6857299804688,1755200
2023-12-01,593.280029296875,596.3499755859375,590.5900268554688,596.25,574.0650634765625,1475300
2023-12-04,592.1500244140625,599.530029296875,591.4600219726562,599.0800170898438,576.7897338867188,1624000
2023-12-05,598.530029296875,608.8800048828125,597.030029296875,605.3499755859375,582.8264770507812,2349700
2023-12-06,605.5,608.47998046875,603.8599853515625,607.4299926757812,584.8291015625,2233900
2023-12-07,610.0,612.3499755859375,606.3499755859375,610.9500122070312,588.2181396484375,1690400
2023-12-08,608.5999755859375,613.6099853515625,607.72998046875,610.780029296875,588.054443359375,1502100
2023-12-11,621.969970703125,625.030029296875,618.760009765625,623.8599853515625,600.647705078125,2139300
2023-12-12,627.4400024414062,629.6900024414062,623.2100219726562,629.5,606.077880859375,2374400
2023-12-13,633.9199829101562,642.5999755859375,631.0,642.0,618.1127319335938,2436900
2023-12-14,641.1799926757812,641.9000244140625,630.2999877929688,630.780029296875,607.3102416992188,3839200
2023-12-15,641.5,661.8800048828125,640.5,658.8200073242188,634.3070068359375,8807700
2023-12-18,664.5,681.9099731445312,661.0999755859375,681.239990234375,655.892822265625,5733400
2023-12-19,675.0,680.7999877929688,669.1199951171875,677.739990234375,652.5230102539062,3437300
2023-12-20,671.7899780273438,674.3499755859375,660.7999877929688,661.0,636.4058227539062,3782700
2023-12-21,665.8599853515625,667.3400268554688,659.4500122070312,665.1599731445312,640.4110717773438,2388400
2023-12-22,668.0,673.27001953125,666.0,671.5999755859375,646.6115112304688,1641700
2023-12-26,673.010009765625,675.8599853515625,670.780029296875,674.6199951171875,649.51904296875,1774800
2023-12-27,662.7000122070312,668.5800170898438,660.4000244140625,666.7999877929688,656.5891723632812,1875900
2023-12-28,665.8499755859375,666.8599853515625,661.5900268554688,663.0999755859375,652.94580078125,1496900
2023-12-29,661.0,663.1900024414062,657.1599731445312,660.0800170898438,649.97216796875,1947500
2024-01-02,655.5800170898438,657.7999877929688,649.5,650.6500244140625,640.6864624023438,2657700
2024-01-03,651.2100219726562,655.4500122070312,643.0999755859375,644.6900024414062,634.8178100585938,2612600
2024-01-04,642.0800170898438,649.9000244140625,640.510009765625,648.3499755859375,638.4217529296875,2171100
2024-01-05,656.1799926757812,659.6500244140625,652.239990234375,656.010009765625,645.9645385742188,2233500
2024-01-08,655.8099975585938,662.0800170898438,654.030029296875,661.6900024414062,651.557373046875,2245300
2024-01-09,658.8800048828125,667.2899780273438,658.260009765625,667.1799926757812,656.96337890625,1886200
2024-01-10,669.5599975585938,673.8300170898438,669.010009765625,672.760009765625,662.4579467773438,1801900
2024-01-11,671.0,674.510009765625,667.6400146484375,673.5800170898438,663.2654418945312,1670800
2024-01-12,677.5,683.719970703125,676.1099853515625,683.239990234375,672.77734375,2388400
2024-01-16,683.239990234375,686.52001953125,678.1599731445312,681.489990234375,671.0541381835938,1626700
2024-01-17,680.5,684.8699951171875,679.1900024414062,684.1900024414062,673.7128295898438,1786800
2024-01-18,682.8300170898438,687.719970703125,680.2100219726562,687.3099975585938,676.7850341796875,1900600
2024-01-19,688.5,696.1300048828125,682.6699829101562,694.969970703125,684.3278198242188,2267900
2024-01-22,695.4299926757812,698.6599731445312,690.52001953125,692.510009765625,681.9054565429688,2452900
2024-01-23,690.719970703125,691.6300048828125,684.6300048828125,687.5900268554688,677.0609130859375,2208600
2024-01-24,689.0,689.969970703125,683.1199951171875,686.510009765625,675.997314453125,1946500
2024-01-25,686.5,686.5,675.9600219726562,679.9000244140625,669.4886474609375,2751900
2024-01-26,680.0800170898438,687.239990234375,679.5,686.8800048828125,676.3616943359375,1825500
2024-01-29,689.9000244140625,694.1300048828125,686.260009765625,694.010009765625,683.3824462890625,2215400
2024-01-30,692.9400024414062,702.6500244140625,690.7999877929688,700.739990234375,690.0093994140625,1610500
2024-01-31,701.3200073242188,705.52001953125,693.0399780273438,694.8800048828125,684.2391357421875,1928500
2024-02-01,694.0,705.2999877929688,691.5,704.47998046875,694.7119140625,2039200
2024-02-02,703.3400268554688,714.280029296875,702.260009765625,709.47998046875,699.642578125,2377400
2024-02-05,710.6400146484375,712.8599853515625,705.6799926757812,711.1599731445312,701.2992553710938,2276900
2024-02-06,711.22998046875,712.719970703125,704.3400268554688,710.7899780273438,700.9343872070312,1920200
2024-02-07,714.1500244140625,723.3200073242188,712.0,719.780029296875,709.7998657226562,2145500
2024-02-08,723.8900146484375,728.1699829101562,720.6599731445312,724.1599731445312,714.1190185546875,1918500
2024-02-09,725.1400146484375,725.530029296875,720.1199951171875,723.4000244140625,713.36962890625,1426100
2024-02-12,723.52001953125,723.7999877929688,715.2999877929688,722.4099731445312,712.3933715820312,1572600
2024-02-13,721.3900146484375,721.780029296875,709.0399780273438,714.25,704.3463745117188,1951100
2024-02-14,716.0,722.5499877929688,711.0700073242188,722.1799926757812,712.16650390625,1472500
2024-02-15,721.489990234375,726.030029296875,718.280029296875,724.510009765625,714.4641723632812,1264100
2024-02-16,721.989990234375,729.0599975585938,718.5,723.989990234375,713.9513549804688,1764900
2024-02-20,728.030029296875,734.9600219726562,723.7100219726562,725.6900024414062,715.6278076171875,2407300
2024-02-21,725.6900024414062,728.7899780273438,720.27001953125,723.02001953125,712.994873046875,1564200
2024-02-22,725.8499755859375,736.0499877929688,725.8499755859375,734.4000244140625,724.2171630859375,1801600
2024-02-23,740.1199951171875,742.510009765625,737.1199951171875,737.9299926757812,727.6980590820312,1265800
2024-02-26,742.0,746.780029296875,739.0,745.3499755859375,735.0152587890625,1707000
2024-02-27,746.0,746.6400146484375,741.3300170898438,744.7100219726562,734.3840942382812,1471300
2024-02-28,743.2100219726562,751.8800048828125,743.2100219726562,747.9600219726562,737.5890502929688,1365000
2024-02-29,751.4199829101562,752.5599975585938,742.989990234375,743.8900146484375,733.5755615234375,3361200
2024-03-01,740.4400024414062,751.3800048828125,739.25,749.4400024414062,739.048583984375,1678100
2024-03-04,755.0800170898438,764.739990234375,753.6699829101562,759.1799926757812,748.6533813476562,2133400
2024-03-05,768.4199829101562,769.27001953125,756.9000244140625,759.9500122070312,749.4127197265625,2353400
2024-03-06,764.8400268554688,775.1599731445312,763.6599731445312,773.239990234375,762.5184326171875,2400600
2024-03-07,779.1099853515625,787.0800170898438,777.010009765625,785.5900268554688,774.6973876953125,4187900
2024-03-08,756.0499877929688,756.219970703125,725.0999755859375,725.5599975585938,715.4996337890625,8590200
2024-03-11,719.8099975585938,720.0,711.010009765625,714.0800170898438,704.1788330078125,3762500
2024-03-12,717.0800170898438,740.0499877929688,716.9099731445312,736.8800048828125,726.6627197265625,3727400
2024-03-13,735.0,736.5,726.5800170898438,734.2000122070312,724.019775390625,2270300
2024-03-14,738.3300170898438,740.6799926757812,728.989990234375,731.9500122070312,721.8009643554688,1826100
2024-03-15,732.52001953125,732.52001953125,723.219970703125,725.6300048828125,715.5687255859375,3390700
2024-03-18,726.0999755859375,733.3400268554688,726.02001953125,731.5399780273438,721.3967895507812,1595200
2024-03-19,731.7899780273438,735.3499755859375,730.02001953125,732.1699829101562,722.0178833007812,1322700
2024-03-20,731.0,742.0900268554688,729.1300048828125,740.719970703125,730.4494018554688,1398700
2024-03-21,743.5,752.3099975585938,741.0999755859375,742.5599975585938,732.263916015625,2106900
2024-03-22,744.4299926757812,744.7899780273438,734.3800048828125,734.7999877929688,724.6115112304688,1794100
2024-03-25,731.0,734.1599731445312,726.739990234375,730.9600219726562,720.8248291015625,1604700
2024-03-26,731.0,734.7000122070312,730.219970703125,730.97998046875,720.844482421875,1353500
2024-03-27,734.0,735.8900146484375,727.75,732.0800170898438,721.92919921875,1246700
2024-03-28,733.8499755859375,734.9000244140625,728.3200073242188,732.6300048828125,722.4716796875,1713300
2024-04-01,731.760009765625,733.27001953125,720.2000122070312,721.239990234375,711.2394409179688,1600700
2024-04-02,720.0,720.0,708.4000244140625,711.2999877929688,701.4373168945312,2326700
2024-04-03,709.97998046875,710.8099975585938,697.27001953125,705.6900024414062,695.905029296875,3205500
2024-04-04,708.77001953125,717.1300048828125,704.219970703125,704.8800048828125,695.1063842773438,2252400
2024-04-05,706.0399780273438,716.8900146484375,706.02001953125,713.719970703125,703.8237915039062,1552900
2024-04-08,713.510009765625,716.1400146484375,710.8699951171875,711.8099975585938,701.9403686523438,1459000
2024-04-09,716.239990234375,719.0499877929688,706.97998046875,718.5900268554688,708.6262817382812,1386400
2024-04-10,711.0,723.97998046875,708.9500122070312,722.5800170898438,712.5609130859375,1832000
2024-04-11,731.5,733.7899780273438,724.1500244140625,732.3499755859375,722.1954956054688,2107800
2024-04-12,728.0,732.9000244140625,726.5399780273438,731.3099975585938,721.169921875,1481800
2024-04-15,735.4299926757812,741.0,717.9500122070312,718.280029296875,708.3204956054688,1808000
2024-04-16,718.2999877929688,722.5,712.1300048828125,715.969970703125,706.0426025390625,1412300
2024-04-17,723.0,723.7999877929688,711.0,715.1900024414062,705.2733764648438,1376700
2024-04-18,715.1900024414062,718.9500122070312,709.5700073242188,711.25,701.3880615234375,1846400
2024-04-19,713.030029296875,714.8699951171875,702.0,709.510009765625,699.6722412109375,2190400
2024-04-22,714.8599853515625,718.260009765625,706.1699829101562,715.4600219726562,705.5397338867188,1437100
2024-04-23,719.030029296875,724.27001953125,716.2999877929688,722.6799926757812,712.6596069335938,1176200
2024-04-24,719.7100219726562,725.4299926757812,716.0900268554688,723.8900146484375,713.8528442382812,1206600
2024-04-25,727.2899780273438,727.2899780273438,714.4099731445312,721.8599853515625,712.9935302734375,1613600
2024-04-26,715.0,730.9500122070312,715.0,729.1799926757812,720.2235717773438,1524400
2024-04-29,729.530029296875,732.25,720.219970703125,726.3300170898438,717.4086303710938,1526900
2024-04-30,725.510009765625,725.510009765625,717.0999755859375,722.9000244140625,714.0208129882812,1734800
2024-05-01,722.27001953125,729.8599853515625,715.3200073242188,722.219970703125,713.3489990234375,1609100
2024-05-02,724.75,734.4000244140625,720.6300048828125,732.4400024414062,723.4435424804688,1826900
2024-05-03,734.280029296875,747.489990234375,733.3499755859375,743.9000244140625,734.7627563476562,2323300
2024-05-06,749.5900268554688,756.9400024414062,746.47998046875,756.4500122070312,747.1585693359375,1773300
2024-05-07,758.6900024414062,772.239990234375,755.5700073242188,771.3099975585938,761.8360595703125,1897800
2024-05-08,770.0,773.3900146484375,762.7100219726562,763.4099731445312,754.0330810546875,1511900
2024-05-09,763.7999877929688,779.7100219726562,763.6099853515625,779.0399780273438,769.4710083007812,1716200
2024-05-10,779.0399780273438,787.4500122070312,778.1599731445312,787.1900024414062,777.5211181640625,1652700
2024-05-13,788.0,789.47998046875,773.5800170898438,775.1500244140625,765.6290283203125,1596800
2024-05-14,774.9299926757812,780.8099975585938,771.4299926757812,777.9000244140625,768.34521484375,1327700
2024-05-15,778.52001953125,789.6599731445312,778.52001953125,787.0399780273438,777.3728637695312,1661700
2024-05-16,791.8099975585938,804.5599975585938,787.8300170898438,793.0700073242188,783.328857421875,2000000
2024-05-17,793.6099853515625,797.5999755859375,790.6099853515625,795.8099975585938,786.0350952148438,1309100
2024-05-20,795.25,802.97998046875,792.3900146484375,793.0,783.2596435546875,1347100
2024-05-21,795.5700073242188,801.4400024414062,792.0,800.9299926757812,791.09228515625,1375700
2024-05-22,800.0399780273438,806.3499755859375,798.010009765625,801.8599853515625,792.0108642578125,1192800
2024-05-23,804.2999877929688,808.0499877929688,795.4299926757812,796.3400268554688,786.5586547851562,1519200
2024-05-24,800.6300048828125,816.8699951171875,799.0900268554688,809.72998046875,799.7842407226562,1623000
2024-05-28,809.739990234375,815.2899780273438,804.719970703125,813.1699829101562,803.1820068359375,1986300
2024-05-29,807.02001953125,813.4400024414062,806.2899780273438,806.52001953125,796.6136474609375,2282800
2024-05-30,810.2000122070312,819.5,808.2999877929688,815.3400268554688,805.3253173828125,2277800
2024-05-31,809.030029296875,811.739990234375,788.2000122070312,809.8900146484375,799.9422607421875,4360700
2024-06-03,811.0,827.9099731445312,807.1300048828125,815.3900146484375,805.3746948242188,2008700
2024-06-04,814.97998046875,828.010009765625,813.0399780273438,827.3900146484375,817.227294921875,1754500
2024-06-05,830.9099731445312,834.3900146484375,821.6799926757812,834.2999877929688,824.0523681640625,2080000
2024-06-06,835.4199829101562,849.0900268554688,834.3200073242188,842.6400146484375,832.2899780273438,1735000
2024-06-07,846.6799926757812,850.3800048828125,842.2899780273438,845.5800170898438,835.19384765625,1593600
2024-06-10,847.1799926757812,849.47998046875,842.739990234375,848.3400268554688,837.9199829101562,1401600
2024-06-11,849.239990234375,850.9400024414062,840.260009765625,849.3099975585938,838.8780517578125,1690500
2024-06-12,852.3099975585938,855.739990234375,843.6099853515625,847.8099975585938,837.3965454101562,1838300
2024-06-13,847.8099975585938,847.8099975585938,837.5499877929688,845.9600219726562,835.5692749023438,1322400
2024-06-14,843.4199829101562,856.1799926757812,841.9099731445312,855.6699829101562,845.1599731445312,1395500
2024-06-17,854.489990234375,870.5599975585938,853.3699951171875,867.9099731445312,857.2494506835938,1904900
2024-06-18,868.0,873.9600219726562,867.7000122070312,870.75,860.0546264648438,1763800
2024-06-20,871.3099975585938,873.8499755859375,860.5599975585938,862.4400024414062,851.8467407226562,1944600
2024-06-21,866.6400146484375,866.969970703125,847.6500244140625,848.3099975585938,837.8903198242188,3833100
2024-06-24,850.0,850.6300048828125,841.510009765625,848.1599731445312,837.7421264648438,1722900
2024-06-25,849.3200073242188,855.6900024414062,845.0,855.510009765625,845.0018920898438,1564200
2024-06-26,852.719970703125,859.739990234375,850.0599975585938,856.8400268554688,846.3156127929688,1505300
2024-06-27,857.7100219726562,858.3300170898438,848.6400146484375,850.6199951171875,840.1719360351562,1254900
2024-06-28,851.25,857.239990234375,846.8099975585938,849.989990234375,839.5496826171875,2131700
2024-07-01,853.5,856.0,840.5,845.6699829101562,835.28271484375,1989000
2024-07-02,845.6900024414062,860.3599853515625,843.0800170898438,859.3599853515625,848.8046264648438,1377900
2024-07-03,855.0,863.52001953125,855.0,862.6599731445312,852.0640258789062,814400
2024-07-05,864.5599975585938,886.9400024414062,858.719970703125,885.6699829101562,874.79150390625,2620700
2024-07-08,886.7899780273438,887.9500122070312,877.6599731445312,880.8400268554688,870.0206909179688,1611300
2024-07-09,883.8499755859375,896.6699829101562,882.969970703125,886.8499755859375,875.9569702148438,1356800
2024-07-10,887.4000244140625,890.27001953125,880.7000122070312,884.3099975585938,873.4481811523438,1755800
2024-07-11,890.760009765625,890.760009765625,846.52001953125,846.5900268554688,836.1914672851562,6021100
2024-07-12,849.8900146484375,850.0,838.3800048828125,842.9000244140625,832.5468139648438,3288400
2024-07-15,846.8599853515625,857.9000244140625,844.6699829101562,848.72998046875,838.30517578125,2064000
2024-07-16,847.7999877929688,851.239990234375,841.3400268554688,850.77001953125,840.3201904296875,1687600
2024-07-17,848.010009765625,849.9500122070312,842.6500244140625,846.280029296875,835.8853149414062,1783100
2024-07-18,849.4299926757812,855.2999877929688,825.1099853515625,839.3699951171875,829.0601196289062,2338500
2024-07-19,836.510009765625,848.8800048828125,835.5599975585938,838.1300048828125,827.8353271484375,1984400
2024-07-22,845.75,849.5900268554688,838.5999755859375,847.4199829101562,837.01123046875,1920200
2024-07-23,848.9000244140625,854.5800170898438,845.5800170898438,852.1099853515625,841.6436157226562,1744100
2024-07-24,844.5999755859375,846.0,829.5,830.8200073242188,820.6151733398438,2511300
2024-07-25,835.7899780273438,836.6500244140625,814.280029296875,815.9500122070312,805.9278564453125,2183700
2024-07-26,818.0,822.280029296875,809.010009765625,817.5999755859375,808.7072143554688,1441500
2024-07-29,822.5599975585938,823.739990234375,814.0900268554688,815.5599975585938,806.6893920898438,1320400
2024-07-30,818.0,822.0,803.280029296875,810.030029296875,801.2196044921875,2017200
2024-07-31,820.4199829101562,825.47998046875,811.27001953125,822.0,813.059326171875,2135000
2024-08-01,818.5499877929688,824.1699829101562,809.6799926757812,816.8900146484375,808.0050048828125,1861400
2024-08-02,816.2000122070312,830.2899780273438,805.010009765625,822.0800170898438,813.138427734375,2598500
2024-08-05,798.0,810.8200073242188,793.0,801.8300170898438,793.108642578125,2820900
2024-08-06,805.0599975585938,833.0900268554688,805.0599975585938,816.8800048828125,807.9949951171875,2476300
2024-08-07,824.1099853515625,833.8300170898438,809.260009765625,810.2999877929688,801.4866943359375,1702000
2024-08-08,821.5,842.760009765625,820.4500122070312,839.4299926757812,830.2997436523438,2345000
2024-08-09,838.5,857.77001953125,837.6300048828125,854.9299926757812,845.6312255859375,1710600
2024-08-12,857.25,870.25,852.4000244140625,863.5700073242188,854.1771240234375,1748200
2024-08-13,864.9199829101562,868.0499877929688,856.1599731445312,864.8200073242188,855.41357421875,1484100
2024-08-14,864.8699951171875,866.72998046875,858.5,862.7100219726562,853.3265991210938,1341500
2024-08-15,872.8699951171875,880.3300170898438,869.0,877.3499755859375,867.8072509765625,1923800
2024-08-16,877.3499755859375,877.3499755859375,868.6199951171875,870.5900268554688,861.1209106445312,1516300
2024-08-19,870.5900268554688,873.6300048828125,868.7000122070312,872.3499755859375,862.8616333007812,1318400
2024-08-20,872.0,876.760009765625,871.1699829101562,876.2000122070312,866.669921875,1104600
2024-08-21,880.739990234375,891.1199951171875,877.219970703125,881.4199829101562,871.8330688476562,1465500
2024-08-22,882.2999877929688,884.0,873.1799926757812,877.5599975585938,868.0149536132812,1440900
2024-08-23,882.489990234375,884.5599975585938,871.6699829101562,879.2100219726562,869.6471557617188,1305800
2024-08-26,883.1699829101562,893.25,881.4400024414062,892.510009765625,882.8023681640625,1737000
2024-08-27,892.6900024414062,918.9299926757812,887.0700073242188,908.9000244140625,899.0142211914062,2098900
2024-08-28,910.9600219726562,912.219970703125,881.6599731445312,888.0499877929688,878.3909301757812,1668400
2024-08-29,891.0,900.4600219726562,885.1699829101562,886.6300048828125,876.986328125,1709900
2024-08-30,890.5,896.3300170898438,883.0999755859375,892.3800048828125,882.6738891601562,1933500
2024-09-03,896.6799926757812,896.8900146484375,874.4400024414062,878.5700073242188,869.0139770507812,1784200
2024-09-04,877.4500122070312,891.760009765625,876.5900268554688,890.02001953125,880.339599609375,1425200
2024-09-05,888.6300048828125,888.6300048828125,868.7000122070312,885.97998046875,876.3433837890625,1998800
2024-09-06,891.260009765625,893.2000122070312,871.0,876.6799926757812,867.14453125,2074600
2024-09-09,884.739990234375,898.8300170898438,881.7000122070312,896.489990234375,886.7390747070312,1954000
2024-09-10,892.5999755859375,900.6900024414062,887.52001953125,894.2899780273438,884.56298828125,1360800
2024-09-11,895.0,902.0,877.8699951171875,900.4000244140625,890.6066284179688,1796100
2024-09-12,900.4199829101562,915.7000122070312,896.510009765625,915.030029296875,905.077392578125,1867300
2024-09-13,913.6300048828125,923.8300170898438,909.3599853515625,916.0,906.0369262695312,1327500
2024-09-16,922.0,922.6300048828125,905.3499755859375,907.8699951171875,897.995361328125,1661000
2024-09-17,908.4299926757812,908.5999755859375,895.4500122070312,897.27001953125,887.5106811523438,1387000
2024-09-18,899.9400024414062,904.97998046875,890.9500122070312,892.52001953125,882.812255859375,1338200
2024-09-19,904.260009765625,905.1300048828125,895.5,900.739990234375,890.94287109375,1747500
2024-09-20,901.5700073242188,907.8099975585938,895.7000122070312,906.97998046875,897.1150512695312,4658200
2024-09-23,906.97998046875,919.5,900.780029296875,917.0800170898438,907.1052856445312,1697600
2024-09-24,912.010009765625,912.77001953125,897.530029296875,901.5399780273438,891.7341918945312,2432600
2024-09-25,903.0,910.3599853515625,901.1300048828125,908.4199829101562,898.5394287109375,1728100
2024-09-26,905.2999877929688,909.239990234375,898.1300048828125,901.4400024414062,891.63525390625,2738600
2024-09-27,893.260009765625,893.489990234375,874.0,885.6199951171875,875.9873657226562,3459100
2024-09-30,891.3699951171875,910.0,881.4099731445312,886.52001953125,876.877685546875,2142900
2024-10-01,885.25,886.989990234375,872.75,877.3800048828125,867.8370361328125,1836700
2024-10-02,874.6500244140625,881.22998046875,867.1599731445312,878.530029296875,868.9744873046875,1317100
2024-10-03,874.4400024414062,881.1799926757812,872.6699829101562,875.6699829101562,866.1456298828125,1451900
2024-10-04,877.989990234375,884.2899780273438,875.6699829101562,883.1099853515625,873.5046997070312,1516400
2024-10-07,881.5999755859375,887.7100219726562,872.3300170898438,873.5900268554688,864.0882568359375,1963200
2024-10-08,876.7000122070312,891.3099975585938,876.7000122070312,890.4199829101562,880.7351684570312,1697900
2024-10-09,892.239990234375,910.0,887.8699951171875,909.0999755859375,899.2119140625,1956500
2024-10-10,910.0,910.0,891.8400268554688,893.6300048828125,883.9102783203125,1765800
2024-10-11,894.5,894.5,885.5,889.030029296875,879.3603515625,1527300
2024-10-14,892.4500122070312,895.1699829101562,886.260009765625,889.760009765625,880.0823364257812,1431500
2024-10-15,892.0900268554688,900.6500244140625,889.5499877929688,894.6099853515625,884.8795776367188,1613900
2024-10-16,889.9199829101562,891.3300170898438,879.5,887.3800048828125,877.7282104492188,1475500
2024-10-17,891.5599975585938,895.3300170898438,882.7999877929688,885.2899780273438,875.6609497070312,1321500
2024-10-18,885.760009765625,890.6099853515625,883.75,889.5599975585938,879.8844604492188,1654000
2024-10-21,889.0,891.4000244140625,883.7000122070312,886.77001953125,877.124755859375,1184900
2024-10-22,890.97998046875,894.8900146484375,884.3099975585938,893.489990234375,883.771728515625,1189700
2024-10-23,896.02001953125,905.6799926757812,894.989990234375,899.1699829101562,889.3900146484375,2193500
2024-10-24,901.5,903.5,888.260009765625,893.4199829101562,883.7024536132812,1649600
2024-10-25,895.6500244140625,901.6199951171875,890.0,891.219970703125,881.5263671875,1425800
2024-10-28,895.989990234375,895.989990234375,890.0,890.9600219726562,881.2692260742188,912500
2024-10-29,890.0,891.1699829101562,874.0900268554688,886.989990234375,877.342529296875,1361700
2024-10-30,886.3800048828125,886.5700073242188,877.3699951171875,879.0900268554688,869.5283813476562,1412200
2024-10-31,877.2000122070312,877.6500244140625,868.6500244140625,874.1799926757812,864.6718139648438,1771900
2024-11-01,874.27001953125,879.4099731445312,867.3400268554688,877.3099975585938,868.9207763671875,1625200
2024-11-04,881.3400268554688,887.0,876.72998046875,886.0700073242188,877.5969848632812,1576700
2024-11-05,888.0,895.5800170898438,886.7999877929688,890.1699829101562,881.6577758789062,1622300
2024-11-06,898.280029296875,899.9000244140625,886.280029296875,899.25,890.6510620117188,2437400
2024-11-07,898.6199951171875,919.47998046875,894.3699951171875,913.9299926757812,905.1905517578125,2145500
2024-11-08,914.0,962.0,913.75,943.7999877929688,934.7749633789062,3277100
2024-11-11,943.7999877929688,951.280029296875,931.4400024414062,932.8800048828125,923.9594116210938,2181800
2024-11-12,935.9500122070312,939.5599975585938,927.0,932.3800048828125,923.4642333984375,1691400
2024-11-13,930.0,937.5900268554688,923.2000122070312,933.72998046875,924.80126953125,1757600
2024-11-14,927.0,931.1500244140625,922.1699829101562,923.8900146484375,915.055419921875,1859900
2024-11-15,917.739990234375,920.5499877929688,905.5599975585938,907.0700073242188,898.396240234375,2269900
2024-11-18,910.6400146484375,925.9400024414062,907.1099853515625,919.510009765625,910.7172241210938,1797300
2024-11-19,928.0,934.0,916.3599853515625,930.1500244140625,921.255615234375,1690500
2024-11-20,925.0800170898438,928.7999877929688,916.5,928.0800170898438,919.205322265625,1452100
2024-11-21,935.0,958.489990234375,930.0,955.6500244140625,946.5116577148438,2320500
2024-11-22,962.739990234375,976.2999877929688,958.52001953125,964.010009765625,954.7916870117188,2078700
2024-11-25,975.0,975.0,949.6900024414062,960.8900146484375,951.7015991210938,3240900
2024-11-26,964.0,974.3699951171875,960.8900146484375,971.5,962.2101440429688,1438000
2024-11-27,971.4600219726562,972.2899780273438,958.5900268554688,961.5499877929688,952.3553466796875,1499500
2024-11-29,968.0900268554688,973.27001953125,962.469970703125,971.8800048828125,962.58642578125,1095900
2024-12-02,971.3599853515625,976.5,964.760009765625,975.0,965.6766357421875,1955800
2024-12-03,974.6900024414062,983.0,970.760009765625,982.1500244140625,972.7582397460938,1653900
2024-12-04,982.0,991.1500244140625,977.5499877929688,990.9199829101562,981.4443359375,1784700
2024-12-05,986.6599731445312,990.1300048828125,978.2000122070312,982.260009765625,972.8672485351562,2089400
2024-12-06,982.260009765625,997.7100219726562,982.260009765625,992.6099853515625,983.1182861328125,1737300
2024-12-09,997.010009765625,997.010009765625,980.5,987.8599853515625,978.4136352539062,1855500
2024-12-10,989.72998046875,994.989990234375,985.8800048828125,993.4000244140625,983.9006958007812,1556800
2024-12-11,995.0,1007.7999877929688,993.5900268554688,994.6900024414062,985.1784057617188,1903600
2024-12-12,1001.6799926757812,1002.469970703125,987.2100219726562,988.3900146484375,978.9385375976562,2344300
2024-12-13,981.0,1006.6799926757812,965.72998046875,989.3499755859375,979.889404296875,2951900
2024-12-16,989.0499877929688,1008.25,986.3699951171875,992.8699951171875,983.3757934570312,2581300
2024-12-17,994.0,996.9199829101562,980.760009765625,982.0800170898438,972.6889038085938,2050200
2024-12-18,982.0,985.5999755859375,964.0,964.739990234375,955.5147705078125,2725300
2024-12-19,974.510009765625,974.6400146484375,953.510009765625,954.7999877929688,945.6697998046875,2610800
2024-12-20,949.3900146484375,961.9400024414062,943.0499877929688,954.0700073242188,944.9468994140625,5373800
2024-12-23,953.8800048828125,954.260009765625,937.0,949.9099731445312,940.8265380859375,1856800
2024-12-24,950.739990234375,959.3800048828125,945.4500122070312,958.8200073242188,949.6513671875,939000
2024-12-26,956.8200073242188,959.4099731445312,954.0,956.1400146484375,946.9970092773438,969000
2024-12-27,948.719970703125,950.4500122070312,932.0,939.7000122070312,930.7141723632812,1943400
2024-12-30,931.0,934.1699829101562,915.5,922.2100219726562,913.3914794921875,1881200
2024-12-31,923.6500244140625,924.739990234375,912.5399780273438,916.27001953125,907.5081787109375,1742900
2025-01-02,915.0,925.77001953125,902.0,909.8099975585938,901.1100463867188,1765100
2025-01-03,914.3300170898438,924.2100219726562,911.0,916.5800170898438,907.8153076171875,1612200
2025-01-06,917.97998046875,927.4099731445312,913.27001953125,922.7100219726562,913.8867797851562,1970400
2025-01-07,923.8400268554688,931.3099975585938,916.4299926757812,921.3699951171875,912.5593872070312,1888000
2025-01-08,922.97998046875,930.5,915.4199829101562,927.3699951171875,918.5020751953125,1774800
2025-01-10,933.3599853515625,944.280029296875,923.5,936.9400024414062,927.9806518554688,2765800
2025-01-13,934.0,934.989990234375,921.0,924.7000122070312,915.8575439453125,1693800
2025-01-14,924.2999877929688,927.760009765625,909.9199829101562,917.22998046875,908.4590454101562,1683800
2025-01-15,927.260009765625,932.8699951171875,918.2999877929688,923.5,914.6691284179688,1839400
2025-01-16,924.72998046875,927.4000244140625,917.8200073242188,919.75,910.9549560546875,1353000
2025-01-17,930.0,943.7999877929688,924.5700073242188,943.1900024414062,934.1708374023438,2375000
2025-01-21,945.25,956.5499877929688,943.5,947.72998046875,938.6673583984375,2042400
2025-01-22,951.22998046875,951.9400024414062,939.239990234375,944.7000122070312,935.6664428710938,2155000
2025-01-23,941.6900024414062,943.3900146484375,936.489990234375,942.1599731445312,933.150634765625,1352400
2025-01-24,942.1599731445312,946.0399780273438,933.5599975585938,939.6799926757812,930.6943969726562,1562400
2025-01-27,930.0,966.989990234375,927.1799926757812,965.25,956.0198974609375,3044700
2025-01-28,961.8300170898438,965.7100219726562,954.0700073242188,958.6699829101562,949.5027465820312,2166400
2025-01-29,957.7999877929688,968.260009765625,955.0,964.02001953125,954.8016967773438,1713700
2025-01-30,970.2999877929688,986.75,970.0999755859375,979.010009765625,969.6482543945312,1788200
2025-01-31,976.239990234375,991.0,975.780029296875,979.8800048828125,970.510009765625,1873800
2025-02-03,972.3900146484375,1009.6099853515625,968.9400024414062,1005.8300170898438,996.2117919921875,2751000
2025-02-04,1005.4000244140625,1024.3499755859375,999.6500244140625,1021.8599853515625,1012.088623046875,2001600
2025-02-05,1020.0,1043.0899658203125,1020.0,1042.8800048828125,1032.907470703125,2047600
2025-02-06,1050.0,1063.0,1044.199951171875,1050.989990234375,1040.9400634765625,2218000
2025-02-07,1047.0,1056.7099609375,1035.510009765625,1043.81005859375,1034.9710693359375,1632900
2025-02-10,1052.0,1063.0,1046.0,1061.9200439453125,1052.9276123046875,2036900
2025-02-11,1059.9100341796875,1066.0,1049.0400390625,1058.3399658203125,1049.3779296875,1748500
2025-02-12,1054.1500244140625,1067.0,1051.0,1065.1199951171875,1056.1004638671875,1662300
2025-02-13,1067.010009765625,1078.22998046875,1064.6500244140625,1076.8599853515625,1067.740966796875,1623300
2025-02-14,1076.47998046875,1077.489990234375,1068.010009765625,1071.8499755859375,1062.7734375,1410700
2025-02-18,1069.2099609375,1071.0,1045.239990234375,1056.030029296875,1047.0875244140625,2090600
2025-02-19,1056.06005859375,1063.1800537109375,1053.0,1062.5400390625,1053.5423583984375,1349600
2025-02-20,1053.6400146484375,1053.6400146484375,1033.8499755859375,1034.8299560546875,1026.06689453125,2000500
2025-02-21,1034.6099853515625,1036.2099609375,1024.6800537109375,1035.030029296875,1026.265380859375,1816300
2025-02-24,1028.5400390625,1038.18994140625,1025.219970703125,1035.5999755859375,1026.83056640625,1759700
2025-02-25,1040.72998046875,1057.02001953125,1037.4599609375,1055.6600341796875,1046.720703125,2083800
2025-02-26,1050.1400146484375,1058.8900146484375,1030.1800537109375,1031.969970703125,1023.231201171875,1555700
2025-02-27,1034.0,1042.530029296875,1018.8300170898438,1021.7100219726562,1013.05810546875,1629100
2025-02-28,1030.6099853515625,1049.3800048828125,1023.989990234375,1048.6099853515625,1039.7303466796875,3307100
2025-03-03,1051.739990234375,1066.0,1041.1400146484375,1046.8499755859375,1037.985107421875,2422500
2025-03-04,1045.72998046875,1047.9300537109375,1028.72998046875,1036.8699951171875,1028.0897216796875,2536800
2025-03-05,1033.0799560546875,1050.97998046875,1028.5,1047.75,1038.877685546875,1898600
2025-03-06,1032.949951171875,1045.8900146484375,1019.0499877929688,1026.6199951171875,1017.926513671875,2594600
2025-03-07,995.1500244140625,1002.4199829101562,942.780029296875,964.3099975585938,956.1441650390625,5510700
2025-03-10,955.469970703125,959.6599731445312,924.030029296875,934.4099731445312,926.4973754882812,4459900
2025-03-11,931.0,938.0,921.2000122070312,930.489990234375,922.610595703125,3204900
2025-03-12,938.0,944.3800048828125,923.25,927.0800170898438,919.2294311523438,2331600
2025-03-13,922.0,923.5,887.469970703125,890.6199951171875,883.0781860351562,3447200
2025-03-14,891.8099975585938,906.9500122070312,881.5599975585938,903.9199829101562,896.2655639648438,3186400
2025-03-17,901.6300048828125,923.3900146484375,898.0,916.6099853515625,908.8480224609375,2256100
2025-03-18,913.0,917.5599975585938,896.8400268554688,898.0499877929688,890.4451904296875,2182000
2025-03-19,902.8599853515625,910.1599731445312,896.0,904.0499877929688,896.39453125,1908500
2025-03-20,901.5,907.47998046875,894.0999755859375,895.4000244140625,887.8177490234375,1891800
2025-03-21,888.75,909.77001953125,883.9600219726562,909.260009765625,901.5603637695312,3447600
2025-03-24,920.0,928.6500244140625,920.0,926.0399780273438,918.1981201171875,2208100
2025-03-25,926.6300048828125,932.2899780273438,922.489990234375,930.260009765625,922.3824462890625,1623000
2025-03-26,934.3300170898438,939.4199829101562,923.4500122070312,929.75,921.8768310546875,1644700
2025-03-27,929.5599975585938,942.9000244140625,928.0,938.75,930.8006591796875,1547000
2025-03-28,937.5,938.75,926.0,929.6599731445312,921.78759765625,2100500
2025-03-31,922.3599853515625,995.0,922.0399780273438,945.780029296875,937.7710571289062,3102000
2025-04-01,942.4199829101562,957.719970703125,938.75,954.4000244140625,946.3180541992188,2041500
2025-04-02,950.8400268554688,970.8900146484375,950.0,965.0800170898438,956.9075927734375,1719900
2025-04-03,931.0800170898438,981.3499755859375,928.0,967.0800170898438,958.8907470703125,3096900
2025-04-04,955.0,964.52001953125,914.1400146484375,916.47998046875,908.7191772460938,5167000
2025-04-07,887.75,937.8200073242188,871.7100219726562,908.1300048828125,900.4398803710938,4626600
2025-04-08,932.0499877929688,942.989990234375,899.5700073242188,908.75,901.0546264648438,3545400
2025-04-09,908.0,967.4600219726562,897.6699829101562,965.1900024414062,957.0167846679688,5084500
2025-04-10,966.5,993.4099731445312,942.8900146484375,964.3099975585938,956.1441650390625,4209100
2025-04-11,963.9600219726562,970.2100219726562,943.1599731445312,963.4099731445312,955.2517700195312,2721800
2025-04-14,970.0,987.1300048828125,965.0,979.3200073242188,971.027099609375,2219900
2025-04-15,985.3499755859375,994.0,974.25,976.9199829101562,968.6473388671875,1788200
2025-04-16,972.1300048828125,978.6500244140625,959.239990234375,967.75,959.5549926757812,2531700
2025-04-17,973.280029296875,999.9199829101562,971.989990234375,994.5,986.0784912109375,2711100
2025-04-21,993.0,996.989990234375,942.969970703125,957.77001953125,949.6594848632812,2841300
2025-04-22,969.75,987.4500122070312,966.780029296875,979.22998046875,970.9378051757812,2230600
2025-04-23,994.52001953125,995.75,969.0,975.8400268554688,967.5764770507812,2109700
2025-04-24,973.5999755859375,978.0,960.7100219726562,975.47998046875,967.2196044921875,2468500
2025-04-25,973.969970703125,978.3200073242188,962.8800048828125,977.1599731445312,968.8853149414062,1780900
2025-04-28,978.5,985.2999877929688,968.780029296875,978.5399780273438,970.253662109375,1616200
2025-04-29,978.0,993.2100219726562,971.0599975585938,991.7000122070312,983.30224609375,1523100
2025-04-30,990.0,997.760009765625,976.5499877929688,994.5,986.0784912109375,2212400
2025-05-01,990.0999755859375,1006.3800048828125,985.0,999.0399780273438,990.580078125,1829900
2025-05-02,1007.8300170898438,1018.0,1004.6099853515625,1008.2999877929688,1001.064208984375,1547400
2025-05-05,1007.510009765625,1017.780029296875,1002.5,1014.8900146484375,1007.6069946289062,1952600
2025-05-06,1008.4500122070312,1016.22998046875,1003.510009765625,1010.5,1003.2484741210938,1381200
2025-05-07,1011.1799926757812,1014.0999755859375,1001.469970703125,1007.1500244140625,999.9225463867188,1316000
2025-05-08,1013.5,1017.0,991.4000244140625,1007.7100219726562,1000.4785766601562,1882600
2025-05-09,1004.6099853515625,1010.7100219726562,998.0499877929688,1008.0900268554688,1000.8558349609375,1176700
2025-05-12,1009.7899780273438,1016.9099731445312,992.239990234375,1016.1500244140625,1008.8579711914062,2069000
2025-05-13,1013.719970703125,1023.8300170898438,987.5999755859375,999.030029296875,991.86083984375,2917000
2025-05-14,998.760009765625,999.8599853515625,990.52001953125,991.5399780273438,984.4246215820312,2215000
2025-05-15,992.6500244140625,1014.0,983.0,1010.469970703125,1003.2186279296875,2470700
2025-05-16,1012.489990234375,1028.260009765625,1009.0,1025.8299560546875,1018.4684448242188,2033700
2025-05-19,1018.5999755859375,1034.989990234375,1012.8900146484375,1034.3399658203125,1026.91748046875,1879800
2025-05-20,1030.010009765625,1038.0,1030.010009765625,1036.8199462890625,1029.3795166015625,2271200
2025-05-21,1030.93994140625,1039.469970703125,1023.7999877929688,1025.300048828125,1017.9422607421875,1438900
2025-05-22,1027.719970703125,1028.780029296875,1014.1199951171875,1018.1300048828125,1010.82373046875,1660900
2025-05-23,1012.0,1015.1099853515625,1007.0,1008.5,1001.2628784179688,1413900
2025-05-27,1015.0,1018.9500122070312,1010.9299926757812,1017.7899780273438,1010.4861450195312,1868200
2025-05-28,1017.0499877929688,1024.6199951171875,1012.9600219726562,1013.1400146484375,1005.8695678710938,1674700
2025-05-29,1016.010009765625,1017.5399780273438,1003.5999755859375,1008.739990234375,1001.5010986328125,2016700
2025-05-30,1002.2999877929688,1052.489990234375,1002.0,1040.1800537109375,1032.7154541015625,5403800
2025-06-02,1034.27001953125,1060.5,1034.27001953125,1056.8499755859375,1049.265869140625,2148000
2025-06-03,1054.1500244140625,1067.0799560546875,1043.260009765625,1055.5899658203125,1048.014892578125,1992900
2025-06-04,1055.0,1057.8299560546875,1049.3699951171875,1051.68994140625,1044.142822265625,1422100
2025-06-05,1050.0,1051.050048828125,1006.010009765625,1010.8099975585938,1003.5562133789062,3289400
2025-06-06,1020.6300048828125,1020.6300048828125,1008.6099853515625,1014.9400024414062,1007.6566162109375,1855400
2025-06-09,1012.4199829101562,1013.3499755859375,996.969970703125,1006.1799926757812,998.95947265625,1696700
2025-06-10,1006.9299926757812,1011.510009765625,997.719970703125,1007.27001953125,1000.0416870117188,2255000
2025-06-11,1002.4400024414062,1005.4400024414062,993.3800048828125,996.780029296875,989.626953125,2459800
2025-06-12,999.0,1003.25,995.3599853515625,1002.7100219726562,995.514404296875,1720100
2025-06-13,999.0800170898438,1003.5900268554688,988.6699829101562,990.2100219726562,983.1040649414062,1786000
2025-06-16,992.3300170898438,1001.8499755859375,981.4400024414062,984.3599853515625,977.2960205078125,2109300
2025-06-17,983.0,986.0999755859375,976.2000122070312,977.719970703125,970.7036743164062,1668200
2025-06-18,980.0,982.6500244140625,974.0700073242188,974.9000244140625,967.9039916992188,1509600
2025-06-20,983.989990234375,988.6599731445312,973.9000244140625,980.2899780273438,973.2553100585938,3255700
2025-06-23,983.1500244140625,1004.8699951171875,981.260009765625,1004.47998046875,997.271728515625,2082900
2025-06-24,1005.8400268554688,1005.8400268554688,992.0700073242188,1001.9199829101562,994.72998046875,2385100
2025-06-25,1003.0,1004.97998046875,986.0,986.5399780273438,979.4603881835938,1827700
2025-06-26,987.72998046875,987.72998046875,976.5,982.9099731445312,975.8564453125,2262800
2025-06-27,982.239990234375,993.1400146484375,980.2999877929688,985.1400146484375,978.070556640625,2129200
2025-06-30,985.1599731445312,991.739990234375,979.75,989.9400024414062,982.8360595703125,2127600
2025-07-01,990.0,996.8400268554688,974.5,985.9600219726562,978.8846435546875,2200600
2025-07-02,983.8699951171875,985.7000122070312,976.8699951171875,982.3599853515625,975.3104858398438,1606100
2025-07-03,982.4099731445312,987.6699829101562,977.3300170898438,987.02001953125,979.9369506835938,1101400
2025-07-07,985.0,992.8900146484375,976.2000122070312,992.1799926757812,985.0599365234375,1832600
2025-07-08,989.5,995.8699951171875,983.9299926757812,985.8400268554688,978.7654418945312,1716200
2025-07-09,988.3900146484375,988.3900146484375,972.280029296875,982.0900268554688,975.0424194335938,2922600
2025-07-10,987.0,988.0,969.0700073242188,970.1699829101562,963.2078857421875,2897000
2025-07-11,973.2899780273438,978.97998046875,965.7000122070312,970.3300170898438,963.3667602539062,1942000
2025-07-14,971.0999755859375,981.489990234375,969.6199951171875,980.9099731445312,973.8707275390625,1679300
2025-07-15,979.25,980.25,966.6599731445312,967.6799926757812,960.7357788085938,1878000
2025-07-16,967.989990234375,969.5900268554688,950.1300048828125,951.3699951171875,944.5427856445312,2950300
2025-07-17,950.3599853515625,954.75,947.510009765625,953.9099731445312,947.0645751953125,2280600
2025-07-18,959.9500122070312,960.260009765625,949.6500244140625,950.9500122070312,944.1257934570312,2115500
2025-07-21,951.510009765625,955.760009765625,946.5999755859375,947.5599975585938,940.7601318359375,1742400
2025-07-22,948.7999877929688,957.7000122070312,941.25,941.6099853515625,934.8529052734375,1799900
2025-07-23,942.3800048828125,948.5,936.0,941.1900024414062,934.4358520507812,2401600
2025-07-24,941.3300170898438,942.9000244140625,933.489990234375,933.7999877929688,927.098876953125,2057100
2025-07-25,936.2999877929688,941.2899780273438,934.3499755859375,935.47998046875,928.7667236328125,1827700
2025-07-28,935.5,940.239990234375,930.8900146484375,933.989990234375,927.2875366210938,2006300
2025-07-29,933.989990234375,941.7899780273438,927.3800048828125,934.5700073242188,927.8634033203125,2065900
2025-07-30,935.0,937.75,925.1400146484375,927.510009765625,920.8541259765625,1699600
2025-07-31,925.3599853515625,945.9500122070312,925.0,939.6400146484375,932.8970336914062,2564400
2025-08-01,939.5,956.719970703125,939.5,952.52001953125,946.9947509765625,2934500
2025-08-04,952.5999755859375,960.1799926757812,948.6599731445312,955.3699951171875,949.8281860351562,2389900
2025-08-05,951.3300170898438,951.5,935.6799926757812,943.6300048828125,938.1563110351562,2462300
2025-08-06,943.6300048828125,970.5499877929688,942.6599731445312,968.5599975585938,962.941650390625,2753000
2025-08-07,974.6799926757812,982.0,970.9600219726562,977.4500122070312,971.7800903320312,1893300
2025-08-08,977.1500244140625,988.2000122070312,977.0,980.97998046875,975.2896118164062,2189700
2025-08-11,983.1599731445312,989.5800170898438,976.3200073242188,988.739990234375,983.0045776367188,2290100
2025-08-12,988.5,991.75,980.0499877929688,991.25,985.5,1588500
2025-08-13,983.9600219726562,986.4000244140625,970.0999755859375,978.8499755859375,973.1719970703125,2352600
2025-08-14,980.5999755859375,988.2899780273438,975.1799926757812,975.3900146484375,969.7320556640625,1808700
2025-08-15,979.1400146484375,980.0,967.219970703125,972.0399780273438,966.4014282226562,1638300
2025-08-18,973.2999877929688,981.280029296875,970.0,979.3499755859375,973.6690673828125,2078500
2025-08-19,978.6199951171875,988.530029296875,976.7899780273438,980.8499755859375,975.1603393554688,1673400
2025-08-20,979.0,999.2999877929688,979.0,994.5700073242188,988.8008422851562,2229600
2025-08-21,988.9000244140625,989.3200073242188,967.52001953125,969.6799926757812,964.05517578125,2145600
2025-08-22,971.5399780273438,973.5,953.1099853515625,958.5399780273438,952.979736328125,3136000
2025-08-25,954.9600219726562,958.2999877929688,940.5599975585938,941.5800170898438,936.1181640625,2284300
2025-08-26,941.3400268554688,944.0499877929688,933.25,941.3400268554688,935.8795776367188,4341300
2025-08-27,940.489990234375,952.0,937.219970703125,949.52001953125,944.0121459960938,1893600
2025-08-28,950.2899780273438,951.0,944.1300048828125,944.9600219726562,939.478515625,2067900
2025-08-29,945.0,948.6099853515625,940.4600219726562,943.3200073242188,937.8480834960938,1609000
2025-09-02,938.6599731445312,944.510009765625,936.5800170898438,938.8200073242188,933.3741455078125,1793900
2025-09-03,939.0,950.0900268554688,936.5,949.780029296875,944.2706909179688,1670500
2025-09-04,953.4000244140625,959.5,951.1099853515625,955.9000244140625,950.3551025390625,1471900
2025-09-05,958.7100219726562,969.5499877929688,956.219970703125,963.47998046875,957.89111328125,1928500
2025-09-08,963.72998046875,972.3400268554688,958.5900268554688,971.8499755859375,966.2125854492188,1737000
2025-09-09,970.0,979.8699951171875,963.1099853515625,979.25,973.5696411132812,1496800
2025-09-10,976.3900146484375,981.0,953.9600219726562,956.2899780273438,950.7427978515625,2277500
2025-09-11,957.7999877929688,965.1599731445312,954.280029296875,964.3200073242188,958.726318359375,1532000
2025-09-12,960.2899780273438,969.5700073242188,960.0,967.9000244140625,962.2855224609375,1461600
2025-09-15,967.8200073242188,969.739990234375,959.7100219726562,960.0999755859375,954.5307006835938,2199400
2025-09-16,959.0999755859375,959.5800170898438,950.7999877929688,952.0700073242188,946.54736328125,2012600
2025-09-17,953.489990234375,963.97998046875,953.489990234375,963.030029296875,957.4437255859375,1556800
2025-09-18,957.3699951171875,962.5399780273438,950.6699829101562,952.3599853515625,946.8356323242188,1860900
2025-09-19,955.0,957.4400024414062,943.7899780273438,951.1599731445312,945.642578125,4606000
2025-09-22,947.3800048828125,950.0,939.6099853515625,943.260009765625,937.7883911132812,2794300
2025-09-23,942.760009765625,944.989990234375,933.5,943.5999755859375,938.12646484375,3258500
2025-09-24,944.280029296875,953.6599731445312,943.1099853515625,945.27001953125,939.7867431640625,2149800
2025-09-25,952.4500122070312,953.0,935.6199951171875,943.3099975585938,937.838134765625,2991500
2025-09-26,925.5499877929688,927.6300048828125,905.0499877929688,915.9500122070312,910.6369018554688,4812900
2025-09-29,916.3400268554688,917.219970703125,903.2899780273438,916.8699951171875,911.5514526367188,4107000
2025-09-30,916.25,930.510009765625,913.3699951171875,925.6300048828125,920.2606811523438,3096700
2025-10-01,923.0,924.0,911.1699829101562,917.3400268554688,912.0188598632812,2642100
2025-10-02,912.5599975585938,918.510009765625,910.010009765625,916.77001953125,911.4520874023438,2063800
2025-10-03,915.5900268554688,918.0999755859375,911.2000122070312,915.3800048828125,910.0701293945312,2319200
2025-10-06,915.5,915.780029296875,904.25,910.9400024414062,905.6558227539062,2504000
2025-10-07,908.72998046875,917.6400146484375,903.8800048828125,914.7999877929688,909.493408203125,2601800
2025-10-08,912.5399780273438,916.3800048828125,910.9600219726562,914.7999877929688,909.493408203125,2376900
2025-10-09,932.3099975585938,943.77001953125,927.280029296875,942.8900146484375,937.4205322265625,3742900
2025-10-10,944.4199829101562,945.4500122070312,929.0,930.010009765625,924.6152954101562,3142500
2025-10-13,929.0,935.97998046875,923.0,935.5599975585938,930.1331176757812,2169600
2025-10-14,940.260009765625,947.4199829101562,935.9500122070312,946.510009765625,941.0195922851562,1925900
2025-10-15,946.0,964.0,945.260009765625,954.989990234375,949.4503784179688,2009800
2025-10-16,955.5399780273438,957.9000244140625,921.1599731445312,925.6199951171875,920.2506713867188,2721400
2025-10-17,929.5800170898438,938.8200073242188,928.1500244140625,936.3300170898438,930.8986206054688,2502200
2025-10-20,936.1900024414062,939.7999877929688,931.5,936.1099853515625,930.6798706054688,1523700
2025-10-21,936.1099853515625,943.3699951171875,935.0,937.5,932.0618286132812,1448200
2025-10-22,940.0,953.0,932.5,944.6799926757812,939.2001953125,2372400
2025-10-23,945.469970703125,945.469970703125,934.489990234375,942.0499877929688,936.5853881835938,1974800
2025-10-24,940.0,943.0,930.1500244140625,932.1400146484375,926.73291015625,1639400
2025-10-27,930.2100219726562,933.2000122070312,925.1199951171875,929.8499755859375,924.4561767578125,1967600
2025-10-28,926.8699951171875,930.719970703125,920.2000122070312,924.1599731445312,918.7991943359375,2090800
2025-10-29,919.0,919.8800048828125,909.2999877929688,912.4199829101562,907.1272583007812,2449600
2025-10-30,912.6900024414062,923.0,910.3699951171875,920.1799926757812,914.84228515625,2677100
2025-10-31,916.2100219726562,920.0,909.6799926757812,911.4500122070312,907.4449462890625,2456300
2025-11-03,912.4000244140625,929.1900024414062,908.3800048828125,928.0399780273438,923.9620361328125,3206600
2025-11-04,933.2100219726562,941.1699829101562,928.969970703125,940.739990234375,936.6062622070312,2554500
2025-11-05,940.0,945.280029296875,927.4400024414062,935.030029296875,930.9213256835938,2974800
2025-11-06,924.3599853515625,925.0,908.2999877929688,923.5800170898438,919.5216674804688,3247700
2025-11-07,929.530029296875,937.0,920.7899780273438,922.739990234375,918.685302734375,2584000
2025-11-10,919.0,922.0,909.0700073242188,915.5599975585938,911.536865234375,2612700
2025-11-11,916.5,918.8900146484375,913.0,913.8599853515625,909.8443603515625,1663400
2025-11-12,915.469970703125,918.0999755859375,911.6699829101562,914.0,909.9837036132812,1829700
2025-11-13,916.3499755859375,926.75,911.719970703125,925.0800170898438,921.0150146484375,2430600
2025-11-14,927.1300048828125,928.8900146484375,915.0999755859375,922.97998046875,918.9242553710938,1739100
2025-11-17,922.02001953125,924.9000244140625,908.8099975585938,912.5900268554688,908.5799560546875,2481900
2025-11-18,912.5900268554688,918.9099731445312,894.1699829101562,895.0800170898438,891.1468505859375,2984700
2025-11-19,895.0,895.0,873.969970703125,890.5999755859375,886.6865844726562,3462300
2025-11-20,893.5,904.5700073242188,891.0,893.2899780273438,889.36474609375,2648300
2025-11-21,894.52001953125,905.3200073242188,892.1300048828125,899.010009765625,895.0595703125,2870100
2025-11-24,899.0,901.3599853515625,881.3200073242188,886.1199951171875,882.2262573242188,3661200
2025-11-25,886.6599731445312,895.719970703125,885.1300048828125,894.3300170898438,890.400146484375,2534700
2025-11-26,896.02001953125,912.0,895.6199951171875,908.260009765625,904.2689819335938,1936200
2025-11-28,905.02001953125,914.2000122070312,903.0,913.5900268554688,909.5755615234375,1092600
2025-12-01,913.2000122070312,918.5800170898438,906.2100219726562,911.9600219726562,907.9527587890625,2149400
2025-12-02,911.9600219726562,923.0,905.0,922.030029296875,917.9784545898438,2160600
2025-12-03,920.8099975585938,926.3200073242188,916.02001953125,922.260009765625,918.2073974609375,1886800
2025-12-04,907.030029296875,907.9600219726562,888.0800170898438,895.8599853515625,891.9234008789062,3787800
2025-12-05,897.25,905.8900146484375,893.0,894.6799926757812,890.7486572265625,2359800
2025-12-08,893.5,894.0,882.9000244140625,887.52001953125,883.6200561523438,2407900
2025-12-09,886.8499755859375,889.02001953125,881.510009765625,888.4400024414062,884.5360717773438,1899500
2025-12-10,887.8200073242188,889.5800170898438,871.0900268554688,874.4099731445312,870.567626953125,3318300
2025-12-11,875.8599853515625,886.0,872.5499877929688,884.47998046875,880.5933837890625,3041600
2025-12-12,883.2999877929688,888.6199951171875,867.1199951171875,884.469970703125,880.5834350585938,4808900
2025-12-15,882.1099853515625,887.489990234375,851.4000244140625,860.5599975585938,856.778564453125,4771400
2025-12-16,857.4400024414062,863.5900268554688,844.0599975585938,860.3900146484375,856.6093139648438,3843300
2025-12-17,858.5,868.5800170898438,858.22998046875,862.6500244140625,858.859375,2363700
2025-12-18,860.2999877929688,863.1500244140625,852.510009765625,857.5900268554688,853.8215942382812,2467500
2025-12-19,856.5700073242188,858.4500122070312,849.3200073242188,855.6199951171875,851.8602294921875,10097600
2025-12-22,854.0,855.5,847.3099975585938,850.0,846.2650146484375,2373300
2025-12-23,849.0999755859375,854.97998046875,846.7999877929688,854.7899780273438,851.0338745117188,1903300
2025-12-24,858.5999755859375,876.0,858.3499755859375,871.8599853515625,868.0289306640625,1822200
2025-12-26,870.6400146484375,877.5900268554688,869.0,873.3499755859375,869.5123291015625,1324100
2025-12-29,873.2899780273438,874.5,865.6900024414062,867.8400268554688,864.026611328125,1792500
2025-12-30,864.0,867.8200073242188,861.4299926757812,865.6500244140625,861.8462524414062,1680800
2025-12-31,864.5800170898438,868.0,861.3400268554688,862.3400268554688,858.5507202148438,1490000
2026-01-02,861.1400146484375,863.0999755859375,852.5,854.5,850.7451782226562,2373400
2026-01-05,863.9500122070312,878.77001953125,860.8499755859375,875.739990234375,871.891845703125,2805600
2026-01-06,875.9500122070312,894.0800170898438,871.2999877929688,889.0999755859375,885.1930541992188,2742300
2026-01-07,892.0,893.5999755859375,879.6199951171875,882.5800170898438,878.7018432617188,2680100
2026-01-08,901.1300048828125,931.6699829101562,896.0,915.3099975585938,911.2879638671875,5207200
2026-01-09,915.969970703125,929.8499755859375,911.3300170898438,924.8800048828125,920.8159790039062,2895400
2026-01-12,920.4000244140625,944.8300170898438,917.0,943.0800170898438,938.9359741210938,3246400
2026-01-13,938.02001953125,942.9000244140625,929.5999755859375,941.9299926757812,937.7909545898438,2222100
2026-01-14,938.3300170898438,955.6099853515625,938.2899780273438,950.97998046875,946.8012084960938,2894900
2026-01-15,954.5399780273438,958.280029296875,950.0,956.75,952.5458374023438,2185900
2026-01-16,962.0,964.97998046875,951.0,963.6099853515625,959.375732421875,3862900
2026-01-20,958.3800048828125,969.9000244140625,954.1300048828125,964.260009765625,960.0228881835938,3209900
2026-01-21,959.5999755859375,989.6400146484375,959.5999755859375,982.8599853515625,978.5411376953125,4073700
2026-01-22,977.8900146484375,984.0,971.5599975585938,976.1699829101562,971.8804931640625,2074400
2026-01-23,971.4400024414062,984.8499755859375,971.010009765625,983.25,978.929443359375,1680600
2026-01-26,986.4299926757812,993.0,976.3499755859375,977.6699829101562,973.3739013671875,2458700
2026-01-27,977.6799926757812,978.0,961.7100219726562,970.280029296875,966.0164184570312,2077900
2026-01-28,969.510009765625,970.0999755859375,955.6099853515625,960.780029296875,956.5581665039062,2474800
2026-01-29,957.989990234375,960.2999877929688,948.510009765625,952.8900146484375,948.7028198242188,1825000
2026-01-30,948.8300170898438,951.1199951171875,930.2999877929688,940.25,937.3972778320312,2396300
2026-02-02,944.22998046875,970.3200073242188,931.27001953125,968.3599853515625,965.4219970703125,2451300
2026-02-03,964.3499755859375,990.6500244140625,964.280029296875,977.9199829101562,974.9529418945312,2960700
2026-02-04,983.3099975585938,994.5999755859375,975.1900024414062,978.3499755859375,975.3816528320312,2631500
2026-02-05,995.5,1000.9500122070312,987.3300170898438,989.2899780273438,986.2884521484375,2988800
2026-02-06,988.1500244140625,1001.3699951171875,983.5,1001.1599731445312,998.1224365234375,2358600
2026-02-09,1001.3200073242188,1009.6199951171875,992.6799926757812,997.5900268554688,994.5632934570312,1861700
2026-02-10,996.010009765625,997.4500122070312,969.0,971.22998046875,968.2832641601562,1781500
2026-02-11,973.2899780273438,989.5700073242188,967.1199951171875,978.1400146484375,975.17236328125,1769400
2026-02-12,978.75,1009.2100219726562,978.1400146484375,998.8599853515625,995.8294067382812,2970400
2026-02-13,1000.0,1022.8800048828125,993.760009765625,1018.47998046875,1015.389892578125,2661600
2026-02-17,1022.3400268554688,1028.43994140625,1010.47998046875,1012.0499877929688,1008.9794311523438,1732200
2026-02-18,1010.0,1016.0,993.5,996.0800170898438,993.0579223632812,1926800
2026-02-19,992.3099975585938,1007.8599853515625,984.1099853515625,987.8200073242188,984.8229370117188,1750000
2026-02-20,983.1300048828125,987.3699951171875,977.8099975585938,985.27001953125,982.2806396484375,1662200
2026-02-23,981.7999877929688,991.3099975585938,978.0599975585938,986.02001953125,983.0284423828125,1489300
2026-02-24,986.3800048828125,998.8800048828125,985.0399780273438,998.4299926757812,995.4007568359375,1671100
2026-02-25,997.6799926757812,1002.5,991.4400024414062,994.760009765625,991.7418823242188,1554600
2026-02-26,996.9199829101562,1005.52001953125,983.530029296875,986.739990234375,983.7462158203125,1804400
2026-02-27,990.530029296875,1014.1900024414062,989.5800170898438,1010.7899780273438,1007.7232666015625,3935000
2026-03-02,1010.9099731445312,1020.8200073242188,1002.489990234375,1002.77001953125,999.7276000976562,1986900
2026-03-03,1002.5399780273438,1015.75,1000.6300048828125,1007.77001953125,1004.71240234375,1947100
2026-03-04,1005.0,1014.0,997.0,1006.739990234375,1003.685546875,1806600
2026-03-05,996.5,999.25,978.8099975585938,982.5700073242188,979.5889282226562,2766000
2026-03-06,967.010009765625,1002.5,960.4600219726562,998.0999755859375,995.0717163085938,2708900
2026-03-09,999.6300048828125,1007.4099731445312,987.989990234375,1005.2999877929688,1002.2498779296875,2348200
2026-03-10,1000.5,1010.0999755859375,996.0,997.3599853515625,994.3339233398438,1613400
2026-03-11,996.3200073242188,997.3900146484375,987.8900146484375,992.22998046875,989.2195434570312,1260500
2026-03-12,988.6099853515625,1006.2100219726562,984.0,1003.3200073242188,1000.2759399414062,1669200
2026-03-13,1005.9000244140625,1012.8300170898438,1002.0,1008.4299926757812,1005.3704223632812,1469700
2026-03-16,1010.5,1012.6500244140625,995.4299926757812,1001.739990234375,998.70068359375,1243400
2026-03-17,1006.489990234375,1008.0999755859375,994.75,996.1599731445312,993.1376342773438,1210400
2026-03-18,990.3699951171875,993.97998046875,978.1400146484375,979.9199829101562,976.9468383789062,1434400
2026-03-19,985.8400268554688,988.7899780273438,970.4099731445312,974.780029296875,971.822509765625,1340200
2026-03-20,975.0800170898438,980.760009765625,970.5399780273438,972.3300170898438,969.3799438476562,2621600
2026-03-23,985.6699829101562,986.6400146484375,964.530029296875,965.72998046875,962.7999267578125,1779100
2026-03-24,962.0599975585938,981.280029296875,961.0,973.8200073242188,970.8654174804688,1259300
2026-03-25,978.0,980.8099975585938,968.0499877929688,974.8599853515625,971.9022827148438,1067100
2026-03-26,975.6900024414062,987.1900024414062,972.719970703125,979.6500244140625,976.677734375,1498300
2026-03-27,982.02001953125,987.1099853515625,978.1099853515625,983.8599853515625,980.8749389648438,1540900
2026-03-30,987.6500244140625,1005.5399780273438,985.010009765625,996.5800170898438,993.556396484375,2129100
2026-03-31,997.0,1008.5999755859375,985.8499755859375,996.4299926757812,993.4067993164062,2447900
