Date,Open,High,Low,Close,Adj Close,Volume
2016-04-01,73.37999725341797,75.94999694824219,73.11000061035156,75.7300033569336,74.44212341308594,4550600
2016-04-04,75.8499984741211,76.44000244140625,75.41000366210938,75.69000244140625,74.40280151367188,2978100
2016-04-05,74.87999725341797,75.51000213623047,74.36000061035156,74.58000183105469,73.31167602539062,2365400
2016-04-06,74.76000213623047,75.68000030517578,74.47000122070312,75.58000183105469,74.29467010498047,2033300
2016-04-07,74.91000366210938,75.45999908447266,74.68000030517578,75.31999969482422,74.03909301757812,3843700
2016-04-08,75.72000122070312,75.94000244140625,74.30000305175781,74.8499984741211,73.57707214355469,2375700
2016-04-11,75.47000122070312,75.5,74.12999725341797,74.16000366210938,72.89883422851562,2151800
2016-04-12,74.52999877929688,74.54000091552734,73.44000244140625,74.2699966430664,73.00692749023438,2259700
2016-04-13,74.7699966430664,76.19000244140625,74.44999694824219,75.94999694824219,74.65837860107422,3099900
2016-04-14,76.0,76.58999633789062,75.66000366210938,76.1500015258789,74.85496520996094,2696200
2016-04-15,76.25,76.54000091552734,75.87999725341797,76.30999755859375,75.01225280761719,2132900
2016-04-18,76.23999786376953,77.29000091552734,75.86000061035156,77.2699966430664,75.95591735839844,1916100
2016-04-19,77.58999633789062,77.58999633789062,75.52999877929688,76.19000244140625,74.894287109375,2365200
2016-04-20,76.19999694824219,76.63999938964844,75.79000091552734,76.13999938964844,74.84513092041016,2001600
2016-04-21,76.66000366210938,77.81999969482422,76.5,77.1500015258789,75.83795928955078,3542500
2016-04-22,76.2300033569336,76.87000274658203,75.3499984741211,76.4800033569336,75.17935180664062,3184500
2016-04-25,76.18000030517578,76.83000183105469,75.87999725341797,76.51000213623047,75.20885467529297,2456200
2016-04-26,76.80000305175781,76.80000305175781,75.80000305175781,76.20999908447266,74.91395568847656,1953700
2016-04-27,75.66999816894531,76.19999694824219,74.80000305175781,75.69000244140625,74.40280151367188,3359300
2016-04-28,75.37999725341797,76.63999938964844,74.95999908447266,75.37999725341797,74.09806060791016,3824800
2016-04-29,75.01000213623047,76.05999755859375,74.4800033569336,75.80000305175781,74.51092529296875,3228000
2016-05-02,76.30000305175781,77.43000030517578,75.70999908447266,77.25,75.93626403808594,3287400
2016-05-03,76.4000015258789,76.68000030517578,74.37999725341797,74.9000015258789,73.626220703125,3273100
2016-05-04,74.30999755859375,74.62999725341797,73.54000091552734,73.98999786376953,72.73169708251953,2839900
2016-05-05,74.11000061035156,74.58999633789062,73.63999938964844,73.80999755859375,72.55477142333984,2088600
2016-05-06,73.5,74.31999969482422,73.16999816894531,74.25,72.98725891113281,3080100
2016-05-09,74.25,75.31999969482422,74.19999694824219,74.62000274658203,73.35099792480469,2136600
2016-05-10,75.12999725341797,75.9800033569336,74.94999694824219,75.91999816894531,74.6288833618164,2706300
2016-05-11,75.98999786376953,76.91999816894531,75.77999877929688,75.79000091552734,74.50110626220703,2517500
2016-05-12,76.44999694824219,76.79000091552734,75.19000244140625,75.88999938964844,74.5993881225586,2730400
2016-05-13,76.0,77.33999633789062,75.94999694824219,76.37000274658203,75.07122802734375,3583200
2016-05-16,76.66999816894531,77.69000244140625,76.0,77.30999755859375,75.99523162841797,4141800
2016-05-17,77.45999908447266,77.55000305175781,76.56999969482422,76.7699966430664,75.46442413330078,4587700
2016-05-18,76.7699966430664,78.48999786376953,76.63999938964844,77.87000274658203,76.54573059082031,8010200
2016-05-19,82.26000213623047,82.4800033569336,80.1500015258789,81.08999633789062,79.71095275878906,13765000
2016-05-20,81.5999984741211,81.81999969482422,80.72000122070312,81.0199966430664,79.64214324951172,5097900
2016-05-23,80.79000091552734,82.0999984741211,80.70999908447266,81.7300033569336,80.34008026123047,4875800
2016-05-24,81.97000122070312,83.41000366210938,81.83000183105469,82.75,81.34273529052734,5805600
2016-05-25,83.0,83.94999694824219,82.33999633789062,83.56999969482422,82.14878845214844,4932700
2016-05-26,83.81999969482422,84.4800033569336,83.25,83.3499984741211,81.93253326416016,4757200
2016-05-27,83.12000274658203,83.80000305175781,83.01000213623047,83.7699966430664,82.34537506103516,3139700
2016-05-31,83.55999755859375,84.05999755859375,83.16000366210938,83.70999908447266,82.2863998413086,4484500
2016-06-01,82.06999969482422,83.8499984741211,81.91000366210938,83.44999694824219,82.03082275390625,4172400
2016-06-02,83.20999908447266,83.37000274658203,82.44999694824219,83.23999786376953,81.82439422607422,3684300
2016-06-03,83.0,83.01000213623047,82.12000274658203,82.55000305175781,81.14613342285156,2826900
2016-06-06,82.86000061035156,83.4000015258789,82.5,82.83000183105469,81.42138671875,2585500
2016-06-07,82.9800033569336,83.33999633789062,82.76000213623047,83.13999938964844,81.72608184814453,2605400
2016-06-08,83.12999725341797,83.55999755859375,82.94000244140625,83.3499984741211,81.93253326416016,2344600
2016-06-09,82.80999755859375,83.29000091552734,82.6500015258789,82.7300033569336,81.32307434082031,1852100
2016-06-10,82.0,82.58999633789062,81.55000305175781,81.83000183105469,80.4383773803711,2322100
2016-06-13,81.25,82.98999786376953,80.80000305175781,81.48999786376953,80.10417175292969,4618100
2016-06-14,81.12000274658203,81.72000122070312,80.7699966430664,81.08999633789062,79.71095275878906,3540300
2016-06-15,81.83000183105469,82.61000061035156,81.75,81.98999786376953,80.59566497802734,3574400
2016-06-16,81.19000244140625,81.83999633789062,80.20999908447266,81.63999938964844,80.25160217285156,3045000
2016-06-17,81.52999877929688,81.52999877929688,80.16999816894531,80.5,79.1309814453125,5691300
2016-06-20,81.4800033569336,82.29000091552734,81.12999725341797,81.22000122070312,79.83876037597656,3448300
2016-06-21,81.56999969482422,81.87000274658203,81.2300033569336,81.62999725341797,80.24176788330078,3184200
2016-06-22,81.55999755859375,81.80999755859375,80.47000122070312,80.62000274658203,79.24894714355469,4222600
2016-06-23,81.16000366210938,82.31999969482422,80.79000091552734,82.27999877929688,80.8807144165039,2777100
2016-06-24,79.41000366210938,80.51000213623047,78.33000183105469,78.45999908447266,77.12568664550781,6815700
2016-06-27,77.45999908447266,77.69000244140625,75.51000213623047,76.06999969482422,74.77633666992188,6020700
2016-06-28,77.55000305175781,77.91000366210938,76.5999984741211,77.55000305175781,76.23117065429688,4781100
2016-06-29,78.25,79.6500015258789,77.9000015258789,79.0,77.65650177001953,5493600
2016-06-30,79.3499984741211,79.95999908447266,79.08999633789062,79.41000366210938,78.05953979492188,4644300
2016-07-01,79.58999633789062,80.8499984741211,79.33000183105469,79.83000183105469,78.47239685058594,2967300
2016-07-05,79.0999984741211,79.23999786376953,78.26000213623047,78.66999816894531,77.33210754394531,4163400
2016-07-06,78.4800033569336,78.7300033569336,77.7300033569336,78.5,77.16500854492188,4121200
2016-07-07,78.5,79.0999984741211,78.38999938964844,78.76000213623047,77.42058563232422,3085900
2016-07-08,79.43000030517578,81.0999984741211,79.30000305175781,80.88999938964844,79.51436614990234,3558900
2016-07-11,81.05999755859375,81.83000183105469,81.05000305175781,81.66000366210938,80.27127075195312,2928600
2016-07-12,81.94999694824219,82.44999694824219,81.22000122070312,81.93000030517578,80.53668212890625,3499400
2016-07-13,82.37000274658203,82.4800033569336,81.27999877929688,81.33000183105469,79.94688415527344,2474600
2016-07-14,82.0,82.0199966430664,81.44000244140625,81.55999755859375,80.1729736328125,1791700
2016-07-15,81.86000061035156,81.91000366210938,81.04000091552734,81.4000015258789,80.01568603515625,2253800
2016-07-18,81.51000213623047,82.06999969482422,81.1500015258789,81.62999725341797,80.24176788330078,2177300
2016-07-19,81.69999694824219,81.79000091552734,81.1500015258789,81.37000274658203,79.9862060546875,2164300
2016-07-20,82.05000305175781,82.7300033569336,81.41999816894531,82.13999938964844,80.74310302734375,4267800
2016-07-21,82.44999694824219,83.08999633789062,81.43000030517578,81.69999694824219,80.31058502197266,3195800
2016-07-22,81.98999786376953,82.66999816894531,81.2300033569336,82.55000305175781,81.14613342285156,2578700
2016-07-25,82.58000183105469,82.68000030517578,81.91999816894531,82.19000244140625,80.79226684570312,2633100
2016-07-26,82.0,82.19000244140625,81.43000030517578,81.76000213623047,80.36956787109375,3010000
2016-07-27,81.91999816894531,82.12000274658203,81.05000305175781,81.5,80.1139907836914,3570100
2016-07-28,81.91999816894531,82.72000122070312,81.69999694824219,82.33000183105469,80.92986297607422,2448200
2016-07-29,82.25,82.41000366210938,80.87999725341797,81.80000305175781,80.40887451171875,2996300
2016-08-01,81.77999877929688,81.80000305175781,80.55000305175781,81.0199966430664,79.64214324951172,4171900
2016-08-02,80.80999755859375,80.8499984741211,79.5999984741211,80.5,79.1309814453125,4267700
2016-08-03,80.52999877929688,80.73999786376953,79.83999633789062,80.41000366210938,79.04252624511719,2657500
2016-08-04,80.54000091552734,81.12000274658203,80.31999969482422,80.55999755859375,79.18997955322266,2467400
2016-08-05,80.87000274658203,81.33000183105469,80.66000366210938,81.33000183105469,79.94688415527344,3033500
2016-08-08,81.37999725341797,81.5199966430664,81.04000091552734,81.16999816894531,79.78959655761719,2682600
2016-08-09,81.11000061035156,81.62999725341797,81.0,81.18000030517578,79.7994384765625,2785300
2016-08-10,81.30000305175781,81.45999908447266,79.94000244140625,80.23999786376953,78.87541961669922,3376200
2016-08-11,80.41999816894531,81.63999938964844,80.19999694824219,81.4800033569336,80.0943374633789,3448600
2016-08-12,81.30999755859375,81.79000091552734,80.58999633789062,81.62999725341797,80.24176788330078,3275100
2016-08-15,79.3499984741211,79.75,78.20999908447266,78.91999816894531,77.57787322998047,10886100
2016-08-16,79.0,79.0,77.91999816894531,77.95999908447266,76.63419342041016,4797700
2016-08-17,77.41999816894531,77.44999694824219,75.87000274658203,76.31999969482422,75.0220947265625,8141600
2016-08-18,76.37000274658203,77.16000366210938,76.16999816894531,76.91000366210938,75.60204315185547,6200200
2016-08-19,76.72000122070312,77.56999969482422,76.51000213623047,77.4800033569336,76.162353515625,3289300
2016-08-22,77.4800033569336,77.6500015258789,76.95999908447266,77.25,75.93626403808594,4059000
2016-08-23,77.81999969482422,78.27999877929688,77.68000030517578,78.0199966430664,76.69315338134766,4328600
2016-08-24,78.0,78.69000244140625,77.58000183105469,77.81999969482422,76.49656677246094,3661700
2016-08-25,78.13999938964844,80.23999786376953,78.11000061035156,80.16000366210938,78.7967758178711,7495900
2016-08-26,80.38999938964844,80.69999694824219,79.45999908447266,80.02999877929688,78.66899108886719,4271500
2016-08-29,80.20999908447266,80.23999786376953,79.72000122070312,79.91999816894531,78.56085205078125,4582800
2016-08-30,80.0,80.22000122070312,79.3499984741211,79.83000183105469,78.47239685058594,3352700
2016-08-31,80.01000213623047,80.0999984741211,78.94000244140625,79.41999816894531,78.0693588256836,10307100
2016-09-01,75.44999694824219,76.55000305175781,74.05999755859375,75.91000366210938,74.61904907226562,27418500
2016-09-02,76.0,76.47000122070312,74.6500015258789,75.0999984741211,73.82283020019531,8153000
2016-09-06,74.93000030517578,75.62000274658203,74.55000305175781,75.41999816894531,74.13738250732422,5146000
2016-09-07,75.06999969482422,75.61000061035156,74.58000183105469,75.01000213623047,73.73435974121094,5566800
2016-09-08,75.0,75.0199966430664,74.37000274658203,74.87999725341797,73.60655975341797,5122200
2016-09-09,74.5199966430664,75.69000244140625,74.19999694824219,74.19999694824219,72.93814086914062,6915100
2016-09-12,73.77999877929688,74.70999908447266,73.5,74.36000061035156,73.09540557861328,5197800
2016-09-13,73.6500015258789,74.0,72.6500015258789,73.05999755859375,71.81751251220703,6780300
2016-09-14,73.05999755859375,74.51000213623047,73.0,73.81999969482422,72.56459045410156,5828700
2016-09-15,73.5199966430664,74.30000305175781,73.36000061035156,73.98999786376953,72.73169708251953,4288800
2016-09-16,73.76000213623047,73.9800033569336,73.2300033569336,73.29000091552734,72.04360961914062,7317400
2016-09-19,73.72000122070312,73.77999877929688,72.5999984741211,73.0,71.75853729248047,3881800
2016-09-20,73.54000091552734,73.79000091552734,72.66000366210938,72.91000366210938,71.6700668334961,4833500
2016-09-21,73.22000122070312,74.26000213623047,72.11000061035156,74.18000030517578,72.9184799194336,6315800
2016-09-22,75.0,75.22000122070312,74.30999755859375,74.58999633789062,73.32149505615234,5155700
2016-09-23,73.08999633789062,73.19999694824219,70.0999984741211,70.38999938964844,69.19293212890625,23179200
2016-09-26,70.5,71.20999908447266,69.87999725341797,70.19000244140625,68.99634552001953,11726700
2016-09-27,69.97000122070312,70.6500015258789,69.80999755859375,70.05000305175781,68.85870361328125,8179500
2016-09-28,70.38999938964844,71.7300033569336,70.1500015258789,71.62000274658203,70.40200805664062,7467300
2016-09-29,71.5999984741211,72.12000274658203,71.1500015258789,71.19999694824219,69.9891586303711,5323400
2016-09-30,71.30000305175781,71.79000091552734,71.25,71.33000183105469,70.11695098876953,5817000
2016-10-03,71.1500015258789,71.5,70.02999877929688,70.5199966430664,69.32070922851562,4679900
2016-10-04,70.58999633789062,72.94999694824219,70.22000122070312,72.62999725341797,71.39482879638672,11238200
2016-10-05,68.20999908447266,69.5999984741211,66.7699966430664,68.41999816894531,67.25642395019531,48274000
2016-10-06,71.13999938964844,72.0,70.51000213623047,71.26000213623047,70.04814147949219,18527100
2016-10-07,71.25,71.43000030517578,70.20999908447266,70.91000366210938,69.7041015625,6707400
2016-10-10,73.58000183105469,75.7300033569336,73.58000183105469,75.0999984741211,73.82283020019531,22522700
2016-10-11,73.9000015258789,73.91999816894531,71.55000305175781,72.41999816894531,71.18840789794922,16425400
2016-10-12,72.26000213623047,72.66999816894531,71.83999633789062,72.2300033569336,71.00164031982422,6301800
2016-10-13,71.37999725341797,71.37999725341797,70.5,70.62999725341797,69.42884063720703,6686800
2016-10-14,70.9800033569336,76.16000366210938,69.62000274658203,74.2699966430664,73.00692749023438,25005600
2016-10-17,74.0999984741211,74.73999786376953,72.73999786376953,72.83000183105469,71.59144592285156,8777200
2016-10-18,74.0,74.16999816894531,72.5999984741211,72.7699966430664,71.5324478149414,5248400
2016-10-19,72.61000061035156,75.5,72.44000244140625,72.81999969482422,71.58161163330078,3668800
2016-10-20,72.97000122070312,72.97000122070312,72.25,72.58999633789062,71.35550689697266,5054500
2016-10-21,72.33999633789062,74.2699966430664,72.2300033569336,74.0,72.74153137207031,6789700
2016-10-24,74.43000030517578,75.33999633789062,74.27999877929688,75.05999755859375,73.78350830078125,6329300
2016-10-25,75.05999755859375,75.26000213623047,74.56999969482422,75.05999755859375,73.78350830078125,4447200
2016-10-26,74.6500015258789,76.16000366210938,74.33000183105469,74.94999694824219,73.67538452148438,5748200
2016-10-27,75.48999786376953,76.16000366210938,74.62000274658203,74.73999786376953,73.46894073486328,4019400
2016-10-28,74.98999786376953,75.5,74.81999969482422,75.12999725341797,73.85231018066406,4827800
2016-10-31,75.31999969482422,76.0,74.87000274658203,75.16000366210938,73.88180541992188,4113500
2016-11-01,75.98999786376953,77.08999633789062,75.23999786376953,75.44999694824219,74.1668701171875,7141700
2016-11-02,75.1500015258789,75.6500015258789,74.91999816894531,75.0,73.72452545166016,4084800
2016-11-03,75.04000091552734,75.4000015258789,73.7300033569336,74.13999938964844,72.87915802001953,3883200
2016-11-04,74.13999938964844,75.18000030517578,73.86000061035156,74.37000274658203,73.1052474975586,4280800
2016-11-07,75.63999938964844,77.0,75.41000366210938,76.30000305175781,75.00242614746094,5977500
2016-11-08,76.36000061035156,77.04000091552734,76.0,76.55000305175781,75.2481689453125,4031100
2016-11-09,75.2300033569336,76.55000305175781,74.91000366210938,75.9000015258789,74.60921478271484,6880900
2016-11-10,76.22000122070312,76.7300033569336,72.2699966430664,73.62999725341797,72.37781524658203,10200200
2016-11-11,73.80000305175781,75.06999969482422,73.80000305175781,74.58999633789062,73.32149505615234,8881800
2016-11-14,74.91000366210938,75.04000091552734,72.54000091552734,72.76000213623047,71.52261352539062,7241700
2016-11-15,74.48999786376953,74.7300033569336,73.30999755859375,74.0199966430664,72.76118469238281,6216400
2016-11-16,74.20999908447266,74.61000061035156,73.13999938964844,73.30999755859375,72.06327056884766,10638700
2016-11-17,73.70999908447266,75.41000366210938,73.31999969482422,75.19000244140625,73.91130065917969,12539100
2016-11-18,79.56999969482422,80.37000274658203,77.26000213623047,77.7699966430664,76.44739532470703,19903000
2016-11-21,78.05999755859375,78.30999755859375,75.80000305175781,76.1500015258789,74.85496520996094,8549800
2016-11-22,75.73999786376953,76.66000366210938,75.0999984741211,75.56999969482422,74.28483581542969,7873800
2016-11-23,75.08999633789062,75.19999694824219,73.54000091552734,73.94999694824219,72.6923828125,8233800
2016-11-25,73.95999908447266,74.16999816894531,73.5,73.7300033569336,72.47612762451172,2346100
2016-11-28,73.55000305175781,73.93000030517578,72.79000091552734,72.93000030517578,71.68972778320312,6436900
2016-11-29,72.76000213623047,73.31999969482422,72.41000366210938,72.93000030517578,71.68972778320312,7435000
2016-11-30,73.20999908447266,73.30000305175781,72.0,72.0,70.77554321289062,6261900
2016-12-01,72.13999938964844,72.22000122070312,68.20999908447266,68.45999908447266,67.29574584960938,10907300
2016-12-02,66.58999633789062,69.45999908447266,66.43000030517578,68.41000366210938,67.24659729003906,15967600
2016-12-05,69.08999633789062,71.47000122070312,69.02999877929688,70.80000305175781,69.59596252441406,10209600
2016-12-06,70.79000091552734,71.3499984741211,69.98999786376953,70.62000274658203,69.41902160644531,4234100
2016-12-07,70.7300033569336,72.0,70.2699966430664,71.77999877929688,70.55929565429688,4919700
2016-12-08,71.44000244140625,72.2699966430664,71.0,71.86000061035156,70.637939453125,5426600
2016-12-09,72.0,72.22000122070312,70.61000061035156,71.16999816894531,69.95967102050781,5126800
2016-12-12,70.81999969482422,70.8499984741211,69.58000183105469,70.37999725341797,69.18309020996094,6100900
2016-12-13,70.44000244140625,72.12999725341797,70.3499984741211,71.61000061035156,70.39217376708984,5895400
2016-12-14,71.70999908447266,71.87000274658203,71.12999725341797,71.33000183105469,70.11695098876953,5071600
2016-12-15,71.19999694824219,71.94999694824219,70.1500015258789,70.2300033569336,69.03565979003906,4740200
2016-12-16,70.4800033569336,70.63999938964844,69.62000274658203,69.86000061035156,68.67194366455078,7224800
2016-12-19,70.0,70.06999969482422,69.12999725341797,69.51000213623047,68.32789611816406,4526000
2016-12-20,69.95999908447266,70.05999755859375,69.12999725341797,69.86000061035156,68.67194366455078,5262100
2016-12-21,69.95999908447266,70.3499984741211,69.30999755859375,70.11000061035156,68.91769409179688,3515800
2016-12-22,69.77999877929688,70.05999755859375,69.22000122070312,69.9000015258789,68.71127319335938,3468600
2016-12-23,69.69000244140625,70.01000213623047,69.30999755859375,69.87000274658203,68.68177032470703,2274000
2016-12-27,69.83999633789062,70.43000030517578,69.63999938964844,69.8499984741211,68.662109375,2939700
2016-12-28,69.8499984741211,70.05999755859375,68.8499984741211,69.08999633789062,67.91503143310547,4313700
2016-12-29,68.8499984741211,69.81999969482422,68.7699966430664,69.1500015258789,67.9740219116211,3229100
2016-12-30,69.36000061035156,69.37999725341797,68.2300033569336,68.45999908447266,67.29574584960938,4523300
2017-01-03,69.29000091552734,70.86000061035156,69.0,70.54000091552734,69.34037780761719,8112200
2017-01-04,71.08000183105469,73.06999969482422,70.76000213623047,72.80000305175781,71.56195068359375,9289500
2017-01-05,72.80999755859375,73.66000366210938,72.52999877929688,72.79000091552734,71.5521240234375,4695600
2017-01-06,72.88999938964844,74.12999725341797,72.55000305175781,73.80000305175781,72.5449447631836,4466100
2017-01-09,74.05000305175781,74.44000244140625,73.51000213623047,73.95999908447266,72.70221710205078,3933100
2017-01-10,74.12000274658203,74.30000305175781,73.44000244140625,73.9800033569336,72.72187042236328,3994800
2017-01-11,74.2699966430664,76.08000183105469,74.05999755859375,75.7699966430664,74.4814224243164,7591300
2017-01-12,75.16999816894531,75.75,74.0,75.20999908447266,73.93096160888672,4681700
2017-01-13,74.83999633789062,75.77999877929688,74.69999694824219,75.63999938964844,74.35364532470703,3690000
2017-01-17,75.30000305175781,75.30000305175781,74.37000274658203,75.0199966430664,73.74419403076172,3152500
2017-01-18,75.58999633789062,76.22000122070312,75.08000183105469,75.77999877929688,74.49125671386719,3969500
2017-01-19,75.72000122070312,76.16999816894531,75.33999633789062,75.56999969482422,74.28483581542969,3274300
2017-01-20,75.76000213623047,76.12000274658203,75.43000030517578,76.02999877929688,74.73700714111328,4593600
2017-01-23,75.69999694824219,76.95999908447266,75.69999694824219,76.16000366210938,74.86479949951172,3770900
2017-01-24,76.31999969482422,77.45999908447266,75.94999694824219,77.11000061035156,75.79863739013672,3730300
2017-01-25,77.52999877929688,78.58999633789062,77.25,78.47000122070312,77.1355209350586,5690400
2017-01-26,79.0,79.08000183105469,77.27999877929688,77.94999694824219,76.6243667602539,4121000
2017-01-27,78.19000244140625,78.56999969482422,77.91999816894531,78.20999908447266,76.87994384765625,2219300
2017-01-30,77.80000305175781,78.77999877929688,77.0999984741211,78.70999908447266,77.37142944335938,4964000
2017-01-31,78.44999694824219,80.0,78.16999816894531,79.0999984741211,77.75479888916016,7835200
2017-02-01,78.91000366210938,79.30000305175781,77.44999694824219,78.58000183105469,77.24364471435547,6199700
2017-02-02,78.33000183105469,80.26000213623047,77.88999938964844,80.12999725341797,78.76727294921875,7676100
2017-02-03,80.38999938964844,80.70999908447266,79.80999755859375,80.20999908447266,78.84591674804688,4975400
2017-02-06,80.0199966430664,80.12000274658203,79.3499984741211,79.75,78.39373779296875,2664200
2017-02-07,80.27999877929688,80.52999877929688,79.54000091552734,80.20999908447266,78.84591674804688,3628200
2017-02-08,80.0,80.83000183105469,79.62999725341797,80.69999694824219,79.32759094238281,2568000
2017-02-09,80.69999694824219,81.9800033569336,80.48999786376953,81.02999877929688,79.6519775390625,5147500
2017-02-10,81.41000366210938,82.0,80.54000091552734,80.63999938964844,79.26861572265625,3061900
2017-02-13,81.18000030517578,81.30000305175781,80.45999908447266,80.91000366210938,79.5340347290039,4327500
2017-02-14,80.94999694824219,81.30000305175781,80.55999755859375,80.91999816894531,79.54385375976562,4809500
2017-02-15,81.2300033569336,82.83000183105469,80.88999938964844,81.66999816894531,80.28109741210938,5271900
2017-02-16,81.5199966430664,81.72000122070312,80.5,80.81999969482422,79.445556640625,5234700
2017-02-17,80.56999969482422,81.47000122070312,80.25,81.47000122070312,80.08450317382812,3674100
2017-02-21,81.68000030517578,82.41999816894531,81.29000091552734,82.18000030517578,80.78243255615234,4325000
2017-02-22,82.0,82.38999938964844,81.70999908447266,82.08000183105469,80.68412017822266,2741400
2017-02-23,82.33000183105469,83.12999725341797,81.83000183105469,82.06999969482422,80.67428588867188,5595200
2017-02-24,81.41000366210938,81.81999969482422,80.97000122070312,81.77999877929688,80.38923645019531,4434200
2017-02-27,81.62999725341797,81.91999816894531,80.9000015258789,81.54000091552734,80.15330505371094,3289300
2017-02-28,81.5,81.83000183105469,80.69000244140625,81.3499984741211,79.9665298461914,10533000
2017-03-01,82.87000274658203,84.4000015258789,82.11000061035156,83.80999755859375,82.38470458984375,14319200
2017-03-02,83.55999755859375,83.69999694824219,82.3499984741211,82.66999816894531,81.26409149169922,5884800
2017-03-03,82.0,82.58999633789062,81.6500015258789,82.22000122070312,80.8217544555664,6217200
2017-03-06,81.76000213623047,82.72000122070312,81.62000274658203,82.5,81.09698486328125,5328500
2017-03-07,83.36000061035156,84.38999938964844,82.80999755859375,82.97000122070312,81.55899047851562,5431800
2017-03-08,82.95999908447266,83.83999633789062,82.94000244140625,83.4800033569336,82.0603256225586,3732400
2017-03-09,83.19000244140625,83.58000183105469,82.80999755859375,83.27999877929688,81.86371612548828,3646900
2017-03-10,83.55999755859375,83.94999694824219,83.23999786376953,83.51000213623047,82.08981323242188,3930000
2017-03-13,83.47000122070312,83.73999786376953,83.08000183105469,83.61000061035156,82.18811798095703,3463700
2017-03-14,83.41999816894531,83.62000274658203,82.7300033569336,83.51000213623047,82.08981323242188,2933500
2017-03-15,83.55999755859375,83.7699966430664,83.0,83.4800033569336,82.0603256225586,3074100
2017-03-16,83.94999694824219,84.0,83.2699966430664,83.5199966430664,82.09962463378906,3762100
2017-03-17,83.94000244140625,83.9800033569336,83.0199966430664,83.02999877929688,81.61795806884766,7828200
2017-03-20,83.02999877929688,83.62999725341797,82.80999755859375,82.9000015258789,81.49018096923828,3428700
2017-03-21,83.0,83.18000030517578,81.37000274658203,81.55000305175781,80.16313934326172,4206200
2017-03-22,81.69000244140625,81.97000122070312,81.13999938964844,81.87999725341797,80.48751831054688,3057000
2017-03-23,82.0,82.4000015258789,81.45999908447266,81.5199966430664,80.1336441040039,3056700
2017-03-24,81.87999725341797,82.25,81.29000091552734,81.61000061035156,80.22211456298828,3701800
2017-03-27,81.0,81.79000091552734,80.5,81.61000061035156,80.22211456298828,3403000
2017-03-28,81.44000244140625,82.3499984741211,81.30000305175781,82.13999938964844,80.74310302734375,3216000
2017-03-29,82.04000091552734,82.44000244140625,81.66000366210938,82.37999725341797,80.97901153564453,2874000
2017-03-30,82.25,82.58999633789062,82.0199966430664,82.55999755859375,81.15597534179688,3483000
2017-03-31,82.2699966430664,82.93000030517578,82.19000244140625,82.48999786376953,81.08714294433594,3174000
2017-04-03,82.61000061035156,82.9800033569336,81.55000305175781,82.30999755859375,80.91021728515625,4224200
2017-04-04,82.73999786376953,83.12999725341797,82.52999877929688,82.97000122070312,81.55899047851562,4441500
2017-04-05,83.19000244140625,86.41999816894531,83.01000213623047,85.33999633789062,83.888671875,13289300
2017-04-06,85.41999816894531,85.44999694824219,84.37000274658203,85.0,83.55447387695312,5014400
2017-04-07,84.69999694824219,84.8499984741211,83.81999969482422,84.37999725341797,82.94500732421875,4876400
2017-04-10,84.12999725341797,84.61000061035156,83.86000061035156,84.23999786376953,82.80738830566406,3401300
2017-04-11,84.06999969482422,84.2699966430664,83.30000305175781,83.86000061035156,82.43386840820312,2536200
2017-04-12,83.83000183105469,84.08000183105469,83.19999694824219,83.37000274658203,81.95219421386719,3098400
2017-04-13,83.19999694824219,84.05999755859375,83.12999725341797,83.12999725341797,81.71627044677734,2594700
2017-04-17,83.25,84.2300033569336,83.0,84.19999694824219,82.76806640625,2960800
2017-04-18,84.0,84.4000015258789,83.52999877929688,83.70999908447266,82.2863998413086,2498200
2017-04-19,84.08000183105469,84.20999908447266,83.3499984741211,83.5,82.07998657226562,2840600
2017-04-20,83.94999694824219,84.36000061035156,83.45999908447266,84.05000305175781,82.6206283569336,4012300
2017-04-21,84.01000213623047,84.4000015258789,83.6500015258789,83.79000091552734,82.36503601074219,2946100
2017-04-24,84.51000213623047,84.6500015258789,83.75,84.16999816894531,82.73857116699219,3193800
2017-04-25,84.56999969482422,85.12999725341797,84.3499984741211,84.75,83.30872344970703,3016500
2017-04-26,84.75,85.12000274658203,84.38999938964844,84.94999694824219,83.50532531738281,2165000
2017-04-27,85.37999725341797,86.31999969482422,85.29000091552734,85.8499984741211,84.39000701904297,2944500
2017-04-28,85.77999877929688,86.22000122070312,85.27999877929688,86.12000274658203,84.6554183959961,2919200
2017-05-01,86.25,86.87999725341797,86.25,86.66000366210938,85.18622589111328,3290000
2017-05-02,86.79000091552734,87.19999694824219,86.11000061035156,87.08999633789062,85.60893249511719,3503200
2017-05-03,86.97000122070312,87.05999755859375,86.19000244140625,86.55000305175781,85.0781021118164,2786700
2017-05-04,86.75,87.12999725341797,86.29000091552734,86.5199966430664,85.0486068725586,2140100
2017-05-05,86.44000244140625,86.9800033569336,86.22000122070312,86.97000122070312,85.49095153808594,2595800
2017-05-08,86.93000030517578,87.16999816894531,86.62000274658203,86.86000061035156,85.38284301757812,2168400
2017-05-09,87.02999877929688,87.62000274658203,86.9000015258789,87.12999725341797,85.64824676513672,2887000
2017-05-10,87.37999725341797,87.62000274658203,86.9000015258789,87.30999755859375,85.8251724243164,2920700
2017-05-11,87.37999725341797,87.94999694824219,86.56999969482422,87.70999908447266,86.2183837890625,2731600
2017-05-12,87.97000122070312,89.27999877929688,87.56999969482422,89.04000091552734,87.52576446533203,5586600
2017-05-15,89.2699966430664,89.94000244140625,89.05000305175781,89.80000305175781,88.27283477783203,4053900
2017-05-16,90.01000213623047,90.27999877929688,89.41000366210938,89.75,88.22368621826172,6422300
2017-05-17,89.75,89.75,87.56999969482422,87.83999633789062,86.3461685180664,5619200
2017-05-18,87.87999725341797,88.4000015258789,87.16999816894531,87.75,86.25769805908203,10180000
2017-05-19,90.94999694824219,91.0,86.44000244140625,87.4000015258789,85.91365814208984,15733500
2017-05-22,87.54000091552734,89.05000305175781,86.87000274658203,88.94000244140625,87.42745208740234,6058400
2017-05-23,88.7300033569336,89.25,88.16000366210938,88.48999786376953,86.98511505126953,4344600
2017-05-24,88.43000030517578,89.72000122070312,88.33000183105469,89.5999984741211,88.07624053955078,4577200
2017-05-25,89.97000122070312,91.80999755859375,89.91000366210938,91.2699966430664,89.71783447265625,7407100
2017-05-26,90.93000030517578,91.0999984741211,90.45999908447266,90.83000183105469,89.28531646728516,5284500
2017-05-30,90.5,91.06999969482422,90.47000122070312,90.86000061035156,89.31481170654297,4626500
2017-05-31,90.69000244140625,90.97000122070312,89.4800033569336,89.63999938964844,88.11556243896484,6030100
2017-06-01,90.0,90.63999938964844,89.31999969482422,90.05000305175781,88.51856994628906,4890600
2017-06-02,90.23999786376953,91.08999633789062,89.83000183105469,90.86000061035156,89.31481170654297,4969200
2017-06-05,91.0,91.87999725341797,90.75,91.37999725341797,89.82596588134766,5537300
2017-06-06,91.0,91.94999694824219,90.80000305175781,91.0999984741211,89.55072784423828,4296700
2017-06-07,91.44999694824219,91.98999786376953,90.62000274658203,91.38999938964844,89.83580780029297,3484000
2017-06-08,91.38999938964844,91.62000274658203,90.58999633789062,91.25,89.69817352294922,3804900
2017-06-09,91.08999633789062,91.22000122070312,85.2300033569336,87.2699966430664,85.78585815429688,11672200
2017-06-12,86.12000274658203,86.83999633789062,83.55000305175781,86.18000030517578,84.71439361572266,9281600
2017-06-13,87.83000183105469,88.30999755859375,86.80000305175781,87.2699966430664,85.78585815429688,5308000
2017-06-14,87.69000244140625,88.08999633789062,86.05999755859375,87.16999816894531,85.68756866455078,3554800
2017-06-15,85.98999786376953,86.37999725341797,84.9000015258789,86.2699966430664,84.80286407470703,6661600
2017-06-16,86.08000183105469,86.9800033569336,85.86000061035156,86.0,84.53746032714844,8005000
2017-06-19,86.69000244140625,87.70999908447266,86.62000274658203,87.54000091552734,86.05126190185547,4835500
2017-06-20,87.62999725341797,87.79000091552734,86.79000091552734,86.91999816894531,85.44181823730469,3095500
2017-06-21,87.5,87.80000305175781,86.43000030517578,87.55999755859375,86.0709228515625,3794700
2017-06-22,87.87000274658203,89.0,87.23999786376953,88.47000122070312,86.96546173095703,4413000
2017-06-23,88.29000091552734,88.86000061035156,87.51000213623047,88.62000274658203,87.1129150390625,4890900
2017-06-26,88.80000305175781,89.80000305175781,87.69999694824219,88.11000061035156,86.611572265625,4866500
2017-06-27,88.0,89.27999877929688,87.11000061035156,87.68000030517578,86.18889617919922,5370800
2017-06-28,88.27999877929688,88.47000122070312,86.69000244140625,88.08999633789062,86.59191131591797,4257800
2017-06-29,87.6500015258789,87.66999816894531,85.83000183105469,86.80000305175781,85.32386016845703,5215600
2017-06-30,86.80000305175781,87.25,86.30000305175781,86.5999984741211,85.12725830078125,3943500
2017-07-03,87.01000213623047,87.0999984741211,85.12000274658203,86.0999984741211,84.6357650756836,2741300
2017-07-05,86.27999877929688,87.51000213623047,86.0999984741211,87.5,86.0119400024414,4719800
2017-07-06,86.62000274658203,87.47000122070312,86.33999633789062,86.8499984741211,85.37299346923828,3275000
2017-07-07,87.19999694824219,88.44999694824219,87.19000244140625,87.91999816894531,86.4248046875,2454300
2017-07-10,87.86000061035156,88.63999938964844,87.47000122070312,88.5,86.99494934082031,2332100
2017-07-11,88.26000213623047,88.6500015258789,87.66999816894531,88.3499984741211,86.84749603271484,2414700
2017-07-12,89.22000122070312,90.41000366210938,88.8499984741211,90.4000015258789,88.86264038085938,4273500
2017-07-13,90.55999755859375,90.7699966430664,89.5,89.56999969482422,88.04673767089844,3211100
2017-07-14,89.79000091552734,90.16999816894531,89.54000091552734,90.0,88.46943664550781,1978000
2017-07-17,89.9800033569336,90.26000213623047,89.2699966430664,89.29000091552734,87.77151489257812,2485700
2017-07-18,89.0,89.4000015258789,88.62000274658203,89.2699966430664,87.7518539428711,3813100
2017-07-19,89.3499984741211,90.12999725341797,88.80000305175781,89.55999755859375,88.03690338134766,4463000
2017-07-20,89.70999908447266,90.62999725341797,89.41999816894531,90.54000091552734,89.000244140625,3481000
2017-07-21,90.33999633789062,90.62999725341797,89.54000091552734,89.69000244140625,88.16471099853516,2928700
2017-07-24,89.6500015258789,89.80999755859375,88.95999908447266,89.66999816894531,88.14505004882812,2393500
2017-07-25,89.7300033569336,90.81999969482422,89.23999786376953,90.62999725341797,89.0887222290039,3346000
2017-07-26,90.62999725341797,91.19999694824219,90.1500015258789,91.06999969482422,89.521240234375,3638100
2017-07-27,91.25,92.12999725341797,89.08999633789062,90.51000213623047,88.97076416015625,3572100
2017-07-28,90.0,91.12000274658203,89.69999694824219,90.62000274658203,89.07890319824219,2108800
2017-07-31,90.80999755859375,91.05000305175781,89.87000274658203,90.80000305175781,89.25582885742188,3002900
2017-08-01,91.37000274658203,91.77999877929688,90.88999938964844,91.22000122070312,89.66868591308594,3157500
2017-08-02,91.3499984741211,91.3499984741211,88.98999786376953,89.88999938964844,88.36131286621094,3636900
2017-08-03,90.0,90.43000030517578,89.41999816894531,90.3499984741211,88.8134765625,2351400
2017-08-04,90.61000061035156,90.87000274658203,90.25,90.44999694824219,88.91178131103516,1987600
2017-08-07,90.55000305175781,90.69999694824219,90.12000274658203,90.5,88.96092987060547,1903300
2017-08-08,90.18000030517578,90.88999938964844,89.54000091552734,90.26000213623047,88.72502136230469,2366700
2017-08-09,89.63999938964844,90.47000122070312,89.62000274658203,90.12000274658203,88.58740234375,3055400
2017-08-10,89.66999816894531,89.91999816894531,87.55000305175781,87.62999725341797,86.13973999023438,3961500
2017-08-11,87.55000305175781,88.66000366210938,87.26000213623047,88.29000091552734,86.78850555419922,2881500
2017-08-14,89.29000091552734,90.6500015258789,89.0999984741211,90.25,88.7151870727539,4906900
2017-08-15,90.3499984741211,91.11000061035156,90.08999633789062,90.69999694824219,89.15751647949219,2531700
2017-08-16,91.05000305175781,92.4000015258789,90.81999969482422,92.23999786376953,90.67134857177734,4273700
2017-08-17,92.0,92.48999786376953,90.75,90.87999725341797,89.33447265625,3630500
2017-08-18,90.81999969482422,91.3499984741211,90.27999877929688,90.76000213623047,89.21650695800781,3046800
2017-08-21,90.94999694824219,91.80000305175781,90.56999969482422,91.76000213623047,90.19950103759766,3512500
2017-08-22,92.43000030517578,93.44000244140625,92.05000305175781,92.94999694824219,91.36924743652344,11254400
2017-08-23,92.13999938964844,94.62999725341797,91.30000305175781,93.06999969482422,91.48721313476562,12034900
2017-08-24,93.69999694824219,94.30999755859375,93.3499984741211,94.1500015258789,92.54886627197266,5494400
2017-08-25,94.1500015258789,95.2300033569336,93.87000274658203,94.0999984741211,92.49970245361328,5311000
2017-08-28,94.08000183105469,94.19000244140625,92.8499984741211,93.66000366210938,92.06718444824219,5536100
2017-08-29,92.75,94.12000274658203,92.5,93.83000183105469,92.23430633544922,3242800
2017-08-30,93.83000183105469,95.18000030517578,93.58999633789062,94.86000061035156,93.24678802490234,3808100
2017-08-31,94.94000244140625,95.66000366210938,94.3499984741211,95.48999786376953,93.86607360839844,5098200
2017-09-01,95.75,96.16999816894531,95.19000244140625,96.01000213623047,94.37722778320312,3679600
2017-09-05,95.36000061035156,96.48999786376953,95.12999725341797,96.18000030517578,94.54432678222656,4069500
2017-09-06,96.16000366210938,96.31999969482422,95.25,95.81999969482422,94.1904525756836,4105200
2017-09-07,96.08999633789062,97.5199966430664,95.87999725341797,96.7300033569336,95.08499908447266,4917300
2017-09-08,96.62000274658203,97.19000244140625,96.37999725341797,96.43000030517578,94.79008483886719,3316400
2017-09-11,96.94999694824219,98.22000122070312,96.94999694824219,97.70999908447266,96.0483169555664,4471500
2017-09-12,97.58999633789062,97.62000274658203,96.1500015258789,96.8499984741211,95.20293426513672,4743200
2017-09-13,96.88999938964844,96.9000015258789,95.36000061035156,95.61000061035156,93.98402404785156,5610300
2017-09-14,95.37999725341797,95.73999786376953,94.51000213623047,95.30000305175781,93.67931365966797,5054600
2017-09-15,95.51000213623047,95.62000274658203,94.16999816894531,94.62999725341797,93.02069091796875,6081700
2017-09-18,94.94000244140625,96.18000030517578,94.73999786376953,95.73999786376953,94.11181640625,5990700
2017-09-19,95.97000122070312,96.20999908447266,95.16000366210938,95.3499984741211,93.72845458984375,3521000
2017-09-20,95.08000183105469,95.36000061035156,94.05000305175781,95.20999908447266,93.5908203125,3362600
2017-09-21,94.81999969482422,95.0999984741211,94.16999816894531,94.86000061035156,93.24678802490234,2896100
2017-09-22,94.79000091552734,95.3499984741211,94.55999755859375,94.94000244140625,93.32542419433594,2254400
2017-09-25,94.87000274658203,94.88999938964844,92.11000061035156,92.47000122070312,90.89743041992188,5821100
2017-09-26,92.94999694824219,93.66999816894531,92.12000274658203,92.33999633789062,90.76963806152344,4558200
2017-09-27,92.91000366210938,93.66000366210938,92.62000274658203,93.20999908447266,91.62484741210938,2945100
2017-09-28,93.20999908447266,93.25,92.43000030517578,92.5999984741211,91.02520751953125,3017600
2017-09-29,92.7699966430664,93.47000122070312,92.62000274658203,93.41999816894531,91.8312759399414,4629700
2017-10-02,93.72000122070312,94.83999633789062,93.44999694824219,93.94000244140625,92.3424301147461,2755900
2017-10-03,94.16999816894531,95.44999694824219,93.94999694824219,95.36000061035156,93.73827362060547,4996800
2017-10-04,95.19999694824219,95.7300033569336,94.7300033569336,95.5199966430664,93.89556121826172,3128300
2017-10-05,95.5,95.87999725341797,94.68000030517578,95.7300033569336,94.10198974609375,3956300
2017-10-06,95.55000305175781,96.56999969482422,95.47000122070312,96.31999969482422,94.68196105957031,4402900
2017-10-09,96.33000183105469,96.76000213623047,95.9800033569336,96.2699966430664,94.63280487060547,2031300
2017-10-10,96.2699966430664,96.45999908447266,95.22000122070312,95.38999938964844,93.76776885986328,2028900
2017-10-11,95.38999938964844,96.01000213623047,94.83000183105469,96.01000213623047,94.37722778320312,2640800
2017-10-12,96.13999938964844,97.2300033569336,95.83999633789062,96.73999786376953,95.09481048583984,3118600
2017-10-13,97.1500015258789,97.62999725341797,96.69000244140625,96.94000244140625,95.2914047241211,2496000
2017-10-16,96.94999694824219,97.58000183105469,96.91999816894531,97.1500015258789,95.4978256225586,2544300
2017-10-17,96.95999908447266,97.0,95.93000030517578,96.72000122070312,95.07514953613281,2528300
2017-10-18,96.97000122070312,97.06999969482422,96.05000305175781,96.44000244140625,94.7999267578125,2876700
2017-10-19,96.4000015258789,97.2300033569336,96.11000061035156,97.19000244140625,95.53715515136719,2534100
2017-10-20,97.54000091552734,99.18000030517578,97.33000183105469,98.9000015258789,97.21807861328125,4588800
2017-10-23,99.06999969482422,99.44000244140625,98.30000305175781,98.44000244140625,96.76590728759766,4024900
2017-10-24,98.25,98.72000122070312,97.80999755859375,98.66000366210938,96.982177734375,3651400
2017-10-25,98.4000015258789,99.62999725341797,98.30999755859375,99.58999633789062,97.89633178710938,4687200
2017-10-26,99.81999969482422,100.76000213623047,99.30000305175781,100.05000305175781,98.34851837158203,3863300
2017-10-27,100.72000122070312,101.9800033569336,100.18000030517578,100.69999694824219,98.9874496459961,4030400
2017-10-30,100.69999694824219,100.9800033569336,99.91000366210938,100.69999694824219,98.9874496459961,2374600
2017-10-31,101.12999725341797,102.44999694824219,100.83999633789062,102.33999633789062,100.59957122802734,5111800
2017-11-01,103.66999816894531,103.91999816894531,101.30000305175781,101.94999694824219,100.21621704101562,3760800
2017-11-02,102.05000305175781,103.37000274658203,101.76000213623047,102.5999984741211,100.85515594482422,3212600
2017-11-03,102.86000061035156,103.06999969482422,101.69999694824219,102.70999908447266,100.96327209472656,3265500
2017-11-06,102.91999816894531,103.13999938964844,101.58000183105469,102.41999816894531,100.67821502685547,7046800
2017-11-07,104.94000244140625,105.0,101.75,102.72000122070312,100.97309875488281,5277100
2017-11-08,102.94999694824219,105.25,102.9000015258789,105.02999877929688,103.24383544921875,6674500
2017-11-09,104.33000183105469,104.44000244140625,102.41000366210938,103.5999984741211,101.83814239501953,5128600
2017-11-10,103.41000366210938,105.37999725341797,102.83000183105469,105.23999786376953,103.45025634765625,4675700
2017-11-13,105.0,105.95999908447266,105.0,105.77999877929688,103.98106384277344,4609500
2017-11-14,105.63999938964844,106.37999725341797,105.05999755859375,106.2300033569336,104.42342376708984,4366800
2017-11-15,105.87999725341797,107.0,105.0,105.43000030517578,103.63704681396484,4148400
2017-11-16,106.2300033569336,107.36000061035156,106.18000030517578,107.02999877929688,105.2098159790039,3708500
2017-11-17,107.19000244140625,107.87000274658203,106.7300033569336,107.58000183105469,105.75048065185547,4407900
2017-11-20,108.69999694824219,109.0,107.01000213623047,107.37000274658203,105.54403686523438,5578500
2017-11-21,108.75,109.19000244140625,107.79000091552734,108.80000305175781,106.94972229003906,10682700
2017-11-22,106.8499984741211,107.48999786376953,106.05000305175781,106.83000183105469,105.01322174072266,9009600
2017-11-24,107.4000015258789,107.5999984741211,106.41000366210938,107.1500015258789,105.32777404785156,4000000
2017-11-27,106.79000091552734,107.27999877929688,105.86000061035156,106.58000183105469,104.76747131347656,5144200
2017-11-28,106.0999984741211,106.88999938964844,105.79000091552734,106.45999908447266,104.64952850341797,4794300
2017-11-29,105.75,105.87999725341797,102.79000091552734,103.52999877929688,101.76934051513672,6851000
2017-11-30,103.58999633789062,104.51000213623047,102.7699966430664,104.31999969482422,102.54591369628906,5201800
2017-12-01,103.86000061035156,104.83000183105469,102.83000183105469,103.83000183105469,102.06424713134766,4797600
2017-12-04,104.5999984741211,104.73999786376953,99.83000183105469,99.8499984741211,98.15192413330078,9116000
2017-12-05,99.55000305175781,101.66000366210938,98.68000030517578,100.69000244140625,98.9776382446289,5323800
2017-12-06,100.26000213623047,103.33000183105469,100.0,102.91999816894531,101.16971588134766,4571000
2017-12-07,103.6500015258789,104.13999938964844,102.63999938964844,104.06999969482422,102.30016326904297,3900100
2017-12-08,105.0,105.3499984741211,103.20999908447266,103.44000244140625,101.68087768554688,4171500
2017-12-11,104.38999938964844,104.72000122070312,103.37000274658203,104.54000091552734,102.76216888427734,3357200
2017-12-12,104.94999694824219,105.05999755859375,103.27999877929688,103.66999816894531,101.9069595336914,4683600
2017-12-13,103.81999969482422,104.5999984741211,103.70999908447266,103.94000244140625,102.17237091064453,4067500
2017-12-14,104.19999694824219,105.19999694824219,103.94000244140625,104.23999786376953,102.46725463867188,4464900
2017-12-15,104.76000213623047,105.6500015258789,103.30999755859375,105.4800033569336,103.68618774414062,7261100
2017-12-18,105.4000015258789,105.87999725341797,104.79000091552734,105.08000183105469,103.29297637939453,3931400
2017-12-19,104.58999633789062,105.16999816894531,103.4800033569336,104.26000213623047,102.48693084716797,3942100
2017-12-20,104.26000213623047,104.5,102.80999755859375,103.38999938964844,101.6317138671875,3673500
2017-12-21,103.7300033569336,104.04000091552734,103.33000183105469,103.62000274658203,101.85780334472656,2486800
2017-12-22,103.29000091552734,103.5,102.0199966430664,102.62999725341797,100.8846435546875,3538300
2017-12-26,102.16000366210938,102.5999984741211,101.31999969482422,102.54000091552734,100.79618072509766,2524600
2017-12-27,102.58999633789062,102.80999755859375,102.08999633789062,102.6500015258789,100.904296875,2038600
2017-12-28,102.63999938964844,102.9000015258789,102.36000061035156,102.79000091552734,101.04193878173828,2719400
2017-12-29,102.61000061035156,103.16999816894531,102.20999908447266,102.2300033569336,100.491455078125,2498800
2018-01-02,102.87999725341797,104.69999694824219,102.2699966430664,104.41000366210938,102.63438415527344,4669200
2018-01-03,104.9000015258789,106.13999938964844,104.62000274658203,105.29000091552734,103.49939727783203,3888700
2018-01-04,106.0,107.66000366210938,105.7699966430664,106.68000030517578,104.86577606201172,4540200
2018-01-05,107.76000213623047,108.30000305175781,107.19999694824219,108.0999984741211,106.2616195678711,3368400
2018-01-08,108.0,109.13999938964844,107.56999969482422,108.86000061035156,107.0086898803711,2933600
2018-01-09,109.0,109.33999633789062,108.25,109.1500015258789,107.29376220703125,3302300
2018-01-10,108.68000030517578,109.48999786376953,108.2300033569336,108.80000305175781,106.94972229003906,3113300
2018-01-11,109.0,109.4000015258789,108.66999816894531,109.0999984741211,107.24461364746094,3668100
2018-01-12,109.2300033569336,110.70999908447266,108.91000366210938,110.23999786376953,108.36521911621094,5749500
2018-01-16,110.8499984741211,111.44000244140625,108.2300033569336,108.88999938964844,107.0381851196289,5790800
2018-01-17,109.75,110.37999725341797,109.2300033569336,110.04000091552734,108.16863250732422,4254700
2018-01-18,110.2300033569336,112.16999816894531,110.22000122070312,111.7699966430664,109.86919403076172,3842800
2018-01-19,112.20999908447266,112.4000015258789,111.61000061035156,111.93000030517578,110.02649688720703,3120900
2018-01-22,111.62999725341797,112.95999908447266,111.01000213623047,112.88999938964844,110.97016906738281,2214700
2018-01-23,113.18000030517578,113.76000213623047,112.68000030517578,113.23999786376953,111.31421661376953,2816800
2018-01-24,113.62999725341797,113.83999633789062,112.5,112.8499984741211,110.93083953857422,4975500
2018-01-25,113.27999877929688,113.47000122070312,111.9000015258789,111.95999908447266,110.05598449707031,4715100
2018-01-26,112.72000122070312,113.91999816894531,112.02999877929688,113.69999694824219,111.7663803100586,3927400
2018-01-29,113.69999694824219,114.41000366210938,112.8499984741211,113.30000305175781,111.37318420410156,3181500
2018-01-30,112.41999816894531,113.44999694824219,111.83999633789062,112.2300033569336,110.32139587402344,3737700
2018-01-31,113.05999755859375,114.5199966430664,112.63999938964844,113.91000366210938,111.97280883789062,4181800
2018-02-01,113.30000305175781,114.2699966430664,112.52999877929688,112.73999786376953,110.82271575927734,4302800
2018-02-02,112.02999877929688,112.3499984741211,110.70999908447266,110.77999877929688,108.89603424072266,4403800
2018-02-05,109.1500015258789,111.61000061035156,107.5,107.6500015258789,105.81928253173828,6124000
2018-02-06,105.01000213623047,109.62000274658203,103.69000244140625,109.56999969482422,107.70661926269531,6857900
2018-02-07,109.06999969482422,112.29000091552734,108.80999755859375,110.05000305175781,108.17845153808594,4515400
2018-02-08,110.0999984741211,110.18000030517578,104.0,104.02999877929688,102.26083374023438,6803800
2018-02-09,105.31999969482422,108.11000061035156,102.37000274658203,106.9800033569336,105.16067504882812,6615800
2018-02-12,107.69999694824219,109.4800033569336,106.26000213623047,108.55000305175781,106.70397186279297,4624100
2018-02-13,108.01000213623047,108.08000183105469,105.93000030517578,107.69000244140625,105.85859680175781,7542800
2018-02-14,106.7300033569336,109.22000122070312,106.7300033569336,109.0199966430664,107.16596984863281,7428000
2018-02-15,112.30999755859375,113.43000030517578,110.05000305175781,113.12000274658203,111.19625091552734,8341900
2018-02-16,112.83999633789062,114.1500015258789,112.66999816894531,112.86000061035156,110.940673828125,4667300
2018-02-20,112.44999694824219,115.26000213623047,112.27999877929688,114.3499984741211,112.40533447265625,4287800
2018-02-21,114.7699966430664,115.66999816894531,114.16999816894531,114.4800033569336,112.53311920166016,4976500
2018-02-22,114.5199966430664,115.0,112.4800033569336,113.0,111.07829284667969,4763400
2018-02-23,113.62999725341797,114.95999908447266,112.73999786376953,114.95999908447266,113.00495147705078,4173500
2018-02-26,116.11000061035156,116.80000305175781,115.37000274658203,116.6500015258789,114.66621398925781,5418900
2018-02-27,117.30000305175781,117.61000061035156,115.76000213623047,116.47000122070312,114.48929595947266,5908200
2018-02-28,117.0,118.1500015258789,116.22000122070312,116.25,114.27302551269531,9684400
2018-03-01,120.91000366210938,122.47000122070312,118.05000305175781,119.43000030517578,117.39893341064453,15555500
2018-03-02,118.6500015258789,122.33000183105469,117.63999938964844,121.91999816894531,119.84659576416016,10627500
2018-03-05,120.0,122.94000244140625,119.66000366210938,122.5,120.4167251586914,10121300
2018-03-06,122.87000274658203,124.69000244140625,122.75,124.4800033569336,122.3630599975586,8154800
2018-03-07,123.37999725341797,125.7699966430664,123.18000030517578,125.33000183105469,123.19860076904297,6750400
2018-03-08,125.76000213623047,127.29000091552734,125.69999694824219,126.36000061035156,124.21109008789062,6127900
2018-03-09,127.19000244140625,127.5,126.25,127.41000366210938,125.24323272705078,5637800
2018-03-12,127.87000274658203,128.1999969482422,126.77999877929688,126.77999877929688,124.62394714355469,5609800
2018-03-13,127.88999938964844,128.11000061035156,125.7300033569336,126.7300033569336,124.57479095458984,4641800
2018-03-14,127.05000305175781,128.8699951171875,126.51000213623047,127.98999786376953,125.81336212158203,5402400
2018-03-15,128.0,128.4600067138672,126.66999816894531,127.22000122070312,125.05645751953125,4603500
2018-03-16,127.29000091552734,127.94999694824219,125.69000244140625,125.97000122070312,123.82772827148438,6662900
2018-03-19,125.02999877929688,125.76000213623047,123.47000122070312,124.9800033569336,122.85456848144531,6830400
2018-03-20,124.58999633789062,126.83000183105469,124.44999694824219,125.12000274658203,122.99217224121094,7113600
2018-03-21,121.55999755859375,124.0199966430664,120.19999694824219,121.69999694824219,119.63032531738281,14824000
2018-03-22,120.4000015258789,120.66000366210938,117.44000244140625,118.04000091552734,116.03257751464844,10950500
2018-03-23,118.01000213623047,118.08000183105469,114.30999755859375,114.43000030517578,112.48397064208984,10902100
2018-03-26,118.23999786376953,119.26000213623047,115.04000091552734,118.97000122070312,116.94676208496094,13171700
2018-03-27,120.08999633789062,120.16000366210938,112.72000122070312,113.80999755859375,111.87451934814453,8304700
2018-03-28,113.1500015258789,114.86000061035156,111.33999633789062,112.87999725341797,110.96031951904297,6489500
2018-03-29,113.91000366210938,117.26000213623047,112.5199966430664,116.30000305175781,114.3221664428711,7794700
2018-04-02,115.91000366210938,117.68000030517578,113.61000061035156,115.30000305175781,113.33917999267578,6461300
2018-04-03,116.76000213623047,117.44999694824219,114.5999984741211,116.48999786376953,114.50894927978516,5193300
2018-04-04,114.05999755859375,119.68000030517578,114.0,119.4800033569336,117.4480972290039,6389300
2018-04-05,120.4000015258789,121.04000091552734,118.66999816894531,119.04000091552734,117.01556396484375,5052400
2018-04-06,118.0999984741211,118.9800033569336,114.94999694824219,116.0999984741211,114.12557220458984,5385500
2018-04-09,117.13999938964844,119.2300033569336,117.13999938964844,117.19000244140625,115.19703674316406,4104200
2018-04-10,118.91999816894531,120.12000274658203,117.68000030517578,119.48999786376953,117.45791625976562,3693000
2018-04-11,119.33000183105469,120.70999908447266,118.87000274658203,119.16000366210938,117.13352966308594,3059400
2018-04-12,120.0,121.7300033569336,119.33999633789062,121.4000015258789,119.33543395996094,4419900
2018-04-13,121.94000244140625,121.94000244140625,118.5,119.01000213623047,116.986083984375,4933100
2018-04-16,120.94999694824219,120.9800033569336,118.66000366210938,119.41000366210938,117.37928009033203,4464700
2018-04-17,120.4000015258789,123.86000061035156,120.01000213623047,123.3499984741211,121.25228118896484,5524600
2018-04-18,123.52999877929688,124.73999786376953,122.2300033569336,124.45999908447266,122.3434066772461,4321800
2018-04-19,124.04000091552734,124.5199966430664,123.18000030517578,124.05999755859375,121.95020294189453,3657000
2018-04-20,124.01000213623047,124.37999725341797,122.05000305175781,122.81999969482422,120.73128509521484,2971000
2018-04-23,123.19000244140625,124.56999969482422,121.23999786376953,121.88999938964844,119.81710815429688,3932700
2018-04-24,123.33999633789062,123.52999877929688,116.91000366210938,117.87999725341797,115.87531280517578,5379300
2018-04-25,117.7699966430664,118.2300033569336,115.04000091552734,117.31999969482422,115.3248291015625,5080500
2018-04-26,118.69999694824219,122.06999969482422,118.16000366210938,120.83000183105469,118.7751235961914,4998800
2018-04-27,121.62999725341797,121.63999938964844,119.55000305175781,120.22000122070312,118.17550659179688,3801200
2018-04-30,120.87000274658203,121.69999694824219,119.77999877929688,120.98999786376953,118.93241882324219,2788300
2018-05-01,120.87999725341797,123.31999969482422,120.41999816894531,123.11000061035156,121.016357421875,3873900
2018-05-02,122.29000091552734,123.97000122070312,121.73999786376953,122.81999969482422,120.73128509521484,3671000
2018-05-03,122.62000274658203,125.0,121.66999816894531,124.41000366210938,122.29425811767578,4435600
2018-05-04,124.37999725341797,125.83999633789062,122.9800033569336,125.12000274658203,122.99217224121094,6341200
2018-05-07,125.79000091552734,127.69000244140625,125.45999908447266,126.97000122070312,124.81071472167969,4342000
2018-05-08,126.58999633789062,128.9600067138672,126.5,128.75,126.56044006347656,4467800
2018-05-09,128.8800048828125,129.74000549316406,127.33000183105469,129.72999572753906,127.52376556396484,4605300
2018-05-10,129.9499969482422,131.0,129.0500030517578,130.6199951171875,128.3986358642578,3772400
2018-05-11,130.0,130.85000610351562,128.88999938964844,130.6300048828125,128.40847778320312,3233200
2018-05-14,130.7899932861328,131.0,127.16000366210938,127.69000244140625,125.51847839355469,4169800
2018-05-15,126.93000030517578,128.58999633789062,126.08999633789062,128.1300048828125,125.95099639892578,2933100
2018-05-16,128.7100067138672,128.97000122070312,127.91999816894531,128.77000427246094,126.58011627197266,2439900
2018-05-17,129.19000244140625,129.4600067138672,125.55000305175781,126.05000305175781,123.90635681152344,5557000
2018-05-18,126.05999755859375,127.72000122070312,125.87000274658203,126.95999908447266,124.80087280273438,3612300
2018-05-21,128.0,128.35000610351562,126.0,126.37000274658203,124.22091674804688,2887200
2018-05-22,126.66000366210938,127.05000305175781,125.26000213623047,125.44000244140625,123.30673217773438,2789800
2018-05-23,124.87999725341797,128.08999633789062,124.58000183105469,128.08999633789062,125.91167449951172,4303900
2018-05-24,128.80999755859375,129.3800048828125,127.38999938964844,128.74000549316406,126.55062103271484,5972400
2018-05-25,128.72999572753906,129.25,127.62000274658203,127.95999908447266,125.78386688232422,4031800
2018-05-29,126.75,127.54000091552734,126.12000274658203,126.87999725341797,124.72222900390625,8141900
2018-05-30,132.3000030517578,132.5500030517578,127.83999633789062,129.3000030517578,127.10110473632812,14170900
2018-05-31,129.3699951171875,130.99000549316406,128.41000366210938,129.3300018310547,127.13057708740234,6408300
2018-06-01,129.8800048828125,130.8699951171875,128.35000610351562,130.52000427246094,128.3003387451172,6132800
2018-06-04,130.38999938964844,132.8000030517578,129.60000610351562,132.64999389648438,130.39410400390625,4860700
2018-06-05,133.13999938964844,134.6300048828125,132.97000122070312,134.1199951171875,131.83912658691406,5123200
2018-06-06,134.3300018310547,135.7100067138672,134.1199951171875,135.5500030517578,133.24481201171875,4766900
2018-06-07,135.5500030517578,135.75,130.72999572753906,132.91000366210938,130.64968872070312,6564100
2018-06-08,131.6999969482422,133.67999267578125,130.82000732421875,133.52999877929688,131.25914001464844,3486600
2018-06-11,133.8800048828125,134.6699981689453,133.25999450683594,133.97999572753906,131.7014923095703,3443100
2018-06-12,134.9600067138672,137.5,134.64999389648438,136.25999450683594,133.9427032470703,5319900
2018-06-13,136.3699951171875,137.49000549316406,135.60000610351562,136.5,134.17864990234375,5809300
2018-06-14,137.0,139.75,136.88999938964844,138.41000366210938,136.05616760253906,6494900
2018-06-15,138.07000732421875,138.9499969482422,136.8000030517578,138.41000366210938,136.05616760253906,7711100
2018-06-18,137.00999450683594,140.19000244140625,136.91000366210938,139.8000030517578,137.42254638671875,4202400
2018-06-19,138.0800018310547,139.7100067138672,137.22999572753906,139.52000427246094,137.1472930908203,4833700
2018-06-20,140.0,142.1199951171875,138.82000732421875,138.94000244140625,136.5771484375,5341400
2018-06-21,139.07000732421875,140.05999755859375,137.1199951171875,137.8800048828125,135.53517150878906,3912800
2018-06-22,137.25999450683594,137.3000030517578,133.9499969482422,135.00999450683594,132.71397399902344,7466000
2018-06-25,134.24000549316406,134.88999938964844,131.6699981689453,133.19000244140625,130.92491149902344,6969800
2018-06-26,134.75999450683594,137.1699981689453,133.82000732421875,135.47999572753906,133.17601013183594,7043100
2018-06-27,136.67999267578125,137.4199981689453,133.10000610351562,133.22000122070312,130.95443725585938,6851600
2018-06-28,133.99000549316406,135.88999938964844,133.19000244140625,135.1199951171875,132.82211303710938,6333700
2018-06-29,136.27999877929688,137.7100067138672,135.89999389648438,136.39999389648438,134.08033752441406,5229500
2018-07-02,136.14999389648438,140.47000122070312,135.3000030517578,140.42999267578125,138.0417938232422,6399200
2018-07-03,140.60000610351562,140.75,137.7100067138672,137.83999633789062,135.49586486816406,3164700
2018-07-05,139.25999450683594,139.88999938964844,138.22000122070312,139.77000427246094,137.39305114746094,5576700
2018-07-06,140.19000244140625,141.72999572753906,139.00999450683594,141.39999389648438,138.9953155517578,5045800
2018-07-09,142.64999389648438,142.8699951171875,139.8800048828125,141.75999450683594,139.3491973876953,5183100
2018-07-10,142.3000030517578,143.50999450683594,141.50999450683594,142.4499969482422,140.0274658203125,3643700
2018-07-11,141.2100067138672,145.63999938964844,141.02000427246094,145.25,142.77981567382812,6168000
2018-07-12,145.8000030517578,148.6999969482422,145.8000030517578,148.16000366210938,145.64035034179688,4681000
2018-07-13,147.75,148.0,145.41000366210938,147.61000061035156,145.09970092773438,3941800
2018-07-16,147.83999633789062,148.69000244140625,146.82000732421875,146.9600067138672,144.4607696533203,3592100
2018-07-17,145.41000366210938,147.44000244140625,143.0800018310547,147.02000427246094,144.51976013183594,5133900
2018-07-18,147.02000427246094,148.19000244140625,145.75999450683594,147.83999633789062,145.32579040527344,2908100
2018-07-19,147.0,148.0,146.61000061035156,147.16000366210938,144.6573486328125,3590600
2018-07-20,147.44000244140625,147.9199981689453,146.69000244140625,146.8699951171875,144.3722686767578,2462200
2018-07-23,146.8699951171875,147.63999938964844,144.8000030517578,147.55999755859375,145.05055236816406,2538100
2018-07-24,148.5500030517578,148.85000610351562,145.17999267578125,146.0,143.51707458496094,4052300
2018-07-25,146.1300048828125,149.35000610351562,146.0,148.8699951171875,146.33828735351562,4056900
2018-07-26,147.97999572753906,148.75,145.67999267578125,147.57000732421875,145.06039428710938,3414300
2018-07-27,148.25,148.27999877929688,142.3800048828125,143.91000366210938,141.46263122558594,5924400
2018-07-30,143.5399932861328,143.72999572753906,135.52000427246094,138.02999877929688,135.68263244628906,9522000
2018-07-31,138.67999267578125,139.7899932861328,135.38999938964844,137.14999389648438,134.81759643554688,7442900
2018-08-01,138.0,140.89999389648438,137.50999450683594,137.67999267578125,135.33856201171875,5098100
2018-08-02,137.0500030517578,141.3000030517578,136.75,141.13999938964844,138.73973083496094,3779200
2018-08-03,141.52999877929688,141.74000549316406,138.4199981689453,141.0399932861328,138.64141845703125,3463500
2018-08-06,140.88999938964844,142.85000610351562,140.64999389648438,142.7100067138672,140.2830352783203,3247300
2018-08-07,143.52999877929688,144.61000061035156,142.72999572753906,144.44000244140625,141.98361206054688,3928300
2018-08-08,144.4600067138672,145.63999938964844,143.16000366210938,145.1699981689453,142.70118713378906,3026700
2018-08-09,145.3000030517578,146.85000610351562,145.08999633789062,145.82000732421875,143.3401336669922,3572600
2018-08-10,144.92999267578125,147.0,144.35000610351562,145.50999450683594,143.03541564941406,2748500
2018-08-13,145.6300048828125,147.17999267578125,144.22000122070312,144.4499969482422,141.99343872070312,2880400
2018-08-14,146.17999267578125,146.77000427246094,144.57000732421875,146.57000732421875,144.077392578125,3474700
2018-08-15,146.0800018310547,147.8800048828125,143.60000610351562,145.0399932861328,142.5734100341797,4476900
2018-08-16,146.50999450683594,146.91000366210938,145.22000122070312,145.72999572753906,143.25167846679688,3704000
2018-08-17,145.5,146.00999450683594,143.9499969482422,145.02000427246094,142.55377197265625,2865600
2018-08-20,145.2100067138672,146.05999755859375,144.32000732421875,145.7100067138672,143.23202514648438,2882200
2018-08-21,146.41000366210938,148.7899932861328,145.36000061035156,145.52999877929688,143.05508422851562,4063700
2018-08-22,145.58999633789062,147.1999969482422,145.0500030517578,146.4600067138672,143.96925354003906,4245300
2018-08-23,146.8300018310547,148.33999633789062,146.07000732421875,147.8300018310547,145.3159637451172,6196300
2018-08-24,148.5,152.3800048828125,148.5,152.3000030517578,149.70993041992188,4882000
2018-08-27,154.7100067138672,154.8800048828125,150.1999969482422,151.67999267578125,149.10049438476562,5814800
2018-08-28,152.02999877929688,153.39999389648438,151.55999755859375,152.99000549316406,150.38819885253906,5266900
2018-08-29,153.3300018310547,154.97000122070312,153.0500030517578,154.8000030517578,152.1674346923828,9018600
2018-08-30,151.1199951171875,153.74000549316406,149.5,152.13999938964844,149.55267333984375,14441000
2018-08-31,152.13999938964844,153.8699951171875,151.89999389648438,152.67999267578125,150.08349609375,6210500
2018-09-04,152.11000061035156,153.33999633789062,151.50999450683594,153.2100067138672,150.60446166992188,5310900
2018-09-05,152.38999938964844,152.77999877929688,147.0800018310547,148.64999389648438,146.1219940185547,7287400
2018-09-06,148.75,149.16000366210938,147.0800018310547,148.8300018310547,146.29896545410156,4190300
2018-09-07,147.83999633789062,151.41000366210938,147.5,150.42999267578125,147.87173461914062,3866800
2018-09-10,150.0,151.5800018310547,148.0,151.32000732421875,148.74659729003906,3872300
2018-09-11,151.0800018310547,153.75,150.6199951171875,152.83999633789062,150.24075317382812,4151000
2018-09-12,152.83999633789062,155.77000427246094,151.80999755859375,155.3699951171875,152.72775268554688,5180800
2018-09-13,155.8699951171875,158.77999877929688,155.82000732421875,158.17999267578125,155.4899444580078,6213500
2018-09-14,157.9499969482422,158.7899932861328,156.32000732421875,157.49000549316406,154.81166076660156,4615300
2018-09-17,157.0,158.42999267578125,154.6199951171875,154.9199981689453,152.285400390625,3899600
2018-09-18,154.75999450683594,158.02999877929688,154.75,156.0,153.34701538085938,3749600
2018-09-19,156.3699951171875,157.3300018310547,152.38999938964844,152.89999389648438,150.29971313476562,5546000
2018-09-20,153.2899932861328,156.07000732421875,151.64999389648438,155.5,152.85549926757812,4655600
2018-09-21,157.07000732421875,157.9600067138672,154.9600067138672,155.52000427246094,152.87518310546875,17991600
2018-09-24,155.3800048828125,158.91000366210938,153.3300018310547,158.77999877929688,156.07974243164062,5082100
2018-09-25,159.0,159.13999938964844,157.1699981689453,158.8699951171875,156.16819763183594,5699600
2018-09-26,159.05999755859375,159.92999267578125,157.35000610351562,158.3300018310547,155.6374053955078,4079700
2018-09-27,159.0500030517578,161.0800018310547,158.92999267578125,160.42999267578125,157.70169067382812,3930300
2018-09-28,160.0,160.86000061035156,158.94000244140625,159.02999877929688,156.32550048828125,4607700
2018-10-01,160.11000061035156,161.19000244140625,159.02000427246094,159.86000061035156,157.14137268066406,4297600
2018-10-02,159.27000427246094,159.5800018310547,156.6999969482422,157.25999450683594,154.58558654785156,4137000
2018-10-03,158.55999755859375,159.75999450683594,157.02000427246094,159.10000610351562,156.39431762695312,3561600
2018-10-04,158.1999969482422,158.83999633789062,153.77999877929688,154.89999389648438,152.26573181152344,6206400
2018-10-05,154.86000061035156,156.60000610351562,152.47000122070312,155.07000732421875,152.43283081054688,4963600
2018-10-08,154.24000549316406,154.6199951171875,145.60000610351562,148.64999389648438,146.1219940185547,10238700
2018-10-09,148.32000732421875,150.8699951171875,147.2100067138672,148.5,145.97451782226562,5593300
2018-10-10,147.52000427246094,147.58999633789062,137.5399932861328,137.80999755859375,135.4663543701172,13660600
2018-10-11,137.44000244140625,142.16000366210938,136.4499969482422,139.24000549316406,136.87205505371094,10499300
2018-10-12,145.77000427246094,148.75,143.22000122070312,146.74000549316406,144.24449157714844,9371700
2018-10-15,146.6999969482422,146.6999969482422,141.32000732421875,141.9499969482422,139.53594970703125,6040800
2018-10-16,145.47000122070312,147.91000366210938,144.00999450683594,147.44000244140625,144.93260192871094,5383100
2018-10-17,148.35000610351562,148.35000610351562,145.4199981689453,147.00999450683594,144.50990295410156,3377900
2018-10-18,146.08999633789062,147.58999633789062,141.42999267578125,142.83999633789062,140.41082763671875,5338200
2018-10-19,143.61000061035156,145.3699951171875,140.3800048828125,140.49000549316406,138.1007843017578,5141600
2018-10-22,141.6999969482422,143.8000030517578,139.1999969482422,142.9499969482422,140.51893615722656,4234900
2018-10-23,139.32000732421875,141.97000122070312,137.77999877929688,140.66000366210938,138.2678985595703,6462000
2018-10-24,141.22999572753906,141.5,133.0,133.25999450683594,130.99374389648438,7251500
2018-10-25,133.69000244140625,141.69000244140625,133.6699981689453,140.8000030517578,138.40550231933594,7792900
2018-10-26,135.75,139.2100067138672,132.61000061035156,135.52000427246094,133.21531677246094,7457000
2018-10-29,138.10000610351562,139.5500030517578,128.52999877929688,130.99000549316406,128.76235961914062,9212500
2018-10-30,130.44000244140625,132.99000549316406,128.02999877929688,132.1699981689453,129.92227172851562,10037900
2018-10-31,134.9199981689453,138.7100067138672,134.77000427246094,137.24000549316406,134.90606689453125,6666400
2018-11-01,138.39999389648438,139.8000030517578,136.41000366210938,139.58999633789062,137.21607971191406,4668800
2018-11-02,140.13999938964844,140.5500030517578,136.10000610351562,136.7899932861328,134.4636993408203,4481400
2018-11-05,137.33999633789062,137.33999633789062,133.4600067138672,135.44000244140625,133.13665771484375,4629900
2018-11-06,135.39999389648438,138.0,132.97999572753906,133.9499969482422,131.67198181152344,4667100
2018-11-07,136.85000610351562,142.30999755859375,136.42999267578125,141.7899932861328,139.37869262695312,5804000
2018-11-08,143.22000122070312,143.6300048828125,140.67999267578125,141.8699951171875,139.4573516845703,3986700
2018-11-09,141.05999755859375,141.05999755859375,135.0500030517578,136.9199981689453,134.59149169921875,5252500
2018-11-12,135.74000549316406,136.66000366210938,130.0800018310547,130.5,128.2806854248047,7571200
2018-11-13,131.47999572753906,133.77000427246094,128.9499969482422,132.16000366210938,129.91246032714844,6176300
2018-11-14,134.2100067138672,134.94000244140625,128.5800018310547,129.35000610351562,127.1502456665039,5729600
2018-11-15,129.1999969482422,132.9499969482422,126.30000305175781,132.49000549316406,130.23684692382812,6468700
2018-11-16,131.85000610351562,133.47000122070312,130.0800018310547,132.5500030517578,130.29580688476562,5126900
2018-11-19,131.60000610351562,132.25999450683594,120.41999816894531,121.01000213623047,118.95207977294922,14284700
2018-11-20,114.33000183105469,124.94000244140625,113.5999984741211,120.66999816894531,118.61784362792969,13829500
2018-11-21,124.19999694824219,125.75,121.61000061035156,123.58999633789062,121.48819732666016,7311300
2018-11-23,121.33000183105469,123.70999908447266,120.70999908447266,122.02999877929688,119.9547119140625,3009600
2018-11-26,124.4800033569336,126.94999694824219,123.66000366210938,126.41000366210938,124.26024627685547,9321200
2018-11-27,125.1500015258789,127.61000061035156,123.72000122070312,127.54000091552734,125.37102508544922,10558800
2018-11-28,138.47999572753906,140.88999938964844,131.97000122070312,140.63999938964844,138.24822998046875,25705400
2018-11-29,139.85000610351562,142.8800048828125,139.27000427246094,139.72000122070312,137.34388732910156,7763000
2018-11-30,138.88999938964844,143.22000122070312,138.27999877929688,142.75999450683594,140.33216857910156,9401400
2018-12-03,146.3000030517578,147.07000732421875,142.55999755859375,144.14999389648438,141.69857788085938,7358900
2018-12-04,142.72999572753906,145.1999969482422,138.8000030517578,139.24000549316406,136.87205505371094,6978400
2018-12-06,134.8000030517578,142.05999755859375,132.75,142.05999755859375,139.64407348632812,9186600
2018-12-07,141.89999389648438,142.3699951171875,134.74000549316406,135.9499969482422,133.6379852294922,6225300
2018-12-10,135.16000366210938,139.49000549316406,133.17999267578125,137.27000427246094,134.935546875,5897000
2018-12-11,140.58999633789062,140.6999969482422,135.58999633789062,136.7899932861328,134.4636993408203,4548700
2018-12-12,141.7899932861328,144.02999877929688,139.5500030517578,140.08999633789062,137.70758056640625,6794300
2018-12-13,141.5,143.6300048828125,139.5800018310547,141.13999938964844,138.73973083496094,5122800
2018-12-14,138.8800048828125,140.7100067138672,136.3800048828125,137.0399932861328,134.70947265625,5354400
2018-12-17,134.30999755859375,135.5,129.97000122070312,130.8300018310547,128.6050567626953,8392400
2018-12-18,132.13999938964844,133.67999267578125,130.1300048828125,132.32000732421875,130.06973266601562,6668400
2018-12-19,131.97999572753906,136.5,129.5,131.16000366210938,128.92945861816406,7350700
2018-12-20,129.25,132.3300018310547,122.63999938964844,127.7300033569336,125.55779266357422,12265100
2018-12-21,128.57000732421875,129.38999938964844,122.45999908447266,122.91000366210938,120.81976318359375,12568600
2018-12-24,121.13999938964844,124.83999633789062,120.16000366210938,121.33000183105469,119.26663208007812,4721500
2018-12-26,122.5199966430664,130.89999389648438,122.12000274658203,130.83999633789062,128.61489868164062,8110900
2018-12-27,128.8000030517578,135.1999969482422,127.83999633789062,135.1999969482422,132.90074157714844,7967700
2018-12-28,136.0,136.8800048828125,132.61000061035156,134.67999267578125,132.38958740234375,7276200
2018-12-31,136.0,137.97000122070312,134.49000549316406,136.97000122070312,134.64064025878906,5467700
2019-01-02,133.39999389648438,136.8300018310547,133.0500030517578,135.5500030517578,133.24481201171875,4783900
2019-01-03,133.47999572753906,134.77999877929688,130.10000610351562,130.39999389648438,128.18235778808594,6365700
2019-01-04,133.5,139.32000732421875,132.22000122070312,137.9600067138672,135.61383056640625,6650600
2019-01-07,141.02000427246094,143.38999938964844,138.7899932861328,142.22000122070312,139.80136108398438,9064800
2019-01-08,144.72999572753906,146.4600067138672,142.88999938964844,145.72000122070312,143.2418670654297,9057300
2019-01-09,146.88999938964844,147.5,144.52999877929688,145.99000549316406,143.5072479248047,5445900
2019-01-10,143.77000427246094,147.2100067138672,143.75999450683594,147.0399932861328,144.53939819335938,5116900
2019-01-11,146.55999755859375,148.02999877929688,145.61000061035156,147.5500030517578,145.0407257080078,5185200
2019-01-14,145.75,146.72999572753906,144.6999969482422,146.0500030517578,143.56622314453125,5815500
2019-01-15,146.35000610351562,149.86000061035156,145.8000030517578,149.19000244140625,146.65283203125,5350400
2019-01-16,149.14999389648438,149.7899932861328,147.8000030517578,148.5399932861328,146.01385498046875,3936800
2019-01-17,148.5399932861328,150.72000122070312,147.69000244140625,149.82000732421875,147.2721405029297,3743200
2019-01-18,151.8300018310547,153.27000427246094,150.24000549316406,152.50999450683594,149.91635131835938,6151200
2019-01-22,150.33999633789062,151.3800048828125,147.39999389648438,148.9499969482422,146.41690063476562,5203300
2019-01-23,149.72999572753906,150.8000030517578,147.64999389648438,149.75,147.2033233642578,3335400
2019-01-24,149.9499969482422,150.5,146.52000427246094,146.8699951171875,144.3722686767578,6734700
2019-01-25,148.52999877929688,149.88999938964844,147.5500030517578,149.74000549316406,147.1934814453125,4600800
2019-01-28,148.1699981689453,148.1999969482422,146.10000610351562,147.3300018310547,144.824462890625,4054700
2019-01-29,147.07000732421875,148.0,144.63999938964844,145.17999267578125,142.7110137939453,3915100
2019-01-30,147.19000244140625,149.69000244140625,146.0800018310547,149.16000366210938,146.62335205078125,4653400
2019-01-31,149.02000427246094,153.3800048828125,148.7100067138672,151.97000122070312,149.38555908203125,8615900
2019-02-01,152.39999389648438,155.9499969482422,151.07000732421875,155.8699951171875,153.21923828125,5959200
2019-02-04,156.02000427246094,158.89999389648438,155.41000366210938,157.72000122070312,155.0377655029297,5264700
2019-02-05,158.33999633789062,159.8800048828125,157.82000732421875,158.99000549316406,156.28614807128906,4575600
2019-02-06,159.0,159.10000610351562,155.0800018310547,158.1300048828125,155.4407958984375,4205100
2019-02-07,155.9600067138672,157.05999755859375,153.36000061035156,154.92999267578125,152.2952117919922,4545500
2019-02-08,152.91000366210938,156.6999969482422,152.7100067138672,156.6699981689453,154.00563049316406,3018700
2019-02-11,158.1999969482422,161.5,157.57000732421875,159.91000366210938,157.19053649902344,7125500
2019-02-12,161.25,163.38999938964844,160.02999877929688,162.7899932861328,160.0215301513672,5631700
2019-02-13,163.44000244140625,163.57000732421875,160.27000427246094,160.39999389648438,157.67218017578125,5296000
2019-02-14,159.47000122070312,160.44000244140625,156.7100067138672,159.47000122070312,156.7580108642578,5061100
2019-02-15,160.99000549316406,161.22000122070312,158.08999633789062,159.0500030517578,156.3451385498047,5282000
2019-02-19,159.66000366210938,161.47999572753906,159.13999938964844,160.61000061035156,157.8786163330078,3883200
2019-02-20,160.3300018310547,161.49000549316406,157.2100067138672,158.5399932861328,155.8438262939453,7047200
2019-02-21,157.6999969482422,160.47999572753906,157.3000030517578,159.6300048828125,156.91531372070312,4463000
2019-02-22,160.47000122070312,161.7100067138672,160.1999969482422,161.30999755859375,158.56671142578125,4175000
2019-02-25,162.50999450683594,163.05999755859375,160.92999267578125,161.36000061035156,158.61587524414062,5076700
2019-02-26,160.80999755859375,163.3800048828125,159.8699951171875,163.0,160.2279815673828,4496300
2019-02-27,162.2899932861328,163.52999877929688,160.5,163.1199951171875,160.345947265625,4278300
2019-02-28,163.0,164.60000610351562,162.1699981689453,163.64999389648438,160.8668975830078,6908100
2019-03-01,165.14999389648438,166.14999389648438,161.75,164.52999877929688,161.73191833496094,6919900
2019-03-04,165.55999755859375,165.7899932861328,155.4199981689453,158.5,155.80450439453125,17886300
2019-03-05,159.9199981689453,160.8800048828125,154.8000030517578,156.97000122070312,154.30052185058594,16042900
2019-03-06,157.1300048828125,160.25,156.27999877929688,156.7899932861328,154.1235809326172,7436300
2019-03-07,156.08999633789062,157.58999633789062,154.80999755859375,155.60000610351562,152.9538116455078,6916500
2019-03-08,152.02000427246094,155.41000366210938,150.25,155.05999755859375,152.4229736328125,4800700
2019-03-11,155.89999389648438,157.77000427246094,153.42999267578125,157.64999389648438,154.9689483642578,5699500
2019-03-12,158.0,159.3699951171875,157.16000366210938,158.27999877929688,155.5882568359375,4082100
2019-03-13,158.85000610351562,162.0,158.61000061035156,159.80999755859375,157.09219360351562,5230600
2019-03-14,160.9499969482422,161.58999633789062,159.74000549316406,160.6699981689453,157.93760681152344,3247200
2019-03-15,160.63999938964844,162.17999267578125,159.19000244140625,161.50999450683594,158.76329040527344,6743700
2019-03-18,161.39999389648438,163.3300018310547,160.8800048828125,161.9499969482422,159.19583129882812,3575500
2019-03-19,162.52000427246094,164.6199951171875,161.60000610351562,163.92999267578125,161.1421661376953,4379000
2019-03-20,163.83999633789062,164.9499969482422,161.50999450683594,163.50999450683594,160.72930908203125,4391000
2019-03-21,163.1699981689453,166.99000549316406,162.75,166.9499969482422,164.11080932617188,4277800
2019-03-22,165.9600067138672,166.49000549316406,161.35000610351562,161.5,158.75347900390625,5614300
2019-03-25,160.22999572753906,161.60000610351562,159.22000122070312,160.8800048828125,158.14402770996094,3795400
2019-03-26,161.42999267578125,162.07000732421875,157.38999938964844,159.39999389648438,156.68917846679688,6910300
2019-03-27,159.0,159.3000030517578,152.3699951171875,155.1199951171875,152.48196411132812,8218700
2019-03-28,155.69000244140625,156.47999572753906,153.50999450683594,155.17999267578125,152.5409698486328,4424800
2019-03-29,156.8699951171875,158.5,155.42999267578125,158.3699951171875,155.6767120361328,4913100
2019-04-01,160.10000610351562,161.67999267578125,158.50999450683594,161.17999267578125,158.4389190673828,4601100
2019-04-02,160.86000061035156,160.99000549316406,158.91000366210938,160.50999450683594,157.7803192138672,3158400
2019-04-03,161.77999877929688,163.13999938964844,160.64999389648438,162.6199951171875,159.8544158935547,3819100
2019-04-04,162.7100067138672,162.8000030517578,155.8300018310547,158.52000427246094,155.8241729736328,6295200
2019-04-05,159.6300048828125,160.24000549316406,158.02000427246094,158.55999755859375,155.8634796142578,4315300
2019-04-08,158.39999389648438,158.7899932861328,156.4499969482422,158.47000122070312,155.77500915527344,2848400
2019-04-09,157.0399932861328,158.35000610351562,156.64999389648438,156.97000122070312,154.30052185058594,5642900
2019-04-10,158.1999969482422,160.3800048828125,157.64999389648438,160.24000549316406,157.51490783691406,3414700
2019-04-11,160.16000366210938,160.8300018310547,159.02000427246094,160.72999572753906,157.99656677246094,2578400
2019-04-12,162.0,162.5,159.5,160.7100067138672,157.9769287109375,2844200
2019-04-15,161.0,162.02999877929688,159.49000549316406,160.08999633789062,157.36744689941406,2608400
2019-04-16,160.0399932861328,160.25999450683594,157.75,158.69000244140625,155.99130249023438,3004800
2019-04-17,159.0500030517578,159.0500030517578,155.07000732421875,155.33999633789062,152.6982421875,4765500
2019-04-18,154.89999389648438,156.2100067138672,153.1699981689453,155.99000549316406,153.3372039794922,4391500
2019-04-22,155.4499969482422,159.13999938964844,155.27999877929688,158.75999450683594,156.06007385253906,2943300
2019-04-23,159.75999450683594,161.39999389648438,158.41000366210938,161.22999572753906,158.4880828857422,3418400
2019-04-24,161.8800048828125,162.49000549316406,159.39999389648438,159.55999755859375,156.8464813232422,3384900
2019-04-25,162.0,163.88999938964844,161.0,163.08999633789062,160.31643676757812,5498400
2019-04-26,162.4199981689453,166.05999755859375,161.27999877929688,165.9600067138672,163.13763427734375,3342900
2019-04-29,166.7100067138672,167.55999755859375,165.3300018310547,165.36000061035156,162.54783630371094,4509700
2019-04-30,165.19000244140625,166.44000244140625,163.6199951171875,165.35000610351562,162.5380096435547,3581800
2019-05-01,166.00999450683594,166.22000122070312,162.13999938964844,162.14999389648438,159.39242553710938,2707700
2019-05-02,161.69000244140625,162.6999969482422,159.6300048828125,161.8300018310547,159.07789611816406,3181100
2019-05-03,162.5800018310547,163.5,160.86000061035156,163.33999633789062,160.56219482421875,3131000
2019-05-06,158.6199951171875,162.83999633789062,157.86000061035156,162.5,159.73646545410156,2520600
2019-05-07,161.3300018310547,161.6699981689453,154.75,156.89999389648438,154.23170471191406,6541900
2019-05-08,157.11000061035156,157.92999267578125,155.0399932861328,156.86000061035156,154.19239807128906,4061300
2019-05-09,154.64999389648438,157.10000610351562,152.38999938964844,156.30999755859375,153.6517333984375,5809300
2019-05-10,156.27999877929688,160.61000061035156,154.3800048828125,159.94000244140625,157.22000122070312,4462200
2019-05-13,154.9199981689453,156.89999389648438,152.77999877929688,153.14999389648438,150.54550170898438,5694600
2019-05-14,155.0500030517578,158.58999633789062,152.9199981689453,158.07000732421875,155.38182067871094,4954000
2019-05-15,153.82000732421875,156.3800048828125,151.6999969482422,155.05999755859375,152.4229736328125,7783800
2019-05-16,156.75999450683594,159.4499969482422,155.89999389648438,158.47999572753906,155.78482055664062,5048100
2019-05-17,156.17999267578125,157.16000366210938,153.1699981689453,154.57000732421875,151.9413604736328,5314000
2019-05-20,152.47000122070312,156.08999633789062,151.6999969482422,155.97999572753906,153.32736206054688,5437600
2019-05-21,157.36000061035156,157.83999633789062,155.17999267578125,155.77999877929688,153.13075256347656,3803100
2019-05-22,155.8699951171875,158.19000244140625,155.83999633789062,157.63999938964844,154.95913696289062,3170100
2019-05-23,156.02999877929688,156.33999633789062,152.14999389648438,153.7100067138672,151.09596252441406,4508200
2019-05-24,154.88999938964844,156.92999267578125,154.16000366210938,154.50999450683594,151.8823699951172,3151700
2019-05-28,155.35000610351562,157.80999755859375,154.38999938964844,155.19000244140625,152.55078125,4934100
2019-05-29,153.75999450683594,154.05999755859375,151.1999969482422,152.88999938964844,150.28988647460938,4359500
2019-05-30,154.32000732421875,155.8699951171875,153.89999389648438,155.66000366210938,153.01280212402344,4418100
2019-05-31,152.66000366210938,154.47999572753906,151.25999450683594,151.41000366210938,148.8350830078125,5326900
2019-06-03,150.6999969482422,150.6999969482422,143.38999938964844,145.10000610351562,142.6324005126953,8835200
2019-06-04,146.0500030517578,150.9199981689453,142.50999450683594,150.80999755859375,148.2452850341797,12375100
2019-06-05,157.14999389648438,158.5,154.5500030517578,158.44000244140625,155.7455291748047,12072400
2019-06-06,158.5,160.0,157.3300018310547,159.30999755859375,156.6007080078125,5601200
2019-06-07,159.83999633789062,162.99000549316406,159.5,161.27000427246094,158.5273895263672,7175300
2019-06-10,153.47999572753906,157.4499969482422,150.8300018310547,152.7899932861328,150.19163513183594,29856300
2019-06-11,155.30999755859375,155.7100067138672,148.7899932861328,150.14999389648438,147.59649658203125,15214300
2019-06-12,151.11000061035156,152.32000732421875,150.14999389648438,151.27999877929688,148.70729064941406,7161300
2019-06-13,152.16000366210938,152.24000549316406,150.25,151.33999633789062,148.76626586914062,5173800
2019-06-14,151.0399932861328,151.97999572753906,149.47999572753906,150.00999450683594,147.45889282226562,6248200
2019-06-17,150.1999969482422,151.27999877929688,149.8699951171875,150.2899932861328,147.73411560058594,4491800
2019-06-18,151.8800048828125,152.9499969482422,150.5,150.58999633789062,148.02902221679688,7317800
2019-06-19,151.69000244140625,154.47000122070312,150.50999450683594,154.13999938964844,151.51866149902344,8095300
2019-06-20,156.2899932861328,158.2899932861328,155.4199981689453,157.1999969482422,154.526611328125,10153600
2019-06-21,156.6699981689453,157.7899932861328,155.94000244140625,156.83999633789062,154.17271423339844,9706900
2019-06-24,157.38999938964844,157.72999572753906,152.50999450683594,152.55999755859375,149.96551513671875,6378200
2019-06-25,152.8300018310547,152.97000122070312,148.58999633789062,149.33999633789062,146.80029296875,7362500
2019-06-26,151.27999877929688,151.3800048828125,148.9199981689453,149.0399932861328,146.50534057617188,5844900
2019-06-27,149.88999938964844,150.75999450683594,148.47000122070312,150.69000244140625,148.1273193359375,6832800
2019-06-28,150.4199981689453,151.77000427246094,149.60000610351562,151.72999572753906,149.14962768554688,6936600
2019-07-01,154.57000732421875,154.74000549316406,151.85000610351562,154.05999755859375,151.44004821777344,6476400
2019-07-02,154.2899932861328,154.36000061035156,152.5800018310547,154.1199951171875,151.49899291992188,4736300
2019-07-03,154.5399932861328,155.75,154.16000366210938,155.58999633789062,152.9439697265625,3885400
2019-07-05,153.9499969482422,154.80999755859375,152.57000732421875,154.5800018310547,151.951171875,3940900
2019-07-08,153.52000427246094,153.69000244140625,152.0399932861328,152.80999755859375,150.21124267578125,4717400
2019-07-09,152.0800018310547,154.19000244140625,151.67999267578125,153.9499969482422,151.33187866210938,4979100
2019-07-10,154.57000732421875,156.39999389648438,154.57000732421875,156.27000427246094,153.6124267578125,4966300
2019-07-11,156.82000732421875,159.3000030517578,156.6199951171875,158.89999389648438,156.19766235351562,7083200
2019-07-12,159.39999389648438,159.6199951171875,157.39999389648438,158.0800018310547,155.3916473388672,4348000
2019-07-15,158.75999450683594,159.83999633789062,157.47999572753906,159.64999389648438,156.93495178222656,3603700
2019-07-16,159.9600067138672,161.61000061035156,156.8000030517578,157.1300048828125,154.45779418945312,6913100
2019-07-17,157.67999267578125,159.9199981689453,157.66000366210938,158.24000549316406,155.54891967773438,4160500
2019-07-18,157.0,158.5800018310547,156.2100067138672,157.97999572753906,155.2933349609375,3724000
2019-07-19,159.72999572753906,160.74000549316406,156.2899932861328,156.75,154.08425903320312,5218800
2019-07-22,157.64999389648438,159.0500030517578,157.14999389648438,157.6999969482422,155.01812744140625,2909500
2019-07-23,157.97999572753906,158.4499969482422,155.27999877929688,156.25,153.59275817871094,4865800
2019-07-24,155.97999572753906,160.25,155.6999969482422,159.75,157.03323364257812,4110500
2019-07-25,160.1199951171875,161.1300048828125,158.6699981689453,159.35000610351562,156.64002990722656,6934500
2019-07-26,159.55999755859375,160.82000732421875,158.72999572753906,159.97000122070312,157.24949645996094,4979100
2019-07-29,160.39999389648438,161.1999969482422,155.52000427246094,156.2100067138672,153.55348205566406,8880500
2019-07-30,155.33999633789062,158.22000122070312,154.6199951171875,156.9600067138672,154.29071044921875,4241600
2019-07-31,157.38999938964844,157.88999938964844,152.3000030517578,154.5,151.87252807617188,7454200
2019-08-01,154.72999572753906,157.77999877929688,150.41000366210938,150.80999755859375,148.2452850341797,26124700
2019-08-02,149.8000030517578,149.89999389648438,145.30999755859375,145.6999969482422,143.22216796875,13138900
2019-08-05,141.33999633789062,143.75,139.8000030517578,142.82000732421875,140.3911895751953,13070100
2019-08-06,143.7899932861328,144.9600067138672,141.9600067138672,142.8000030517578,140.37152099609375,6694000
2019-08-07,140.92999267578125,143.10000610351562,139.05999755859375,141.63999938964844,139.23123168945312,7635500
2019-08-08,143.52000427246094,144.9600067138672,142.32000732421875,143.82000732421875,141.37416076660156,8670300
2019-08-09,143.61000061035156,144.47000122070312,141.69000244140625,143.3699951171875,140.93179321289062,5286700
2019-08-12,141.5500030517578,141.97000122070312,140.0500030517578,140.72000122070312,138.32687377929688,4389500
2019-08-13,140.92999267578125,145.0,140.42999267578125,143.8800048828125,141.4331512451172,5205800
2019-08-14,141.2899932861328,142.36000061035156,137.8699951171875,139.72000122070312,137.34388732910156,8607800
2019-08-15,141.10000610351562,143.3000030517578,139.75,142.1300048828125,139.71290588378906,6647700
2019-08-16,143.05999755859375,145.33999633789062,142.52000427246094,143.88999938964844,141.44296264648438,5341100
2019-08-19,145.60000610351562,146.13999938964844,142.8800048828125,143.6699981689453,141.22671508789062,4632100
2019-08-20,144.16000366210938,146.5,143.05999755859375,145.5399932861328,143.0648956298828,6259200
2019-08-21,146.89999389648438,148.38999938964844,146.16000366210938,147.3800048828125,144.87362670898438,6142400
2019-08-22,149.49000549316406,149.89999389648438,145.47000122070312,148.24000549316406,145.718994140625,11744500
2019-08-23,157.6999969482422,158.4199981689453,150.64999389648438,151.57000732421875,148.9923858642578,26531900
2019-08-26,153.50999450683594,155.2100067138672,151.52000427246094,155.13999938964844,152.5016326904297,8975400
2019-08-27,154.25999450683594,155.89999389648438,152.52999877929688,153.57000732421875,150.95834350585938,6516500
2019-08-28,152.5,152.77999877929688,150.8699951171875,151.8300018310547,149.2479248046875,5326800
2019-08-29,153.39999389648438,156.0,152.66000366210938,155.92999267578125,153.27821350097656,5979900
2019-08-30,156.4199981689453,158.22000122070312,153.6999969482422,156.07000732421875,153.41583251953125,7591000
2019-09-03,154.2100067138672,155.32000732421875,151.75999450683594,152.72999572753906,150.1326141357422,4953800
2019-09-04,154.08999633789062,154.9199981689453,152.32000732421875,152.4600067138672,149.86720275878906,3604500
2019-09-05,154.63999938964844,154.74000549316406,151.9499969482422,153.77000427246094,151.15493774414062,5065400
2019-09-06,153.97000122070312,154.0500030517578,150.77000427246094,151.07000732421875,148.50088500976562,4722300
2019-09-09,151.66000366210938,152.14999389648438,148.08999633789062,149.5399932861328,146.9968719482422,6265500
2019-09-10,148.77000427246094,151.66000366210938,147.74000549316406,149.64999389648438,147.10499572753906,6249700
2019-09-11,150.08999633789062,154.64999389648438,149.0399932861328,154.08999633789062,151.46951293945312,6242400
2019-09-12,155.0399932861328,156.8000030517578,154.41000366210938,154.75,152.1182861328125,4993500
2019-09-13,154.32000732421875,154.91000366210938,152.74000549316406,152.97999572753906,150.37835693359375,3763500
2019-09-16,151.64999389648438,154.10000610351562,151.36000061035156,153.00999450683594,150.40786743164062,2592300
2019-09-17,153.0,153.4499969482422,151.72999572753906,152.82000732421875,150.22109985351562,3028500
2019-09-18,152.35000610351562,152.91000366210938,150.57000732421875,152.77000427246094,150.17196655273438,2951200
2019-09-19,153.52000427246094,154.25,152.77000427246094,153.60000610351562,150.98785400390625,2947000
2019-09-20,154.69000244140625,156.8800048828125,153.6199951171875,155.1999969482422,152.56063842773438,11733000
2019-09-23,154.14999389648438,155.1999969482422,152.9600067138672,154.64999389648438,152.0199737548828,3642200
2019-09-24,154.27999877929688,156.27000427246094,151.08999633789062,152.0500030517578,149.46420288085938,4120800
2019-09-25,152.0500030517578,153.2100067138672,148.89999389648438,152.99000549316406,150.38819885253906,3445000
2019-09-26,152.4199981689453,153.39999389648438,151.83999633789062,152.33999633789062,149.749267578125,3837300
2019-09-27,153.1199951171875,153.14999389648438,146.75,148.25999450683594,145.73866271972656,5858200
2019-09-30,147.9499969482422,148.97000122070312,147.41000366210938,148.44000244140625,145.9156036376953,3671200
2019-10-01,149.49000549316406,150.16000366210938,147.25,147.69000244140625,145.17832946777344,3172900
2019-10-02,146.05999755859375,146.5,143.1999969482422,144.22000122070312,141.767333984375,4432400
2019-10-03,144.0,147.05999755859375,142.0800018310547,147.0,144.5000762939453,3660900
2019-10-04,148.27999877929688,148.9199981689453,146.2100067138672,148.02999877929688,145.51255798339844,3259000
2019-10-07,147.27999877929688,149.3300018310547,147.0,148.8000030517578,146.26947021484375,2704700
2019-10-08,147.5399932861328,148.33999633789062,145.80999755859375,145.91000366210938,143.4286346435547,2613200
2019-10-09,147.27000427246094,147.85000610351562,146.61000061035156,147.0500030517578,144.5492401123047,2273000
2019-10-10,146.83999633789062,147.55999755859375,145.50999450683594,146.41000366210938,143.92010498046875,2687400
2019-10-11,148.13999938964844,150.7100067138672,148.08999633789062,149.3699951171875,146.8297882080078,4663900
2019-10-14,149.39999389648438,150.27999877929688,148.8000030517578,149.3699951171875,146.8297882080078,1556900
2019-10-15,149.66000366210938,152.97000122070312,149.6199951171875,152.74000549316406,150.1424560546875,3942600
2019-10-16,147.25999450683594,150.85000610351562,145.82000732421875,146.97000122070312,144.4705810546875,8988600
2019-10-17,147.5800018310547,148.0399932861328,145.50999450683594,146.1699981689453,143.6842041015625,5024400
2019-10-18,146.3000030517578,146.44000244140625,142.39999389648438,144.08999633789062,141.63958740234375,6080000
2019-10-21,144.10000610351562,145.19000244140625,143.0,144.5500030517578,142.09176635742188,3358000
2019-10-22,145.0500030517578,145.9600067138672,142.13999938964844,142.3300018310547,139.90951538085938,4460500
2019-10-23,142.11000061035156,145.57000732421875,141.49000549316406,145.1300048828125,142.66189575195312,4761400
2019-10-24,146.58999633789062,148.7899932861328,146.39999389648438,148.1199951171875,145.60101318359375,5280100
2019-10-25,147.0500030517578,150.66000366210938,146.3000030517578,150.49000549316406,147.93072509765625,4991400
2019-10-28,151.1999969482422,154.9199981689453,149.42999267578125,154.7899932861328,152.15760803222656,7576700
2019-10-29,154.77999877929688,156.1300048828125,154.4199981689453,155.08999633789062,152.45248413085938,5477300
2019-10-30,155.74000549316406,158.4199981689453,155.00999450683594,158.27999877929688,155.5882568359375,4724500
2019-10-31,156.55999755859375,158.27999877929688,155.2100067138672,156.49000549316406,153.82867431640625,4578300
2019-11-01,157.91000366210938,160.08999633789062,156.75,159.74000549316406,157.02342224121094,4771100
2019-11-04,160.94000244140625,161.25,156.69000244140625,157.60000610351562,154.9197998046875,5748100
2019-11-05,157.58999633789062,159.1199951171875,155.47000122070312,158.14999389648438,155.46047973632812,4015000
2019-11-06,158.94000244140625,160.0,157.75,158.92999267578125,156.22715759277344,4207400
2019-11-07,158.92999267578125,161.1300048828125,158.0800018310547,159.5,156.7874755859375,3802300
2019-11-08,159.25,161.2100067138672,158.91000366210938,161.11000061035156,158.3701171875,3265300
2019-11-11,161.22000122070312,162.22999572753906,160.25,161.77999877929688,159.0287322998047,3541200
2019-11-12,162.0,164.3699951171875,161.58999633789062,162.86000061035156,160.09034729003906,3710600
2019-11-13,163.0500030517578,164.4199981689453,162.02000427246094,162.60000610351562,159.83477783203125,5389700
2019-11-14,163.02999877929688,163.5800018310547,162.38999938964844,163.0500030517578,160.2771453857422,3820700
2019-11-15,163.72000122070312,163.92999267578125,160.99000549316406,163.2100067138672,160.4344024658203,3693000
2019-11-18,164.0,164.0,161.88999938964844,162.77000427246094,160.00186157226562,5556700
2019-11-19,163.63999938964844,164.4499969482422,161.83999633789062,163.9600067138672,161.1716766357422,4952900
2019-11-20,163.44000244140625,166.33999633789062,162.25,164.1999969482422,161.40756225585938,8450300
2019-11-21,165.32000732421875,165.91000366210938,162.2100067138672,162.8800048828125,160.11001586914062,5724200
2019-11-22,162.97999572753906,163.49000549316406,161.3800048828125,162.80999755859375,160.04119873046875,3761900
2019-11-25,163.77999877929688,164.64999389648438,161.4499969482422,161.7100067138672,158.95993041992188,5509300
2019-11-26,161.55999755859375,162.61000061035156,161.30999755859375,162.5399932861328,159.77578735351562,5881400
2019-11-27,161.9199981689453,162.8300018310547,161.11000061035156,161.50999450683594,158.76329040527344,4012800
2019-11-29,161.61000061035156,163.41000366210938,161.32000732421875,162.88999938964844,160.11985778808594,2432500
2019-12-02,163.10000610351562,163.2100067138672,158.10000610351562,161.0,158.261962890625,5117400
2019-12-03,156.9600067138672,161.85000610351562,156.19000244140625,161.57000732421875,158.8223114013672,6216400
2019-12-04,160.3800048828125,160.69000244140625,154.5,156.42999267578125,153.7697296142578,17803300
2019-12-05,155.74000549316406,158.9199981689453,155.25,158.22000122070312,155.52926635742188,7126600
2019-12-06,158.10000610351562,159.5,157.58999633789062,158.00999450683594,155.32281494140625,4751200
2019-12-09,157.3800048828125,158.89999389648438,157.05999755859375,157.47999572753906,154.80184936523438,3709000
2019-12-10,157.00999450683594,157.6699981689453,156.1699981689453,156.39999389648438,153.740234375,4074700
2019-12-11,156.83999633789062,156.8800048828125,155.47999572753906,156.38999938964844,153.7303924560547,4867500
2019-12-12,155.77000427246094,158.99000549316406,155.30999755859375,158.58999633789062,155.89297485351562,5353900
2019-12-13,158.86000061035156,161.49000549316406,158.5500030517578,161.1300048828125,158.38978576660156,5742300
2019-12-16,160.85000610351562,162.74000549316406,160.82000732421875,161.9600067138672,159.2056427001953,5370000
2019-12-17,162.0,162.3699951171875,159.74000549316406,161.6300048828125,158.8813018798828,4789600
2019-12-18,161.8000030517578,163.27999877929688,161.47999572753906,161.47999572753906,158.73382568359375,4144800
2019-12-19,161.58999633789062,163.33999633789062,160.8300018310547,163.3300018310547,160.55235290527344,4185400
2019-12-20,164.72999572753906,165.1699981689453,163.6300048828125,164.5500030517578,161.75160217285156,8586700
2019-12-23,164.0399932861328,164.8699951171875,163.35000610351562,163.74000549316406,160.9553985595703,4368600
2019-12-24,163.30999755859375,163.83999633789062,162.8800048828125,163.25,160.4737091064453,1238000
2019-12-26,163.39999389648438,164.52999877929688,163.27000427246094,164.50999450683594,161.7122802734375,2155500
2019-12-27,164.86000061035156,165.4600067138672,163.89999389648438,164.97999572753906,162.17428588867188,3409900
2019-12-30,164.86000061035156,164.94000244140625,161.1999969482422,162.44000244140625,159.67752075195312,3197100
2019-12-31,162.0399932861328,163.25999450683594,161.8000030517578,162.63999938964844,159.8740692138672,3273500
2020-01-02,163.9199981689453,167.07000732421875,163.5800018310547,166.99000549316406,164.150146484375,5189300
2020-01-03,165.05999755859375,166.77000427246094,165.0,166.1699981689453,163.34408569335938,3205400
2020-01-06,165.0,173.6699981689453,164.4499969482422,173.4499969482422,170.50027465820312,8836200
2020-01-07,173.22999572753906,176.8699951171875,172.08999633789062,176.0,173.00689697265625,8272700
2020-01-08,175.22999572753906,178.85000610351562,174.75,177.3300018310547,174.3142852783203,7225100
2020-01-09,178.83999633789062,179.89999389648438,177.2899932861328,179.60000610351562,176.54566955566406,5952900
2020-01-10,179.83999633789062,180.67999267578125,178.69000244140625,180.1999969482422,177.13546752929688,5111800
2020-01-13,181.25999450683594,184.4499969482422,181.1300048828125,183.85000610351562,180.72340393066406,6202600
2020-01-14,183.5,183.85000610351562,182.0399932861328,182.1199951171875,179.02279663085938,4342300
2020-01-15,181.67999267578125,183.08999633789062,180.6199951171875,181.05999755859375,177.98085021972656,3886600
2020-01-16,182.22999572753906,183.11000061035156,180.9600067138672,182.69000244140625,179.58309936523438,3485300
2020-01-17,183.22999572753906,183.33999633789062,181.36000061035156,182.22999572753906,179.13095092773438,4577000
2020-01-21,181.50999450683594,186.0,181.5,185.27000427246094,182.1192626953125,6302400
2020-01-22,185.38999938964844,186.44000244140625,182.69000244140625,182.75,179.64212036132812,4781800
2020-01-23,183.2100067138672,184.3000030517578,181.3000030517578,183.97999572753906,180.85118103027344,4369000
2020-01-24,185.0,186.1300048828125,181.1300048828125,182.11000061035156,179.01296997070312,4653600
2020-01-27,178.77000427246094,181.72999572753906,177.3000030517578,180.7100067138672,177.63681030273438,4239400
2020-01-28,181.13999938964844,183.86000061035156,180.35000610351562,182.85000610351562,179.74038696289062,3445300
2020-01-29,184.0,184.10000610351562,181.6199951171875,181.77000427246094,178.6787872314453,2785500
2020-01-30,180.89999389648438,185.94000244140625,180.5399932861328,185.6699981689453,182.51242065429688,3715700
2020-01-31,184.86000061035156,186.02999877929688,180.7899932861328,182.30999755859375,179.2095947265625,4193300
2020-02-03,183.25999450683594,185.8699951171875,181.85000610351562,185.4199981689453,182.26669311523438,4755200
2020-02-04,188.0,189.69000244140625,186.64999389648438,188.33999633789062,185.1370391845703,3983200
2020-02-05,190.39999389648438,190.5500030517578,182.86000061035156,185.49000549316406,182.33551025390625,6162700
2020-02-06,186.8300018310547,187.55999755859375,184.24000549316406,186.72999572753906,183.55442810058594,4102700
2020-02-07,186.85000610351562,188.64999389648438,185.64999389648438,185.72000122070312,182.5615997314453,3713100
2020-02-10,186.1699981689453,189.27000427246094,185.55999755859375,189.1199951171875,185.90374755859375,3873500
2020-02-11,191.47999572753906,192.60000610351562,188.64999389648438,189.11000061035156,185.8939208984375,4299200
2020-02-12,189.7100067138672,190.52000427246094,186.77000427246094,189.4600067138672,186.23797607421875,4535400
2020-02-13,188.5,191.0500030517578,188.4199981689453,188.63999938964844,185.4319305419922,3132100
2020-02-14,189.35000610351562,190.25,188.10000610351562,189.9499969482422,186.7196502685547,3599400
2020-02-18,190.9499969482422,191.5,188.9199981689453,191.08999633789062,187.8402557373047,4957000
2020-02-19,192.0,193.9199981689453,191.8000030517578,192.8699951171875,189.58998107910156,3903200
2020-02-20,194.0,195.72000122070312,189.77000427246094,193.36000061035156,190.07167053222656,5451200
2020-02-21,191.83999633789062,192.0399932861328,186.72000122070312,189.5,186.2772979736328,5242100
2020-02-24,178.7899932861328,187.14999389648438,178.7899932861328,185.94000244140625,182.77786254882812,8463300
2020-02-25,188.47000122070312,189.97999572753906,179.42999267578125,181.27000427246094,178.18728637695312,11361100
2020-02-26,176.5399932861328,182.6699981689453,174.25,178.8699951171875,175.8280792236328,13923100
2020-02-27,172.2100067138672,178.3300018310547,170.0500030517578,172.14999389648438,169.22238159179688,9927300
2020-02-28,164.99000549316406,171.77000427246094,163.1199951171875,170.39999389648438,167.50213623046875,12640800
2020-03-02,172.1999969482422,176.7899932861328,168.58999633789062,176.75999450683594,173.75396728515625,7761000
2020-03-03,178.41000366210938,178.4199981689453,167.08999633789062,169.3699951171875,166.48965454101562,8323500
2020-03-04,172.25,175.80999755859375,169.6300048828125,175.69000244140625,172.70216369628906,5846300
2020-03-05,172.57000732421875,173.75,168.10000610351562,169.60000610351562,166.71575927734375,5797500
2020-03-06,165.6699981689453,167.57000732421875,158.5399932861328,164.0800018310547,161.28961181640625,9757700
2020-03-09,151.6999969482422,157.7100067138672,150.63999938964844,151.2100067138672,148.6384735107422,9657100
2020-03-10,157.22999572753906,161.47000122070312,151.0,161.33999633789062,158.59619140625,11443900
2020-03-11,157.67999267578125,159.6199951171875,150.14999389648438,154.57000732421875,151.9413604736328,10341300
2020-03-12,144.33999633789062,151.22999572753906,140.10000610351562,140.58999633789062,138.19911193847656,13213000
2020-03-13,149.47000122070312,149.5,135.32000732421875,147.77999877929688,145.26681518554688,13765400
2020-03-16,134.00999450683594,141.5500030517578,123.38999938964844,124.30000305175781,122.18611907958984,13845300
2020-03-17,127.0,138.00999450683594,122.91999816894531,135.4199981689453,133.1170196533203,12191500
2020-03-18,125.54000091552734,133.4199981689453,115.29000091552734,132.24000549316406,129.9910888671875,12988200
2020-03-19,131.58999633789062,144.0,128.86000061035156,139.4600067138672,137.0883026123047,10444000
2020-03-20,140.4199981689453,146.1999969482422,134.60000610351562,139.35000610351562,136.9801788330078,12450100
2020-03-23,138.75999450683594,143.72000122070312,134.08999633789062,140.52000427246094,138.1302947998047,11898300
2020-03-24,144.6300048828125,154.13999938964844,143.17999267578125,153.63999938964844,151.0271759033203,11834400
2020-03-25,152.6699981689453,158.02000427246094,146.9600067138672,147.05999755859375,144.55905151367188,10639300
2020-03-26,148.3000030517578,155.0800018310547,147.72999572753906,154.72999572753906,152.09861755371094,8573100
2020-03-27,150.6300048828125,151.4499969482422,144.91000366210938,146.0,143.51707458496094,8273500
2020-03-30,147.72000122070312,153.0,146.55999755859375,149.85000610351562,147.30162048339844,7650400
2020-03-31,149.02999877929688,151.9499969482422,142.77999877929688,143.97999572753906,141.5314178466797,10429700
2020-04-01,138.32000732421875,139.05999755859375,133.10000610351562,134.05999755859375,131.7801513671875,8737600
2020-04-02,134.00999450683594,135.38999938964844,130.0399932861328,134.32000732421875,132.03573608398438,8150500
2020-04-03,134.4499969482422,136.19000244140625,131.66000366210938,134.30999755859375,132.02589416503906,6004400
2020-04-06,139.0,149.85000610351562,138.3000030517578,147.5500030517578,145.0407257080078,12296800
2020-04-07,150.3300018310547,150.8000030517578,144.50999450683594,145.07000732421875,142.60292053222656,7859500
2020-04-08,146.3000030517578,152.16000366210938,145.0,151.1199951171875,148.55001831054688,7665500
2020-04-09,152.38999938964844,156.10000610351562,151.67999267578125,154.5500030517578,151.9216766357422,7094600
2020-04-13,154.1199951171875,155.30999755859375,150.0,152.5,149.90655517578125,5138600
2020-04-14,155.7100067138672,158.7899932861328,155.14999389648438,157.7100067138672,155.02793884277344,7334300
2020-04-15,155.0800018310547,157.27000427246094,154.0,155.6300048828125,152.98330688476562,4042600
2020-04-16,157.0,158.0,154.25,157.05999755859375,154.3889923095703,4391500
2020-04-17,160.0,163.25999450683594,157.6300048828125,162.6199951171875,159.8544158935547,7312900
2020-04-20,160.75,164.30999755859375,160.52000427246094,162.75999450683594,159.99203491210938,4686000
2020-04-21,160.0,160.08999633789062,148.0,150.55999755859375,147.99954223632812,13737900
2020-04-22,154.0,155.6999969482422,150.6699981689453,154.13999938964844,151.51866149902344,6660900
2020-04-23,153.5,156.47000122070312,151.5,151.72000122070312,149.13980102539062,6281400
2020-04-24,153.58999633789062,154.5,151.3000030517578,153.97999572753906,151.36138916015625,6710500
2020-04-27,155.5399932861328,158.44000244140625,154.1999969482422,157.6300048828125,154.94931030273438,5036400
2020-04-28,159.5,160.80999755859375,154.17999267578125,154.4600067138672,151.83322143554688,4731800
2020-04-29,157.8800048828125,161.88999938964844,156.52000427246094,160.42999267578125,157.70169067382812,5256700
2020-04-30,161.6300048828125,165.3000030517578,160.00999450683594,161.9499969482422,159.19583129882812,6830700
2020-05-01,158.49000549316406,160.1699981689453,155.25999450683594,156.3699951171875,153.7107391357422,4276900
2020-05-04,155.5800018310547,162.02000427246094,155.0800018310547,161.47000122070312,158.72398376464844,5974200
2020-05-05,162.52999877929688,164.13999938964844,160.25,163.25,160.4737091064453,5264800
2020-05-06,164.44000244140625,165.7100067138672,162.9199981689453,163.6699981689453,160.88656616210938,4112600
2020-05-07,166.5,171.27000427246094,166.02000427246094,169.89999389648438,167.01065063476562,6460900
2020-05-08,172.9499969482422,176.0800018310547,171.14999389648438,175.89999389648438,172.90859985351562,5403400
2020-05-11,175.55999755859375,183.3000030517578,174.16000366210938,182.6699981689453,179.56346130371094,8696000
2020-05-12,183.0,183.02000427246094,177.00999450683594,177.5399932861328,174.52072143554688,5904600
2020-05-13,175.1699981689453,175.2100067138672,166.27000427246094,169.63999938964844,166.7550506591797,12534900
2020-05-14,168.44000244140625,168.57000732421875,164.57000732421875,167.0,164.15997314453125,7442300
2020-05-15,167.27000427246094,171.72000122070312,166.17999267578125,171.3300018310547,168.41632080078125,5673800
2020-05-18,174.0,177.0,172.1300048828125,172.5,169.56643676757812,6398300
2020-05-19,172.75,178.1999969482422,172.75,176.0399932861328,173.0462188720703,5264000
2020-05-20,178.57000732421875,179.13999938964844,174.89999389648438,176.92999267578125,173.92108154296875,4951200
2020-05-21,176.92999267578125,178.2899932861328,174.92999267578125,175.25999450683594,172.27947998046875,4429700
2020-05-22,176.60000610351562,178.63999938964844,175.4499969482422,177.85000610351562,174.825439453125,4965100
2020-05-26,182.0,182.0,176.22000122070312,176.52000427246094,173.51803588867188,8353600
2020-05-27,176.2899932861328,176.61000061035156,171.3699951171875,176.60000610351562,173.59669494628906,6340200
2020-05-28,180.0,184.8000030517578,177.10000610351562,181.10000610351562,178.02017211914062,10275200
2020-05-29,174.3000030517578,175.0,170.69000244140625,174.7899932861328,171.81748962402344,19588900
2020-06-01,173.10000610351562,177.52000427246094,172.67999267578125,176.36000061035156,173.36077880859375,5711600
2020-06-02,174.85000610351562,174.89999389648438,171.22000122070312,174.22999572753906,171.26698303222656,8571800
2020-06-03,174.8300018310547,175.92999267578125,172.83999633789062,174.99000549316406,172.01406860351562,6004000
2020-06-04,175.0,175.42999267578125,170.0,171.44000244140625,168.5244598388672,7301600
2020-06-05,170.11000061035156,174.19000244140625,167.0,173.8800048828125,170.92294311523438,8232200
2020-06-08,173.6300048828125,176.57000732421875,172.66000366210938,176.5500030517578,173.5475311279297,4592600
2020-06-09,176.0,176.0,173.52999877929688,174.55999755859375,171.5913848876953,4025600
2020-06-10,176.25,182.5,176.0500030517578,182.10000610351562,179.00314331054688,8127200
2020-06-11,176.63999938964844,178.42999267578125,172.0,172.0500030517578,169.1240692138672,6521200
2020-06-12,175.89999389648438,177.69000244140625,171.86000061035156,175.11000061035156,172.13201904296875,5443800
2020-06-15,172.0,178.89999389648438,171.27000427246094,178.61000061035156,175.572509765625,6000000
2020-06-16,180.00999450683594,182.5,178.00999450683594,180.47999572753906,177.41067504882812,5824100
2020-06-17,180.97000122070312,182.75,180.67999267578125,181.39999389648438,178.31503295898438,5038600
2020-06-18,181.91000366210938,189.0,181.6199951171875,187.66000366210938,184.46861267089844,8677800
2020-06-19,189.5,191.25,185.49000549316406,186.9499969482422,183.77069091796875,11841000
2020-06-22,187.02999877929688,192.5,187.0,191.64999389648438,188.39073181152344,6252200
2020-06-23,192.0,194.08999633789062,188.58999633789062,189.05999755859375,185.8448028564453,6950800
2020-06-24,187.50999450683594,189.3000030517578,184.0399932861328,185.5500030517578,182.39450073242188,4903100
2020-06-25,186.13999938964844,188.77000427246094,184.44000244140625,188.33999633789062,185.1370391845703,4022400
2020-06-26,188.0,188.22000122070312,183.02000427246094,183.1699981689453,180.05496215820312,7595700
2020-06-29,183.32000732421875,183.7100067138672,180.0,183.3300018310547,180.21221923828125,3972100
2020-06-30,183.4499969482422,187.88999938964844,183.1300048828125,187.3300018310547,184.1442108154297,4478900
2020-07-01,188.10000610351562,192.82000732421875,187.4600067138672,191.88999938964844,188.62664794921875,4754600
2020-07-02,193.16000366210938,195.38999938964844,192.2899932861328,192.52999877929688,189.25576782226562,4200300
2020-07-06,194.44000244140625,199.4499969482422,193.83999633789062,197.72000122070312,194.3574981689453,5794200
2020-07-07,197.66000366210938,200.22000122070312,196.2100067138672,196.3800048828125,193.04029846191406,5431500
2020-07-08,198.0,201.1999969482422,197.35000610351562,200.27999877929688,196.87396240234375,4233700
2020-07-09,202.02000427246094,202.82000732421875,195.63999938964844,200.74000549316406,197.32615661621094,6062800
2020-07-10,200.05999755859375,200.72999572753906,197.0800018310547,198.8800048828125,195.497802734375,3783200
2020-07-13,200.0,200.25999450683594,188.02999877929688,188.33999633789062,185.1370391845703,5555400
2020-07-14,185.99000549316406,189.9600067138672,183.3000030517578,189.55999755859375,186.33628845214844,5854700
2020-07-15,191.02999877929688,192.10000610351562,186.75,188.08999633789062,184.8912811279297,7681800
2020-07-16,186.4199981689453,186.86000061035156,181.92999267578125,185.50999450683594,182.3551788330078,7350000
2020-07-17,187.13999938964844,188.39999389648438,183.36000061035156,187.77999877929688,184.58656311035156,4324300
2020-07-20,187.89999389648438,195.30999755859375,187.27000427246094,195.08999633789062,191.77223205566406,5729000
2020-07-21,196.0,196.5,189.47999572753906,190.8000030517578,187.55520629882812,5376800
2020-07-22,190.77999877929688,191.8699951171875,188.8699951171875,191.30999755859375,188.0565185546875,2833000
2020-07-23,191.47999572753906,194.57000732421875,187.50999450683594,188.5399932861328,185.33363342285156,3639500
2020-07-24,186.05999755859375,188.94000244140625,184.3800048828125,188.49000549316406,185.2844696044922,3908400
2020-07-27,189.89999389648438,191.55999755859375,188.64999389648438,190.9600067138672,187.7124786376953,3015700
2020-07-28,191.0,192.97000122070312,189.0500030517578,189.5,186.2772979736328,3114200
2020-07-29,190.14999389648438,194.55999755859375,189.75,193.61000061035156,190.31744384765625,3747800
2020-07-30,190.08999633789062,191.9199981689453,187.3699951171875,191.6999969482422,188.4398651123047,3587400
2020-07-31,193.0,194.99000549316406,190.6699981689453,194.85000610351562,191.53634643554688,3734000
2020-08-03,197.8000030517578,204.7899932861328,196.57000732421875,203.19000244140625,199.73451232910156,6557500
2020-08-04,203.0,203.38999938964844,198.89999389648438,201.41000366210938,197.98477172851562,4480300
2020-08-05,202.8000030517578,203.89999389648438,201.5800018310547,202.63999938964844,199.19386291503906,3559100
2020-08-06,202.97000122070312,209.9499969482422,202.39999389648438,207.7899932861328,204.25624084472656,5113300
2020-08-07,206.6199951171875,206.94000244140625,198.5800018310547,201.0500030517578,197.63088989257812,5423400
2020-08-10,200.39999389648438,201.47999572753906,195.72000122070312,197.16000366210938,193.8070526123047,5528200
2020-08-11,193.6199951171875,195.83999633789062,191.72000122070312,191.99000549316406,188.7249755859375,5015400
2020-08-12,193.0,195.4199981689453,192.1199951171875,192.6199951171875,189.34425354003906,3980300
2020-08-13,193.32000732421875,198.07000732421875,193.22999572753906,195.13999938964844,191.82138061523438,4711600
2020-08-14,195.22000122070312,195.47999572753906,192.52000427246094,193.4600067138672,190.1699981689453,2833000
2020-08-17,195.33999633789062,197.07000732421875,194.4199981689453,196.74000549316406,193.39419555664062,3574500
2020-08-18,199.3300018310547,204.8000030517578,199.0,204.00999450683594,200.54052734375,7284800
2020-08-19,204.0,207.10000610351562,200.02999877929688,205.11000061035156,201.621826171875,7080700
2020-08-20,203.85000610351562,210.11000061035156,203.50999450683594,209.50999450683594,205.94700622558594,5175100
2020-08-21,209.94000244140625,210.0,206.25,207.52999877929688,204.0006866455078,5727800
2020-08-24,208.8800048828125,209.2899932861328,205.14999389648438,208.4600067138672,204.9148712158203,5699000
2020-08-25,213.22000122070312,218.35000610351562,210.8000030517578,216.0500030517578,212.3758087158203,27096500
2020-08-26,251.9600067138672,277.9700012207031,249.47000122070312,272.32000732421875,267.6888122558594,63253400
2020-08-27,267.0,278.2799987792969,260.8399963378906,276.32000732421875,271.62078857421875,22817100
2020-08-28,271.2799987792969,275.75,267.3999938964844,271.1000061035156,266.4896240234375,28068000
2020-08-31,270.0,274.7099914550781,265.9100036621094,272.6499938964844,268.0132751464844,16010100
2020-09-01,271.0,281.92999267578125,270.5799865722656,281.25,276.4670104980469,13293600
2020-09-02,283.4700012207031,284.5,268.57000732421875,276.69000244140625,271.9845275878906,12963800
2020-09-03,270.5799865722656,271.75,257.4100036621094,265.010009765625,260.5032043457031,14000600
2020-09-04,262.9800109863281,265.6700134277344,243.1999969482422,254.6999969482422,250.36849975585938,14374300
2020-09-08,240.57000732421875,253.67999267578125,240.13999938964844,241.27000427246094,237.16688537597656,15229600
2020-09-09,246.39999389648438,253.4499969482422,242.9600067138672,250.42999267578125,246.1710968017578,9988600
2020-09-10,254.80999755859375,256.510009765625,246.97000122070312,247.8000030517578,243.58584594726562,5945000
2020-09-11,250.72000122070312,251.3000030517578,239.4499969482422,243.10000610351562,238.9657745361328,5455200
2020-09-14,246.30999755859375,248.8699951171875,244.0399932861328,246.63999938964844,242.445556640625,4255200
2020-09-15,251.3699951171875,251.94000244140625,248.50999450683594,251.67999267578125,247.39984130859375,4133600
2020-09-16,254.6699981689453,255.42999267578125,250.22999572753906,250.60000610351562,246.33824157714844,5441200
2020-09-17,246.1199951171875,248.82000732421875,241.30999755859375,244.52999877929688,240.3714599609375,5279500
2020-09-18,245.1300048828125,248.11000061035156,238.7100067138672,242.77999877929688,238.65122985839844,6595600
2020-09-21,238.97000122070312,245.1300048828125,236.8000030517578,245.0500030517578,240.88262939453125,5561600
2020-09-22,246.74000549316406,248.57000732421875,241.25999450683594,247.77999877929688,243.56617736816406,3600800
2020-09-23,248.49000549316406,248.77000427246094,235.35000610351562,235.99000549316406,231.97671508789062,7507900
2020-09-24,235.83999633789062,239.9600067138672,233.6300048828125,237.5500030517578,233.5101318359375,4166800
2020-09-25,237.38999938964844,243.9499969482422,235.0500030517578,242.74000549316406,238.61190795898438,5117800
2020-09-28,247.55999755859375,248.5800018310547,242.2100067138672,246.6699981689453,242.4750518798828,4088300
2020-09-29,245.25999450683594,247.89999389648438,244.5,247.4499969482422,243.2417755126953,3983700
2020-09-30,246.64999389648438,255.41000366210938,246.22000122070312,251.32000732421875,247.04598999023438,8188500
2020-10-01,253.17999267578125,254.6699981689453,250.80999755859375,253.4499969482422,249.13975524902344,4318000
2020-10-02,249.75,254.9499969482422,247.2100067138672,247.85000610351562,243.63499450683594,4494500
2020-10-05,250.0,253.27999877929688,249.0,251.52999877929688,247.2523956298828,3403500
2020-10-06,252.72999572753906,257.2900085449219,249.0,250.13999938964844,245.88604736328125,4448100
2020-10-07,252.1999969482422,260.739990234375,252.1999969482422,259.9800109863281,255.55870056152344,4963200
2020-10-08,264.20001220703125,264.6199951171875,257.0799865722656,260.2200012207031,255.79466247558594,4150400
2020-10-09,262.8999938964844,266.04998779296875,261.5,265.9800109863281,261.4566345214844,4225000
2020-10-12,270.0,270.0,265.2900085449219,267.07000732421875,262.52813720703125,4317000
2020-10-13,266.4200134277344,268.7900085449219,264.2300109863281,266.8299865722656,262.29217529296875,3713200
2020-10-14,270.0,270.1600036621094,258.75,261.8299865722656,257.37725830078125,5129500
2020-10-15,258.1099853515625,260.5199890136719,254.02000427246094,257.7200012207031,253.337158203125,5256800
2020-10-16,259.239990234375,262.5199890136719,258.489990234375,258.54998779296875,254.15301513671875,3092300
2020-10-19,259.760009765625,261.4800109863281,254.5,255.00999450683594,250.67323303222656,3242300
2020-10-20,256.1199951171875,259.17999267578125,254.0500030517578,255.97000122070312,251.6168975830078,2989300
2020-10-21,256.45001220703125,258.30999755859375,251.85000610351562,254.22999572753906,249.906494140625,2794000
2020-10-22,253.88999938964844,255.22000122070312,246.1300048828125,249.6699981689453,245.4240264892578,3685700
2020-10-23,250.10000610351562,250.57000732421875,246.80999755859375,250.52000427246094,246.2595977783203,3159600
2020-10-26,245.3000030517578,248.11000061035156,237.3800048828125,241.97999572753906,237.86483764648438,5864100
2020-10-27,248.0,251.75,245.77000427246094,250.3000030517578,246.0433349609375,4285600
2020-10-28,244.60000610351562,245.4499969482422,238.00999450683594,238.42999267578125,234.3751983642578,4425400
2020-10-29,242.52000427246094,242.52000427246094,237.1300048828125,237.13999938964844,233.1071319580078,4589000
2020-10-30,235.82000732421875,237.75,228.66000366210938,232.27000427246094,228.31993103027344,5741200
2020-11-02,235.1199951171875,238.5,228.99000549316406,232.4499969482422,228.49688720703125,3953400
2020-11-03,235.10000610351562,240.94000244140625,233.27999877929688,237.1300048828125,233.09730529785156,4151400
2020-11-04,246.02000427246094,252.8800048828125,243.24000549316406,250.74000549316406,246.47584533691406,6505400
2020-11-05,258.1099853515625,260.9200134277344,255.44000244140625,260.2200012207031,255.79466247558594,8961700
2020-11-06,260.0,261.75,254.49000549316406,260.1499938964844,255.72579956054688,3798600
2020-11-09,260.95001220703125,270.9200134277344,257.25,259.2799987792969,254.87060546875,8777500
2020-11-10,258.05999755859375,259.0,242.89999389648438,247.66000366210938,243.44821166992188,6863200
2020-11-11,253.50999450683594,256.739990234375,251.2100067138672,254.17999267578125,249.8573455810547,4163400
2020-11-12,247.39999389648438,254.97000122070312,246.36000061035156,249.4199981689453,245.17828369140625,5607000
2020-11-13,252.83999633789062,253.7899932861328,247.55999755859375,249.50999450683594,245.2667694091797,5160000
2020-11-16,249.52000427246094,253.49000549316406,248.17999267578125,249.88999938964844,245.64027404785156,5712600
2020-11-17,253.74000549316406,258.2699890136719,250.4600067138672,256.1700134277344,251.8135223388672,5090700
2020-11-18,256.3999938964844,262.6600036621094,255.85000610351562,257.1600036621094,252.78665161132812,5880500
2020-11-19,256.8399963378906,267.0899963378906,255.66000366210938,264.6499938964844,260.1492919921875,8084600
2020-11-20,263.5899963378906,265.0199890136719,257.82000732421875,258.0400085449219,253.65171813964844,7286100
2020-11-23,261.2300109863281,261.739990234375,254.61000061035156,257.6400146484375,253.2584991455078,5383600
2020-11-24,260.0,262.30999755859375,257.82000732421875,260.8399963378906,256.4040832519531,5797300
2020-11-25,263.7300109863281,266.1000061035156,245.0500030517578,246.82000732421875,242.62249755859375,26394900
2020-11-27,251.0,251.83999633789062,247.02999877929688,247.6300048828125,243.41876220703125,7395000
2020-11-30,245.47999572753906,247.6300048828125,236.07000732421875,245.8000030517578,241.619873046875,18966400
2020-12-01,245.0,246.6999969482422,238.6999969482422,241.35000610351562,237.24554443359375,18872000
2020-12-02,225.47999572753906,226.0,215.6300048828125,220.77999877929688,217.0253448486328,52225500
2020-12-03,226.11000061035156,226.11000061035156,220.1300048828125,220.97000122070312,217.2121124267578,21395300
2020-12-04,223.82000732421875,228.60000610351562,221.82000732421875,225.86000061035156,222.01898193359375,20504800
2020-12-07,228.11000061035156,229.8699951171875,226.25,227.6999969482422,223.8276824951172,12864100
2020-12-08,228.64999389648438,229.5,225.66000366210938,227.86000061035156,223.98495483398438,12116800
2020-12-09,228.0500030517578,228.83999633789062,220.07000732421875,220.57000732421875,216.81893920898438,15651800
2020-12-10,220.57000732421875,224.30999755859375,220.16000366210938,222.9199981689453,219.1289520263672,9258600
2020-12-11,221.9199981689453,222.74000549316406,219.97999572753906,222.4199981689453,218.63746643066406,8214400
2020-12-14,223.08999633789062,223.47000122070312,220.4499969482422,221.27000427246094,217.5070037841797,8508500
2020-12-15,222.07000732421875,222.13999938964844,218.1999969482422,220.14999389648438,216.40606689453125,10766800
2020-12-16,221.47999572753906,224.0,220.25,223.6199951171875,219.81703186035156,8821400
2020-12-17,224.89999389648438,226.72999572753906,224.5,225.9199981689453,222.0779571533203,9946900
2020-12-18,227.02000427246094,227.82000732421875,224.39999389648438,227.42999267578125,223.56227111816406,11845400
2020-12-21,224.89999389648438,227.44000244140625,224.7100067138672,226.47000122070312,222.61862182617188,9219000
2020-12-22,227.0,231.8699951171875,226.60000610351562,231.1699981689453,227.23866271972656,10339600
2020-12-23,232.5,233.17999267578125,227.11000061035156,227.42999267578125,223.56227111816406,7090500
2020-12-24,228.3000030517578,229.19000244140625,224.8300018310547,225.77999877929688,221.94033813476562,6146300
2020-12-28,227.22000122070312,227.83999633789062,222.0500030517578,224.63999938964844,220.81971740722656,6422500
2020-12-29,224.97000122070312,225.3000030517578,220.86000061035156,222.4600067138672,218.67678833007812,6122400
2020-12-30,223.1300048828125,223.63999938964844,221.5800018310547,222.39999389648438,218.61778259277344,4724000
2020-12-31,222.27000427246094,222.7899932861328,220.1699981689453,222.52999877929688,218.74560546875,6011100
2021-01-04,222.63999938964844,223.75,215.72000122070312,220.30999755859375,216.56333923339844,10319900
2021-01-05,219.49000549316406,223.0,217.99000549316406,221.52000427246094,217.75274658203125,8657200
2021-01-06,218.0,220.4600067138672,215.77999877929688,216.14999389648438,212.47410583496094,9789800
2021-01-07,217.02999877929688,220.66000366210938,216.5,217.97999572753906,214.27297973632812,8443100
2021-01-08,220.0,222.32000732421875,219.22000122070312,222.0399932861328,218.263916015625,7301700
2021-01-11,219.6300048828125,220.5800018310547,216.22999572753906,218.25,214.5383758544922,7199000
2021-01-12,218.0,218.3000030517578,214.08999633789062,215.52000427246094,211.85482788085938,10736000
2021-01-13,217.0,218.89999389648438,215.52999877929688,218.17999267578125,214.4695587158203,6839200
2021-01-14,218.22999572753906,219.5,215.5500030517578,215.60000610351562,211.93345642089844,6548000
2021-01-15,216.1699981689453,217.8699951171875,212.99000549316406,213.13999938964844,209.5153045654297,8525600
2021-01-19,215.35000610351562,217.27999877929688,213.6999969482422,216.75999450683594,213.07369995117188,7753800
2021-01-20,221.99000549316406,224.63999938964844,219.97000122070312,223.44000244140625,219.64012145996094,9857700
2021-01-21,223.69000244140625,224.74000549316406,220.82000732421875,222.1699981689453,218.39170837402344,6785900
2021-01-22,224.89999389648438,227.7899932861328,223.75,225.77000427246094,221.9304656982422,10186100
2021-01-25,229.69000244140625,230.3000030517578,221.32000732421875,225.9199981689453,222.0779571533203,8213500
2021-01-26,227.8000030517578,227.91000366210938,224.5399932861328,226.25999450683594,222.41213989257812,5021000
2021-01-27,223.6999969482422,227.80999755859375,221.5800018310547,224.77999877929688,220.9573211669922,7641100
2021-01-28,225.0,229.60000610351562,225.0,226.5,222.64810180664062,7246000
2021-01-29,224.66000366210938,228.7899932861328,223.02000427246094,225.55999755859375,221.72406005859375,6473000
2021-02-01,227.2100067138672,229.89999389648438,224.75,228.4600067138672,224.5747833251953,5696700
2021-02-02,231.47000122070312,235.9499969482422,231.3800048828125,234.1999969482422,230.21713256835938,7134900
2021-02-03,235.0,236.0,232.25999450683594,234.82000732421875,230.82656860351562,5357600
2021-02-04,235.52000427246094,238.22999572753906,235.47000122070312,237.97999572753906,233.932861328125,4770700
2021-02-05,239.14999389648438,239.36000061035156,236.41000366210938,238.88999938964844,234.8273468017578,5020000
2021-02-08,239.50999450683594,241.11000061035156,237.1300048828125,238.92999267578125,234.86668395996094,4336400
2021-02-09,239.55999755859375,240.0800018310547,236.24000549316406,236.6999969482422,232.6746063232422,5157200
2021-02-10,237.4499969482422,238.22000122070312,233.9600067138672,236.72000122070312,232.69430541992188,5535600
2021-02-11,238.92999267578125,242.88999938964844,238.5800018310547,241.24000549316406,237.1374053955078,6091600
2021-02-12,240.9499969482422,241.55999755859375,238.91000366210938,240.3699951171875,236.28219604492188,4314400
2021-02-16,245.0,251.22999572753906,243.8000030517578,248.58999633789062,244.36239624023438,10837600
2021-02-17,248.58999633789062,249.5,245.5,247.66000366210938,243.44821166992188,5879200
2021-02-18,245.97000122070312,248.00999450683594,242.57000732421875,247.00999450683594,242.80926513671875,4152800
2021-02-19,248.0,249.38999938964844,245.97999572753906,246.55999755859375,242.366943359375,4647700
2021-02-22,244.25999450683594,244.52000427246094,240.3800048828125,240.9499969482422,236.85232543945312,5055000
2021-02-23,235.25999450683594,238.9600067138672,229.00999450683594,235.63999938964844,231.63262939453125,8641600
2021-02-24,235.52999877929688,241.5,231.50999450683594,240.47000122070312,236.38050842285156,6128300
2021-02-25,238.52999877929688,240.35000610351562,229.77000427246094,231.0800018310547,227.1501922607422,8828900
2021-02-26,229.38999938964844,230.5,216.33999633789062,216.5,212.81814575195312,20372900
2021-03-01,219.89999389648438,220.1999969482422,215.02999877929688,217.5399932861328,213.84043884277344,14027700
2021-03-02,218.39999389648438,218.60000610351562,213.33999633789062,213.47000122070312,209.83966064453125,10211500
2021-03-03,212.8300018310547,213.32000732421875,205.39999389648438,206.0,202.49671936035156,11459000
2021-03-04,206.83999633789062,209.08999633789062,201.50999450683594,205.3300018310547,201.83810424804688,12800500
2021-03-05,210.00999450683594,212.35000610351562,203.22000122070312,210.75999450683594,207.17575073242188,11406000
2021-03-08,213.6199951171875,214.89999389648438,207.57000732421875,207.72000122070312,204.18746948242188,9576400
2021-03-09,212.17999267578125,215.7899932861328,211.1699981689453,211.52999877929688,207.93264770507812,9732200
2021-03-10,214.72000122070312,216.14999389648438,211.77000427246094,211.9600067138672,208.3553466796875,7186400
2021-03-11,215.0,218.1699981689453,214.35000610351562,215.9499969482422,212.27748107910156,6431000
2021-03-12,213.4499969482422,213.85000610351562,209.3000030517578,212.2100067138672,208.60108947753906,6114600
2021-03-15,211.85000610351562,212.94000244140625,209.5,212.8000030517578,209.18104553222656,5733700
2021-03-16,214.83999633789062,216.69000244140625,213.47999572753906,214.47999572753906,210.83245849609375,5311000
2021-03-17,213.52000427246094,214.80999755859375,210.86000061035156,213.1199951171875,209.49562072753906,5805100
2021-03-18,210.6999969482422,211.3800048828125,208.39999389648438,209.47999572753906,205.91751098632812,5580100
2021-03-19,209.80999755859375,212.75,209.07000732421875,212.1999969482422,208.59124755859375,7088400
2021-03-22,211.47999572753906,216.97999572753906,211.3699951171875,215.1699981689453,211.51077270507812,5002500
2021-03-23,214.75999450683594,217.42999267578125,214.3300018310547,215.0,211.34364318847656,4578000
2021-03-24,215.1300048828125,215.27999877929688,209.41000366210938,209.52999877929688,205.9666748046875,4617700
2021-03-25,206.1699981689453,208.1699981689453,204.3699951171875,205.44000244140625,201.94619750976562,7977200
2021-03-26,205.63999938964844,209.41000366210938,204.77000427246094,209.08999633789062,205.53414916992188,7333200
2021-03-29,209.00999450683594,211.64999389648438,205.99000549316406,210.77000427246094,207.18557739257812,5686900
2021-03-30,208.63999938964844,211.2899932861328,207.36000061035156,210.0,206.4286651611328,4717900
2021-03-31,210.44000244140625,213.6699981689453,210.11000061035156,211.8699951171875,208.26687622070312,6838000
2021-04-01,213.60000610351562,218.92999267578125,213.3699951171875,218.72000122070312,215.00038146972656,7763500
2021-04-05,219.61000061035156,221.83999633789062,218.92999267578125,220.2899932861328,216.5436553955078,5553200
2021-04-06,219.82000732421875,221.5500030517578,218.25,221.08999633789062,217.33009338378906,5448500
2021-04-07,221.9600067138672,222.67999267578125,219.38999938964844,220.7899932861328,217.03515625,4403400
2021-04-08,223.0,225.7100067138672,222.4499969482422,224.4499969482422,220.63294982910156,6169100
2021-04-09,224.3300018310547,231.30999755859375,223.6300048828125,231.27999877929688,227.34678649902344,7319300
2021-04-12,229.52000427246094,229.85000610351562,227.14999389648438,228.75999450683594,224.86964416503906,6205700
2021-04-13,229.0,233.49000549316406,228.5,232.0,228.05455017089844,5397100
2021-04-14,232.85000610351562,233.13999938964844,227.66000366210938,228.02000427246094,224.1422119140625,4617600
2021-04-15,229.8699951171875,233.0800018310547,229.5,233.0,229.0375518798828,5073900
2021-04-16,234.0,234.0,229.88999938964844,231.91000366210938,227.96607971191406,5088700
2021-04-19,230.8300018310547,232.1999969482422,228.8699951171875,230.5,226.58004760742188,4257700
2021-04-20,230.0,231.4499969482422,226.88999938964844,227.9600067138672,224.083251953125,4081200
2021-04-21,227.11000061035156,230.7899932861328,226.6699981689453,230.55999755859375,226.63902282714844,4024000
2021-04-22,230.0,233.88999938964844,229.00999450683594,231.35000610351562,227.41558837890625,4975400
2021-04-23,232.94000244140625,235.49000549316406,231.75,233.50999450683594,229.53887939453125,5447100
2021-04-26,234.0399932861328,235.8000030517578,232.4199981689453,235.4600067138672,231.4557342529297,3459600
2021-04-27,235.4600067138672,235.89999389648438,231.91000366210938,234.2100067138672,230.22695922851562,3445200
2021-04-28,235.0,238.3300018310547,233.52999877929688,236.8800048828125,232.85154724121094,4274500
2021-04-29,237.32000732421875,237.6699981689453,232.1699981689453,234.36000061035156,230.37437438964844,4140800
2021-04-30,232.8000030517578,234.5,229.52000427246094,230.32000732421875,226.40313720703125,5024800
2021-05-03,230.77000427246094,231.4600067138672,223.07000732421875,223.75999450683594,219.95468139648438,5835700
2021-05-04,221.6699981689453,222.0,214.36000061035156,217.17999267578125,213.48655700683594,6727500
2021-05-05,218.82000732421875,219.57000732421875,214.83999633789062,215.39999389648438,211.73681640625,4205800
2021-05-06,215.80999755859375,218.27999877929688,213.5,218.0500030517578,214.341796875,5200000
2021-05-07,220.50999450683594,221.25,215.08999633789062,216.5,212.81814575195312,5774700
2021-05-10,215.5,215.9600067138672,213.22999572753906,213.88999938964844,210.25253295898438,5263700
2021-05-11,209.0,216.57000732421875,208.91000366210938,215.55999755859375,211.89413452148438,6097900
2021-05-12,213.33999633789062,213.3699951171875,209.0,210.5399932861328,206.95950317382812,5482500
2021-05-13,212.97000122070312,215.63999938964844,210.47000122070312,211.86000061035156,208.25706481933594,5337000
2021-05-14,214.19000244140625,218.27000427246094,214.14999389648438,217.66000366210938,213.95838928222656,4429000
2021-05-17,216.58999633789062,217.72000122070312,212.82000732421875,215.05999755859375,211.40260314941406,3816100
2021-05-18,215.44000244140625,217.35000610351562,213.7899932861328,214.3300018310547,210.68504333496094,3540600
2021-05-19,215.85000610351562,221.60000610351562,214.50999450683594,221.33999633789062,217.5758514404297,8092100
2021-05-20,222.97999572753906,226.8300018310547,222.36000061035156,223.77999877929688,219.97433471679688,6705500
2021-05-21,225.2100067138672,225.77999877929688,222.44000244140625,222.5800018310547,218.7947540283203,4913600
2021-05-24,225.0,227.60000610351562,224.2100067138672,226.99000549316406,223.12974548339844,5288300
2021-05-25,228.0,229.72000122070312,226.27999877929688,227.7100067138672,223.83750915527344,6256300
2021-05-26,228.47999572753906,230.24000549316406,228.2899932861328,229.67999267578125,225.7740020751953,5807100
2021-05-27,229.52000427246094,229.52000427246094,225.38999938964844,225.8300018310547,221.9894561767578,15344100
2021-05-28,239.22000122070312,243.5,237.8300018310547,238.10000610351562,234.05081176757812,17810800
2021-06-01,238.0,238.39999389648438,232.4600067138672,236.1999969482422,232.18313598632812,8103900
2021-06-02,234.39999389648438,238.2899932861328,233.89999389648438,234.6199951171875,230.62998962402344,5543900
2021-06-03,232.88999938964844,233.17999267578125,229.42999267578125,230.83999633789062,226.91424560546875,5109000
2021-06-04,231.6300048828125,237.88999938964844,231.52000427246094,237.47999572753906,233.44134521484375,6177600
2021-06-07,236.60000610351562,239.47000122070312,235.83999633789062,238.13999938964844,234.09014892578125,3510800
2021-06-08,238.8000030517578,241.7899932861328,235.6699981689453,236.4199981689453,232.39938354492188,5827300
2021-06-09,238.8699951171875,238.8699951171875,235.50999450683594,236.08999633789062,232.07496643066406,3350900
2021-06-10,236.0,240.2899932861328,235.14999389648438,240.19000244140625,236.10525512695312,4659500
2021-06-11,239.02999877929688,240.3699951171875,238.41000366210938,240.30999755859375,236.2232208251953,4624200
2021-06-14,240.6999969482422,246.63999938964844,240.47999572753906,246.25999450683594,242.07203674316406,6764700
2021-06-15,245.2100067138672,245.36000061035156,242.00999450683594,242.5800018310547,238.45462036132812,5135300
2021-06-16,242.0,245.00999450683594,239.47999572753906,242.38999938964844,238.26785278320312,5099300
2021-06-17,242.0,247.17999267578125,241.1999969482422,244.42999267578125,240.2731475830078,5170200
2021-06-18,241.85000610351562,246.00999450683594,241.05999755859375,242.77999877929688,238.65122985839844,7822200
2021-06-21,243.4499969482422,244.72000122070312,238.88999938964844,244.47999572753906,240.3223114013672,5895100
2021-06-22,243.8000030517578,244.72000122070312,240.88999938964844,243.11000061035156,238.97560119628906,4457200
2021-06-23,243.75,244.5,240.85000610351562,241.83999633789062,237.72718811035156,4482400
2021-06-24,243.35000610351562,247.69000244140625,242.6999969482422,243.77000427246094,239.6243896484375,4987300
2021-06-25,244.19000244140625,244.1999969482422,240.99000549316406,241.8699951171875,237.7566680908203,15409300
2021-06-28,244.2100067138672,247.58999633789062,243.60000610351562,244.57000732421875,240.4107666015625,4274900
2021-06-29,244.44000244140625,246.77999877929688,242.42999267578125,245.80999755859375,241.62969970703125,3871900
2021-06-30,245.47999572753906,246.6300048828125,243.5,244.27000427246094,240.11587524414062,4168800
2021-07-01,244.5,246.58999633789062,242.6199951171875,244.97999572753906,240.8137969970703,3899600
2021-07-02,246.9199981689453,248.9600067138672,245.83999633789062,248.1999969482422,243.97903442382812,4056200
2021-07-06,249.0,252.9199981689453,248.3800048828125,250.25,245.99417114257812,5590200
2021-07-07,253.0,253.5,247.86000061035156,248.44000244140625,244.2149658203125,5101400
2021-07-08,244.83999633789062,246.5800018310547,241.74000549316406,245.8000030517578,241.619873046875,5159600
2021-07-09,245.58999633789062,248.0,244.08999633789062,245.05999755859375,240.89242553710938,4213500
2021-07-12,247.22000122070312,247.25999450683594,241.85000610351562,242.91000366210938,238.7790069580078,5604500
2021-07-13,242.2899932861328,247.16000366210938,241.67999267578125,244.02000427246094,239.87013244628906,6699800
2021-07-14,244.5,246.14999389648438,239.8699951171875,242.42999267578125,238.3071746826172,6375700
2021-07-15,241.22000122070312,242.02999877929688,235.82000732421875,237.5800018310547,233.53964233398438,7912600
2021-07-16,238.3000030517578,240.8800048828125,237.77000427246094,238.42999267578125,234.3751983642578,7288100
2021-07-19,236.50999450683594,238.5,234.30999755859375,237.5500030517578,233.5101318359375,8843000
2021-07-20,238.6999969482422,243.17999267578125,236.27000427246094,240.11000061035156,236.02662658691406,8487000
2021-07-21,241.44000244140625,242.97999572753906,238.27000427246094,242.11000061035156,237.9925994873047,15323100
2021-07-22,243.5,248.6999969482422,243.33999633789062,248.27999877929688,244.05767822265625,7868700
2021-07-23,250.0,250.55999755859375,246.67999267578125,248.25,244.0281982421875,5877300
2021-07-26,248.1999969482422,248.47999572753906,245.82000732421875,247.60000610351562,243.38925170898438,3960700
2021-07-27,247.2100067138672,248.1300048828125,241.19000244140625,243.50999450683594,239.36878967285156,6352500
2021-07-28,243.82000732421875,246.0800018310547,243.0,243.9600067138672,239.8111572265625,4100200
2021-07-29,243.49000549316406,246.16000366210938,243.49000549316406,244.0399932861328,239.8897705078125,3271100
2021-07-30,243.0,244.24000549316406,241.6300048828125,241.92999267578125,237.815673828125,3748400
2021-08-02,242.30999755859375,242.47000122070312,238.8800048828125,240.86000061035156,236.7638397216797,3525700
2021-08-03,241.3800048828125,243.0500030517578,239.0399932861328,241.1300048828125,237.02928161621094,3077900
2021-08-04,241.6199951171875,244.64999389648438,239.6699981689453,244.1699981689453,240.017578125,4121600
2021-08-05,244.67999267578125,250.89999389648438,243.5399932861328,250.55999755859375,246.2989044189453,5235200
2021-08-06,249.22999572753906,252.0800018310547,249.22000122070312,250.58999633789062,246.32835388183594,4045400
2021-08-09,251.4199981689453,252.4199981689453,247.85000610351562,249.32000732421875,245.07998657226562,3312200
2021-08-10,250.8699951171875,251.25,243.0399932861328,243.38999938964844,239.25082397460938,4430600
2021-08-11,244.6699981689453,246.14999389648438,240.10000610351562,242.27999877929688,238.1597137451172,3999200
2021-08-12,242.5,248.42999267578125,241.92999267578125,248.38999938964844,244.1658172607422,4467400
2021-08-13,251.7100067138672,253.77000427246094,248.8699951171875,251.55999755859375,247.28189086914062,5986400
2021-08-16,250.1699981689453,251.0,244.47000122070312,249.1999969482422,244.9620361328125,4047500
2021-08-17,248.25999450683594,249.1999969482422,245.94000244140625,246.99000549316406,242.78961181640625,3472600
2021-08-18,248.0,256.79998779296875,247.72000122070312,251.22000122070312,246.9476776123047,8306700
2021-08-19,249.1699981689453,255.44000244140625,248.3800048828125,253.07000732421875,248.7662353515625,6600800
2021-08-20,253.0,257.8699951171875,252.61000061035156,256.1300048828125,251.77418518066406,5510700
2021-08-23,257.0,261.8599853515625,256.57000732421875,260.5199890136719,256.0894775390625,7603900
2021-08-24,261.9200134277344,262.5,259.05999755859375,259.6600036621094,255.24415588378906,6685200
2021-08-25,260.8599853515625,261.8999938964844,258.75,260.8500061035156,256.4139099121094,9701000
2021-08-26,269.79998779296875,275.2200012207031,267.3599853515625,267.7900085449219,263.23590087890625,18987000
2021-08-27,267.8599853515625,270.9100036621094,265.42999267578125,266.5299987792969,261.9972839355469,7992500
2021-08-30,265.80999755859375,267.5799865722656,264.75,264.9700012207031,260.4638671875,5730000
2021-08-31,264.7699890136719,266.7699890136719,262.70001220703125,265.2699890136719,260.7586975097656,5901500
2021-09-01,266.2699890136719,273.260009765625,265.5899963378906,268.32000732421875,263.7568359375,7189000
2021-09-02,269.0,269.260009765625,263.9200134277344,264.1499938964844,259.6577453613281,4498300
2021-09-03,263.6000061035156,267.4100036621094,261.79998779296875,267.0799865722656,262.5379333496094,7356700
2021-09-07,266.5400085449219,267.8999938964844,264.07000732421875,265.2099914550781,260.6997375488281,4672500
2021-09-08,263.6199951171875,264.3399963378906,261.5799865722656,262.6199951171875,258.15380859375,3851500
2021-09-09,261.82000732421875,263.7099914550781,260.45001220703125,260.739990234375,256.3057556152344,4126500
2021-09-10,261.0,261.5899963378906,256.5,257.20001220703125,252.82595825195312,5280900
2021-09-13,257.0,257.69000244140625,252.19000244140625,254.11000061035156,249.78851318359375,5258200
2021-09-14,254.11000061035156,255.11000061035156,253.0,254.3699951171875,250.04408264160156,4097500
2021-09-15,254.5399932861328,256.75,252.9499969482422,256.1600036621094,251.80368041992188,4764600
2021-09-16,255.52999877929688,261.2200012207031,255.0,260.3599853515625,255.9322052001953,5122600
2021-09-17,259.2699890136719,261.70001220703125,258.67999267578125,260.5299987792969,256.0993347167969,7049400
2021-09-20,256.5899963378906,259.2099914550781,254.94000244140625,258.2200012207031,253.8286590576172,5985500
2021-09-21,259.4700012207031,262.54998779296875,257.7699890136719,257.9700012207031,253.5828857421875,6040600
2021-09-22,258.8999938964844,260.3599853515625,256.2099914550781,259.1700134277344,254.7624969482422,4355600
2021-09-23,270.0,279.3900146484375,266.3999938964844,277.8599853515625,273.1346130371094,15617200
2021-09-24,278.5,286.3599853515625,278.2099914550781,285.6300048828125,280.7724914550781,13368300
2021-09-27,282.44000244140625,283.760009765625,279.0400085449219,279.67999267578125,274.9237060546875,5941100
2021-09-28,275.1099853515625,276.70001220703125,270.0400085449219,272.2799987792969,267.6495361328125,7127100
2021-09-29,273.489990234375,274.67999267578125,269.239990234375,270.5,265.8998107910156,4361900
2021-09-30,270.6499938964844,274.260009765625,270.44000244140625,271.2200012207031,266.6075744628906,5224200
2021-10-01,271.5,276.3399963378906,268.7699890136719,275.260009765625,270.57891845703125,4756000
2021-10-04,275.2200012207031,275.29998779296875,266.1400146484375,270.8599853515625,266.253662109375,6393800
2021-10-05,272.1099853515625,273.54998779296875,271.0299987792969,271.7699890136719,267.1481628417969,4050400
2021-10-06,269.6700134277344,275.489990234375,267.5,275.2699890136719,270.58868408203125,4745500
2021-10-07,276.8999938964844,279.5,274.0799865722656,274.5799865722656,269.910400390625,5374200
2021-10-08,275.5400085449219,276.9200134277344,272.2699890136719,272.4800109863281,267.8460998535156,2683300
2021-10-11,271.7799987792969,276.2699890136719,271.510009765625,273.75,269.09454345703125,2693000
2021-10-12,276.4200134277344,280.75,276.0199890136719,279.0,274.25518798828125,5970100
2021-10-13,280.0,285.1000061035156,278.6000061035156,284.4100036621094,279.5732727050781,6573500
2021-10-14,286.0,290.6400146484375,284.6600036621094,290.0199890136719,285.08782958984375,5433900
2021-10-15,292.489990234375,292.8699951171875,289.32000732421875,291.6600036621094,286.6999206542969,5119300
2021-10-18,290.7799987792969,293.25,288.7099914550781,291.70001220703125,286.7392883300781,5163300
2021-10-19,292.1000061035156,295.5299987792969,291.3599853515625,292.3399963378906,287.368408203125,3631200
2021-10-20,293.1099853515625,295.4100036621094,287.95001220703125,290.0899963378906,285.1566467285156,4487900
2021-10-21,289.4700012207031,291.57000732421875,288.2699890136719,289.80999755859375,284.88140869140625,2828500
2021-10-22,289.0,293.0,288.17999267578125,292.55999755859375,287.5846252441406,2927000
2021-10-25,293.29998779296875,295.1300048828125,291.7200012207031,293.9200134277344,288.9215393066406,2993500
2021-10-26,295.7799987792969,298.3599853515625,293.6199951171875,295.1099853515625,290.0912780761719,3601400
2021-10-27,296.5299987792969,299.19000244140625,295.0899963378906,295.1499938964844,290.1305847167969,3742700
2021-10-28,295.07000732421875,298.80999755859375,293.5299987792969,298.3800048828125,293.3056640625,3450400
2021-10-29,298.0,300.7799987792969,296.2699890136719,299.69000244140625,294.5934143066406,4251900
2021-11-01,301.5,304.8599853515625,299.7200012207031,302.760009765625,297.6112060546875,3825100
2021-11-02,301.7200012207031,303.44000244140625,299.4100036621094,302.95001220703125,297.7979736328125,4177500
2021-11-03,303.95001220703125,303.95001220703125,298.19000244140625,302.8900146484375,297.73895263671875,3260200
2021-11-04,303.5,308.4100036621094,302.3999938964844,308.0400085449219,302.8014221191406,3833800
2021-11-05,308.5,311.3999938964844,303.3399963378906,307.25,302.0248107910156,4681800
2021-11-08,307.20001220703125,311.3900146484375,305.8999938964844,309.9599914550781,304.6886901855469,3893000
2021-11-09,310.0,311.75,307.2200012207031,309.7099914550781,304.44293212890625,3126500
2021-11-10,306.57000732421875,308.5899963378906,297.8900146484375,299.6700134277344,294.5736999511719,4350900
2021-11-11,301.5,305.75,301.5,302.9800109863281,297.8274841308594,2681900
2021-11-12,304.5,307.2200012207031,301.6300048828125,306.6499938964844,301.43505859375,3803700
2021-11-15,306.8999938964844,307.760009765625,303.2300109863281,305.489990234375,300.29473876953125,3595300
2021-11-16,304.0799865722656,307.5799865722656,302.7200012207031,307.0899963378906,301.8675537109375,2989400
2021-11-17,307.7799987792969,309.8999938964844,307.25,308.0199890136719,302.7817077636719,3864700
2021-11-18,306.1600036621094,306.989990234375,299.5799865722656,302.989990234375,297.8372802734375,4443100
2021-11-19,305.7099914550781,306.0,301.1000061035156,301.1700134277344,296.0482177734375,4758900
2021-11-22,301.8399963378906,305.489990234375,296.7200012207031,296.8399963378906,291.7918701171875,4474700
2021-11-23,293.6499938964844,296.4700012207031,288.30999755859375,291.4200134277344,286.46405029296875,6431100
2021-11-24,286.0400085449219,289.45001220703125,283.20001220703125,289.1700134277344,284.2522888183594,5091400
2021-11-26,284.5,287.57000732421875,283.0400085449219,284.2099914550781,279.376708984375,4195300
2021-11-29,289.5199890136719,298.3900146484375,284.70001220703125,296.739990234375,291.69354248046875,8215600
2021-11-30,296.19000244140625,299.2699890136719,283.3999938964844,284.9599914550781,280.1138610839844,13597600
2021-12-01,271.260009765625,276.94000244140625,251.4600067138672,251.5,247.22293090820312,30723100
2021-12-02,252.82000732421875,262.5799865722656,252.13999938964844,261.20001220703125,256.75799560546875,12200800
2021-12-03,261.54998779296875,261.75,251.6999969482422,258.32000732421875,253.9269561767578,8944000
2021-12-06,256.1000061035156,259.2300109863281,250.7100067138672,258.75,254.3496551513672,7123000
2021-12-07,265.4700012207031,270.2300109863281,263.6000061035156,266.989990234375,262.4495544433594,7401200
2021-12-08,268.30999755859375,268.5,264.57000732421875,266.30999755859375,261.78106689453125,4586500
2021-12-09,266.0400085449219,266.67999267578125,262.6400146484375,264.32000732421875,259.8249206542969,3967000
2021-12-10,266.1000061035156,270.57000732421875,264.44000244140625,266.0299987792969,261.5058288574219,3480100
2021-12-13,265.79998779296875,270.55999755859375,264.6099853515625,265.760009765625,261.2404479980469,3625700
2021-12-14,262.0,262.1499938964844,253.3000030517578,255.58999633789062,251.24337768554688,7227300
2021-12-15,254.85000610351562,260.19000244140625,251.89999389648438,260.0400085449219,255.61770629882812,6484900
2021-12-16,260.0,261.3500061035156,252.22000122070312,253.1199951171875,248.8153533935547,6556700
2021-12-17,251.24000549316406,253.89999389648438,246.7899932861328,252.92999267578125,248.6286163330078,12119400
2021-12-20,249.88999938964844,251.5399932861328,246.5,247.2100067138672,243.0059051513672,5580100
2021-12-21,248.0,253.00999450683594,245.25,252.5500030517578,248.25506591796875,5428200
2021-12-22,253.4199981689453,254.25999450683594,249.50999450683594,252.8000030517578,248.50082397460938,4982400
2021-12-23,251.22999572753906,254.30999755859375,249.33999633789062,253.13999938964844,248.83502197265625,3769500
2021-12-27,253.38999938964844,258.42999267578125,253.24000549316406,258.29998779296875,253.90728759765625,3531800
2021-12-28,259.7300109863281,260.7799987792969,254.94000244140625,255.4499969482422,251.10574340820312,3293700
2021-12-29,256.0,256.42999267578125,253.1199951171875,254.5399932861328,250.21121215820312,2592700
2021-12-30,255.3000030517578,257.8999938964844,254.4600067138672,255.3300018310547,250.98777770996094,2950600
2021-12-31,254.47000122070312,256.489990234375,253.6300048828125,254.1300048828125,249.8081817626953,3169300
2022-01-03,255.00999450683594,256.70001220703125,248.64999389648438,255.4600067138672,251.11558532714844,4316800
2022-01-04,256.8500061035156,256.8699951171875,243.39999389648438,248.22999572753906,244.00852966308594,7240700
2022-01-05,236.1699981689453,238.1999969482422,227.30999755859375,227.6699981689453,223.79818725585938,18882500
2022-01-06,228.0399932861328,234.47999572753906,226.0500030517578,229.14999389648438,225.2530059814453,9376100
2022-01-07,228.5,232.27999877929688,226.0500030517578,228.30999755859375,224.42727661132812,6286700
2022-01-10,225.5,229.8300018310547,218.88999938964844,229.6300048828125,225.724853515625,7803800
2022-01-11,228.8000030517578,236.35000610351562,226.55999755859375,234.83999633789062,230.84625244140625,7635300
2022-01-12,237.0,239.27999877929688,235.75999450683594,237.8300018310547,233.78541564941406,6718900
2022-01-13,237.5,238.7899932861328,227.9199981689453,228.6300048828125,224.74185180664062,6680300
2022-01-14,228.02999877929688,233.2899932861328,227.61000061035156,231.22999572753906,227.29763793945312,5805100
2022-01-18,228.4499969482422,230.72999572753906,225.3000030517578,226.05999755859375,222.21556091308594,6032000
2022-01-19,227.47000122070312,232.2100067138672,226.1699981689453,226.27000427246094,222.42198181152344,5332600
2022-01-20,229.07000732421875,231.39999389648438,222.49000549316406,222.94000244140625,219.1486053466797,5663700
2022-01-21,223.05999755859375,224.77000427246094,218.25,218.6300048828125,214.91192626953125,9128400
2022-01-24,212.38999938964844,223.3800048828125,207.50999450683594,223.02999877929688,219.23709106445312,11664300
2022-01-25,221.0,223.89999389648438,214.6699981689453,215.38999938964844,211.72702026367188,9092700
2022-01-26,219.61000061035156,221.4600067138672,209.07000732421875,211.0,207.41168212890625,10029600
2022-01-27,214.0800018310547,223.14999389648438,212.05999755859375,212.74000549316406,209.1220703125,9462100
2022-01-28,214.3000030517578,222.2899932861328,210.8800048828125,222.1300048828125,218.35240173339844,8254900
2022-01-31,222.9499969482422,232.91000366210938,222.25999450683594,232.6300048828125,228.67384338378906,7084200
2022-02-01,232.3699951171875,232.77999877929688,226.32000732421875,232.1199951171875,228.17251586914062,6387100
2022-02-02,233.74000549316406,234.49000549316406,223.02000427246094,225.00999450683594,221.18341064453125,9378900
2022-02-03,218.07000732421875,220.7899932861328,210.39999389648438,212.77000427246094,209.15158081054688,12826600
2022-02-04,214.99000549316406,221.6699981689453,213.19000244140625,219.22999572753906,215.50169372558594,6176500
2022-02-07,219.0,221.44000244140625,216.66000366210938,216.97000122070312,213.28012084960938,3922300
2022-02-08,215.60000610351562,217.94000244140625,212.14999389648438,217.42999267578125,213.73233032226562,5628700
2022-02-09,221.13999938964844,222.19000244140625,215.57000732421875,222.0399932861328,218.263916015625,6107700
2022-02-10,217.6999969482422,221.99000549316406,215.80999755859375,217.6699981689453,213.96824645996094,5312600
2022-02-11,217.6199951171875,219.92999267578125,206.11000061035156,207.89999389648438,204.3643798828125,8165600
2022-02-14,205.8000030517578,209.89999389648438,204.6300048828125,206.39999389648438,202.88990783691406,7005900
2022-02-15,209.75,214.57000732421875,208.52000427246094,214.25,210.60641479492188,6353000
2022-02-16,211.0,212.4199981689453,208.2100067138672,211.74000549316406,208.13909912109375,7072700
2022-02-17,208.3300018310547,209.75,199.5,200.02999877929688,196.62823486328125,8820100
2022-02-18,200.39999389648438,202.60000610351562,195.7899932861328,196.83999633789062,193.4924774169922,6691800
2022-02-22,195.52999877929688,201.4600067138672,193.52999877929688,195.1300048828125,191.81155395507812,8434800
2022-02-23,196.35000610351562,199.0,190.1300048828125,190.5399932861328,187.2996063232422,7784300
2022-02-24,184.74000549316406,204.89999389648438,184.44000244140625,204.2899932861328,200.8157958984375,11792600
2022-02-25,204.72000122070312,208.47000122070312,201.61000061035156,208.08999633789062,204.55116271972656,5853600
2022-02-28,207.7899932861328,211.6699981689453,206.9499969482422,210.52999877929688,206.9496612548828,7904700
2022-03-01,213.39999389648438,214.38999938964844,208.4600067138672,208.88999938964844,205.33755493164062,12587300
2022-03-02,216.10000610351562,217.30999755859375,201.14999389648438,210.38999938964844,206.8120574951172,16670100
2022-03-03,210.38999938964844,211.6300048828125,204.22000122070312,204.75,201.26795959472656,6559900
2022-03-04,204.6999969482422,206.3800048828125,199.25999450683594,203.00999450683594,199.5575408935547,6813600
2022-03-07,203.4499969482422,204.92999267578125,196.0399932861328,196.22999572753906,192.89283752441406,7043500
2022-03-08,194.27999877929688,197.1999969482422,189.1999969482422,192.0800018310547,188.81344604492188,8229000
2022-03-09,198.35000610351562,205.22999572753906,197.22000122070312,203.16000366210938,199.70498657226562,6881300
2022-03-10,199.10000610351562,201.1999969482422,197.52999877929688,200.14999389648438,196.74620056152344,5604200
2022-03-11,204.77000427246094,204.77000427246094,197.6300048828125,197.89999389648438,194.53445434570312,5196900
2022-03-14,198.24000549316406,200.16000366210938,191.82000732421875,193.1199951171875,189.8357391357422,5665500
2022-03-15,198.52999877929688,199.9600067138672,192.74000549316406,196.13999938964844,192.8043975830078,5276300
2022-03-16,198.66000366210938,205.89999389648438,197.3300018310547,205.57000732421875,202.0740203857422,6043400
2022-03-17,204.6199951171875,210.67999267578125,202.55999755859375,210.41000366210938,206.8317413330078,5842600
2022-03-18,209.22999572753906,219.5800018310547,208.30999755859375,218.8000030517578,215.07901000976562,12220600
2022-03-21,218.19000244140625,219.10000610351562,210.61000061035156,213.72000122070312,210.08538818359375,6448700
2022-03-22,213.72000122070312,221.85000610351562,212.6199951171875,218.2100067138672,214.49905395507812,7018800
2022-03-23,213.8699951171875,213.92999267578125,208.30999755859375,211.11000061035156,207.519775390625,8404700
2022-03-24,212.35000610351562,214.11000061035156,209.8699951171875,213.97999572753906,210.34097290039062,4150300
2022-03-25,214.27000427246094,215.86000061035156,208.47999572753906,211.02999877929688,207.44114685058594,3656500
2022-03-28,210.3800048828125,215.3800048828125,209.3000030517578,215.27999877929688,211.618896484375,4290900
2022-03-29,218.6199951171875,222.16000366210938,216.77000427246094,221.2899932861328,217.52667236328125,5370400
2022-03-30,219.7100067138672,219.85000610351562,213.39999389648438,214.94000244140625,211.28466796875,4951200
2022-03-31,214.5,216.7899932861328,211.7899932861328,212.32000732421875,208.70924377441406,7141300
2022-04-01,212.47999572753906,214.02999877929688,210.0399932861328,212.25,208.6404266357422,6007900
2022-04-04,214.6300048828125,221.0,214.10000610351562,218.85000610351562,215.128173828125,7843600
2022-04-05,218.0,218.27000427246094,208.6699981689453,210.13999938964844,206.56629943847656,7304600
2022-04-06,205.2100067138672,205.47000122070312,198.0800018310547,200.82000732421875,197.40478515625,7171300
2022-04-07,199.1199951171875,202.72000122070312,198.19000244140625,200.16000366210938,196.75601196289062,5246000
2022-04-08,198.63999938964844,200.13999938964844,196.6199951171875,197.1699981689453,193.81686401367188,3897700
2022-04-11,194.2100067138672,197.10000610351562,192.16000366210938,195.4499969482422,192.1261444091797,5173800
2022-04-12,199.75,201.1199951171875,194.5800018310547,194.80999755859375,191.49700927734375,4832200
2022-04-13,191.99000549316406,197.10000610351562,189.32000732421875,195.72000122070312,192.3915252685547,8733000
2022-04-14,196.32000732421875,196.4499969482422,189.22000122070312,189.41000366210938,186.1888427734375,5126700
2022-04-18,188.3000030517578,189.35000610351562,185.52999877929688,187.00999450683594,183.82965087890625,4899500
2022-04-19,187.24000549316406,192.1999969482422,185.52000427246094,191.38999938964844,188.13516235351562,6120400
2022-04-20,192.88999938964844,193.3000030517578,186.0800018310547,186.22999572753906,183.06292724609375,6015400
2022-04-21,188.77999877929688,190.1699981689453,176.74000549316406,177.22999572753906,174.21595764160156,9119500
2022-04-22,177.6999969482422,179.0500030517578,171.10000610351562,171.42999267578125,168.51461791992188,8843900
2022-04-25,169.69000244140625,174.75999450683594,169.22999572753906,174.57000732421875,171.60122680664062,7988900
2022-04-26,172.6199951171875,173.72000122070312,167.5500030517578,170.0800018310547,167.1875762939453,8073300
2022-04-27,171.0,177.22999572753906,170.6300048828125,174.67999267578125,171.70933532714844,9644600
2022-04-28,181.41000366210938,186.92999267578125,178.97999572753906,185.74000549316406,182.58123779296875,10614800
2022-04-29,182.57000732421875,185.36000061035156,175.3000030517578,175.94000244140625,172.94793701171875,7110800
2022-05-02,175.08999633789062,177.77999877929688,173.1199951171875,177.57000732421875,174.55020141601562,6278400
2022-05-03,176.9499969482422,180.38999938964844,176.1300048828125,178.36000061035156,175.32675170898438,5047700
2022-05-04,179.7100067138672,185.97999572753906,174.74000549316406,185.47999572753906,182.32568359375,7563100
2022-05-05,180.49000549316406,182.24000549316406,169.82000732421875,172.3000030517578,169.3697967529297,8379400
2022-05-06,169.49000549316406,172.42999267578125,165.5800018310547,169.6999969482422,166.8140106201172,7232700
2022-05-09,166.72000122070312,170.2899932861328,162.1300048828125,163.60000610351562,160.8177490234375,9997800
2022-05-10,167.4199981689453,171.25999450683594,163.27999877929688,167.14999389648438,164.30738830566406,8598700
2022-05-11,165.5,169.97999572753906,160.8300018310547,161.27000427246094,158.5273895263672,7220100
2022-05-12,156.92999267578125,166.85000610351562,154.63999938964844,160.4199981689453,157.69183349609375,10187500
2022-05-13,163.5500030517578,168.67999267578125,162.00999450683594,166.91000366210938,164.0714874267578,6499700
2022-05-16,164.74000549316406,166.11000061035156,161.8800048828125,164.1199951171875,161.3289031982422,5065800
2022-05-17,167.3300018310547,169.10000610351562,158.27000427246094,163.72999572753906,160.94557189941406,7317700
2022-05-18,162.82000732421875,164.52000427246094,156.19000244140625,157.3300018310547,154.6544189453125,7454400
2022-05-19,155.22999572753906,159.25,154.72999572753906,155.60000610351562,152.9538116455078,8382200
2022-05-20,158.74000549316406,160.72999572753906,154.5500030517578,159.64999389648438,156.93495178222656,9068700
2022-05-23,159.83999633789062,160.72999572753906,155.91000366210938,160.32000732421875,157.5935516357422,6148800
2022-05-24,157.77000427246094,158.38999938964844,154.5500030517578,156.92999267578125,154.26121520996094,6928400
2022-05-25,155.32000732421875,161.88999938964844,155.32000732421875,159.64999389648438,156.93495178222656,7436800
2022-05-26,159.69000244140625,163.69000244140625,157.57000732421875,162.4600067138672,159.6971893310547,6697700
2022-05-27,160.6699981689453,165.22999572753906,160.25,165.10000610351562,162.29226684570312,7883600
2022-05-31,166.9600067138672,167.27999877929688,159.35000610351562,160.24000549316406,157.51490783691406,18114600
2022-06-01,178.00999450683594,184.4199981689453,174.3699951171875,176.07000732421875,173.0757293701172,37037400
2022-06-02,175.0,190.1300048828125,174.6999969482422,188.39999389648438,185.19601440429688,19231200
2022-06-03,185.0,189.63999938964844,183.8000030517578,184.91000366210938,181.76536560058594,9224000
2022-06-06,188.92999267578125,190.4199981689453,181.6999969482422,182.8699951171875,179.7600555419922,5811700
2022-06-07,181.7100067138672,188.60000610351562,181.7100067138672,187.14999389648438,183.96726989746094,6331100
2022-06-08,187.0,190.55999755859375,185.38999938964844,189.19000244140625,185.9725799560547,6226200
2022-06-09,188.52999877929688,192.67999267578125,186.61000061035156,187.11000061035156,183.92796325683594,8467700
2022-06-10,183.6300048828125,183.9499969482422,177.1999969482422,178.4499969482422,175.4152069091797,7855800
2022-06-13,170.5500030517578,172.67999267578125,165.05999755859375,166.02999877929688,163.20643615722656,10726200
2022-06-14,168.72999572753906,169.6300048828125,162.14999389648438,164.4499969482422,161.6533203125,8576200
2022-06-15,166.72999572753906,171.5,164.67999267578125,168.5500030517578,165.68359375,7740700
2022-06-16,163.72999572753906,166.89999389648438,158.6199951171875,159.85000610351562,157.1315460205078,8090900
2022-06-17,158.55999755859375,166.22999572753906,158.1699981689453,163.25999450683594,160.48353576660156,13074600
2022-06-21,165.0500030517578,169.35000610351562,164.89999389648438,166.8300018310547,163.9928436279297,6736800
2022-06-22,164.6999969482422,170.4499969482422,164.2100067138672,167.4499969482422,164.602294921875,5864500
2022-06-23,169.08999633789062,173.38999938964844,167.1199951171875,173.0500030517578,170.1070556640625,7258000
2022-06-24,177.72000122070312,186.41000366210938,176.5500030517578,185.9199981689453,182.75819396972656,12107100
2022-06-27,186.11000061035156,186.5800018310547,180.47000122070312,181.30999755859375,178.2266082763672,6170600
2022-06-28,180.2899932861328,182.3300018310547,171.44000244140625,171.4600067138672,168.5441436767578,6668600
2022-06-29,172.5,173.77999877929688,168.05999755859375,170.61000061035156,167.7085418701172,5430400
2022-06-30,165.0500030517578,167.5,161.11000061035156,165.0399932861328,162.2332763671875,9539400
2022-07-01,164.75999450683594,169.14999389648438,164.0500030517578,168.1999969482422,165.3395538330078,4561600
2022-07-05,166.10000610351562,172.35000610351562,164.61000061035156,172.1999969482422,169.2715301513672,4614200
2022-07-06,173.52000427246094,175.05999755859375,170.8300018310547,172.72999572753906,169.79251098632812,4085100
2022-07-07,174.1699981689453,176.94000244140625,173.1699981689453,176.63999938964844,173.63600158691406,4000100
2022-07-08,174.0500030517578,176.61000061035156,172.83999633789062,175.5,172.51539611816406,2869200
2022-07-11,174.0,176.32000732421875,171.25999450683594,174.36000061035156,171.39476013183594,3689300
2022-07-12,172.2100067138672,173.3800048828125,164.35000610351562,166.3300018310547,163.5013427734375,7073000
2022-07-13,162.41000366210938,165.83999633789062,161.1699981689453,163.49000549316406,160.70965576171875,6225900
2022-07-14,161.02999877929688,161.7100067138672,157.64999389648438,161.0399932861328,158.30130004882812,6096100
2022-07-15,163.7100067138672,167.61000061035156,162.22000122070312,167.3800048828125,164.53347778320312,6037700
2022-07-18,168.9499969482422,172.63999938964844,167.11000061035156,167.88999938964844,165.03480529785156,3818200
2022-07-19,170.9199981689453,174.10000610351562,167.80999755859375,173.80999755859375,170.85414123535156,4373400
2022-07-20,176.10000610351562,183.5,175.61000061035156,182.4499969482422,179.3472137451172,5654000
2022-07-21,180.66000366210938,185.52999877929688,179.91000366210938,185.35000610351562,182.19789123535156,3886000
2022-07-22,185.07000732421875,187.55999755859375,180.92999267578125,182.47000122070312,179.36685180664062,3804700
2022-07-25,181.8300018310547,181.99000549316406,175.0800018310547,177.2899932861328,174.27496337890625,4407900
2022-07-26,177.11000061035156,177.1300048828125,169.75999450683594,170.4600067138672,167.5611114501953,3886500
2022-07-27,174.86000061035156,182.22999572753906,174.35000610351562,180.3000030517578,177.23379516601562,4960900
2022-07-28,178.41000366210938,181.8800048828125,175.92999267578125,181.2899932861328,178.2069549560547,4562100
2022-07-29,181.82000732421875,184.4199981689453,180.22000122070312,184.02000427246094,180.89053344726562,4751400
2022-08-01,181.3000030517578,185.17999267578125,179.75999450683594,182.97999572753906,179.86819458007812,3997100
2022-08-02,180.80999755859375,185.13999938964844,179.42999267578125,183.7899932861328,180.6644287109375,4317900
2022-08-03,185.52999877929688,190.67999267578125,185.3699951171875,189.64999389648438,186.4247589111328,5786300
2022-08-04,188.55999755859375,191.5800018310547,187.25,191.27000427246094,188.01722717285156,3759700
2022-08-05,187.0,191.8000030517578,186.27999877929688,190.1699981689453,186.9359130859375,4090300
2022-08-08,191.08999633789062,194.3699951171875,189.0800018310547,189.75,186.5230712890625,3396800
2022-08-09,186.3000030517578,187.1300048828125,179.82000732421875,182.24000549316406,179.14077758789062,5851700
2022-08-10,188.16000366210938,189.57000732421875,186.2100067138672,188.61000061035156,185.40243530273438,4179200
2022-08-11,192.1300048828125,192.5,186.32000732421875,186.72999572753906,183.55442810058594,4175100
2022-08-12,186.6300048828125,190.02000427246094,185.50999450683594,189.88999938964844,186.66065979003906,3846200
2022-08-15,189.0500030517578,192.11000061035156,188.89999389648438,191.05999755859375,187.81077575683594,2768500
2022-08-16,189.5500030517578,190.85000610351562,186.36000061035156,189.58999633789062,186.3657989501953,3835900
2022-08-17,187.72000122070312,189.42999267578125,186.47000122070312,187.9600067138672,184.7635040283203,3181300
2022-08-18,188.4199981689453,188.57000732421875,186.61000061035156,187.92999267578125,184.73399353027344,2791600
2022-08-19,185.22000122070312,185.44000244140625,181.5800018310547,183.77000427246094,180.64476013183594,4346100
2022-08-22,180.0,180.58999633789062,176.05999755859375,176.97999572753906,173.97023010253906,5182900
2022-08-23,175.8800048828125,178.11000061035156,174.91000366210938,176.0,173.00689697265625,5076800
2022-08-24,176.6699981689453,181.22999572753906,176.05999755859375,180.00999450683594,176.94869995117188,11438800
2022-08-25,168.5800018310547,174.13999938964844,165.55999755859375,173.91000366210938,170.9524383544922,24025600
2022-08-26,173.9600067138672,176.3000030517578,164.6300048828125,165.22999572753906,162.4200439453125,11074700
2022-08-29,164.27999877929688,165.82000732421875,160.0500030517578,160.2100067138672,157.4854278564453,9329900
2022-08-30,162.13999938964844,163.85000610351562,158.3800048828125,159.6699981689453,156.95462036132812,8079400
2022-08-31,159.7899932861328,161.2100067138672,155.97000122070312,156.1199951171875,153.4649658203125,9166100
2022-09-01,154.8699951171875,155.3300018310547,150.8699951171875,153.52999877929688,150.91903686523438,9924000
2022-09-02,156.4600067138672,158.6699981689453,152.9600067138672,153.69000244140625,151.07630920410156,7315700
2022-09-06,152.8800048828125,154.42999267578125,150.82000732421875,151.72000122070312,149.13980102539062,6373700
2022-09-07,151.2899932861328,154.05999755859375,150.47999572753906,153.27999877929688,150.6732635498047,6211400
2022-09-08,152.32000732421875,157.02999877929688,151.77999877929688,156.89999389648438,154.23170471191406,6659200
2022-09-09,158.60000610351562,163.2899932861328,158.47000122070312,162.58999633789062,159.82493591308594,5642300
2022-09-12,163.69000244140625,165.66000366210938,162.74000549316406,165.6300048828125,162.81326293945312,6353400
2022-09-13,158.25,161.25999450683594,157.80999755859375,158.10000610351562,155.4113006591797,5463200
2022-09-14,158.58999633789062,161.64999389648438,158.00999450683594,160.27999877929688,157.55421447753906,6037300
2022-09-15,156.8000030517578,159.83999633789062,154.30999755859375,154.77999877929688,152.14779663085938,7012200
2022-09-16,151.9199981689453,152.2100067138672,149.55999755859375,151.50999450683594,148.93338012695312,9882300
2022-09-19,150.7100067138672,153.5399932861328,150.39999389648438,152.8300018310547,150.23092651367188,4874800
2022-09-20,151.0,151.5800018310547,148.85000610351562,149.8000030517578,147.25244140625,5505700
2022-09-21,151.22000122070312,153.3000030517578,147.50999450683594,147.6300048828125,145.119384765625,6164400
2022-09-22,149.50999450683594,152.86000061035156,149.14999389648438,150.14999389648438,147.59649658203125,12405100
2022-09-23,148.07000732421875,149.83999633789062,144.7899932861328,147.00999450683594,144.50990295410156,9175800
2022-09-26,147.0,151.19000244140625,145.35000610351562,146.32000732421875,143.83168029785156,7862400
2022-09-27,148.3699951171875,150.61000061035156,146.25999450683594,148.88999938964844,146.35797119140625,7046600
2022-09-28,146.0,150.8800048828125,145.6699981689453,150.1699981689453,147.61618041992188,7908400
2022-09-29,148.4499969482422,148.97999572753906,145.00999450683594,146.80999755859375,144.31329345703125,8602500
2022-09-30,146.00999450683594,148.6300048828125,143.75,143.83999633789062,141.393798828125,7575600
2022-10-03,144.97999572753906,148.9600067138672,143.89999389648438,147.89999389648438,145.384765625,6819900
2022-10-04,151.6999969482422,157.4199981689453,151.22000122070312,155.72999572753906,153.0815887451172,8017900
2022-10-05,152.1999969482422,156.9600067138672,151.94000244140625,156.22999572753906,153.5730743408203,4256200
2022-10-06,155.72000122070312,158.25,154.44000244140625,155.4600067138672,152.81622314453125,3853900
2022-10-07,151.8000030517578,153.1699981689453,149.27000427246094,150.2899932861328,147.73411560058594,5956700
2022-10-10,150.6199951171875,150.9600067138672,144.5800018310547,145.63999938964844,143.16322326660156,5497800
2022-10-11,144.50999450683594,144.97000122070312,139.52000427246094,142.57000732421875,140.1453857421875,7415000
2022-10-12,142.30999755859375,143.44000244140625,139.5800018310547,142.2899932861328,139.87017822265625,5707100
2022-10-13,138.9600067138672,146.33999633789062,137.58999633789062,145.44000244140625,142.9665985107422,6548600
2022-10-14,147.3300018310547,147.6999969482422,142.0,142.22000122070312,139.80136108398438,5736300
2022-10-17,146.07000732421875,149.0,145.94000244140625,147.17999267578125,144.67701721191406,6288200
2022-10-18,156.4499969482422,158.97000122070312,151.89999389648438,153.52999877929688,150.91903686523438,16354800
2022-10-19,151.86000061035156,155.9499969482422,150.63999938964844,153.6699981689453,151.05665588378906,6220500
2022-10-20,155.0,161.3000030517578,153.60000610351562,157.5,154.82150268554688,9203400
2022-10-21,157.5,160.42999267578125,154.82000732421875,160.1699981689453,157.44610595703125,8335500
2022-10-24,161.17999267578125,161.57000732421875,158.39999389648438,160.64999389648438,157.91793823242188,6259200
2022-10-25,161.6999969482422,166.02999877929688,161.69000244140625,165.27000427246094,162.45936584472656,5804500
2022-10-26,159.8000030517578,164.1199951171875,158.6999969482422,159.91000366210938,157.19053649902344,6617500
2022-10-27,161.8000030517578,164.66000366210938,159.32000732421875,159.75,157.03323364257812,4987700
2022-10-28,159.50999450683594,163.08999633789062,158.1699981689453,163.02000427246094,160.2476348876953,5055400
2022-10-31,162.1199951171875,164.0,161.0,162.58999633789062,159.82493591308594,4878100
2022-11-01,165.0,165.6999969482422,159.63999938964844,159.82000732421875,157.10205078125,4545900
2022-11-02,159.50999450683594,159.77000427246094,149.9600067138672,150.00999450683594,147.45889282226562,7238200
2022-11-03,149.0,150.4199981689453,146.1300048828125,146.3300018310547,143.84149169921875,5999400
2022-11-04,146.5,146.9499969482422,136.0399932861328,139.77000427246094,137.39305114746094,14265300
2022-11-07,140.6199951171875,144.92999267578125,138.77000427246094,144.58999633789062,142.1310577392578,7379900
2022-11-08,145.08999633789062,151.55999755859375,145.0800018310547,147.10000610351562,144.59837341308594,9101800
2022-11-09,145.85000610351562,146.3300018310547,141.94000244140625,142.05999755859375,139.64407348632812,5588500
2022-11-10,151.0,156.3699951171875,149.72999572753906,156.3000030517578,153.6418914794922,8777900
2022-11-11,156.49000549316406,159.9199981689453,155.5800018310547,157.72999572753906,155.04759216308594,7382500
2022-11-14,155.82000732421875,160.16000366210938,154.64999389648438,158.66000366210938,155.96180725097656,6580100
2022-11-15,162.67999267578125,165.25,160.75,162.07000732421875,159.31381225585938,8116100
2022-11-16,160.0,160.82000732421875,153.8300018310547,155.1199951171875,152.48196411132812,6454700
2022-11-17,150.19000244140625,151.75999450683594,148.33999633789062,149.69000244140625,147.1443328857422,7357900
2022-11-18,151.83999633789062,152.32000732421875,145.64999389648438,148.0399932861328,145.52236938476562,7555700
2022-11-21,146.02000427246094,147.33999633789062,143.39999389648438,144.85000610351562,142.38662719726562,8015900
2022-11-22,145.1999969482422,149.3800048828125,142.9199981689453,149.25,146.71180725097656,7017700
2022-11-23,147.6199951171875,152.91000366210938,147.5500030517578,152.24000549316406,149.6509552001953,5558900
2022-11-25,152.07000732421875,154.0399932861328,151.3800048828125,153.35000610351562,150.74208068847656,3023700
2022-11-28,152.0,155.32000732421875,152.0,153.69000244140625,151.07630920410156,7931700
2022-11-29,152.72000122070312,154.02000427246094,151.25999450683594,151.67999267578125,149.10049438476562,6398100
2022-11-30,150.75,160.25,150.1300048828125,160.25,157.5247344970703,14591500
2022-12-01,147.5500030517578,147.58999633789062,142.0800018310547,147.0,144.5000762939453,33721500
2022-12-02,144.2899932861328,145.2100067138672,142.77999877929688,144.55999755859375,142.1015625,15086700
2022-12-05,142.8000030517578,144.38999938964844,132.8800048828125,133.92999267578125,131.65231323242188,20294600
2022-12-06,132.7100067138672,134.5500030517578,130.91000366210938,133.27000427246094,131.0035858154297,16981800
2022-12-07,132.5,133.75,130.02000427246094,130.47999572753906,128.26101684570312,12915900
2022-12-08,128.42999267578125,131.4600067138672,127.0199966430664,130.1300048828125,127.9169692993164,15156900
2022-12-09,129.74000549316406,133.3699951171875,128.36000061035156,131.11000061035156,128.88031005859375,10287500
2022-12-12,131.10000610351562,134.08999633789062,130.9499969482422,133.11000061035156,130.84628295898438,11852400
2022-12-13,137.38999938964844,139.8800048828125,134.0399932861328,135.6199951171875,133.31361389160156,12579800
2022-12-14,135.00999450683594,137.27000427246094,133.22999572753906,134.75,132.45840454101562,9611800
2022-12-15,131.6699981689453,134.1199951171875,129.67999267578125,130.44000244140625,128.22169494628906,10807300
2022-12-16,128.9199981689453,129.8800048828125,126.88999938964844,128.27000427246094,126.08861541748047,15464700
2022-12-19,127.7699966430664,129.5800018310547,127.19999694824219,129.00999450683594,126.8160171508789,9441400
2022-12-20,127.5,129.99000549316406,127.19000244140625,128.4499969482422,126.26554107666016,8455500
2022-12-21,127.95999908447266,132.16000366210938,126.5999984741211,130.3000030517578,128.08407592773438,9313200
2022-12-22,128.6699981689453,129.5399932861328,126.33999633789062,129.19000244140625,126.9929428100586,9968600
2022-12-23,128.72999572753906,129.86000061035156,127.58999633789062,129.44000244140625,127.23871612548828,5821300
2022-12-27,128.55999755859375,131.75,127.6500015258789,130.66000366210938,128.43795776367188,8300800
2022-12-28,129.7100067138672,131.13999938964844,128.1699981689453,128.47000122070312,126.28521728515625,6249800
2022-12-29,129.6999969482422,132.9499969482422,129.5,132.5399932861328,130.28598022460938,7628800
2022-12-30,130.61000061035156,132.63999938964844,130.36000061035156,132.58999633789062,130.33511352539062,5630200
2023-01-03,135.19000244140625,136.9499969482422,133.02999877929688,134.77999877929688,132.48788452148438,8196400
2023-01-04,141.22000122070312,141.85000610351562,137.6199951171875,139.58999633789062,137.21607971191406,14322600
2023-01-05,137.63999938964844,138.58999633789062,134.24000549316406,136.33999633789062,134.0213623046875,8493500
2023-01-06,137.5800018310547,141.64999389648438,135.5500030517578,140.50999450683594,138.12042236328125,9145700
2023-01-09,142.58999633789062,149.1999969482422,142.58999633789062,147.10000610351562,144.59837341308594,13679700
2023-01-10,145.80999755859375,149.27999877929688,145.60000610351562,147.44000244140625,144.93260192871094,6527700
2023-01-11,145.27999877929688,147.0399932861328,143.55999755859375,144.89999389648438,142.435791015625,13595000
2023-01-12,147.83999633789062,149.82000732421875,143.94000244140625,149.60000610351562,147.0558624267578,11678000
2023-01-13,146.1999969482422,149.9600067138672,146.08999633789062,149.50999450683594,146.96739196777344,8378100
2023-01-17,149.60000610351562,150.49000549316406,146.10000610351562,148.47000122070312,145.94508361816406,9407600
2023-01-18,148.86000061035156,149.5399932861328,145.2899932861328,145.4499969482422,142.9764404296875,7812600
2023-01-19,143.52000427246094,146.67999267578125,143.16000366210938,146.41000366210938,143.92010498046875,7070100
2023-01-20,144.3000030517578,151.52999877929688,144.3000030517578,151.25,148.67779541015625,10127100
2023-01-23,157.35000610351562,157.8699951171875,153.22999572753906,155.8699951171875,153.21923828125,19922900
2023-01-24,155.89999389648438,160.2100067138672,154.5,154.86000061035156,152.22642517089844,6390200
2023-01-25,151.2100067138672,156.39999389648438,149.82000732421875,156.1699981689453,153.5141143798828,9390500
2023-01-26,158.19000244140625,165.1699981689453,158.10000610351562,165.08999633789062,162.28244018554688,13354600
2023-01-27,165.0500030517578,167.24000549316406,163.60000610351562,164.52000427246094,161.72210693359375,9872300
2023-01-30,164.07000732421875,166.44000244140625,163.39999389648438,164.75,161.94822692871094,8169800
2023-01-31,164.27999877929688,168.00999450683594,164.27999877929688,167.97000122070312,165.11343383789062,6421300
2023-02-01,167.72999572753906,173.0800018310547,167.0,171.82000732421875,168.89796447753906,8853900
2023-02-02,175.7100067138672,178.83999633789062,172.89999389648438,174.63999938964844,171.6700439453125,10667100
2023-02-03,170.02000427246094,175.0800018310547,169.86000061035156,171.0399932861328,168.13124084472656,6481700
2023-02-06,168.0,171.1699981689453,167.35000610351562,169.0500030517578,166.1750946044922,4310600
2023-02-07,167.57000732421875,171.72999572753906,166.61000061035156,171.27999877929688,168.36715698242188,6179200
2023-02-08,170.0,172.4499969482422,169.22999572753906,169.6300048828125,166.7452392578125,7694500
2023-02-09,173.3300018310547,175.3800048828125,172.00999450683594,173.66000366210938,170.70669555664062,11512300
2023-02-10,167.66000366210938,169.74000549316406,165.3300018310547,167.02999877929688,164.189453125,11273700
2023-02-13,168.27999877929688,171.16000366210938,166.9499969482422,171.0800018310547,168.17056274414062,8820300
2023-02-14,168.22000122070312,172.7899932861328,167.85000610351562,169.9600067138672,167.0696258544922,8393100
2023-02-15,168.85000610351562,171.61000061035156,168.24000549316406,171.10000610351562,168.19020080566406,4997000
2023-02-16,168.99000549316406,170.3699951171875,167.9600067138672,168.11000061035156,165.25106811523438,7483500
2023-02-17,165.02999877929688,167.11000061035156,162.74000549316406,165.1699981689453,162.36106872558594,8084500
2023-02-21,163.74000549316406,164.50999450683594,161.4499969482422,161.6199951171875,158.87144470214844,5210800
2023-02-22,163.11000061035156,165.0,162.11000061035156,163.36000061035156,160.5818328857422,4343700
2023-02-23,165.2899932861328,165.47000122070312,161.57000732421875,164.1199951171875,161.3289031982422,4679400
2023-02-24,160.58999633789062,162.38999938964844,159.66000366210938,162.1999969482422,159.4416046142578,6569900
2023-02-27,163.83999633789062,164.77000427246094,162.22000122070312,163.13999938964844,160.36558532714844,6891200
2023-02-28,162.52999877929688,164.4499969482422,161.52999877929688,163.61000061035156,160.82757568359375,6912600
2023-03-01,162.99000549316406,167.97999572753906,162.97999572753906,167.35000610351562,164.50399780273438,15841200
2023-03-02,193.1199951171875,193.91000366210938,185.1999969482422,186.58999633789062,183.41676330566406,37712500
2023-03-03,188.07000732421875,189.77000427246094,184.2899932861328,186.42999267578125,183.259521484375,12087200
2023-03-06,185.07000732421875,189.0,183.6300048828125,183.8000030517578,180.67425537109375,10770300
2023-03-07,184.4600067138672,186.16000366210938,183.02999877929688,183.32000732421875,180.20242309570312,9024300
2023-03-08,183.3000030517578,184.89999389648438,181.8000030517578,182.9499969482422,179.8386993408203,6749100
2023-03-09,183.10000610351562,183.83999633789062,178.5399932861328,178.72000122070312,175.68063354492188,7102400
2023-03-10,178.5,179.36000061035156,171.7100067138672,173.17999267578125,170.23484802246094,14109000
2023-03-13,171.0,177.10000610351562,170.0,175.50999450683594,172.5252227783203,9154800
2023-03-14,180.0,185.30999755859375,179.11000061035156,182.88999938964844,179.7797088623047,10138100
2023-03-15,179.16000366210938,183.86000061035156,178.2100067138672,182.91000366210938,179.7993927001953,7716900
2023-03-16,183.3000030517578,187.64999389648438,182.97999572753906,187.3000030517578,184.11471557617188,8369500
2023-03-17,186.0399932861328,187.66000366210938,184.17999267578125,184.85000610351562,181.7063751220703,10493300
2023-03-20,184.2100067138672,185.52000427246094,182.64999389648438,185.25,182.0995635986328,5513200
2023-03-21,185.8699951171875,189.27999877929688,184.88999938964844,188.67999267578125,185.4712371826172,6982000
2023-03-22,190.0,191.44000244140625,186.41000366210938,186.50999450683594,183.33815002441406,6575600
2023-03-23,187.39999389648438,190.55999755859375,185.5800018310547,187.44000244140625,184.25233459472656,8685000
2023-03-24,186.5,190.32000732421875,186.08999633789062,190.05999755859375,186.82777404785156,6102700
2023-03-27,188.9199981689453,192.11000061035156,188.91000366210938,191.25999450683594,188.0073699951172,7776500
2023-03-28,191.17999267578125,192.8300018310547,191.17999267578125,192.3000030517578,189.02969360351562,4899000
2023-03-29,193.13999938964844,197.42999267578125,192.8800048828125,196.63999938964844,193.29586791992188,8085200
2023-03-30,197.77000427246094,198.1699981689453,195.49000549316406,196.60000610351562,193.25657653808594,6932500
2023-03-31,197.49000549316406,200.0,196.99000549316406,199.77999877929688,196.3824920654297,6634300
2023-04-03,198.22000122070312,198.92999267578125,195.52999877929688,196.49000549316406,193.1484375,5340800
2023-04-04,198.14999389648438,198.6999969482422,196.6199951171875,197.1999969482422,193.84637451171875,4659100
2023-04-05,198.0,198.2899932861328,193.72999572753906,195.30999755859375,191.98851013183594,3953700
2023-04-06,194.0,194.07000732421875,189.60000610351562,192.5500030517578,189.27545166015625,6304700
2023-04-10,190.58999633789062,192.5500030517578,189.27999877929688,191.49000549316406,188.2334747314453,5263800
2023-04-11,189.05999755859375,190.4600067138672,187.30999755859375,188.88999938964844,185.6776885986328,4907700
2023-04-12,190.3000030517578,191.88999938964844,189.52999877929688,190.32000732421875,187.08338928222656,5033400
2023-04-13,190.4499969482422,194.3800048828125,190.4499969482422,194.02000427246094,190.720458984375,4716400
2023-04-14,191.85000610351562,195.1699981689453,191.19000244140625,194.64999389648438,191.33970642089844,5073800
2023-04-17,195.16000366210938,197.52000427246094,195.02999877929688,197.0800018310547,193.7283935546875,5413500
2023-04-18,199.0800018310547,200.1199951171875,197.05999755859375,198.5,195.124267578125,4679000
2023-04-19,196.3000030517578,199.07000732421875,195.72999572753906,198.9199981689453,195.53709411621094,3665100
2023-04-20,197.17999267578125,200.0800018310547,196.82000732421875,197.50999450683594,194.15109252929688,3620000
2023-04-21,197.02999877929688,199.1199951171875,196.47000122070312,199.02999877929688,195.64524841308594,4860100
2023-04-24,198.4499969482422,198.77000427246094,194.05999755859375,194.9199981689453,191.60513305664062,4449700
2023-04-25,193.97000122070312,194.1199951171875,190.6300048828125,190.6699981689453,187.4274139404297,5010000
2023-04-26,192.6199951171875,194.3699951171875,190.57000732421875,191.52000427246094,188.2629852294922,4007600
2023-04-27,194.1699981689453,197.50999450683594,193.27000427246094,195.94000244140625,192.6077880859375,4794400
2023-04-28,196.14999389648438,198.64999389648438,195.27000427246094,198.3699951171875,194.99647521972656,4094600
2023-05-01,197.75999450683594,199.0500030517578,197.1199951171875,197.7899932861328,194.42633056640625,2882900
2023-05-02,198.02000427246094,198.41000366210938,192.92999267578125,193.83999633789062,190.54348754882812,6051000
2023-05-03,194.2100067138672,195.7899932861328,192.55999755859375,192.61000061035156,189.33441162109375,3779900
2023-05-04,191.89999389648438,194.55999755859375,190.75999450683594,192.3800048828125,189.10833740234375,4386500
2023-05-05,193.9499969482422,198.11000061035156,193.25,197.58999633789062,194.22972106933594,4284400
2023-05-08,198.72000122070312,200.5,196.0800018310547,197.89999389648438,194.53445434570312,4169400
2023-05-09,196.77999877929688,203.8000030517578,196.77999877929688,201.17999267578125,197.7586669921875,6996800
2023-05-10,204.94000244140625,206.27999877929688,203.0399932861328,204.85000610351562,201.36627197265625,6535600
2023-05-11,202.91000366210938,203.8000030517578,198.5500030517578,203.47000122070312,200.0097198486328,5366300
2023-05-12,203.42999267578125,203.9600067138672,200.1300048828125,201.80999755859375,198.37796020507812,4733600
2023-05-15,203.75,205.39999389648438,202.47999572753906,203.3300018310547,199.8721160888672,4518200
2023-05-16,201.92999267578125,205.6699981689453,201.75,204.55999755859375,201.0811767578125,4423200
2023-05-17,206.5,209.49000549316406,204.8000030517578,209.3800048828125,205.81922912597656,5772200
2023-05-18,209.5,213.8800048828125,209.3300018310547,213.32000732421875,209.69223022460938,5165500
2023-05-19,212.9600067138672,213.24000549316406,209.92999267578125,210.36000061035156,206.78257751464844,6091600
2023-05-22,209.1699981689453,212.82000732421875,209.0399932861328,210.25999450683594,206.6842498779297,3890800
2023-05-23,207.74000549316406,209.63999938964844,206.47000122070312,206.63999938964844,203.12583923339844,4256800
2023-05-24,206.0399932861328,210.2100067138672,205.4199981689453,209.05999755859375,205.5046844482422,4894000
2023-05-25,212.02000427246094,212.3300018310547,208.44000244140625,209.91000366210938,206.34022521972656,6496700
2023-05-26,212.8000030517578,216.14999389648438,212.5500030517578,215.44000244140625,211.7761688232422,6933300
2023-05-30,219.27000427246094,222.13999938964844,215.72999572753906,218.8699951171875,215.14784240722656,10421000
2023-05-31,219.5500030517578,225.0,217.05999755859375,223.3800048828125,219.58114624023438,19624000
2023-06-01,208.22000122070312,215.36000061035156,206.05999755859375,212.89999389648438,209.2793731689453,20907400
2023-06-02,212.89999389648438,216.13999938964844,210.42999267578125,213.02999877929688,209.40713500976562,11026900
2023-06-05,210.47000122070312,212.32000732421875,207.05999755859375,209.86000061035156,206.2910614013672,7804400
2023-06-06,208.5500030517578,213.39999389648438,208.3699951171875,212.85000610351562,209.23023986816406,6796000
2023-06-07,214.8800048828125,216.66000366210938,204.77999877929688,205.72999572753906,202.23130798339844,9323900
2023-06-08,205.3800048828125,210.3800048828125,204.85000610351562,209.52999877929688,205.9666748046875,5548600
2023-06-09,210.69000244140625,218.66000366210938,210.69000244140625,215.30999755859375,211.64837646484375,7676700
2023-06-12,216.14999389648438,220.38999938964844,212.13999938964844,213.69000244140625,210.05592346191406,11568300
2023-06-13,215.5,216.22999572753906,207.9199981689453,208.97999572753906,205.42604064941406,11698900
2023-06-14,207.6999969482422,211.7100067138672,205.02000427246094,209.39999389648438,205.83888244628906,8963400
2023-06-15,207.9499969482422,213.3300018310547,207.3699951171875,211.9199981689453,208.31602478027344,7905400
2023-06-16,213.5399932861328,213.64999389648438,210.60000610351562,211.75999450683594,208.15872192382812,13672700
2023-06-20,208.64999389648438,217.0500030517578,208.61000061035156,216.97000122070312,213.28012084960938,9522900
2023-06-21,216.52000427246094,217.8000030517578,208.07000732421875,209.58999633789062,206.02566528320312,7971600
2023-06-22,209.6300048828125,213.9600067138672,209.08999633789062,213.2899932861328,209.6627197265625,5689800
2023-06-23,210.5,211.0,208.07000732421875,210.08999633789062,206.51718139648438,14037600
2023-06-26,209.02000427246094,211.75,207.35000610351562,207.36000061035156,203.8335723876953,4771500
2023-06-27,208.13999938964844,210.47999572753906,207.52000427246094,208.82000732421875,205.26876831054688,4014800
2023-06-28,208.41000366210938,212.1999969482422,207.60000610351562,212.1699981689453,208.56178283691406,4775900
2023-06-29,211.89999389648438,212.64999389648438,209.72000122070312,210.42999267578125,206.85134887695312,3838300
2023-06-30,211.86000061035156,213.85000610351562,210.9600067138672,211.25999450683594,207.66725158691406,5984200
2023-07-03,210.57000732421875,211.9600067138672,209.9199981689453,211.64999389648438,208.05062866210938,2400000
2023-07-05,210.49000549316406,214.6199951171875,210.08999633789062,213.82000732421875,210.1837158203125,5069300
2023-07-06,211.1999969482422,212.5,207.8300018310547,210.13999938964844,206.56629943847656,4250900
2023-07-07,209.77000427246094,212.11000061035156,209.27999877929688,209.58999633789062,206.02566528320312,3022200
2023-07-10,209.0,212.8699951171875,208.32000732421875,212.80999755859375,209.19088745117188,3820100
2023-07-11,222.05999755859375,222.35000610351562,217.24000549316406,221.1699981689453,217.4087371826172,10028100
2023-07-12,221.89999389648438,228.08999633789062,221.61000061035156,227.27999877929688,223.41481018066406,8923500
2023-07-13,228.25999450683594,230.9600067138672,227.60000610351562,230.3699951171875,226.4522705078125,5800300
2023-07-14,229.6999969482422,232.1999969482422,228.14999389648438,229.3300018310547,225.42994689941406,4278700
2023-07-17,229.24000549316406,230.27999877929688,227.80999755859375,228.0,224.12255859375,3557900
2023-07-18,227.0500030517578,229.6199951171875,225.47000122070312,227.6300048828125,223.7588653564453,5092700
2023-07-19,233.97999572753906,238.22000122070312,231.22999572753906,234.3699951171875,230.38421630859375,8516300
2023-07-20,231.10000610351562,233.5,227.32000732421875,228.16000366210938,224.2798614501953,5303000
2023-07-21,230.0,230.80999755859375,227.2899932861328,228.05999755859375,224.18154907226562,3529700
2023-07-24,227.25999450683594,227.58999633789062,223.5399932861328,225.66000366210938,221.82235717773438,5363200
2023-07-25,225.8800048828125,227.52000427246094,225.19000244140625,226.02999877929688,222.18606567382812,3203700
2023-07-26,224.4600067138672,227.50999450683594,223.1199951171875,225.5800018310547,221.7437286376953,4856700
2023-07-27,228.0399932861328,230.13999938964844,224.00999450683594,225.14999389648438,221.321044921875,4299600
2023-07-28,226.0,227.30999755859375,223.97999572753906,225.60000610351562,221.76339721679688,4238700
2023-07-31,222.35000610351562,225.3800048828125,221.75,225.00999450683594,221.18341064453125,5571900
2023-08-01,223.88999938964844,224.80999755859375,221.6300048828125,224.27000427246094,220.45599365234375,4212600
2023-08-02,221.97999572753906,222.85000610351562,218.8000030517578,220.5,216.75010681152344,5127000
2023-08-03,216.1999969482422,218.2100067138672,214.60000610351562,215.55999755859375,211.89413452148438,5515200
2023-08-04,216.41000366210938,217.25,213.07000732421875,214.58999633789062,210.94061279296875,4800400
2023-08-07,215.30999755859375,216.88999938964844,214.3699951171875,216.05999755859375,212.38563537597656,3615200
2023-08-08,213.5500030517578,214.19000244140625,211.13999938964844,211.5800018310547,207.98182678222656,4843800
2023-08-09,211.64999389648438,211.66000366210938,204.91000366210938,205.86000061035156,202.35910034179688,7847500
2023-08-10,208.17999267578125,210.33999633789062,206.44000244140625,208.25,204.7084503173828,4004700
2023-08-11,206.1300048828125,209.5,205.5,208.6999969482422,205.15078735351562,2930800
2023-08-14,207.89999389648438,212.10000610351562,207.1199951171875,212.05999755859375,208.45364379882812,3304700
2023-08-15,210.3300018310547,212.3699951171875,207.83999633789062,208.77999877929688,205.2294158935547,4076400
2023-08-16,208.0,209.69000244140625,206.9499969482422,206.99000549316406,203.4698944091797,2759600
2023-08-17,206.57000732421875,206.92999267578125,203.38999938964844,203.83999633789062,200.37344360351562,4062700
2023-08-18,200.97000122070312,205.5,200.1999969482422,204.8300018310547,201.34661865234375,4267200
2023-08-21,206.0,209.4199981689453,204.22000122070312,209.02999877929688,205.47518920898438,4023300
2023-08-22,209.85000610351562,210.11000061035156,206.0,206.75999450683594,203.2437744140625,3153200
2023-08-23,208.0,210.99000549316406,207.13999938964844,209.1300048828125,205.573486328125,3833200
2023-08-24,211.00999450683594,211.99000549316406,205.44000244140625,205.50999450683594,202.0150146484375,3960300
2023-08-25,205.50999450683594,210.7899932861328,205.47999572753906,209.47000122070312,205.9076690673828,3068800
2023-08-28,210.4499969482422,213.47999572753906,209.63999938964844,211.72000122070312,208.11941528320312,4086900
2023-08-29,206.75,212.4600067138672,206.52000427246094,211.9600067138672,208.3553466796875,5850400
2023-08-30,211.77000427246094,215.58999633789062,209.42999267578125,215.0399932861328,211.38294982910156,9946000
2023-08-31,228.0,228.7899932861328,221.1999969482422,221.4600067138672,217.69378662109375,19268400
2023-09-01,223.5,223.97000122070312,220.52000427246094,221.52999877929688,217.76258850097656,5600900
2023-09-05,219.3300018310547,220.32000732421875,217.61000061035156,218.69000244140625,214.9709014892578,5807300
2023-09-06,219.47000122070312,222.2100067138672,219.02000427246094,221.6199951171875,217.85107421875,5066700
2023-09-07,219.77000427246094,222.72999572753906,219.30999755859375,222.52999877929688,218.74560546875,4201900
2023-09-08,223.32000732421875,225.47000122070312,222.86000061035156,224.75999450683594,220.93765258789062,4578900
2023-09-11,226.00999450683594,226.8300018310547,222.7899932861328,225.30999755859375,221.47828674316406,4418000
2023-09-12,223.4499969482422,224.7899932861328,221.25999450683594,221.66000366210938,217.89039611816406,4002300
2023-09-13,221.17999267578125,221.86000061035156,218.3000030517578,218.8000030517578,215.07901000976562,4173600
2023-09-14,219.4199981689453,220.57000732421875,218.33999633789062,218.77999877929688,215.0593719482422,4297200
2023-09-15,218.8699951171875,219.19000244140625,213.4600067138672,214.61000061035156,210.9602813720703,9939000
2023-09-18,214.55999755859375,216.3800048828125,214.17999267578125,215.0,211.34364318847656,4279400
2023-09-19,214.38999938964844,216.05999755859375,212.25999450683594,215.6999969482422,212.03173828125,4001500
2023-09-20,215.1999969482422,217.17999267578125,212.9199981689453,213.02999877929688,209.40713500976562,2990900
2023-09-21,209.8000030517578,211.88999938964844,208.07000732421875,208.61000061035156,205.0623321533203,4957300
2023-09-22,209.30999755859375,209.72000122070312,205.8800048828125,206.42999267578125,202.9193878173828,3848300
2023-09-25,205.0,206.52999877929688,203.8699951171875,206.33999633789062,202.83091735839844,4067300
2023-09-26,205.47000122070312,206.44000244140625,201.27999877929688,202.49000549316406,199.04640197753906,5404500
2023-09-27,202.99000549316406,203.92999267578125,200.94000244140625,202.72999572753906,199.2823028564453,4123800
2023-09-28,200.75999450683594,205.14999389648438,199.5500030517578,203.1999969482422,199.74432373046875,4344000
2023-09-29,205.0800018310547,207.7899932861328,202.10000610351562,202.77999877929688,199.3314666748047,4405100
2023-10-02,200.8000030517578,205.11000061035156,200.52000427246094,203.7100067138672,200.2456512451172,3745700
2023-10-03,202.75,203.57000732421875,197.4199981689453,199.8300018310547,196.43162536621094,4622400
2023-10-04,200.8800048828125,202.74000549316406,199.50999450683594,201.8699951171875,198.43695068359375,3656400
2023-10-05,202.0,202.14999389648438,198.49000549316406,202.00999450683594,198.57455444335938,3592600
2023-10-06,200.47999572753906,208.27000427246094,199.88999938964844,207.36000061035156,203.8335723876953,4989200
2023-10-09,204.88999938964844,208.27999877929688,204.69000244140625,207.22000122070312,203.6959686279297,2781100
2023-10-10,207.63999938964844,209.22000122070312,206.25999450683594,206.8800048828125,203.36175537109375,4503500
2023-10-11,207.22999572753906,209.1999969482422,204.41000366210938,206.85000610351562,203.33224487304688,3971000
2023-10-12,207.8300018310547,208.5800018310547,203.27000427246094,205.67999267578125,202.18211364746094,3548500
2023-10-13,205.11000061035156,207.13999938964844,203.2100067138672,204.58999633789062,201.1106719970703,3677500
2023-10-16,205.83999633789062,209.49000549316406,205.0399932861328,208.52999877929688,204.98367309570312,3623200
2023-10-17,206.49000549316406,211.94000244140625,206.0,209.83999633789062,206.27139282226562,4006100
2023-10-18,208.8800048828125,209.6300048828125,204.19000244140625,204.8300018310547,201.34661865234375,3380800
2023-10-19,206.4499969482422,210.9499969482422,205.52999877929688,208.32000732421875,204.7772674560547,4995900
2023-10-20,207.36000061035156,208.11000061035156,202.1199951171875,203.72999572753906,200.26528930664062,5539100
2023-10-23,199.89999389648438,203.57000732421875,197.85000610351562,202.0,198.5647430419922,4564100
2023-10-24,203.72999572753906,204.63999938964844,200.92999267578125,204.22000122070312,200.74696350097656,3959600
2023-10-25,203.1999969482422,203.74000549316406,195.42999267578125,197.05999755859375,193.70872497558594,4490000
2023-10-26,197.4199981689453,199.66000366210938,193.67999267578125,196.25,192.9125213623047,5149100
2023-10-27,197.3000030517578,198.30999755859375,195.41000366210938,196.57000732421875,193.22708129882812,3168600
2023-10-30,199.0,200.5800018310547,197.0800018310547,199.27000427246094,195.8811798095703,3438300
2023-10-31,200.4199981689453,201.91000366210938,198.66000366210938,200.8300018310547,197.41461181640625,3425400
2023-11-01,200.9199981689453,204.49000549316406,200.49000549316406,203.91000366210938,200.44227600097656,3593600
2023-11-02,206.30999755859375,208.25999450683594,205.9499969482422,208.11000061035156,204.57083129882812,4963600
2023-11-03,209.38999938964844,210.17999267578125,207.1999969482422,207.47000122070312,203.94171142578125,3861900
2023-11-06,208.2100067138672,208.47999572753906,204.69000244140625,207.4199981689453,203.89254760742188,3729700
2023-11-07,209.5,213.33999633789062,208.9600067138672,211.83999633789062,208.23739624023438,5467100
2023-11-08,212.4199981689453,212.52000427246094,209.64999389648438,211.47000122070312,207.87368774414062,3433500
2023-11-09,213.57000732421875,213.5800018310547,209.07000732421875,210.00999450683594,206.43850708007812,4731400
2023-11-10,209.39999389648438,214.27000427246094,208.83999633789062,213.6300048828125,209.9969482421875,4112600
2023-11-13,212.57000732421875,216.13999938964844,211.75999450683594,215.27999877929688,211.618896484375,3306600
2023-11-14,219.0,221.25,217.9499969482422,221.17999267578125,217.41856384277344,4743800
2023-11-15,220.75,221.3699951171875,217.66000366210938,219.4199981689453,215.68849182128906,4800700
2023-11-16,220.0,222.77000427246094,218.94000244140625,221.4499969482422,217.68394470214844,3712300
2023-11-17,221.1699981689453,222.7899932861328,220.3800048828125,221.22000122070312,217.45790100097656,3634900
2023-11-20,221.42999267578125,226.10000610351562,220.6199951171875,225.1300048828125,221.30140686035156,4599300
2023-11-21,224.0,225.97000122070312,223.5399932861328,224.32000732421875,220.50515747070312,3852300
2023-11-22,224.3000030517578,225.69000244140625,223.2100067138672,223.83999633789062,220.03330993652344,3893600
2023-11-24,224.36000061035156,224.49000549316406,222.1199951171875,224.3800048828125,220.5641326904297,1869100
2023-11-27,225.5,226.22000122070312,224.25,224.7899932861328,220.96713256835938,4885500
2023-11-28,223.61000061035156,225.52999877929688,222.22999572753906,224.9199981689453,221.09494018554688,5535300
2023-11-29,228.61000061035156,231.5,227.25999450683594,230.35000610351562,226.4326171875,12327400
2023-11-30,249.0500030517578,252.5,243.64999389648438,251.89999389648438,247.6161346435547,24425700
2023-12-01,250.0,263.42999267578125,249.6999969482422,260.0,255.57838439941406,14538200
2023-12-04,252.8000030517578,255.1199951171875,249.85000610351562,250.66000366210938,246.39720153808594,11429200
2023-12-05,249.99000549316406,251.6699981689453,248.63999938964844,251.02000427246094,246.7510986328125,5771500
2023-12-06,251.52000427246094,253.97999572753906,248.85000610351562,249.1300048828125,244.8932342529297,5374800
2023-12-07,248.75,250.72999572753906,246.88999938964844,248.85000610351562,244.6179962158203,6568200
2023-12-08,248.5500030517578,252.08999633789062,248.0,250.80999755859375,246.54466247558594,4605800
2023-12-11,250.0,253.52000427246094,249.7100067138672,252.10000610351562,247.81271362304688,4766000
2023-12-12,251.8000030517578,256.5799865722656,251.02000427246094,256.45001220703125,252.0887451171875,5827600
2023-12-13,257.510009765625,259.1199951171875,255.16000366210938,257.32000732421875,252.94393920898438,6567600
2023-12-14,256.5,258.7699890136719,253.22000122070312,257.2099914550781,252.83580017089844,6613200
2023-12-15,255.00999450683594,262.30999755859375,254.50999450683594,261.6000061035156,257.15118408203125,13739500
2023-12-18,259.82000732421875,265.5899963378906,259.67999267578125,263.5899963378906,259.1072998046875,7498500
2023-12-19,265.4700012207031,266.5799865722656,263.739990234375,264.3399963378906,259.84454345703125,4665500
2023-12-20,261.6600036621094,264.9200134277344,260.0799865722656,260.25,255.82412719726562,4510500
2023-12-21,264.75,268.3599853515625,264.239990234375,267.25,262.70513916015625,5160700
2023-12-22,267.260009765625,268.1499938964844,265.29998779296875,266.3399963378906,261.8105773925781,3110600
2023-12-26,265.5299987792969,266.5299987792969,264.6199951171875,266.2200012207031,261.69256591796875,3218800
2023-12-27,265.94000244140625,267.010009765625,265.3999938964844,266.7200012207031,262.1841735839844,3387000
2023-12-28,266.5,266.9200134277344,265.29998779296875,265.5799865722656,261.0635070800781,2958700
2023-12-29,265.010009765625,265.6499938964844,262.6499938964844,263.1400146484375,258.66497802734375,3706600
2024-01-02,260.5400085449219,260.55999755859375,253.77000427246094,256.1300048828125,251.77418518066406,4741400
2024-01-03,253.5,254.16000366210938,251.77000427246094,251.83999633789062,247.55712890625,5097100
2024-01-04,251.8300018310547,252.63999938964844,249.83999633789062,251.24000549316406,246.9673309326172,4489800
2024-01-05,251.2100067138672,253.91000366210938,250.1699981689453,251.1199951171875,246.849365234375,3676000
2024-01-08,252.2100067138672,261.55999755859375,251.38999938964844,260.8699951171875,256.4335632324219,6626000
2024-01-09,259.5,263.92999267578125,258.7799987792969,261.3399963378906,256.89556884765625,4571800
2024-01-10,263.2699890136719,266.4599914550781,262.75,264.1300048828125,259.63812255859375,5128300
2024-01-11,268.0,272.9599914550781,265.1000061035156,271.3800048828125,266.76483154296875,9012600
2024-01-12,271.2300109863281,275.239990234375,271.05999755859375,271.92999267578125,267.3054504394531,4847600
2024-01-16,269.70001220703125,271.57000732421875,267.7200012207031,269.19000244140625,264.6120300292969,5858700
2024-01-17,268.2900085449219,271.8999938964844,264.1300048828125,271.44000244140625,266.82379150390625,4706500
2024-01-18,273.0,275.69000244140625,272.1400146484375,274.4599914550781,269.7924499511719,4752400
2024-01-19,276.510009765625,282.0,275.5299987792969,280.8800048828125,276.1033020019531,7413600
2024-01-22,283.7900085449219,285.7200012207031,280.1700134277344,280.29998779296875,275.53314208984375,6735900
2024-01-23,280.8299865722656,281.7099914550781,275.7099914550781,276.7699890136719,272.0631103515625,6573800
2024-01-24,279.9800109863281,280.9599914550781,276.69000244140625,276.8800048828125,272.1712951660156,7037800
2024-01-25,278.6099853515625,279.8500061035156,276.8599853515625,279.0299987792969,274.2847900390625,4178000
2024-01-26,279.2799987792969,283.3399963378906,278.69000244140625,279.94000244140625,275.17919921875,4877400
2024-01-29,281.3999938964844,288.1499938964844,281.0,287.8599853515625,282.9645080566406,5762300
2024-01-30,287.6300048828125,289.2900085449219,286.5199890136719,287.7300109863281,282.8368225097656,4810900
2024-01-31,284.04998779296875,285.6300048828125,280.82000732421875,281.0899963378906,276.3096923828125,4557300
2024-02-01,282.010009765625,285.04998779296875,281.3599853515625,283.79998779296875,278.9736022949219,3218300
2024-02-02,285.20001220703125,288.1600036621094,283.1600036621094,285.6600036621094,280.8019714355469,3629600
2024-02-05,286.25,289.04998779296875,281.3599853515625,288.1099853515625,283.2102966308594,5274800
2024-02-06,287.94000244140625,288.6400146484375,281.9100036621094,285.8299865722656,280.96905517578125,4207200
2024-02-07,287.3500061035156,289.79998779296875,285.20001220703125,288.8399963378906,283.9279479980469,3621400
2024-02-08,289.29998779296875,293.1099853515625,288.9800109863281,291.95001220703125,286.9850769042969,4488400
2024-02-09,293.25,295.239990234375,291.04998779296875,291.29998779296875,286.3460693359375,4376300
2024-02-12,290.82000732421875,291.0,287.0,287.32000732421875,282.43377685546875,3750000
2024-02-13,280.4100036621094,283.42999267578125,276.4200134277344,281.1499938964844,276.36865234375,4956600
2024-02-14,285.0,289.4599914550781,284.6400146484375,289.1499938964844,284.2326354980469,3850700
2024-02-15,291.3399963378906,292.0,288.010009765625,291.94000244140625,286.97515869140625,3986500
2024-02-16,292.0,292.07000732421875,287.8800048828125,289.7200012207031,284.79296875,4159400
2024-02-20,289.5,290.8500061035156,284.1499938964844,286.3900146484375,281.5195617675781,4295500
2024-02-21,280.07000732421875,283.57000732421875,278.3599853515625,283.54998779296875,278.72784423828125,3797200
2024-02-22,292.0,294.6300048828125,291.3999938964844,293.6499938964844,288.65606689453125,5264300
2024-02-23,298.0,298.0,291.0799865722656,292.79998779296875,287.820556640625,4416800
2024-02-26,295.5899963378906,303.8299865722656,295.0,300.3900146484375,295.281494140625,8719300
2024-02-27,301.5799865722656,301.75,296.6000061035156,299.5,294.4066467285156,6178800
2024-02-28,299.5799865722656,300.8800048828125,296.6099853515625,299.7699890136719,294.6719970703125,12490800
2024-02-29,300.0,310.5400085449219,294.7900085449219,308.82000732421875,303.5681457519531,21737800
2024-03-01,307.0,318.7099914550781,306.6199951171875,316.8800048828125,311.4910583496094,9450200
2024-03-04,314.57000732421875,317.6499938964844,313.5400085449219,314.6400146484375,309.2891845703125,9350000
2024-03-05,311.30999755859375,312.54998779296875,296.1400146484375,298.75,293.6693420410156,9015300
2024-03-06,304.6499938964844,305.8900146484375,302.739990234375,303.7699890136719,298.60400390625,8270000
2024-03-07,306.0,306.7699890136719,301.75,302.4200134277344,297.2769470214844,6788900
2024-03-08,302.20001220703125,308.8699951171875,302.20001220703125,305.2799987792969,300.08837890625,4851600
2024-03-11,302.6400146484375,307.6099853515625,300.25,306.0,300.7960510253906,4895500
2024-03-12,306.7099914550781,309.0400085449219,303.8699951171875,306.6199951171875,301.405517578125,4832000
2024-03-13,305.0,307.7300109863281,303.1099853515625,304.67999267578125,299.8897399902344,5548800
2024-03-14,305.0,309.489990234375,302.0,303.32000732421875,298.5511474609375,4828800
2024-03-15,298.9599914550781,300.04998779296875,293.7699890136719,294.3299865722656,289.7024230957031,11885100
2024-03-18,299.6199951171875,300.9700012207031,296.0199890136719,300.510009765625,295.7853088378906,5240500
2024-03-19,298.17999267578125,301.7699890136719,296.6199951171875,301.45001220703125,296.7105407714844,3329900
2024-03-20,301.9700012207031,307.0199890136719,300.69000244140625,306.0799865722656,301.2677307128906,4946600
2024-03-21,307.94000244140625,311.79998779296875,306.3500061035156,308.3900146484375,303.54144287109375,6083900
2024-03-22,309.32000732421875,310.2300109863281,306.6499938964844,307.7699890136719,302.9311218261719,3779000
2024-03-25,303.70001220703125,307.7099914550781,302.5400085449219,306.05999755859375,301.248046875,4141200
2024-03-26,307.4800109863281,307.9800109863281,304.8900146484375,305.8299865722656,301.02166748046875,3893900
2024-03-27,307.44000244140625,309.29998779296875,298.6300048828125,301.3800048828125,296.6416015625,3859900
2024-03-28,300.0,302.79998779296875,299.6300048828125,301.17999267578125,296.44476318359375,4892300
2024-04-01,301.69000244140625,303.510009765625,299.989990234375,302.260009765625,297.5078125,2918100
2024-04-02,297.5,304.4599914550781,294.8900146484375,304.0,299.220458984375,4746100
2024-04-03,303.989990234375,307.1600036621094,303.1000061035156,304.739990234375,299.9487609863281,3047400
2024-04-04,308.260009765625,311.29998779296875,292.1000061035156,294.1400146484375,289.5154724121094,8351000
2024-04-05,293.5400085449219,303.4200134277344,293.29998779296875,301.9100036621094,297.16326904296875,4918200
2024-04-08,301.1000061035156,303.5,299.5199890136719,301.7300109863281,296.98614501953125,3142900
2024-04-09,303.32000732421875,305.6000061035156,299.25,302.3699951171875,297.6160888671875,2997700
2024-04-10,298.45001220703125,300.9200134277344,298.1499938964844,299.6199951171875,294.9093017578125,3036400
2024-04-11,299.4700012207031,301.0899963378906,296.4100036621094,299.1499938964844,294.4466857910156,3468600
2024-04-12,296.8699951171875,297.8500061035156,293.5,294.32000732421875,289.692626953125,3820000
2024-04-15,282.94000244140625,286.4800109863281,271.6600036621094,272.8999938964844,268.609375,18365100
2024-04-16,274.7799987792969,280.55999755859375,272.44000244140625,277.4100036621094,273.0484924316406,7624300
2024-04-17,277.739990234375,278.9700012207031,274.8399963378906,276.32000732421875,271.97564697265625,4199400
2024-04-18,276.32000732421875,276.3299865722656,269.75,271.9200134277344,267.64483642578125,5918200
2024-04-19,272.489990234375,273.1499938964844,268.7300109863281,270.3699951171875,266.1191711425781,4913600
2024-04-22,279.3900146484375,279.70001220703125,269.55999755859375,273.80999755859375,269.5051574707031,6747200
2024-04-23,274.95001220703125,276.70001220703125,270.4100036621094,276.67999267578125,272.3299865722656,6285200
2024-04-24,278.0,278.94000244140625,274.1099853515625,276.19000244140625,271.8476867675781,3938800
2024-04-25,271.6000061035156,273.5799865722656,269.2799987792969,273.1400146484375,268.8456726074219,4811900
2024-04-26,275.0,276.8999938964844,273.4599914550781,274.2900085449219,269.9775695800781,3754600
2024-04-29,274.8900146484375,277.2900085449219,273.2200012207031,275.739990234375,271.40472412109375,3576400
2024-04-30,274.510009765625,274.6099853515625,268.3599853515625,268.94000244140625,264.711669921875,5218000
2024-05-01,269.0199890136719,274.0,266.54998779296875,268.69000244140625,264.4656066894531,3761000
2024-05-02,270.42999267578125,273.0799865722656,267.94000244140625,272.1300048828125,267.8515319824219,3859900
2024-05-03,276.82000732421875,277.6700134277344,273.3500061035156,273.6600036621094,269.357421875,4041600
2024-05-06,276.1700134277344,277.1300048828125,274.05999755859375,275.6300048828125,271.2965087890625,3744800
2024-05-07,275.5899963378906,278.8800048828125,274.07000732421875,277.17999267578125,272.8221130371094,3507700
2024-05-08,275.7300109863281,279.94000244140625,275.7300109863281,278.9700012207031,274.583984375,3283300
2024-05-09,272.1700134277344,275.3500061035156,271.07000732421875,275.1700134277344,270.8437194824219,4709700
2024-05-10,276.1000061035156,279.6400146484375,274.9700012207031,276.6700134277344,272.3201599121094,2912300
2024-05-13,277.1400146484375,277.79998779296875,275.19000244140625,277.5199890136719,273.15673828125,2998700
2024-05-14,276.9599914550781,278.8599853515625,275.0400085449219,276.79998779296875,272.4480895996094,3056800
2024-05-15,279.739990234375,287.79998779296875,279.7300109863281,287.5400085449219,283.01922607421875,5828500
2024-05-16,289.4200134277344,290.0199890136719,284.5799865722656,284.67999267578125,280.2042236328125,3559200
2024-05-17,287.0400085449219,287.3399963378906,284.260009765625,285.6099853515625,281.11956787109375,3478900
2024-05-20,286.0,287.7200012207031,285.1099853515625,287.07000732421875,282.5566101074219,2799300
2024-05-21,286.7900085449219,287.2200012207031,283.2900085449219,283.760009765625,279.2986755371094,3492100
2024-05-22,283.4100036621094,287.0899963378906,282.8299865722656,283.82000732421875,279.3576965332031,3309200
2024-05-23,286.67999267578125,287.0,277.4599914550781,278.57000732421875,274.1903076171875,5456600
2024-05-24,270.92999267578125,274.9599914550781,268.5299987792969,272.2900085449219,268.0090026855469,8325100
2024-05-28,273.1000061035156,273.2300109863281,267.1600036621094,269.8299865722656,265.5876770019531,9294100
2024-05-29,268.0,272.8699951171875,267.7699890136719,271.6199951171875,267.3494873046875,13397900
2024-05-30,223.39999389648438,225.08999633789062,212.0,218.00999450683594,214.58238220214844,66763300
2024-05-31,219.11000061035156,234.6199951171875,216.05999755859375,234.44000244140625,230.75408935546875,36807400
2024-06-03,234.6199951171875,240.99000549316406,230.2100067138672,236.6199951171875,232.89979553222656,19962700
2024-06-04,235.72000122070312,240.58999633789062,232.1999969482422,234.86000061035156,231.16748046875,11197500
2024-06-05,235.63999938964844,236.9199981689453,231.5500030517578,236.52999877929688,232.81121826171875,10772100
2024-06-06,239.8800048828125,246.75,239.4499969482422,242.75999450683594,238.94325256347656,11693800
2024-06-07,242.3300018310547,243.92999267578125,240.2899932861328,241.85000610351562,238.047607421875,6883800
2024-06-10,241.7899932861328,243.63999938964844,240.42999267578125,241.83999633789062,238.0377197265625,7656900
2024-06-11,241.16000366210938,243.75,236.25999450683594,240.99000549316406,237.20111083984375,7264400
2024-06-12,240.55999755859375,242.1999969482422,234.88999938964844,235.8000030517578,232.09268188476562,10260100
2024-06-13,235.52000427246094,235.64999389648438,228.66000366210938,229.02999877929688,225.4291229248047,13566700
2024-06-14,229.35000610351562,235.25,229.1999969482422,231.94000244140625,228.2933807373047,8833700
2024-06-17,230.27999877929688,231.83999633789062,227.77000427246094,230.47999572753906,226.85633850097656,10563700
2024-06-18,230.47999572753906,232.2899932861328,229.22999572753906,231.80999755859375,228.16543579101562,7119800
2024-06-20,232.85000610351562,243.77000427246094,232.85000610351562,241.8000030517578,237.9983673095703,14809600
2024-06-21,240.57000732421875,245.3699951171875,240.19000244140625,245.05999755859375,241.20709228515625,15719600
2024-06-24,243.19000244140625,244.41000366210938,239.80999755859375,239.94000244140625,236.1676025390625,7545700
2024-06-25,241.77999877929688,243.10000610351562,239.8699951171875,241.75999450683594,237.958984375,6037800
2024-06-26,241.47000122070312,243.61000061035156,239.89999389648438,243.14999389648438,239.32713317871094,4524700
2024-06-27,245.0,258.6000061035156,244.4499969482422,252.85000610351562,248.87466430664062,12869000
2024-06-28,253.5,260.17999267578125,253.17999267578125,257.1000061035156,253.0578155517578,12619300
2024-07-01,258.1499938964844,259.4800109863281,254.52999877929688,256.2099914550781,252.1818084716797,5871700
2024-07-02,255.0500030517578,257.7300109863281,254.05999755859375,256.19000244140625,252.16212463378906,5130600
2024-07-03,256.9800109863281,261.2200012207031,256.94000244140625,260.95001220703125,256.8472595214844,4755700
2024-07-05,262.7200012207031,265.80999755859375,261.32000732421875,263.19000244140625,259.0520324707031,6562100
2024-07-08,261.3800048828125,262.8399963378906,257.19000244140625,257.3699951171875,253.32357788085938,6539300
2024-07-09,256.0899963378906,257.0,251.08999633789062,252.42999267578125,248.8479766845703,7014900
2024-07-10,251.1999969482422,254.8000030517578,246.11000061035156,252.58999633789062,249.00572204589844,8947700
2024-07-11,252.60000610351562,255.4199981689453,250.9199981689453,251.1199951171875,247.55657958984375,5341800
2024-07-12,251.6199951171875,255.2899932861328,249.69000244140625,253.97000122070312,250.3661346435547,4705500
2024-07-15,256.0199890136719,256.3900146484375,252.1199951171875,252.86000061035156,249.27188110351562,4404300
2024-07-16,253.77999877929688,256.7799987792969,252.6699981689453,256.0299987792969,252.39691162109375,4780400
2024-07-17,254.0,255.57000732421875,249.61000061035156,251.22000122070312,247.65516662597656,5625300
2024-07-18,252.13999938964844,252.4499969482422,245.72000122070312,247.35000610351562,243.840087890625,6351600
2024-07-19,248.64999389648438,248.99000549316406,245.1699981689453,247.6300048828125,244.11610412597656,4468900
2024-07-22,248.75,255.5800018310547,248.0,254.0800018310547,250.47459411621094,5647600
2024-07-23,256.5899963378906,257.3299865722656,253.75,256.05999755859375,252.4264678955078,3905500
2024-07-24,253.6300048828125,255.91000366210938,248.89999389648438,249.77999877929688,246.235595703125,5204100
2024-07-25,254.74000549316406,264.0799865722656,251.72000122070312,256.5199890136719,252.87994384765625,7155800
2024-07-26,258.1700134277344,264.489990234375,257.07000732421875,262.7099914550781,258.9820861816406,6127300
2024-07-29,262.7099914550781,266.0799865722656,258.5199890136719,258.5899963378906,254.9205780029297,5101400
2024-07-30,259.6199951171875,260.75,255.1199951171875,257.92999267578125,254.2699432373047,3944300
2024-07-31,256.2099914550781,261.8299865722656,255.35000610351562,258.79998779296875,255.12759399414062,4647700
2024-08-01,259.8999938964844,263.3599853515625,249.74000549316406,253.05999755859375,249.46905517578125,5527400
2024-08-02,247.7899932861328,248.0,241.1199951171875,243.97000122070312,240.508056640625,6504500
2024-08-05,232.32000732421875,241.82000732421875,232.2100067138672,239.00999450683594,235.618408203125,6899300
2024-08-06,241.08999633789062,243.85000610351562,238.02999877929688,238.4199981689453,235.03680419921875,5673900
2024-08-07,242.61000061035156,246.52999877929688,239.66000366210938,240.0399932861328,236.6338348388672,4035500
2024-08-08,243.24000549316406,249.42999267578125,243.0800018310547,249.1199951171875,245.5849609375,4474300
2024-08-09,248.6999969482422,252.9499969482422,248.4499969482422,252.52999877929688,248.94656372070312,2975300
2024-08-12,252.60000610351562,254.08999633789062,249.02000427246094,251.30999755859375,247.74388122558594,3679700
2024-08-13,253.0,255.77999877929688,253.0,254.60000610351562,250.98719787597656,4031600
2024-08-14,255.38999938964844,257.7099914550781,253.86000061035156,255.32000732421875,251.69700622558594,4145200
2024-08-15,257.8999938964844,262.8900146484375,256.239990234375,262.7900085449219,259.0610046386719,5167900
2024-08-16,261.75,263.6000061035156,259.67999267578125,262.9100036621094,259.1792907714844,3494900
2024-08-19,263.1000061035156,265.3900146484375,261.6300048828125,265.3800048828125,261.6142578125,4501300
2024-08-20,264.95001220703125,265.5,261.0299987792969,261.8399963378906,258.12445068359375,5731300
2024-08-21,261.1000061035156,262.1400146484375,259.17999267578125,261.0899963378906,257.3851013183594,4648200
2024-08-22,261.5,263.260009765625,257.2699890136719,258.5899963378906,254.9205780029297,5111400
2024-08-23,261.989990234375,265.6000061035156,260.70001220703125,264.0,260.2538146972656,4711300
2024-08-26,263.94000244140625,267.29998779296875,263.239990234375,265.2799987792969,261.515625,3818300
2024-08-27,259.6499938964844,264.4599914550781,259.3999938964844,264.20001220703125,260.45098876953125,5276400
2024-08-28,261.8299865722656,265.17999267578125,257.3599853515625,258.8999938964844,255.22616577148438,10981900
2024-08-29,271.010009765625,271.95001220703125,256.2799987792969,257.010009765625,253.36300659179688,14301700
2024-08-30,257.44000244140625,259.1300048828125,251.0,252.89999389648438,249.31130981445312,10507700
2024-09-03,252.6199951171875,253.69000244140625,246.63999938964844,248.05999755859375,244.54000854492188,6190400
2024-09-04,246.47000122070312,249.47999572753906,245.16000366210938,247.67999267578125,244.16539001464844,4706500
2024-09-05,245.97999572753906,248.5,245.0,246.1199951171875,242.62754821777344,4083600
2024-09-06,247.74000549316406,250.0,241.44000244140625,243.97000122070312,240.508056640625,6259400
2024-09-09,246.5,249.36000061035156,244.77000427246094,245.75999450683594,242.27264404296875,4588800
2024-09-10,247.1300048828125,247.33999633789062,243.30999755859375,246.16000366210938,242.66697692871094,3544800
2024-09-11,244.80999755859375,250.02000427246094,242.00999450683594,249.57000732421875,246.02859497070312,4822200
2024-09-12,251.38999938964844,254.13999938964844,249.57000732421875,253.3699951171875,249.77464294433594,5219700
2024-09-13,252.5399932861328,256.8299865722656,252.4499969482422,254.57000732421875,250.95765686035156,4998900
2024-09-16,254.57000732421875,257.80999755859375,254.57000732421875,256.9100036621094,253.26443481445312,5367000
2024-09-17,258.7200012207031,259.3699951171875,254.75999450683594,255.19000244140625,251.56883239746094,5423400
2024-09-18,256.0,256.1199951171875,250.9600067138672,252.42999267578125,249.23867797851562,4436700
2024-09-19,260.7200012207031,269.5400085449219,258.04998779296875,265.989990234375,262.62725830078125,11022800
2024-09-20,266.010009765625,270.32000732421875,261.32000732421875,266.79998779296875,263.427001953125,11463200
2024-09-23,267.25,268.05999755859375,262.239990234375,264.2099914550781,260.8697204589844,6034000
2024-09-24,269.8299865722656,272.4599914550781,266.2900085449219,270.44000244140625,267.02099609375,7154500
2024-09-25,270.45001220703125,277.04998779296875,269.3800048828125,274.0899963378906,270.62481689453125,7920000
2024-09-26,276.1300048828125,278.6400146484375,272.7099914550781,275.760009765625,272.27374267578125,5253400
2024-09-27,276.260009765625,277.8399963378906,275.05999755859375,276.6400146484375,273.14263916015625,5220100
2024-09-30,273.95001220703125,275.739990234375,269.1400146484375,273.7099914550781,270.2496337890625,5059700
2024-10-01,274.1400146484375,274.70001220703125,269.69000244140625,270.8699951171875,267.445556640625,4369900
2024-10-02,273.7200012207031,282.0,270.8500061035156,279.4800109863281,275.94671630859375,8512300
2024-10-03,278.989990234375,281.1199951171875,277.7300109863281,280.9100036621094,277.3586120605469,3868400
2024-10-04,283.8599853515625,287.8900146484375,281.4700012207031,287.75,284.1121520996094,6129900
2024-10-07,286.5799865722656,288.1700134277344,283.3800048828125,284.57000732421875,280.97235107421875,4794700
2024-10-08,286.0,292.6300048828125,284.1000061035156,291.57000732421875,287.8838195800781,5211200
2024-10-09,290.82000732421875,291.57000732421875,287.0799865722656,287.9200134277344,284.2799987792969,4851000
2024-10-10,287.9200134277344,290.2300109863281,284.6199951171875,290.1700134277344,286.5015563964844,3965500
2024-10-11,289.2099914550781,290.239990234375,286.29998779296875,288.1000061035156,284.45770263671875,3597000
2024-10-14,289.9200134277344,292.45001220703125,288.25,291.6400146484375,287.9530029296875,3642500
2024-10-15,293.4599914550781,293.5799865722656,288.0,288.3500061035156,284.70458984375,3850800
2024-10-16,287.54998779296875,290.9200134277344,284.2300109863281,290.8599853515625,287.1827697753906,3497000
2024-10-17,291.9599914550781,293.3399963378906,290.1000061035156,291.1099853515625,287.4296569824219,2830000
2024-10-18,292.0400085449219,294.7099914550781,290.1499938964844,292.94000244140625,289.2365417480469,3087900
2024-10-21,289.0,292.9200134277344,288.0400085449219,291.2900085449219,287.6073913574219,2712600
2024-10-22,289.75,291.94000244140625,287.6499938964844,288.3299865722656,284.6847839355469,3100100
2024-10-23,287.7300109863281,288.29998779296875,282.6199951171875,284.42999267578125,280.8341064453125,3227100
2024-10-24,286.55999755859375,288.9100036621094,285.17999267578125,286.760009765625,283.1346435546875,3210700
2024-10-25,290.0,294.3800048828125,288.8299865722656,290.4599914550781,286.7878723144531,3351200
2024-10-28,293.6000061035156,296.07000732421875,292.489990234375,293.7699890136719,290.0559997558594,3867800
2024-10-29,294.0,300.6000061035156,292.80999755859375,298.8900146484375,295.1113586425781,4280700
2024-10-30,297.07000732421875,299.5400085449219,296.3500061035156,296.3999938964844,292.65277099609375,2826500
2024-10-31,292.6000061035156,296.0899963378906,289.54998779296875,291.3699951171875,287.68634033203125,4301800
2024-11-01,290.2300109863281,296.989990234375,290.0,294.7200012207031,290.9940490722656,3527500
2024-11-04,297.989990234375,300.17999267578125,292.9200134277344,298.010009765625,294.242431640625,5107900
2024-11-05,297.44000244140625,298.80999755859375,294.739990234375,297.489990234375,293.7289733886719,4456100
2024-11-06,305.0,308.55999755859375,303.07000732421875,306.8999938964844,303.02001953125,5874900
2024-11-07,307.5,312.19000244140625,306.0,310.7799987792969,306.85101318359375,5722600
2024-11-08,310.0299987792969,322.80999755859375,309.44000244140625,321.95001220703125,317.87982177734375,8485000
2024-11-11,325.25,344.8800048828125,325.25,341.7300109863281,337.40972900390625,13954200
2024-11-12,339.2900085449219,348.8599853515625,338.510009765625,341.1499938964844,336.8370361328125,7659700
2024-11-13,345.5,348.19000244140625,338.7699890136719,341.7200012207031,337.3998107910156,6902900
2024-11-14,342.44000244140625,346.0,330.82000732421875,331.6499938964844,327.4571228027344,7630600
2024-11-15,326.92999267578125,330.260009765625,324.17999267578125,325.260009765625,321.14794921875,7093000
2024-11-18,327.0,327.0,320.2099914550781,322.25,318.1759948730469,4250400
2024-11-19,319.0,324.70001220703125,316.0,323.42999267578125,319.3410339355469,5469900
2024-11-20,325.2900085449219,327.260009765625,322.010009765625,325.70001220703125,321.5823669433594,3763500
2024-11-21,331.3500061035156,342.94000244140625,328.6000061035156,335.7799987792969,331.534912109375,8364200
2024-11-22,338.95001220703125,342.80999755859375,335.7799987792969,342.0199890136719,337.696044921875,5649400
2024-11-25,345.0,347.8500061035156,338.2900085449219,339.1099853515625,334.8228454589844,7117200
2024-11-26,341.9800109863281,343.80999755859375,339.1400146484375,343.17999267578125,338.84136962890625,4492800
2024-11-27,336.4599914550781,337.3800048828125,328.8800048828125,330.010009765625,325.8379211425781,7471500
2024-11-29,329.3399963378906,331.989990234375,327.25,329.989990234375,325.8181457519531,3517600
2024-12-02,332.0,334.5,330.1099853515625,331.010009765625,326.8252258300781,6063400
2024-12-03,327.3999938964844,332.79998779296875,323.6499938964844,331.42999267578125,327.23992919921875,12632400
2024-12-04,366.80999755859375,369.0,356.6499938964844,367.8699951171875,363.21923828125,24733100
2024-12-05,360.7799987792969,365.45001220703125,356.6700134277344,361.3800048828125,356.8113098144531,10942100
2024-12-06,364.989990234375,367.1499938964844,361.0899963378906,361.989990234375,357.41357421875,5738900
2024-12-09,361.70001220703125,361.70001220703125,350.7900085449219,351.57000732421875,347.1253356933594,6475000
2024-12-10,351.3500061035156,355.489990234375,347.42999267578125,348.82000732421875,344.41009521484375,6033000
2024-12-11,353.489990234375,360.20001220703125,351.8800048828125,354.8500061035156,350.36383056640625,7546600
2024-12-12,355.0,360.0,352.9200134277344,358.0299987792969,353.503662109375,5422000
2024-12-13,364.0,364.79998779296875,352.5,354.30999755859375,349.8306884765625,5538000
2024-12-16,350.7799987792969,358.07000732421875,350.55999755859375,357.2300109863281,352.7137756347656,5482300
2024-12-17,356.8999938964844,357.2300109863281,349.1099853515625,350.9700012207031,346.53289794921875,6911000
2024-12-18,354.5,354.7699890136719,335.239990234375,337.2300109863281,333.3465576171875,8400000
2024-12-19,341.70001220703125,343.5299987792969,335.42999267578125,336.2300109863281,332.3580017089844,7423400
2024-12-20,332.739990234375,346.45001220703125,331.1400146484375,343.6499938964844,339.69256591796875,14932300
2024-12-23,342.25,343.8500061035156,336.67999267578125,342.8999938964844,338.9512023925781,5330300
2024-12-24,343.0,344.95001220703125,340.8299865722656,344.42999267578125,340.46356201171875,1811000
2024-12-26,344.8800048828125,344.8800048828125,341.0299987792969,341.7200012207031,337.7847900390625,3483300
2024-12-27,340.3500061035156,342.2699890136719,335.2699890136719,338.45001220703125,334.552490234375,3220400
2024-12-30,333.4700012207031,338.1099853515625,331.6099853515625,335.739990234375,331.8736572265625,3411100
2024-12-31,336.2699890136719,337.1499938964844,332.4100036621094,334.3299865722656,330.4798583984375,3026000
2025-01-02,336.30999755859375,338.9200134277344,327.80999755859375,330.6600036621094,326.8521728515625,4807100
2025-01-03,332.1000061035156,333.44000244140625,329.2699890136719,332.8999938964844,329.0663757324219,4101200
2025-01-06,334.0199890136719,336.6000061035156,327.2799987792969,330.5299987792969,326.7236633300781,5785300
2025-01-07,330.5,331.5,322.9100036621094,324.92999267578125,321.1881408691406,4643100
2025-01-08,327.739990234375,328.79998779296875,323.1099853515625,326.8999938964844,323.13543701171875,3788200
2025-01-10,322.7699890136719,322.7699890136719,316.0199890136719,317.8500061035156,314.1897277832031,6540000
2025-01-13,314.6000061035156,320.54998779296875,313.79998779296875,319.07000732421875,315.3956298828125,4583000
2025-01-14,325.0,329.94000244140625,321.5,323.5400085449219,319.81414794921875,5935200
2025-01-15,329.8800048828125,331.5299987792969,320.7799987792969,321.1600036621094,317.46160888671875,6042700
2025-01-16,322.94000244140625,327.7200012207031,319.54998779296875,320.0,316.3149108886719,5047700
2025-01-17,328.7200012207031,329.57000732421875,323.07000732421875,324.55999755859375,320.8224182128906,6303600
2025-01-21,329.3999938964844,329.5199890136719,322.45001220703125,326.8399963378906,323.076171875,6397200
2025-01-22,331.25,335.2300109863281,327.2799987792969,332.6199951171875,328.7895812988281,7259300
2025-01-23,332.3299865722656,335.4599914550781,329.6000061035156,334.6600036621094,330.8061218261719,4355900
2025-01-24,336.29998779296875,338.6499938964844,331.7900085449219,333.8800048828125,330.03509521484375,3299100
2025-01-27,332.3599853515625,353.1499938964844,330.5,347.1000061035156,343.10284423828125,15661100
2025-01-28,354.7699890136719,367.0899963378906,350.4599914550781,359.95001220703125,355.8049011230469,12099300
2025-01-29,358.760009765625,360.17999267578125,351.5,354.0,349.92340087890625,6266700
2025-01-30,340.8999938964844,348.0,340.0,343.57000732421875,339.6134948730469,7591100
2025-01-31,348.0,349.5,340.1000061035156,341.70001220703125,337.76507568359375,5778000
2025-02-03,335.9700012207031,341.4599914550781,331.260009765625,339.239990234375,335.3333435058594,4549400
2025-02-04,345.6199951171875,346.92999267578125,338.6700134277344,344.1400146484375,340.1769104003906,4965600
2025-02-05,345.7200012207031,348.0400085449219,338.8699951171875,347.92999267578125,343.92327880859375,4521000
2025-02-06,337.4800109863281,337.4800109863281,329.1000061035156,330.80999755859375,327.0003967285156,13240600
2025-02-07,332.0,333.82000732421875,323.7200012207031,325.8299865722656,322.0777587890625,7626100
2025-02-10,327.9200134277344,331.75,326.6499938964844,327.20001220703125,323.4320068359375,5981900
2025-02-11,324.0199890136719,326.44000244140625,321.260009765625,324.3999938964844,320.6642150878906,5455900
2025-02-12,319.54998779296875,327.0,316.9700012207031,326.1199951171875,322.3644714355469,5643400
2025-02-13,326.20001220703125,330.3500061035156,323.2200012207031,329.8500061035156,326.0515441894531,4312100
2025-02-14,328.0299987792969,328.5,322.6199951171875,326.5400085449219,322.7796630859375,5879700
2025-02-18,328.5899963378906,329.1600036621094,323.0,328.9599914550781,325.17169189453125,5262100
2025-02-19,329.739990234375,329.739990234375,322.8699951171875,324.5299987792969,320.7927551269531,5012000
2025-02-20,322.239990234375,324.45001220703125,318.2099914550781,318.42999267578125,314.7630310058594,6393100
2025-02-21,318.9700012207031,318.9700012207031,306.8599853515625,309.79998779296875,306.232421875,7353200
2025-02-24,311.510009765625,312.7300109863281,303.5199890136719,308.32000732421875,304.7694396972656,6652900
2025-02-25,306.25,308.4200134277344,300.6199951171875,305.8800048828125,302.3575744628906,7360100
2025-02-26,312.6600036621094,313.70001220703125,306.45001220703125,307.3299865722656,303.79083251953125,12638500
2025-02-27,296.3399963378906,304.9200134277344,292.6700134277344,294.8999938964844,291.50396728515625,16691400
2025-02-28,295.9599914550781,301.9800109863281,292.1499938964844,297.8500061035156,294.4200439453125,10863100
2025-03-03,301.0,303.07000732421875,291.05999755859375,293.05999755859375,289.6851501464844,6298200
2025-03-04,290.0,291.6499938964844,282.239990234375,287.3399963378906,284.0310363769531,9096300
2025-03-05,287.2200012207031,292.67999267578125,285.6199951171875,291.9700012207031,288.60772705078125,6612600
2025-03-06,288.2300109863281,298.0799865722656,284.8299865722656,286.04998779296875,282.7558898925781,10396800
2025-03-07,283.17999267578125,288.30999755859375,275.1700134277344,282.8900146484375,279.63232421875,8248100
2025-03-10,276.9700012207031,278.3500061035156,270.7200012207031,272.8999938964844,269.7572937011719,10040200
2025-03-11,273.7200012207031,280.45001220703125,272.0,277.04998779296875,273.8595275878906,8313400
2025-03-12,281.8500061035156,285.92999267578125,279.0899963378906,284.5799865722656,281.30279541015625,7463900
2025-03-13,282.04998779296875,282.55999755859375,269.75,271.739990234375,268.61065673828125,9494500
2025-03-14,275.0,279.8900146484375,272.67999267578125,279.3999938964844,276.1824645996094,6976900
2025-03-17,277.3699951171875,282.7300109863281,276.0799865722656,280.75,277.5169372558594,4484300
2025-03-18,280.0199890136719,280.5,275.94000244140625,278.7300109863281,275.5202331542969,5881700
2025-03-19,277.5,282.2200012207031,277.2900085449219,279.3900146484375,276.1726379394531,5245400
2025-03-20,277.05999755859375,282.8800048828125,277.05999755859375,279.0299987792969,275.8167419433594,5504700
2025-03-21,276.2099914550781,281.8500061035156,274.04998779296875,280.6199951171875,277.3883972167969,9804100
2025-03-24,283.739990234375,286.760009765625,283.2200012207031,285.9599914550781,282.66693115234375,6763800
2025-03-25,285.6099853515625,290.45001220703125,285.6099853515625,288.6099853515625,285.286376953125,4301700
2025-03-26,288.3399963378906,289.0400085449219,279.5799865722656,280.989990234375,277.754150390625,5070300
2025-03-27,280.5400085449219,280.8999938964844,276.010009765625,277.80999755859375,274.6107482910156,3757200
2025-03-28,276.7099914550781,277.2099914550781,269.19000244140625,269.9700012207031,266.861083984375,4973400
2025-03-31,264.54998779296875,268.45001220703125,259.19000244140625,268.3599853515625,265.2695617675781,7585800
2025-04-01,268.8599853515625,270.82000732421875,265.82000732421875,270.20001220703125,267.0884094238281,4598200
2025-04-02,265.9599914550781,273.6300048828125,265.75,271.5400085449219,268.4129943847656,5396900
2025-04-03,260.1400146484375,262.57000732421875,254.4499969482422,255.22999572753906,252.2908172607422,8872600
2025-04-04,247.6999969482422,250.2899932861328,239.52999877929688,240.75999450683594,237.98744201660156,9705000
2025-04-07,230.0,252.9499969482422,230.0,244.2100067138672,241.39773559570312,11965200
2025-04-08,253.9499969482422,257.3900146484375,240.27000427246094,243.99000549316406,241.1802520751953,9340300
2025-04-09,240.89999389648438,268.1700134277344,240.89999389648438,265.1700134277344,262.1163330078125,12491100
2025-04-10,260.0,261.239990234375,248.1300048828125,255.1199951171875,252.57830810546875,9692300
2025-04-11,254.27000427246094,256.4100036621094,247.67999267578125,255.0,252.4595184326172,6089000
2025-04-14,260.0,260.0,253.13999938964844,254.5500030517578,252.01400756835938,6038100
2025-04-15,254.3699951171875,256.7200012207031,253.8000030517578,254.92999267578125,252.39022827148438,5227700
2025-04-16,251.92999267578125,256.6099853515625,246.69000244140625,249.83999633789062,247.3509063720703,7190900
2025-04-17,249.77000427246094,251.55999755859375,246.8000030517578,247.25999450683594,244.79661560058594,5566900
2025-04-21,240.42999267578125,242.47999572753906,232.77000427246094,236.25999450683594,233.90621948242188,9240000
2025-04-22,238.22999572753906,244.22000122070312,235.60000610351562,243.38999938964844,240.96517944335938,7145300
2025-04-23,252.61000061035156,257.7900085449219,249.5,250.47999572753906,247.98452758789062,5818900
2025-04-24,258.20001220703125,264.9800109863281,257.0,264.70001220703125,262.0628967285156,7857600
2025-04-25,264.7200012207031,269.0299987792969,264.20001220703125,267.8500061035156,265.1814880371094,5651700
2025-04-28,268.1499938964844,269.5,263.3299865722656,265.6400146484375,262.9935302734375,4977700
2025-04-29,265.3999938964844,268.5799865722656,265.1700134277344,267.760009765625,265.0923767089844,3139800
2025-04-30,264.79998779296875,268.8699951171875,263.0,268.7099914550781,266.03289794921875,4624100
2025-05-01,273.3999938964844,274.6000061035156,269.0,269.3299865722656,266.6467590332031,5208900
2025-05-02,274.4599914550781,276.32000732421875,272.25,275.0799865722656,272.3394470214844,4323400
2025-05-05,273.3699951171875,276.1700134277344,272.30999755859375,272.6300048828125,269.91387939453125,4219600
2025-05-06,269.82000732421875,274.79998779296875,268.5400085449219,273.3599853515625,270.6366271972656,4681600
2025-05-07,273.7099914550781,278.7900085449219,273.7099914550781,278.2300109863281,275.4581298828125,4267600
2025-05-08,279.2099914550781,283.04998779296875,278.3800048828125,279.739990234375,276.9530029296875,4789900
2025-05-09,281.6199951171875,282.4800109863281,273.8800048828125,275.4200134277344,272.6761169433594,4324200
2025-05-12,285.0,288.9700012207031,283.2300109863281,288.82000732421875,285.94256591796875,5937400
2025-05-13,291.0,292.739990234375,288.92999267578125,289.1700134277344,286.28912353515625,6711600
2025-05-14,293.5,296.04998779296875,289.260009765625,290.739990234375,287.8434143066406,7926200
2025-05-15,289.57000732421875,291.9700012207031,287.95001220703125,290.760009765625,287.8632507324219,4635600
2025-05-16,291.0899963378906,292.1700134277344,289.7200012207031,291.1499938964844,288.2493896484375,3846000
2025-05-19,288.1000061035156,289.8999938964844,286.9100036621094,287.6300048828125,284.7644348144531,5781200
2025-05-20,288.0899963378906,288.44000244140625,285.2099914550781,288.05999755859375,285.1901550292969,4032300
2025-05-21,284.4100036621094,287.6300048828125,281.1099853515625,282.2799987792969,279.46771240234375,5689800
2025-05-22,282.5,286.3500061035156,281.0299987792969,283.4200134277344,280.5964050292969,6642700
2025-05-23,279.0,280.739990234375,271.6499938964844,273.1300048828125,270.4089050292969,8887800
2025-05-27,273.1700134277344,278.5799865722656,270.2900085449219,277.19000244140625,274.428466796875,10958000
2025-05-28,277.7099914550781,278.80999755859375,273.5799865722656,276.0299987792969,273.2799987792969,12758600
2025-05-29,263.5899963378906,267.7900085449219,254.5,266.9200134277344,264.26080322265625,28053100
2025-05-30,268.0799865722656,269.739990234375,260.70001220703125,265.3699951171875,262.7261962890625,12388500
2025-06-02,263.1099853515625,263.7900085449219,259.1400146484375,261.6199951171875,259.0135498046875,9213500
2025-06-03,262.0,264.75,261.3599853515625,264.4700012207031,261.8351745605469,7838500
2025-06-04,264.19000244140625,265.5,261.6199951171875,263.1700134277344,260.5481262207031,7372500
2025-06-05,263.7099914550781,268.75,263.6400146484375,267.1400146484375,264.47857666015625,8642900
2025-06-06,269.9700012207031,274.8999938964844,268.2099914550781,274.510009765625,271.775146484375,7507000
2025-06-09,272.8500061035156,274.20001220703125,269.6600036621094,272.25,269.53765869140625,5728300
2025-06-10,272.07000732421875,273.75,266.8399963378906,268.2200012207031,265.5478210449219,6309700
2025-06-11,268.5,269.510009765625,265.4100036621094,265.9100036621094,263.2608642578125,6568100
2025-06-12,264.70001220703125,269.0199890136719,263.3999938964844,266.9100036621094,264.2508850097656,8054000
2025-06-13,263.4800109863281,265.70001220703125,258.0,258.3999938964844,255.82565307617188,7659300
2025-06-16,260.3900146484375,263.9800109863281,259.9599914550781,263.8800048828125,261.25103759765625,7177000
2025-06-17,263.8500061035156,270.5,262.1000061035156,262.760009765625,260.1422119140625,9110100
2025-06-18,264.79998779296875,265.0799865722656,257.4700012207031,259.5,257.3221130371094,7628000
2025-06-20,260.69000244140625,262.8699951171875,259.260009765625,260.6300048828125,258.44256591796875,12859200
2025-06-23,260.6400146484375,264.739990234375,258.75,263.4100036621094,261.1993103027344,9283800
2025-06-24,265.7099914550781,273.3800048828125,265.44000244140625,271.1700134277344,268.8941650390625,9713900
2025-06-25,272.0,274.0,266.9800109863281,267.760009765625,265.51275634765625,6074300
2025-06-26,268.7799987792969,271.010009765625,265.1600036621094,270.739990234375,268.4677429199219,6708000
2025-06-27,271.8599853515625,274.1700134277344,269.42999267578125,273.4200134277344,271.12530517578125,21741400
2025-06-30,274.4599914550781,276.3800048828125,270.3999938964844,272.69000244140625,270.4013671875,8541900
2025-07-01,272.0799865722656,274.0,270.6400146484375,271.9100036621094,269.6279602050781,6256800
2025-07-02,271.5199890136719,271.7099914550781,265.6499938964844,269.2099914550781,266.9505615234375,6115200
2025-07-03,269.70001220703125,274.7300109863281,269.32000732421875,272.1499938964844,269.86590576171875,5031800
2025-07-07,271.510009765625,274.0,268.2099914550781,269.79998779296875,267.53564453125,6283500
2025-07-08,270.7900085449219,276.79998779296875,269.7300109863281,273.6499938964844,271.35333251953125,6661200
2025-07-09,274.3599853515625,275.55999755859375,269.3699951171875,270.9200134277344,268.646240234375,6373600
2025-07-10,270.8999938964844,271.489990234375,263.2099914550781,263.9700012207031,261.75457763671875,7244600
2025-07-11,262.5799865722656,262.95001220703125,257.260009765625,258.07000732421875,255.90408325195312,7011200
2025-07-14,258.6000061035156,262.2300109863281,257.5,259.67999267578125,257.50054931640625,6533900
2025-07-15,261.0,261.80999755859375,257.2300109863281,257.5799865722656,255.41819763183594,5201500
2025-07-16,258.92999267578125,258.9800109863281,254.52000427246094,257.95001220703125,255.78512573242188,5649500
2025-07-17,257.989990234375,260.20001220703125,256.6499938964844,259.8800048828125,257.69891357421875,5837400
2025-07-18,260.29998779296875,262.9800109863281,259.1199951171875,262.3800048828125,260.17791748046875,6381200
2025-07-21,263.6199951171875,264.30999755859375,261.6400146484375,262.2799987792969,260.0787353515625,6714700
2025-07-22,263.0,265.8900146484375,262.0,263.5899963378906,261.37774658203125,5001400
2025-07-23,263.9200134277344,268.4800109863281,262.5,267.2200012207031,264.977294921875,5620700
2025-07-24,267.9800109863281,269.29998779296875,265.6400146484375,267.70001220703125,265.4532775878906,5877100
2025-07-25,268.010009765625,271.1000061035156,267.010009765625,269.1099853515625,266.8514404296875,4015400
2025-07-28,269.5,270.3399963378906,266.5899963378906,270.25,267.98187255859375,4533700
2025-07-29,271.6000061035156,274.0,267.30999755859375,267.3900146484375,265.1458740234375,5137100
2025-07-30,266.8699951171875,267.7699890136719,263.3299865722656,264.80999755859375,262.5875244140625,3928200
2025-07-31,265.0,265.0400085449219,257.8599853515625,258.3299865722656,256.161865234375,7340300
2025-08-01,254.99000549316406,255.99000549316406,250.1300048828125,250.74000549316406,248.63560485839844,7646900
2025-08-04,251.0,253.5,250.63999938964844,252.32000732421875,250.2023468017578,4403500
2025-08-05,253.00999450683594,253.2899932861328,247.00999450683594,247.49000549316406,245.4128875732422,6761000
2025-08-06,249.3699951171875,250.25999450683594,247.02000427246094,249.1699981689453,247.07876586914062,5834700
2025-08-07,250.69000244140625,253.00999450683594,236.97000122070312,240.8800048828125,238.85836791992188,10010200
2025-08-08,241.2899932861328,242.9499969482422,237.8300018310547,240.50999450683594,238.49143981933594,8812000
2025-08-11,238.9199981689453,241.8699951171875,231.57000732421875,232.67999267578125,230.7271728515625,10740100
2025-08-12,233.0,233.6699981689453,226.47999572753906,231.66000366210938,229.7157440185547,13178000
2025-08-13,233.00999450683594,237.35000610351562,229.61000061035156,237.02999877929688,235.04066467285156,10209200
2025-08-14,237.0,237.0,232.8699951171875,233.3699951171875,231.41136169433594,7544800
2025-08-15,236.14999389648438,244.5,234.6300048828125,242.44000244140625,240.4052734375,12942800
2025-08-18,239.77000427246094,244.52000427246094,239.49000549316406,243.97000122070312,241.9224395751953,8809200
2025-08-19,245.0,248.5,243.4499969482422,246.0,243.9353790283203,8642200
2025-08-20,245.6999969482422,247.57000732421875,244.4499969482422,246.4499969482422,244.381591796875,8195100
2025-08-21,245.0399932861328,246.2899932861328,240.02000427246094,245.8300018310547,243.76681518554688,5646800
2025-08-22,245.77999877929688,249.52999877929688,244.11000061035156,248.2899932861328,246.20614624023438,6694300
2025-08-25,249.3699951171875,249.3699951171875,246.7899932861328,247.8699951171875,245.78968811035156,4957700
2025-08-26,246.6999969482422,248.8300018310547,242.85000610351562,243.74000549316406,241.69435119628906,8862300
2025-08-27,245.75,250.3699951171875,245.61000061035156,250.16000366210938,248.0604705810547,6506900
2025-08-28,252.47999572753906,255.64999389648438,250.2899932861328,254.52999877929688,252.393798828125,8461200
2025-08-29,255.39999389648438,257.6400146484375,252.8699951171875,256.25,254.099365234375,7363200
2025-09-02,254.82000732421875,254.99000549316406,248.75,252.86000061035156,250.73780822753906,9312500
2025-09-03,255.05999755859375,258.0,250.5500030517578,256.45001220703125,254.2976837158203,17417900
2025-09-04,240.05999755859375,245.22000122070312,234.6199951171875,244.00999450683594,241.96206665039062,30967500
2025-09-05,244.8300018310547,251.1300048828125,244.36000061035156,250.75999450683594,248.65541076660156,13029400
2025-09-08,250.8000030517578,252.94000244140625,247.3000030517578,252.27000427246094,250.15277099609375,12602200
2025-09-09,251.32000732421875,255.33999633789062,251.2100067138672,252.05999755859375,249.9445343017578,10901900
2025-09-10,252.75,253.99000549316406,241.72999572753906,242.57000732421875,240.5341796875,11363600
2025-09-11,243.6999969482422,247.1699981689453,243.5,246.27999877929688,244.21304321289062,6944900
2025-09-12,246.10000610351562,247.58999633789062,241.25,242.75999450683594,240.7225799560547,8386400
2025-09-15,243.25,244.7100067138672,240.83999633789062,242.52000427246094,240.48460388183594,7244600
2025-09-16,242.52000427246094,242.67999267578125,237.24000549316406,239.30999755859375,237.30152893066406,8779800
2025-09-17,239.97000122070312,243.0,239.3800048828125,242.2100067138672,240.59544372558594,10124000
2025-09-18,244.16000366210938,247.2899932861328,242.9499969482422,244.27999877929688,242.651611328125,9344400
2025-09-19,246.02000427246094,247.1999969482422,243.35000610351562,247.08999633789062,245.44288635253906,11813900
2025-09-22,245.27999877929688,250.47999572753906,243.16000366210938,249.69000244140625,248.02557373046875,7523800
2025-09-23,249.74000549316406,251.36000061035156,244.1300048828125,244.55999755859375,242.92974853515625,7669800
2025-09-24,245.6699981689453,248.83999633789062,243.00999450683594,245.88999938964844,244.25088500976562,6707100
2025-09-25,244.5,244.66000366210938,239.49000549316406,240.9499969482422,239.34381103515625,8145500
2025-09-26,240.69000244140625,244.52999877929688,240.35000610351562,243.42999267578125,241.8072967529297,4974600
2025-09-29,244.72000122070312,245.82000732421875,242.8699951171875,245.10000610351562,243.46615600585938,6373500
2025-09-30,245.0500030517578,245.2100067138672,235.80999755859375,237.0,235.42015075683594,10801100
2025-10-01,236.49000549316406,242.47000122070312,233.50999450683594,235.69000244140625,234.118896484375,10016600
2025-10-02,235.42999267578125,239.39999389648438,233.60000610351562,238.8800048828125,237.28762817382812,7679200
2025-10-03,238.75,242.80999755859375,238.5,240.36000061035156,238.75775146484375,8849800
2025-10-06,239.3300018310547,250.47000122070312,235.41000366210938,245.77999877929688,244.14161682128906,13922600
2025-10-07,246.47999572753906,247.36000061035156,237.5500030517578,239.74000549316406,238.14187622070312,8387400
2025-10-08,239.74000549316406,241.32000732421875,235.64999389648438,240.42999267578125,238.82728576660156,7120200
2025-10-09,239.27000427246094,245.9600067138672,237.14999389648438,245.3300018310547,243.6946258544922,7929100
2025-10-10,246.52000427246094,249.0500030517578,240.72000122070312,241.67999267578125,240.06895446777344,7988300
2025-10-13,242.88999938964844,249.35000610351562,242.3699951171875,248.75,247.09182739257812,8276500
2025-10-14,248.11000061035156,248.27999877929688,239.5500030517578,239.77000427246094,238.1716766357422,9123900
2025-10-15,240.8699951171875,241.32000732421875,235.89999389648438,236.5800018310547,235.00296020507812,8389200
2025-10-16,253.19000244140625,256.739990234375,242.6699981689453,246.0,244.36016845703125,24869700
2025-10-17,246.57000732421875,250.77999877929688,242.16000366210938,243.0800018310547,241.45962524414062,10851200
2025-10-20,245.0,255.39999389648438,244.3000030517578,254.27999877929688,252.5849609375,9963900
2025-10-21,254.5,267.1300048828125,254.0,263.4100036621094,261.65411376953125,13354700
2025-10-22,262.20001220703125,262.3999938964844,256.510009765625,256.6400146484375,254.9292449951172,9370000
2025-10-23,257.6000061035156,258.55999755859375,254.1199951171875,255.0500030517578,253.34983825683594,6110100
2025-10-24,257.4200134277344,258.5,254.0,254.8300018310547,253.1313018798828,5490800
2025-10-27,257.0799865722656,258.1000061035156,254.9199981689453,255.47000122070312,253.76702880859375,4942400
2025-10-28,255.47000122070312,258.8399963378906,254.13999938964844,254.25999450683594,252.56509399414062,6435600
2025-10-29,252.0,253.57000732421875,249.0399932861328,251.4600067138672,249.7837677001953,7904200
2025-10-30,250.5,259.2799987792969,250.0,256.6499938964844,254.9391632080078,7767800
2025-10-31,254.8000030517578,261.82000732421875,252.6300048828125,260.4100036621094,258.6741027832031,6878300
2025-11-03,260.0,261.55999755859375,255.10000610351562,261.3399963378906,259.597900390625,7054300
2025-11-04,258.1499938964844,259.260009765625,253.4600067138672,254.44000244140625,252.743896484375,6792200
2025-11-05,254.6999969482422,256.8299865722656,252.00999450683594,252.67999267578125,250.99562072753906,5241200
2025-11-06,250.5399932861328,250.5399932861328,234.47999572753906,239.27000427246094,237.67503356933594,11041800
2025-11-07,236.14999389648438,240.97000122070312,235.7899932861328,239.8800048828125,238.28097534179688,5741500
2025-11-10,240.0,241.91000366210938,235.0800018310547,241.7100067138672,240.0987548828125,6486600
2025-11-11,241.89999389648438,245.6999969482422,241.16000366210938,244.5,242.87014770507812,5762800
2025-11-12,245.74000549316406,248.42999267578125,243.67999267578125,246.02000427246094,244.38003540039062,4278200
2025-11-13,245.25,245.89999389648438,239.91000366210938,240.42999267578125,238.82728576660156,5542100
2025-11-14,238.30999755859375,245.17999267578125,237.4199981689453,243.66000366210938,242.0357666015625,5512900
2025-11-17,242.07000732421875,242.8300018310547,235.58999633789062,237.02999877929688,235.44993591308594,5280900
2025-11-18,236.24000549316406,237.7899932861328,230.27000427246094,233.5,231.9434814453125,8045100
2025-11-19,232.0,232.27999877929688,225.05999755859375,227.8800048828125,226.36094665527344,9710700
2025-11-20,229.25,231.07000732421875,223.3000030517578,225.3699951171875,223.86767578125,7521100
2025-11-21,224.86000061035156,228.67999267578125,221.9600067138672,227.11000061035156,225.59608459472656,7479300
2025-11-24,227.33999633789062,228.83999633789062,225.0399932861328,226.82000732421875,225.30801391601562,8563300
2025-11-25,226.8000030517578,234.6300048828125,226.52000427246094,234.1199951171875,232.55934143066406,10233000
2025-11-26,230.50999450683594,232.82000732421875,226.0,228.14999389648438,226.62913513183594,8506600
2025-11-28,229.0,232.55999755859375,228.6300048828125,230.5399932861328,229.00320434570312,3691500
2025-12-01,228.6699981689453,234.25,228.60000610351562,232.8300018310547,231.2779541015625,5634700
2025-12-02,233.02000427246094,236.64999389648438,231.6199951171875,234.7100067138672,233.1454315185547,7626200
2025-12-03,235.36000061035156,239.25999450683594,233.16000366210938,238.72000122070312,237.12869262695312,13782000
2025-12-04,243.69000244140625,248.97000122070312,237.60000610351562,247.4600067138672,245.8104248046875,20912100
2025-12-05,250.8300018310547,261.8800048828125,249.5,260.57000732421875,258.8330383300781,15852400
2025-12-08,261.8800048828125,264.2799987792969,256.3399963378906,259.5299987792969,257.7999572753906,10805400
2025-12-09,260.0,262.25,259.0,261.0199890136719,259.280029296875,8045900
2025-12-10,260.75,265.92999267578125,259.1499938964844,264.20001220703125,262.4388427734375,8894700
2025-12-11,263.5,267.8999938964844,260.7699890136719,262.3500061035156,260.6011657714844,7783800
2025-12-12,263.5199890136719,264.489990234375,260.9100036621094,262.2300109863281,260.4819641113281,6006600
2025-12-15,261.2099914550781,262.2799987792969,253.08999633789062,254.5800018310547,252.88296508789062,10271800
2025-12-16,254.0,255.86000061035156,252.11000061035156,254.91000366210938,253.21075439453125,6145300
2025-12-17,256.3299865722656,261.9700012207031,256.25,258.1400146484375,256.41925048828125,6269000
2025-12-18,258.4200134277344,260.07000732421875,256.1600036621094,257.8500061035156,256.54461669921875,5654200
2025-12-19,260.67999267578125,262.0400085449219,255.5,259.9100036621094,258.59417724609375,20732100
2025-12-22,260.6199951171875,264.6300048828125,258.4100036621094,264.6300048828125,263.290283203125,5664200
2025-12-23,262.7200012207031,264.239990234375,260.5199890136719,263.42999267578125,262.0963439941406,4745100
2025-12-24,263.2300109863281,266.29998779296875,262.54998779296875,265.260009765625,263.9170837402344,2076600
2025-12-26,264.79998779296875,267.9100036621094,264.79998779296875,266.0799865722656,264.73291015625,2456400
2025-12-29,264.7099914550781,269.1099853515625,264.7099914550781,266.2300109863281,264.8821716308594,4300100
2025-12-30,266.6600036621094,268.2799987792969,265.3299865722656,265.9200134277344,264.5737609863281,3291800
2025-12-31,265.2900085449219,266.1000061035156,264.3900146484375,264.9100036621094,263.56884765625,3367900
2026-01-02,265.0,265.3800048828125,252.47999572753906,253.6199951171875,252.3360137939453,9680600
2026-01-05,253.6199951171875,259.5899963378906,252.30999755859375,256.260009765625,254.962646484375,6421500
2026-01-06,255.1999969482422,263.54998779296875,255.0,262.8999938964844,261.56903076171875,6103300
2026-01-07,263.5,267.8299865722656,263.5,266.1199951171875,264.772705078125,5976200
2026-01-08,264.3999938964844,265.20001220703125,260.4100036621094,260.5299987792969,259.2110290527344,5243500
2026-01-09,260.0,261.0299987792969,256.510009765625,259.94000244140625,258.6240234375,5174400
2026-01-12,259.0,261.55999755859375,255.77000427246094,259.3999938964844,258.08673095703125,4927700
2026-01-13,257.6600036621094,260.9100036621094,240.36000061035156,241.05999755859375,239.839599609375,13661000
2026-01-14,239.17999267578125,242.24000549316406,236.4600067138672,239.57000732421875,238.35714721679688,10149300
2026-01-15,237.02000427246094,238.83999633789062,231.6699981689453,233.52999877929688,232.34771728515625,11489600
2026-01-16,232.9499969482422,232.9499969482422,226.44000244140625,227.11000061035156,225.96022033691406,13902600
2026-01-20,223.5399932861328,227.94000244140625,219.36000061035156,220.07000732421875,218.95587158203125,13050800
2026-01-21,220.14999389648438,223.38999938964844,218.9600067138672,221.5800018310547,220.45822143554688,12616600
2026-01-22,222.24000549316406,228.72000122070312,221.11000061035156,228.08999633789062,226.9352569580078,9483000
2026-01-23,226.77999877929688,230.85000610351562,226.64999389648438,228.0500030517578,226.8954620361328,9408000
2026-01-26,229.42999267578125,230.9499969482422,227.58999633789062,229.39999389648438,228.23863220214844,7239600
2026-01-27,231.94000244140625,235.74000549316406,226.27000427246094,228.52999877929688,227.37301635742188,9838400
2026-01-28,229.38999938964844,231.86000061035156,227.6699981689453,227.9600067138672,226.80592346191406,8465900
2026-01-29,216.6699981689453,217.27999877929688,208.77999877929688,214.0800018310547,212.99618530273438,18555600
2026-01-30,214.16000366210938,215.5500030517578,211.02999877929688,212.2899932861328,211.21524047851562,11090400
2026-02-02,214.35000610351562,216.88999938964844,209.8000030517578,210.80999755859375,209.74273681640625,7950900
2026-02-03,205.0,205.55999755859375,193.11000061035156,196.3800048828125,195.38580322265625,20194200
2026-02-04,193.30999755859375,200.6699981689453,187.27999877929688,199.44000244140625,198.4302978515625,23010000
2026-02-05,193.99000549316406,199.55999755859375,188.7899932861328,189.97000122070312,189.0082550048828,21956300
2026-02-06,191.6300048828125,194.60000610351562,187.1199951171875,191.35000610351562,190.3812713623047,13652600
2026-02-09,189.3000030517578,195.1999969482422,185.72999572753906,194.02999877929688,193.04769897460938,12112000
2026-02-10,191.89999389648438,199.10000610351562,190.75,193.4499969482422,192.4706268310547,13393000
2026-02-11,193.14999389648438,193.6699981689453,181.80999755859375,185.0,184.0634002685547,16350200
2026-02-12,185.9600067138672,188.32000732421875,180.24000549316406,185.42999267578125,184.49122619628906,16849100
2026-02-13,186.44000244140625,193.4499969482422,184.3000030517578,189.72000122070312,188.75950622558594,14822900
2026-02-17,190.97000122070312,193.0,183.1699981689453,184.2899932861328,183.35699462890625,13692900
2026-02-18,183.8800048828125,188.13999938964844,181.86000061035156,187.7899932861328,186.8392791748047,9852900
2026-02-19,186.60000610351562,186.9499969482422,183.22999572753906,185.2899932861328,184.35194396972656,9565100
2026-02-20,185.32000732421875,191.72999572753906,183.72999572753906,185.16000366210938,184.22259521484375,10816200
2026-02-23,181.27000427246094,182.47000122070312,174.57000732421875,178.16000366210938,177.25804138183594,15498600
2026-02-24,177.63999938964844,188.6699981689453,176.27999877929688,185.4199981689453,184.48129272460938,15564700
2026-02-25,183.0,192.60000610351562,182.25999450683594,191.75,190.77923583984375,21875100
2026-02-26,196.75999450683594,201.0399932861328,191.3300018310547,199.47000122070312,198.46014404296875,26680500
2026-02-27,191.91000366210938,195.9199981689453,189.9199981689453,194.7899932861328,193.80384826660156,16346500
2026-03-02,192.5,195.94000244140625,190.67999267578125,192.9499969482422,191.97315979003906,9932700
2026-03-03,190.75,198.6699981689453,189.5800018310547,196.0500030517578,195.05746459960938,13208900
2026-03-04,195.10000610351562,196.47000122070312,192.10000610351562,193.0800018310547,192.1024932861328,11583700
2026-03-05,194.36000061035156,204.4199981689453,194.24000549316406,201.38999938964844,200.37042236328125,15860900
2026-03-06,200.7899932861328,202.9600067138672,197.3699951171875,202.11000061035156,201.0867919921875,9657400
2026-03-09,198.55999755859375,203.6699981689453,195.8699951171875,198.7899932861328,197.78358459472656,10754800
2026-03-10,197.25999450683594,199.57000732421875,190.60000610351562,194.91000366210938,193.92324829101562,14467400
2026-03-11,196.39999389648438,199.5500030517578,191.2899932861328,194.1300048828125,193.14718627929688,9580000
2026-03-12,194.1300048828125,204.86000061035156,193.14999389648438,199.27999877929688,198.27110290527344,26309700
2026-03-13,199.72999572753906,201.0,191.75,192.8300018310547,191.853759765625,14834700
2026-03-16,195.14999389648438,198.6300048828125,195.14999389648438,198.33999633789062,197.33587646484375,13419600
2026-03-17,198.22000122070312,202.3800048828125,194.4499969482422,195.30999755859375,194.3212127685547,11559300
2026-03-18,193.39999389648438,196.14999389648438,192.63999938964844,194.33999633789062,193.3561248779297,10525100
2026-03-19,195.58999633789062,200.39999389648438,193.3000030517578,194.99000549316406,194.00283813476562,9254300
2026-03-20,193.2100067138672,195.6699981689453,190.0,195.3800048828125,194.39085388183594,20201100
2026-03-23,197.08999633789062,198.0500030517578,192.0,195.17999267578125,194.19186401367188,13976200
2026-03-24,192.13999938964844,192.13999938964844,182.2899932861328,183.02000427246094,182.09344482421875,18631400
2026-03-25,185.6999969482422,187.38999938964844,179.85000610351562,181.9600067138672,181.03880310058594,12565200
2026-03-26,181.17999267578125,187.47000122070312,179.52999877929688,185.63999938964844,184.70018005371094,10330700
2026-03-27,184.0,184.11000061035156,178.82000732421875,179.30999755859375,178.40220642089844,9902000
2026-03-30,180.10000610351562,186.38999938964844,179.5800018310547,185.02999877929688,184.09324645996094,11617700
2026-03-31,184.89999389648438,188.5,182.30999755859375,186.6699981689453,185.72496032714844,11041400
