Date,Open,High,Low,Close,Adj Close,Volume
2016-04-01,80.4800033569336,81.31999969482422,80.27999877929688,81.12999725341797,52.963924407958984,3155300
2016-04-04,81.1500015258789,81.37999725341797,80.4000015258789,81.08999633789062,52.937801361083984,1903400
2016-04-05,81.05999755859375,81.38999938964844,79.7699966430664,79.9000015258789,52.16093444824219,3002200
2016-04-06,79.5999984741211,79.7699966430664,78.66999816894531,79.36000061035156,51.80841064453125,3309100
2016-04-07,79.19999694824219,80.01000213623047,79.19999694824219,79.29000091552734,51.76271438598633,2506900
2016-04-08,79.62999725341797,80.3499984741211,79.54000091552734,79.7699966430664,52.07607650756836,1953700
2016-04-11,79.83999633789062,80.19000244140625,79.43000030517578,79.44000244140625,51.86064529418945,1928300
2016-04-12,79.75,80.38999938964844,79.3499984741211,80.22000122070312,52.36984634399414,2075300
2016-04-13,80.41000366210938,80.41000366210938,79.12999725341797,79.62999725341797,51.984683990478516,1899900
2016-04-14,79.61000061035156,79.76000213623047,79.05999755859375,79.44999694824219,51.86715316772461,1807800
2016-04-15,79.45999908447266,80.16999816894531,79.33999633789062,80.0,52.226219177246094,2520800
2016-04-18,80.0,80.4000015258789,79.48999786376953,80.4000015258789,52.48735046386719,1993500
2016-04-19,80.55999755859375,80.63999938964844,79.30999755859375,79.79000091552734,52.0891227722168,3543500
2016-04-20,79.98999786376953,80.25,78.12999725341797,78.19999694824219,51.051124572753906,3238200
2016-04-21,78.19999694824219,78.29000091552734,76.20999908447266,76.33999633789062,49.83686828613281,4967100
2016-04-22,76.63999938964844,77.12000274658203,76.43000030517578,77.01000213623047,50.274269104003906,2711600
2016-04-25,76.81999969482422,77.16999816894531,76.43000030517578,76.76000213623047,50.11106491088867,2807400
2016-04-26,76.97000122070312,77.20999908447266,76.52999877929688,76.94999694824219,50.2350959777832,2105200
2016-04-27,77.23999786376953,78.58000183105469,77.01000213623047,78.05999755859375,50.95973587036133,2927600
2016-04-28,77.31999969482422,78.41999816894531,77.0199966430664,78.33999633789062,51.14250564575195,2287000
2016-04-29,77.80999755859375,78.8499984741211,77.23999786376953,78.77999877929688,51.42976379394531,2727400
2016-05-02,78.83000183105469,79.62999725341797,78.68000030517578,78.94000244140625,51.53422546386719,2990200
2016-05-03,78.94000244140625,79.61000061035156,78.37000274658203,78.83999633789062,51.468936920166016,3026800
2016-05-04,78.83000183105469,80.61000061035156,78.63999938964844,80.0199966430664,52.239280700683594,4192400
2016-05-05,79.69999694824219,80.73999786376953,79.54000091552734,80.18000030517578,52.34373092651367,3698400
2016-05-06,80.11000061035156,80.12999725341797,78.36000061035156,79.37999725341797,51.82147216796875,4454200
2016-05-09,79.33999633789062,80.43000030517578,79.13999938964844,80.05999755859375,52.265377044677734,2679100
2016-05-10,80.41000366210938,80.5,79.83999633789062,80.05999755859375,52.265377044677734,2457800
2016-05-11,80.30000305175781,80.5,79.55000305175781,80.48999786376953,52.54608917236328,2704400
2016-05-12,80.3499984741211,81.27999877929688,79.91000366210938,81.08000183105469,52.931270599365234,2762300
2016-05-13,81.08000183105469,81.1500015258789,80.2699966430664,80.7699966430664,52.728912353515625,2612500
2016-05-16,80.58000183105469,81.01000213623047,80.16000366210938,81.0,52.87905502319336,2426500
2016-05-17,80.9000015258789,80.9000015258789,79.05999755859375,79.51000213623047,51.90632247924805,3682100
2016-05-18,78.5999984741211,78.5999984741211,76.36000061035156,76.56999969482422,50.51111602783203,4103700
2016-05-19,76.16999816894531,77.01000213623047,75.72000122070312,76.97000122070312,50.774993896484375,2883000
2016-05-20,77.26000213623047,77.2699966430664,76.47000122070312,77.0,50.79478073120117,2444600
2016-05-23,77.04000091552734,77.18000030517578,76.08000183105469,76.1500015258789,50.23407745361328,2755000
2016-05-24,76.41999816894531,77.08999633789062,76.2300033569336,76.98999786376953,50.78818893432617,2423600
2016-05-25,76.94999694824219,77.11000061035156,76.3499984741211,76.94999694824219,50.76179885864258,3613400
2016-05-26,76.98999786376953,78.01000213623047,76.98999786376953,77.95999908447266,51.428077697753906,1816700
2016-05-27,77.94000244140625,78.13999938964844,77.5999984741211,77.9800033569336,51.441253662109375,2194200
2016-05-31,78.01000213623047,78.37000274658203,77.68000030517578,78.2300033569336,51.606178283691406,4165000
2016-06-01,78.25,79.02999877929688,78.0,79.0199966430664,52.127323150634766,2917000
2016-06-02,78.72000122070312,79.01000213623047,77.95999908447266,78.94000244140625,52.07455062866211,2453100
2016-06-03,79.63999938964844,80.45999908447266,79.62000274658203,80.08000183105469,52.826560974121094,4171000
2016-06-06,80.2699966430664,80.47000122070312,79.56999969482422,79.83999633789062,52.668235778808594,3007800
2016-06-07,80.23999786376953,80.47000122070312,79.83000183105469,79.98999786376953,52.76719284057617,1957700
2016-06-08,79.83999633789062,80.51000213623047,79.83999633789062,80.51000213623047,53.110233306884766,1672300
2016-06-09,80.43000030517578,81.41000366210938,80.12999725341797,81.26000213623047,53.60499954223633,2533700
2016-06-10,81.2300033569336,81.5999984741211,80.62000274658203,81.23999786376953,53.5918083190918,3223000
2016-06-13,81.5999984741211,82.0,81.33000183105469,81.61000061035156,53.83586883544922,2872000
2016-06-14,81.51000213623047,82.44000244140625,81.30000305175781,82.41000366210938,54.36363220214844,3120300
2016-06-15,82.41999816894531,82.58000183105469,81.27999877929688,81.52999877929688,53.78311538696289,3229000
2016-06-16,81.9000015258789,82.70999908447266,81.69999694824219,82.52999877929688,54.44276428222656,3395900
2016-06-17,82.58000183105469,83.0,81.87000274658203,82.9800033569336,54.73963165283203,5575900
2016-06-20,82.7300033569336,82.9000015258789,81.31999969482422,82.0,54.093162536621094,3800800
2016-06-21,81.66999816894531,82.51000213623047,81.4800033569336,82.0,54.093162536621094,2042600
2016-06-22,82.05000305175781,82.18000030517578,81.7300033569336,81.83000183105469,53.981014251708984,1697700
2016-06-23,81.86000061035156,82.05999755859375,81.36000061035156,82.05000305175781,54.126136779785156,1582700
2016-06-24,81.62999725341797,83.29000091552734,81.41000366210938,82.43000030517578,54.37680435180664,3699300
2016-06-27,82.37999725341797,84.16000366210938,82.29000091552734,83.98999786376953,55.4058952331543,4392800
2016-06-28,83.7699966430664,84.0,83.12000274658203,83.94000244140625,55.37290954589844,4507000
2016-06-29,84.22000122070312,84.5,83.66000366210938,84.1500015258789,55.511436462402344,3699800
2016-06-30,84.30000305175781,85.79000091552734,84.13999938964844,85.79000091552734,56.59330749511719,5473100
2016-07-01,85.91000366210938,86.1500015258789,84.7699966430664,85.62999725341797,56.48776626586914,3402700
2016-07-05,85.79000091552734,87.0199966430664,85.61000061035156,86.93000030517578,57.345333099365234,3746900
2016-07-06,86.86000061035156,87.30999755859375,86.29000091552734,87.2300033569336,57.543243408203125,3785900
2016-07-07,86.79000091552734,87.0199966430664,84.94000244140625,85.29000091552734,56.263458251953125,4186600
2016-07-08,85.16000366210938,86.05999755859375,84.22000122070312,86.01000213623047,56.73843765258789,2809900
2016-07-11,85.43000030517578,86.12000274658203,84.58000183105469,86.01000213623047,56.73843765258789,2648500
2016-07-12,85.5,85.75,84.37000274658203,84.44000244140625,55.7027587890625,3768900
2016-07-13,84.98999786376953,85.20999908447266,84.51000213623047,85.05000305175781,56.105167388916016,3694900
2016-07-14,84.44999694824219,84.94000244140625,84.19999694824219,84.75,55.907249450683594,2990600
2016-07-15,84.98999786376953,85.29000091552734,84.44999694824219,84.91999816894531,56.019386291503906,2334400
2016-07-18,85.12999725341797,85.62999725341797,85.0,85.25,56.237098693847656,2965400
2016-07-19,85.16999816894531,85.48999786376953,84.81999969482422,85.37999725341797,56.32283401489258,4025300
2016-07-20,85.37999725341797,85.43000030517578,84.58000183105469,84.91999816894531,56.019386291503906,2124900
2016-07-21,84.55999755859375,85.5,84.2300033569336,85.4000015258789,56.336036682128906,2342500
2016-07-22,85.25,86.56999969482422,85.0,86.5,57.06166076660156,2226900
2016-07-25,86.48999786376953,86.70999908447266,86.02999877929688,86.69000244140625,57.187007904052734,2185600
2016-07-26,86.63999938964844,86.83999633789062,85.55999755859375,85.75,56.56692886352539,2250000
2016-07-27,85.5999984741211,85.6500015258789,84.1500015258789,84.83000183105469,55.96002197265625,3751700
2016-07-28,84.87000274658203,85.43000030517578,84.63999938964844,85.19999694824219,56.2040901184082,1724800
2016-07-29,85.44999694824219,85.98999786376953,85.20999908447266,85.58999633789062,56.46137619018555,3197300
2016-08-01,85.4000015258789,86.0,85.33000183105469,85.6500015258789,56.500953674316406,2445500
2016-08-02,85.23999786376953,85.7300033569336,84.80999755859375,85.55999755859375,56.44157791137695,3083400
2016-08-03,85.43000030517578,85.58000183105469,84.69999694824219,85.1500015258789,56.1711311340332,3076800
2016-08-04,85.0,85.5,84.80000305175781,85.23999786376953,56.23048782348633,2351700
2016-08-05,85.0,85.0,84.05000305175781,84.2300033569336,55.564208984375,3540200
2016-08-08,84.33000183105469,85.12000274658203,83.8499984741211,84.73999786376953,55.900630950927734,3977500
2016-08-09,84.66000366210938,85.02999877929688,84.36000061035156,84.7300033569336,55.89405059814453,3195900
2016-08-10,84.02999877929688,84.54000091552734,83.27999877929688,83.79000091552734,55.83742141723633,2732100
2016-08-11,83.91999816894531,83.97000122070312,83.45999908447266,83.91000366210938,55.9173698425293,2731400
2016-08-12,84.13999938964844,84.30000305175781,83.44999694824219,83.48999786376953,55.63748550415039,2634700
2016-08-15,83.61000061035156,83.80000305175781,81.61000061035156,81.66000366210938,54.41798782348633,4025600
2016-08-16,81.51000213623047,81.58000183105469,80.41000366210938,80.44999694824219,53.611637115478516,4649000
2016-08-17,80.44999694824219,81.81999969482422,79.1500015258789,81.69000244140625,54.43797302246094,5850900
2016-08-18,81.55999755859375,82.77999877929688,81.5199966430664,82.77999877929688,55.16435241699219,3960500
2016-08-19,82.44999694824219,82.55999755859375,81.2300033569336,81.6500015258789,54.411319732666016,2631900
2016-08-22,81.87999725341797,82.22000122070312,81.48999786376953,81.88999938964844,54.57123947143555,1888000
2016-08-23,82.0199966430664,82.3499984741211,81.43000030517578,81.44999694824219,54.278045654296875,2199400
2016-08-24,81.37999725341797,81.75,80.80000305175781,81.55999755859375,54.35133743286133,2048600
2016-08-25,81.66000366210938,82.08000183105469,81.44999694824219,81.7300033569336,54.46463394165039,1858300
2016-08-26,81.73999786376953,82.16999816894531,79.81999969482422,79.91999816894531,53.25844955444336,2400700
2016-08-29,80.11000061035156,80.61000061035156,80.06999969482422,80.44000244140625,53.60499572753906,1923400
2016-08-30,80.4000015258789,80.79000091552734,79.4000015258789,79.5199966430664,52.99189758300781,3101000
2016-08-31,79.5199966430664,79.75,79.22000122070312,79.66000366210938,53.0851936340332,3546200
2016-09-01,79.66000366210938,79.80000305175781,79.12999725341797,79.33000183105469,52.86528778076172,2428600
2016-09-02,79.33000183105469,80.27999877929688,79.22000122070312,80.23999786376953,53.47169494628906,2767600
2016-09-06,80.55000305175781,81.2300033569336,80.23999786376953,80.94000244140625,53.93818283081055,2775900
2016-09-07,81.26000213623047,81.26000213623047,80.37999725341797,80.54000091552734,53.67161178588867,2259600
2016-09-08,80.44000244140625,81.01000213623047,80.2699966430664,80.80999755859375,53.8515510559082,2047100
2016-09-09,80.04000091552734,80.22000122070312,77.91999816894531,77.94999694824219,51.94565200805664,3329500
2016-09-12,78.11000061035156,79.55999755859375,77.9000015258789,79.27999877929688,52.831966400146484,3518400
2016-09-13,79.31999969482422,79.45999908447266,78.44000244140625,78.79000091552734,52.50542068481445,3602400
2016-09-14,79.75,87.75,78.37999725341797,78.66999816894531,52.42547607421875,2532000
2016-09-15,78.26000213623047,79.16999816894531,78.26000213623047,79.05999755859375,52.68535232543945,2504100
2016-09-16,78.54000091552734,79.68000030517578,78.44999694824219,79.61000061035156,53.0518684387207,5058200
2016-09-19,79.7699966430664,80.5199966430664,79.6500015258789,80.45999908447266,53.61830520629883,3159600
2016-09-20,80.51000213623047,80.83999633789062,80.16999816894531,80.16999816894531,53.4250373840332,2398900
2016-09-21,80.18000030517578,81.93000030517578,80.16999816894531,81.9000015258789,54.577911376953125,2728100
2016-09-22,82.12000274658203,82.62999725341797,81.76000213623047,82.51000213623047,54.98442077636719,2707300
2016-09-23,82.27999877929688,82.79000091552734,82.0,82.5199966430664,54.99109649658203,2348800
2016-09-26,82.41999816894531,82.66999816894531,81.86000061035156,82.1500015258789,54.74453353881836,2718100
2016-09-27,82.51000213623047,82.80999755859375,81.29000091552734,81.43000030517578,54.264713287353516,2268300
2016-09-28,81.7300033569336,81.7300033569336,80.44000244140625,81.0999984741211,54.044795989990234,1998200
2016-09-29,80.81999969482422,80.81999969482422,79.68000030517578,80.30999755859375,53.51833724975586,2898900
2016-09-30,80.62000274658203,80.94000244140625,79.51000213623047,80.04000091552734,53.33842468261719,3883000
2016-10-03,79.77999877929688,79.83999633789062,78.52999877929688,79.08999633789062,52.70534133911133,2963200
2016-10-04,79.0999984741211,79.48999786376953,77.11000061035156,77.45999908447266,51.61911392211914,3491900
2016-10-05,77.58000183105469,78.37000274658203,76.93000030517578,77.08999633789062,51.3725471496582,3834200
2016-10-06,77.05000305175781,77.91000366210938,76.54000091552734,77.08999633789062,51.3725471496582,5137600
2016-10-07,77.62999725341797,78.20999908447266,76.5199966430664,76.56999969482422,51.02601623535156,4537400
2016-10-10,76.87999725341797,77.37999725341797,76.54000091552734,77.05999755859375,51.35254669189453,2381500
2016-10-11,76.80000305175781,76.81999969482422,75.80999755859375,75.91000366210938,50.58620071411133,3479400
2016-10-12,76.02999877929688,76.80999755859375,76.0,76.6500015258789,51.07933044433594,3082400
2016-10-13,76.56999969482422,78.47000122070312,76.56999969482422,77.94000244140625,51.93900680541992,3773600
2016-10-14,77.68000030517578,77.9800033569336,77.18000030517578,77.20999908447266,51.45252227783203,2460500
2016-10-17,77.30000305175781,77.80999755859375,77.23999786376953,77.54000091552734,51.67241668701172,1784500
2016-10-18,77.91000366210938,78.25,76.94999694824219,77.9000015258789,51.91233825683594,2481500
2016-10-19,77.9000015258789,78.27999877929688,77.5,78.12999725341797,52.06558609008789,2547400
2016-10-20,78.2300033569336,79.08999633789062,77.97000122070312,78.41999816894531,52.25885009765625,2804000
2016-10-21,78.0199966430664,78.26000213623047,77.55000305175781,78.0199966430664,51.9922981262207,2132800
2016-10-24,78.30999755859375,78.61000061035156,77.80999755859375,78.4000015258789,52.24553298950195,2868100
2016-10-25,78.2699966430664,78.81999969482422,78.1500015258789,78.58999633789062,52.37215042114258,3664500
2016-10-26,78.58000183105469,78.93000030517578,78.12000274658203,78.7699966430664,52.49211883544922,2215100
2016-10-27,78.44000244140625,78.73999786376953,77.94000244140625,78.41999816894531,52.25885009765625,1982500
2016-10-28,78.56999969482422,79.08999633789062,78.27999877929688,78.72000122070312,52.458770751953125,1608800
2016-10-31,78.95999908447266,80.48999786376953,78.80000305175781,80.0199966430664,53.325096130371094,3523900
2016-11-01,80.04000091552734,80.05000305175781,78.33999633789062,78.56999969482422,52.35881423950195,2984600
2016-11-02,78.37000274658203,78.47000122070312,76.93000030517578,78.0,51.978981018066406,3239100
2016-11-03,77.83000183105469,78.36000061035156,77.4000015258789,77.9800033569336,51.96562576293945,2455300
2016-11-04,78.5,79.18000030517578,77.18000030517578,77.2699966430664,51.492496490478516,2849400
2016-11-07,77.80999755859375,79.12999725341797,76.9000015258789,79.12999725341797,52.73201370239258,3303900
2016-11-08,79.31999969482422,79.98999786376953,79.0,79.6500015258789,53.07852554321289,2243200
2016-11-09,79.0,79.0,77.1500015258789,77.33999633789062,51.539146423339844,4758400
2016-11-10,76.98999786376953,76.98999786376953,73.69000244140625,75.16000366210938,50.08643341064453,6005000
2016-11-11,75.11000061035156,75.9800033569336,74.75,75.23999786376953,50.139732360839844,3746000
2016-11-14,75.08999633789062,75.0999984741211,73.58000183105469,74.44000244140625,49.606597900390625,5903000
2016-11-15,74.95999908447266,76.37000274658203,74.86000061035156,75.93000030517578,50.59954071044922,4442000
2016-11-16,75.27999877929688,75.56999969482422,73.69000244140625,73.97000122070312,49.85478973388672,4849300
2016-11-17,73.95999908447266,74.5,73.75,73.87000274658203,49.78737258911133,4460100
2016-11-18,74.01000213623047,74.20999908447266,73.33999633789062,73.5999984741211,49.60539627075195,4450500
2016-11-21,73.98999786376953,74.5,73.77999877929688,74.43000030517578,50.16481399536133,3204300
2016-11-22,74.12000274658203,74.33999633789062,73.2699966430664,73.87999725341797,49.79411315917969,3590800
2016-11-23,73.31999969482422,74.30000305175781,73.2300033569336,73.54000091552734,49.56494903564453,2829200
2016-11-25,73.75,74.70999908447266,73.7300033569336,74.3499984741211,50.110877990722656,1972200
2016-11-28,74.66000366210938,76.13999938964844,74.62000274658203,76.08000183105469,51.27688217163086,4049000
2016-11-29,75.79000091552734,76.66999816894531,75.62999725341797,76.37000274658203,51.47233200073242,3763100
2016-11-30,75.2699966430664,75.36000061035156,73.7699966430664,73.7699966430664,49.71996307373047,5583200
2016-12-01,73.5,73.56999969482422,72.47000122070312,72.75,49.032508850097656,4324800
2016-12-02,73.30000305175781,74.18000030517578,72.94000244140625,73.41999816894531,49.48406982421875,3754100
2016-12-05,73.13999938964844,73.61000061035156,72.33999633789062,73.61000061035156,49.61213684082031,3559200
2016-12-06,73.83000183105469,74.22000122070312,73.5999984741211,73.86000061035156,49.78063201904297,3140000
2016-12-07,73.9800033569336,74.7699966430664,73.87999725341797,74.66999816894531,50.32656478881836,3370900
2016-12-08,74.11000061035156,74.93000030517578,73.5,74.7300033569336,50.36699295043945,3386600
2016-12-09,74.68000030517578,75.83999633789062,74.61000061035156,75.81999969482422,51.10163879394531,3196100
2016-12-12,75.6500015258789,76.58999633789062,75.58000183105469,76.4800033569336,51.546478271484375,3963600
2016-12-13,76.66999816894531,77.44999694824219,76.5199966430664,77.31999969482422,52.11263656616211,3968700
2016-12-14,77.5999984741211,77.94000244140625,75.3499984741211,75.52999877929688,50.90617370605469,4756000
2016-12-15,75.33999633789062,76.11000061035156,74.94999694824219,76.02999877929688,51.2431755065918,3127700
2016-12-16,76.19999694824219,76.80000305175781,75.77999877929688,76.58999633789062,51.620628356933594,7038000
2016-12-19,77.0999984741211,77.23999786376953,76.37000274658203,77.12999725341797,51.984561920166016,2775000
2016-12-20,76.70999908447266,77.58000183105469,76.62000274658203,77.3499984741211,52.132843017578125,2639200
2016-12-21,77.2300033569336,77.66000366210938,76.9800033569336,77.0,51.896949768066406,2013300
2016-12-22,76.95999908447266,78.05000305175781,76.91000366210938,77.7699966430664,52.415916442871094,3339000
2016-12-23,77.7699966430664,77.83000183105469,77.25,77.62000274658203,52.3148193359375,1421400
2016-12-27,77.48999786376953,77.7300033569336,77.12999725341797,77.4800033569336,52.220458984375,1554500
2016-12-28,77.54000091552734,77.62000274658203,76.9000015258789,77.02999877929688,51.917171478271484,1897600
2016-12-29,77.11000061035156,78.16999816894531,77.0,78.0199966430664,52.584415435791016,2976500
2016-12-30,78.05000305175781,78.23999786376953,77.3499984741211,77.62000274658203,52.3148193359375,2465600
2017-01-03,77.6500015258789,78.0199966430664,77.0199966430664,77.7300033569336,52.38896560668945,2905900
2017-01-04,77.6500015258789,78.3499984741211,77.62999725341797,77.6500015258789,52.33504867553711,2531100
2017-01-05,77.9000015258789,77.95999908447266,77.04000091552734,77.75,52.40243148803711,3284600
2017-01-06,77.5,77.87000274658203,77.26000213623047,77.48999786376953,52.22721862792969,3132200
2017-01-09,77.61000061035156,77.7300033569336,76.4000015258789,76.63999938964844,51.654327392578125,4585700
2017-01-10,76.48999786376953,76.83000183105469,76.13999938964844,76.5,51.55996322631836,2840000
2017-01-11,76.27999877929688,77.19999694824219,76.25,77.0999984741211,51.96436309814453,2726200
2017-01-12,76.97000122070312,77.61000061035156,76.7699966430664,77.54000091552734,52.26089859008789,2476300
2017-01-13,77.33999633789062,77.4800033569336,76.7699966430664,77.20999908447266,52.038490295410156,1954200
2017-01-17,77.47000122070312,77.83000183105469,77.26000213623047,77.45999908447266,52.20698165893555,3755000
2017-01-18,77.37999725341797,77.91000366210938,77.29000091552734,77.5,52.23393630981445,2235700
2017-01-19,77.2699966430664,77.56999969482422,76.87999725341797,77.12000274658203,51.97782516479492,2575500
2017-01-20,77.31999969482422,77.58000183105469,76.94999694824219,77.33000183105469,52.1193733215332,2662800
2017-01-23,77.43000030517578,77.68000030517578,76.88999938964844,77.02999877929688,51.917171478271484,2166800
2017-01-24,77.19999694824219,77.33000183105469,76.86000061035156,77.18000030517578,52.018272399902344,2751400
2017-01-25,76.93000030517578,77.12000274658203,76.55999755859375,77.08000183105469,51.95087814331055,2347000
2017-01-26,76.98999786376953,77.2300033569336,76.6500015258789,77.12000274658203,51.97782516479492,3085400
2017-01-27,77.31999969482422,77.62999725341797,76.7300033569336,76.94000244140625,51.856529235839844,2562000
2017-01-30,76.9800033569336,77.5199966430664,76.69999694824219,77.12000274658203,51.97782516479492,2379100
2017-01-31,77.12000274658203,78.55999755859375,77.12000274658203,78.54000091552734,52.93488693237305,3753700
2017-02-01,78.13999938964844,78.26000213623047,77.08000183105469,77.36000061035156,52.13959503173828,3454900
2017-02-02,77.56999969482422,77.94000244140625,77.16000366210938,77.79000091552734,52.42939758300781,2997400
2017-02-03,77.88999938964844,78.04000091552734,77.4800033569336,77.6500015258789,52.33504867553711,2478100
2017-02-06,77.88999938964844,78.04000091552734,77.44999694824219,77.56999969482422,52.281124114990234,2017100
2017-02-07,77.6500015258789,77.86000061035156,77.41000366210938,77.75,52.40243148803711,1629900
2017-02-08,77.81999969482422,78.70999908447266,77.73999786376953,78.63999938964844,53.0023078918457,2973600
2017-02-09,78.63999938964844,78.83999633789062,77.56999969482422,77.75,52.40243148803711,3351400
2017-02-10,77.58999633789062,78.16000366210938,77.58999633789062,78.0999984741211,52.63833236694336,2550000
2017-02-13,78.26000213623047,78.69000244140625,77.9000015258789,78.69000244140625,53.035987854003906,2925900
2017-02-14,78.55999755859375,78.68000030517578,77.58999633789062,78.04000091552734,52.5979118347168,3715800
2017-02-15,76.79000091552734,77.16999816894531,76.27999877929688,76.77999877929688,52.321895599365234,3802900
2017-02-16,77.16999816894531,79.20999908447266,76.7699966430664,78.9000015258789,53.76657485961914,6795600
2017-02-17,78.69999694824219,78.98999786376953,77.9800033569336,78.36000061035156,53.39860153198242,4104600
2017-02-21,78.30000305175781,79.22000122070312,77.93000030517578,79.08999633789062,53.896060943603516,2735000
2017-02-22,79.20999908447266,79.98999786376953,78.95999908447266,79.87000274658203,54.427608489990234,2895000
2017-02-23,79.9800033569336,81.06999969482422,79.9000015258789,80.91000366210938,55.13630676269531,2801200
2017-02-24,81.19999694824219,82.20999908447266,81.16999816894531,81.95999908447266,55.851837158203125,3846800
2017-02-27,81.93000030517578,82.19999694824219,81.5,81.86000061035156,55.7836799621582,2505800
2017-02-28,81.58999633789062,82.81999969482422,81.58999633789062,82.55000305175781,56.253883361816406,3529900
2017-03-01,81.5999984741211,82.5199966430664,81.19999694824219,81.93000030517578,55.83137893676758,4832300
2017-03-02,81.5999984741211,82.77999877929688,81.38999938964844,82.36000061035156,56.124412536621094,4176100
2017-03-03,82.13999938964844,82.16000366210938,81.27999877929688,81.91000366210938,55.817779541015625,2848100
2017-03-06,81.95999908447266,82.08000183105469,81.52999877929688,81.87000274658203,55.79050064086914,2785100
2017-03-07,81.58999633789062,82.06999969482422,81.45999908447266,81.69000244140625,55.6678352355957,3732600
2017-03-08,81.11000061035156,81.12000274658203,80.25,80.31999969482422,54.734249114990234,3342600
2017-03-09,80.5199966430664,80.79000091552734,80.0199966430664,80.05000305175781,54.55027770996094,3074500
2017-03-10,80.41000366210938,80.94999694824219,80.16999816894531,80.63999938964844,54.95233154296875,3334400
2017-03-13,80.80000305175781,80.97000122070312,80.45999908447266,80.87000274658203,55.109046936035156,3423500
2017-03-14,80.8499984741211,81.11000061035156,80.61000061035156,80.87000274658203,55.109046936035156,2151200
2017-03-15,81.08000183105469,82.36000061035156,80.83999633789062,82.0,55.879112243652344,3727700
2017-03-16,82.19999694824219,82.33000183105469,81.23999786376953,81.62000274658203,55.620140075683594,4352300
2017-03-17,81.8499984741211,82.25,81.5199966430664,81.83999633789062,55.77003479003906,7276900
2017-03-20,81.93000030517578,82.0999984741211,80.86000061035156,81.18000030517578,55.32030487060547,3271000
2017-03-21,81.1500015258789,83.01000213623047,81.12000274658203,82.68000030517578,56.342491149902344,5092500
2017-03-22,82.98999786376953,83.58999633789062,82.58000183105469,82.76000213623047,56.397003173828125,2881800
2017-03-23,82.48999786376953,83.29000091552734,82.3499984741211,82.68000030517578,56.342491149902344,2410000
2017-03-24,82.61000061035156,83.2699966430664,82.44999694824219,82.98999786376953,56.55372619628906,2078800
2017-03-27,83.31999969482422,83.58000183105469,82.41000366210938,82.79000091552734,56.417442321777344,2125800
2017-03-28,82.54000091552734,82.9800033569336,82.3499984741211,82.93000030517578,56.512847900390625,2458500
2017-03-29,82.73999786376953,82.73999786376953,82.19000244140625,82.41999816894531,56.16529846191406,2087600
2017-03-30,82.11000061035156,82.12000274658203,81.66000366210938,82.04000091552734,55.90635681152344,2467000
2017-03-31,81.91000366210938,82.47000122070312,81.7300033569336,82.01000213623047,55.88591384887695,2251800
2017-04-03,81.9000015258789,82.29000091552734,81.2699966430664,82.25,56.04945755004883,2756200
2017-04-04,82.23999786376953,82.69000244140625,81.9800033569336,82.37000274658203,56.13121795654297,1761400
2017-04-05,82.2699966430664,82.97000122070312,82.11000061035156,82.87000274658203,56.471946716308594,2064000
2017-04-06,82.66000366210938,82.87000274658203,82.37000274658203,82.58999633789062,56.281150817871094,2499200
2017-04-07,82.80000305175781,82.98999786376953,82.20999908447266,82.26000213623047,56.05626678466797,2453100
2017-04-10,82.30000305175781,82.44000244140625,81.8499984741211,82.4000015258789,56.15168762207031,2563900
2017-04-11,82.31999969482422,82.4000015258789,81.77999877929688,82.19000244140625,56.00857162475586,1876600
2017-04-12,81.95999908447266,82.83999633789062,81.76000213623047,82.77999877929688,56.41062927246094,2230800
2017-04-13,82.76000213623047,82.9000015258789,82.12999725341797,82.58999633789062,56.281150817871094,2425200
2017-04-17,82.69999694824219,83.01000213623047,82.54000091552734,82.93000030517578,56.512847900390625,2046600
2017-04-18,82.9000015258789,83.26000213623047,82.6500015258789,82.86000061035156,56.46515655517578,2257400
2017-04-19,82.83999633789062,82.91000366210938,82.0199966430664,82.3499984741211,56.117591857910156,2132600
2017-04-20,82.3499984741211,82.3499984741211,81.41999816894531,82.02999877929688,55.89955139160156,2330800
2017-04-21,82.0999984741211,82.69999694824219,82.02999877929688,82.20999908447266,56.02218246459961,2471100
2017-04-24,82.41000366210938,82.69000244140625,81.63999938964844,82.58000183105469,56.27433395385742,2641300
2017-04-25,82.41000366210938,82.72000122070312,82.12000274658203,82.69000244140625,56.349300384521484,2954400
2017-04-26,82.56999969482422,83.29000091552734,82.44000244140625,82.5999984741211,56.287960052490234,2291800
2017-04-27,82.68000030517578,83.3499984741211,82.5999984741211,82.9000015258789,56.49240493774414,1736700
2017-04-28,82.70999908447266,82.9000015258789,82.26000213623047,82.5,56.219810485839844,2166600
2017-05-01,82.51000213623047,82.62000274658203,81.8499984741211,82.06999969482422,55.92679214477539,2069600
2017-05-02,82.2300033569336,82.58000183105469,81.9000015258789,82.38999938964844,56.14484405517578,2576100
2017-05-03,82.27999877929688,82.55000305175781,81.91000366210938,82.04000091552734,55.90635681152344,2128500
2017-05-04,81.93000030517578,82.66000366210938,81.87000274658203,82.58999633789062,56.281150817871094,2110400
2017-05-05,82.69000244140625,83.1500015258789,82.69000244140625,82.9800033569336,56.546913146972656,2144500
2017-05-08,83.0199966430664,83.16000366210938,82.37000274658203,82.91999816894531,56.50604248046875,2179400
2017-05-09,82.52999877929688,82.97000122070312,82.08000183105469,82.11000061035156,55.95405197143555,2478000
2017-05-10,82.2699966430664,82.69999694824219,82.01000213623047,82.4800033569336,56.2061882019043,2142900
2017-05-11,82.1500015258789,83.0199966430664,82.05999755859375,83.0,56.56053924560547,2372900
2017-05-12,83.0999984741211,83.66999816894531,83.0199966430664,83.4800033569336,56.88764190673828,2013500
2017-05-15,83.55000305175781,83.79000091552734,83.26000213623047,83.58000183105469,56.95578384399414,2043000
2017-05-16,83.58000183105469,83.80000305175781,83.08999633789062,83.12000274658203,56.64231872558594,2614700
2017-05-17,82.2699966430664,83.23999786376953,82.2699966430664,82.77999877929688,56.99692916870117,4344700
2017-05-18,83.0999984741211,83.66000366210938,82.48999786376953,83.25,57.32051467895508,3772300
2017-05-19,83.36000061035156,83.43000030517578,82.72000122070312,83.37000274658203,57.40314483642578,3104700
2017-05-22,83.2699966430664,84.33999633789062,83.19000244140625,84.0999984741211,57.90577697753906,2213200
2017-05-23,84.12999725341797,84.77999877929688,84.0199966430664,84.30000305175781,58.04349136352539,1749300
2017-05-24,84.47000122070312,84.87999725341797,84.38999938964844,84.69000244140625,58.312015533447266,2971100
2017-05-25,84.80999755859375,85.25,84.61000061035156,85.13999938964844,58.62186813354492,2801700
2017-05-26,85.19000244140625,85.3499984741211,84.94999694824219,85.06999969482422,58.57365036010742,2024000
2017-05-30,85.19999694824219,85.54000091552734,84.87999725341797,85.41000366210938,58.80775833129883,2501600
2017-05-31,85.5199966430664,86.01000213623047,85.4000015258789,85.68000030517578,58.993656158447266,3250800
2017-06-01,85.4800033569336,86.4000015258789,85.23999786376953,86.4000015258789,59.48942184448242,3158900
2017-06-02,86.79000091552734,86.80000305175781,85.91999816894531,86.27999877929688,59.40677261352539,2114500
2017-06-05,86.25,86.30000305175781,85.69000244140625,85.83000183105469,59.09694290161133,2284900
2017-06-06,86.08999633789062,86.16000366210938,85.66000366210938,85.80999755859375,59.083168029785156,2066800
2017-06-07,85.80999755859375,86.23999786376953,85.58000183105469,86.08999633789062,59.27597427368164,3025100
2017-06-08,86.08999633789062,86.08999633789062,84.75,85.37999725341797,58.78710174560547,2571100
2017-06-09,85.0999984741211,85.75,84.91999816894531,85.72000122070312,59.02122116088867,2264200
2017-06-12,85.7300033569336,86.19000244140625,85.08000183105469,85.62000274658203,58.95235824584961,3292600
2017-06-13,85.52999877929688,86.05000305175781,85.41999816894531,85.94999694824219,59.17955780029297,2421400
2017-06-14,86.44000244140625,86.83999633789062,86.08999633789062,86.31999969482422,59.43434524536133,2432900
2017-06-15,86.20999908447266,86.95999908447266,86.08000183105469,86.94999694824219,59.86811828613281,2468100
2017-06-16,87.12000274658203,87.48999786376953,86.91000366210938,87.13999938964844,59.99892044067383,4996900
2017-06-19,87.30999755859375,87.30999755859375,86.5199966430664,86.88999938964844,59.82680130004883,2394500
2017-06-20,86.83999633789062,87.05000305175781,86.66999816894531,86.91000366210938,59.840579986572266,2420400
2017-06-21,86.93000030517578,87.13999938964844,86.12000274658203,86.56999969482422,59.60646438598633,1735200
2017-06-22,86.4000015258789,86.7300033569336,86.22000122070312,86.27999877929688,59.40677261352539,2106900
2017-06-23,86.22000122070312,86.5999984741211,85.86000061035156,85.95999908447266,59.18645095825195,1543000
2017-06-26,86.33000183105469,87.05000305175781,85.98999786376953,86.69999694824219,59.69596862792969,2834500
2017-06-27,86.36000061035156,86.54000091552734,85.44999694824219,85.69999694824219,59.007450103759766,2404500
2017-06-28,86.02999877929688,86.08000183105469,84.86000061035156,84.97000122070312,58.50480651855469,3180700
2017-06-29,84.7300033569336,84.7300033569336,83.7699966430664,84.02999877929688,57.85757827758789,3859300
2017-06-30,84.1500015258789,84.41999816894531,83.58999633789062,83.58999633789062,57.554622650146484,3607600
2017-07-03,83.77999877929688,83.83999633789062,83.16000366210938,83.30999755859375,57.36184310913086,1705900
2017-07-05,83.31999969482422,83.48999786376953,82.72000122070312,83.29000091552734,57.34806823730469,3530000
2017-07-06,83.0999984741211,83.30000305175781,82.7699966430664,83.20999908447266,57.29298782348633,2801800
2017-07-07,83.22000122070312,83.75,83.08999633789062,83.41999816894531,57.43757629394531,2531400
2017-07-10,83.58000183105469,83.81999969482422,83.16000366210938,83.19000244140625,57.27920913696289,1833900
2017-07-11,83.37000274658203,83.44000244140625,82.80000305175781,83.18000030517578,57.27231216430664,2558000
2017-07-12,83.83000183105469,84.2699966430664,83.70999908447266,83.9800033569336,57.82316207885742,2946600
2017-07-13,83.81999969482422,83.9800033569336,83.3499984741211,83.37000274658203,57.40314483642578,2175400
2017-07-14,83.8499984741211,84.12999725341797,83.68000030517578,83.83999633789062,57.72675323486328,1377300
2017-07-17,83.83999633789062,84.0999984741211,83.5999984741211,84.02999877929688,57.85757827758789,1594100
2017-07-18,84.06999969482422,84.27999877929688,83.93000030517578,84.19000244140625,57.96775436401367,1653500
2017-07-19,84.2699966430664,84.43000030517578,83.95999908447266,84.3499984741211,58.077911376953125,1790100
2017-07-20,84.5999984741211,84.94999694824219,84.23999786376953,84.93000030517578,58.47726821899414,1971700
2017-07-21,84.88999938964844,85.2300033569336,84.37999725341797,85.19999694824219,58.663169860839844,2494400
2017-07-24,85.23999786376953,85.27999877929688,84.33000183105469,84.55000305175781,58.215606689453125,2541700
2017-07-25,84.56999969482422,84.66000366210938,83.69000244140625,83.80999755859375,57.70608139038086,1926900
2017-07-26,83.68000030517578,84.45999908447266,83.5999984741211,84.44999694824219,58.146759033203125,1702400
2017-07-27,84.19999694824219,85.05000305175781,84.05000305175781,85.05000305175781,58.559906005859375,2179600
2017-07-28,85.01000213623047,85.2300033569336,84.58000183105469,84.91000366210938,58.4635009765625,2089800
2017-07-31,84.9000015258789,85.33000183105469,84.66000366210938,85.12000274658203,58.60807800292969,2435100
2017-08-01,85.1500015258789,85.5199966430664,85.05000305175781,85.16999816894531,58.642513275146484,2825100
2017-08-02,85.01000213623047,85.73999786376953,84.6500015258789,85.73999786376953,59.03496551513672,2131600
2017-08-03,86.0,86.5199966430664,85.51000213623047,86.51000213623047,59.56514358520508,2915600
2017-08-04,86.16999816894531,86.58000183105469,85.97000122070312,86.4800033569336,59.54449462890625,2599600
2017-08-07,86.45999908447266,86.55000305175781,86.0,86.26000213623047,59.39302444458008,2026400
2017-08-08,86.0999984741211,86.61000061035156,86.01000213623047,86.5999984741211,59.62710189819336,2045800
2017-08-09,86.76000213623047,86.9000015258789,86.01000213623047,86.19999694824219,59.35170364379883,2115400
2017-08-10,86.19999694824219,86.5999984741211,85.76000213623047,86.38999938964844,59.482540130615234,2140900
2017-08-11,86.47000122070312,86.47000122070312,85.16000366210938,85.69999694824219,59.007450103759766,2516800
2017-08-14,85.81999969482422,86.2699966430664,85.63999938964844,86.12000274658203,59.2966194152832,2473800
2017-08-15,85.91000366210938,86.97000122070312,85.88999938964844,86.88999938964844,59.82680130004883,1876300
2017-08-16,85.97000122070312,86.37000274658203,85.70999908447266,86.30999755859375,60.042442321777344,1804200
2017-08-17,86.30999755859375,86.44999694824219,85.80000305175781,85.87000274658203,59.73634719848633,2055000
2017-08-18,85.75,86.83000183105469,85.61000061035156,86.37999725341797,60.091148376464844,2853800
2017-08-21,86.5,86.68000030517578,86.16000366210938,86.58000183105469,60.23028564453125,2090600
2017-08-22,86.58000183105469,86.70999908447266,86.11000061035156,86.55000305175781,60.20940017700195,1719800
2017-08-23,86.56999969482422,86.98999786376953,86.13999938964844,86.87999725341797,60.43897247314453,1931900
2017-08-24,86.73999786376953,87.12000274658203,86.56999969482422,86.7699966430664,60.362449645996094,1984900
2017-08-25,87.38999938964844,87.55000305175781,86.97000122070312,87.2300033569336,60.68244934082031,1708900
2017-08-28,87.37000274658203,87.5,86.97000122070312,87.41999816894531,60.814613342285156,1185400
2017-08-29,87.55000305175781,87.94999694824219,87.33000183105469,87.5,60.87025833129883,1828300
2017-08-30,87.31999969482422,87.58000183105469,87.06999969482422,87.27999877929688,60.71724319458008,1425100
2017-08-31,87.37999725341797,87.52999877929688,87.22000122070312,87.30000305175781,60.731143951416016,2188300
2017-09-01,87.4800033569336,87.55000305175781,86.7300033569336,87.08999633789062,60.58506774902344,1364000
2017-09-05,87.19999694824219,87.52999877929688,86.79000091552734,87.41000366210938,60.80767822265625,1910400
2017-09-06,87.5199966430664,87.62000274658203,86.80999755859375,86.98999786376953,60.515499114990234,1978900
2017-09-07,87.08999633789062,87.55999755859375,86.87000274658203,87.33999633789062,60.75895690917969,1943800
2017-09-08,87.37000274658203,88.02999877929688,87.20999908447266,87.77999877929688,61.065067291259766,1938300
2017-09-11,87.63999938964844,88.4000015258789,87.47000122070312,88.33999633789062,61.454647064208984,1674700
2017-09-12,88.30000305175781,88.33999633789062,86.72000122070312,87.27999877929688,60.71724319458008,2900200
2017-09-13,87.22000122070312,87.23999786376953,86.66000366210938,86.7699966430664,60.362449645996094,2544800
2017-09-14,86.73999786376953,87.58000183105469,86.52999877929688,87.5,60.87025833129883,2755900
2017-09-15,87.5,87.77999877929688,86.81999969482422,87.30000305175781,60.731143951416016,6419300
2017-09-18,87.30000305175781,87.30999755859375,85.52999877929688,86.05999755859375,59.86854553222656,2868200
2017-09-19,86.05999755859375,86.2699966430664,85.87999725341797,85.9800033569336,59.81287384033203,1954300
2017-09-20,86.20999908447266,86.25,84.86000061035156,85.19999694824219,59.270267486572266,2982700
2017-09-21,85.22000122070312,85.66000366210938,85.0,85.16000366210938,59.24244689941406,2456100
2017-09-22,85.36000061035156,85.4000015258789,84.22000122070312,84.25,58.60940170288086,1799200
2017-09-25,84.25,85.13999938964844,84.23999786376953,85.13999938964844,59.22853469848633,2117300
2017-09-26,85.04000091552734,85.16000366210938,84.69000244140625,84.81999969482422,59.005897521972656,1570600
2017-09-27,84.4000015258789,84.5999984741211,83.5199966430664,83.94000244140625,58.39373779296875,2318900
2017-09-28,83.6500015258789,84.5,83.4000015258789,84.26000213623047,58.616363525390625,2365800
2017-09-29,84.12999725341797,84.22000122070312,83.5999984741211,83.91999816894531,58.37982940673828,2384500
2017-10-02,84.06999969482422,84.62000274658203,83.77999877929688,84.36000061035156,58.68589782714844,2601100
2017-10-03,84.19999694824219,84.2300033569336,83.5199966430664,83.8499984741211,58.33112335205078,1926600
2017-10-04,83.9000015258789,84.4800033569336,83.6500015258789,84.47000122070312,58.762420654296875,3088800
2017-10-05,84.55999755859375,84.72000122070312,84.13999938964844,84.29000091552734,58.63720703125,2060300
2017-10-06,84.01000213623047,84.73999786376953,83.80000305175781,84.63999938964844,58.88070297241211,2744500
2017-10-09,84.75,85.25,84.69000244140625,84.81999969482422,59.005897521972656,2720900
2017-10-10,85.0,85.87999725341797,84.80000305175781,85.79000091552734,59.68070983886719,1593100
2017-10-11,85.80000305175781,86.68000030517578,85.76000213623047,86.38999938964844,60.09811019897461,2235900
2017-10-12,86.44999694824219,87.06999969482422,86.4000015258789,86.97000122070312,60.501590728759766,2272900
2017-10-13,87.18000030517578,87.5999984741211,86.75,86.79000091552734,60.3763542175293,2073000
2017-10-16,86.69999694824219,87.1500015258789,86.41999816894531,87.12999725341797,60.61288070678711,1728700
2017-10-17,86.98999786376953,87.58999633789062,86.77999877929688,87.51000213623047,60.87723159790039,2355500
2017-10-18,87.33999633789062,87.45999908447266,86.51000213623047,87.04000091552734,60.55028533935547,1530600
2017-10-19,87.0199966430664,87.87999725341797,87.01000213623047,87.8499984741211,61.1137580871582,1672500
2017-10-20,87.7300033569336,88.05999755859375,87.5199966430664,87.93000030517578,61.169403076171875,2033600
2017-10-23,87.95999908447266,88.0,86.87999725341797,87.54000091552734,60.898109436035156,2609600
2017-10-24,87.6500015258789,88.05999755859375,87.33999633789062,87.98999786376953,61.21115493774414,2197800
2017-10-25,87.61000061035156,87.95999908447266,86.70999908447266,87.75,61.04419708251953,2268400
2017-10-26,88.12000274658203,88.55000305175781,87.3499984741211,87.36000061035156,60.77290344238281,2708400
2017-10-27,87.2300033569336,88.5199966430664,87.12000274658203,87.94999694824219,61.183345794677734,2059800
2017-10-30,87.77999877929688,88.19999694824219,87.68000030517578,88.11000061035156,61.29463577270508,2262300
2017-10-31,88.0,88.63999938964844,87.80000305175781,88.30999755859375,61.43376922607422,2666700
2017-11-01,88.55999755859375,88.55999755859375,87.55999755859375,87.86000061035156,61.12071990966797,2023900
2017-11-02,88.0,88.7300033569336,87.66999816894531,88.55999755859375,61.607669830322266,3518300
2017-11-03,88.27999877929688,89.5,88.16000366210938,88.5199966430664,61.57984161376953,2405200
2017-11-06,88.36000061035156,88.72000122070312,87.7699966430664,87.87000274658203,61.12766647338867,2557000
2017-11-07,88.08000183105469,89.43000030517578,87.61000061035156,89.36000061035156,62.16419982910156,2315000
2017-11-08,89.1500015258789,89.68000030517578,88.66999816894531,89.2300033569336,62.07376480102539,3057700
2017-11-09,89.05999755859375,89.73999786376953,88.91000366210938,89.62999725341797,62.352012634277344,2101600
2017-11-10,89.0999984741211,89.29000091552734,88.6500015258789,88.88999938964844,61.83726119995117,2216700
2017-11-13,89.05999755859375,90.22000122070312,88.9800033569336,89.87999725341797,62.52594757080078,2626600
2017-11-14,89.68000030517578,91.13999938964844,89.61000061035156,91.08999633789062,63.36770248413086,2713100
2017-11-15,91.37999725341797,91.80000305175781,90.41999816894531,90.58000183105469,63.012916564941406,3304400
2017-11-16,89.75,89.91000366210938,88.87999725341797,89.20999908447266,62.67567443847656,3205200
2017-11-17,88.86000061035156,89.27999877929688,88.44999694824219,88.5199966430664,62.1909065246582,2652700
2017-11-20,88.62000274658203,88.98999786376953,88.31999969482422,88.66000366210938,62.28928756713867,2558500
2017-11-21,88.76000213623047,89.19999694824219,88.66000366210938,88.80999755859375,62.394657135009766,2467000
2017-11-22,88.73999786376953,88.88999938964844,88.29000091552734,88.62999725341797,62.268211364746094,1653000
2017-11-24,88.81999969482422,89.08000183105469,88.63999938964844,88.77999877929688,62.37358474731445,936300
2017-11-27,88.88999938964844,89.0199966430664,88.41000366210938,88.87999725341797,62.443851470947266,3129300
2017-11-28,89.08000183105469,89.4000015258789,88.68000030517578,88.9800033569336,62.51409912109375,3013700
2017-11-29,88.7699966430664,89.3499984741211,88.31999969482422,89.0,62.528160095214844,2917800
2017-11-30,89.1500015258789,89.41000366210938,88.73999786376953,89.18000030517578,62.654598236083984,4393100
2017-12-01,89.38999938964844,89.72000122070312,88.19000244140625,88.7300033569336,62.33847427368164,3088500
2017-12-04,89.06999969482422,89.43000030517578,88.43000030517578,88.62000274658203,62.26117706298828,2552300
2017-12-05,88.70999908447266,88.75,87.44999694824219,87.95999908447266,61.79749298095703,3261300
2017-12-06,88.2300033569336,88.5,87.87999725341797,88.30999755859375,62.043373107910156,1970100
2017-12-07,88.25,88.2699966430664,87.54000091552734,87.9000015258789,61.75532531738281,2346000
2017-12-08,87.56999969482422,88.12000274658203,87.56999969482422,88.05000305175781,61.8607177734375,2701700
2017-12-11,87.80999755859375,88.38999938964844,87.55000305175781,88.37000274658203,62.085540771484375,2244200
2017-12-12,88.01000213623047,88.2300033569336,87.06999969482422,87.12999725341797,61.21436309814453,2787200
2017-12-13,87.43000030517578,88.19000244140625,87.1500015258789,87.55999755859375,61.51646041870117,3938200
2017-12-14,87.5199966430664,87.83999633789062,86.72000122070312,87.55999755859375,61.51646041870117,2437800
2017-12-15,87.70999908447266,88.16000366210938,87.55000305175781,87.83999633789062,61.713157653808594,6372800
2017-12-18,88.0,88.1500015258789,86.4000015258789,86.54000091552734,60.79982376098633,3166000
2017-12-19,86.66000366210938,86.7300033569336,84.93000030517578,85.01000213623047,59.724918365478516,2635100
2017-12-20,85.0,85.4000015258789,84.43000030517578,84.48999786376953,59.35959243774414,2011400
2017-12-21,84.44999694824219,84.7699966430664,83.75,84.30000305175781,59.226104736328125,2966400
2017-12-22,84.4000015258789,84.62000274658203,83.97000122070312,84.16999816894531,59.134761810302734,1683900
2017-12-26,84.26000213623047,84.37999725341797,83.55999755859375,83.5999984741211,58.73432922363281,1223100
2017-12-27,83.63999938964844,84.0999984741211,83.63999938964844,83.9800033569336,59.00128936767578,1663700
2017-12-28,84.08000183105469,84.26000213623047,83.86000061035156,83.98999786376953,59.00830078125,1904400
2017-12-29,84.27999877929688,84.58000183105469,83.9800033569336,84.11000061035156,59.09260177612305,2210700
2018-01-02,84.27999877929688,84.41999816894531,82.9000015258789,83.2300033569336,58.474365234375,3167900
2018-01-03,83.05999755859375,83.79000091552734,82.83999633789062,82.97000122070312,58.29170608520508,2690200
2018-01-04,82.81999969482422,83.2300033569336,82.1500015258789,82.31999969482422,57.835018157958984,2475800
2018-01-05,82.51000213623047,82.75,81.3499984741211,81.94000244140625,57.568058013916016,3827200
2018-01-08,81.9800033569336,82.30999755859375,81.72000122070312,82.19999694824219,57.75071334838867,3560000
2018-01-09,82.02999877929688,82.02999877929688,80.95999908447266,81.23999786376953,57.07627868652344,2781700
2018-01-10,80.77999877929688,80.94999694824219,79.91999816894531,80.11000061035156,56.28236389160156,3227200
2018-01-11,79.51000213623047,80.13999938964844,79.0,79.27999877929688,55.69923400878906,4087200
2018-01-12,79.0,79.61000061035156,78.55000305175781,78.9000015258789,55.4322509765625,3211400
2018-01-16,79.08999633789062,79.2699966430664,78.20999908447266,78.41999816894531,55.09502029418945,4375300
2018-01-17,78.36000061035156,78.69999694824219,77.62000274658203,78.41000366210938,55.0880126953125,4125200
2018-01-18,78.63999938964844,78.63999938964844,77.05000305175781,77.33999633789062,54.33626174926758,4757600
2018-01-19,77.47000122070312,77.81999969482422,76.63999938964844,76.81999969482422,53.9709358215332,4536700
2018-01-22,77.16000366210938,77.6500015258789,76.8499984741211,76.94999694824219,54.062252044677734,3720100
2018-01-23,77.75,78.44999694824219,77.23999786376953,77.70999908447266,54.59621047973633,4033900
2018-01-24,77.69999694824219,77.7300033569336,77.20999908447266,77.23999786376953,54.2659912109375,3601700
2018-01-25,77.2300033569336,79.22000122070312,77.19999694824219,78.9000015258789,55.4322509765625,4842900
2018-01-26,78.93000030517578,79.04000091552734,78.05999755859375,78.83000183105469,55.3830680847168,3944500
2018-01-29,78.55000305175781,78.56999969482422,77.16999816894531,77.29000091552734,54.30113983154297,4901300
2018-01-30,77.0999984741211,77.91000366210938,76.97000122070312,77.66000366210938,54.56107711791992,3969200
2018-01-31,77.77999877929688,78.58000183105469,77.25,78.5,55.15122604370117,4007000
2018-02-01,78.31999969482422,78.6500015258789,76.66999816894531,76.83999633789062,53.98497772216797,4328600
2018-02-02,76.81999969482422,77.7300033569336,76.43000030517578,76.52999877929688,53.767181396484375,4252400
2018-02-05,76.6500015258789,77.58999633789062,75.7300033569336,75.80999755859375,53.2613525390625,5852100
2018-02-06,75.1500015258789,75.25,72.93000030517578,74.48999786376953,52.33395004272461,7810800
2018-02-07,74.45999908447266,75.55999755859375,74.18000030517578,74.4000015258789,52.27072525024414,4840400
2018-02-08,74.08999633789062,75.87000274658203,73.80000305175781,74.31999969482422,52.21452331542969,6160100
2018-02-09,74.31999969482422,76.72000122070312,73.86000061035156,76.0999984741211,53.46507263183594,6312300
2018-02-12,76.12000274658203,77.25,75.66000366210938,76.80999755859375,53.96389389038086,4373100
2018-02-13,76.54000091552734,77.30000305175781,75.81999969482422,77.08000183105469,54.15360641479492,3808000
2018-02-14,76.62000274658203,76.66000366210938,75.44999694824219,75.4800033569336,53.029510498046875,4563000
2018-02-15,74.7699966430664,76.20999908447266,74.66000366210938,76.19999694824219,54.174102783203125,3923800
2018-02-16,76.06999969482422,76.88999938964844,75.7699966430664,76.69999694824219,54.529605865478516,3796600
2018-02-20,76.20999908447266,76.62000274658203,74.81999969482422,75.69000244140625,53.81153106689453,4017000
2018-02-21,75.58000183105469,76.5,75.30000305175781,75.33000183105469,53.55559539794922,4242800
2018-02-22,75.4800033569336,76.25,75.16999816894531,75.54000091552734,53.70489501953125,3103900
2018-02-23,75.44999694824219,77.30000305175781,75.37999725341797,77.22000122070312,54.89926528930664,2839100
2018-02-26,79.11000061035156,79.62999725341797,77.6500015258789,77.91999816894531,55.396949768066406,5253800
2018-02-27,77.87999725341797,78.29000091552734,76.33000183105469,76.33000183105469,54.26653289794922,4088600
2018-02-28,76.0199966430664,76.55999755859375,75.30999755859375,75.33999633789062,53.56270217895508,3321700
2018-03-01,75.3499984741211,76.81999969482422,75.16000366210938,75.55999755859375,53.7191047668457,3209700
2018-03-02,75.45999908447266,76.30000305175781,74.58000183105469,75.3499984741211,53.5698127746582,3631400
2018-03-05,75.22000122070312,77.66999816894531,74.87000274658203,77.48999786376953,55.09123992919922,3840600
2018-03-06,77.2300033569336,77.38999938964844,75.62999725341797,75.86000061035156,53.932395935058594,3655400
2018-03-07,75.41000366210938,75.69999694824219,74.93000030517578,75.25,53.49872589111328,9936900
2018-03-08,75.52999877929688,76.02999877929688,75.23999786376953,75.98999786376953,54.02483367919922,4733900
2018-03-09,75.9000015258789,76.1500015258789,75.5199966430664,76.12999725341797,54.124351501464844,3870100
2018-03-12,76.12000274658203,76.7300033569336,76.05999755859375,76.55000305175781,54.42295455932617,3581800
2018-03-13,76.9000015258789,77.33000183105469,76.19000244140625,76.47000122070312,54.36607360839844,6365000
2018-03-14,76.70999908447266,77.33000183105469,76.44999694824219,77.0,54.74287414550781,3788900
2018-03-15,76.87000274658203,77.62999725341797,76.29000091552734,76.73999786376953,54.55801773071289,4619000
2018-03-16,76.9000015258789,77.7300033569336,76.73999786376953,77.58999633789062,55.16233825683594,6667100
2018-03-19,77.80000305175781,77.87000274658203,76.70999908447266,77.04000091552734,54.77130889892578,5503500
2018-03-20,77.0199966430664,77.37000274658203,76.33000183105469,76.43000030517578,54.337642669677734,3888500
2018-03-21,76.43000030517578,77.22000122070312,75.83999633789062,76.18000030517578,54.15990447998047,4051400
2018-03-22,76.33999633789062,77.52999877929688,76.08000183105469,76.19000244140625,54.1670036315918,3704800
2018-03-23,76.5199966430664,76.91999816894531,75.02999877929688,75.16999816894531,53.44184494018555,3033400
2018-03-26,75.30000305175781,76.06999969482422,75.2300033569336,75.91999816894531,53.97504806518555,2805900
2018-03-27,75.98999786376953,77.69000244140625,75.7699966430664,77.0999984741211,54.813968658447266,4338900
2018-03-28,77.31999969482422,77.76000213623047,76.55999755859375,77.41999816894531,55.04145431518555,4543200
2018-03-29,77.08999633789062,77.91000366210938,77.04000091552734,77.47000122070312,55.077030181884766,3962500
2018-04-02,77.55000305175781,78.05000305175781,76.56999969482422,77.0999984741211,54.813968658447266,3741100
2018-04-03,77.0,77.63999938964844,76.68000030517578,77.26000213623047,54.92772674560547,2971400
2018-04-04,77.1500015258789,77.91000366210938,76.70999908447266,77.70999908447266,55.247650146484375,3467600
2018-04-05,77.69000244140625,78.79000091552734,76.76000213623047,78.5999984741211,55.8803825378418,3934200
2018-04-06,78.58999633789062,78.9000015258789,78.05999755859375,78.16000366210938,55.567562103271484,3411900
2018-04-09,78.13999938964844,79.05000305175781,78.04000091552734,78.47000122070312,55.787967681884766,3855100
2018-04-10,78.47000122070312,78.55999755859375,77.25,77.5199966430664,55.112552642822266,4187900
2018-04-11,77.3499984741211,77.77999877929688,76.79000091552734,77.08000183105469,54.79975891113281,2426800
2018-04-12,77.08999633789062,77.37999725341797,75.95999908447266,76.13999938964844,54.13145446777344,2369000
2018-04-13,76.2699966430664,76.98999786376953,76.26000213623047,76.66999816894531,54.50827407836914,3993200
2018-04-16,76.81999969482422,78.08000183105469,76.80000305175781,77.95999908447266,55.42538070678711,2402900
2018-04-17,78.01000213623047,78.75,77.79000091552734,78.5,55.809288024902344,1727800
2018-04-18,78.6500015258789,79.41999816894531,78.2699966430664,78.27999877929688,55.65290451049805,2057000
2018-04-19,78.16000366210938,78.61000061035156,77.8499984741211,78.5199966430664,55.823509216308594,2423300
2018-04-20,78.62999725341797,78.72000122070312,77.52999877929688,77.68000030517578,55.22629928588867,2764000
2018-04-23,77.87999725341797,78.2300033569336,77.56999969482422,77.98999786376953,55.44670486450195,2172700
2018-04-24,78.22000122070312,78.73999786376953,77.7699966430664,78.22000122070312,55.61022186279297,4273000
2018-04-25,78.16000366210938,78.9000015258789,77.81999969482422,78.88999938964844,56.086570739746094,3282100
2018-04-26,78.87000274658203,79.91999816894531,78.52999877929688,79.83999633789062,56.76194381713867,2810000
2018-04-27,79.5999984741211,80.75,79.5,80.5,57.2311897277832,2600500
2018-04-30,80.63999938964844,80.8499984741211,80.05999755859375,80.16000366210938,56.989463806152344,2658100
2018-05-01,80.16000366210938,80.30000305175781,79.62000274658203,79.83000183105469,56.75484085083008,2423200
2018-05-02,79.83999633789062,80.37000274658203,79.56999969482422,79.9800033569336,56.86150360107422,2586200
2018-05-03,79.75,80.08999633789062,78.81999969482422,79.76000213623047,56.7050895690918,3522600
2018-05-04,79.7699966430664,80.41000366210938,79.58000183105469,79.87999725341797,56.79039764404297,3853900
2018-05-07,79.87000274658203,80.12999725341797,79.44000244140625,79.5,56.520240783691406,2901400
2018-05-08,79.30999755859375,79.38999938964844,77.62999725341797,77.87999725341797,55.368499755859375,4333400
2018-05-09,77.80999755859375,77.94999694824219,76.87999725341797,77.63999938964844,55.19788360595703,3853500
2018-05-10,78.80000305175781,79.4800033569336,77.54000091552734,78.16000366210938,55.567562103271484,4605300
2018-05-11,78.20999908447266,78.4000015258789,77.52999877929688,77.91000366210938,55.38985824584961,4231000
2018-05-14,78.06999969482422,78.22000122070312,77.36000061035156,77.83000183105469,55.33297348022461,3972500
2018-05-15,77.3499984741211,77.66000366210938,76.56999969482422,76.93000030517578,54.693111419677734,3889100
2018-05-16,76.93000030517578,77.06999969482422,75.5,76.02999877929688,54.053245544433594,5483400
2018-05-17,75.05000305175781,75.27999877929688,73.91000366210938,74.1500015258789,53.34108352661133,3474800
2018-05-18,74.2699966430664,74.55000305175781,73.12999725341797,73.80000305175781,53.08930206298828,3721000
2018-05-21,73.9800033569336,74.05999755859375,73.3499984741211,73.68000030517578,53.002986907958984,3301700
2018-05-22,73.43000030517578,74.30999755859375,73.4000015258789,74.06999969482422,53.28353500366211,2957300
2018-05-23,74.33000183105469,75.05000305175781,74.19000244140625,74.87000274658203,53.8590202331543,2901100
2018-05-24,74.87000274658203,75.80000305175781,74.63999938964844,75.73999786376953,54.48487091064453,4162700
2018-05-25,75.73999786376953,76.0199966430664,75.58000183105469,75.80999755859375,54.53523635864258,2262600
2018-05-29,75.76000213623047,77.04000091552734,75.48999786376953,76.5999984741211,55.103546142578125,4468600
2018-05-30,76.2699966430664,77.19000244140625,76.04000091552734,76.9800033569336,55.376895904541016,2620800
2018-05-31,76.94000244140625,77.56999969482422,76.45999908447266,77.16000366210938,55.50638198852539,3587800
2018-06-01,77.12000274658203,77.1500015258789,75.52999877929688,76.08000183105469,54.72945785522461,3403200
2018-06-04,76.33000183105469,76.5,75.33999633789062,75.37000274658203,54.21870040893555,3234500
2018-06-05,75.44000244140625,75.51000213623047,74.58000183105469,74.75,53.7726936340332,2497300
2018-06-06,74.72000122070312,74.86000061035156,73.0,73.13999938964844,52.614524841308594,3949500
2018-06-07,73.13999938964844,74.27999877929688,72.83000183105469,73.4800033569336,52.859100341796875,3289800
2018-06-08,73.54000091552734,73.76000213623047,72.87000274658203,73.12000274658203,52.600135803222656,3268500
2018-06-11,73.0199966430664,73.23999786376953,71.95999908447266,72.12000274658203,51.88077163696289,4922400
2018-06-12,72.12999725341797,72.8499984741211,71.9800033569336,72.4800033569336,52.139747619628906,4694200
2018-06-13,72.54000091552734,72.87999725341797,72.01000213623047,72.25,51.97428512573242,5618200
2018-06-14,72.5,73.68000030517578,72.37000274658203,73.45999908447266,52.8447265625,5079900
2018-06-15,73.29000091552734,74.4000015258789,73.0999984741211,74.30000305175781,53.448997497558594,6493000
2018-06-18,74.27999877929688,74.6500015258789,74.04000091552734,74.41000366210938,53.52812576293945,3223900
2018-06-19,74.7300033569336,75.8499984741211,74.58999633789062,75.66999816894531,54.43451690673828,4039400
2018-06-20,76.29000091552734,76.5999984741211,75.7699966430664,76.19000244140625,54.80859375,3660900
2018-06-21,76.19000244140625,77.18000030517578,76.06999969482422,76.91000366210938,55.3265380859375,4198700
2018-06-22,76.9000015258789,77.66999816894531,76.76000213623047,77.43000030517578,55.70061492919922,3184200
2018-06-25,77.5,79.16999816894531,77.47000122070312,79.08000183105469,56.887550354003906,4768200
2018-06-26,78.9800033569336,79.52999877929688,78.6500015258789,78.79000091552734,56.67893600463867,4402500
2018-06-27,78.76000213623047,79.70999908447266,78.5,79.5199966430664,57.20408248901367,3978400
2018-06-28,79.75,80.1500015258789,79.0999984741211,79.2300033569336,56.99546813964844,2659400
2018-06-29,79.05999755859375,79.54000091552734,78.51000213623047,79.08000183105469,56.887550354003906,3385000
2018-07-02,79.20999908447266,79.86000061035156,78.9000015258789,79.76000213623047,57.37673568725586,2570000
2018-07-03,79.76000213623047,80.43000030517578,79.44999694824219,79.80999755859375,57.41270065307617,2568600
2018-07-05,79.95999908447266,80.62000274658203,79.61000061035156,80.61000061035156,57.988197326660156,3964600
2018-07-06,80.58000183105469,81.69999694824219,80.48999786376953,81.62000274658203,58.71474075317383,2963000
2018-07-09,81.58999633789062,81.58999633789062,78.37000274658203,78.63999938964844,56.5710563659668,4505700
2018-07-10,78.41999816894531,79.94000244140625,77.9000015258789,79.5199966430664,57.20408248901367,3763200
2018-07-11,79.70999908447266,80.58000183105469,79.69000244140625,80.37999725341797,57.822715759277344,3921000
2018-07-12,80.41000366210938,80.63999938964844,80.0999984741211,80.5,57.909061431884766,3655400
2018-07-13,80.66999816894531,80.93000030517578,79.9800033569336,80.62000274658203,57.99538040161133,3366200
2018-07-16,80.69000244140625,80.9800033569336,80.08000183105469,80.77999877929688,58.110477447509766,4171500
2018-07-17,80.94000244140625,81.0,80.54000091552734,80.6500015258789,58.016963958740234,2271400
2018-07-18,80.73999786376953,80.73999786376953,79.9000015258789,80.44000244140625,57.865909576416016,3103400
2018-07-19,80.62999725341797,81.75,80.51000213623047,81.19999694824219,58.412620544433594,3009000
2018-07-20,81.05999755859375,81.33000183105469,80.0,80.6500015258789,58.016963958740234,3013500
2018-07-23,81.2300033569336,81.2300033569336,79.66999816894531,79.97000122070312,57.527793884277344,2844900
2018-07-24,80.0999984741211,80.13999938964844,78.77999877929688,79.88999938964844,57.47025680541992,4065500
2018-07-25,79.79000091552734,80.62000274658203,79.69000244140625,80.18000030517578,57.678871154785156,2582100
2018-07-26,80.44999694824219,81.33999633789062,80.41000366210938,81.13999938964844,58.369449615478516,2812000
2018-07-27,81.0,81.69999694824219,80.75,81.08999633789062,58.33348846435547,2097200
2018-07-30,80.8499984741211,81.19999694824219,80.5999984741211,80.7699966430664,58.103294372558594,2306900
2018-07-31,81.19999694824219,81.70999908447266,80.76000213623047,81.62000274658203,58.71474075317383,3691100
2018-08-01,81.13999938964844,81.44000244140625,80.13999938964844,81.05000305175781,58.30471420288086,3478500
2018-08-02,80.62999725341797,81.19999694824219,79.51000213623047,80.44999694824219,57.87309265136719,4075600
2018-08-03,80.5199966430664,81.72000122070312,80.29000091552734,81.55000305175781,58.66441345214844,3122300
2018-08-06,81.56999969482422,82.22000122070312,80.80000305175781,81.12000274658203,58.35506820678711,3285600
2018-08-07,81.12000274658203,81.18000030517578,80.0,80.87999725341797,58.182403564453125,2629400
2018-08-08,80.62000274658203,80.9000015258789,80.18000030517578,80.43000030517578,57.85871505737305,2429900
2018-08-09,80.45999908447266,80.87000274658203,80.27999877929688,80.80999755859375,58.132080078125,1658000
2018-08-10,80.9800033569336,81.80000305175781,80.8499984741211,80.88999938964844,58.189613342285156,3467100
2018-08-13,80.91999816894531,81.12000274658203,80.5199966430664,80.94000244140625,58.22559356689453,4051000
2018-08-14,80.97000122070312,81.52999877929688,80.77999877929688,81.22000122070312,58.42701721191406,2379000
2018-08-15,81.44000244140625,82.44999694824219,81.30999755859375,81.86000061035156,58.887393951416016,3683400
2018-08-16,80.91000366210938,81.83999633789062,80.55000305175781,81.79000091552734,59.51169204711914,3104900
2018-08-17,81.63999938964844,82.72000122070312,81.58000183105469,82.27999877929688,59.86822509765625,3090200
2018-08-20,82.37999725341797,82.56999969482422,81.62000274658203,81.80999755859375,59.52625274658203,2643600
2018-08-21,81.70999908447266,81.77999877929688,80.83000183105469,81.27999877929688,59.140602111816406,2623400
2018-08-22,81.4000015258789,81.80000305175781,80.54000091552734,80.83000183105469,58.81318664550781,3050000
2018-08-23,80.7300033569336,81.44999694824219,80.66999816894531,80.87999725341797,58.84955978393555,1828100
2018-08-24,81.06999969482422,81.48999786376953,80.66000366210938,81.41000366210938,59.235191345214844,2296600
2018-08-27,81.41999816894531,81.58999633789062,80.30000305175781,80.58999633789062,58.6385612487793,2559200
2018-08-28,80.44000244140625,80.62000274658203,80.16000366210938,80.3499984741211,58.46392822265625,2307900
2018-08-29,80.48999786376953,80.77999877929688,80.19000244140625,80.7300033569336,58.74042892456055,2322700
2018-08-30,80.95999908447266,81.44999694824219,80.63999938964844,81.31999969482422,59.169708251953125,2738700
2018-08-31,81.30000305175781,81.80000305175781,80.87000274658203,81.23999786376953,59.111507415771484,3837400
2018-09-04,81.37999725341797,81.87999725341797,81.23999786376953,81.41999816894531,59.242488861083984,2887100
2018-09-05,81.51000213623047,83.30000305175781,81.51000213623047,83.19000244140625,60.530357360839844,4884700
2018-09-06,82.62000274658203,83.7699966430664,82.62000274658203,83.47000122070312,60.73408508300781,3213600
2018-09-07,82.81999969482422,83.19000244140625,81.94000244140625,82.47000122070312,60.00648498535156,3113000
2018-09-10,82.72000122070312,83.2300033569336,82.26000213623047,82.30999755859375,59.89006042480469,4512800
2018-09-11,82.44000244140625,82.80000305175781,81.2699966430664,81.37999725341797,59.21337127685547,4085500
2018-09-12,81.2300033569336,81.5,80.61000061035156,80.88999938964844,58.85683822631836,4646300
2018-09-13,80.91000366210938,82.20999908447266,80.55000305175781,82.1500015258789,59.77363967895508,4725200
2018-09-14,81.98999786376953,82.0,81.04000091552734,81.69999694824219,59.44620895385742,3102700
2018-09-17,81.7699966430664,82.13999938964844,81.26000213623047,82.08000183105469,59.722713470458984,3052100
2018-09-18,82.44000244140625,82.5,81.66000366210938,81.91999816894531,59.60627746582031,4191000
2018-09-19,81.88999938964844,81.95999908447266,79.62000274658203,80.08999633789062,58.27473831176758,4469600
2018-09-20,80.0,80.73999786376953,79.2699966430664,80.62000274658203,58.6603889465332,4074900
2018-09-21,80.5,80.91999816894531,78.52999877929688,79.81999969482422,58.07829284667969,15566200
2018-09-24,79.70999908447266,79.97000122070312,79.43000030517578,79.61000061035156,57.92549514770508,3633700
2018-09-25,79.5999984741211,79.69999694824219,78.55000305175781,78.80999755859375,57.343406677246094,4748700
2018-09-26,78.80000305175781,79.25,78.04000091552734,78.08999633789062,56.81950378417969,5169800
2018-09-27,78.0,79.31999969482422,78.0,78.94000244140625,57.43799591064453,3256000
2018-09-28,79.12999725341797,80.05999755859375,79.0999984741211,80.0199966430664,58.223819732666016,4540900
2018-10-01,79.91000366210938,80.0,79.19000244140625,79.55000305175781,57.88182830810547,2727200
2018-10-02,79.93000030517578,80.75,79.91000366210938,80.41999816894531,58.51484680175781,2509500
2018-10-03,80.33999633789062,80.61000061035156,78.5199966430664,79.19000244140625,57.61989974975586,4127400
2018-10-04,79.11000061035156,80.02999877929688,78.55999755859375,79.94000244140625,58.165611267089844,3620300
2018-10-05,79.9000015258789,81.72000122070312,79.83000183105469,81.4000015258789,59.22793197631836,4824800
2018-10-08,81.5,82.94999694824219,81.3499984741211,82.13999938964844,59.76637268066406,4450200
2018-10-09,82.2699966430664,82.69000244140625,81.80999755859375,82.25,59.846405029296875,4204200
2018-10-10,82.19999694824219,83.30999755859375,81.83000183105469,81.87999725341797,59.5771598815918,5042100
2018-10-11,82.1500015258789,82.41000366210938,79.66999816894531,79.9800033569336,58.194732666015625,6074700
2018-10-12,79.7699966430664,80.11000061035156,79.01000213623047,79.98999786376953,58.201988220214844,5821700
2018-10-15,79.91999816894531,80.8499984741211,79.70999908447266,80.12999725341797,58.303855895996094,3018400
2018-10-16,80.05000305175781,81.41000366210938,79.75,80.94000244140625,58.893226623535156,3333200
2018-10-17,80.81999969482422,81.06999969482422,80.19000244140625,80.7699966430664,58.76953887939453,2670600
2018-10-18,81.48999786376953,81.73999786376953,80.91000366210938,81.26000213623047,59.12606430053711,4274200
2018-10-19,81.25,83.41999816894531,81.2300033569336,82.75,60.210201263427734,4395800
2018-10-22,83.0199966430664,83.20999908447266,82.33000183105469,82.63999938964844,60.13016128540039,4275800
2018-10-23,82.97000122070312,84.02999877929688,82.20999908447266,82.30000305175781,59.882789611816406,4882800
2018-10-24,82.63999938964844,85.08000183105469,82.27999877929688,84.75,61.665435791015625,4890200
2018-10-25,84.5,84.55000305175781,83.41000366210938,83.63999938964844,60.85778045654297,6787900
2018-10-26,84.0199966430664,84.63999938964844,81.41999816894531,81.88999938964844,59.58445739746094,5326900
2018-10-29,82.08999633789062,83.62000274658203,81.87999725341797,83.45999908447266,60.726829528808594,4157900
2018-10-30,83.80000305175781,84.2300033569336,82.62999725341797,83.83000183105469,60.99604034423828,2996000
2018-10-31,83.22000122070312,83.3499984741211,82.04000091552734,82.62999725341797,60.122901916503906,4084000
2018-11-01,82.56999969482422,82.62999725341797,80.95999908447266,81.66000366210938,59.4171142578125,6994300
2018-11-02,83.41000366210938,83.83000183105469,80.88999938964844,82.58999633789062,60.093780517578125,7038400
2018-11-05,83.08000183105469,83.83999633789062,82.68000030517578,83.58000183105469,60.814144134521484,3057700
2018-11-06,83.66000366210938,84.44999694824219,83.44000244140625,84.33000183105469,61.359840393066406,2642900
2018-11-07,84.75,84.77999877929688,83.58999633789062,84.69999694824219,61.62907028198242,2981500
2018-11-08,84.73999786376953,85.0199966430664,83.33000183105469,84.33000183105469,61.359840393066406,3002400
2018-11-09,84.5,85.7699966430664,84.25,85.58000183105469,62.269351959228516,4432500
2018-11-12,85.25,86.95999908447266,85.19999694824219,85.91999816894531,62.51675033569336,3250900
2018-11-13,85.9000015258789,86.62000274658203,85.30000305175781,86.3499984741211,62.829627990722656,2833200
2018-11-14,85.9000015258789,86.94999694824219,85.6500015258789,86.41999816894531,62.88054656982422,3860600
2018-11-15,84.83999633789062,86.29000091552734,84.04000091552734,86.13999938964844,63.35716247558594,4481100
2018-11-16,86.44000244140625,87.0999984741211,85.88999938964844,86.68000030517578,63.75436019897461,3351200
2018-11-19,86.58000183105469,87.70999908447266,86.5,87.63999938964844,64.46041870117188,4114400
2018-11-20,88.06999969482422,89.2300033569336,87.80000305175781,88.5199966430664,65.1076889038086,6879300
2018-11-21,88.05000305175781,88.18000030517578,86.12000274658203,86.44999694824219,63.585174560546875,3640300
2018-11-23,86.62000274658203,86.98999786376953,86.19999694824219,86.75,63.80583572387695,1448300
2018-11-26,86.69999694824219,87.30000305175781,86.26000213623047,86.9800033569336,63.975006103515625,2169100
2018-11-27,87.0199966430664,88.0,86.52999877929688,87.83000183105469,64.6001968383789,2383400
2018-11-28,87.69999694824219,87.87999725341797,86.91000366210938,87.5999984741211,64.43101501464844,2950200
2018-11-29,87.61000061035156,88.05999755859375,86.6500015258789,87.5999984741211,64.43101501464844,2940100
2018-11-30,87.79000091552734,88.7300033569336,87.20999908447266,88.56999969482422,65.14446258544922,4829300
2018-12-03,88.0,89.62999725341797,87.19999694824219,89.62000274658203,65.91674041748047,3904800
2018-12-04,89.76000213623047,90.69999694824219,89.62999725341797,90.05000305175781,66.23303985595703,5598100
2018-12-06,90.5,90.63999938964844,88.36000061035156,89.83000183105469,66.07121276855469,4758300
2018-12-07,89.94999694824219,90.55000305175781,89.22000122070312,89.98999786376953,66.18888854980469,4985100
2018-12-10,90.16000366210938,90.66000366210938,88.80000305175781,90.51000213623047,66.5713882446289,3904000
2018-12-11,90.5,90.9800033569336,89.73999786376953,90.79000091552734,66.7773208618164,4707000
2018-12-12,90.79000091552734,91.25,89.5199966430664,89.5999984741211,65.90203857421875,5225800
2018-12-13,89.77999877929688,91.25,89.77999877929688,90.9000015258789,66.85821533203125,4180900
2018-12-14,91.0,91.3499984741211,90.18000030517578,90.75,66.74789428710938,3651900
2018-12-17,91.0,91.30000305175781,87.63999938964844,88.08999633789062,64.7914047241211,5527300
2018-12-18,88.43000030517578,89.2300033569336,87.23999786376953,87.66000366210938,64.47514343261719,4224100
2018-12-19,87.8499984741211,88.31999969482422,86.7300033569336,87.2300033569336,64.15888214111328,4832800
2018-12-20,87.4000015258789,89.11000061035156,86.37000274658203,88.13999938964844,64.82818603515625,4622300
2018-12-21,87.86000061035156,90.25,87.51000213623047,87.66999816894531,64.48251342773438,6798600
2018-12-24,87.66000366210938,88.38999938964844,83.26000213623047,83.91000366210938,61.716983795166016,2752700
2018-12-26,84.0,85.2699966430664,82.7699966430664,85.25,62.70256423950195,2616900
2018-12-27,85.38999938964844,85.95999908447266,83.93000030517578,85.95999908447266,63.224769592285156,3081700
2018-12-28,86.12000274658203,87.18000030517578,85.7699966430664,86.12000274658203,63.34245300292969,2447500
2018-12-31,86.33999633789062,86.5999984741211,85.30999755859375,86.30000305175781,63.4748649597168,2240100
2019-01-02,86.11000061035156,86.19000244140625,84.30000305175781,84.69999694824219,62.29802322387695,2857400
2019-01-03,84.76000213623047,85.5999984741211,84.05999755859375,84.66999816894531,62.275970458984375,2959700
2019-01-04,84.16000366210938,85.44999694824219,84.05999755859375,85.37000274658203,62.79081726074219,3278100
2019-01-07,84.8499984741211,85.38999938964844,84.33000183105469,85.01000213623047,62.526039123535156,3060200
2019-01-08,85.04000091552734,86.16999816894531,84.5,86.08000183105469,63.31303787231445,2350500
2019-01-09,84.95999908447266,86.0,84.33999633789062,84.80999755859375,62.37892150878906,3264400
2019-01-10,85.05000305175781,85.58999633789062,84.62999725341797,85.2699966430664,62.717281341552734,3758000
2019-01-11,85.20999908447266,85.20999908447266,84.20999908447266,84.61000061035156,62.23183822631836,3082400
2019-01-14,84.31999969482422,84.31999969482422,82.45999908447266,83.66000366210938,61.533103942871094,3931000
2019-01-15,83.5999984741211,85.45999908447266,83.33000183105469,85.13999938964844,62.62165069580078,2722900
2019-01-16,84.72000122070312,85.37999725341797,84.33999633789062,85.2699966430664,62.717281341552734,2279100
2019-01-17,85.29000091552734,85.7699966430664,84.91999816894531,85.63999938964844,62.989402770996094,1895700
2019-01-18,85.94000244140625,86.0199966430664,85.20999908447266,85.5999984741211,62.959991455078125,2842600
2019-01-22,85.01000213623047,86.51000213623047,84.8499984741211,85.61000061035156,62.967350006103516,2693600
2019-01-23,85.48999786376953,86.1500015258789,85.29000091552734,86.12999725341797,63.34981918334961,2629400
2019-01-24,86.2300033569336,86.7699966430664,85.36000061035156,86.69999694824219,63.76906204223633,2504400
2019-01-25,86.33999633789062,86.98999786376953,85.62999725341797,85.8499984741211,63.143856048583984,2472900
2019-01-28,86.0199966430664,86.29000091552734,85.12999725341797,85.6500015258789,62.996788024902344,2079100
2019-01-29,85.94999694824219,86.16000366210938,85.27999877929688,85.62999725341797,62.98207473754883,3625500
2019-01-30,85.36000061035156,86.54000091552734,85.26000213623047,86.05000305175781,63.29097366333008,2215100
2019-01-31,86.08999633789062,88.4800033569336,85.5199966430664,87.77999877929688,64.56341552734375,6869400
2019-02-01,87.77999877929688,88.05000305175781,86.86000061035156,87.77999877929688,64.56341552734375,3207100
2019-02-04,87.16000366210938,87.83000183105469,86.4800033569336,87.81999969482422,64.59281921386719,3301800
2019-02-05,87.91000366210938,88.6500015258789,87.41000366210938,88.5,65.09297943115234,3464300
2019-02-06,88.44999694824219,88.79000091552734,87.80999755859375,88.45999908447266,65.06356048583984,2467400
2019-02-07,88.4000015258789,89.5,87.8499984741211,89.4800033569336,65.81377410888672,2844600
2019-02-08,89.41999816894531,90.58000183105469,89.30000305175781,90.30000305175781,66.41690063476562,3716600
2019-02-11,90.08000183105469,90.6500015258789,89.69999694824219,90.16999816894531,66.32128143310547,2428100
2019-02-12,90.30000305175781,90.73999786376953,89.6500015258789,90.2300033569336,66.36543273925781,2676900
2019-02-13,89.9000015258789,90.20999908447266,89.31999969482422,89.58999633789062,65.89469146728516,5281400
2019-02-14,88.52999877929688,88.61000061035156,87.25,87.81999969482422,65.26890563964844,3987400
2019-02-15,88.44999694824219,88.48999786376953,87.0199966430664,87.51000213623047,65.03851318359375,4472900
2019-02-19,87.63999938964844,88.13999938964844,87.23999786376953,87.94000244140625,65.35811614990234,4358600
2019-02-20,87.94999694824219,89.05999755859375,87.54000091552734,88.8499984741211,66.03441619873047,3471200
2019-02-21,88.31999969482422,89.66000366210938,88.2699966430664,89.58999633789062,66.58438110351562,3167800
2019-02-22,89.69999694824219,90.29000091552734,89.36000061035156,89.91000366210938,66.82221984863281,2538500
2019-02-25,89.91000366210938,89.94999694824219,88.91999816894531,89.4800033569336,66.50263214111328,2551000
2019-02-26,89.62999725341797,89.88999938964844,88.19000244140625,88.87999725341797,66.05671691894531,3234500
2019-02-27,88.7300033569336,89.43000030517578,88.47000122070312,89.27999877929688,66.35399627685547,2112500
2019-02-28,89.20999908447266,89.98999786376953,89.0,89.66000366210938,66.63641357421875,4137300
2019-03-01,89.5999984741211,89.91000366210938,88.93000030517578,89.52999877929688,66.5398178100586,5613700
2019-03-04,89.81999969482422,89.94999694824219,88.9800033569336,89.87999725341797,66.79991912841797,3104400
2019-03-05,89.66000366210938,89.94000244140625,89.43000030517578,89.52999877929688,66.5398178100586,3513400
2019-03-06,89.6500015258789,89.95999908447266,89.36000061035156,89.56999969482422,66.56952667236328,3121400
2019-03-07,89.95999908447266,90.6500015258789,89.29000091552734,89.58000183105469,66.57698059082031,3531000
2019-03-08,89.91000366210938,90.2300033569336,89.30000305175781,90.19999694824219,67.0377426147461,2443800
2019-03-11,90.26000213623047,90.47000122070312,89.87999725341797,90.36000061035156,67.15666961669922,3720200
2019-03-12,90.47000122070312,90.87000274658203,90.11000061035156,90.51000213623047,67.26818084716797,4583700
2019-03-13,90.38999938964844,90.79000091552734,90.31999969482422,90.55999755859375,67.30530548095703,4510500
2019-03-14,90.47000122070312,91.08000183105469,90.12000274658203,90.36000061035156,67.15666961669922,3600300
2019-03-15,90.44999694824219,91.02999877929688,90.23999786376953,90.6500015258789,67.37220001220703,7614200
2019-03-18,90.86000061035156,90.91000366210938,89.7300033569336,90.05999755859375,66.9336929321289,3977000
2019-03-19,90.08000183105469,90.2300033569336,88.66000366210938,89.12000274658203,66.23507690429688,4656600
2019-03-20,89.33999633789062,90.16000366210938,89.0,89.37999725341797,66.42833709716797,3838800
2019-03-21,89.4000015258789,90.23999786376953,89.20999908447266,89.91000366210938,66.82221984863281,4461100
2019-03-22,90.16000366210938,91.66999816894531,89.91000366210938,90.69999694824219,67.40936279296875,4174400
2019-03-25,90.9000015258789,91.12999725341797,90.44999694824219,90.7699966430664,67.46138000488281,3350900
2019-03-26,90.69999694824219,91.66999816894531,90.62999725341797,91.52999877929688,68.02621459960938,3342100
2019-03-27,91.58999633789062,91.62999725341797,90.2300033569336,90.4800033569336,67.24584197998047,3592200
2019-03-28,90.68000030517578,90.9000015258789,89.0199966430664,89.37999725341797,66.42833709716797,4565800
2019-03-29,89.2300033569336,90.08999633789062,88.80999755859375,90.0,66.88910675048828,5434800
2019-04-01,89.75,89.83000183105469,88.62999725341797,89.27999877929688,66.35399627685547,4555500
2019-04-02,89.5999984741211,89.5999984741211,88.6500015258789,89.12999725341797,66.24251556396484,3386400
2019-04-03,89.0,89.19000244140625,88.22000122070312,88.8499984741211,66.03441619873047,2998800
2019-04-04,89.02999877929688,89.52999877929688,87.93000030517578,89.3499984741211,66.40604400634766,4847600
2019-04-05,89.48999786376953,90.62000274658203,89.18000030517578,90.52999877929688,67.28302764892578,5433200
2019-04-08,90.5,90.62000274658203,89.6500015258789,90.11000061035156,66.97085571289062,3115500
2019-04-09,90.05999755859375,90.4800033569336,89.81999969482422,90.25,67.07492065429688,2475300
2019-04-10,90.48999786376953,91.08000183105469,89.69999694824219,89.94000244140625,66.84452819824219,3412300
2019-04-11,90.04000091552734,90.45999908447266,89.80000305175781,90.26000213623047,67.08234405517578,2424500
2019-04-12,89.69999694824219,90.47000122070312,89.20999908447266,90.44999694824219,67.22355651855469,3520900
2019-04-15,90.5,90.73999786376953,90.16000366210938,90.44000244140625,67.21611785888672,2808900
2019-04-16,90.13999938964844,90.6500015258789,88.86000061035156,89.08999633789062,66.21278381347656,3166400
2019-04-17,89.12999725341797,89.72000122070312,88.70999908447266,89.05999755859375,66.19048309326172,4518200
2019-04-18,89.31999969482422,89.6500015258789,88.94000244140625,89.13999938964844,66.24993896484375,2822400
2019-04-22,89.01000213623047,89.55999755859375,88.52999877929688,88.7300033569336,65.94522857666016,2615800
2019-04-23,88.81999969482422,89.30999755859375,88.29000091552734,89.01000213623047,66.15332794189453,2336800
2019-04-24,89.27999877929688,89.9800033569336,88.87999725341797,89.68000030517578,66.65129089355469,1942400
2019-04-25,89.41999816894531,90.66000366210938,89.2699966430664,90.44999694824219,67.22355651855469,2506600
2019-04-26,90.69999694824219,91.33000183105469,90.27999877929688,90.31999969482422,67.12694549560547,1921400
2019-04-29,89.91000366210938,90.29000091552734,89.31999969482422,89.58000183105469,66.57698059082031,2370800
2019-04-30,89.69000244140625,91.22000122070312,89.43000030517578,91.12000274658203,67.72151184082031,3242700
2019-05-01,90.68000030517578,91.05999755859375,90.0999984741211,90.41000366210938,67.19385528564453,2323400
2019-05-02,90.44000244140625,90.80999755859375,89.62000274658203,89.80999755859375,66.7479019165039,2656600
2019-05-03,90.16999816894531,90.44999694824219,89.81999969482422,90.16000366210938,67.00801086425781,2988600
2019-05-06,90.18000030517578,90.41999816894531,89.30000305175781,89.4800033569336,66.50263214111328,2659600
2019-05-07,89.5,89.63999938964844,88.83000183105469,89.26000213623047,66.3391342163086,2546200
2019-05-08,89.1500015258789,89.30000305175781,87.72000122070312,87.80000305175781,65.25403594970703,2832400
2019-05-09,88.68000030517578,88.68000030517578,86.66999816894531,86.83000183105469,64.53313446044922,3165000
2019-05-10,86.62000274658203,88.06999969482422,86.44999694824219,87.98999786376953,65.395263671875,2965400
2019-05-13,87.69999694824219,88.16000366210938,86.80000305175781,88.05000305175781,65.43984985351562,4046600
2019-05-14,87.31999969482422,87.62000274658203,86.55999755859375,87.01000213623047,64.66692352294922,4955500
2019-05-15,87.20999908447266,87.55999755859375,86.7699966430664,86.79000091552734,64.5033950805664,3653200
2019-05-16,85.91999816894531,86.70999908447266,85.72000122070312,86.23999786376953,64.78736114501953,4151900
2019-05-17,85.69999694824219,87.44000244140625,85.68000030517578,87.19999694824219,65.50856018066406,4428300
2019-05-20,87.30999755859375,87.5999984741211,86.66000366210938,86.95999908447266,65.32825469970703,3100200
2019-05-21,87.19000244140625,88.02999877929688,86.87000274658203,87.08000183105469,65.41841888427734,2728300
2019-05-22,87.37999725341797,88.0,87.1500015258789,87.80999755859375,65.9668197631836,2225700
2019-05-23,88.12000274658203,88.98999786376953,87.94000244140625,88.9000015258789,66.78569030761719,3862000
2019-05-24,88.9000015258789,89.44999694824219,88.6500015258789,88.80999755859375,66.71808624267578,1987700
2019-05-28,88.80999755859375,88.8499984741211,86.93000030517578,87.12000274658203,65.44845581054688,3837700
2019-05-29,87.4000015258789,87.58000183105469,85.7300033569336,85.80999755859375,64.46432495117188,2319000
2019-05-30,85.88999938964844,86.27999877929688,85.33999633789062,85.52999877929688,64.25396728515625,2319200
2019-05-31,85.55000305175781,86.08999633789062,84.45999908447266,85.61000061035156,64.31409454345703,3182500
2019-06-03,86.04000091552734,86.13999938964844,85.26000213623047,86.0199966430664,64.62208557128906,3061800
2019-06-04,85.9800033569336,86.16000366210938,84.27999877929688,85.9000015258789,64.53192901611328,2498700
2019-06-05,86.16000366210938,87.66999816894531,85.51000213623047,87.22000122070312,65.52359008789062,2819200
2019-06-06,87.31999969482422,88.0,86.95999908447266,87.70999908447266,65.8917007446289,2985500
2019-06-07,87.95999908447266,88.5999984741211,86.94999694824219,87.04000091552734,65.38837432861328,3243300
2019-06-10,86.93000030517578,86.97000122070312,86.05000305175781,86.29000091552734,64.82491302490234,3028400
2019-06-11,86.04000091552734,86.48999786376953,85.06999969482422,85.63999938964844,64.33661651611328,2841300
2019-06-12,86.12000274658203,86.87000274658203,86.12000274658203,86.6500015258789,65.09537506103516,2893800
2019-06-13,86.94999694824219,87.44000244140625,86.31999969482422,86.7699966430664,65.1855239868164,3753100
2019-06-14,86.77999877929688,88.16999816894531,86.75,87.87000274658203,66.01190185546875,3237600
2019-06-17,88.08000183105469,88.58999633789062,87.5199966430664,87.94999694824219,66.07200622558594,2448600
2019-06-18,88.36000061035156,88.5,86.31999969482422,87.23999786376953,65.53861999511719,2532600
2019-06-19,86.9000015258789,88.12000274658203,86.68000030517578,87.6500015258789,65.84662628173828,2683200
2019-06-20,88.13999938964844,88.83999633789062,87.68000030517578,88.58000183105469,66.54528045654297,2428300
2019-06-21,88.63999938964844,89.5999984741211,87.97000122070312,89.52999877929688,67.25897979736328,6867500
2019-06-24,89.62000274658203,90.12999725341797,89.22000122070312,89.91000366210938,67.54443359375,3305700
2019-06-25,89.91000366210938,90.68000030517578,89.77999877929688,90.12000274658203,67.70219421386719,3996800
2019-06-26,89.83999633789062,89.94000244140625,87.93000030517578,87.9800033569336,66.09453582763672,3437000
2019-06-27,88.06999969482422,88.72000122070312,87.7699966430664,88.55000305175781,66.52273559570312,2726700
2019-06-28,88.48999786376953,89.13999938964844,87.94000244140625,88.23999786376953,66.28985595703125,3875700
2019-07-01,88.01000213623047,88.23999786376953,87.23999786376953,88.01000213623047,66.11707305908203,2848000
2019-07-02,88.16999816894531,89.44999694824219,88.16000366210938,89.13999938964844,66.96597290039062,2039000
2019-07-03,89.19999694824219,90.5999984741211,89.19999694824219,90.0999984741211,67.68716430664062,1717600
2019-07-05,89.41999816894531,89.7699966430664,88.20999908447266,89.68000030517578,67.37165832519531,1744000
2019-07-08,89.9000015258789,90.05999755859375,89.05999755859375,89.66000366210938,67.35662078857422,2046900
2019-07-09,90.25,90.2699966430664,88.87000274658203,89.4000015258789,67.16130828857422,2598000
2019-07-10,89.80000305175781,90.13999938964844,89.30000305175781,89.62999725341797,67.3340835571289,2401700
2019-07-11,89.48999786376953,90.02999877929688,88.61000061035156,89.44999694824219,67.1988525390625,2379100
2019-07-12,89.58999633789062,89.58999633789062,88.44000244140625,88.69999694824219,66.63543701171875,2101400
2019-07-15,88.80999755859375,89.52999877929688,88.55000305175781,89.37999725341797,67.14629364013672,1847700
2019-07-16,89.11000061035156,89.52999877929688,88.37000274658203,89.02999877929688,66.88333892822266,1727100
2019-07-17,89.33999633789062,89.69000244140625,88.88999938964844,89.13999938964844,66.96597290039062,2102700
2019-07-18,89.20999908447266,89.8499984741211,88.66000366210938,89.79000091552734,67.45429229736328,1911700
2019-07-19,89.63999938964844,89.81999969482422,88.43000030517578,88.44999694824219,66.44761657714844,2408000
2019-07-22,88.5999984741211,88.69000244140625,87.83999633789062,88.1500015258789,66.22225952148438,2160300
2019-07-23,88.18000030517578,88.23999786376953,87.37000274658203,87.68000030517578,65.8691635131836,3141800
2019-07-24,87.94999694824219,87.9800033569336,86.80000305175781,87.18000030517578,65.4935302734375,2386500
2019-07-25,86.9000015258789,87.38999938964844,86.16999816894531,86.48999786376953,64.97517395019531,2680300
2019-07-26,86.5,87.08000183105469,86.2699966430664,86.91000366210938,65.29071807861328,2426000
2019-07-29,87.2300033569336,87.87999725341797,87.0199966430664,87.79000091552734,65.95179748535156,2442900
2019-07-30,87.61000061035156,88.18000030517578,86.91000366210938,87.73999786376953,65.91422271728516,2693400
2019-07-31,87.62000274658203,87.83000183105469,86.30999755859375,86.72000122070312,65.1479721069336,2824800
2019-08-01,86.80000305175781,88.0199966430664,86.37999725341797,87.5,65.73394012451172,3055000
2019-08-02,87.83999633789062,88.7300033569336,87.55000305175781,88.12000274658203,66.19970703125,3228900
2019-08-05,88.4800033569336,88.8499984741211,86.52999877929688,86.95999908447266,65.32825469970703,3969200
2019-08-06,87.30000305175781,89.43000030517578,86.30999755859375,88.91999816894531,66.80071258544922,3943300
2019-08-07,88.91000366210938,89.5,87.83999633789062,88.83999633789062,66.74061584472656,2630100
2019-08-08,88.41999816894531,89.5199966430664,88.33999633789062,89.30999755859375,67.09368896484375,2252100
2019-08-09,89.48999786376953,90.18000030517578,89.27999877929688,89.75,67.42423248291016,2355200
2019-08-12,89.94999694824219,90.0,88.97000122070312,89.5,67.2364273071289,2302000
2019-08-13,89.63999938964844,90.02999877929688,88.80000305175781,89.81999969482422,67.4768295288086,2400900
2019-08-14,90.16000366210938,90.55999755859375,88.6500015258789,88.80999755859375,66.71808624267578,3584600
2019-08-15,87.69000244140625,89.58000183105469,87.56999969482422,89.27999877929688,67.79251098632812,2384800
2019-08-16,89.4000015258789,90.13999938964844,89.2300033569336,89.7699966430664,68.16455841064453,2285500
2019-08-19,89.69999694824219,91.12000274658203,89.36000061035156,90.66999816894531,68.84795379638672,2632000
2019-08-20,91.02999877929688,91.54000091552734,90.66999816894531,91.18000030517578,69.23524475097656,3611300
2019-08-21,90.47000122070312,91.29000091552734,90.08999633789062,91.23999786376953,69.28079223632812,2754400
2019-08-22,91.29000091552734,92.11000061035156,90.5,91.31999969482422,69.34152221679688,1945500
2019-08-23,91.44999694824219,91.66999816894531,90.26000213623047,90.73999786376953,68.901123046875,3153900
2019-08-26,90.93000030517578,91.38999938964844,90.56999969482422,91.3499984741211,69.36431121826172,2037100
2019-08-27,91.7699966430664,92.83999633789062,91.66000366210938,92.1500015258789,69.97174835205078,3668000
2019-08-28,92.41000366210938,93.1500015258789,91.9000015258789,92.30000305175781,70.08566284179688,2639200
2019-08-29,92.76000213623047,92.80000305175781,91.52999877929688,92.76000213623047,70.43496704101562,2231400
2019-08-30,93.0,93.3499984741211,92.61000061035156,92.73999786376953,70.41978454589844,2157900
2019-09-03,92.5,93.72000122070312,92.33000183105469,93.66999816894531,71.12594604492188,2620200
2019-09-04,93.9000015258789,94.18000030517578,93.2300033569336,93.97000122070312,71.353759765625,2102600
2019-09-05,93.5,93.8499984741211,92.80999755859375,93.41000366210938,70.92852020263672,2721200
2019-09-06,93.62999725341797,94.29000091552734,93.37000274658203,93.76000213623047,71.19428253173828,2578000
2019-09-09,93.55999755859375,93.83999633789062,93.08000183105469,93.72000122070312,71.16390991210938,2935100
2019-09-10,93.26000213623047,94.54000091552734,93.23999786376953,93.94000244140625,71.33097076416016,3179600
2019-09-11,93.55000305175781,94.54000091552734,93.25,94.48999786376953,71.74858856201172,2756500
2019-09-12,95.16000366210938,95.69999694824219,94.66999816894531,94.95999908447266,72.10548400878906,2339400
2019-09-13,94.48999786376953,95.0,93.66000366210938,93.9000015258789,71.30059814453125,3322200
2019-09-16,93.83000183105469,93.9800033569336,92.73999786376953,93.12000274658203,70.70832824707031,2934600
2019-09-17,93.33000183105469,94.19999694824219,93.16000366210938,93.87000274658203,71.27783203125,2615600
2019-09-18,94.29000091552734,94.68000030517578,93.5199966430664,94.26000213623047,71.57395935058594,3066500
2019-09-19,94.55000305175781,94.55999755859375,93.76000213623047,94.48999786376953,71.74858856201172,2049900
2019-09-20,95.20999908447266,95.44000244140625,94.23999786376953,95.2699966430664,72.34086608886719,5069100
2019-09-23,95.29000091552734,95.72000122070312,95.08000183105469,95.4000015258789,72.4395751953125,2089100
2019-09-24,95.66000366210938,96.80000305175781,95.55000305175781,96.27999877929688,73.10778045654297,3166100
2019-09-25,96.18000030517578,96.62999725341797,95.73999786376953,96.0,72.89518737792969,2383600
2019-09-26,96.01000213623047,96.61000061035156,95.87999725341797,96.19999694824219,73.04703521728516,1986100
2019-09-27,96.29000091552734,96.45999908447266,95.66999816894531,96.26000213623047,73.09259796142578,1960700
2019-09-30,96.25,96.48999786376953,95.58999633789062,95.86000061035156,72.78887176513672,2501700
2019-10-01,95.56999969482422,96.19999694824219,95.25,96.19000244140625,73.03944396972656,2009200
2019-10-02,96.20999908447266,96.3499984741211,94.61000061035156,94.70999908447266,71.91565704345703,3044000
2019-10-03,95.0,95.61000061035156,94.76000213623047,95.0999984741211,72.21177673339844,3015800
2019-10-04,95.45999908447266,97.37000274658203,95.30999755859375,97.16999816894531,73.78356170654297,3129600
2019-10-07,96.75,97.25,96.4000015258789,96.91999816894531,73.59375,2311700
2019-10-08,96.95999908447266,97.05999755859375,95.98999786376953,96.08999633789062,72.96351623535156,2470800
2019-10-09,96.27999877929688,96.55999755859375,95.97000122070312,96.02999877929688,72.91798400878906,2608800
2019-10-10,95.87000274658203,96.45999908447266,95.51000213623047,96.29000091552734,73.11537170410156,2382200
2019-10-11,96.29000091552734,96.5999984741211,95.44999694824219,95.97000122070312,72.87239837646484,2320000
2019-10-14,96.16000366210938,96.16000366210938,94.83999633789062,95.12999725341797,72.23455047607422,2483600
2019-10-15,95.13999938964844,95.47000122070312,94.66000366210938,95.0,72.13585662841797,1904600
2019-10-16,94.7300033569336,95.1500015258789,94.41000366210938,95.12999725341797,72.23455047607422,2617100
2019-10-17,95.11000061035156,95.61000061035156,94.94000244140625,95.16999816894531,72.26493835449219,2051700
2019-10-18,94.94999694824219,95.58999633789062,94.5,95.3499984741211,72.40161895751953,3041900
2019-10-21,95.16000366210938,95.4000015258789,94.66000366210938,95.33000183105469,72.38641357421875,1550200
2019-10-22,95.5,95.61000061035156,95.08000183105469,95.31999969482422,72.37884521484375,1743700
2019-10-23,95.52999877929688,96.18000030517578,95.2699966430664,96.16999816894531,73.02423858642578,2199800
2019-10-24,96.05000305175781,96.5,95.95999908447266,96.06999969482422,72.94832611083984,1763400
2019-10-25,96.2699966430664,96.36000061035156,94.98999786376953,95.43000030517578,72.46237182617188,1818100
2019-10-28,95.02999877929688,95.25,93.87999725341797,94.0999984741211,71.45244598388672,2761600
2019-10-29,93.79000091552734,93.94000244140625,93.33000183105469,93.52999877929688,71.01964569091797,2675100
2019-10-30,93.6500015258789,94.37000274658203,93.43000030517578,94.01000213623047,71.38410186767578,1831300
2019-10-31,93.9000015258789,94.44000244140625,93.58000183105469,94.26000213623047,71.57395935058594,2454100
2019-11-01,94.30000305175781,94.55000305175781,93.77999877929688,94.37999725341797,71.6650619506836,2647200
2019-11-04,94.33999633789062,94.41999816894531,93.05999755859375,93.63999938964844,71.10315704345703,3105900
2019-11-05,93.04000091552734,93.58000183105469,92.4000015258789,93.1500015258789,70.73110961914062,2626800
2019-11-06,93.19999694824219,93.69000244140625,93.05000305175781,93.36000061035156,70.89055633544922,2186900
2019-11-07,93.0,93.30000305175781,91.75,92.58000183105469,70.29829406738281,4125000
2019-11-08,91.69999694824219,91.77999877929688,89.22000122070312,89.94999694824219,68.30123138427734,6146200
2019-11-11,89.9800033569336,90.0,87.47000122070312,87.5999984741211,66.516845703125,4871000
2019-11-12,87.80000305175781,88.11000061035156,87.2300033569336,87.58999633789062,66.5092544555664,3843000
2019-11-13,88.0,88.69000244140625,87.30999755859375,88.52999877929688,67.22301483154297,5441900
2019-11-14,87.69999694824219,88.81999969482422,87.5199966430664,88.25,67.73341369628906,3905700
2019-11-15,88.63999938964844,88.72000122070312,88.08999633789062,88.58000183105469,67.98670196533203,3567000
2019-11-18,88.9000015258789,89.72000122070312,88.41999816894531,88.6500015258789,68.04043579101562,4274200
2019-11-19,87.04000091552734,87.45999908447266,86.5199966430664,87.02999877929688,66.79704284667969,16085000
2019-11-20,86.9800033569336,87.61000061035156,86.5199966430664,87.12999725341797,66.873779296875,6414900
2019-11-21,87.54000091552734,87.55999755859375,86.43000030517578,86.66000366210938,66.5130615234375,7570900
2019-11-22,87.25,87.33999633789062,86.36000061035156,87.13999938964844,66.88145446777344,5763100
2019-11-25,87.19999694824219,87.66999816894531,86.7300033569336,87.5999984741211,67.23451232910156,6254300
2019-11-26,87.4800033569336,88.41999816894531,87.44999694824219,88.19999694824219,67.6950454711914,6569900
2019-11-27,88.12999725341797,88.77999877929688,88.0199966430664,88.55999755859375,67.97134399414062,3229500
2019-11-29,88.80000305175781,88.93000030517578,87.83000183105469,88.16999816894531,67.67202758789062,1325600
2019-12-02,87.87000274658203,88.16999816894531,87.25,87.29000091552734,66.9966049194336,4202000
2019-12-03,87.5,87.94000244140625,87.1500015258789,87.86000061035156,67.43409729003906,3954400
2019-12-04,87.8499984741211,89.12000274658203,87.8499984741211,88.94999694824219,68.27067565917969,3503600
2019-12-05,88.86000061035156,89.33999633789062,88.5999984741211,89.29000091552734,68.5316390991211,3055400
2019-12-06,89.20999908447266,89.94000244140625,89.01000213623047,89.76000213623047,68.89237213134766,2964700
2019-12-09,89.83000183105469,89.86000061035156,89.19999694824219,89.27999877929688,68.52395629882812,3798500
2019-12-10,89.25,89.44999694824219,88.83000183105469,89.05000305175781,68.34741973876953,3208900
2019-12-11,89.18000030517578,89.36000061035156,88.66999816894531,89.0,68.30906677246094,4994400
2019-12-12,88.9800033569336,89.79000091552734,88.9000015258789,89.55999755859375,68.73884582519531,5842000
2019-12-13,89.31999969482422,90.43000030517578,89.16999816894531,90.0999984741211,69.1533203125,5092800
2019-12-16,90.75,90.79000091552734,89.44999694824219,90.48999786376953,69.45264434814453,4597500
2019-12-17,90.4000015258789,91.5,90.12000274658203,90.55000305175781,69.49870300292969,2969500
2019-12-18,90.69999694824219,90.9000015258789,90.26000213623047,90.61000061035156,69.54474639892578,4003000
2019-12-19,90.52999877929688,90.75,89.4000015258789,89.94999694824219,69.03816986083984,4867400
2019-12-20,90.22000122070312,90.91000366210938,89.75,90.62000274658203,69.55243682861328,6715300
2019-12-23,90.62000274658203,90.87999725341797,89.61000061035156,90.1500015258789,69.19168090820312,5060700
2019-12-24,90.11000061035156,90.51000213623047,89.7300033569336,90.2300033569336,69.25309753417969,804500
2019-12-26,90.0,90.52999877929688,89.94999694824219,90.38999938964844,69.37591552734375,2314000
2019-12-27,90.45999908447266,90.98999786376953,90.22000122070312,90.97000122070312,69.8210678100586,2596200
2019-12-30,90.5999984741211,91.04000091552734,90.45999908447266,90.79000091552734,69.68292236328125,2237700
2019-12-31,90.88999938964844,91.23999786376953,90.62000274658203,91.20999908447266,70.00527954101562,2540700
2020-01-02,91.27999877929688,91.77999877929688,90.02999877929688,90.33999633789062,69.33753204345703,3921800
2020-01-03,90.2300033569336,91.06999969482422,90.1500015258789,90.4000015258789,69.38359069824219,2825400
2020-01-06,90.4000015258789,91.04000091552734,90.30000305175781,90.83999633789062,69.7212905883789,2410300
2020-01-07,90.88999938964844,90.88999938964844,89.83999633789062,90.2699966430664,69.2838134765625,3980900
2020-01-08,90.45999908447266,90.87000274658203,89.95999908447266,90.4000015258789,69.38359069824219,2583300
2020-01-09,90.27999877929688,90.77999877929688,90.08000183105469,90.62000274658203,69.55243682861328,2377200
2020-01-10,90.87999725341797,91.2300033569336,90.37000274658203,90.44000244140625,69.41429138183594,3225000
2020-01-13,90.5,91.55000305175781,90.5,91.23999786376953,70.02828979492188,2979000
2020-01-14,91.16000366210938,91.44000244140625,90.5,91.30000305175781,70.0743637084961,3009800
2020-01-15,91.54000091552734,92.58000183105469,91.36000061035156,92.48999786376953,70.98768615722656,2357300
2020-01-16,92.7699966430664,93.41999816894531,92.66999816894531,93.18000030517578,71.51727294921875,3244200
2020-01-17,93.13999938964844,93.91999816894531,92.9800033569336,93.72000122070312,71.93172454833984,3053500
2020-01-21,94.0,94.86000061035156,93.54000091552734,94.79000091552734,72.75297546386719,3429000
2020-01-22,95.0,95.5999984741211,94.87000274658203,95.30999755859375,73.15208435058594,3638500
2020-01-23,95.27999877929688,96.16000366210938,95.22000122070312,96.08000183105469,73.74308776855469,3824900
2020-01-24,95.93000030517578,96.61000061035156,95.80999755859375,96.27999877929688,73.8965835571289,2218600
2020-01-27,96.12999725341797,96.66000366210938,95.72000122070312,96.0999984741211,73.75843811035156,2481100
2020-01-28,96.30000305175781,97.08999633789062,96.02999877929688,96.20999908447266,73.84286499023438,3696500
2020-01-29,96.3499984741211,97.08999633789062,96.16000366210938,96.75,74.25733947753906,2335700
2020-01-30,96.5199966430664,97.55000305175781,96.41000366210938,97.47000122070312,74.8099365234375,3273100
2020-01-31,97.37000274658203,98.05000305175781,96.97000122070312,97.62999725341797,74.93272399902344,3175200
2020-02-03,97.62999725341797,97.87999725341797,97.30999755859375,97.66999816894531,74.96342468261719,2666200
2020-02-04,97.55000305175781,98.0199966430664,96.55000305175781,96.5999984741211,74.1421890258789,2802600
2020-02-05,96.41999816894531,97.36000061035156,96.30000305175781,97.13999938964844,74.5566635131836,2319300
2020-02-06,97.01000213623047,97.38999938964844,96.80999755859375,96.93000030517578,74.39547729492188,1611100
2020-02-07,97.25,97.29000091552734,96.19000244140625,96.2699966430664,73.88890075683594,2747900
2020-02-10,96.36000061035156,96.41000366210938,95.70999908447266,96.2300033569336,73.85820007324219,2647800
2020-02-11,96.37000274658203,97.23999786376953,96.29000091552734,96.98999786376953,74.44152069091797,2993100
2020-02-12,96.9800033569336,98.23999786376953,96.93000030517578,97.91999816894531,75.15531921386719,4377700
2020-02-13,97.80999755859375,100.38999938964844,97.55999755859375,100.11000061035156,77.58492279052734,5132500
2020-02-14,100.16000366210938,101.7699966430664,100.08999633789062,101.27999877929688,78.49169158935547,6300400
2020-02-18,101.6500015258789,102.44000244140625,101.52999877929688,102.0199966430664,79.06517028808594,6256900
2020-02-19,102.22000122070312,102.37999725341797,101.37000274658203,101.41999816894531,78.60015869140625,2809100
2020-02-20,101.16999816894531,101.83999633789062,101.01000213623047,101.43000030517578,78.6079330444336,2711000
2020-02-21,101.33000183105469,102.98999786376953,101.30000305175781,102.43000030517578,79.3829116821289,3520000
2020-02-24,102.08000183105469,103.79000091552734,101.72000122070312,102.30000305175781,79.28215789794922,5282900
2020-02-25,102.51000213623047,102.68000030517578,99.0199966430664,99.2699966430664,76.9339370727539,4093000
2020-02-26,99.29000091552734,100.48999786376953,98.81999969482422,98.94000244140625,76.67817687988281,3152200
2020-02-27,98.08999633789062,99.30000305175781,94.95999908447266,94.98999786376953,73.6169204711914,4784000
2020-02-28,93.30000305175781,93.30000305175781,89.38999938964844,91.69999694824219,71.06719970703125,7908900
2020-03-02,91.6500015258789,96.94000244140625,91.54000091552734,96.66999816894531,74.9189224243164,6803600
2020-03-03,96.55999755859375,98.70999908447266,94.80999755859375,95.61000061035156,74.09745025634766,5060500
2020-03-04,96.69000244140625,101.69000244140625,96.58999633789062,101.6500015258789,78.77842712402344,4284200
2020-03-05,100.37000274658203,101.48999786376953,99.0,100.12999725341797,77.60041046142578,4327400
2020-03-06,97.44999694824219,99.5,95.58000183105469,99.05000305175781,76.76343536376953,5522600
2020-03-09,94.5,96.69999694824219,92.8499984741211,94.58000183105469,73.2991943359375,5616000
2020-03-10,95.63999938964844,96.62000274658203,91.41000366210938,95.05000305175781,73.66346740722656,6386600
2020-03-11,92.88999938964844,93.16999816894531,89.79000091552734,90.94000244140625,70.47818756103516,6268200
2020-03-12,85.51000213623047,86.36000061035156,76.0,80.4800033569336,62.37174606323242,7684400
2020-03-13,85.01000213623047,85.86000061035156,80.0,85.7699966430664,66.4714584350586,6156000
2020-03-16,79.30000305175781,84.6500015258789,76.0,76.58000183105469,59.34925079345703,7118500
2020-03-17,78.58000183105469,86.55000305175781,78.1500015258789,86.0,66.64971923828125,6712800
2020-03-18,81.01000213623047,82.9800033569336,77.16999816894531,79.27999877929688,61.44174575805664,6426500
2020-03-19,79.12000274658203,79.16999816894531,74.0,75.05000305175781,58.16349792480469,6361700
2020-03-20,75.8499984741211,76.0,68.0999984741211,68.4000015258789,53.00977325439453,8975700
2020-03-23,66.38999938964844,67.93000030517578,62.130001068115234,64.1500015258789,49.71603775024414,7060100
2020-03-24,67.01000213623047,71.91000366210938,66.12999725341797,71.5,55.41225814819336,6516900
2020-03-25,71.19000244140625,78.55000305175781,70.19000244140625,74.70999908447266,57.9000244140625,6573700
2020-03-26,75.18000030517578,81.93000030517578,75.01000213623047,81.19000244140625,62.921993255615234,6163700
2020-03-27,78.02999877929688,83.69000244140625,77.94999694824219,80.19000244140625,62.14697265625,5091300
2020-03-30,81.3499984741211,83.94000244140625,80.56999969482422,83.45999908447266,64.68123626708984,5300800
2020-03-31,82.37000274658203,83.95999908447266,80.51000213623047,80.87999725341797,62.68173599243164,5115500
2020-04-01,77.91999816894531,79.75,76.36000061035156,77.56999969482422,60.11648941040039,4600700
2020-04-02,76.43000030517578,79.95999908447266,76.23999786376953,79.38999938964844,61.52699661254883,3665500
2020-04-03,78.33000183105469,79.33999633789062,75.58000183105469,76.0199966430664,58.91524124145508,2907200
2020-04-06,78.62000274658203,81.9800033569336,78.41000366210938,81.25,62.96849060058594,3960100
2020-04-07,83.5,83.69000244140625,80.0,80.11000061035156,62.08498764038086,3522900
2020-04-08,80.5,86.58000183105469,80.02999877929688,85.5,66.26223754882812,6729500
2020-04-09,86.5,93.0,86.31999969482422,90.30999755859375,69.98995208740234,6536800
2020-04-13,89.58999633789062,90.02999877929688,86.43000030517578,87.36000061035156,67.70372009277344,3800500
2020-04-14,89.33999633789062,90.87999725341797,88.20999908447266,90.41999816894531,70.07520294189453,3812800
2020-04-15,88.5,89.44999694824219,87.0999984741211,87.54000091552734,67.84322357177734,3694300
2020-04-16,88.0,88.58999633789062,87.02999877929688,87.58999633789062,67.88197326660156,2335100
2020-04-17,89.31999969482422,90.58999633789062,87.56999969482422,90.0999984741211,69.82720947265625,4299100
2020-04-20,89.05999755859375,89.4800033569336,86.58000183105469,86.6500015258789,67.15347290039062,3144000
2020-04-21,85.23999786376953,86.44999694824219,84.37999725341797,85.44000244140625,66.21572875976562,3682900
2020-04-22,86.75,88.4000015258789,86.4800033569336,87.1500015258789,67.54096221923828,3089900
2020-04-23,87.4800033569336,88.18000030517578,84.9000015258789,85.12000274658203,65.96771240234375,3298100
2020-04-24,85.47000122070312,86.16999816894531,83.69999694824219,85.69000244140625,66.40947723388672,3723900
2020-04-27,86.27999877929688,87.68000030517578,86.16999816894531,86.75,67.23097229003906,2593100
2020-04-28,88.12000274658203,89.13999938964844,87.33000183105469,87.62999725341797,67.91297149658203,3135500
2020-04-29,88.54000091552734,88.75,86.44999694824219,86.62999725341797,67.1379623413086,2997600
2020-04-30,86.0,86.41000366210938,84.18000030517578,84.66000366210938,65.61123657226562,3536500
2020-05-01,83.86000061035156,83.94999694824219,82.08999633789062,82.63999938964844,64.04571533203125,3036700
2020-05-04,82.7300033569336,82.94999694824219,81.27999877929688,82.62999725341797,64.03799438476562,2947400
2020-05-05,82.83000183105469,83.88999938964844,82.80999755859375,83.13999938964844,64.4332275390625,2781000
2020-05-06,83.18000030517578,83.37000274658203,80.04000091552734,80.06999969482422,62.05399703979492,3581900
2020-05-07,80.88999938964844,81.44999694824219,80.04000091552734,80.30999755859375,62.239986419677734,3426400
2020-05-08,81.48999786376953,82.06999969482422,80.5,81.77999877929688,63.37923049926758,2875200
2020-05-11,81.44999694824219,82.2699966430664,80.33000183105469,81.66000366210938,63.28623962402344,3924200
2020-05-12,82.48999786376953,83.66000366210938,81.87999725341797,81.87999725341797,63.456748962402344,3524700
2020-05-13,81.55000305175781,82.0999984741211,80.62000274658203,81.88999938964844,63.464481353759766,3998300
2020-05-14,80.0,82.38999938964844,79.72000122070312,82.30000305175781,64.52687072753906,3649300
2020-05-15,81.4800033569336,81.79000091552734,80.16999816894531,81.19000244140625,63.65658187866211,5250700
2020-05-18,82.69000244140625,85.44000244140625,82.58000183105469,84.91999816894531,66.5810546875,6747800
2020-05-19,84.37999725341797,84.37999725341797,83.25,83.29000091552734,65.30307006835938,3020800
2020-05-20,83.94999694824219,84.08999633789062,83.13999938964844,83.30999755859375,65.3187484741211,2710900
2020-05-21,83.05999755859375,83.7699966430664,82.01000213623047,82.33999633789062,64.55823516845703,3108000
2020-05-22,82.19000244140625,83.31999969482422,81.88999938964844,83.2300033569336,65.25605010986328,2760600
2020-05-26,84.45999908447266,84.66999816894531,82.69000244140625,82.80999755859375,64.92672729492188,3910200
2020-05-27,84.12000274658203,84.19999694824219,82.69000244140625,83.72000122070312,65.64018249511719,3606600
2020-05-28,84.8499984741211,86.0999984741211,84.68000030517578,85.83000183105469,67.29454040527344,3957600
2020-05-29,85.54000091552734,86.37000274658203,84.66999816894531,85.62999725341797,67.13774108886719,4017500
2020-06-01,85.83999633789062,87.58000183105469,85.2300033569336,87.44000244140625,68.55686950683594,2438800
2020-06-02,87.81999969482422,88.0999984741211,86.5999984741211,87.66999816894531,68.73719787597656,3446800
2020-06-03,88.33000183105469,89.6500015258789,88.0,89.2300033569336,69.96028900146484,2449600
2020-06-04,88.80000305175781,89.37999725341797,87.4800033569336,88.44000244140625,69.34090423583984,3640800
2020-06-05,89.4000015258789,91.55999755859375,89.1500015258789,89.48999786376953,70.16414642333984,3353300
2020-06-08,89.45999908447266,92.19999694824219,89.11000061035156,91.91000366210938,72.06155395507812,2771000
2020-06-09,91.0,91.06999969482422,88.93000030517578,90.31999969482422,70.81490325927734,3023400
2020-06-10,90.41000366210938,90.94999694824219,89.5,90.19000244140625,70.71298217773438,2721400
2020-06-11,88.80000305175781,89.05000305175781,86.33999633789062,87.08000183105469,68.27460479736328,4974100
2020-06-12,88.93000030517578,88.98999786376953,85.7300033569336,86.73999786376953,68.00800323486328,3935700
2020-06-15,85.04000091552734,87.41999816894531,84.30000305175781,86.95999908447266,68.18050384521484,4501000
2020-06-16,89.0,89.4800033569336,86.41000366210938,86.94999694824219,68.17266845703125,3865100
2020-06-17,87.0,87.36000061035156,85.4800033569336,86.20999908447266,67.59247589111328,4181800
2020-06-18,85.66000366210938,86.37999725341797,85.0,85.7699966430664,67.24749755859375,3480100
2020-06-19,86.73999786376953,86.93000030517578,82.11000061035156,82.11000061035156,64.3779067993164,8089900
2020-06-22,82.31999969482422,83.55000305175781,81.30999755859375,82.52999877929688,64.70718383789062,3878700
2020-06-23,83.23999786376953,83.5,81.48999786376953,81.8499984741211,64.17403411865234,3771600
2020-06-24,81.08000183105469,81.33999633789062,79.81999969482422,80.47000122070312,63.09205627441406,3675900
2020-06-25,80.11000061035156,80.2300033569336,78.79000091552734,79.44999694824219,62.29232406616211,3984800
2020-06-26,79.3499984741211,79.91999816894531,77.58000183105469,78.93000030517578,61.88462448120117,5321500
2020-06-29,79.56999969482422,80.25,78.5199966430664,80.25,62.91957473754883,2953700
2020-06-30,80.08999633789062,80.4800033569336,78.93000030517578,79.88999938964844,62.63730239868164,4890000
2020-07-01,79.97000122070312,82.37999725341797,79.76000213623047,81.93000030517578,64.23674774169922,2835800
2020-07-02,82.63999938964844,82.91999816894531,81.44000244140625,81.83999633789062,64.16619110107422,2819700
2020-07-06,80.5,81.86000061035156,79.12000274658203,79.80999755859375,62.5745964050293,5997800
2020-07-07,79.19999694824219,81.18000030517578,79.1500015258789,80.81999969482422,63.366485595703125,4129600
2020-07-08,80.86000061035156,81.94999694824219,80.33000183105469,81.44000244140625,63.85260009765625,3434200
2020-07-09,81.33000183105469,81.33000183105469,79.11000061035156,79.73999786376953,62.519718170166016,3457400
2020-07-10,79.79000091552734,81.58000183105469,79.76000213623047,81.31999969482422,63.75848388671875,2545700
2020-07-13,81.1500015258789,81.97000122070312,80.95999908447266,81.41999816894531,63.83690643310547,2205100
2020-07-14,81.41999816894531,82.47000122070312,81.38999938964844,81.69000244140625,64.04859161376953,4218200
2020-07-15,82.4800033569336,82.63999938964844,80.31999969482422,80.43000030517578,63.060707092285156,4501700
2020-07-16,80.69999694824219,81.33999633789062,80.43000030517578,81.06999969482422,63.5624885559082,2874300
2020-07-17,81.69000244140625,82.62999725341797,81.45999908447266,82.4000015258789,64.60527038574219,4603000
2020-07-20,82.05000305175781,82.2300033569336,80.94999694824219,81.0999984741211,63.58601379394531,3271400
2020-07-21,81.5,82.79000091552734,81.0999984741211,82.33000183105469,64.55038452148438,3892800
2020-07-22,82.0,84.51000213623047,81.5199966430664,84.1500015258789,65.97734832763672,3763300
2020-07-23,84.05999755859375,84.38999938964844,83.4800033569336,83.98999786376953,65.85189819335938,2373100
2020-07-24,84.3499984741211,84.9000015258789,82.62000274658203,82.79000091552734,64.91104125976562,2953100
2020-07-27,82.5,82.63999938964844,81.08999633789062,81.29000091552734,63.7349739074707,4198700
2020-07-28,81.25,84.9800033569336,81.20999908447266,84.5999984741211,66.3301773071289,4851400
2020-07-29,84.52999877929688,85.05000305175781,83.83999633789062,84.97000122070312,66.6202621459961,2501600
2020-07-30,84.30999755859375,84.58000183105469,83.48999786376953,84.56999969482422,66.3066635131836,2828600
2020-07-31,84.05000305175781,84.80999755859375,83.5999984741211,84.73999786376953,66.43995666503906,3292100
2020-08-03,84.66999816894531,84.75,83.11000061035156,83.80999755859375,65.71075439453125,2552200
2020-08-04,83.5,84.97000122070312,83.33999633789062,84.69000244140625,66.4007568359375,3234500
2020-08-05,84.72000122070312,84.86000061035156,83.27999877929688,83.51000213623047,65.4755630493164,2861400
2020-08-06,83.2699966430664,84.38999938964844,82.66999816894531,84.20999908447266,66.02438354492188,3036300
2020-08-07,83.79000091552734,86.69000244140625,83.68000030517578,86.61000061035156,67.90608978271484,4289500
2020-08-10,87.19000244140625,87.20999908447266,84.52999877929688,84.76000213623047,66.45562744140625,4323300
2020-08-11,84.98999786376953,85.08999633789062,83.47000122070312,83.66999816894531,65.60100555419922,4546200
2020-08-12,84.0199966430664,84.77999877929688,83.83000183105469,84.31999969482422,66.1106185913086,3397100
2020-08-13,83.02999877929688,83.2300033569336,82.0,82.73999786376953,65.62287902832031,3219200
2020-08-14,82.66000366210938,82.9000015258789,81.93000030517578,82.1500015258789,65.15493774414062,2016100
2020-08-17,82.29000091552734,83.11000061035156,81.66000366210938,82.5999984741211,65.51183319091797,3849500
2020-08-18,82.56999969482422,82.7699966430664,81.5,81.66000366210938,64.76631164550781,2606900
2020-08-19,81.87999725341797,82.19000244140625,81.45999908447266,81.66000366210938,64.76631164550781,2623100
2020-08-20,81.26000213623047,81.61000061035156,80.55999755859375,81.04000091552734,64.27456665039062,2715200
2020-08-21,81.19999694824219,81.33000183105469,80.27999877929688,81.0,64.24284362792969,3911100
2020-08-24,81.37999725341797,81.66000366210938,80.5,81.47000122070312,64.6156005859375,2679100
2020-08-25,81.5,81.5,80.43000030517578,80.8499984741211,64.12385559082031,2769200
2020-08-26,80.41999816894531,80.62000274658203,79.30999755859375,79.55000305175781,63.092796325683594,3367900
2020-08-27,79.68000030517578,80.37000274658203,79.22000122070312,79.55000305175781,63.092796325683594,2932800
2020-08-28,79.91999816894531,79.98999786376953,78.94999694824219,79.70999908447266,63.2197151184082,3190500
2020-08-31,79.69999694824219,81.52999877929688,79.61000061035156,80.33999633789062,63.71937561035156,3569300
2020-09-01,79.83999633789062,80.18000030517578,78.97000122070312,79.20999908447266,62.823143005371094,3194100
2020-09-02,79.23999786376953,81.9000015258789,78.9800033569336,81.47000122070312,64.6156005859375,3626200
2020-09-03,81.81999969482422,82.69999694824219,80.33999633789062,81.13999938964844,64.35387420654297,3134800
2020-09-04,81.22000122070312,81.81999969482422,79.93000030517578,80.97000122070312,64.21903228759766,2820200
2020-09-08,81.05999755859375,81.23999786376953,79.37999725341797,80.7300033569336,64.02870178222656,3252000
2020-09-09,82.41999816894531,83.88999938964844,81.8499984741211,82.58999633789062,65.50390625,4411100
2020-09-10,82.22000122070312,82.7300033569336,81.41000366210938,82.0,65.03596496582031,3591200
2020-09-11,82.06999969482422,83.41000366210938,81.75,83.02999877929688,65.85285186767578,3196800
2020-09-14,83.58000183105469,84.94000244140625,83.58000183105469,84.37999725341797,66.92356872558594,3438100
2020-09-15,84.94000244140625,85.87000274658203,83.93000030517578,84.44999694824219,66.97909545898438,2582500
2020-09-16,85.0,85.4800033569336,84.56999969482422,84.83999633789062,67.28843688964844,2904600
2020-09-17,84.25,84.77999877929688,83.63999938964844,84.5999984741211,67.09807586669922,3355800
2020-09-18,84.19999694824219,84.73999786376953,82.9000015258789,82.94999694824219,65.78944396972656,5035900
2020-09-21,82.05000305175781,82.56999969482422,81.16999816894531,82.56999969482422,65.48802947998047,3001600
2020-09-22,82.41000366210938,84.01000213623047,82.26000213623047,82.69000244140625,65.58322143554688,2703700
2020-09-23,82.9000015258789,83.12999725341797,81.2300033569336,81.27999877929688,64.46491241455078,2322700
2020-09-24,81.2300033569336,82.41000366210938,80.41000366210938,81.66999816894531,64.77421569824219,2582300
2020-09-25,81.27999877929688,82.58999633789062,80.94999694824219,82.47000122070312,65.4087142944336,3854600
2020-09-28,82.97000122070312,84.08000183105469,82.66000366210938,82.87000274658203,65.7259750366211,2424600
2020-09-29,83.06999969482422,83.4000015258789,82.04000091552734,82.41000366210938,65.36112976074219,2126100
2020-09-30,88.0,89.48999786376953,86.43000030517578,88.55999755859375,70.23883056640625,18804900
2020-10-01,88.02999877929688,90.36000061035156,87.5999984741211,90.05000305175781,71.42057800292969,6249600
2020-10-02,89.22000122070312,92.1500015258789,88.69000244140625,91.58000183105469,72.63407135009766,5925200
2020-10-05,90.9800033569336,92.1500015258789,89.9000015258789,91.73999786376953,72.76097106933594,3038400
2020-10-06,91.72000122070312,92.06999969482422,90.45999908447266,90.7699966430664,71.99163818359375,2993500
2020-10-07,91.61000061035156,92.12999725341797,90.69999694824219,91.30000305175781,72.41199493408203,2480000
2020-10-08,91.48999786376953,93.43000030517578,90.9000015258789,93.1500015258789,73.8792495727539,3253300
2020-10-09,93.13999938964844,93.91999816894531,92.04000091552734,93.30000305175781,73.99823760986328,3686800
2020-10-12,93.19000244140625,93.8499984741211,92.58999633789062,93.11000061035156,73.84754180908203,3131600
2020-10-13,92.63999938964844,93.26000213623047,91.30000305175781,92.91999816894531,73.69685363769531,2544400
2020-10-14,92.83999633789062,93.5,92.01000213623047,92.66999816894531,73.49855041503906,2420700
2020-10-15,91.06999969482422,92.81999969482422,90.75,91.95999908447266,72.93544006347656,2170600
2020-10-16,92.18000030517578,93.05999755859375,91.7300033569336,92.37000274658203,73.26063537597656,2811200
2020-10-19,92.12000274658203,92.87000274658203,91.75,92.06999969482422,73.02269744873047,2284000
2020-10-20,92.11000061035156,92.80000305175781,91.80000305175781,92.05999755859375,73.01473999023438,2243100
2020-10-21,91.95999908447266,92.9800033569336,91.55999755859375,92.51000213623047,73.3716812133789,2233300
2020-10-22,92.58999633789062,93.91000366210938,92.05999755859375,93.88999938964844,74.4661865234375,4162200
2020-10-23,94.0,94.37000274658203,90.97000122070312,92.77999877929688,73.58583068847656,4532000
2020-10-26,91.94000244140625,93.5,91.47000122070312,93.18000030517578,73.90304565429688,2711800
2020-10-27,93.31999969482422,93.94000244140625,92.62000274658203,93.05999755859375,73.8078842163086,2275900
2020-10-28,91.79000091552734,93.08999633789062,90.83000183105469,90.9800033569336,72.15818786621094,3658800
2020-10-29,90.72000122070312,93.19000244140625,89.62000274658203,92.23999786376953,73.15751647949219,3424900
2020-10-30,91.66000366210938,93.0,91.2300033569336,92.11000061035156,73.05441284179688,3304800
2020-11-02,92.93000030517578,94.19999694824219,92.25,93.81999969482422,74.41065979003906,2929900
2020-11-03,94.86000061035156,96.55999755859375,94.43000030517578,95.5199966430664,75.75895690917969,3512400
2020-11-04,95.06999969482422,96.7300033569336,93.55000305175781,93.55000305175781,74.1965103149414,2883700
2020-11-05,94.81999969482422,96.95999908447266,93.97000122070312,94.22000122070312,74.7279052734375,2531900
2020-11-06,94.5,95.52999877929688,93.33999633789062,93.44000244140625,74.1092758178711,2380500
2020-11-09,96.80999755859375,98.87999725341797,95.11000061035156,95.4000015258789,75.66378784179688,4148100
2020-11-10,95.72000122070312,97.2699966430664,94.30000305175781,97.13999938964844,77.04380798339844,3146100
2020-11-11,97.68000030517578,98.66000366210938,97.04000091552734,97.30999755859375,77.17864990234375,2704500
2020-11-12,95.5,95.91000366210938,93.5999984741211,94.25,75.50041198730469,3119000
2020-11-13,94.70999908447266,95.36000061035156,94.5999984741211,94.9800033569336,76.08518981933594,1887300
2020-11-16,96.05000305175781,96.05000305175781,94.47000122070312,95.01000213623047,76.10922241210938,2842900
2020-11-17,94.30000305175781,95.0,92.83000183105469,92.91999816894531,74.43501281738281,3178500
2020-11-18,93.58999633789062,93.95999908447266,91.45999908447266,91.52999877929688,73.32152557373047,2948800
2020-11-19,91.33999633789062,91.76000213623047,90.01000213623047,91.69999694824219,73.45767211914062,3368600
2020-11-20,91.69999694824219,92.68000030517578,91.37999725341797,92.58000183105469,74.16264343261719,4213800
2020-11-23,92.5199966430664,93.43000030517578,92.01000213623047,93.33000183105469,74.76343536376953,3795700
2020-11-24,94.47000122070312,96.33000183105469,93.9000015258789,96.26000213623047,77.11056518554688,4350900
2020-11-25,95.94999694824219,96.23999786376953,94.83999633789062,96.1500015258789,77.02241516113281,1959300
2020-11-27,96.1500015258789,96.1500015258789,94.0999984741211,94.5999984741211,75.78079986572266,1293800
2020-11-30,94.12999725341797,94.25,91.94000244140625,92.66000366210938,74.22672271728516,5012200
2020-12-01,93.55999755859375,94.63999938964844,93.16999816894531,93.26000213623047,74.70736694335938,2947300
2020-12-02,93.0999984741211,93.91000366210938,91.91000366210938,93.87000274658203,75.19601440429688,2173900
2020-12-03,93.4800033569336,93.69999694824219,92.0999984741211,92.3499984741211,73.97838592529297,2286100
2020-12-04,92.19999694824219,92.66999816894531,90.13999938964844,91.1500015258789,73.01712799072266,3172200
2020-12-07,90.69999694824219,92.30999755859375,90.55000305175781,91.87000274658203,73.59387969970703,2030700
2020-12-08,91.33000183105469,92.0199966430664,90.4000015258789,91.51000213623047,73.30548095703125,2409300
2020-12-09,91.48999786376953,91.73999786376953,90.29000091552734,91.38999938964844,73.2093734741211,2998200
2020-12-10,91.69000244140625,92.06999969482422,90.83000183105469,91.76000213623047,73.50576782226562,3628500
2020-12-11,91.25,91.88999938964844,90.9000015258789,91.54000091552734,73.32953643798828,3225100
2020-12-14,92.37999725341797,94.08000183105469,91.0999984741211,91.12999725341797,73.0010757446289,3684200
2020-12-15,91.26000213623047,92.83999633789062,90.9000015258789,92.11000061035156,73.78614044189453,4059600
2020-12-16,92.38999938964844,92.9800033569336,90.5999984741211,90.61000061035156,72.58454132080078,4057900
2020-12-17,91.30999755859375,91.83000183105469,91.0,91.5199966430664,73.3134994506836,4309900
2020-12-18,91.44999694824219,91.5999984741211,90.23999786376953,90.31999969482422,72.35222625732422,7342800
2020-12-21,89.80999755859375,90.0,88.18000030517578,89.0999984741211,71.37492370605469,4682100
2020-12-22,89.08999633789062,89.56999969482422,88.5999984741211,89.52999877929688,71.71937561035156,2831600
2020-12-23,89.9800033569336,90.75,89.0199966430664,89.04000091552734,71.32685852050781,1956500
2020-12-24,89.22000122070312,89.72000122070312,88.80000305175781,89.66999816894531,71.83153533935547,733500
2020-12-28,90.16000366210938,90.66000366210938,89.7300033569336,90.25,72.2961654663086,1473400
2020-12-29,90.52999877929688,91.04000091552734,89.68000030517578,89.86000061035156,71.9837417602539,2044400
2020-12-30,89.91999816894531,91.08000183105469,89.91999816894531,90.55999755859375,72.54448699951172,1838700
2020-12-31,90.61000061035156,91.63999938964844,90.2699966430664,91.55999755859375,73.34553527832031,1638800
2021-01-04,91.77999877929688,92.12999725341797,89.19999694824219,89.70999908447266,71.86360168457031,2683700
2021-01-05,89.79000091552734,90.19000244140625,89.04000091552734,89.75,71.89562225341797,2547400
2021-01-06,89.94999694824219,91.7699966430664,89.87000274658203,90.91000366210938,72.82486724853516,2823000
2021-01-07,91.1500015258789,91.45999908447266,89.73999786376953,89.88999938964844,72.00778198242188,2989500
2021-01-08,89.94999694824219,90.4000015258789,89.41999816894531,90.05000305175781,72.13593292236328,2752100
2021-01-11,89.63999938964844,90.41999816894531,88.52999877929688,89.29000091552734,71.52714538574219,2193700
2021-01-12,89.13999938964844,89.55999755859375,87.62000274658203,88.93000030517578,71.23875427246094,2860700
2021-01-13,88.9800033569336,92.37000274658203,88.94999694824219,91.55999755859375,73.34553527832031,3592500
2021-01-14,91.55999755859375,91.95999908447266,90.33000183105469,91.66000366210938,73.42566680908203,3097300
2021-01-15,90.91000366210938,92.37999725341797,90.5999984741211,92.11000061035156,73.78614044189453,2914600
2021-01-19,92.58999633789062,92.94999694824219,90.3499984741211,90.37999725341797,72.4002914428711,2486200
2021-01-20,90.30000305175781,91.20999908447266,89.5,90.77999877929688,72.72073364257812,2331300
2021-01-21,90.5,90.7699966430664,89.80000305175781,90.18000030517578,72.24006652832031,2254700
2021-01-22,89.81999969482422,90.66999816894531,89.45999908447266,90.29000091552734,72.32820129394531,1917500
2021-01-25,90.01000213623047,93.06999969482422,89.79000091552734,92.91000366210938,74.427001953125,3469200
2021-01-26,92.79000091552734,93.44999694824219,91.86000061035156,92.91999816894531,74.43501281738281,2261500
2021-01-27,92.3499984741211,94.16000366210938,91.33000183105469,91.70999908447266,73.4657211303711,3002300
2021-01-28,92.16000366210938,93.69999694824219,91.44999694824219,91.4800033569336,73.28146362304688,2001000
2021-01-29,92.01000213623047,94.58000183105469,91.05000305175781,94.0,75.30015563964844,4967400
2021-02-01,94.05000305175781,94.4000015258789,92.88999938964844,93.16000366210938,74.62724304199219,2570900
2021-02-02,93.08999633789062,94.94999694824219,92.69000244140625,93.0999984741211,74.5792007446289,2240700
2021-02-03,92.73999786376953,93.61000061035156,92.5199966430664,93.38999938964844,74.81150817871094,2577200
2021-02-04,93.66999816894531,94.47000122070312,93.30999755859375,94.3499984741211,75.58053588867188,2375800
2021-02-05,94.47000122070312,95.44999694824219,94.02999877929688,94.73999786376953,75.89295196533203,2465900
2021-02-08,94.61000061035156,94.68000030517578,93.0199966430664,93.5999984741211,74.9797134399414,2087100
2021-02-09,93.61000061035156,94.05999755859375,92.79000091552734,93.31999969482422,74.75541687011719,1932900
2021-02-10,93.7699966430664,94.19000244140625,92.80999755859375,93.69999694824219,75.059814453125,2356700
2021-02-11,92.69999694824219,92.81999969482422,90.3499984741211,90.41999816894531,73.18607330322266,3633400
2021-02-12,89.91999816894531,90.38999938964844,89.1500015258789,89.81999969482422,72.70042419433594,2742400
2021-02-16,89.63999938964844,90.19999694824219,88.02999877929688,88.37999725341797,71.53489685058594,2931600
2021-02-17,88.56999969482422,89.56999969482422,87.88999938964844,89.19999694824219,72.1985855102539,3772600
2021-02-18,89.20999908447266,90.47000122070312,89.0999984741211,89.52999877929688,72.46570587158203,3658400
2021-02-19,89.44000244140625,89.44000244140625,88.22000122070312,88.43000030517578,71.57537078857422,3537300
2021-02-22,88.13999938964844,88.63999938964844,87.08000183105469,88.3499984741211,71.5105972290039,2981400
2021-02-23,89.38999938964844,90.04000091552734,88.2699966430664,89.04000091552734,72.06908416748047,2640200
2021-02-24,88.94000244140625,88.98999786376953,87.33000183105469,87.33999633789062,70.6930923461914,2886400
2021-02-25,87.25,88.76000213623047,86.69999694824219,87.12000274658203,70.51504516601562,3423000
2021-02-26,87.33999633789062,88.63999938964844,85.55999755859375,85.58999633789062,69.27665710449219,3877300
2021-03-01,86.0,88.04000091552734,86.0,87.04000091552734,70.45030975341797,2828000
2021-03-02,87.05999755859375,87.87000274658203,86.44999694824219,87.23999786376953,70.61216735839844,2427600
2021-03-03,86.88999938964844,87.45999908447266,85.80000305175781,87.2699966430664,70.63644409179688,2724700
2021-03-04,87.30000305175781,88.7699966430664,86.01000213623047,86.45999908447266,69.98085021972656,4197300
2021-03-05,86.75,89.0,86.18000030517578,88.52999877929688,71.65629577636719,3788000
2021-03-08,89.0,91.2300033569336,88.55999755859375,90.22000122070312,73.02417755126953,3740800
2021-03-09,90.22000122070312,91.47000122070312,89.79000091552734,90.94999694824219,73.61505889892578,3228200
2021-03-10,90.94999694824219,91.69999694824219,90.5999984741211,90.79000091552734,73.48553466796875,4227800
2021-03-11,90.66999816894531,92.30000305175781,90.27999877929688,90.69000244140625,73.40457916259766,3565200
2021-03-12,91.01000213623047,91.94999694824219,90.69000244140625,91.4000015258789,73.97928619384766,3462300
2021-03-15,91.87999725341797,92.55000305175781,91.52999877929688,92.33000183105469,74.73200988769531,4261000
2021-03-16,92.19000244140625,93.37999725341797,91.80999755859375,93.0199966430664,75.2905044555664,3140100
2021-03-17,92.95999908447266,93.30999755859375,91.4800033569336,91.8499984741211,74.34351348876953,4138400
2021-03-18,91.81999969482422,92.66000366210938,91.29000091552734,92.33000183105469,74.73200988769531,3471800
2021-03-19,92.47000122070312,93.3499984741211,91.5999984741211,92.72000122070312,75.04769897460938,11280800
2021-03-22,92.72000122070312,93.23999786376953,92.0999984741211,93.12000274658203,75.37144470214844,4107800
2021-03-23,92.98999786376953,94.58999633789062,92.6500015258789,94.0199966430664,76.09991455078125,3852900
2021-03-24,93.52999877929688,95.12999725341797,93.4000015258789,94.38999938964844,76.39940643310547,3024300
2021-03-25,94.97000122070312,95.9000015258789,94.4000015258789,95.52999877929688,77.32211303710938,2622900
2021-03-26,95.33000183105469,95.94999694824219,94.80000305175781,95.83000183105469,77.5649185180664,6036000
2021-03-29,95.79000091552734,97.91999816894531,95.31999969482422,97.58000183105469,78.98138427734375,4941200
2021-03-30,97.58999633789062,97.63999938964844,95.55999755859375,96.23999786376953,77.89678192138672,3275100
2021-03-31,95.91000366210938,96.79000091552734,95.83999633789062,96.52999877929688,78.13152313232422,3480700
2021-04-01,96.43000030517578,96.52999877929688,95.33999633789062,96.27999877929688,77.92916107177734,2876100
2021-04-05,96.3499984741211,97.66000366210938,96.16999816894531,96.93000030517578,78.45526885986328,2839800
2021-04-06,96.76000213623047,97.5999984741211,96.06999969482422,97.56999969482422,78.97329711914062,3634300
2021-04-07,97.69999694824219,98.05000305175781,97.3499984741211,97.81999969482422,79.17564392089844,2549200
2021-04-08,97.93000030517578,98.1500015258789,97.37000274658203,97.62000274658203,79.01376342773438,4922400
2021-04-09,98.0,98.73999786376953,97.44000244140625,97.54000091552734,78.94900512695312,2028700
2021-04-12,97.13999938964844,98.11000061035156,97.06999969482422,97.63999938964844,79.02994537353516,3784600
2021-04-13,97.12000274658203,98.8499984741211,96.80999755859375,98.5,79.72601318359375,3661300
2021-04-14,98.29000091552734,98.88999938964844,98.02999877929688,98.79000091552734,79.96076965332031,3604100
2021-04-15,98.83999633789062,99.88999938964844,98.73999786376953,99.75,80.73777770996094,3271600
2021-04-16,99.8499984741211,101.12999725341797,99.75,100.66999816894531,81.48242950439453,3820900
2021-04-19,100.68000030517578,100.75,99.66000366210938,100.19999694824219,81.10200500488281,3491600
2021-04-20,100.25,101.83000183105469,100.05999755859375,101.41000366210938,82.08139038085938,3171600
2021-04-21,101.37000274658203,101.6500015258789,100.56999969482422,101.08999633789062,81.82237243652344,3741900
2021-04-22,101.20999908447266,101.20999908447266,100.04000091552734,100.08000183105469,81.0048828125,3866800
2021-04-23,100.08999633789062,100.45999908447266,99.44000244140625,99.8499984741211,80.81871032714844,2849400
2021-04-26,99.94000244140625,99.94000244140625,99.01000213623047,99.19999694824219,80.29261016845703,2749800
2021-04-27,98.95999908447266,99.1500015258789,98.33999633789062,98.61000061035156,79.8150634765625,3441300
2021-04-28,98.88999938964844,99.16000366210938,98.06999969482422,98.56999969482422,79.7826919555664,2514600
2021-04-29,98.68000030517578,99.62999725341797,98.58000183105469,99.55000305175781,80.57591247558594,2172000
2021-04-30,99.86000061035156,100.70999908447266,99.2699966430664,100.69000244140625,81.49861145019531,2574800
2021-05-03,100.81999969482422,101.9000015258789,100.37999725341797,100.70999908447266,81.51481628417969,3572100
2021-05-04,100.70999908447266,101.08000183105469,100.11000061035156,100.77999877929688,81.57146453857422,3096400
2021-05-05,100.5,100.66000366210938,98.6500015258789,99.36000061035156,80.422119140625,3582200
2021-05-06,99.76000213623047,100.73999786376953,99.3499984741211,100.54000091552734,81.37722778320312,2051600
2021-05-07,100.38999938964844,101.43000030517578,100.19000244140625,100.86000061035156,81.63619995117188,4544800
2021-05-10,101.27999877929688,108.0,101.05999755859375,103.73999786376953,83.96728515625,8173900
2021-05-11,104.18000030517578,104.5999984741211,102.72000122070312,103.62999725341797,83.87826538085938,4487600
2021-05-12,103.55999755859375,103.70999908447266,101.1500015258789,101.22000122070312,81.92760467529297,4477600
2021-05-13,100.4000015258789,103.58999633789062,100.25,103.0,84.17078399658203,3318200
2021-05-14,103.30999755859375,103.83000183105469,102.62000274658203,103.05999755859375,84.21981048583984,2409600
2021-05-17,103.16999816894531,108.0,102.37999725341797,102.44999694824219,83.72132110595703,5583000
2021-05-18,102.19999694824219,103.11000061035156,101.95999908447266,102.48999786376953,83.75402069091797,4857100
2021-05-19,102.19999694824219,102.36000061035156,100.12000274658203,101.16000366210938,82.66715240478516,4371600
2021-05-20,101.30999755859375,102.77999877929688,101.19000244140625,102.2699966430664,83.57423400878906,3110200
2021-05-21,102.52999877929688,103.06999969482422,101.91999816894531,102.86000061035156,84.05638122558594,4136400
2021-05-24,103.08999633789062,103.51000213623047,102.16000366210938,102.30999755859375,83.60692596435547,2726500
2021-05-25,102.12000274658203,102.26000213623047,100.80000305175781,101.30999755859375,82.78973388671875,3015000
2021-05-26,101.30000305175781,101.61000061035156,100.77999877929688,101.11000061035156,82.62629699707031,2607800
2021-05-27,101.30999755859375,101.36000061035156,99.9000015258789,100.01000213623047,81.72737884521484,4251100
2021-05-28,100.37000274658203,100.7699966430664,99.98999786376953,100.22000122070312,81.89899444580078,2271200
2021-06-01,100.54000091552734,100.75,99.58000183105469,100.08000183105469,81.78459930419922,2816100
2021-06-02,100.41000366210938,101.2699966430664,99.72000122070312,100.68000030517578,82.27491760253906,1889900
2021-06-03,100.23999786376953,102.0199966430664,100.18000030517578,101.66999816894531,83.08393859863281,3401900
2021-06-04,101.97000122070312,102.08999633789062,101.38999938964844,101.4800033569336,82.92866516113281,2771400
2021-06-07,101.55000305175781,102.20999908447266,101.44999694824219,101.86000061035156,83.23919677734375,3335100
2021-06-08,102.13999938964844,102.13999938964844,100.44000244140625,100.58999633789062,82.20136260986328,3147900
2021-06-09,100.62000274658203,101.47000122070312,100.43000030517578,101.38999938964844,82.8551254272461,1584800
2021-06-10,101.37999725341797,101.86000061035156,101.1500015258789,101.70999908447266,83.11662292480469,1783900
2021-06-11,101.52999877929688,102.05999755859375,101.13999938964844,101.93000030517578,83.2964096069336,1909000
2021-06-14,101.93000030517578,102.55000305175781,101.76000213623047,102.52999877929688,83.7867202758789,2003300
2021-06-15,102.5999984741211,103.51000213623047,102.22000122070312,103.22000122070312,84.35057067871094,2738600
2021-06-16,103.72000122070312,103.9000015258789,101.7300033569336,101.80999755859375,83.19832611083984,3865400
2021-06-17,101.81999969482422,103.16999816894531,101.48999786376953,102.41999816894531,83.69682312011719,3998700
2021-06-18,102.06999969482422,102.25,99.51000213623047,99.61000061035156,81.4005126953125,5190400
2021-06-21,100.08999633789062,101.55999755859375,99.76000213623047,101.30999755859375,82.78973388671875,3566100
2021-06-22,100.83999633789062,101.47000122070312,100.27999877929688,100.4000015258789,82.04608917236328,2562000
2021-06-23,100.1500015258789,100.91999816894531,99.08000183105469,99.2300033569336,81.08997344970703,3997300
2021-06-24,99.2300033569336,99.45999908447266,98.69999694824219,99.06999969482422,80.959228515625,2448600
2021-06-25,99.36000061035156,99.83000183105469,98.94999694824219,99.72000122070312,81.49039459228516,3236200
2021-06-28,100.0,100.7300033569336,99.63999938964844,100.01000213623047,81.72737884521484,3192800
2021-06-29,99.76000213623047,100.23999786376953,97.68000030517578,98.12000274658203,80.18289184570312,2669200
2021-06-30,98.16999816894531,98.94999694824219,97.68000030517578,98.72000122070312,80.6732177734375,2493300
2021-07-01,98.95999908447266,99.87000274658203,98.3499984741211,99.55000305175781,81.35149383544922,2406900
2021-07-02,99.73999786376953,99.73999786376953,99.18000030517578,99.51000213623047,81.31880187988281,1779300
2021-07-06,99.58999633789062,99.88999938964844,98.4000015258789,99.83000183105469,81.58031463623047,3258100
2021-07-07,99.94999694824219,100.55999755859375,99.18000030517578,100.37000274658203,82.0215835571289,2044400
2021-07-08,100.02999877929688,101.0,99.8499984741211,100.55999755859375,82.17682647705078,2386200
2021-07-09,100.94999694824219,101.04000091552734,99.9000015258789,100.66000366210938,82.25857543945312,2676300
2021-07-12,100.22000122070312,101.63999938964844,99.86000061035156,101.52999877929688,82.96953582763672,2509100
2021-07-13,101.45999908447266,101.8499984741211,100.97000122070312,101.52999877929688,82.96953582763672,2774400
2021-07-14,101.5,103.04000091552734,100.56999969482422,102.69999694824219,83.9256362915039,2692900
2021-07-15,102.54000091552734,104.0,102.54000091552734,103.94000244140625,84.93895721435547,2869100
2021-07-16,104.0999984741211,105.37999725341797,103.80999755859375,104.76000213623047,85.60904693603516,2758800
2021-07-19,104.41000366210938,105.45999908447266,102.73999786376953,103.88999938964844,84.89810180664062,5548800
2021-07-20,104.08000183105469,105.41999816894531,103.43000030517578,103.73999786376953,84.7755126953125,2411400
2021-07-21,103.91999816894531,104.0999984741211,103.12000274658203,103.16000366210938,84.30156707763672,2078100
2021-07-22,103.16999816894531,103.97000122070312,102.76000213623047,102.91999816894531,84.10542297363281,2948600
2021-07-23,103.05999755859375,104.58999633789062,103.05999755859375,104.47000122070312,85.3720703125,1896100
2021-07-26,104.5999984741211,105.05000305175781,103.94999694824219,104.58000183105469,85.46195220947266,3170100
2021-07-27,104.37000274658203,106.68000030517578,104.05000305175781,106.36000061035156,86.91655731201172,2036000
2021-07-28,106.26000213623047,106.4000015258789,104.75,105.6500015258789,86.33635711669922,2144700
2021-07-29,105.91000366210938,106.05999755859375,104.97000122070312,105.68000030517578,86.36087036132812,1477900
2021-07-30,105.68000030517578,106.70999908447266,104.87999725341797,105.11000061035156,85.89507293701172,2567700
2021-08-02,105.38999938964844,106.66000366210938,105.16000366210938,106.19000244140625,86.77764129638672,3392300
2021-08-03,106.41000366210938,107.55999755859375,105.9800033569336,106.61000061035156,87.12085723876953,2398900
2021-08-04,106.29000091552734,107.0,105.37000274658203,106.7300033569336,87.21892547607422,2261800
2021-08-05,106.75,108.0,106.33000183105469,107.93000030517578,88.19955444335938,2843600
2021-08-06,107.41999816894531,108.05999755859375,106.87999725341797,106.95999908447266,87.4068832397461,2617800
2021-08-09,106.69999694824219,107.01000213623047,105.47000122070312,106.1500015258789,86.74494934082031,2435800
2021-08-10,106.5,107.23999786376953,106.0,106.9000015258789,87.35782623291016,2022100
2021-08-11,107.27999877929688,107.80999755859375,106.97000122070312,107.13999938964844,87.553955078125,2510400
2021-08-12,105.79000091552734,106.5,105.47000122070312,105.69000244140625,87.17045593261719,2227000
2021-08-13,105.9800033569336,106.29000091552734,105.52999877929688,106.0,87.42613220214844,2010900
2021-08-16,106.33000183105469,108.37999725341797,106.16000366210938,107.80999755859375,88.91895294189453,3286700
2021-08-17,107.79000091552734,108.23999786376953,106.75,107.70999908447266,88.83650207519531,2151900
2021-08-18,107.7699966430664,107.83999633789062,106.56999969482422,107.05000305175781,88.2921371459961,2834100
2021-08-19,107.05999755859375,108.22000122070312,106.69999694824219,106.87999725341797,88.15192413330078,2464600
2021-08-20,106.2300033569336,107.33999633789062,105.63999938964844,107.20999908447266,88.42412567138672,2569100
2021-08-23,107.05999755859375,107.47000122070312,105.68000030517578,105.83000183105469,87.2859115600586,2712700
2021-08-24,106.02999877929688,106.16999816894531,104.38999938964844,105.1500015258789,86.7250747680664,3730600
2021-08-25,105.12999725341797,105.95999908447266,104.43000030517578,105.37999725341797,86.91477966308594,2357900
2021-08-26,105.4000015258789,105.58000183105469,104.81999969482422,104.8499984741211,86.47764587402344,2495800
2021-08-27,105.08000183105469,105.33000183105469,104.51000213623047,104.66999816894531,86.32917022705078,1724400
2021-08-30,104.5,105.16000366210938,104.33999633789062,104.79000091552734,86.42813873291016,1947800
2021-08-31,104.83999633789062,105.62000274658203,104.4000015258789,104.66000366210938,86.32091522216797,3069300
2021-09-01,104.9000015258789,106.37999725341797,104.66999816894531,106.12000274658203,87.5251235961914,2499500
2021-09-02,106.19999694824219,106.94999694824219,106.0,106.6500015258789,87.96223449707031,2792500
2021-09-03,106.38999938964844,106.63999938964844,105.47000122070312,105.68000030517578,87.16221618652344,3043700
2021-09-07,105.5199966430664,105.58999633789062,103.16999816894531,103.19999694824219,85.11676788330078,4472500
2021-09-08,103.2699966430664,105.6500015258789,102.70999908447266,105.33000183105469,86.87352752685547,3616300
2021-09-09,105.08999633789062,105.3499984741211,104.52999877929688,104.62000274658203,86.28794860839844,2317700
2021-09-10,104.6500015258789,104.79000091552734,103.1500015258789,103.19999694824219,85.11676788330078,2391700
2021-09-13,103.9800033569336,104.22000122070312,102.55000305175781,102.7300033569336,84.72911834716797,2801100
2021-09-14,103.0,103.51000213623047,101.4800033569336,101.61000061035156,83.80538177490234,3421700
2021-09-15,101.25,102.41999816894531,100.80000305175781,102.02999877929688,84.15176391601562,2795800
2021-09-16,102.48999786376953,102.80999755859375,101.27999877929688,101.41000366210938,83.64041137695312,3219100
2021-09-17,101.0,101.58000183105469,99.56999969482422,99.66999816894531,82.205322265625,6699200
2021-09-20,99.29000091552734,100.30999755859375,98.52999877929688,99.63999938964844,82.18055725097656,4907800
2021-09-21,99.91999816894531,100.47000122070312,98.83000183105469,98.91999816894531,81.58672332763672,3274900
2021-09-22,99.25,99.45999908447266,98.18000030517578,98.54000091552734,81.27330780029297,2732900
2021-09-23,98.61000061035156,99.44999694824219,98.19999694824219,98.4000015258789,81.15784454345703,2419900
2021-09-24,98.25,99.08000183105469,97.88999938964844,98.45999908447266,81.20732116699219,3010800
2021-09-27,98.44999694824219,99.55999755859375,97.5,97.62999725341797,80.52275085449219,2772800
2021-09-28,97.44999694824219,97.86000061035156,96.58000183105469,97.05000305175781,80.0444107055664,3126800
2021-09-29,97.05000305175781,99.02999877929688,96.94999694824219,98.33999633789062,81.10835266113281,3299000
2021-09-30,98.5199966430664,98.69999694824219,97.55999755859375,97.58999633789062,80.4897689819336,2962300
2021-10-01,98.19999694824219,98.87999725341797,97.61000061035156,98.45999908447266,81.20732116699219,4598500
2021-10-04,98.66000366210938,101.02999877929688,98.51000213623047,100.76000213623047,83.10430908203125,4645600
2021-10-05,100.87999725341797,100.9800033569336,99.94999694824219,100.16999816894531,82.61771392822266,3411500
2021-10-06,99.93000030517578,101.91000366210938,99.25,101.8499984741211,84.00331115722656,2794800
2021-10-07,101.91999816894531,102.55999755859375,100.86000061035156,100.95999908447266,83.2692642211914,2020000
2021-10-08,101.0,101.31999969482422,100.41000366210938,100.52999877929688,82.91461181640625,1745000
2021-10-11,100.18000030517578,100.7300033569336,99.3499984741211,99.70999908447266,82.23828887939453,1659700
2021-10-12,99.8499984741211,100.55999755859375,99.58000183105469,99.81999969482422,82.32901763916016,2426000
2021-10-13,99.83999633789062,100.75,99.05000305175781,100.69999694824219,83.05482482910156,1798800
2021-10-14,101.11000061035156,101.88999938964844,100.76000213623047,101.6500015258789,83.83837127685547,3045600
2021-10-15,101.75,101.98999786376953,100.0999984741211,100.3499984741211,82.7661361694336,2593400
2021-10-18,99.8499984741211,100.18000030517578,99.1500015258789,99.86000061035156,82.36202239990234,2057600
2021-10-19,100.3499984741211,101.22000122070312,100.12999725341797,101.12999725341797,83.40947723388672,1759000
2021-10-20,101.25,102.56999969482422,101.25,102.2300033569336,84.31673431396484,1892700
2021-10-21,102.38999938964844,103.02999877929688,102.16999816894531,103.0,84.95181274414062,2057800
2021-10-22,103.20999908447266,104.94000244140625,102.97000122070312,103.77999877929688,85.59512329101562,2430300
2021-10-25,103.69000244140625,103.69999694824219,102.62000274658203,102.83999633789062,84.8198471069336,1681600
2021-10-26,102.79000091552734,104.13999938964844,102.63999938964844,103.29000091552734,85.19099426269531,2298300
2021-10-27,103.6500015258789,103.81999969482422,102.6500015258789,102.76000213623047,84.75386047363281,1519200
2021-10-28,102.41999816894531,102.8499984741211,101.7699966430664,102.48999786376953,84.53116607666016,1973600
2021-10-29,102.23999786376953,102.95999908447266,101.5999984741211,102.01000213623047,84.13526916503906,2301300
2021-11-01,102.12999725341797,102.68000030517578,101.45999908447266,102.30999755859375,84.3827133178711,1606500
2021-11-02,102.62999725341797,102.80999755859375,101.5,102.44999694824219,84.49817657470703,2701100
2021-11-03,102.25,102.94999694824219,101.44999694824219,102.54000091552734,84.5724105834961,2062000
2021-11-04,102.38999938964844,102.8499984741211,99.87000274658203,101.0199966430664,83.3187484741211,3054500
2021-11-05,101.19000244140625,102.66999816894531,101.05000305175781,101.68000030517578,83.86312103271484,2127800
2021-11-08,101.87999725341797,101.98999786376953,100.51000213623047,101.41999816894531,83.6486587524414,3686700
2021-11-09,101.79000091552734,102.25,101.2300033569336,101.95999908447266,84.09403991699219,2876300
2021-11-10,101.27999877929688,101.91000366210938,100.69000244140625,101.62000274658203,84.63121795654297,1876700
2021-11-11,101.36000061035156,101.55999755859375,99.95999908447266,100.25,83.49024963378906,2002600
2021-11-12,100.25,100.5,99.58000183105469,99.87999725341797,83.1821060180664,2504100
2021-11-15,100.23999786376953,101.01000213623047,99.7300033569336,100.5999984741211,83.78173065185547,2362900
2021-11-16,100.52999877929688,100.7699966430664,98.95999908447266,99.08000183105469,82.5158462524414,3758800
2021-11-17,99.0,99.25,98.41000366210938,98.98999786376953,82.44088745117188,2368600
2021-11-18,98.58000183105469,98.66000366210938,97.9800033569336,98.37000274658203,81.92454528808594,2809800
2021-11-19,98.44999694824219,98.76000213623047,97.95999908447266,98.41999816894531,81.96619415283203,2986300
2021-11-22,98.5,100.55000305175781,98.31999969482422,100.25,83.49024963378906,3913900
2021-11-23,100.48999786376953,101.06999969482422,99.37999725341797,100.73999786376953,83.8983154296875,3174100
2021-11-24,100.98999786376953,101.19000244140625,99.91999816894531,100.18000030517578,83.43195343017578,2236800
2021-11-26,99.18000030517578,100.66000366210938,99.1500015258789,99.27999877929688,82.68240356445312,1805400
2021-11-29,99.91999816894531,100.48999786376953,99.11000061035156,100.22000122070312,83.46527099609375,2128900
2021-11-30,99.6500015258789,99.72000122070312,96.75,97.01000213623047,80.79190826416016,3873200
2021-12-01,97.44000244140625,99.0,96.58000183105469,96.62000274658203,80.46710968017578,2825600
2021-12-02,97.0999984741211,98.68000030517578,96.93000030517578,97.6500015258789,81.32492065429688,2956200
2021-12-03,98.0999984741211,99.94999694824219,97.30999755859375,99.87999725341797,83.1821060180664,3106800
2021-12-06,100.5199966430664,102.69999694824219,100.26000213623047,101.20999908447266,84.28975677490234,2972500
2021-12-07,100.87999725341797,101.55000305175781,100.5,101.16999816894531,84.2564468383789,4402500
2021-12-08,100.98999786376953,101.63999938964844,100.19999694824219,100.8499984741211,83.98995208740234,4819400
2021-12-09,101.04000091552734,101.12000274658203,99.26000213623047,100.27999877929688,83.5152359008789,4020800
2021-12-10,100.80999755859375,102.05000305175781,100.36000061035156,101.51000213623047,84.53961181640625,3039900
2021-12-13,101.5,103.62999725341797,101.44999694824219,103.04000091552734,85.81381225585938,3932500
2021-12-14,103.05000305175781,103.5,102.31999969482422,102.7699966430664,85.58895874023438,2825100
2021-12-15,102.80999755859375,104.11000061035156,102.80999755859375,103.81999969482422,86.46341705322266,3378800
2021-12-16,104.0,105.11000061035156,103.63999938964844,104.54000091552734,87.06304168701172,3066600
2021-12-17,104.44999694824219,105.16999816894531,102.31999969482422,103.04000091552734,85.81381225585938,7150200
2021-12-20,102.5199966430664,103.83000183105469,101.87999725341797,103.66999816894531,86.33849334716797,3678600
2021-12-21,104.0,104.48999786376953,102.68000030517578,103.0199966430664,85.79716491699219,2054600
2021-12-22,102.91000366210938,103.52999877929688,102.66999816894531,103.16000366210938,85.91374969482422,1588700
2021-12-23,103.27999877929688,103.88999938964844,102.93000030517578,102.97000122070312,85.7555160522461,1435100
2021-12-27,102.97000122070312,103.44000244140625,102.68000030517578,103.29000091552734,86.02204132080078,1269600
2021-12-28,103.45999908447266,104.5999984741211,103.45999908447266,104.56999969482422,87.0880355834961,1197400
2021-12-29,104.76000213623047,105.02999877929688,104.2300033569336,104.76000213623047,87.24626159667969,1176300
2021-12-30,104.80000305175781,105.04000091552734,104.12000274658203,104.79000091552734,87.27125549316406,1690700
2021-12-31,104.72000122070312,105.2300033569336,104.0,104.9000015258789,87.36287689208984,1945700
2022-01-03,104.91000366210938,104.91000366210938,103.0199966430664,103.48999786376953,86.1885757446289,3272700
2022-01-04,103.36000061035156,104.94000244140625,103.27999877929688,103.41000366210938,86.12196350097656,2558300
2022-01-05,103.5,104.91999816894531,103.47000122070312,103.63999938964844,86.31350708007812,2446600
2022-01-06,103.51000213623047,104.7699966430664,103.33000183105469,103.47000122070312,86.17192840576172,3944100
2022-01-07,102.80999755859375,104.97000122070312,102.26000213623047,104.5,87.02972412109375,2990100
2022-01-10,104.6500015258789,105.31999969482422,104.06999969482422,104.55999755859375,87.0797119140625,2683500
2022-01-11,104.58000183105469,104.69999694824219,102.52999877929688,103.2300033569336,85.97206115722656,2937300
2022-01-12,102.68000030517578,103.81999969482422,102.19999694824219,103.62000274658203,86.29683685302734,2226300
2022-01-13,103.54000091552734,104.5,103.19999694824219,104.1500015258789,86.7382583618164,2591200
2022-01-14,104.44000244140625,104.68000030517578,103.2699966430664,104.04000091552734,86.6466293334961,3425900
2022-01-18,103.33000183105469,103.75,101.73999786376953,101.87000274658203,84.83940124511719,3082000
2022-01-19,101.87999725341797,102.83000183105469,101.30999755859375,102.16999816894531,85.08926391601562,2460800
2022-01-20,102.05000305175781,103.52999877929688,101.98999786376953,102.30999755859375,85.20585632324219,2426800
2022-01-21,103.0199966430664,104.20999908447266,102.66999816894531,102.9800033569336,85.76386260986328,3453800
2022-01-24,103.62000274658203,103.9800033569336,100.25,102.58000183105469,85.43071746826172,5654600
2022-01-25,101.70999908447266,103.1500015258789,101.55999755859375,102.31999969482422,85.21417999267578,3336300
2022-01-26,102.18000030517578,103.30000305175781,101.19999694824219,101.94999694824219,84.90604400634766,3111000
2022-01-27,102.51000213623047,104.37999725341797,102.47000122070312,103.25,85.98870849609375,3384900
2022-01-28,103.19000244140625,104.7699966430664,102.80000305175781,104.7300033569336,87.2212905883789,2874200
2022-01-31,103.87000274658203,105.23999786376953,103.45999908447266,105.05999755859375,87.49610900878906,4306700
2022-02-01,104.55000305175781,105.08000183105469,102.38999938964844,103.44999694824219,86.15528106689453,3036300
2022-02-02,103.3499984741211,105.22000122070312,103.05000305175781,105.0,87.44613647460938,3391100
2022-02-03,105.22000122070312,105.76000213623047,104.69999694824219,105.43000030517578,87.80426025390625,2238900
2022-02-04,104.55999755859375,105.33999633789062,103.62999725341797,104.25,86.82151794433594,2217100
2022-02-07,104.13999938964844,104.81999969482422,103.3499984741211,104.33999633789062,86.89649200439453,3046600
2022-02-08,105.2699966430664,105.36000061035156,104.05999755859375,104.41000366210938,86.95478057861328,2298800
2022-02-09,104.75,105.20999908447266,104.22000122070312,104.70999908447266,87.20462036132812,2259800
2022-02-10,104.19000244140625,104.33000183105469,99.58000183105469,99.79000091552734,83.10714721679688,5918200
2022-02-11,100.0999984741211,100.86000061035156,99.55999755859375,99.75,83.07383728027344,3953500
2022-02-14,100.55000305175781,101.01000213623047,98.62999725341797,99.94999694824219,83.24039459228516,5284400
2022-02-15,100.12999725341797,101.11000061035156,98.7699966430664,99.30000305175781,82.69906616210938,3149200
2022-02-16,99.36000061035156,99.97000122070312,98.9000015258789,99.51000213623047,82.87394714355469,2955900
2022-02-17,98.47000122070312,99.16000366210938,97.52999877929688,98.7300033569336,83.0464096069336,2401800
2022-02-18,98.36000061035156,100.19000244140625,98.08000183105469,99.80999755859375,83.95481872558594,4505500
2022-02-22,100.0,100.23999786376953,98.56999969482422,99.44999694824219,83.6520004272461,3304900
2022-02-23,99.66000366210938,99.87000274658203,97.5999984741211,97.66999816894531,82.15477752685547,4055900
2022-02-24,97.43000030517578,97.62000274658203,95.4800033569336,97.04000091552734,81.6248550415039,4207800
2022-02-25,98.04000091552734,100.33999633789062,97.83999633789062,100.22000122070312,84.29971313476562,3326800
2022-02-28,99.20999908447266,100.5199966430664,98.98999786376953,100.41000366210938,84.45954132080078,3069400
2022-03-01,100.41000366210938,101.05999755859375,98.66999816894531,99.83000183105469,83.97164916992188,2448100
2022-03-02,99.94000244140625,101.25,99.73999786376953,100.79000091552734,84.77915954589844,2334300
2022-03-03,101.25,103.2300033569336,101.05999755859375,102.63999938964844,86.33528137207031,2607400
2022-03-04,102.45999908447266,105.37000274658203,102.4000015258789,105.26000213623047,88.53909301757812,3276600
2022-03-07,105.4000015258789,106.98999786376953,104.55000305175781,106.69999694824219,89.75033569335938,3611000
2022-03-08,106.76000213623047,107.44999694824219,105.33000183105469,105.47000122070312,88.71573638916016,3549800
2022-03-09,106.19000244140625,106.56999969482422,105.12000274658203,105.33000183105469,88.59796905517578,3293200
2022-03-10,104.62000274658203,106.41999816894531,104.44000244140625,106.19000244140625,89.32134246826172,2038500
2022-03-11,106.0999984741211,107.08999633789062,105.94999694824219,106.13999938964844,89.279296875,2229700
2022-03-14,107.05000305175781,107.69999694824219,105.73999786376953,106.30000305175781,89.41387176513672,2562900
2022-03-15,107.33999633789062,107.37999725341797,106.12999725341797,106.69000244140625,89.74192810058594,2113300
2022-03-16,107.0199966430664,107.0199966430664,104.16999816894531,105.97000122070312,89.13629913330078,2636500
2022-03-17,106.0,107.54000091552734,105.29000091552734,106.5,89.58209991455078,2675000
2022-03-18,106.30000305175781,106.91999816894531,104.56999969482422,105.05000305175781,88.36244201660156,4859200
2022-03-21,105.31999969482422,106.87000274658203,105.27999877929688,106.16000366210938,89.29610443115234,1987500
2022-03-22,106.7699966430664,106.94999694824219,104.86000061035156,106.19000244140625,89.32134246826172,2574900
2022-03-23,106.68000030517578,107.51000213623047,105.91999816894531,106.83000183105469,89.85967254638672,2617400
2022-03-24,106.56999969482422,108.08000183105469,106.4000015258789,107.47000122070312,90.39801788330078,2196500
2022-03-25,107.80000305175781,109.36000061035156,107.52999877929688,109.12999725341797,91.79431915283203,1703600
2022-03-28,109.0,110.04000091552734,108.25,110.04000091552734,92.55977630615234,2470300
2022-03-29,110.12999725341797,110.98999786376953,109.62000274658203,110.97000122070312,93.34203338623047,2461600
2022-03-30,111.0,111.5,110.4000015258789,111.4800033569336,93.77102661132812,1979300
2022-03-31,111.37999725341797,112.55000305175781,111.19999694824219,111.66000366210938,93.92241668701172,3280100
2022-04-01,111.69999694824219,112.9000015258789,110.55000305175781,112.81999969482422,94.89815521240234,2302500
2022-04-04,112.0999984741211,112.25,110.41000366210938,111.79000091552734,94.03177642822266,2265700
2022-04-05,112.0,114.13999938964844,111.9800033569336,112.5199966430664,94.64580535888672,2489200
2022-04-06,113.11000061035156,115.26000213623047,112.48999786376953,115.1500015258789,96.85802459716797,3413200
2022-04-07,114.98999786376953,115.22000122070312,113.44999694824219,114.86000061035156,96.61408233642578,2785900
2022-04-08,115.38999938964844,115.79000091552734,114.16999816894531,115.3499984741211,97.0262451171875,1678100
2022-04-11,115.45999908447266,115.95999908447266,113.79000091552734,114.2300033569336,96.08416748046875,2574200
2022-04-12,114.02999877929688,115.7300033569336,113.2699966430664,115.41999816894531,97.08512878417969,2509800
2022-04-13,115.51000213623047,115.9000015258789,114.4000015258789,115.11000061035156,96.82437896728516,2092300
2022-04-14,115.19000244140625,115.5199966430664,114.4800033569336,114.8499984741211,96.60567474365234,2719300
2022-04-18,115.27999877929688,115.81999969482422,113.58999633789062,114.23999786376953,96.09255981445312,1962500
2022-04-19,114.37000274658203,114.69999694824219,113.7699966430664,114.47000122070312,96.28604125976562,2018100
2022-04-20,115.48999786376953,115.87000274658203,115.16999816894531,115.43000030517578,97.0935287475586,2152900
2022-04-21,115.1500015258789,116.33000183105469,114.66999816894531,115.27999877929688,96.96737670898438,1865900
2022-04-22,115.16999816894531,115.44999694824219,114.13999938964844,114.27999877929688,96.12622833251953,3185600
2022-04-25,114.81999969482422,115.02999877929688,112.04000091552734,113.7699966430664,95.69723510742188,3743600
2022-04-26,113.80999755859375,115.83000183105469,113.3499984741211,113.5,95.47012329101562,3937200
2022-04-27,113.55999755859375,114.88999938964844,112.20999908447266,113.08999633789062,95.12525939941406,2483900
2022-04-28,113.56999969482422,114.69999694824219,112.5999984741211,113.80000305175781,95.72248077392578,2734100
2022-04-29,113.41999816894531,113.51000213623047,109.77999877929688,110.16000366210938,92.66070556640625,5424000
2022-05-02,110.66999816894531,111.08999633789062,107.47000122070312,108.69999694824219,91.43262481689453,3831700
2022-05-03,109.3499984741211,110.4000015258789,108.19000244140625,108.36000061035156,91.1466293334961,2428400
2022-05-04,108.19999694824219,110.77999877929688,107.93000030517578,110.51000213623047,92.95510864257812,2561400
2022-05-05,110.0199966430664,110.97000122070312,109.08000183105469,110.05000305175781,92.56819152832031,2200100
2022-05-06,109.79000091552734,111.97000122070312,109.33000183105469,111.31999969482422,93.63643646240234,2723500
2022-05-09,109.63999938964844,112.12000274658203,108.5,110.80000305175781,93.19905090332031,3663300
2022-05-10,110.58999633789062,112.19999694824219,108.04000091552734,108.91000366210938,91.60926818847656,3372200
2022-05-11,109.12000274658203,111.66000366210938,108.83999633789062,109.91000366210938,92.45043182373047,3082800
2022-05-12,108.79000091552734,109.30999755859375,107.4000015258789,108.8499984741211,92.3867416381836,3429200
2022-05-13,109.38999938964844,109.66999816894531,107.70999908447266,109.30000305175781,92.76871490478516,3251300
2022-05-16,109.6500015258789,110.87999725341797,109.43000030517578,110.02999877929688,93.3882827758789,2408000
2022-05-17,109.43000030517578,110.0,107.12999725341797,109.3499984741211,92.8111343383789,4076100
2022-05-18,109.81999969482422,110.55999755859375,108.58000183105469,108.9000015258789,92.42919921875,4006100
2022-05-19,108.66999816894531,109.44999694824219,107.2300033569336,108.94999694824219,92.47161865234375,3687600
2022-05-20,108.83999633789062,110.01000213623047,108.19000244140625,109.83000183105469,93.21853637695312,3375100
2022-05-23,110.6500015258789,111.9000015258789,109.80999755859375,110.80999755859375,94.0503158569336,2577300
2022-05-24,111.30999755859375,113.33000183105469,110.72000122070312,112.9800033569336,95.89209747314453,3009200
2022-05-25,113.19999694824219,113.41999816894531,111.69999694824219,112.38999938964844,95.3913345336914,2771900
2022-05-26,113.06999969482422,113.79000091552734,112.5999984741211,113.2300033569336,96.10429382324219,2717600
2022-05-27,112.88999938964844,114.5,112.58000183105469,114.4000015258789,97.09732818603516,2628900
2022-05-31,113.16999816894531,113.54000091552734,112.0999984741211,112.5199966430664,95.50167846679688,5037700
2022-06-01,112.55000305175781,112.7300033569336,110.95999908447266,111.66999816894531,94.78023529052734,2552100
2022-06-02,112.0999984741211,112.36000061035156,109.91999816894531,111.79000091552734,94.88209533691406,2712800
2022-06-03,111.4800033569336,112.0999984741211,110.97000122070312,111.16000366210938,94.34737396240234,1547800
2022-06-06,111.51000213623047,112.08000183105469,110.93000030517578,111.11000061035156,94.30494689941406,1483200
2022-06-07,110.94999694824219,112.41000366210938,110.26000213623047,112.33999633789062,95.3488998413086,2113300
2022-06-08,111.95999908447266,112.06999969482422,110.2699966430664,110.48999786376953,93.77870178222656,1810700
2022-06-09,110.43000030517578,111.02999877929688,107.58999633789062,107.7300033569336,91.4361572265625,2379400
2022-06-10,106.91000366210938,108.69000244140625,105.94999694824219,107.7699966430664,91.47010803222656,3342600
2022-06-13,106.77999877929688,107.0,102.93000030517578,103.43000030517578,87.78651428222656,2752200
2022-06-14,103.70999908447266,104.23999786376953,99.66000366210938,100.94000244140625,85.67312622070312,3899500
2022-06-15,102.01000213623047,102.12000274658203,99.05999755859375,100.18000030517578,85.02808380126953,4039500
2022-06-16,99.02999877929688,99.83000183105469,97.86000061035156,99.54000091552734,84.48485565185547,4134000
2022-06-17,99.23999786376953,99.95999908447266,96.87000274658203,97.81999969482422,83.02501678466797,5533000
2022-06-21,97.94000244140625,99.5,97.62000274658203,99.20999908447266,84.20475769042969,2877800
2022-06-22,98.91999816894531,101.0,98.69000244140625,100.16000366210938,85.01107025146484,2909900
2022-06-23,100.66999816894531,103.6500015258789,100.55000305175781,103.41000366210938,87.7695541381836,3724300
2022-06-24,103.66999816894531,104.80000305175781,103.30000305175781,104.52999877929688,88.7201156616211,2953800
2022-06-27,104.02999877929688,105.37000274658203,103.7300033569336,105.19999694824219,89.2887954711914,1725000
2022-06-28,105.76000213623047,106.83000183105469,105.36000061035156,105.69999694824219,89.71318054199219,2215700
2022-06-29,105.7300033569336,106.31999969482422,105.30999755859375,106.01000213623047,89.97628784179688,1767300
2022-06-30,105.2699966430664,107.94000244140625,105.04000091552734,107.20999908447266,90.99479675292969,3568900
2022-07-01,107.75,109.79000091552734,107.20999908447266,109.62000274658203,93.04029846191406,2874200
2022-07-05,109.69999694824219,109.69999694824219,104.54000091552734,106.33999633789062,90.25638580322266,2951900
2022-07-06,106.66999816894531,108.43000030517578,106.08000183105469,107.58000183105469,91.30883026123047,1920800
2022-07-07,107.81999969482422,108.22000122070312,106.54000091552734,106.83000183105469,90.6722640991211,1913500
2022-07-08,106.87999725341797,107.06999969482422,105.73999786376953,105.91000366210938,89.89142608642578,1697600
2022-07-11,106.04000091552734,107.98999786376953,105.86000061035156,107.95999908447266,91.63138580322266,2435700
2022-07-12,107.58000183105469,108.9800033569336,107.12999725341797,107.66999816894531,91.3852310180664,2102700
2022-07-13,106.93000030517578,108.19999694824219,106.72000122070312,107.23999786376953,91.02027893066406,2417200
2022-07-14,105.2699966430664,107.22000122070312,105.19000244140625,106.94999694824219,90.77410888671875,2274900
2022-07-15,107.44000244140625,107.63999938964844,106.18000030517578,107.43000030517578,91.18152618408203,2244200
2022-07-18,106.9000015258789,107.12000274658203,105.4000015258789,105.43000030517578,89.48402404785156,2228100
2022-07-19,106.05000305175781,106.47000122070312,105.44000244140625,105.54000091552734,89.577392578125,2097300
2022-07-20,105.66000366210938,105.83999633789062,102.83999633789062,102.98999786376953,87.41305541992188,2981000
2022-07-21,102.91000366210938,103.73999786376953,102.16999816894531,103.54000091552734,87.8798828125,3085300
2022-07-22,104.23999786376953,105.0,103.94000244140625,104.9800033569336,89.10208892822266,1501200
2022-07-25,104.62999725341797,106.0199966430664,104.4000015258789,105.9800033569336,89.95083618164062,1432500
2022-07-26,105.77999877929688,107.31999969482422,105.51000213623047,107.0199966430664,90.8335189819336,1788900
2022-07-27,106.66000366210938,106.86000061035156,105.87000274658203,106.5199966430664,90.40916442871094,2003700
2022-07-28,107.43000030517578,109.2699966430664,106.63999938964844,108.94999694824219,92.47161865234375,2326300
2022-07-29,108.58999633789062,110.41999816894531,108.55999755859375,109.93000030517578,93.30340576171875,2522500
2022-08-01,109.87000274658203,110.55000305175781,108.95999908447266,109.8499984741211,93.23550415039062,2386900
2022-08-02,110.29000091552734,111.33999633789062,109.43000030517578,109.62000274658203,93.04029846191406,2182500
2022-08-03,109.41999816894531,111.1500015258789,107.45999908447266,110.81999969482422,94.05880737304688,2784900
2022-08-04,111.80000305175781,111.9800033569336,109.5,109.7300033569336,93.13367462158203,2963500
2022-08-05,109.1500015258789,109.48999786376953,107.30999755859375,109.16000366210938,92.64986419677734,3033600
2022-08-08,109.87000274658203,110.61000061035156,108.7699966430664,109.04000091552734,92.54801177978516,3130300
2022-08-09,109.38999938964844,110.16000366210938,109.1500015258789,109.80999755859375,93.20155334472656,2366400
2022-08-10,110.30000305175781,110.5,109.5199966430664,110.05999755859375,93.41374206542969,2907400
2022-08-11,109.1500015258789,109.87999725341797,108.33999633789062,108.51000213623047,92.94691467285156,2640900
2022-08-12,109.12999725341797,110.33000183105469,108.94999694824219,110.25,94.43734741210938,3302700
2022-08-15,110.36000061035156,111.08999633789062,109.62999725341797,110.9800033569336,95.06266021728516,2163200
2022-08-16,110.9800033569336,112.4800033569336,110.80000305175781,112.11000061035156,96.03059387207031,2504400
2022-08-17,111.91000366210938,112.9000015258789,111.83999633789062,112.02999877929688,95.96205139160156,1894500
2022-08-18,112.0999984741211,113.06999969482422,112.0999984741211,112.58000183105469,96.43317413330078,1744300
2022-08-19,112.77999877929688,113.66999816894531,112.31999969482422,113.23999786376953,96.99849700927734,2091800
2022-08-22,112.9800033569336,113.27999877929688,111.83000183105469,112.05000305175781,95.97918701171875,2282400
2022-08-23,112.1500015258789,112.1500015258789,110.80000305175781,111.02999877929688,95.1054916381836,1489700
2022-08-24,111.19999694824219,111.36000061035156,110.33000183105469,110.93000030517578,95.01982116699219,1796400
2022-08-25,111.04000091552734,111.12000274658203,109.61000061035156,110.69999694824219,94.82281494140625,2612200
2022-08-26,110.83999633789062,110.88999938964844,108.61000061035156,108.7300033569336,93.13536834716797,3367000
2022-08-29,108.41000366210938,109.91999816894531,107.5999984741211,109.19999694824219,93.53793334960938,1773300
2022-08-30,108.95999908447266,109.25,107.26000213623047,107.68000030517578,92.23595428466797,1919800
2022-08-31,107.68000030517578,108.55999755859375,106.75,106.91000366210938,91.5763931274414,2890900
2022-09-01,107.04000091552734,108.55000305175781,106.73999786376953,108.19000244140625,92.67280578613281,1612200
2022-09-02,108.2699966430664,109.2699966430664,106.68000030517578,107.0,91.65350341796875,1496200
2022-09-06,107.2300033569336,108.36000061035156,106.41999816894531,106.76000213623047,91.44792175292969,2037500
2022-09-07,107.47000122070312,110.33999633789062,107.45999908447266,110.25,94.43734741210938,3324400
2022-09-08,109.87999725341797,110.7300033569336,108.70999908447266,109.19999694824219,93.53793334960938,2390800
2022-09-09,109.58000183105469,110.37999725341797,108.91000366210938,109.87999725341797,94.12042999267578,1456200
2022-09-12,109.95999908447266,111.26000213623047,109.9000015258789,110.87999725341797,94.97698974609375,1653700
2022-09-13,110.1500015258789,110.5199966430664,107.58000183105469,108.19000244140625,92.67280578613281,2387900
2022-09-14,108.31999969482422,109.94000244140625,108.31999969482422,109.2699966430664,93.59790802001953,2309800
2022-09-15,108.54000091552734,108.68000030517578,106.0999984741211,106.27999877929688,91.0367431640625,3103000
2022-09-16,106.93000030517578,107.58999633789062,105.9000015258789,106.11000061035156,90.89114379882812,4565300
2022-09-19,105.83000183105469,106.8499984741211,105.33000183105469,106.80999755859375,91.49073028564453,1783400
2022-09-20,106.0199966430664,106.25,104.56999969482422,105.63999938964844,90.48854064941406,1622400
2022-09-21,106.04000091552734,106.87000274658203,104.2699966430664,104.29000091552734,89.33216094970703,1495600
2022-09-22,104.0999984741211,105.58999633789062,103.58999633789062,104.68000030517578,89.6662368774414,2324900
2022-09-23,103.94999694824219,104.2699966430664,102.5199966430664,103.70999908447266,88.83534240722656,2297600
2022-09-26,103.5,103.61000061035156,99.91999816894531,100.83999633789062,86.3769760131836,2812800
2022-09-27,101.08999633789062,101.52999877929688,97.95999908447266,98.31999969482422,84.21842193603516,4027900
2022-09-28,99.44999694824219,100.19999694824219,98.16000366210938,99.61000061035156,85.32340240478516,2338200
2022-09-29,99.36000061035156,99.4000015258789,94.94999694824219,95.0999984741211,81.46025085449219,3104500
2022-09-30,95.75,96.0999984741211,92.80000305175781,93.0199966430664,79.67855834960938,5163600
2022-10-03,94.45999908447266,96.01000213623047,93.44999694824219,95.33000183105469,81.65725708007812,3786800
2022-10-04,96.0,97.33000183105469,95.2699966430664,97.12000274658203,83.19051361083984,3105700
2022-10-05,95.9000015258789,96.12999725341797,93.44999694824219,94.0199966430664,80.53516387939453,3865500
2022-10-06,93.66000366210938,93.75,90.6500015258789,90.7699966430664,77.75126647949219,4230800
2022-10-07,90.73999786376953,91.0,88.58999633789062,89.06999969482422,76.29510498046875,3162700
2022-10-10,89.11000061035156,90.13999938964844,89.0199966430664,89.1500015258789,76.36363983154297,2982300
2022-10-11,88.80000305175781,90.5,88.66000366210938,89.52999877929688,76.6891098022461,4892500
2022-10-12,89.0,89.29000091552734,85.91000366210938,85.97000122070312,73.63972473144531,4243000
2022-10-13,85.0,88.5199966430664,83.76000213623047,87.98999786376953,75.37000274658203,7258400
2022-10-14,88.88999938964844,89.45999908447266,86.4000015258789,86.81999969482422,74.36780548095703,4711100
2022-10-17,88.0,89.95999908447266,87.87000274658203,89.0999984741211,76.32080078125,3704400
2022-10-18,90.27999877929688,91.0999984741211,89.81999969482422,90.80999755859375,77.78556060791016,3009900
2022-10-19,89.62000274658203,90.37000274658203,88.81999969482422,89.29000091552734,76.48355102539062,2611700
2022-10-20,89.0,89.16999816894531,86.72000122070312,87.2300033569336,74.71900939941406,4057700
2022-10-21,87.41000366210938,89.0999984741211,86.91999816894531,88.45999908447266,75.7725830078125,2789000
2022-10-24,89.05999755859375,89.81999969482422,88.04000091552734,88.69000244140625,75.96959686279297,2318600
2022-10-25,88.70999908447266,90.62000274658203,88.69999694824219,90.23999786376953,77.29728698730469,2781000
2022-10-26,90.75,91.43000030517578,89.98999786376953,90.80999755859375,77.78556060791016,2938300
2022-10-27,91.63999938964844,92.30999755859375,90.9000015258789,91.04000091552734,77.98255920410156,3367400
2022-10-28,91.26000213623047,94.22000122070312,91.26000213623047,94.0,80.51802062988281,3139200
2022-10-31,93.70999908447266,94.23999786376953,92.58000183105469,93.18000030517578,79.81562042236328,3237600
2022-11-01,93.56999969482422,94.16000366210938,92.7300033569336,93.73999786376953,80.29529571533203,2889100
2022-11-02,93.47000122070312,95.38999938964844,92.73999786376953,92.87999725341797,79.55864715576172,3061200
2022-11-03,91.98999786376953,93.80999755859375,91.58000183105469,93.22000122070312,79.8498764038086,3132300
2022-11-04,94.6500015258789,94.79000091552734,91.44000244140625,93.61000061035156,80.18394470214844,4813400
2022-11-07,93.5,93.55999755859375,90.36000061035156,92.2300033569336,79.00186157226562,4501300
2022-11-08,92.52999877929688,94.0199966430664,92.33999633789062,93.19999694824219,79.8327407836914,2876600
2022-11-09,93.62999725341797,94.4000015258789,93.13999938964844,93.44999694824219,80.04689025878906,2742400
2022-11-10,95.86000061035156,97.36000061035156,94.26000213623047,97.0999984741211,83.17337036132812,3601900
2022-11-11,97.20999908447266,97.25,94.44999694824219,95.16999816894531,81.52020263671875,3286300
2022-11-14,95.6500015258789,96.44000244140625,95.2699966430664,95.44999694824219,81.76004028320312,4782300
2022-11-15,96.5999984741211,97.47000122070312,95.83000183105469,97.12999725341797,83.1990966796875,4625600
2022-11-16,97.37000274658203,99.08000183105469,97.37000274658203,97.94000244140625,83.89291381835938,3645300
2022-11-17,96.30999755859375,96.73999786376953,94.93000030517578,95.5199966430664,82.66829681396484,2755500
2022-11-18,96.45999908447266,97.2300033569336,96.0,96.79000091552734,83.76741790771484,3680500
2022-11-21,96.55000305175781,97.55000305175781,96.18000030517578,97.04000091552734,83.98379516601562,3314500
2022-11-22,97.48999786376953,98.69000244140625,97.27999877929688,97.68000030517578,84.53767395019531,2334000
2022-11-23,97.47000122070312,98.68000030517578,97.44999694824219,98.54000091552734,85.28196716308594,2726000
2022-11-25,99.0,99.98999786376953,98.9000015258789,99.62000274658203,86.2166748046875,1275700
2022-11-28,99.19999694824219,99.66000366210938,98.22000122070312,98.61000061035156,85.34254455566406,2283800
2022-11-29,98.02999877929688,98.2300033569336,97.23999786376953,97.94000244140625,84.76268768310547,2127400
2022-11-30,97.58000183105469,100.41999816894531,97.26000213623047,99.93000030517578,86.48494720458984,6052200
2022-12-01,100.83999633789062,101.9000015258789,99.87999725341797,100.30999755859375,86.81381225585938,3329800
2022-12-02,99.38999938964844,99.75,98.5,99.5199966430664,86.1301040649414,2097700
2022-12-05,98.73999786376953,99.55999755859375,98.5199966430664,99.12999725341797,85.7925796508789,2212500
2022-12-06,99.2300033569336,100.69999694824219,99.05000305175781,100.51000213623047,86.98690795898438,2828800
2022-12-07,100.3499984741211,101.26000213623047,99.33000183105469,99.58000183105469,86.18204498291016,2635600
2022-12-08,99.61000061035156,100.6500015258789,99.31999969482422,100.44999694824219,86.93499755859375,2065900
2022-12-09,100.08000183105469,100.91999816894531,100.01000213623047,100.3499984741211,86.84844970703125,1998200
2022-12-12,101.43000030517578,102.43000030517578,100.30000305175781,102.31999969482422,88.55339813232422,2734900
2022-12-13,103.3499984741211,104.33999633789062,102.41999816894531,103.0999984741211,89.22843933105469,5581400
2022-12-14,103.23999786376953,105.5199966430664,102.62999725341797,103.30000305175781,89.40154266357422,4468700
2022-12-15,103.05999755859375,103.31999969482422,101.94000244140625,102.51000213623047,88.71782684326172,3631400
2022-12-16,102.08000183105469,102.12000274658203,99.19000244140625,100.33999633789062,86.83977508544922,10623600
2022-12-19,100.12999725341797,101.33000183105469,99.70999908447266,100.2300033569336,86.74461364746094,3628800
2022-12-20,100.08000183105469,100.91999816894531,99.19999694824219,100.20999908447266,86.72727966308594,2394300
2022-12-21,100.69999694824219,102.08999633789062,100.6500015258789,101.91999816894531,88.20722198486328,2269400
2022-12-22,101.69999694824219,101.9800033569336,100.20999908447266,101.94999694824219,88.23316192626953,2312200
2022-12-23,101.81999969482422,103.1500015258789,101.05999755859375,102.98999786376953,89.13323974609375,1803300
2022-12-27,103.08999633789062,103.9800033569336,102.55000305175781,103.66999816894531,89.72175598144531,1698500
2022-12-28,104.0,104.4800033569336,102.66999816894531,102.9000015258789,89.05536651611328,1687600
2022-12-29,103.30000305175781,104.41999816894531,103.30000305175781,103.83999633789062,89.86888885498047,1444600
2022-12-30,103.87999725341797,104.0,101.98999786376953,102.98999786376953,89.13323974609375,2055600
2023-01-03,103.19999694824219,103.80000305175781,102.19000244140625,103.69999694824219,89.74771118164062,2688900
2023-01-04,104.2699966430664,105.37999725341797,103.8499984741211,104.80999755859375,90.70838165283203,2819900
2023-01-05,103.8499984741211,104.36000061035156,102.41999816894531,103.26000213623047,89.36691284179688,1920600
2023-01-06,104.19999694824219,105.79000091552734,104.0,105.18000030517578,91.0285873413086,2157300
2023-01-09,105.02999877929688,106.43000030517578,104.76000213623047,105.19000244140625,91.0372543334961,2358300
2023-01-10,104.87999725341797,105.47000122070312,104.47000122070312,105.43000030517578,91.24495697021484,2244500
2023-01-11,105.43000030517578,106.0999984741211,105.18000030517578,105.66000366210938,91.44400787353516,2358800
2023-01-12,105.79000091552734,106.12999725341797,104.81999969482422,105.08000183105469,90.94205474853516,2350100
2023-01-13,104.5,105.44999694824219,104.26000213623047,104.9800033569336,90.85549926757812,2722900
2023-01-17,105.18000030517578,105.43000030517578,104.0999984741211,104.22000122070312,90.19775390625,3552700
2023-01-18,104.41000366210938,104.58000183105469,102.01000213623047,102.25,88.49280548095703,3152600
2023-01-19,102.25,102.91999816894531,101.55999755859375,101.97000122070312,88.25048828125,3025900
2023-01-20,101.87000274658203,102.11000061035156,100.05000305175781,101.81999969482422,88.12066650390625,3968400
2023-01-23,101.52999877929688,102.3499984741211,100.75,100.98999786376953,87.40232849121094,3326700
2023-01-24,101.33000183105469,101.48999786376953,99.16000366210938,101.37000274658203,87.73120880126953,3048200
2023-01-25,100.29000091552734,101.44999694824219,99.9800033569336,101.41999816894531,87.77447509765625,2066600
2023-01-26,100.9000015258789,101.70999908447266,100.75,101.33999633789062,87.70523834228516,2093500
2023-01-27,101.20999908447266,101.9800033569336,100.58000183105469,101.58000183105469,87.9129638671875,2277000
2023-01-30,101.2300033569336,102.16000366210938,101.16999816894531,101.63999938964844,87.96488189697266,2470900
2023-01-31,102.0,102.55999755859375,101.05000305175781,102.44999694824219,88.6658935546875,3722600
2023-02-01,101.75,103.22000122070312,101.23999786376953,102.54000091552734,88.74378967285156,3054300
2023-02-02,102.61000061035156,103.83000183105469,102.0,102.04000091552734,88.31106567382812,3796600
2023-02-03,101.5,101.80000305175781,98.45999908447266,100.58000183105469,87.04749298095703,4331100
2023-02-06,100.1500015258789,101.91000366210938,100.04000091552734,101.80999755859375,88.11199951171875,3050300
2023-02-07,101.08000183105469,101.1500015258789,99.55000305175781,100.81999969482422,87.25521087646484,2672600
2023-02-08,100.19999694824219,100.29000091552734,98.83000183105469,99.18000030517578,85.83585357666016,3328600
2023-02-09,99.27999877929688,100.37999725341797,97.0,97.55000305175781,84.4251708984375,4403000
2023-02-10,97.36000061035156,99.20999908447266,96.7699966430664,99.11000061035156,85.77527618408203,2633200
2023-02-13,98.88999938964844,100.4000015258789,98.88999938964844,100.04000091552734,86.58015441894531,1931400
2023-02-14,99.98999786376953,100.44000244140625,99.06999969482422,99.47000122070312,86.08685302734375,2190700
2023-02-15,99.0,99.44000244140625,98.55000305175781,99.26000213623047,85.90510559082031,3276800
2023-02-16,97.5,98.75,96.44999694824219,98.29000091552734,85.9356918334961,2150000
2023-02-17,98.55999755859375,99.98999786376953,97.87999725341797,99.48999786376953,86.98487854003906,3041300
2023-02-21,98.98999786376953,99.33000183105469,97.5999984741211,97.68000030517578,85.40237426757812,3262600
2023-02-22,97.45999908447266,98.5199966430664,97.16999816894531,97.47000122070312,85.21876525878906,2070500
2023-02-23,97.87000274658203,98.0999984741211,96.4000015258789,96.83999633789062,84.66796112060547,1889400
2023-02-24,95.83000183105469,97.04000091552734,95.48999786376953,96.91999816894531,84.73788452148438,2320800
2023-02-27,97.0199966430664,97.91000366210938,95.69000244140625,95.80999755859375,83.76741027832031,2416300
2023-02-28,95.48999786376953,96.05000305175781,94.18000030517578,94.26000213623047,82.41223907470703,3155500
2023-03-01,94.0199966430664,94.04000091552734,91.77999877929688,91.91000366210938,80.35762786865234,3373100
2023-03-02,91.7699966430664,93.97000122070312,91.72000122070312,93.7699966430664,81.98382568359375,2589000
2023-03-03,93.95999908447266,95.44999694824219,93.26000213623047,95.38999938964844,83.40021514892578,4061800
2023-03-06,95.48999786376953,96.04000091552734,95.33000183105469,95.9800033569336,83.91606140136719,2709100
2023-03-07,96.12000274658203,96.16999816894531,92.9800033569336,93.5199966430664,81.76525115966797,2817000
2023-03-08,93.6500015258789,94.83000183105469,93.51000213623047,94.66999816894531,82.77069854736328,2450000
2023-03-09,95.01000213623047,96.06999969482422,93.73999786376953,94.22000122070312,82.37725067138672,2750800
2023-03-10,94.41999816894531,94.62000274658203,92.3499984741211,92.83000183105469,81.16197204589844,2629100
2023-03-13,92.72000122070312,96.52999877929688,92.72000122070312,94.16999816894531,82.33355712890625,4542700
2023-03-14,94.83999633789062,96.12999725341797,94.08999633789062,95.08999633789062,83.13792419433594,3778300
2023-03-15,95.0,97.48999786376953,94.66999816894531,96.83000183105469,84.65921783447266,3856800
2023-03-16,96.7699966430664,98.6500015258789,96.51000213623047,97.19999694824219,84.98270416259766,4859300
2023-03-17,96.5,97.12999725341797,95.70999908447266,96.38999938964844,84.27450561523438,5914300
2023-03-20,96.86000061035156,97.5999984741211,96.66000366210938,97.30999755859375,85.07886505126953,3159900
2023-03-21,97.06999969482422,97.1500015258789,93.55999755859375,94.7699966430664,82.8581314086914,4087400
2023-03-22,94.44999694824219,94.95999908447266,92.91000366210938,92.94999694824219,81.26689910888672,3089700
2023-03-23,93.0,93.62999725341797,91.37000274658203,91.55000305175781,80.04286193847656,2764400
2023-03-24,91.66000366210938,94.41000366210938,91.6500015258789,94.37000274658203,82.50841522216797,3608700
2023-03-27,94.73999786376953,95.37000274658203,94.31999969482422,94.69000244140625,82.78820037841797,2718100
2023-03-28,94.58000183105469,95.81999969482422,94.33999633789062,94.75,82.84063720703125,3004000
2023-03-29,95.0,96.38999938964844,94.98999786376953,96.2699966430664,84.16959381103516,2348400
2023-03-30,96.44999694824219,97.11000061035156,95.69999694824219,96.16000366210938,84.07342529296875,2500300
2023-03-31,96.4000015258789,96.98999786376953,95.91999816894531,96.47000122070312,84.34446716308594,3205200
2023-04-03,95.11000061035156,96.69000244140625,94.48999786376953,95.08999633789062,83.13792419433594,6259100
2023-04-04,94.95999908447266,96.29000091552734,94.70999908447266,96.2300033569336,84.13463592529297,5001100
2023-04-05,97.0,99.29000091552734,96.7699966430664,98.83999633789062,86.41657257080078,4461100
2023-04-06,99.5,99.77999877929688,98.4000015258789,99.73999786376953,87.20344543457031,2879600
2023-04-10,99.2699966430664,99.41000366210938,98.05999755859375,99.12999725341797,86.67012023925781,2628500
2023-04-11,99.18000030517578,99.5999984741211,98.6500015258789,99.3499984741211,86.86245727539062,1804500
2023-04-12,99.76000213623047,100.02999877929688,98.97000122070312,99.41000366210938,86.91493225097656,1941600
2023-04-13,98.56999969482422,99.31999969482422,97.08999633789062,99.13999938964844,86.67886352539062,3211300
2023-04-14,98.12999725341797,98.30999755859375,97.33000183105469,97.63999938964844,85.36740112304688,3217700
2023-04-17,98.18000030517578,98.73999786376953,97.47000122070312,98.41000366210938,86.04061126708984,2214300
2023-04-18,98.1500015258789,98.47000122070312,97.2300033569336,97.41000366210938,85.16630554199219,1974200
2023-04-19,97.91000366210938,98.55000305175781,97.52999877929688,98.4000015258789,86.03186798095703,2125500
2023-04-20,98.76000213623047,98.83000183105469,97.75,98.22000122070312,85.87450408935547,1989400
2023-04-21,98.80000305175781,99.1500015258789,97.68000030517578,98.36000061035156,85.99691009521484,2186500
2023-04-24,98.5999984741211,99.27999877929688,97.55999755859375,98.9000015258789,86.4690170288086,2153100
2023-04-25,99.01000213623047,100.38999938964844,98.94999694824219,99.73999786376953,87.20344543457031,2770800
2023-04-26,99.0,99.66999816894531,98.12000274658203,98.3499984741211,85.9881591796875,2677700
2023-04-27,98.41000366210938,99.5,98.31999969482422,99.47000122070312,86.96739196777344,2285300
2023-04-28,99.27999877929688,99.83999633789062,98.18000030517578,98.87999725341797,86.4515380859375,1995000
2023-05-01,98.8499984741211,100.12999725341797,98.58999633789062,99.08999633789062,86.63513946533203,3231900
2023-05-02,99.0,99.20999908447266,97.2300033569336,97.5999984741211,85.33242797851562,2576200
2023-05-03,98.08999633789062,98.7300033569336,97.2300033569336,97.33000183105469,85.09636688232422,3174000
2023-05-04,97.58000183105469,98.48999786376953,97.11000061035156,98.11000061035156,85.7783203125,3067100
2023-05-05,98.13999938964844,99.41999816894531,97.73999786376953,99.36000061035156,86.87120819091797,2588900
2023-05-08,99.0999984741211,99.80999755859375,98.25,98.9000015258789,86.4690170288086,3099800
2023-05-09,97.72000122070312,98.37000274658203,97.16999816894531,98.05000305175781,85.72587585449219,4174800
2023-05-10,98.81999969482422,99.5,98.12999725341797,99.13999938964844,86.67886352539062,3008200
2023-05-11,98.0,98.33999633789062,96.91999816894531,97.33000183105469,85.96784210205078,1824300
2023-05-12,97.79000091552734,98.37000274658203,97.01000213623047,97.44999694824219,86.07383728027344,2216000
2023-05-15,97.6500015258789,97.8499984741211,96.08000183105469,96.33000183105469,85.08456420898438,2020400
2023-05-16,96.48999786376953,96.58999633789062,94.0,94.01000213623047,83.035400390625,2209000
2023-05-17,94.19999694824219,94.51000213623047,92.5999984741211,93.0199966430664,82.16097259521484,2967400
2023-05-18,92.41000366210938,93.0199966430664,91.98999786376953,92.80999755859375,81.97549438476562,2775800
2023-05-19,93.26000213623047,93.7300033569336,92.51000213623047,92.51000213623047,81.71053314208984,2388500
2023-05-22,92.9000015258789,93.20999908447266,91.80000305175781,91.97000122070312,81.23355102539062,2725100
2023-05-23,91.55000305175781,92.37999725341797,90.5999984741211,90.75,80.15596771240234,3694200
2023-05-24,90.98999786376953,91.37999725341797,90.02999877929688,90.16000366210938,79.63485717773438,2820300
2023-05-25,90.0,90.01000213623047,88.2300033569336,88.88999938964844,78.51310729980469,3621600
2023-05-26,88.70999908447266,88.81999969482422,87.5199966430664,88.69999694824219,78.34529113769531,3065500
2023-05-30,88.80000305175781,89.45999908447266,87.88999938964844,88.01000213623047,77.73583984375,3002600
2023-05-31,88.30000305175781,89.75,87.91000366210938,89.29000091552734,78.86642456054688,4150000
2023-06-01,89.69999694824219,89.70999908447266,87.66000366210938,88.12000274658203,77.8330078125,3659200
2023-06-02,88.0,89.9000015258789,87.19999694824219,89.68000030517578,79.21089935302734,3835600
2023-06-05,90.0,91.02999877929688,89.70999908447266,90.16000366210938,79.63485717773438,2513200
2023-06-06,90.75,90.91999816894531,89.72000122070312,89.75,79.2727279663086,1970800
2023-06-07,89.83999633789062,91.76000213623047,89.20999908447266,91.56999969482422,80.8802490234375,2531900
2023-06-08,91.30000305175781,92.0199966430664,90.63999938964844,92.0,81.26005554199219,3156700
2023-06-09,92.0,92.16000366210938,91.33000183105469,91.5199966430664,80.83609008789062,2647600
2023-06-12,91.73999786376953,91.73999786376953,90.86000061035156,91.38999938964844,80.72124481201172,3131300
2023-06-13,90.25,91.0199966430664,89.9000015258789,90.76000213623047,80.16481018066406,3630600
2023-06-14,91.62000274658203,92.69000244140625,90.73999786376953,90.8499984741211,80.24430084228516,3433000
2023-06-15,91.3499984741211,91.94000244140625,90.87000274658203,91.69000244140625,80.98625183105469,3038500
2023-06-16,92.18000030517578,92.97000122070312,91.6500015258789,92.18000030517578,81.41903686523438,8693700
2023-06-20,92.0199966430664,92.23999786376953,90.91000366210938,90.94999694824219,80.33262634277344,2851900
2023-06-21,90.69000244140625,91.86000061035156,89.94000244140625,91.6500015258789,80.95092010498047,2435300
2023-06-22,92.16000366210938,92.26000213623047,90.38999938964844,90.9000015258789,80.2884750366211,2563800
2023-06-23,91.19999694824219,91.55000305175781,89.54000091552734,89.72000122070312,79.24622344970703,3800200
2023-06-26,90.05999755859375,91.05999755859375,89.3499984741211,90.83999633789062,80.2354736328125,2209100
2023-06-27,90.93000030517578,91.12000274658203,90.47000122070312,90.5199966430664,79.95283508300781,2283200
2023-06-28,90.44000244140625,90.48999786376953,88.9000015258789,89.0999984741211,78.69859313964844,2410500
2023-06-29,88.36000061035156,89.27999877929688,88.0999984741211,88.87999725341797,78.50426483154297,2538100
2023-06-30,89.01000213623047,89.87999725341797,88.6500015258789,89.73999786376953,79.26387023925781,2736200
2023-07-03,89.7300033569336,90.79000091552734,89.4800033569336,90.72000122070312,80.12947845458984,1181000
2023-07-05,90.05000305175781,92.44999694824219,90.0,91.61000061035156,80.91556549072266,3073800
2023-07-06,91.08000183105469,91.2300033569336,90.25,90.55999755859375,79.98815155029297,2101000
2023-07-07,90.0199966430664,90.56999969482422,89.69999694824219,89.7699966430664,79.29037475585938,2208500
2023-07-10,89.54000091552734,89.83999633789062,88.56999969482422,89.22000122070312,78.8045883178711,2312300
2023-07-11,89.93000030517578,90.94999694824219,89.48999786376953,90.87999725341797,80.27081298828125,3051100
2023-07-12,91.0999984741211,92.52999877929688,90.95999908447266,92.36000061035156,81.5780258178711,2566300
2023-07-13,92.3499984741211,93.30999755859375,91.81999969482422,93.30999755859375,82.41712188720703,2912100
2023-07-14,93.08999633789062,93.45999908447266,92.62999725341797,93.01000213623047,82.15216064453125,2833200
2023-07-17,92.76000213623047,92.87999725341797,91.75,91.77999877929688,81.06572723388672,1921300
2023-07-18,91.80999755859375,92.79000091552734,90.16999816894531,90.91000366210938,80.29730224609375,2279900
2023-07-19,91.22000122070312,92.62000274658203,91.19000244140625,91.6500015258789,80.95092010498047,1970400
2023-07-20,92.0,93.33999633789062,91.37999725341797,93.19999694824219,82.3199691772461,2428700
2023-07-21,93.54000091552734,94.98999786376953,93.16999816894531,94.77999877929688,83.71553039550781,2694300
2023-07-24,95.0,95.29000091552734,94.11000061035156,94.7699966430664,83.70669555664062,2248700
2023-07-25,94.55999755859375,95.47000122070312,94.11000061035156,95.29000091552734,84.16597747802734,2648500
2023-07-26,95.05999755859375,96.41000366210938,94.87999725341797,95.55999755859375,84.40446472167969,2196700
2023-07-27,95.13999938964844,95.73999786376953,94.01000213623047,94.44000244140625,83.41521453857422,2841800
2023-07-28,95.05000305175781,95.33000183105469,93.06999969482422,93.33999633789062,82.4436264038086,2567000
2023-07-31,93.73999786376953,94.16999816894531,92.94999694824219,93.62000274658203,82.6909408569336,2902800
2023-08-01,93.58000183105469,93.81999969482422,92.12999725341797,92.1500015258789,81.39253997802734,2422100
2023-08-02,92.0,93.12000274658203,91.87000274658203,92.52999877929688,81.72818756103516,2295000
2023-08-03,92.29000091552734,92.4800033569336,90.19999694824219,90.37000274658203,79.82035827636719,2880500
2023-08-04,90.7300033569336,91.55999755859375,88.91999816894531,89.45999908447266,79.0165786743164,3043500
2023-08-07,89.58000183105469,90.0999984741211,89.5199966430664,89.66000366210938,79.1932144165039,3604500
2023-08-08,90.27999877929688,92.19999694824219,89.23999786376953,92.12999725341797,81.3748779296875,5240800
2023-08-09,91.87000274658203,93.23999786376953,91.75,92.81999969482422,81.98432159423828,3219200
2023-08-10,93.33999633789062,93.98999786376953,92.69000244140625,92.91000366210938,82.06383514404297,3635500
2023-08-11,93.0,93.98999786376953,92.94000244140625,93.81999969482422,82.86759185791016,2428700
2023-08-14,93.87999725341797,93.87999725341797,92.47000122070312,92.79000091552734,81.95782470703125,2340400
2023-08-15,92.05999755859375,92.31999969482422,91.3499984741211,91.44000244140625,80.76541900634766,2669700
2023-08-16,91.69000244140625,92.33000183105469,91.31999969482422,91.69999694824219,80.99505615234375,2382100
2023-08-17,90.83999633789062,92.19000244140625,90.54000091552734,90.69999694824219,81.01741027832031,2578600
2023-08-18,90.51000213623047,91.44999694824219,90.41999816894531,91.19999694824219,81.46403503417969,2766400
2023-08-21,90.80000305175781,91.0999984741211,89.12999725341797,89.62999725341797,80.0616226196289,3910700
2023-08-22,89.62999725341797,89.87000274658203,89.05999755859375,89.58999633789062,80.0259017944336,2365900
2023-08-23,90.3499984741211,90.41000366210938,89.12999725341797,90.33999633789062,80.69583892822266,2231500
2023-08-24,90.13999938964844,91.36000061035156,89.86000061035156,89.98999786376953,80.38320922851562,2376000
2023-08-25,90.19999694824219,91.33999633789062,89.98999786376953,90.58000183105469,80.91023254394531,2374600
2023-08-28,90.58999633789062,91.16999816894531,90.0,90.0199966430664,80.40999603271484,2128800
2023-08-29,90.0,90.95999908447266,89.94999694824219,90.29000091552734,80.65118408203125,2279700
2023-08-30,90.01000213623047,90.83000183105469,89.47000122070312,89.94999694824219,80.34746551513672,2250900
2023-08-31,90.26000213623047,90.43000030517578,88.72000122070312,88.80000305175781,79.32025146484375,3139600
2023-09-01,89.25,89.62999725341797,87.5,87.93000030517578,78.54312133789062,3777700
2023-09-05,87.77999877929688,87.98999786376953,86.04000091552734,86.6500015258789,77.39976501464844,3155500
2023-09-06,86.91000366210938,87.61000061035156,86.16000366210938,87.48999786376953,78.15008544921875,3249700
2023-09-07,88.19999694824219,90.22000122070312,88.08000183105469,89.4000015258789,79.8561782836914,4765200
2023-09-08,89.56999969482422,91.16999816894531,89.27999877929688,91.0199966430664,81.3032455444336,3302700
2023-09-11,90.8499984741211,92.47000122070312,90.7300033569336,91.77999877929688,81.98211669921875,3992900
2023-09-12,91.91000366210938,92.66999816894531,90.9000015258789,92.12000274658203,82.28582000732422,3689300
2023-09-13,92.43000030517578,94.36000061035156,92.31999969482422,93.87999725341797,83.85791778564453,4383300
2023-09-14,94.6500015258789,95.70999908447266,94.36000061035156,95.44999694824219,85.26033782958984,4594400
2023-09-15,95.33999633789062,96.08000183105469,94.93000030517578,95.18000030517578,85.01914978027344,9702900
2023-09-18,95.25,95.45999908447266,94.16000366210938,94.95999908447266,84.82264709472656,3701700
2023-09-19,94.95999908447266,95.2300033569336,93.79000091552734,93.83999633789062,83.82218933105469,3291000
2023-09-20,94.27999877929688,95.41000366210938,93.76000213623047,94.37000274658203,84.29562377929688,2855800
2023-09-21,94.25,94.7300033569336,93.19999694824219,93.41000366210938,83.4381103515625,3129300
2023-09-22,93.01000213623047,93.83999633789062,92.69999694824219,93.33000183105469,83.36663055419922,1973000
2023-09-25,92.83000183105469,93.38999938964844,92.30999755859375,93.30999755859375,83.3487777709961,2376500
2023-09-26,93.0,93.05999755859375,90.75,91.12000274658203,81.392578125,3000600
2023-09-27,91.0999984741211,91.41000366210938,89.26000213623047,90.08999633789062,80.47251892089844,3715400
2023-09-28,90.61000061035156,90.61000061035156,88.47000122070312,88.68000030517578,79.21305847167969,4489700
2023-09-29,89.63999938964844,89.95999908447266,87.62999725341797,88.26000213623047,78.837890625,3900500
2023-10-02,87.73999786376953,87.98999786376953,84.13999938964844,85.44000244140625,76.31893920898438,6498300
2023-10-03,85.0,86.05999755859375,83.37999725341797,85.76000213623047,76.60477447509766,5606500
2023-10-04,85.76000213623047,86.41000366210938,84.87000274658203,86.12000274658203,76.92635345458984,3322900
2023-10-05,85.87999725341797,86.0199966430664,84.7300033569336,85.4800033569336,76.35466003417969,3716400
2023-10-06,84.33000183105469,87.04000091552734,83.05999755859375,86.91999816894531,77.64093017578125,3511900
2023-10-09,86.66999816894531,88.25,86.37999725341797,88.2300033569336,78.81109619140625,3008500
2023-10-10,88.25,89.01000213623047,87.86000061035156,88.94000244140625,79.44528198242188,2619500
2023-10-11,89.4000015258789,90.12000274658203,88.6500015258789,89.87000274658203,80.27600860595703,2658900
2023-10-12,89.52999877929688,90.02999877929688,87.19000244140625,88.02999877929688,78.63243865966797,3172500
2023-10-13,88.94000244140625,89.54000091552734,88.05000305175781,88.68000030517578,79.21305847167969,3277000
2023-10-16,89.0,89.86000061035156,88.41999816894531,89.45999908447266,79.90978240966797,2993500
2023-10-17,88.7699966430664,89.76000213623047,88.4800033569336,88.95999908447266,79.4631576538086,2911500
2023-10-18,88.97000122070312,89.41999816894531,87.62999725341797,88.19000244140625,78.7753677368164,2790100
2023-10-19,87.91999816894531,88.8499984741211,87.2699966430664,87.77999877929688,78.40911865234375,3134300
2023-10-20,87.51000213623047,88.86000061035156,87.01000213623047,87.02999877929688,77.73919677734375,3468400
2023-10-23,86.19999694824219,87.62000274658203,85.79000091552734,86.33000183105469,77.1139144897461,3172100
2023-10-24,87.11000061035156,88.26000213623047,86.83000183105469,87.76000213623047,78.39127349853516,3213100
2023-10-25,87.63999938964844,88.44000244140625,87.16999816894531,88.1500015258789,78.7396240234375,2652800
2023-10-26,88.44999694824219,89.75,88.22000122070312,89.19999694824219,79.67754364013672,3033500
2023-10-27,88.86000061035156,89.12000274658203,87.08999633789062,87.52999877929688,78.18582153320312,2764300
2023-10-30,87.83999633789062,88.66999816894531,87.05999755859375,87.9000015258789,78.51630401611328,2426900
2023-10-31,88.3499984741211,88.93000030517578,87.91000366210938,88.88999938964844,79.400634765625,3094500
2023-11-01,89.19999694824219,89.98999786376953,88.31999969482422,89.54000091552734,79.98125457763672,3944500
2023-11-02,89.5,90.5999984741211,88.98999786376953,89.88999938964844,80.29387664794922,4553000
2023-11-03,91.16000366210938,91.97000122070312,90.2300033569336,90.27999877929688,80.64224243164062,4022900
2023-11-06,90.18000030517578,90.58000183105469,89.47000122070312,89.72000122070312,80.14201354980469,3370700
2023-11-07,90.0,90.01000213623047,89.12000274658203,89.27999877929688,79.74899291992188,3054500
2023-11-08,88.77999877929688,88.97000122070312,87.16000366210938,88.36000061035156,78.92721557617188,3623800
2023-11-09,88.52999877929688,89.37000274658203,87.91000366210938,87.95999908447266,78.56991577148438,3441800
2023-11-10,88.47000122070312,88.68000030517578,87.7300033569336,88.2699966430664,78.84680938720703,2491100
2023-11-13,88.19000244140625,88.38999938964844,86.61000061035156,87.0199966430664,77.73026275634766,3396400
2023-11-14,88.62999725341797,89.9000015258789,88.5,89.8499984741211,80.25814819335938,5739200
2023-11-15,89.7699966430664,90.91999816894531,89.18000030517578,89.61000061035156,80.04377746582031,3175600
2023-11-16,89.3499984741211,90.58000183105469,89.3499984741211,90.18000030517578,81.48497772216797,3872300
2023-11-17,90.63999938964844,90.68000030517578,89.68000030517578,90.01000213623047,81.33135986328125,3340600
2023-11-20,89.5199966430664,90.04000091552734,88.2699966430664,89.30000305175781,80.68983459472656,3637300
2023-11-21,89.52999877929688,89.93000030517578,88.7300033569336,89.87999725341797,81.2138900756836,2483900
2023-11-22,90.0,90.44000244140625,89.5199966430664,90.36000061035156,81.64762115478516,2553200
2023-11-24,90.23999786376953,90.79000091552734,89.91999816894531,90.73999786376953,81.99098205566406,1472400
2023-11-27,90.86000061035156,91.12999725341797,90.16999816894531,90.93000030517578,82.16265869140625,2439400
2023-11-28,90.95999908447266,91.93000030517578,90.72000122070312,91.12999725341797,82.34337615966797,2774300
2023-11-29,91.22000122070312,91.69000244140625,90.36000061035156,90.70999908447266,81.96388244628906,2986800
2023-11-30,91.66000366210938,92.4000015258789,91.12000274658203,92.27999877929688,83.38249969482422,4959400
2023-12-01,92.19999694824219,92.6500015258789,91.55000305175781,92.63999938964844,83.7077865600586,4016400
2023-12-04,92.0199966430664,93.2300033569336,92.0199966430664,92.7300033569336,83.78911590576172,2796500
2023-12-05,92.86000061035156,92.97000122070312,91.9000015258789,92.47000122070312,83.55418395996094,2601200
2023-12-06,92.8499984741211,93.95999908447266,92.6500015258789,93.94000244140625,84.88245391845703,3260400
2023-12-07,93.9000015258789,94.88999938964844,93.33000183105469,94.45999908447266,85.35231018066406,3813000
2023-12-08,94.44999694824219,94.73999786376953,93.80000305175781,94.38999938964844,85.28905487060547,3271700
2023-12-11,94.04000091552734,95.4000015258789,93.58999633789062,95.36000061035156,86.16551971435547,4989100
2023-12-12,95.48999786376953,95.5,94.12000274658203,95.33000183105469,86.13843536376953,3942700
2023-12-13,95.5,98.13999938964844,94.8499984741211,98.08000183105469,88.62326049804688,3970200
2023-12-14,98.76000213623047,99.4800033569336,97.98999786376953,98.30999755859375,88.83109283447266,6870800
2023-12-15,97.98999786376953,98.1500015258789,95.62000274658203,96.62999725341797,87.31307983398438,8742700
2023-12-18,97.19999694824219,98.33000183105469,96.75,97.16999816894531,87.80101013183594,4277100
2023-12-19,97.51000213623047,97.54000091552734,96.45999908447266,96.80999755859375,87.47571563720703,2711900
2023-12-20,96.63999938964844,97.2699966430664,95.55000305175781,95.68000030517578,86.45468139648438,3428500
2023-12-21,95.94000244140625,96.5,95.22000122070312,96.36000061035156,87.06912231445312,3072500
2023-12-22,96.83999633789062,97.63999938964844,96.31999969482422,96.86000061035156,87.52090454101562,1927500
2023-12-26,96.62000274658203,97.51000213623047,96.43000030517578,96.7300033569336,87.4034423828125,2228300
2023-12-27,96.4000015258789,96.77999877929688,96.0199966430664,96.30000305175781,87.0149154663086,1987600
2023-12-28,96.05999755859375,97.05999755859375,96.0,96.91999816894531,87.57511138916016,1912700
2023-12-29,96.63999938964844,97.2699966430664,96.3499984741211,97.04000091552734,87.68354797363281,2295300
2024-01-02,96.5199966430664,98.27999877929688,96.12999725341797,97.80999755859375,88.37931823730469,3352200
2024-01-03,97.93000030517578,98.88999938964844,97.5,98.77999877929688,89.25577545166016,3687400
2024-01-04,99.0,99.3499984741211,98.36000061035156,98.48999786376953,88.99373626708984,2423700
2024-01-05,98.48999786376953,98.75,97.56999969482422,98.54000091552734,89.03890991210938,2192100
2024-01-08,98.37999725341797,99.44000244140625,98.05999755859375,99.38999938964844,89.80696868896484,2453400
2024-01-09,98.75,99.38999938964844,98.5199966430664,99.08999633789062,89.535888671875,2024900
2024-01-10,99.5,99.91999816894531,99.0999984741211,99.27999877929688,89.70755767822266,3076700
2024-01-11,99.01000213623047,99.01000213623047,96.83999633789062,97.1500015258789,87.7829360961914,3063500
2024-01-12,97.72000122070312,98.77999877929688,97.30000305175781,98.45999908447266,88.96663665771484,2791900
2024-01-16,97.86000061035156,98.94999694824219,97.55999755859375,98.02999877929688,88.57809448242188,3527100
2024-01-17,97.63999938964844,98.69000244140625,95.97000122070312,96.83000183105469,87.4937973022461,3272700
2024-01-18,96.56999969482422,96.58000183105469,95.36000061035156,95.86000061035156,86.61732482910156,2453700
2024-01-19,96.30000305175781,96.30000305175781,95.19999694824219,95.55999755859375,86.34623718261719,2965100
2024-01-22,95.5999984741211,96.29000091552734,94.69999694824219,95.05999755859375,85.89445495605469,2465500
2024-01-23,95.01000213623047,95.94000244140625,95.01000213623047,95.61000061035156,86.39142608642578,2903000
2024-01-24,96.04000091552734,96.13999938964844,94.1500015258789,94.54000091552734,85.42459869384766,3869800
2024-01-25,95.55000305175781,95.77999877929688,94.44000244140625,95.7300033569336,86.49987030029297,2460800
2024-01-26,95.62999725341797,96.30000305175781,95.23999786376953,95.87000274658203,86.62635803222656,3554100
2024-01-29,96.02999877929688,96.18000030517578,95.30999755859375,95.7699966430664,86.53599548339844,3149000
2024-01-30,95.69000244140625,96.12000274658203,94.7699966430664,95.52999877929688,86.31915283203125,3201200
2024-01-31,96.0999984741211,96.98999786376953,95.30000305175781,95.83000183105469,86.59022521972656,3678500
2024-02-01,95.3499984741211,97.8499984741211,94.75,97.79000091552734,88.36124420166016,2745900
2024-02-02,96.8499984741211,97.0999984741211,95.51000213623047,96.22000122070312,86.94261169433594,2519400
2024-02-05,95.5,96.08000183105469,94.76000213623047,95.25,86.06613159179688,3142600
2024-02-06,95.08999633789062,95.41000366210938,94.75,95.05999755859375,85.89445495605469,2171800
2024-02-07,95.47000122070312,95.61000061035156,94.77999877929688,95.5,86.29203796386719,2470800
2024-02-08,94.73999786376953,95.19999694824219,91.47000122070312,92.6500015258789,83.71683502197266,5581100
2024-02-09,92.26000213623047,92.7300033569336,91.62999725341797,91.69000244140625,82.84939575195312,4642800
2024-02-12,91.55999755859375,92.8499984741211,91.16999816894531,92.6500015258789,83.71683502197266,3925900
2024-02-13,92.61000061035156,92.93000030517578,90.30000305175781,91.61000061035156,82.777099609375,3428000
2024-02-14,91.30000305175781,91.98999786376953,90.93000030517578,91.33999633789062,82.53313446044922,3062300
2024-02-15,90.7300033569336,92.41000366210938,90.52999877929688,92.36000061035156,84.40192413330078,2951900
2024-02-16,92.06999969482422,92.33999633789062,91.0999984741211,91.87999725341797,83.96329498291016,4120800
2024-02-20,92.0,92.77999877929688,91.51000213623047,91.94000244140625,84.01811981201172,2590700
2024-02-21,92.19999694824219,93.27999877929688,92.0199966430664,92.98999786376953,84.97765350341797,2781500
2024-02-22,92.29000091552734,92.58999633789062,91.30000305175781,92.12999725341797,84.1917495727539,4131500
2024-02-23,92.4000015258789,93.33000183105469,91.91999816894531,92.7300033569336,84.74005889892578,2494500
2024-02-26,92.47000122070312,92.56999969482422,90.5199966430664,90.6500015258789,82.83926391601562,3797700
2024-02-27,90.63999938964844,91.33000183105469,90.45999908447266,90.8499984741211,83.02203369140625,2962200
2024-02-28,90.75,91.25,90.43000030517578,90.73999786376953,82.9215087890625,3255400
2024-02-29,91.05999755859375,92.08000183105469,90.76000213623047,91.83000183105469,83.91759490966797,5245500
2024-03-01,91.75,91.87999725341797,90.08999633789062,90.86000061035156,83.03117370605469,3367600
2024-03-04,90.22000122070312,92.55999755859375,90.22000122070312,92.41999816894531,84.4567642211914,3724600
2024-03-05,92.77999877929688,94.2699966430664,92.33000183105469,92.69000244140625,84.70350646972656,3679300
2024-03-06,93.47000122070312,94.31999969482422,92.97000122070312,94.06999969482422,85.96460723876953,4229900
2024-03-07,94.91000366210938,95.12999725341797,94.2300033569336,94.4800033569336,86.33927917480469,2610600
2024-03-08,94.4800033569336,95.12000274658203,93.80000305175781,94.94000244140625,86.75962829589844,2266700
2024-03-11,94.81999969482422,95.88999938964844,94.5,95.83999633789062,87.58207702636719,1966900
2024-03-12,95.38999938964844,96.25,94.69000244140625,95.01000213623047,86.82359313964844,2878100
2024-03-13,95.5,96.30000305175781,95.41000366210938,95.5,87.27137756347656,3519200
2024-03-14,95.4000015258789,95.81999969482422,94.33999633789062,95.05000305175781,86.86015319824219,3540900
2024-03-15,94.36000061035156,95.66000366210938,94.36000061035156,94.70999908447266,86.54944610595703,6197000
2024-03-18,94.8499984741211,95.23999786376953,94.11000061035156,94.94000244140625,86.75962829589844,2736700
2024-03-19,95.26000213623047,95.58999633789062,94.55000305175781,95.13999938964844,86.94239044189453,2492600
2024-03-20,95.0,95.72000122070312,94.58000183105469,95.41000366210938,87.18913269042969,2682200
2024-03-21,95.48999786376953,96.05000305175781,94.93000030517578,94.95999908447266,86.77791595458984,2744900
2024-03-22,95.55000305175781,95.7300033569336,94.55999755859375,94.61000061035156,86.45807647705078,2308600
2024-03-25,94.87999725341797,95.16000366210938,94.38999938964844,94.83999633789062,86.6682357788086,2016000
2024-03-26,94.80000305175781,95.06999969482422,93.56999969482422,93.66999816894531,85.59906768798828,2823100
2024-03-27,94.0999984741211,96.12999725341797,94.02999877929688,96.08999633789062,87.81053924560547,3166200
2024-03-28,96.13999938964844,96.8499984741211,95.7699966430664,96.70999908447266,88.37711334228516,2637600
2024-04-01,96.5,96.58999633789062,95.37999725341797,96.06999969482422,87.79225158691406,1859700
2024-04-02,96.13999938964844,97.36000061035156,95.45999908447266,96.54000091552734,88.22177124023438,2305600
2024-04-03,96.5,96.61000061035156,95.83999633789062,95.97000122070312,87.70088195800781,2278100
2024-04-04,96.73999786376953,96.87000274658203,95.19999694824219,96.12000274658203,87.83795928955078,2694700
2024-04-05,95.72000122070312,96.19999694824219,95.16000366210938,95.91000366210938,87.64604949951172,2525200
2024-04-08,95.62999725341797,96.55000305175781,95.54000091552734,96.30999755859375,88.01158142089844,2348500
2024-04-09,96.69999694824219,97.48999786376953,96.11000061035156,97.31999969482422,88.93455505371094,2460300
2024-04-10,95.70999908447266,96.08000183105469,94.51000213623047,95.41000366210938,87.18913269042969,2475500
2024-04-11,96.22000122070312,96.2300033569336,94.51000213623047,95.29000091552734,87.07948303222656,2116100
2024-04-12,95.63999938964844,95.91999816894531,94.62000274658203,94.9000015258789,86.72307586669922,2279800
2024-04-15,95.44999694824219,95.62999725341797,93.68000030517578,94.12999725341797,86.01942443847656,2623100
2024-04-16,94.0,94.0,92.75,92.87000274658203,84.86799621582031,2655500
2024-04-17,93.56999969482422,94.76000213623047,93.19999694824219,94.5,86.3575439453125,1768000
2024-04-18,94.91000366210938,96.02999877929688,94.20999908447266,95.93000030517578,87.66432189941406,2639200
2024-04-19,96.0999984741211,98.41000366210938,95.9800033569336,98.23999786376953,89.77528381347656,4212800
2024-04-22,98.12999725341797,98.5,97.69999694824219,98.12000274658203,89.66563415527344,2933000
2024-04-23,98.11000061035156,99.05000305175781,97.9000015258789,98.19999694824219,89.73873901367188,2148800
2024-04-24,97.51000213623047,99.19000244140625,96.68000030517578,98.95999908447266,90.4332504272461,2652700
2024-04-25,98.83999633789062,99.61000061035156,98.01000213623047,99.02999877929688,90.4972152709961,2540700
2024-04-26,99.0,99.22000122070312,97.62000274658203,97.70999908447266,89.29095458984375,1994800
2024-04-29,98.25,99.08000183105469,98.20999908447266,98.7300033569336,90.22306823730469,2043500
2024-04-30,98.29000091552734,98.94000244140625,97.6500015258789,98.26000213623047,89.79356384277344,2565900
2024-05-01,97.94999694824219,100.55999755859375,97.48999786376953,99.77999877929688,91.1825942993164,4860700
2024-05-02,100.0,100.08000183105469,98.58000183105469,99.30999755859375,90.75309753417969,2808100
2024-05-03,99.8499984741211,100.33999633789062,99.0999984741211,100.26000213623047,91.62123107910156,4338300
2024-05-06,100.48999786376953,100.73999786376953,99.8499984741211,100.41999816894531,91.76744842529297,3081700
2024-05-07,101.0,102.36000061035156,100.30000305175781,102.26000213623047,93.44890594482422,5229900
2024-05-08,102.43000030517578,102.63999938964844,101.66999816894531,102.37999725341797,93.5585708618164,3497900
2024-05-09,102.25,103.05000305175781,102.0,103.0199966430664,94.14341735839844,2996200
2024-05-10,103.48999786376953,103.63999938964844,102.5999984741211,102.66999816894531,93.8235855102539,2778700
2024-05-13,102.69999694824219,103.83000183105469,102.61000061035156,102.88999938964844,94.02462768554688,2185300
2024-05-14,103.16000366210938,103.26000213623047,102.2300033569336,102.30999755859375,93.49459838867188,2168200
2024-05-15,103.30000305175781,103.66000366210938,102.86000061035156,103.3499984741211,94.44499206542969,2636100
2024-05-16,102.30000305175781,103.25,102.30000305175781,102.83999633789062,94.92033386230469,4143300
2024-05-17,103.13999938964844,103.93000030517578,102.44000244140625,103.88999938964844,95.88947296142578,3694000
2024-05-20,103.93000030517578,103.93000030517578,103.33000183105469,103.66000366210938,95.67719268798828,2088800
2024-05-21,103.79000091552734,104.5999984741211,103.25,104.37999725341797,96.34174346923828,2753600
2024-05-22,103.9000015258789,104.37999725341797,103.13999938964844,103.44000244140625,95.47412872314453,3124900
2024-05-23,103.0,103.1500015258789,101.61000061035156,101.79000091552734,93.9511947631836,2529800
2024-05-24,102.0199966430664,102.5,101.66999816894531,102.16999816894531,94.30194091796875,1864500
2024-05-28,101.9000015258789,102.66999816894531,101.0999984741211,101.18000030517578,93.38816833496094,2472200
2024-05-29,100.52999877929688,100.86000061035156,100.02999877929688,100.41999816894531,92.68669128417969,2527900
2024-05-30,100.77999877929688,101.36000061035156,100.0199966430664,101.30000305175781,93.4989242553711,2423800
2024-05-31,101.62000274658203,103.63999938964844,101.44999694824219,103.56999969482422,95.59410858154297,4000800
2024-06-03,103.08999633789062,103.81999969482422,102.81999969482422,103.41000366210938,95.44644165039062,3429700
2024-06-04,103.25,104.87000274658203,103.05000305175781,104.5999984741211,96.5447998046875,4822700
2024-06-05,104.4000015258789,104.5999984741211,103.02999877929688,103.19999694824219,95.25260925292969,2228200
2024-06-06,103.04000091552734,103.81999969482422,102.5199966430664,102.86000061035156,94.93878173828125,1945300
2024-06-07,102.0,103.77999877929688,101.7300033569336,102.62000274658203,94.71728515625,1886800
2024-06-10,102.5,102.9800033569336,101.91999816894531,102.5199966430664,94.6249771118164,1915500
2024-06-11,102.01000213623047,102.66999816894531,101.29000091552734,102.36000061035156,94.47730255126953,2434400
2024-06-12,103.0,103.26000213623047,100.93000030517578,101.31999969482422,93.51739501953125,2397300
2024-06-13,101.29000091552734,101.80000305175781,100.44999694824219,101.26000213623047,93.4620132446289,1811200
2024-06-14,100.88999938964844,102.38999938964844,100.66999816894531,102.36000061035156,94.47730255126953,2668000
2024-06-17,101.94999694824219,102.0999984741211,100.69000244140625,100.80000305175781,93.03742980957031,2953100
2024-06-18,100.7300033569336,101.13999938964844,99.69999694824219,100.02999877929688,92.32672882080078,2469400
2024-06-20,100.25,100.7300033569336,99.4000015258789,100.0999984741211,92.39134216308594,3084800
2024-06-21,100.29000091552734,101.05000305175781,99.55000305175781,99.83999633789062,92.15135192871094,4986000
2024-06-24,99.98999786376953,101.83999633789062,99.77999877929688,101.51000213623047,93.6927490234375,2026400
2024-06-25,101.23999786376953,101.45999908447266,99.95999908447266,100.19999694824219,92.48363494873047,2115600
2024-06-26,99.8499984741211,100.20999908447266,99.30000305175781,99.94999694824219,92.25288391113281,1958900
2024-06-27,100.0,100.88999938964844,99.75,100.58999633789062,92.8436050415039,2358000
2024-06-28,100.58999633789062,100.76000213623047,99.6500015258789,100.2300033569336,92.51133728027344,3898700
2024-07-01,100.7300033569336,101.26000213623047,99.29000091552734,99.3499984741211,91.69910430908203,2097600
2024-07-02,99.62999725341797,100.01000213623047,99.20999908447266,99.80999755859375,92.12364959716797,1856100
2024-07-03,99.72000122070312,101.06999969482422,99.54000091552734,99.83999633789062,92.15135192871094,1072700
2024-07-05,100.0,100.97000122070312,99.55000305175781,100.55999755859375,92.81591033935547,1929800
2024-07-08,100.44000244140625,101.38999938964844,100.02999877929688,100.63999938964844,92.88975524902344,2535100
2024-07-09,100.58999633789062,101.4000015258789,100.30000305175781,100.94000244140625,93.1666488647461,3200600
2024-07-10,101.25,102.9000015258789,100.9000015258789,102.83000183105469,94.9111099243164,3128400
2024-07-11,103.05999755859375,104.88999938964844,102.66000366210938,104.45999908447266,96.41557312011719,3329800
2024-07-12,104.68000030517578,105.9000015258789,104.2699966430664,105.38999938964844,97.27395629882812,2715300
2024-07-15,104.69000244140625,105.38999938964844,104.0199966430664,105.31999969482422,97.20934295654297,2863400
2024-07-16,106.30999755859375,107.26000213623047,105.8499984741211,106.52999877929688,98.32616424560547,3057000
2024-07-17,107.06999969482422,108.44000244140625,105.6500015258789,107.5199966430664,99.23992156982422,3374700
2024-07-18,107.01000213623047,108.58999633789062,106.72000122070312,106.91000366210938,98.67691040039062,2638700
2024-07-19,107.58000183105469,107.61000061035156,106.30999755859375,106.91999816894531,98.6861343383789,2163200
2024-07-22,106.94000244140625,107.69999694824219,106.58000183105469,107.54000091552734,99.25838470458984,2373200
2024-07-23,107.4800033569336,107.9000015258789,107.0199966430664,107.12000274658203,98.87073516845703,1512000
2024-07-24,108.25,108.91999816894531,107.04000091552734,108.5999984741211,100.23677062988281,2875500
2024-07-25,109.0,110.0199966430664,106.94999694824219,107.55999755859375,99.27685546875,3165200
2024-07-26,107.80000305175781,108.4800033569336,107.41000366210938,108.02999877929688,99.71065521240234,2270500
2024-07-29,108.27999877929688,109.19999694824219,107.94000244140625,108.68000030517578,100.31060028076172,3445100
2024-07-30,108.12000274658203,110.02999877929688,107.9000015258789,109.9000015258789,101.4366455078125,2929800
2024-07-31,108.9000015258789,109.75,108.43000030517578,109.2699966430664,100.85515594482422,3946000
2024-08-01,109.7699966430664,112.70999908447266,109.2699966430664,112.5999984741211,103.92871856689453,3975500
2024-08-02,114.3499984741211,116.66999816894531,111.6500015258789,113.91999816894531,105.14706420898438,4606500
2024-08-05,114.11000061035156,114.9800033569336,111.01000213623047,111.01000213623047,102.46117401123047,4918700
2024-08-06,112.48999786376953,114.19999694824219,111.36000061035156,112.91999816894531,104.22406768798828,4289800
2024-08-07,113.22000122070312,114.77999877929688,112.62999725341797,113.51000213623047,104.76863861083984,4921300
2024-08-08,112.47000122070312,113.95999908447266,111.9000015258789,112.43000030517578,103.77180480957031,4716700
2024-08-09,112.94999694824219,112.95999908447266,111.12999725341797,112.66999816894531,103.99332427978516,2218700
2024-08-12,112.62999725341797,113.41999816894531,112.0999984741211,113.37000274658203,104.63941192626953,3058600
2024-08-13,113.3499984741211,113.94000244140625,112.7699966430664,113.72000122070312,104.96247100830078,2732900
2024-08-14,113.37999725341797,114.54000091552734,112.80999755859375,113.45999908447266,104.72248840332031,1979200
2024-08-15,112.93000030517578,113.2699966430664,112.4000015258789,113.11000061035156,104.39942932128906,2658200
2024-08-16,112.37999725341797,112.6500015258789,111.61000061035156,112.30000305175781,104.61837768554688,2642700
2024-08-19,112.27999877929688,113.18000030517578,112.25,112.72000122070312,105.0096435546875,1716200
2024-08-20,112.91000366210938,113.41000366210938,112.0999984741211,112.37999725341797,104.6928939819336,2822600
2024-08-21,112.37000274658203,113.16000366210938,112.26000213623047,112.7300033569336,105.01895904541016,2798600
2024-08-22,112.66000366210938,112.68000030517578,111.44999694824219,112.12000274658203,104.45067596435547,5459600
2024-08-23,112.25,113.0,111.9000015258789,112.36000061035156,104.67426300048828,2732500
2024-08-26,112.52999877929688,113.62999725341797,112.01000213623047,113.01000213623047,105.2798080444336,3038900
2024-08-27,112.7699966430664,113.08999633789062,111.77999877929688,111.9000015258789,104.2457275390625,2136500
2024-08-28,112.38999938964844,113.63999938964844,111.88999938964844,112.69999694824219,104.99100494384766,2429700
2024-08-29,112.69999694824219,113.06999969482422,111.8499984741211,112.98999786376953,105.26117706298828,2021900
2024-08-30,113.0,114.08000183105469,112.83999633789062,113.94999694824219,106.1554946899414,3022400
2024-09-03,114.0,116.41000366210938,113.91000366210938,115.79000091552734,107.8696517944336,3792500
2024-09-04,116.4800033569336,117.93000030517578,116.19000244140625,117.05999755859375,109.05276489257812,2795000
2024-09-05,117.7699966430664,118.11000061035156,116.31999969482422,116.8499984741211,108.85714721679688,2585900
2024-09-06,117.05000305175781,117.33000183105469,116.2300033569336,116.5999984741211,108.62423706054688,3482400
2024-09-09,116.93000030517578,117.25,115.94000244140625,117.16000366210938,109.14593505859375,2829800
2024-09-10,117.37000274658203,118.18000030517578,116.70999908447266,116.93000030517578,108.9316635131836,2594200
2024-09-11,116.37999725341797,116.48999786376953,115.33999633789062,116.19999694824219,108.25160217285156,3667400
2024-09-12,116.36000061035156,116.83000183105469,115.83999633789062,115.97000122070312,108.0373306274414,2390300
2024-09-13,116.23999786376953,117.4000015258789,115.73999786376953,117.30999755859375,109.2856674194336,2311000
2024-09-16,118.11000061035156,118.30999755859375,117.45999908447266,117.69999694824219,109.64897918701172,2212000
2024-09-17,117.55000305175781,117.7300033569336,116.31999969482422,116.7300033569336,108.74534606933594,2251500
2024-09-18,116.62999725341797,117.18000030517578,115.29000091552734,115.87999725341797,107.95347595214844,2265300
2024-09-19,115.08999633789062,115.54000091552734,113.94999694824219,115.13999938964844,107.26409912109375,3952300
2024-09-20,115.66000366210938,116.66999816894531,115.33999633789062,116.37000274658203,108.40997314453125,6277000
2024-09-23,116.86000061035156,117.47000122070312,116.45999908447266,117.30999755859375,109.2856674194336,2332400
2024-09-24,116.5,117.7699966430664,115.83999633789062,115.9800033569336,108.04664611816406,2925300
2024-09-25,116.5999984741211,116.76000213623047,115.37000274658203,116.20999908447266,108.26091003417969,3496700
2024-09-26,115.12000274658203,116.31999969482422,114.83999633789062,115.16999816894531,107.29205322265625,3425700
2024-09-27,115.5,116.33000183105469,114.83000183105469,115.97000122070312,108.0373306274414,3523000
2024-09-30,116.29000091552734,116.33999633789062,114.33999633789062,115.30000305175781,107.41316223144531,5539400
2024-10-01,115.44999694824219,116.45999908447266,114.91000366210938,116.22000122070312,108.27022552490234,3729700
2024-10-02,115.5,116.80999755859375,115.12999725341797,116.68000030517578,108.69876861572266,3360200
2024-10-03,116.9800033569336,117.08999633789062,115.4800033569336,115.76000213623047,107.84171295166016,3856600
2024-10-04,114.62999725341797,114.87000274658203,113.80999755859375,114.05000305175781,106.24866485595703,3512900
2024-10-07,113.79000091552734,113.79000091552734,110.12000274658203,110.2300033569336,102.68997192382812,5955000
2024-10-08,111.0,111.13999938964844,110.05000305175781,110.66999816894531,103.09986877441406,4810600
2024-10-09,110.80000305175781,111.62000274658203,110.30000305175781,111.31999969482422,103.70539093017578,3601500
2024-10-10,111.88999938964844,113.5,111.02999877929688,113.12000274658203,105.38228607177734,6301600
2024-10-11,113.4000015258789,114.33000183105469,113.12000274658203,114.16999816894531,106.36045837402344,3406700
2024-10-14,114.16999816894531,115.26000213623047,114.0999984741211,115.08999633789062,107.21752166748047,2807100
2024-10-15,116.5,118.06999969482422,115.69999694824219,117.12000274658203,109.10865783691406,2863200
2024-10-16,117.5999984741211,120.08999633789062,116.94999694824219,119.77999877929688,111.58671569824219,4776800
2024-10-17,119.77999877929688,120.80999755859375,119.4800033569336,120.58000183105469,112.33200073242188,4589900
2024-10-18,120.73999786376953,120.8499984741211,119.62000274658203,120.76000213623047,112.49967956542969,3562300
2024-10-21,121.05000305175781,121.25,119.66999816894531,119.88999938964844,111.6891860961914,2703200
2024-10-22,118.72000122070312,119.94000244140625,118.37999725341797,119.87999725341797,111.67987060546875,2877000
2024-10-23,119.79000091552734,120.61000061035156,119.37999725341797,120.56999969482422,112.32266235351562,2286400
2024-10-24,120.80000305175781,120.94999694824219,118.91999816894531,119.0199966430664,110.87870788574219,2283700
2024-10-25,119.48999786376953,119.52999877929688,117.20999908447266,117.20999908447266,109.19251251220703,2406300
2024-10-28,117.20999908447266,118.05999755859375,117.0199966430664,117.05999755859375,109.05276489257812,2214300
2024-10-29,116.0,116.3499984741211,114.37999725341797,114.41000366210938,106.58403778076172,3478800
2024-10-30,115.02999877929688,115.2699966430664,113.81999969482422,114.0,106.20207977294922,2480000
2024-10-31,113.98999786376953,115.81999969482422,113.88999938964844,115.2699966430664,107.38520812988281,3835800
2024-11-01,114.68000030517578,115.4000015258789,112.5999984741211,112.68000030517578,104.97238159179688,3713100
2024-11-04,112.68000030517578,113.12999725341797,112.06999969482422,112.5199966430664,104.82331085205078,3050100
2024-11-05,112.58999633789062,114.16999816894531,112.05999755859375,114.08000183105469,106.276611328125,2558500
2024-11-06,114.01000213623047,114.25,112.5199966430664,113.62999725341797,105.8573989868164,4236700
2024-11-07,112.63999938964844,113.20999908447266,110.30999755859375,111.08000183105469,103.48182678222656,5593500
2024-11-08,111.7699966430664,114.05000305175781,111.55999755859375,113.2300033569336,105.4847640991211,3788500
2024-11-11,112.63999938964844,114.16000366210938,112.38999938964844,112.45999908447266,104.76741790771484,3243400
2024-11-12,112.66000366210938,113.08000183105469,111.76000213623047,111.87999725341797,104.22709655761719,2876800
2024-11-13,112.5199966430664,112.80000305175781,110.66999816894531,111.30999755859375,103.69609069824219,2193000
2024-11-14,111.56999969482422,111.56999969482422,110.54000091552734,110.68000030517578,103.10917663574219,3685800
2024-11-15,109.47000122070312,112.25,109.4000015258789,112.16999816894531,105.4932861328125,3868000
2024-11-18,111.98999786376953,113.68000030517578,111.66999816894531,113.54000091552734,106.78174591064453,5030800
2024-11-19,113.30000305175781,113.62999725341797,112.05000305175781,113.58000183105469,106.8193588256836,3862000
2024-11-20,113.44000244140625,113.94999694824219,113.0,113.73999786376953,106.96983337402344,2325500
2024-11-21,114.12999725341797,115.04000091552734,113.1500015258789,114.86000061035156,108.0231704711914,3095300
2024-11-22,115.5199966430664,116.0,114.61000061035156,114.69999694824219,107.8726806640625,2008700
2024-11-25,115.05000305175781,115.9000015258789,114.16999816894531,115.0,108.15483856201172,4163000
2024-11-26,115.38999938964844,117.0999984741211,115.08000183105469,117.04000091552734,110.07341003417969,2850500
2024-11-27,117.68000030517578,118.58000183105469,117.27999877929688,117.41999816894531,110.43079376220703,2221900
2024-11-29,117.19999694824219,117.72000122070312,116.87999725341797,117.05000305175781,110.08282470703125,1899500
2024-12-02,117.05000305175781,117.29000091552734,114.80999755859375,115.18000030517578,108.3241195678711,3429900
2024-12-03,115.80000305175781,116.20999908447266,113.62999725341797,113.63999938964844,106.87578582763672,2440600
2024-12-04,113.44999694824219,113.75,112.72000122070312,113.27999877929688,106.53721618652344,2218900
2024-12-05,113.20999908447266,114.4000015258789,113.0,114.01000213623047,107.22376251220703,2178700
2024-12-06,113.83999633789062,114.3499984741211,111.94999694824219,112.0999984741211,105.42745971679688,2808800
2024-12-09,111.70999908447266,112.5999984741211,111.27999877929688,111.86000061035156,105.20172882080078,2573900
2024-12-10,111.94000244140625,111.94000244140625,110.31999969482422,111.11000061035156,104.49637603759766,2941300
2024-12-11,110.80000305175781,110.98999786376953,109.18000030517578,109.58999633789062,103.06685638427734,3820800
2024-12-12,110.20999908447266,110.31999969482422,108.7699966430664,109.16000366210938,102.6624526977539,3087600
2024-12-13,109.66000366210938,110.0,108.7300033569336,108.81999969482422,102.34269714355469,5141200
2024-12-16,108.73999786376953,109.20999908447266,107.18000030517578,107.44000244140625,101.0448226928711,5673900
2024-12-17,106.94999694824219,108.19999694824219,106.52999877929688,107.88999938964844,101.46804809570312,2784900
2024-12-18,107.37999725341797,107.91000366210938,105.62999725341797,105.76000213623047,99.46483612060547,4713900
2024-12-19,105.87999725341797,108.23999786376953,105.73999786376953,107.08000183105469,100.70626068115234,4237600
2024-12-20,107.16000366210938,108.69000244140625,106.72000122070312,108.27999877929688,101.83482360839844,6044500
2024-12-23,108.11000061035156,108.63999938964844,107.16000366210938,108.55999755859375,102.09815979003906,2757400
2024-12-24,108.38999938964844,109.02999877929688,108.11000061035156,108.97000122070312,102.48375701904297,991900
2024-12-26,108.68000030517578,108.94999694824219,107.87000274658203,108.30999755859375,101.86304473876953,2914600
2024-12-27,107.5999984741211,109.0,107.5,108.33999633789062,101.89125061035156,2127200
2024-12-30,108.0,108.12999725341797,107.05000305175781,107.70999908447266,101.29875183105469,2217200
2024-12-31,107.87999725341797,108.12000274658203,107.18000030517578,107.73999786376953,101.32698059082031,2987400
2025-01-02,108.4800033569336,108.87999725341797,107.44000244140625,107.81999969482422,101.40221405029297,2865500
2025-01-03,108.06999969482422,108.66999816894531,107.6500015258789,107.77999877929688,101.36458587646484,2299300
2025-01-06,107.3499984741211,107.41999816894531,105.9000015258789,106.37000274658203,100.03853607177734,4358500
2025-01-07,106.68000030517578,107.8499984741211,106.30000305175781,106.80999755859375,100.45232391357422,2976400
2025-01-08,106.55999755859375,108.44999694824219,106.48999786376953,108.2300033569336,101.78781127929688,3209300
2025-01-10,107.47000122070312,108.58999633789062,105.44000244140625,105.87000274658203,99.56827545166016,2998100
2025-01-13,106.47000122070312,106.55999755859375,105.19999694824219,106.13999938964844,99.82220458984375,2387900
2025-01-14,106.16000366210938,106.87999725341797,105.61000061035156,106.8499984741211,100.48994445800781,2866200
2025-01-15,108.0999984741211,108.0999984741211,106.3499984741211,106.44999694824219,100.11375427246094,3791800
2025-01-16,106.0999984741211,109.08000183105469,105.9000015258789,109.05999755859375,102.56840515136719,2899100
2025-01-17,108.7300033569336,109.9000015258789,108.44999694824219,109.26000213623047,102.75650787353516,2928400
2025-01-21,110.0,111.3499984741211,109.30000305175781,110.7699966430664,104.1766128540039,3144100
2025-01-22,110.55000305175781,110.62000274658203,108.62999725341797,108.81999969482422,102.34269714355469,4276900
2025-01-23,109.30000305175781,109.73999786376953,108.68000030517578,109.33999633789062,102.83173370361328,2612500
2025-01-24,108.8499984741211,110.25,108.73999786376953,109.86000061035156,103.3207778930664,2695300
2025-01-27,111.0,112.76000213623047,109.43000030517578,112.62000274658203,105.91651153564453,3585100
2025-01-28,112.37999725341797,112.69999694824219,111.27999877929688,111.30999755859375,104.68448638916016,3664600
2025-01-29,111.4800033569336,112.20999908447266,110.54000091552734,110.62000274658203,104.03555297851562,2744200
2025-01-30,112.0199966430664,112.4000015258789,110.80999755859375,112.26000213623047,105.57793426513672,2204800
2025-01-31,112.26000213623047,112.44999694824219,111.37999725341797,111.98999786376953,105.3239974975586,3537800
2025-02-03,111.9800033569336,113.45999908447266,111.19999694824219,113.19999694824219,106.46197509765625,4830200
2025-02-04,112.63999938964844,112.83000183105469,111.31999969482422,112.43000030517578,105.73780822753906,2087900
2025-02-05,113.13999938964844,114.20999908447266,112.44999694824219,113.86000061035156,107.08267974853516,4858600
2025-02-06,114.02999877929688,114.91000366210938,113.36000061035156,114.5199966430664,107.70339965820312,2593300
2025-02-07,114.18000030517578,115.69999694824219,113.91999816894531,114.98999786376953,108.14542388916016,3476900
2025-02-10,114.98999786376953,115.62000274658203,113.66000366210938,115.5999984741211,108.7191162109375,2606700
2025-02-11,115.41999816894531,116.80999755859375,113.9800033569336,116.69000244140625,109.74424743652344,2404700
2025-02-12,114.73999786376953,116.4800033569336,114.33999633789062,116.37000274658203,109.44329833984375,4149900
2025-02-13,115.30000305175781,115.66000366210938,112.87999725341797,113.94999694824219,107.1673355102539,5658500
2025-02-14,113.2699966430664,113.94999694824219,111.52999877929688,111.5999984741211,105.92865753173828,3581600
2025-02-18,111.5,112.2300033569336,110.51000213623047,110.88999938964844,105.25473022460938,4726600
2025-02-19,111.31999969482422,112.11000061035156,110.94999694824219,111.79000091552734,106.1090087890625,3860600
2025-02-20,111.51000213623047,113.26000213623047,111.04000091552734,113.16000366210938,107.40937805175781,3159500
2025-02-21,112.69000244140625,115.95999908447266,112.55999755859375,115.55000305175781,109.67793273925781,4424000
2025-02-24,115.9000015258789,116.97000122070312,114.79000091552734,115.91999816894531,110.02911376953125,2731300
2025-02-25,116.41999816894531,117.70999908447266,116.01000213623047,117.29000091552734,111.32949829101562,3111900
2025-02-26,116.91000366210938,117.13999938964844,115.80000305175781,116.30999755859375,110.39930725097656,3021500
2025-02-27,115.62000274658203,116.79000091552734,115.0,115.88999938964844,110.00064849853516,3239100
2025-02-28,117.0999984741211,117.9800033569336,115.80000305175781,117.48999786376953,111.51934051513672,5403200
2025-03-03,117.31999969482422,118.72000122070312,116.66000366210938,118.66999816894531,112.63936614990234,4264900
2025-03-04,119.2699966430664,119.68000030517578,116.37000274658203,116.41000366210938,110.49422454833984,3888700
2025-03-05,115.61000061035156,116.91000366210938,115.05000305175781,115.2300033569336,109.37419891357422,3491300
2025-03-06,115.5,115.68000030517578,113.80999755859375,114.83999633789062,109.00399780273438,3756100
2025-03-07,114.80999755859375,116.94000244140625,114.31999969482422,116.73999786376953,110.80744934082031,3479200
2025-03-10,116.94999694824219,119.26000213623047,116.91000366210938,118.5,112.4780044555664,5022400
2025-03-11,118.27999877929688,119.51000213623047,117.19999694824219,117.69999694824219,111.71866607666016,6297500
2025-03-12,116.72000122070312,117.30000305175781,115.6500015258789,116.63999938964844,110.7125244140625,4668300
2025-03-13,116.94999694824219,118.33999633789062,116.37000274658203,118.20999908447266,112.2027359008789,5370300
2025-03-14,118.16000366210938,120.4000015258789,117.54000091552734,120.12000274658203,114.01568603515625,5709900
2025-03-17,119.66000366210938,121.47000122070312,119.05000305175781,120.80999755859375,114.67061614990234,7126500
2025-03-18,119.83000183105469,121.06999969482422,119.69000244140625,120.76000213623047,114.6231689453125,4384800
2025-03-19,120.51000213623047,120.87999725341797,118.66999816894531,119.30999755859375,113.24684143066406,4220600
2025-03-20,119.58999633789062,120.26000213623047,119.11000061035156,120.16000366210938,114.05365753173828,4343900
2025-03-21,119.9800033569336,120.91000366210938,118.37999725341797,119.0999984741211,113.04751586914062,5850300
2025-03-24,118.83999633789062,119.80999755859375,118.01000213623047,118.1500015258789,112.14579772949219,3904700
2025-03-25,118.0999984741211,118.2300033569336,114.91999816894531,116.08000183105469,110.18099212646484,5551600
2025-03-26,116.30000305175781,117.33000183105469,116.08000183105469,117.11000061035156,111.15865325927734,3095900
2025-03-27,117.87000274658203,118.2300033569336,117.11000061035156,117.6500015258789,111.67121124267578,2833500
2025-03-28,118.68000030517578,119.95999908447266,117.63999938964844,119.41000366210938,113.34176635742188,3941400
2025-03-31,120.30000305175781,122.5,120.16999816894531,121.97000122070312,115.77167510986328,6465600
2025-04-01,122.04000091552734,122.04000091552734,120.58999633789062,121.06999969482422,114.91740417480469,2934100
2025-04-02,121.05999755859375,121.38999938964844,119.9000015258789,120.38999938964844,114.27196502685547,2541700
2025-04-03,123.0,124.66999816894531,121.62999725341797,124.05000305175781,117.7459716796875,7427100
2025-04-04,125.0,125.2699966430664,117.86000061035156,118.93000030517578,112.88615417480469,8332600
2025-04-07,117.72000122070312,120.31999969482422,115.70999908447266,116.86000061035156,110.92134094238281,7214800
2025-04-08,118.16999816894531,118.36000061035156,114.69999694824219,115.94999694824219,110.05758666992188,4976200
2025-04-09,114.75,117.83999633789062,112.06999969482422,116.30999755859375,110.39930725097656,7414700
2025-04-10,116.30999755859375,118.0,114.62000274658203,116.83999633789062,110.90235900878906,6360400
2025-04-11,116.87999725341797,119.33000183105469,115.5199966430664,118.94000244140625,112.8956527709961,6054400
2025-04-14,118.69000244140625,121.19000244140625,118.06999969482422,120.5999984741211,114.47129821777344,3226200
2025-04-15,121.06999969482422,121.75,120.33999633789062,120.48999786376953,114.36687469482422,2340900
2025-04-16,121.48999786376953,121.9800033569336,120.06999969482422,120.3499984741211,114.2339859008789,2506800
2025-04-17,120.94000244140625,123.55000305175781,120.5,121.80000305175781,115.61030578613281,3409800
2025-04-21,121.58000183105469,121.94999694824219,118.98999786376953,120.16999816894531,114.06314849853516,3076200
2025-04-22,121.37999725341797,122.88999938964844,120.5,122.52999877929688,116.3031997680664,3522600
2025-04-23,121.20999908447266,122.12000274658203,120.04000091552734,121.41999816894531,115.24961853027344,4036000
2025-04-24,121.1500015258789,121.5199966430664,120.16999816894531,120.69999694824219,114.56619262695312,3199000
2025-04-25,120.7699966430664,121.2699966430664,119.41999816894531,119.8499984741211,113.75940704345703,2717200
2025-04-28,119.98999786376953,120.87999725341797,119.18000030517578,120.66999816894531,114.53773498535156,2119800
2025-04-29,120.29000091552734,121.91000366210938,119.37000274658203,121.69999694824219,115.515380859375,2323600
2025-04-30,122.3499984741211,122.4000015258789,120.66000366210938,122.0199966430664,115.81912231445312,2999000
2025-05-01,121.80000305175781,122.37000274658203,120.68000030517578,121.33000183105469,115.16419219970703,2609900
2025-05-02,121.37000274658203,122.0,120.54000091552734,121.58000183105469,115.4014892578125,2720100
2025-05-05,122.12000274658203,122.16000366210938,120.23999786376953,120.75,114.61366271972656,3875200
2025-05-06,122.01000213623047,124.16999816894531,121.5199966430664,122.94000244140625,116.6923828125,3959100
2025-05-07,122.55000305175781,123.37000274658203,121.66999816894531,122.5999984741211,116.3696517944336,3466700
2025-05-08,122.0199966430664,122.44000244140625,119.81999969482422,120.0,113.90177154541016,3571300
2025-05-09,120.23999786376953,120.48999786376953,119.37000274658203,120.33000183105469,114.21501922607422,3036900
2025-05-12,119.01000213623047,120.31999969482422,115.44999694824219,115.8499984741211,109.96267700195312,5661200
2025-05-13,115.9800033569336,116.04000091552734,113.05000305175781,113.06999969482422,107.32394409179688,7359400
2025-05-14,113.06999969482422,113.19000244140625,111.22000122070312,112.45999908447266,106.74494934082031,4203200
2025-05-15,113.56999969482422,116.08000183105469,113.37000274658203,115.94000244140625,110.04811096191406,4177700
2025-05-16,115.05999755859375,116.30000305175781,114.58999633789062,116.26000213623047,111.35551452636719,2966700
2025-05-19,116.05999755859375,117.12000274658203,115.75,116.98999786376953,112.05471801757812,2773000
2025-05-20,116.68000030517578,117.83000183105469,116.5,117.30999755859375,112.3612289428711,4459300
2025-05-21,117.30000305175781,117.6500015258789,116.05999755859375,116.44000244140625,111.5279312133789,2769900
2025-05-22,116.5999984741211,116.69000244140625,114.79000091552734,115.56999969482422,110.69462585449219,4702600
2025-05-23,116.72000122070312,116.97000122070312,114.86000061035156,116.48999786376953,111.57581329345703,2683700
2025-05-27,116.87999725341797,116.91000366210938,116.0,116.37999725341797,111.470458984375,3742300
2025-05-28,116.0,116.2699966430664,113.97000122070312,114.44999694824219,109.62186431884766,2797700
2025-05-29,113.9000015258789,115.58999633789062,113.38999938964844,115.44999694824219,110.5796890258789,2292800
2025-05-30,115.44999694824219,117.87999725341797,114.83000183105469,117.72000122070312,112.75393676757812,8078800
2025-06-02,117.01000213623047,117.66999816894531,116.33000183105469,117.2300033569336,112.28460693359375,2820300
2025-06-03,117.33999633789062,117.5999984741211,115.51000213623047,116.7300033569336,111.80569458007812,2609600
2025-06-04,116.79000091552734,117.68000030517578,115.62000274658203,115.9800033569336,111.08734130859375,3288300
2025-06-05,116.30999755859375,116.30999755859375,115.33999633789062,115.73999786376953,110.85746002197266,2443000
2025-06-06,115.58000183105469,116.0999984741211,114.76000213623047,115.2300033569336,110.36898040771484,2094600
2025-06-09,114.70999908447266,116.4000015258789,114.4000015258789,115.47000122070312,110.59884643554688,2407400
2025-06-10,115.58999633789062,116.58999633789062,114.8499984741211,116.33000183105469,111.42256927490234,2095400
2025-06-11,116.27999877929688,116.58999633789062,115.86000061035156,116.3499984741211,111.44171905517578,1929700
2025-06-12,116.77999877929688,117.58999633789062,116.44000244140625,117.27999877929688,112.33248901367188,2432200
2025-06-13,117.5,118.33999633789062,116.54000091552734,116.86000061035156,111.93020629882812,2789500
2025-06-16,117.25,117.69999694824219,114.83000183105469,115.4000015258789,110.53180694580078,3276000
2025-06-17,115.62000274658203,115.68000030517578,113.66000366210938,114.79000091552734,109.9475326538086,2344100
2025-06-18,114.9000015258789,114.94000244140625,114.02999877929688,114.58000183105469,109.74640655517578,2937900
2025-06-20,114.86000061035156,116.1500015258789,114.68000030517578,115.4000015258789,110.53180694580078,6203100
2025-06-23,115.94000244140625,117.29000091552734,115.77999877929688,116.97000122070312,112.03558349609375,2440500
2025-06-24,116.72000122070312,117.55000305175781,116.0,116.94999694824219,112.01640319824219,2477800
2025-06-25,117.95999908447266,117.95999908447266,115.80000305175781,115.94999694824219,111.05859375,2966300
2025-06-26,116.0199966430664,116.7699966430664,115.3499984741211,116.25,111.34593963623047,3143600
2025-06-27,116.1500015258789,117.80000305175781,116.0999984741211,116.91999816894531,111.9876708984375,3578700
2025-06-30,116.62000274658203,118.05999755859375,116.30000305175781,118.0,113.02212524414062,3486700
2025-07-01,118.68000030517578,119.33000183105469,117.0,118.87000274658203,113.85541534423828,3498600
2025-07-02,118.08999633789062,118.41999816894531,116.06999969482422,117.05999755859375,112.12177276611328,2834200
2025-07-03,117.0,117.87999725341797,116.47000122070312,117.30999755859375,112.3612289428711,1953900
2025-07-07,117.19999694824219,117.41999816894531,116.58000183105469,117.29000091552734,112.3420639038086,2050600
2025-07-08,116.54000091552734,116.77999877929688,115.4000015258789,116.30999755859375,111.4034194946289,3135100
2025-07-09,116.30999755859375,117.4000015258789,115.54000091552734,117.16999816894531,112.22712707519531,2102800
2025-07-10,116.5999984741211,118.38999938964844,116.25,118.16999816894531,113.18494415283203,2072700
2025-07-11,117.7300033569336,117.8499984741211,116.58999633789062,117.45999908447266,112.50489807128906,2098900
2025-07-14,117.44999694824219,118.5999984741211,116.7300033569336,117.93000030517578,112.95507049560547,2684800
2025-07-15,117.52999877929688,117.83999633789062,115.94000244140625,117.0999984741211,112.16008758544922,2431500
2025-07-16,116.98999786376953,118.12000274658203,116.75,117.79000091552734,112.82097625732422,2160600
2025-07-17,117.27999877929688,118.08000183105469,117.0,117.45999908447266,112.50489807128906,2430900
2025-07-18,117.33999633789062,119.08999633789062,117.25,118.41999816894531,113.42440032958984,2475600
2025-07-21,118.44999694824219,120.27999877929688,118.44999694824219,119.83000183105469,114.77491760253906,2232100
2025-07-22,120.12000274658203,121.97000122070312,119.9000015258789,120.7300033569336,115.63695526123047,3194700
2025-07-23,120.81999969482422,120.83000183105469,118.9000015258789,119.51000213623047,114.46842956542969,3309500
2025-07-24,119.51000213623047,120.0999984741211,119.20999908447266,119.75,114.69828796386719,2133200
2025-07-25,119.68000030517578,120.38999938964844,119.58999633789062,119.93000030517578,114.87069702148438,2317100
2025-07-28,119.62999725341797,119.91000366210938,117.44999694824219,117.5999984741211,112.63898468017578,2930100
2025-07-29,118.0199966430664,119.52999877929688,117.69000244140625,119.48999786376953,114.44926452636719,2848000
2025-07-30,119.5,121.48999786376953,119.25,120.4800033569336,115.39749908447266,3432300
2025-07-31,120.02999877929688,121.77999877929688,119.5,121.63999938964844,116.50856018066406,5490800
2025-08-01,122.23999786376953,123.38999938964844,121.68000030517578,122.91000366210938,117.7249984741211,4642700
2025-08-04,123.02999877929688,124.51000213623047,122.69999694824219,124.16999816894531,118.93183898925781,4066000
2025-08-05,126.97000122070312,127.8499984741211,123.97000122070312,124.0,118.76901245117188,6746900
2025-08-06,124.6500015258789,126.41000366210938,124.0,125.20999908447266,119.9279556274414,3813100
2025-08-07,124.72000122070312,126.33999633789062,124.69999694824219,125.93000030517578,120.61758422851562,2832100
2025-08-08,125.9800033569336,126.52999877929688,125.18000030517578,125.31999969482422,120.0333251953125,2643800
2025-08-11,125.69000244140625,125.95999908447266,124.91000366210938,125.55999755859375,120.26319885253906,2244500
2025-08-12,125.4000015258789,125.58000183105469,123.36000061035156,124.47000122070312,119.21916961669922,3826300
2025-08-13,124.38999938964844,125.76000213623047,123.94999694824219,125.70999908447266,120.40686798095703,3009200
2025-08-14,125.69999694824219,125.69999694824219,124.0,124.26000213623047,119.01803588867188,3410300
2025-08-15,123.5199966430664,123.69999694824219,121.93000030517578,122.44999694824219,118.29829406738281,4024700
2025-08-18,123.0,123.0,121.33000183105469,121.45999908447266,117.34186553955078,3224700
2025-08-19,121.63999938964844,123.81999969482422,121.37999725341797,123.77999877929688,119.58320617675781,2908400
2025-08-20,124.5,125.94999694824219,124.18000030517578,124.4800033569336,120.25947570800781,3455700
2025-08-21,124.31999969482422,124.91999816894531,123.94000244140625,124.13999938964844,119.93099975585938,2084700
2025-08-22,124.79000091552734,125.25,123.33000183105469,124.33999633789062,120.12420654296875,2182900
2025-08-25,123.94999694824219,124.22000122070312,122.87000274658203,123.11000061035156,118.93592071533203,2454300
2025-08-26,123.0,123.54000091552734,122.0999984741211,123.27999877929688,119.10015869140625,3102000
2025-08-27,123.61000061035156,123.8499984741211,122.76000213623047,123.68000030517578,119.4865951538086,2560800
2025-08-28,123.30000305175781,123.61000061035156,122.25,122.37000274658203,118.22100830078125,2496500
2025-08-29,122.4000015258789,123.19000244140625,122.11000061035156,122.48999786376953,118.3369369506836,2151200
2025-09-02,122.45999908447266,122.7699966430664,121.37000274658203,121.88999938964844,117.75728607177734,2449100
2025-09-03,121.30000305175781,121.88999938964844,120.62000274658203,121.5,117.38050842285156,2152100
2025-09-04,122.19999694824219,122.44999694824219,120.37999725341797,120.87000274658203,116.77186584472656,3069700
2025-09-05,121.30999755859375,121.4800033569336,120.04000091552734,120.61000061035156,116.52068328857422,1980700
2025-09-08,120.4000015258789,120.83000183105469,119.76000213623047,120.16999816894531,116.0956039428711,3069000
2025-09-09,120.25,121.02999877929688,119.9000015258789,120.37999725341797,116.29847717285156,2182800
2025-09-10,120.41000366210938,121.45999908447266,120.19999694824219,121.3499984741211,117.23558807373047,2104400
2025-09-11,121.36000061035156,122.2300033569336,120.97000122070312,122.11000061035156,117.96983337402344,2178000
2025-09-12,122.08000183105469,122.9000015258789,121.87000274658203,121.94999694824219,117.81524658203125,2136400
2025-09-15,121.6500015258789,122.6500015258789,121.62000274658203,122.37000274658203,118.22100830078125,2202600
2025-09-16,122.62999725341797,122.83000183105469,120.19999694824219,120.25,116.17288970947266,4158400
2025-09-17,120.73999786376953,121.5,120.2699966430664,121.0999984741211,116.99406433105469,2437700
2025-09-18,120.02999877929688,121.12000274658203,119.69000244140625,120.38999938964844,116.30813598632812,2541100
2025-09-19,120.76000213623047,121.6500015258789,120.0,121.08000183105469,116.97474670410156,4842000
2025-09-22,121.20999908447266,122.01000213623047,120.7300033569336,121.58000183105469,117.45779418945312,2062000
2025-09-23,121.45999908447266,123.23999786376953,120.97000122070312,123.0999984741211,118.92625427246094,2123700
2025-09-24,123.0,123.94999694824219,122.94999694824219,123.63999938964844,119.44795227050781,2173100
2025-09-25,124.11000061035156,124.30000305175781,122.2699966430664,122.31999969482422,118.1727066040039,2285600
2025-09-26,122.13999938964844,123.44999694824219,122.04000091552734,123.0199966430664,118.84896850585938,2644400
2025-09-29,123.05000305175781,123.08000183105469,121.31999969482422,122.80000305175781,118.63642883300781,4210000
2025-09-30,122.9800033569336,123.93000030517578,122.62000274658203,123.75,119.5542221069336,3719800
2025-10-01,123.55999755859375,123.81999969482422,122.31999969482422,122.38999938964844,118.24032592773438,2489200
2025-10-02,121.5,122.08000183105469,120.94000244140625,121.56999969482422,117.44812774658203,3098800
2025-10-03,122.11000061035156,123.83000183105469,122.0,123.54000091552734,119.3513412475586,2761900
2025-10-06,123.43000030517578,124.45999908447266,122.77999877929688,124.37999725341797,120.16285705566406,2289000
2025-10-07,124.8499984741211,125.94999694824219,124.33999633789062,125.55999755859375,121.30284881591797,2723300
2025-10-08,126.26000213623047,126.31999969482422,124.4000015258789,125.2300033569336,120.98405456542969,2423000
2025-10-09,125.9000015258789,126.08999633789062,124.61000061035156,124.70999908447266,120.4816665649414,1500800
2025-10-10,125.29000091552734,127.2699966430664,125.0199966430664,127.0199966430664,122.71334075927734,2955400
2025-10-13,126.20999908447266,126.94999694824219,125.69000244140625,126.08999633789062,121.81488037109375,2136200
2025-10-14,126.91000366210938,128.49000549316406,126.29000091552734,127.81999969482422,123.48622131347656,2712900
2025-10-15,128.17999267578125,128.99000549316406,127.06999969482422,128.6699981689453,124.30741119384766,3023200
2025-10-16,128.83999633789062,129.50999450683594,127.4000015258789,127.4000015258789,123.0804672241211,2785200
2025-10-17,128.1699981689453,128.64999389648438,127.12000274658203,128.52999877929688,124.17214965820312,3120800
2025-10-20,129.0,129.1999969482422,127.69000244140625,128.94000244140625,124.56824493408203,3759300
2025-10-21,129.5,129.5,127.26000213623047,128.3300018310547,123.97893524169922,2628800
2025-10-22,128.5500030517578,130.02999877929688,127.48999786376953,129.02999877929688,124.65519714355469,3143000
2025-10-23,129.86000061035156,129.86000061035156,127.16999816894531,127.26000213623047,122.9452133178711,2531000
2025-10-24,127.30000305175781,128.44000244140625,126.9800033569336,127.37000274658203,123.05148315429688,2175000
2025-10-27,127.0,127.58000183105469,126.26000213623047,127.48999786376953,123.16741943359375,2308300
2025-10-28,126.86000061035156,127.3499984741211,125.37999725341797,125.6500015258789,121.38980102539062,3159200
2025-10-29,125.6500015258789,126.06999969482422,123.81999969482422,124.29000091552734,120.0759048461914,3686400
2025-10-30,124.5199966430664,125.87999725341797,124.37999725341797,125.20999908447266,120.9647216796875,2666400
2025-10-31,124.33999633789062,124.93000030517578,123.75,124.30000305175781,120.0855712890625,2961900
2025-11-03,123.87000274658203,124.0,122.2699966430664,123.66999816894531,119.47693634033203,3365700
2025-11-04,124.33999633789062,124.51000213623047,123.48999786376953,123.83000183105469,119.63151550292969,3169800
2025-11-05,123.79000091552734,124.4800033569336,123.16999816894531,123.7699966430664,119.57353973388672,3822300
2025-11-06,123.5999984741211,124.86000061035156,123.4000015258789,124.0,119.79574584960938,4674700
2025-11-07,124.0999984741211,125.72000122070312,122.41000366210938,123.66000366210938,119.46728515625,5456800
2025-11-10,123.05000305175781,123.68000030517578,121.83999633789062,122.93000030517578,118.76202392578125,4442000
2025-11-11,123.12999725341797,124.22000122070312,122.30999755859375,123.66999816894531,119.47693634033203,3101600
2025-11-12,123.66000366210938,124.29000091552734,123.43000030517578,123.9000015258789,119.69912719726562,3238900
2025-11-13,123.76000213623047,124.58999633789062,123.0999984741211,123.58999633789062,119.39964294433594,3277900
2025-11-14,123.33000183105469,124.19999694824219,122.25,122.70999908447266,119.57992553710938,3878200
2025-11-17,123.33000183105469,125.20999908447266,122.86000061035156,125.18000030517578,121.98693084716797,3879900
2025-11-18,125.6500015258789,125.93000030517578,123.79000091552734,123.80000305175781,120.64212799072266,3774300
2025-11-19,123.87999725341797,123.87999725341797,121.44999694824219,122.2300033569336,119.11217498779297,3411000
2025-11-20,122.27999877929688,122.9800033569336,121.86000061035156,122.54000091552734,119.41426849365234,2639200
2025-11-21,122.94000244140625,123.38999938964844,121.91000366210938,122.80000305175781,119.66763305664062,4407000
2025-11-24,123.06999969482422,123.41000366210938,121.4000015258789,122.08999633789062,118.97574615478516,3442700
2025-11-25,122.26000213623047,122.9800033569336,121.58999633789062,121.93000030517578,118.81982421875,2835100
2025-11-26,122.41000366210938,123.5999984741211,121.94999694824219,123.43000030517578,120.28156280517578,3374400
2025-11-28,123.1500015258789,124.12999725341797,123.04000091552734,123.94000244140625,120.77854919433594,1439800
2025-12-01,123.20999908447266,123.45999908447266,120.66999816894531,120.75,117.669921875,4050600
2025-12-02,121.0999984741211,121.13999938964844,119.37000274658203,119.69000244140625,116.636962890625,3554400
2025-12-03,119.87000274658203,120.55999755859375,118.37000274658203,118.62000274658203,115.5942611694336,3328400
2025-12-04,118.37999725341797,119.44000244140625,117.83999633789062,117.97000122070312,114.9608383178711,3151000
2025-12-05,117.83999633789062,118.18000030517578,116.4000015258789,116.5199966430664,113.54781341552734,3983100
2025-12-08,116.19999694824219,116.41999816894531,114.12999725341797,115.22000122070312,112.2809829711914,5217200
2025-12-09,115.80000305175781,116.20999908447266,115.05000305175781,115.23999786376953,112.30047607421875,2929700
2025-12-10,115.27999877929688,115.4000015258789,113.9000015258789,114.0,111.09210205078125,3366400
2025-12-11,114.55999755859375,115.5,113.98999786376953,114.38999938964844,111.47215270996094,2992300
2025-12-12,114.5,115.3499984741211,114.4000015258789,115.30000305175781,112.35894012451172,2955700
2025-12-15,115.80999755859375,116.94999694824219,115.41000366210938,116.7300033569336,113.7524642944336,3797200
2025-12-16,116.9800033569336,117.22000122070312,115.23999786376953,115.58999633789062,112.64154815673828,3222300
2025-12-17,115.47000122070312,117.91000366210938,115.4000015258789,117.43000030517578,114.43460845947266,4436700
2025-12-18,117.33999633789062,117.80999755859375,116.6500015258789,117.55000305175781,114.55155944824219,4611000
2025-12-19,117.43000030517578,117.48999786376953,115.55000305175781,115.55999755859375,112.6123046875,6898600
2025-12-22,115.30000305175781,116.45999908447266,115.0,116.30000305175781,113.33343505859375,2477200
2025-12-23,116.37000274658203,117.19000244140625,116.12000274658203,116.79000091552734,113.8109359741211,3627800
2025-12-24,117.19000244140625,117.51000213623047,116.81999969482422,117.4800033569336,114.48333740234375,1060600
2025-12-26,117.16000366210938,117.80000305175781,116.7699966430664,117.18000030517578,114.19098663330078,1440300
2025-12-29,117.30000305175781,118.02999877929688,117.08000183105469,117.5199966430664,114.52230834960938,2489100
2025-12-30,117.58999633789062,117.94000244140625,117.25,117.68000030517578,114.67823791503906,1834800
2025-12-31,117.69999694824219,117.80999755859375,117.0999984741211,117.20999908447266,114.22021484375,1973900
2026-01-02,117.18000030517578,118.06999969482422,116.37999725341797,117.44000244140625,114.4443588256836,2619600
2026-01-05,117.0,117.0,115.0999984741211,116.80999755859375,113.83042907714844,4310300
2026-01-06,116.76000213623047,117.91000366210938,116.4000015258789,117.73999786376953,114.7366943359375,3303700
2026-01-07,118.12000274658203,118.30000305175781,115.94999694824219,116.19000244140625,113.22624206542969,3227800
2026-01-08,116.51000213623047,118.5999984741211,116.19000244140625,117.31999969482422,114.3274154663086,3214100
2026-01-09,117.38999938964844,118.26000213623047,116.76000213623047,116.80000305175781,113.82068634033203,2884800
2026-01-12,116.7699966430664,117.48999786376953,116.2699966430664,116.70999908447266,113.73297882080078,3007800
2026-01-13,116.4800033569336,117.55999755859375,115.9800033569336,117.38999938964844,114.3956298828125,3284100
2026-01-14,117.56999969482422,119.29000091552734,117.3499984741211,118.68000030517578,115.6527328491211,4554900
2026-01-15,118.62999725341797,119.41000366210938,118.44999694824219,118.9000015258789,115.86711120605469,3716400
2026-01-16,118.5,119.4000015258789,117.86000061035156,119.22000122070312,116.17894744873047,4499800
2026-01-20,119.06999969482422,119.6500015258789,118.0999984741211,119.55000305175781,116.50053405761719,4595000
2026-01-21,120.19000244140625,120.83999633789062,118.45999908447266,119.37000274658203,116.32513427734375,4751700
2026-01-22,119.1500015258789,119.51000213623047,117.62000274658203,117.70999908447266,114.70746612548828,3807200
2026-01-23,117.88999938964844,117.94000244140625,116.25,117.43000030517578,114.43460845947266,4491000
2026-01-26,118.16000366210938,119.69999694824219,118.01000213623047,118.77999877929688,115.75016784667969,3955600
2026-01-27,118.77999877929688,120.31999969482422,118.19999694824219,120.29000091552734,117.2216567993164,4812900
2026-01-28,120.19999694824219,121.0999984741211,119.5999984741211,120.23999786376953,117.17293548583984,4463400
2026-01-29,120.37999725341797,121.73999786376953,120.29000091552734,120.88999938964844,117.80635833740234,4298400
2026-01-30,120.72000122070312,121.43000030517578,120.0999984741211,121.3499984741211,118.2546157836914,5603000
2026-02-02,121.45999908447266,122.0,119.04000091552734,119.48999786376953,116.44206237792969,4273000
2026-02-03,119.4800033569336,121.9000015258789,119.4800033569336,121.66999816894531,118.56645965576172,4169300
2026-02-04,122.44000244140625,123.3499984741211,121.61000061035156,122.20999908447266,119.09268188476562,5679700
2026-02-05,123.02999877929688,124.05000305175781,122.43000030517578,123.41000366210938,120.26207733154297,4224100
2026-02-06,124.0,124.27999877929688,121.33999633789062,121.86000061035156,118.7516098022461,4412100
2026-02-09,121.48999786376953,122.05999755859375,120.77999877929688,121.72000122070312,118.61518859863281,4288500
2026-02-10,122.19999694824219,124.37000274658203,120.45999908447266,123.63999938964844,120.4862060546875,6608700
2026-02-11,124.2699966430664,125.4000015258789,122.91999816894531,125.19999694824219,122.00640869140625,5980300
2026-02-12,125.4000015258789,128.08999633789062,125.30999755859375,126.11000061035156,122.89320373535156,7095000
2026-02-13,125.11000061035156,128.25999450683594,124.9800033569336,128.1999969482422,125.99390411376953,5569400
2026-02-17,128.5,129.0,126.16999816894531,126.70999908447266,124.52955627441406,4252700
2026-02-18,126.9000015258789,126.9000015258789,124.77999877929688,125.23999786376953,123.08484649658203,4111700
2026-02-19,125.63999938964844,126.76000213623047,125.30000305175781,126.37000274658203,124.19540405273438,5483600
2026-02-20,127.18000030517578,127.30999755859375,125.08000183105469,126.77999877929688,124.59834289550781,5039300
2026-02-23,126.83000183105469,128.61000061035156,126.80999755859375,127.79000091552734,125.59097290039062,4891100
2026-02-24,127.86000061035156,128.57000732421875,126.5199966430664,128.4600067138672,126.24944305419922,4231900
2026-02-25,128.0800018310547,129.1699981689453,126.27999877929688,128.92999267578125,126.71134185791016,3853900
2026-02-26,129.27000427246094,129.8000030517578,128.24000549316406,129.22999572753906,127.00618743896484,3737800
2026-02-27,129.8699951171875,131.57000732421875,129.3000030517578,130.85000610351562,128.5983123779297,4691400
2026-03-02,131.0,132.1999969482422,130.5500030517578,131.6300048828125,129.36488342285156,5034200
2026-03-03,130.85000610351562,132.3000030517578,128.49000549316406,131.42999267578125,129.16831970214844,3579600
2026-03-04,131.5,132.66000366210938,130.55999755859375,131.8800048828125,129.610595703125,3702400
2026-03-05,131.00999450683594,131.72999572753906,129.52999877929688,131.61000061035156,129.34524536132812,4860500
2026-03-06,131.39999389648438,132.6300048828125,130.22999572753906,132.5,130.2199249267578,5041000
2026-03-09,131.86000061035156,132.47999572753906,130.5399932861328,131.0800018310547,128.82435607910156,7057200
2026-03-10,129.5,130.69000244140625,128.5500030517578,129.69000244140625,127.45828247070312,8176600
2026-03-11,129.5,130.5,129.16000366210938,130.02999877929688,127.79242706298828,4249500
2026-03-12,130.0,133.1999969482422,129.9600067138672,131.82000732421875,129.5516357421875,5842300
2026-03-13,132.49000549316406,134.1199951171875,132.49000549316406,133.14999389648438,130.8587188720703,4710200
2026-03-16,133.85000610351562,134.27000427246094,133.0500030517578,133.4600067138672,131.1634063720703,4974000
2026-03-17,134.27999877929688,134.49000549316406,132.7899932861328,132.9499969482422,130.66217041015625,3948800
2026-03-18,132.30999755859375,132.63999938964844,130.6999969482422,130.75,128.50003051757812,3454700
2026-03-19,130.75,131.41000366210938,128.8800048828125,129.74000549316406,127.5074234008789,5543100
2026-03-20,130.42999267578125,130.5399932861328,126.7699966430664,126.80999755859375,124.6278305053711,7644800
2026-03-23,127.91999816894531,128.1199951171875,126.94999694824219,127.33999633789062,125.1487045288086,4320600
2026-03-24,126.9800033569336,129.08999633789062,126.8499984741211,127.37999725341797,125.18801879882812,4423400
2026-03-25,128.1999969482422,129.0,127.18000030517578,128.16000366210938,125.95460510253906,3369100
2026-03-26,128.3300018310547,129.8800048828125,127.9000015258789,129.3800048828125,127.15361785888672,3182300
2026-03-27,129.5500030517578,131.2100067138672,129.02000427246094,129.99000549316406,127.75311279296875,4797600
2026-03-30,131.4499969482422,132.7100067138672,131.07000732421875,131.7100067138672,129.44351196289062,3968800
2026-03-31,132.66000366210938,132.66000366210938,129.75,130.94000244140625,128.686767578125,5376100
