Date,Open,High,Low,Close,Adj Close,Volume
2016-04-01,130.3800048828125,132.6199951171875,129.69000244140625,132.33999633789062,105.3375244140625,2060900
2016-04-04,132.2899932861328,133.07000732421875,131.52000427246094,131.69000244140625,104.82017517089844,1555300
2016-04-05,131.33999633789062,132.3300018310547,130.6199951171875,130.83999633789062,104.14360046386719,1488700
2016-04-06,129.7899932861328,131.85000610351562,129.5500030517578,131.72000122070312,105.45659637451172,1455200
2016-04-07,131.27999877929688,133.0,130.83999633789062,131.38999938964844,105.19237518310547,1419800
2016-04-08,132.4199981689453,133.8000030517578,132.2899932861328,132.91000366210938,106.40931701660156,1120800
2016-04-11,133.3800048828125,134.07000732421875,131.86000061035156,131.89999389648438,105.60067749023438,902200
2016-04-12,131.94000244140625,133.85000610351562,131.82000732421875,133.5500030517578,106.92170715332031,826900
2016-04-13,134.47999572753906,134.99000549316406,133.5,134.32000732421875,107.5382080078125,1387800
2016-04-14,134.1199951171875,134.44000244140625,132.89999389648438,133.57000732421875,106.93772888183594,1159900
2016-04-15,133.69000244140625,135.13999938964844,133.50999450683594,134.80999755859375,107.93046569824219,1158600
2016-04-18,134.6199951171875,136.50999450683594,134.33999633789062,136.2899932861328,109.1153793334961,1283500
2016-04-19,136.5500030517578,136.9499969482422,135.5800018310547,136.69000244140625,109.43560028076172,1567800
2016-04-20,136.74000549316406,139.0399932861328,136.60000610351562,136.7100067138672,109.45162963867188,1639000
2016-04-21,136.86000061035156,138.77000427246094,136.6999969482422,137.72000122070312,110.26024627685547,1492600
2016-04-22,138.02999877929688,138.42999267578125,136.44000244140625,137.89999389648438,110.40434265136719,1140100
2016-04-25,137.0500030517578,137.75,136.5,136.7899932861328,109.51568603515625,951500
2016-04-26,137.50999450683594,139.0,137.24000549316406,138.7100067138672,111.05284118652344,1468500
2016-04-27,139.0,144.14999389648438,138.60000610351562,143.61000061035156,114.97587585449219,2888100
2016-04-28,142.2100067138672,143.4499969482422,140.6699981689453,141.16000366210938,113.01438903808594,1783000
2016-04-29,140.10000610351562,140.8300018310547,139.0,140.52000427246094,112.50199890136719,1893500
2016-05-02,140.72000122070312,142.8000030517578,139.97000122070312,141.8300018310547,113.55079650878906,1529100
2016-05-03,141.13999938964844,142.82000732421875,140.07000732421875,142.33999633789062,113.95906829833984,1291700
2016-05-04,141.99000549316406,142.35000610351562,140.66000366210938,141.42999267578125,113.23054504394531,958200
2016-05-05,141.66000366210938,142.60000610351562,141.00999450683594,142.1999969482422,113.8470230102539,1429000
2016-05-06,141.99000549316406,143.6699981689453,141.72999572753906,143.44000244140625,114.83977508544922,1780800
2016-05-09,143.27999877929688,144.75999450683594,142.7100067138672,142.97000122070312,114.46348571777344,1400000
2016-05-10,143.74000549316406,145.8000030517578,143.60000610351562,145.7100067138672,116.65714263916016,1565000
2016-05-11,145.74000549316406,146.30999755859375,144.7100067138672,144.9600067138672,116.0566635131836,1383500
2016-05-12,144.74000549316406,145.97999572753906,144.2899932861328,145.30999755859375,116.33687591552734,1372100
2016-05-13,144.8699951171875,145.67999267578125,144.1699981689453,144.3699951171875,115.58429718017578,991200
2016-05-16,144.05999755859375,145.80999755859375,144.0,145.3699951171875,116.3849105834961,937300
2016-05-17,145.42999267578125,147.16000366210938,144.25999450683594,145.0,116.0887222290039,1557500
2016-05-18,144.30999755859375,145.9199981689453,143.41000366210938,144.30999755859375,115.53629302978516,1154400
2016-05-19,143.4600067138672,143.9600067138672,142.30999755859375,143.58999633789062,114.95983123779297,1236900
2016-05-20,144.47999572753906,144.94000244140625,143.72000122070312,144.6199951171875,115.78450012207031,1194500
2016-05-23,144.27999877929688,144.6300048828125,142.25,142.25,113.88704681396484,1632000
2016-05-24,142.75,143.36000061035156,142.72000122070312,142.9600067138672,114.45548248291016,1977800
2016-05-25,143.4499969482422,143.55999755859375,142.5500030517578,142.97000122070312,114.46348571777344,1349500
2016-05-26,142.9499969482422,143.27999877929688,142.47000122070312,142.8300018310547,114.35138702392578,951400
2016-05-27,142.8000030517578,143.42999267578125,142.7899932861328,143.1300048828125,114.59161376953125,761100
2016-05-31,143.5399932861328,143.91000366210938,141.5399932861328,141.8699951171875,113.5827865600586,1690900
2016-06-01,141.8699951171875,141.8699951171875,140.97000122070312,141.47000122070312,113.26256561279297,5111200
2016-06-02,140.9199981689453,141.47000122070312,139.99000549316406,140.1300048828125,112.18973541259766,2087000
2016-06-03,140.00999450683594,140.8699951171875,138.75999450683594,140.22999572753906,112.26980590820312,2602400
2016-06-06,140.52999877929688,141.25,140.0399932861328,140.33999633789062,112.35787200927734,979900
2016-06-07,140.75,141.80999755859375,140.55999755859375,141.05999755859375,112.93427276611328,1826600
2016-06-08,140.8699951171875,141.6699981689453,140.60000610351562,141.49000549316406,113.2785873413086,870500
2016-06-09,141.19000244140625,142.1300048828125,141.0,141.97999572753906,113.67089080810547,1347100
2016-06-10,141.1699981689453,142.08999633789062,141.02999877929688,141.52999877929688,113.3105697631836,1400800
2016-06-13,141.1999969482422,141.6199951171875,139.02999877929688,139.11000061035156,111.37312316894531,1390800
2016-06-14,138.99000549316406,139.4600067138672,138.3000030517578,139.42999267578125,111.62930297851562,1084100
2016-06-15,139.75,140.80999755859375,139.52999877929688,140.11000061035156,112.1737060546875,1462200
2016-06-16,139.5399932861328,140.64999389648438,138.42999267578125,139.75999450683594,111.89350891113281,946200
2016-06-17,139.89999389648438,140.08999633789062,138.0800018310547,138.99000549316406,111.27704620361328,1520400
2016-06-20,140.4199981689453,141.55999755859375,139.97000122070312,140.9199981689453,112.82221221923828,1897400
2016-06-21,141.22000122070312,141.5800018310547,139.41000366210938,139.41000366210938,111.61328887939453,1597100
2016-06-22,139.77999877929688,140.38999938964844,138.61000061035156,138.7899932861328,111.11689758300781,1359900
2016-06-23,140.14999389648438,140.14999389648438,138.8699951171875,139.77999877929688,111.90957641601562,1017900
2016-06-24,135.88999938964844,138.8800048828125,135.02999877929688,136.13999938964844,108.99528503417969,4483700
2016-06-27,135.0,135.4499969482422,132.67999267578125,133.05999755859375,106.52940368652344,2301500
2016-06-28,134.55999755859375,134.55999755859375,132.80999755859375,133.94000244140625,107.23394012451172,1912100
2016-06-29,134.74000549316406,135.8000030517578,133.25,135.6300048828125,109.20663452148438,1299900
2016-06-30,135.82000732421875,139.5399932861328,135.80999755859375,139.24000549316406,112.11334991455078,2677000
2016-07-01,139.52000427246094,141.5399932861328,139.5,141.33999633789062,113.8042221069336,3943000
2016-07-05,140.92999267578125,141.0,137.7899932861328,138.41000366210938,111.44503021240234,1948700
2016-07-06,138.13999938964844,140.02999877929688,136.7100067138672,139.88999938964844,112.63671875,1998700
2016-07-07,139.69000244140625,140.89999389648438,138.36000061035156,138.69000244140625,111.67049407958984,1439200
2016-07-08,139.55999755859375,140.8000030517578,139.10000610351562,140.47999572753906,113.11177062988281,2033900
2016-07-11,140.55999755859375,141.9499969482422,140.55999755859375,141.19000244140625,113.6834716796875,1331400
2016-07-12,142.10000610351562,142.69000244140625,141.44000244140625,141.5399932861328,113.96526336669922,1853700
2016-07-13,141.6999969482422,142.4199981689453,141.41000366210938,141.72999572753906,114.11822509765625,1100700
2016-07-14,142.80999755859375,143.1999969482422,142.0500030517578,142.55999755859375,114.78655242919922,1111800
2016-07-15,142.91000366210938,143.0,142.0399932861328,142.08999633789062,114.40811157226562,1447900
2016-07-18,142.0500030517578,142.2899932861328,140.9199981689453,141.0,113.53044891357422,1278000
2016-07-19,141.0,143.67999267578125,140.8699951171875,143.30999755859375,115.39041900634766,2450100
2016-07-20,143.7100067138672,144.69000244140625,143.4199981689453,144.5399932861328,116.38080596923828,1511700
2016-07-21,144.61000061035156,144.6199951171875,142.17999267578125,142.86000061035156,115.02808380126953,979900
2016-07-22,142.58999633789062,143.88999938964844,142.1300048828125,143.77000427246094,115.76081848144531,830000
2016-07-25,143.27999877929688,143.97000122070312,142.52999877929688,143.72000122070312,115.72056579589844,1141300
2016-07-26,143.99000549316406,144.61000061035156,143.49000549316406,144.50999450683594,116.3566665649414,1312400
2016-07-27,146.07000732421875,147.6699981689453,143.5800018310547,146.6300048828125,118.06362915039062,2743000
2016-07-28,146.5,147.49000549316406,145.0500030517578,147.10000610351562,118.44209289550781,2150500
2016-07-29,146.4600067138672,147.19000244140625,145.69000244140625,146.88999938964844,118.27299499511719,1591400
2016-08-01,147.14999389648438,149.3699951171875,146.92999267578125,149.08999633789062,120.04436492919922,2237800
2016-08-02,148.58999633789062,149.30999755859375,147.3699951171875,148.22000122070312,119.34387969970703,1711300
2016-08-03,148.17999267578125,148.44000244140625,147.19000244140625,147.80999755859375,119.01374816894531,1192500
2016-08-04,147.9600067138672,148.3800048828125,146.82000732421875,147.3699951171875,118.65948486328125,1398400
2016-08-05,147.57000732421875,149.00999450683594,147.4499969482422,148.88999938964844,119.88336944580078,1138100
2016-08-08,148.55999755859375,149.16000366210938,147.8000030517578,148.11000061035156,119.25527954101562,833900
2016-08-09,148.13999938964844,148.8699951171875,148.10000610351562,148.57000732421875,119.6256332397461,921300
2016-08-10,149.58999633789062,151.60000610351562,149.58999633789062,151.47000122070312,121.96072387695312,2667800
2016-08-11,151.3800048828125,151.75999450683594,150.5500030517578,151.3000030517578,121.8238296508789,2155800
2016-08-12,150.72999572753906,151.75,150.72999572753906,151.47000122070312,121.96072387695312,1045000
2016-08-15,151.42999267578125,153.8000030517578,151.3699951171875,153.39999389648438,123.5146713256836,2128700
2016-08-16,152.75,153.35000610351562,152.02000427246094,152.39999389648438,122.70953369140625,1206400
2016-08-17,152.5500030517578,153.08999633789062,151.77000427246094,152.97000122070312,123.16849517822266,1155700
2016-08-18,152.91000366210938,153.1999969482422,151.77000427246094,152.42999267578125,122.73368072509766,1514100
2016-08-19,151.94000244140625,152.57000732421875,151.33999633789062,152.3800048828125,122.69341278076172,1152200
2016-08-22,152.3699951171875,152.5800018310547,151.7899932861328,152.22000122070312,122.56455993652344,1086300
2016-08-23,153.0,153.0,151.64999389648438,152.14999389648438,122.50821685791016,1352000
2016-08-24,151.8300018310547,152.52999877929688,151.4199981689453,152.2899932861328,122.62096405029297,1039700
2016-08-25,152.2899932861328,153.00999450683594,151.80999755859375,152.67999267578125,122.93492889404297,908000
2016-08-26,152.92999267578125,153.19000244140625,150.9600067138672,151.5800018310547,122.04923248291016,1153800
2016-08-29,151.47999572753906,152.89999389648438,151.38999938964844,152.82000732421875,123.0477066040039,954400
2016-08-30,152.69000244140625,153.0,151.88999938964844,152.55999755859375,122.83831024169922,665000
2016-08-31,152.55999755859375,152.6999969482422,151.61000061035156,152.22000122070312,122.56455993652344,1053700
2016-09-01,152.6300048828125,153.14999389648438,151.5800018310547,152.83999633789062,123.06379699707031,597600
2016-09-02,153.1999969482422,153.92999267578125,152.99000549316406,153.80999755859375,123.84479522705078,1041900
2016-09-06,153.74000549316406,154.97999572753906,153.58999633789062,154.6300048828125,124.50508880615234,993000
2016-09-07,154.47999572753906,154.75,152.7899932861328,153.11000061035156,123.28117370605469,1053500
2016-09-08,152.8699951171875,152.8699951171875,151.35000610351562,152.39999389648438,122.70953369140625,1002500
2016-09-09,151.60000610351562,151.67999267578125,149.89999389648438,149.91000366210938,120.70464324951172,1195900
2016-09-12,149.13999938964844,152.22999572753906,149.13999938964844,151.80999755859375,122.23448181152344,1006200
2016-09-13,150.99000549316406,151.6300048828125,150.11000061035156,150.60000610351562,121.26022338867188,919500
2016-09-14,150.57000732421875,151.97000122070312,149.47999572753906,149.8300018310547,120.64024353027344,1427700
2016-09-15,150.14999389648438,152.24000549316406,149.85000610351562,152.16000366210938,122.51628112792969,1214500
2016-09-16,151.5500030517578,151.66000366210938,149.57000732421875,150.75,121.38097381591797,1869300
2016-09-19,151.67999267578125,152.8699951171875,151.60000610351562,152.1699981689453,122.5243148803711,886900
2016-09-20,152.41000366210938,152.88999938964844,151.47000122070312,151.86000061035156,122.27469635009766,726700
2016-09-21,152.0,153.19000244140625,151.67999267578125,153.10000610351562,123.27314758300781,800700
2016-09-22,153.8800048828125,154.8800048828125,153.47000122070312,154.86000061035156,124.69024658203125,1160500
2016-09-23,152.0399932861328,154.36000061035156,150.0,153.80999755859375,123.84479522705078,876800
2016-09-26,153.47000122070312,154.8800048828125,153.07000732421875,153.8699951171875,123.8931655883789,1252600
2016-09-27,153.72000122070312,155.6999969482422,153.5399932861328,155.27999877929688,125.02843475341797,1413000
2016-09-28,155.77000427246094,156.2100067138672,155.10000610351562,156.00999450683594,125.61621856689453,1082500
2016-09-29,155.16000366210938,156.97000122070312,154.82000732421875,155.61000061035156,125.29415893554688,1771300
2016-09-30,156.36000061035156,156.9499969482422,154.69000244140625,155.16000366210938,124.93182373046875,1856900
2016-10-03,154.5800018310547,155.64999389648438,154.2100067138672,154.7100067138672,124.56950378417969,1325200
2016-10-04,155.4600067138672,155.61000061035156,152.8699951171875,153.5500030517578,123.63546752929688,1413000
2016-10-05,153.38999938964844,154.47999572753906,153.27999877929688,153.72000122070312,124.38796997070312,1142200
2016-10-06,153.8000030517578,154.42999267578125,153.1300048828125,154.13999938964844,124.72785186767578,1685100
2016-10-07,151.8300018310547,153.22000122070312,150.25999450683594,152.9600067138672,123.77301025390625,2063600
2016-10-10,153.52999877929688,154.25999450683594,152.5800018310547,152.88999938964844,123.71638488769531,1247700
2016-10-11,152.05999755859375,152.36000061035156,149.0399932861328,149.60000610351562,121.05416870117188,1694000
2016-10-12,149.61000061035156,150.55999755859375,149.5500030517578,150.0,121.37785339355469,1151700
2016-10-13,149.49000549316406,151.4600067138672,149.49000549316406,151.00999450683594,122.19513702392578,950600
2016-10-14,152.7899932861328,152.7899932861328,151.30999755859375,151.33999633789062,122.462158203125,862600
2016-10-17,151.27999877929688,151.61000061035156,150.35000610351562,150.47999572753906,121.76619720458984,971600
2016-10-18,151.35000610351562,152.2899932861328,151.24000549316406,151.8800048828125,122.89911651611328,703800
2016-10-19,152.10000610351562,152.6999969482422,151.41000366210938,151.4199981689453,122.52692413330078,706700
2016-10-20,151.47999572753906,151.77999877929688,150.22999572753906,150.7100067138672,121.95236206054688,944100
2016-10-21,149.5800018310547,150.32000732421875,149.1300048828125,150.17999267578125,121.52346801757812,1245700
2016-10-24,151.1699981689453,152.17999267578125,151.0,151.44000244140625,122.5430908203125,905500
2016-10-25,151.2100067138672,153.0500030517578,151.2100067138672,152.58999633789062,123.47361755371094,1448700
2016-10-26,149.6699981689453,152.9499969482422,149.0500030517578,151.13999938964844,122.30030822753906,2787400
2016-10-27,151.5800018310547,151.67999267578125,149.10000610351562,150.1300048828125,121.48304748535156,1594000
2016-10-28,150.4600067138672,152.49000549316406,150.08999633789062,151.5,122.59163665771484,1500900
2016-10-31,152.02999877929688,152.2100067138672,150.72000122070312,150.74000549316406,121.97660064697266,1568000
2016-11-01,151.07000732421875,152.1199951171875,149.47999572753906,149.97999572753906,121.36162567138672,1529900
2016-11-02,149.69000244140625,151.1199951171875,149.55999755859375,149.6699981689453,121.11080932617188,1309400
2016-11-03,150.0,150.49000549316406,148.75999450683594,150.02999877929688,121.40214538574219,1461200
2016-11-04,150.02999877929688,151.10000610351562,149.6699981689453,149.80999755859375,121.22410583496094,1059600
2016-11-07,151.30999755859375,152.42999267578125,150.89999389648438,152.38999938964844,123.31178283691406,1425300
2016-11-08,152.25999450683594,154.3300018310547,152.05999755859375,153.77999877929688,124.43653106689453,1216900
2016-11-09,157.6699981689453,163.55999755859375,157.6699981689453,162.08999633789062,131.16085815429688,5323100
2016-11-10,162.47000122070312,166.82000732421875,162.47000122070312,166.50999450683594,134.73751831054688,3251800
2016-11-11,165.99000549316406,168.60000610351562,164.08999633789062,168.5500030517578,136.38824462890625,1725600
2016-11-14,169.86000061035156,171.19000244140625,168.55999755859375,170.19000244140625,137.71533203125,2589700
2016-11-15,169.97000122070312,170.82000732421875,166.3699951171875,168.02000427246094,135.9593963623047,2508500
2016-11-16,167.72000122070312,167.88999938964844,165.2899932861328,165.83999633789062,134.19534301757812,1611700
2016-11-17,165.82000732421875,166.91000366210938,165.22000122070312,165.6300048828125,134.025390625,1553300
2016-11-18,165.50999450683594,167.36000061035156,164.97000122070312,166.6199951171875,134.82647705078125,1596900
2016-11-21,166.9499969482422,168.6999969482422,166.80999755859375,168.42999267578125,136.29110717773438,1524000
2016-11-22,169.6999969482422,170.3800048828125,168.4199981689453,170.17999267578125,137.7072296142578,1446400
2016-11-23,170.39999389648438,171.19000244140625,169.8699951171875,170.5500030517578,138.00660705566406,1432500
2016-11-25,170.77999877929688,172.22999572753906,170.4600067138672,172.0800018310547,139.2446746826172,627000
2016-11-28,172.24000549316406,173.5500030517578,172.0,172.6699981689453,139.72213745117188,1835400
2016-11-29,172.97000122070312,175.6999969482422,172.97000122070312,175.1300048828125,141.71266174316406,1640300
2016-11-30,175.4199981689453,176.4499969482422,174.6999969482422,175.35000610351562,141.89068603515625,2326600
2016-12-01,175.80999755859375,177.38999938964844,175.58999633789062,176.39999389648438,142.74038696289062,1691600
2016-12-02,176.5,178.72999572753906,176.3000030517578,178.6699981689453,144.57716369628906,1716000
2016-12-05,179.8000030517578,180.08999633789062,178.25,178.52000427246094,144.45578002929688,1744600
2016-12-06,177.58999633789062,178.77000427246094,176.33999633789062,178.08999633789062,144.1078643798828,1923500
2016-12-07,178.10000610351562,178.47000122070312,176.6699981689453,178.42999267578125,144.38296508789062,1941800
2016-12-08,178.0800018310547,178.1300048828125,173.44000244140625,173.6699981689453,140.53125,2366100
2016-12-09,173.42999267578125,175.63999938964844,173.27999877929688,175.38999938964844,141.9230499267578,1495400
2016-12-12,172.22000122070312,174.1300048828125,168.0,173.74000549316406,140.58792114257812,2961300
2016-12-13,174.61000061035156,176.27999877929688,173.52999877929688,174.30999755859375,141.04913330078125,1462800
2016-12-14,174.49000549316406,175.5,173.50999450683594,173.74000549316406,140.58792114257812,1721100
2016-12-15,173.33999633789062,175.86000061035156,173.33999633789062,174.1199951171875,140.89541625976562,1193700
2016-12-16,174.47000122070312,176.39999389648438,173.86000061035156,174.41000366210938,141.1300506591797,3017400
2016-12-19,175.0,175.75,173.61000061035156,174.6300048828125,141.3080596923828,1358800
2016-12-20,174.9600067138672,176.07000732421875,174.11000061035156,175.25999450683594,141.81787109375,1185600
2016-12-21,175.60000610351562,175.9199981689453,174.02000427246094,174.10000610351562,140.87925720214844,944400
2016-12-22,174.55999755859375,175.08999633789062,173.8800048828125,174.52999877929688,141.2271728515625,904700
2016-12-23,173.88999938964844,175.4600067138672,173.8300018310547,175.25,141.8097686767578,685100
2016-12-27,175.9499969482422,176.36000061035156,173.97000122070312,174.5800018310547,141.2676239013672,999300
2016-12-28,174.6999969482422,175.30999755859375,172.94000244140625,173.0500030517578,140.02957153320312,1182500
2016-12-29,173.5500030517578,174.07000732421875,172.35000610351562,173.2100067138672,140.1590576171875,967800
2016-12-30,173.75,174.27000427246094,171.64999389648438,172.66000366210938,139.71401977539062,1192200
2017-01-03,174.38999938964844,176.72000122070312,174.25999450683594,175.4499969482422,141.9716339111328,1321800
2017-01-04,176.13999938964844,176.25999450683594,174.2100067138672,175.5399932861328,142.04440307617188,1238500
2017-01-05,175.77999877929688,178.36000061035156,175.10000610351562,176.13999938964844,142.52993774414062,1279700
2017-01-06,176.0,177.77000427246094,175.74000549316406,177.4600067138672,143.59803771972656,998600
2017-01-09,176.60000610351562,177.5,175.7100067138672,176.07000732421875,142.47332763671875,1072100
2017-01-10,176.77000427246094,177.89999389648438,175.75,176.36000061035156,142.70794677734375,1094600
2017-01-11,176.3300018310547,177.11000061035156,175.27000427246094,177.07000732421875,143.282470703125,1425700
2017-01-12,177.22999572753906,177.22999572753906,173.60000610351562,176.52000427246094,142.83743286132812,1275700
2017-01-13,176.77000427246094,178.0800018310547,176.41000366210938,177.88999938964844,143.94601440429688,952900
2017-01-17,177.0,177.99000549316406,174.97000122070312,175.97000122070312,142.39244079589844,1202200
2017-01-18,175.1699981689453,176.08999633789062,174.3000030517578,175.99000549316406,143.02630615234375,949900
2017-01-19,177.0,178.36000061035156,175.89999389648438,177.80999755859375,144.50538635253906,1523600
2017-01-20,178.30999755859375,178.9199981689453,176.85000610351562,178.27999877929688,144.88734436035156,1755400
2017-01-23,178.52000427246094,179.19000244140625,176.10000610351562,177.22999572753906,144.03402709960938,1265500
2017-01-24,176.33999633789062,178.4199981689453,175.85000610351562,177.25,144.05029296875,1213800
2017-01-25,176.4199981689453,177.1999969482422,172.42999267578125,175.32000732421875,142.4818115234375,2656100
2017-01-26,175.5,177.6199951171875,175.25,177.3000030517578,144.0909881591797,1844700
2017-01-27,176.30999755859375,187.3699951171875,175.6999969482422,185.13999938964844,150.4624481201172,4340200
2017-01-30,185.22999572753906,186.30999755859375,180.67999267578125,182.47000122070312,148.29251098632812,2802800
2017-01-31,181.13999938964844,181.47000122070312,178.89999389648438,181.0800018310547,147.16287231445312,2235800
2017-02-01,181.30999755859375,182.44000244140625,180.14999389648438,181.02999877929688,147.12229919433594,1244300
2017-02-02,180.75,181.30999755859375,179.11000061035156,180.36000061035156,146.5778045654297,1129600
2017-02-03,180.02999877929688,183.25,180.02000427246094,183.1199951171875,148.82081604003906,1544700
2017-02-06,183.39999389648438,184.61000061035156,182.6699981689453,183.0399932861328,148.75576782226562,1106800
2017-02-07,183.91000366210938,185.0,183.10000610351562,183.2100067138672,148.8939666748047,1532600
2017-02-08,182.89999389648438,183.94000244140625,181.94000244140625,183.13999938964844,148.83705139160156,1249600
2017-02-09,183.67999267578125,183.83999633789062,182.4199981689453,182.58999633789062,148.39007568359375,1310500
2017-02-10,182.83999633789062,184.66000366210938,182.16000366210938,184.39999389648438,149.86105346679688,1414100
2017-02-13,184.64999389648438,187.5,184.64999389648438,186.60000610351562,151.64895629882812,1272300
2017-02-14,187.0500030517578,187.47999572753906,184.61000061035156,187.22999572753906,152.16099548339844,1391200
2017-02-15,186.75999450683594,188.3000030517578,186.24000549316406,187.99000549316406,152.77862548828125,998600
2017-02-16,188.0500030517578,188.75999450683594,186.42999267578125,188.74000549316406,153.38815307617188,1153500
2017-02-17,188.60000610351562,189.10000610351562,187.39999389648438,189.05999755859375,153.6482696533203,1163300
2017-02-21,189.02000427246094,189.94000244140625,188.60000610351562,189.58999633789062,154.07894897460938,1102800
2017-02-22,189.5800018310547,189.97999572753906,188.74000549316406,189.88999938964844,154.3227996826172,765700
2017-02-23,189.8699951171875,190.58999633789062,187.52999877929688,188.3000030517578,153.03054809570312,1157700
2017-02-24,187.89999389648438,189.7100067138672,187.00999450683594,189.6300048828125,154.11146545410156,1147500
2017-02-27,189.64999389648438,190.88999938964844,188.27000427246094,190.39999389648438,154.7372283935547,1605000
2017-02-28,190.19000244140625,191.30999755859375,189.3000030517578,189.80999755859375,154.25778198242188,1874400
2017-03-01,190.5,193.1699981689453,190.24000549316406,192.41000366210938,156.37075805664062,2088600
2017-03-02,192.1999969482422,192.64999389648438,190.6699981689453,191.0500030517578,155.2655487060547,1064900
2017-03-03,190.99000549316406,191.0500030517578,188.74000549316406,189.64999389648438,154.1277313232422,1501800
2017-03-06,189.27999877929688,191.30999755859375,189.00999450683594,190.94000244140625,155.1761016845703,1126100
2017-03-07,190.89999389648438,192.1999969482422,190.42999267578125,191.47000122070312,155.6068115234375,926600
2017-03-08,191.32000732421875,191.38999938964844,190.0800018310547,190.3800048828125,154.72105407714844,925800
2017-03-09,190.52999877929688,191.3300018310547,189.8300018310547,190.33999633789062,154.68846130371094,843200
2017-03-10,191.85000610351562,191.85000610351562,189.6199951171875,190.83999633789062,155.0948028564453,835600
2017-03-13,190.8300018310547,191.67999267578125,190.6199951171875,191.55999755859375,155.67994689941406,853000
2017-03-14,190.8300018310547,191.0,189.3300018310547,189.75,154.208984375,1055100
2017-03-15,190.0800018310547,192.0,189.75,191.66000366210938,155.76123046875,985900
2017-03-16,191.97000122070312,192.17999267578125,189.9199981689453,190.64999389648438,154.9403839111328,1082600
2017-03-17,191.30999755859375,194.0,190.89999389648438,193.27000427246094,157.06967163085938,1824500
2017-03-20,193.1999969482422,193.64999389648438,191.77000427246094,191.97999572753906,156.0213165283203,930500
2017-03-21,192.35000610351562,193.16000366210938,188.25,188.69000244140625,153.34754943847656,1266500
2017-03-22,188.8800048828125,190.1300048828125,187.9499969482422,189.60000610351562,154.0870819091797,835900
2017-03-23,189.5399932861328,190.61000061035156,189.00999450683594,189.55999755859375,154.05458068847656,794500
2017-03-24,189.5399932861328,189.89999389648438,186.35000610351562,187.52000427246094,152.39663696289062,1498600
2017-03-27,184.88999938964844,186.17999267578125,183.72000122070312,185.49000549316406,150.74691772460938,1930600
2017-03-28,185.0,189.4499969482422,184.8800048828125,188.44000244140625,153.14437866210938,1231000
2017-03-29,188.0,188.9199981689453,187.1999969482422,188.2899932861328,153.02244567871094,869700
2017-03-30,188.44000244140625,189.3000030517578,188.1999969482422,188.77999877929688,153.42068481445312,926000
2017-03-31,188.38999938964844,188.55999755859375,186.4199981689453,187.1999969482422,152.13662719726562,2063800
2017-04-03,187.47999572753906,188.1999969482422,186.25999450683594,187.74000549316406,152.57550048828125,1259500
2017-04-04,187.74000549316406,188.3300018310547,186.33999633789062,187.72000122070312,152.55923461914062,1073600
2017-04-05,187.6199951171875,189.32000732421875,185.72999572753906,185.85000610351562,151.71839904785156,932000
2017-04-06,185.8699951171875,187.1300048828125,185.85000610351562,186.3000030517578,152.08572387695312,745700
2017-04-07,188.8000030517578,189.4199981689453,186.60000610351562,188.0399932861328,153.50613403320312,1189400
2017-04-10,188.08999633789062,188.85000610351562,187.25999450683594,187.66000366210938,153.19598388671875,911100
2017-04-11,187.44000244140625,188.94000244140625,186.6699981689453,188.3800048828125,153.7837371826172,810600
2017-04-12,188.42999267578125,188.6999969482422,186.1300048828125,186.33999633789062,152.118408203125,1121000
2017-04-13,186.0399932861328,188.00999450683594,185.63999938964844,186.72999572753906,152.436767578125,1173300
2017-04-17,187.17999267578125,188.97000122070312,186.8699951171875,188.88999938964844,154.20004272460938,843900
2017-04-18,188.3000030517578,189.60000610351562,187.07000732421875,187.3800048828125,152.9674072265625,1199400
2017-04-19,187.83999633789062,188.24000549316406,187.02999877929688,187.75,153.26943969726562,1239800
2017-04-20,188.02000427246094,189.0399932861328,187.3800048828125,188.1300048828125,153.5796661376953,984000
2017-04-21,188.83999633789062,189.89999389648438,188.1999969482422,188.94000244140625,154.2408905029297,1153300
2017-04-24,191.3800048828125,192.49000549316406,190.41000366210938,191.91000366210938,156.6654052734375,1561400
2017-04-25,190.8699951171875,193.47999572753906,190.69000244140625,193.24000549316406,157.75119018554688,1819800
2017-04-26,194.6699981689453,196.97000122070312,193.74000549316406,194.85000610351562,159.06552124023438,1958000
2017-04-27,195.47999572753906,196.6199951171875,193.9499969482422,195.02999877929688,159.21240234375,976500
2017-04-28,195.0399932861328,195.27999877929688,193.42999267578125,193.7899932861328,158.20016479492188,1195400
2017-05-01,194.24000549316406,195.0,193.14999389648438,193.14999389648438,157.6776885986328,1004500
2017-05-02,193.89999389648438,194.07000732421875,193.0,194.07000732421875,158.42877197265625,941500
2017-05-03,193.8699951171875,194.5,192.88999938964844,194.17999267578125,158.5185546875,773500
2017-05-04,194.27999877929688,195.1300048828125,193.3800048828125,194.5500030517578,158.82064819335938,1101800
2017-05-05,194.75,195.99000549316406,194.27000427246094,195.97000122070312,159.97979736328125,703200
2017-05-08,195.58999633789062,196.5,195.1300048828125,196.3300018310547,160.27371215820312,893600
2017-05-09,196.49000549316406,197.0,196.07000732421875,196.58999633789062,160.48599243164062,749300
2017-05-10,195.05999755859375,195.88999938964844,193.35000610351562,194.38999938964844,158.6899871826172,1365500
2017-05-11,194.25999450683594,195.42999267578125,193.1699981689453,194.97999572753906,159.1716766357422,905600
2017-05-12,194.36000061035156,195.63999938964844,194.1699981689453,195.58999633789062,159.66957092285156,674900
2017-05-15,195.47999572753906,196.02999877929688,194.8800048828125,195.17999267578125,159.33489990234375,906000
2017-05-16,195.07000732421875,196.19000244140625,194.80999755859375,195.2899932861328,159.42471313476562,790000
2017-05-17,195.2899932861328,195.2899932861328,191.61000061035156,192.00999450683594,156.74705505371094,1379000
2017-05-18,191.7899932861328,193.50999450683594,190.30999755859375,192.63999938964844,157.26145935058594,1256200
2017-05-19,193.2100067138672,196.5,192.9600067138672,195.8699951171875,159.89816284179688,1070000
2017-05-22,197.47999572753906,199.0,196.3000030517578,197.75,161.4329071044922,1453400
2017-05-23,198.22000122070312,199.3699951171875,197.0399932861328,199.32000732421875,162.71461486816406,1018900
2017-05-24,199.60000610351562,200.61000061035156,199.0800018310547,199.97999572753906,163.2533416748047,679100
2017-05-25,200.50999450683594,201.89999389648438,200.19000244140625,201.08999633789062,164.15951538085938,1122100
2017-05-26,201.08999633789062,202.5800018310547,200.85000610351562,202.24000549316406,165.0983123779297,751100
2017-05-30,202.19000244140625,202.64999389648438,200.9499969482422,202.00999450683594,164.91055297851562,921100
2017-05-31,202.3699951171875,203.27999877929688,201.5800018310547,203.25,165.92282104492188,1488800
2017-06-01,203.16000366210938,203.47000122070312,201.8800048828125,202.52000427246094,165.326904296875,1293500
2017-06-02,202.6999969482422,205.07000732421875,202.5800018310547,203.6999969482422,166.29017639160156,917400
2017-06-05,203.3699951171875,203.47999572753906,201.33999633789062,201.47000122070312,164.46974182128906,902000
2017-06-06,200.92999267578125,201.24000549316406,198.3000030517578,198.44000244140625,161.99618530273438,1192700
2017-06-07,198.85000610351562,199.02000427246094,197.72999572753906,198.8699951171875,162.34722900390625,938600
2017-06-08,198.8699951171875,199.8300018310547,197.58999633789062,199.63999938964844,162.97581481933594,996500
2017-06-09,199.63999938964844,200.74000549316406,198.44000244140625,199.47000122070312,162.83705139160156,1056500
2017-06-12,199.47000122070312,200.05999755859375,197.02999877929688,198.39999389648438,161.9635467529297,1858300
2017-06-13,198.39999389648438,200.92999267578125,198.1199951171875,200.5500030517578,163.7187042236328,1263500
2017-06-14,200.5500030517578,202.4499969482422,200.35000610351562,201.27999877929688,164.31460571289062,934600
2017-06-15,199.77000427246094,202.27000427246094,199.24000549316406,202.02999877929688,164.92689514160156,827500
2017-06-16,202.3699951171875,203.3000030517578,201.66000366210938,202.6699981689453,165.44935607910156,1391500
2017-06-19,203.41000366210938,204.74000549316406,203.0,204.52000427246094,166.9595947265625,1066100
2017-06-20,203.75999450683594,205.1699981689453,203.75999450683594,203.86000061035156,166.42079162597656,838400
2017-06-21,204.39999389648438,204.8800048828125,203.5,203.88999938964844,166.44528198242188,669700
2017-06-22,203.7899932861328,203.97999572753906,201.19000244140625,201.25999450683594,164.29833984375,907800
2017-06-23,201.22999572753906,202.4199981689453,200.80999755859375,201.32000732421875,164.34732055664062,1203300
2017-06-26,201.77000427246094,202.3300018310547,200.1300048828125,200.1999969482422,163.43292236328125,676900
2017-06-27,200.11000061035156,200.36000061035156,198.8300018310547,198.83999633789062,162.32273864746094,713800
2017-06-28,199.82000732421875,201.4199981689453,199.3300018310547,200.8300018310547,163.94728088378906,787100
2017-06-29,200.99000549316406,201.07000732421875,196.1300048828125,196.9600067138672,160.78802490234375,1423000
2017-06-30,197.75,199.2100067138672,196.25999450683594,198.10000610351562,161.7187042236328,944700
2017-07-03,199.4199981689453,200.5500030517578,198.13999938964844,199.66000366210938,162.9921417236328,750600
2017-07-05,199.02999877929688,201.2100067138672,198.9499969482422,200.74000549316406,164.566162109375,1152300
2017-07-06,200.6999969482422,201.07000732421875,198.7899932861328,199.02000427246094,163.15609741210938,799700
2017-07-07,199.5,202.17999267578125,199.1199951171875,201.25999450683594,164.99246215820312,1300600
2017-07-10,201.22000122070312,202.24000549316406,200.2100067138672,201.07000732421875,164.83668518066406,1028600
2017-07-11,200.8000030517578,201.00999450683594,198.75,199.91000366210938,163.8857421875,1139400
2017-07-12,201.32000732421875,202.47000122070312,199.8699951171875,201.11000061035156,164.8694610595703,1404100
2017-07-13,201.19000244140625,201.47000122070312,199.97000122070312,200.14999389648438,164.0824737548828,778900
2017-07-14,200.27999877929688,201.67999267578125,200.05999755859375,201.14999389648438,164.90223693847656,1032700
2017-07-17,201.0800018310547,201.4199981689453,199.5,200.13999938964844,164.07427978515625,1150800
2017-07-18,200.25,201.6699981689453,199.27999877929688,201.4199981689453,165.12364196777344,1128900
2017-07-19,202.0,202.4600067138672,201.25,202.33999633789062,165.87786865234375,739800
2017-07-20,202.50999450683594,203.19000244140625,202.0,202.39999389648438,165.92701721191406,1064400
2017-07-21,202.11000061035156,204.5500030517578,201.8300018310547,204.5500030517578,167.68960571289062,992900
2017-07-24,204.5500030517578,205.50999450683594,204.1300048828125,204.92999267578125,168.00111389160156,1073400
2017-07-25,205.66000366210938,205.89999389648438,202.91000366210938,203.55999755859375,166.87799072265625,1209100
2017-07-26,199.10000610351562,199.3699951171875,193.57000732421875,194.66000366210938,159.581787109375,4079700
2017-07-27,195.72999572753906,195.92999267578125,192.83999633789062,193.83999633789062,158.90953063964844,2265700
2017-07-28,194.0500030517578,198.07000732421875,194.0399932861328,197.94000244140625,162.27072143554688,1785800
2017-07-31,198.5800018310547,198.58999633789062,196.0800018310547,196.3300018310547,160.95082092285156,1470400
2017-08-01,196.9600067138672,196.97999572753906,193.89999389648438,196.52999877929688,161.11480712890625,1403100
2017-08-02,196.52999877929688,198.17999267578125,196.0800018310547,198.0399932861328,162.35267639160156,980900
2017-08-03,198.3000030517578,199.39999389648438,197.3300018310547,199.3300018310547,163.41026306152344,1070700
2017-08-04,199.52000427246094,200.07000732421875,198.47000122070312,200.07000732421875,164.0168914794922,1247100
2017-08-07,200.33999633789062,201.5500030517578,199.42999267578125,201.13999938964844,164.89405822753906,1482100
2017-08-08,199.24000549316406,200.92999267578125,198.22000122070312,198.8000030517578,162.97572326660156,1352600
2017-08-09,199.2899932861328,201.9199981689453,198.25,201.0,164.7793426513672,1353900
2017-08-10,200.6699981689453,200.99000549316406,198.0399932861328,198.27999877929688,162.5494384765625,1122800
2017-08-11,198.52000427246094,199.86000061035156,197.8000030517578,197.88999938964844,162.229736328125,1105900
2017-08-14,199.1699981689453,200.5,198.49000549316406,200.3000030517578,164.20542907714844,1192200
2017-08-15,200.55999755859375,200.55999755859375,198.88999938964844,199.49000549316406,163.5414581298828,1017900
2017-08-16,200.0,201.3300018310547,199.6300048828125,200.61000061035156,164.45960998535156,876400
2017-08-17,199.36000061035156,200.10000610351562,197.88999938964844,197.99000549316406,162.3117218017578,1020500
2017-08-18,198.3800048828125,199.8000030517578,196.77000427246094,198.72999572753906,162.91835021972656,1581700
2017-08-21,198.74000549316406,199.02999877929688,196.88999938964844,198.72999572753906,162.91835021972656,1202000
2017-08-22,199.4499969482422,201.5800018310547,198.99000549316406,201.22999572753906,164.9678497314453,877500
2017-08-23,200.6999969482422,201.1699981689453,199.39999389648438,199.75,163.75453186035156,831300
2017-08-24,200.22000122070312,200.27000427246094,198.75,199.47000122070312,163.52499389648438,723500
2017-08-25,200.32000732421875,200.75999450683594,198.94000244140625,199.0500030517578,163.1807098388672,651500
2017-08-28,199.91000366210938,199.91000366210938,197.6999969482422,197.8699951171875,162.21334838867188,808600
2017-08-29,198.27000427246094,201.02000427246094,198.25,200.9499969482422,164.73834228515625,984900
2017-08-30,200.9499969482422,201.25999450683594,200.07000732421875,201.22000122070312,164.95962524414062,893600
2017-08-31,201.74000549316406,202.27000427246094,201.16000366210938,201.35000610351562,165.0662078857422,842700
2017-09-01,201.77000427246094,201.8699951171875,199.97999572753906,200.0,163.95950317382812,734700
2017-09-05,200.91000366210938,200.91000366210938,198.13999938964844,198.72999572753906,162.91835021972656,1114100
2017-09-06,199.5500030517578,199.5800018310547,196.64999389648438,196.74000549316406,161.28697204589844,997800
2017-09-07,197.0,197.75,195.6999969482422,197.0399932861328,161.5329132080078,977100
2017-09-08,196.52000427246094,198.39999389648438,196.0,197.8699951171875,162.21334838867188,614000
2017-09-11,198.6199951171875,200.5,198.57000732421875,200.3300018310547,164.23001098632812,1048900
2017-09-12,199.88999938964844,200.30999755859375,198.57000732421875,199.0,163.13967895507812,749300
2017-09-13,198.3000030517578,198.5,196.8000030517578,196.85000610351562,161.37713623046875,852600
2017-09-14,196.6300048828125,197.80999755859375,196.4499969482422,197.6300048828125,162.01658630371094,920000
2017-09-15,198.10000610351562,198.72000122070312,197.60000610351562,198.27000427246094,162.54127502441406,2095600
2017-09-18,199.0,202.35000610351562,198.86000061035156,202.17999267578125,165.74668884277344,1313000
2017-09-19,201.91000366210938,203.94000244140625,201.25999450683594,203.1199951171875,166.5172576904297,784100
2017-09-20,202.77999877929688,205.2899932861328,202.6999969482422,204.27000427246094,167.46006774902344,1308300
2017-09-21,204.55999755859375,206.57000732421875,204.0,205.72000122070312,168.6487579345703,860000
2017-09-22,206.08999633789062,206.50999450683594,204.6300048828125,205.41000366210938,168.39456176757812,1040800
2017-09-25,205.5,205.5,203.22000122070312,204.8699951171875,167.95193481445312,1202800
2017-09-26,205.0500030517578,206.2100067138672,204.72999572753906,205.3300018310547,168.3290252685547,705300
2017-09-27,205.77000427246094,207.60000610351562,205.35000610351562,206.8000030517578,169.5341339111328,903700
2017-09-28,205.8699951171875,206.05999755859375,204.41000366210938,205.02999877929688,168.08306884765625,638900
2017-09-29,204.8300018310547,205.7100067138672,204.02000427246094,205.5800018310547,168.53396606445312,732200
2017-10-02,205.5800018310547,208.75999450683594,205.5800018310547,208.72000122070312,171.10812377929688,721900
2017-10-03,208.72000122070312,210.94000244140625,208.4199981689453,210.52999877929688,172.5919647216797,907100
2017-10-04,210.0500030517578,211.63999938964844,209.9199981689453,211.3000030517578,173.2231903076172,843000
2017-10-05,210.75999450683594,214.11000061035156,210.6199951171875,213.4499969482422,175.6842041015625,1215200
2017-10-06,212.86000061035156,213.2899932861328,211.72999572753906,212.60000610351562,174.98460388183594,941900
2017-10-09,213.02000427246094,213.58999633789062,212.24000549316406,213.52999877929688,175.75006103515625,671600
2017-10-10,214.0,214.0800018310547,212.00999450683594,212.5500030517578,174.9434356689453,642500
2017-10-11,212.94000244140625,213.10000610351562,212.22999572753906,212.8300018310547,175.17385864257812,704900
2017-10-12,212.47999572753906,213.97999572753906,212.47999572753906,213.72000122070312,175.90640258789062,727200
2017-10-13,214.5,214.80999755859375,213.27999877929688,213.33999633789062,175.59368896484375,782700
2017-10-16,213.5,214.5500030517578,212.55999755859375,213.44000244140625,175.67599487304688,748000
2017-10-17,212.75,213.3300018310547,210.9499969482422,211.5399932861328,174.1121063232422,770000
2017-10-18,211.3000030517578,212.0,209.86000061035156,210.38999938964844,173.1655731201172,945600
2017-10-19,210.3000030517578,211.9499969482422,209.7100067138672,211.63999938964844,174.19439697265625,674500
2017-10-20,212.58999633789062,214.02000427246094,211.72999572753906,213.86000061035156,176.0216064453125,898900
2017-10-23,213.86000061035156,214.1699981689453,212.47000122070312,212.50999450683594,174.9105224609375,837300
2017-10-24,212.50999450683594,214.80999755859375,211.86000061035156,212.0800018310547,174.55661010742188,1350900
2017-10-25,208.1999969482422,211.25,206.00999450683594,207.25,170.58116149902344,2000800
2017-10-26,208.17999267578125,208.5,202.02999877929688,203.91000366210938,167.8321533203125,1474200
2017-10-27,204.5,205.67999267578125,204.10000610351562,204.99000549316406,168.72103881835938,1255100
2017-10-30,204.82000732421875,206.92999267578125,204.82000732421875,206.1699981689453,169.69227600097656,1259700
2017-10-31,206.36000061035156,206.36000061035156,202.92999267578125,202.97999572753906,167.06663513183594,995800
2017-11-01,203.57000732421875,204.2100067138672,200.5399932861328,201.6199951171875,165.947265625,1735300
2017-11-02,201.72999572753906,204.17999267578125,201.30999755859375,203.82000732421875,167.75804138183594,1079300
2017-11-03,204.32000732421875,205.5,203.25,204.05999755859375,167.95555114746094,995300
2017-11-06,204.0,204.02000427246094,202.33999633789062,202.3699951171875,166.5645751953125,739900
2017-11-07,202.3699951171875,203.86000061035156,202.2100067138672,203.75999450683594,167.7086181640625,918000
2017-11-08,203.88999938964844,203.9600067138672,202.5,202.6199951171875,166.77035522460938,841200
2017-11-09,202.1699981689453,202.3800048828125,198.60000610351562,198.8699951171875,163.68382263183594,1363700
2017-11-10,198.85000610351562,201.8699951171875,198.0800018310547,199.77000427246094,164.4246063232422,929800
2017-11-13,199.1300048828125,201.75,199.02000427246094,200.1300048828125,164.72091674804688,912200
2017-11-14,199.25,201.0500030517578,199.00999450683594,200.22000122070312,164.7949676513672,813600
2017-11-15,199.4499969482422,201.64999389648438,198.85000610351562,198.99000549316406,163.78265380859375,1069100
2017-11-16,199.49000549316406,200.1699981689453,198.6699981689453,199.22000122070312,163.97190856933594,1103800
2017-11-17,198.25999450683594,199.55999755859375,197.75,197.77000427246094,162.77847290039062,762500
2017-11-20,198.00999450683594,199.39999389648438,197.7100067138672,198.74000549316406,163.5768280029297,1283900
2017-11-21,198.72000122070312,200.33999633789062,197.8800048828125,200.10000610351562,164.69622802734375,1190800
2017-11-22,199.82000732421875,200.64999389648438,199.22000122070312,200.0399932861328,164.6468048095703,921800
2017-11-24,200.19000244140625,200.75999450683594,199.88999938964844,200.0,164.61390686035156,411400
2017-11-27,200.0,201.35000610351562,199.75999450683594,201.07000732421875,165.49459838867188,1026700
2017-11-28,201.88999938964844,204.72999572753906,201.14999389648438,204.19000244140625,168.06256103515625,1159400
2017-11-29,204.61000061035156,204.9600067138672,203.64999389648438,204.1699981689453,168.04612731933594,724300
2017-11-30,204.2100067138672,207.85000610351562,203.75,207.16000366210938,170.50709533691406,1912200
2017-12-01,207.11000061035156,207.17999267578125,199.7899932861328,202.63999938964844,166.786865234375,1311500
2017-12-04,203.75,204.61000061035156,201.13999938964844,201.69000244140625,166.00489807128906,1706000
2017-12-05,202.4199981689453,202.52000427246094,199.8300018310547,199.91000366210938,164.53985595703125,960200
2017-12-06,199.92999267578125,201.33999633789062,199.92999267578125,200.2100067138672,164.78672790527344,1223000
2017-12-07,200.27999877929688,201.16000366210938,199.27999877929688,200.1699981689453,164.75381469726562,1236100
2017-12-08,200.24000549316406,201.2100067138672,198.8699951171875,201.07000732421875,165.49459838867188,1344600
2017-12-11,201.1999969482422,201.3300018310547,199.30999755859375,199.63999938964844,164.317626953125,804200
2017-12-12,197.91000366210938,198.47999572753906,196.07000732421875,196.17999267578125,161.4698028564453,1961000
2017-12-13,196.6699981689453,198.13999938964844,196.38999938964844,196.6300048828125,161.8401641845703,1417900
2017-12-14,198.07000732421875,198.42999267578125,195.69000244140625,196.22000122070312,161.50271606445312,1136700
2017-12-15,196.3300018310547,199.88999938964844,196.3300018310547,198.83999633789062,163.65911865234375,1982000
2017-12-18,199.16000366210938,199.32000732421875,196.75,198.4499969482422,163.338134765625,1559000
2017-12-19,198.60000610351562,200.5399932861328,198.1300048828125,199.8300018310547,164.47398376464844,1300000
2017-12-20,200.0800018310547,201.77000427246094,199.9499969482422,201.3000030517578,165.6838836669922,1049100
2017-12-21,201.4499969482422,203.16000366210938,200.69000244140625,202.47999572753906,166.6550750732422,1502000
2017-12-22,203.0,203.4499969482422,202.16000366210938,202.63999938964844,166.786865234375,787500
2017-12-26,202.85000610351562,203.72999572753906,201.69000244140625,201.97000122070312,166.23536682128906,574800
2017-12-27,202.00999450683594,203.36000061035156,201.17999267578125,202.72000122070312,166.8526611328125,601000
2017-12-28,203.4499969482422,204.0399932861328,202.77999877929688,203.86000061035156,167.7909698486328,692800
2017-12-29,204.0,204.63999938964844,203.2100067138672,203.4499969482422,167.4535369873047,768800
2018-01-02,203.5399932861328,204.0,199.97000122070312,200.49000549316406,165.01722717285156,1588000
2018-01-03,200.2100067138672,202.14999389648438,199.5,201.74000549316406,166.04603576660156,1692700
2018-01-04,202.3699951171875,205.52999877929688,201.8300018310547,205.2100067138672,168.9021453857422,1473200
2018-01-05,205.97999572753906,206.25,203.6300048828125,204.6999969482422,168.48228454589844,1722600
2018-01-08,204.85000610351562,205.5800018310547,204.32000732421875,204.6999969482422,168.48228454589844,1044900
2018-01-09,205.49000549316406,206.97999572753906,205.0,205.8800048828125,169.4535369873047,1290200
2018-01-10,205.0,206.0500030517578,204.25,204.75,168.52349853515625,956900
2018-01-11,204.7899932861328,206.1699981689453,204.6999969482422,205.50999450683594,169.14906311035156,1245600
2018-01-12,206.52999877929688,211.75,205.58999633789062,210.58999633789062,173.33026123046875,1892700
2018-01-16,211.00999450683594,211.6199951171875,206.0,206.3300018310547,169.82394409179688,1753800
2018-01-17,207.75999450683594,209.0500030517578,206.7899932861328,208.52000427246094,171.62648010253906,1421000
2018-01-18,208.36000061035156,209.44000244140625,207.19000244140625,207.8000030517578,171.7256317138672,1241700
2018-01-19,209.41000366210938,209.41000366210938,207.52999877929688,209.10000610351562,172.79995727539062,1413900
2018-01-22,209.0800018310547,209.22999572753906,207.0399932861328,208.1999969482422,172.0561981201172,1895000
2018-01-23,208.3000030517578,208.7899932861328,206.8300018310547,207.47999572753906,171.461181640625,2277400
2018-01-24,202.99000549316406,220.16000366210938,201.39999389648438,219.27000427246094,181.20445251464844,4176200
2018-01-25,220.0,227.7100067138672,219.60000610351562,226.52999877929688,187.2040557861328,3237700
2018-01-26,224.9499969482422,226.5500030517578,221.6699981689453,226.24000549316406,186.96444702148438,1977700
2018-01-29,226.5,229.5399932861328,225.22999572753906,225.5,186.3528594970703,1737700
2018-01-30,224.91000366210938,225.8699951171875,222.3000030517578,224.27999877929688,185.34466552734375,1590200
2018-01-31,226.08999633789062,226.91000366210938,222.3800048828125,222.47999572753906,183.85714721679688,1833600
2018-02-01,222.38999938964844,227.82000732421875,222.0,225.2100067138672,186.11322021484375,1779800
2018-02-02,220.83999633789062,225.44000244140625,220.83999633789062,221.72000122070312,183.2290802001953,1377900
2018-02-05,220.44000244140625,222.35000610351562,208.91000366210938,211.22000122070312,174.5518798828125,2376000
2018-02-06,206.32000732421875,213.08999633789062,203.89999389648438,212.4600067138672,175.5767059326172,2901400
2018-02-07,212.41000366210938,218.6199951171875,212.00999450683594,214.9499969482422,177.63441467285156,1962100
2018-02-08,216.1300048828125,217.22999572753906,205.97000122070312,206.0500030517578,170.27947998046875,1969900
2018-02-09,208.1199951171875,214.3300018310547,206.9600067138672,212.10000610351562,175.2791290283203,2682400
2018-02-12,214.1699981689453,215.08999633789062,207.8699951171875,209.52999877929688,173.15530395507812,2698800
2018-02-13,207.91000366210938,212.69000244140625,207.5,211.80999755859375,175.0395050048828,2556500
2018-02-14,211.10000610351562,218.39999389648438,210.60000610351562,218.25,180.36148071289062,2475600
2018-02-15,224.3800048828125,225.39999389648438,220.72000122070312,225.39999389648438,186.270263671875,2624500
2018-02-16,225.60000610351562,226.0,222.5,224.19000244140625,185.27027893066406,1939200
2018-02-20,223.0,224.0800018310547,221.17999267578125,221.8300018310547,183.3199462890625,1211100
2018-02-21,221.44000244140625,224.88999938964844,220.72999572753906,220.75,182.42750549316406,1151100
2018-02-22,221.67999267578125,222.5800018310547,219.75999450683594,220.13999938964844,181.9233856201172,897600
2018-02-23,221.4499969482422,222.16000366210938,219.8699951171875,221.0,182.63406372070312,1034300
2018-02-26,222.97000122070312,227.27999877929688,222.00999450683594,226.77999877929688,187.41067504882812,1445900
2018-02-27,226.49000549316406,227.77999877929688,223.8699951171875,223.88999938964844,185.0224151611328,1083400
2018-02-28,224.60000610351562,226.38999938964844,222.4499969482422,222.4499969482422,183.8323974609375,1028000
2018-03-01,222.97999572753906,225.60000610351562,218.0,219.14999389648438,181.10525512695312,2009600
2018-03-02,217.72999572753906,224.02000427246094,217.64999389648438,223.33999633789062,184.56787109375,2058700
2018-03-05,220.63999938964844,224.75999450683594,219.3000030517578,224.63999938964844,185.6421661376953,1965600
2018-03-06,225.0800018310547,225.44000244140625,223.16000366210938,224.80999755859375,185.78268432617188,1337300
2018-03-07,222.5500030517578,226.47999572753906,221.3800048828125,226.27999877929688,186.9974365234375,1238300
2018-03-08,227.0,227.0500030517578,224.47999572753906,226.64999389648438,187.30320739746094,1054700
2018-03-09,227.94000244140625,230.0,226.74000549316406,229.9499969482422,190.03036499023438,1309000
2018-03-12,229.5,229.9499969482422,223.92999267578125,224.63999938964844,185.6421661376953,1218900
2018-03-13,225.9199981689453,226.8699951171875,222.8300018310547,223.35000610351562,184.576171875,1165600
2018-03-14,224.58999633789062,224.6199951171875,220.58999633789062,221.69000244140625,183.204345703125,1002600
2018-03-15,222.50999450683594,223.8699951171875,221.25999450683594,222.60000610351562,183.95632934570312,871700
2018-03-16,223.4600067138672,223.8800048828125,221.27999877929688,222.74000549316406,184.072021484375,1980400
2018-03-19,222.64999389648438,224.3300018310547,221.0500030517578,223.89999389648438,185.0306396484375,907900
2018-03-20,224.41000366210938,226.89999389648438,224.10000610351562,225.3800048828125,186.2537384033203,798100
2018-03-21,225.3699951171875,226.1699981689453,223.74000549316406,223.75,184.90667724609375,897000
2018-03-22,222.25,223.97999572753906,217.8300018310547,218.3699951171875,180.460693359375,1172100
2018-03-23,218.5,224.47000122070312,218.5,218.80999755859375,180.82431030273438,1437900
2018-03-26,221.92999267578125,223.82000732421875,220.8699951171875,223.47000122070312,184.67530822753906,1319000
2018-03-27,225.0,225.77999877929688,219.7899932861328,221.07000732421875,182.69198608398438,1135100
2018-03-28,221.72000122070312,221.8800048828125,216.6999969482422,217.27999877929688,179.55992126464844,1722400
2018-03-29,219.58999633789062,223.4600067138672,218.02000427246094,220.89999389648438,182.55137634277344,1945500
2018-04-02,220.50999450683594,222.02999877929688,215.5500030517578,218.8800048828125,180.88211059570312,1345400
2018-04-03,219.9499969482422,221.4499969482422,217.2100067138672,220.32000732421875,182.07215881347656,1387700
2018-04-04,215.14999389648438,218.6999969482422,214.27000427246094,218.5399932861328,180.6011505126953,2753300
2018-04-05,220.44000244140625,221.7100067138672,218.35000610351562,221.22000122070312,182.81593322753906,2209200
2018-04-06,219.47999572753906,220.66000366210938,213.77000427246094,215.74000549316406,178.28726196289062,1496100
2018-04-09,217.00999450683594,218.25,214.5399932861328,214.9600067138672,177.6426544189453,1256700
2018-04-10,217.88999938964844,218.30999755859375,213.91000366210938,214.4499969482422,177.22117614746094,1684700
2018-04-11,214.0,217.47999572753906,214.0,216.32000732421875,178.7665252685547,1173600
2018-04-12,216.3699951171875,219.24000549316406,216.16000366210938,218.22000122070312,181.11534118652344,1248200
2018-04-13,219.4199981689453,219.82000732421875,217.17999267578125,218.41000366210938,181.27304077148438,942600
2018-04-16,219.72999572753906,220.49000549316406,218.33999633789062,218.39999389648438,181.26475524902344,1381400
2018-04-17,219.27999877929688,222.80999755859375,219.24000549316406,221.41000366210938,183.7628936767578,1143100
2018-04-18,224.6199951171875,227.6999969482422,223.50999450683594,225.49000549316406,187.14923095703125,1470700
2018-04-19,225.5500030517578,225.72000122070312,222.97999572753906,224.97999572753906,186.72592163085938,1027300
2018-04-20,225.8800048828125,225.8800048828125,222.47999572753906,223.11000061035156,185.1739044189453,1280100
2018-04-23,222.9199981689453,226.1199951171875,222.9199981689453,225.9600067138672,187.53932189941406,1822500
2018-04-24,227.75,229.74000549316406,218.0800018310547,222.02000427246094,184.26922607421875,2912500
2018-04-25,215.91000366210938,217.99000549316406,207.1999969482422,214.52999877929688,178.052734375,4583900
2018-04-26,214.9199981689453,215.52000427246094,210.4600067138672,211.75,175.7454376220703,2415300
2018-04-27,211.74000549316406,212.0,203.27999877929688,203.7100067138672,169.0725555419922,2217900
2018-04-30,203.7899932861328,205.25,201.24000549316406,201.30999755859375,167.08058166503906,2569900
2018-05-01,201.14999389648438,201.14999389648438,194.47000122070312,197.3000030517578,163.75245666503906,2926500
2018-05-02,197.3000030517578,200.5,195.50999450683594,195.67999267578125,162.4079132080078,1906400
2018-05-03,194.85000610351562,196.7100067138672,191.0,195.0,161.843505859375,2053800
2018-05-04,193.9600067138672,195.75,193.19000244140625,195.07000732421875,161.90158081054688,1499400
2018-05-07,195.97000122070312,198.57000732421875,195.0,196.4499969482422,163.04696655273438,1281400
2018-05-08,196.97000122070312,199.92999267578125,196.00999450683594,199.6199951171875,165.67796325683594,2150200
2018-05-09,200.3000030517578,202.11000061035156,199.58999633789062,201.0500030517578,166.86483764648438,1755100
2018-05-10,201.7100067138672,203.0,200.89999389648438,201.6699981689453,167.37936401367188,1092400
2018-05-11,201.36000061035156,204.47000122070312,201.36000061035156,203.9199981689453,169.2467803955078,1296600
2018-05-14,203.67999267578125,204.44000244140625,201.11000061035156,203.07000732421875,168.54136657714844,1522400
2018-05-15,202.16000366210938,202.8300018310547,200.0800018310547,201.64999389648438,167.36280822753906,1012200
2018-05-16,202.0,202.6999969482422,200.22999572753906,200.5,166.40834045410156,1009900
2018-05-17,200.42999267578125,202.10000610351562,200.3000030517578,201.75999450683594,167.4541015625,1207700
2018-05-18,201.3800048828125,203.63999938964844,201.3800048828125,202.52000427246094,168.08486938476562,2016900
2018-05-21,204.13999938964844,206.07000732421875,203.2899932861328,205.77000427246094,170.7823028564453,1088100
2018-05-22,205.6300048828125,205.77000427246094,204.08999633789062,204.3699951171875,169.6202850341797,1299200
2018-05-23,202.80999755859375,205.77000427246094,202.3800048828125,205.55999755859375,170.60794067382812,1111500
2018-05-24,205.6300048828125,208.8800048828125,205.19000244140625,208.72999572753906,173.2389678955078,1408800
2018-05-25,208.25,208.69000244140625,207.02000427246094,208.1199951171875,172.73265075683594,1179900
2018-05-29,206.33999633789062,206.7899932861328,200.08999633789062,201.80999755859375,167.49562072753906,1661700
2018-05-30,202.24000549316406,204.57000732421875,201.1199951171875,204.0399932861328,169.34642028808594,1241300
2018-05-31,204.0500030517578,204.47000122070312,201.58999633789062,201.7100067138672,167.41262817382812,1867900
2018-06-01,203.6999969482422,204.6699981689453,202.64999389648438,203.47000122070312,168.8733367919922,955000
2018-06-04,203.91000366210938,204.66000366210938,202.11000061035156,202.60000610351562,168.15127563476562,1125600
2018-06-05,202.1699981689453,202.91000366210938,199.82000732421875,201.10000610351562,166.90631103515625,1659400
2018-06-06,201.8300018310547,202.0500030517578,200.07000732421875,201.50999450683594,167.24659729003906,1601300
2018-06-07,201.97999572753906,203.33999633789062,201.5,202.85000610351562,168.35877990722656,853300
2018-06-08,202.6699981689453,202.99000549316406,199.0500030517578,202.5800018310547,168.13467407226562,1320900
2018-06-11,202.67999267578125,204.11000061035156,201.6199951171875,201.6999969482422,167.40428161621094,1077400
2018-06-12,201.32000732421875,202.52999877929688,197.52999877929688,198.5,164.74842834472656,2190400
2018-06-13,198.24000549316406,201.27000427246094,198.0800018310547,199.82000732421875,165.84400939941406,2037000
2018-06-14,200.89999389648438,201.0,195.50999450683594,195.82000732421875,162.5241241455078,2384500
2018-06-15,194.52999877929688,195.89999389648438,193.3300018310547,195.8000030517578,162.5074920654297,2854300
2018-06-18,194.72999572753906,196.5,194.61000061035156,195.97000122070312,162.64857482910156,1419000
2018-06-19,194.0,194.75999450683594,190.52999877929688,190.69000244140625,158.26637268066406,1530900
2018-06-20,191.0800018310547,191.9499969482422,190.17999267578125,191.39999389648438,158.8556671142578,1049600
2018-06-21,190.44000244140625,191.66000366210938,187.30999755859375,188.42999267578125,156.390625,2401200
2018-06-22,190.10000610351562,190.13999938964844,187.4600067138672,189.3800048828125,157.17904663085938,1542800
2018-06-25,188.25999450683594,190.1199951171875,187.0500030517578,189.10000610351562,156.9467010498047,1288900
2018-06-26,189.27000427246094,189.9600067138672,187.86000061035156,188.8000030517578,156.69772338867188,1435100
2018-06-27,189.16000366210938,190.72000122070312,185.85000610351562,185.88999938964844,154.2825164794922,1762200
2018-06-28,186.1199951171875,188.25,184.2100067138672,187.44000244140625,155.56898498535156,1070600
2018-06-29,188.00999450683594,188.6300048828125,186.27999877929688,186.41000366210938,154.71409606933594,1581000
2018-07-02,185.19000244140625,187.5399932861328,184.64999389648438,187.3699951171875,155.5108642578125,1036600
2018-07-03,188.4499969482422,193.35000610351562,188.0,189.69000244140625,157.43637084960938,1764900
2018-07-05,189.41000366210938,189.86000061035156,187.66000366210938,188.6999969482422,157.3863525390625,1498700
2018-07-06,188.57000732421875,190.17999267578125,187.30999755859375,188.83999633789062,157.5030975341797,1483900
2018-07-09,189.2100067138672,192.3000030517578,188.6999969482422,191.5399932861328,159.75506591796875,1249600
2018-07-10,192.22999572753906,194.30999755859375,191.77000427246094,192.8000030517578,160.8059844970703,1353700
2018-07-11,192.0399932861328,192.0800018310547,190.8300018310547,191.50999450683594,159.73004150390625,1005200
2018-07-12,193.00999450683594,194.05999755859375,191.9199981689453,193.63999938964844,161.50657653808594,1333700
2018-07-13,193.24000549316406,195.07000732421875,192.47000122070312,192.74000549316406,160.7559051513672,1832300
2018-07-16,193.13999938964844,193.75,190.6999969482422,191.5,159.72171020507812,1163900
2018-07-17,191.52999877929688,192.5500030517578,190.4600067138672,192.32000732421875,160.40562438964844,1210800
2018-07-18,192.25,195.9199981689453,191.22000122070312,195.42999267578125,162.9995880126953,1522700
2018-07-19,194.94000244140625,195.72000122070312,193.44000244140625,194.35000610351562,162.09877014160156,1086900
2018-07-20,193.88999938964844,196.1300048828125,193.69000244140625,195.27999877929688,162.87442016601562,964400
2018-07-23,195.27999877929688,195.57000732421875,192.77999877929688,193.22999572753906,161.16461181640625,1213500
2018-07-24,195.0,198.8000030517578,193.69000244140625,196.75,164.10052490234375,2108500
2018-07-25,198.8000030517578,204.05999755859375,195.41000366210938,203.4499969482422,169.6886749267578,2554400
2018-07-26,202.02000427246094,203.67999267578125,199.33999633789062,200.47999572753906,167.21153259277344,2346800
2018-07-27,201.35000610351562,202.0500030517578,197.97999572753906,198.64999389648438,165.68519592285156,1201000
2018-07-30,198.64999389648438,200.2100067138672,195.97999572753906,196.25999450683594,163.69180297851562,1064400
2018-07-31,198.5500030517578,200.35000610351562,197.60000610351562,199.75999450683594,166.6109619140625,2239300
2018-08-01,199.38999938964844,199.88999938964844,195.55999755859375,196.00999450683594,163.48329162597656,1465100
2018-08-02,194.17999267578125,196.8300018310547,193.27000427246094,194.94000244140625,162.59088134765625,2201000
2018-08-03,194.0399932861328,194.5399932861328,191.85000610351562,194.08999633789062,161.88189697265625,2613300
2018-08-06,193.67999267578125,193.77000427246094,192.1199951171875,193.52000427246094,161.406494140625,2042800
2018-08-07,193.67999267578125,196.41000366210938,193.67999267578125,196.27999877929688,163.70848083496094,1208400
2018-08-08,196.27000427246094,196.44000244140625,194.02000427246094,195.1300048828125,162.74932861328125,1051200
2018-08-09,194.97999572753906,195.3000030517578,192.39999389648438,192.57000732421875,160.6141357421875,861600
2018-08-10,192.3800048828125,192.77000427246094,190.66000366210938,191.80999755859375,159.98020935058594,954300
2018-08-13,191.92999267578125,192.77999877929688,190.47999572753906,191.83999633789062,160.00527954101562,813100
2018-08-14,192.0,194.1699981689453,191.75,193.6300048828125,161.49826049804688,779100
2018-08-15,192.8300018310547,193.47000122070312,190.77000427246094,192.30999755859375,160.39730834960938,1121000
2018-08-16,192.6300048828125,194.05999755859375,191.97999572753906,192.44000244140625,160.5056610107422,999900
2018-08-17,192.8000030517578,194.02999877929688,192.22999572753906,193.67999267578125,161.53990173339844,808100
2018-08-20,194.25,195.57000732421875,193.86000061035156,194.9199981689453,162.5741729736328,936000
2018-08-21,194.64999389648438,195.6199951171875,193.8300018310547,194.9600067138672,162.60751342773438,1013400
2018-08-22,194.38999938964844,194.91000366210938,192.27000427246094,192.47999572753906,160.5391082763672,806700
2018-08-23,192.3800048828125,192.99000549316406,191.39999389648438,191.58999633789062,159.79678344726562,855500
2018-08-24,192.0,192.64999389648438,191.3699951171875,192.58999633789062,160.6308135986328,619100
2018-08-27,193.0,195.77000427246094,193.0,195.2899932861328,162.8827667236328,885300
2018-08-28,196.1999969482422,196.39999389648438,194.92999267578125,195.6199951171875,163.15798950195312,1015100
2018-08-29,195.42999267578125,195.9499969482422,193.7100067138672,194.7100067138672,162.3990020751953,976800
2018-08-30,194.41000366210938,196.14999389648438,192.0500030517578,192.50999450683594,160.56407165527344,1016200
2018-08-31,191.58999633789062,193.60000610351562,191.35000610351562,193.39999389648438,161.30636596679688,1032500
2018-09-04,192.47999572753906,193.3800048828125,191.39999389648438,192.61000061035156,160.64752197265625,741100
2018-09-05,191.85000610351562,194.35000610351562,191.63999938964844,193.97999572753906,161.7901611328125,1162600
2018-09-06,194.39999389648438,195.94000244140625,194.1999969482422,195.24000549316406,162.84107971191406,741400
2018-09-07,194.77000427246094,195.4199981689453,193.75,194.7100067138672,162.3990020751953,998100
2018-09-10,195.19000244140625,196.89999389648438,195.0399932861328,195.69000244140625,163.2163848876953,1083300
2018-09-11,194.72999572753906,196.60000610351562,194.6999969482422,196.05999755859375,163.52499389648438,960700
2018-09-12,195.57000732421875,197.00999450683594,195.5,196.1999969482422,163.64178466796875,886600
2018-09-13,197.1300048828125,198.80999755859375,196.9199981689453,198.57000732421875,165.61849975585938,949300
2018-09-14,198.6300048828125,200.6300048828125,198.33999633789062,200.50999450683594,167.236572265625,998200
2018-09-17,200.6300048828125,202.8800048828125,200.33999633789062,202.42999267578125,168.837890625,1072400
2018-09-18,202.8000030517578,204.9499969482422,202.42999267578125,204.61000061035156,170.65614318847656,1050900
2018-09-19,204.7899932861328,206.3800048828125,203.42999267578125,204.00999450683594,170.15579223632812,1363900
2018-09-20,204.5,205.1699981689453,200.4499969482422,202.86000061035156,169.19659423828125,1347700
2018-09-21,204.08999633789062,206.14999389648438,203.75999450683594,204.66000366210938,170.69790649414062,2464200
2018-09-24,204.3000030517578,204.61000061035156,202.27999877929688,202.8300018310547,169.17156982421875,1133600
2018-09-25,202.67999267578125,203.8699951171875,201.72999572753906,203.47999572753906,169.71368408203125,877300
2018-09-26,203.5,203.97000122070312,201.49000549316406,201.86000061035156,168.3625030517578,1223300
2018-09-27,202.27000427246094,202.52999877929688,201.08999633789062,202.0800018310547,168.54598999023438,947300
2018-09-28,201.97999572753906,204.99000549316406,201.11000061035156,204.72000122070312,170.74789428710938,1569700
2018-10-01,206.0,206.19000244140625,204.55999755859375,205.5,171.39852905273438,829800
2018-10-02,205.77000427246094,205.94000244140625,204.05999755859375,204.97999572753906,170.96473693847656,797900
2018-10-03,205.7100067138672,206.6300048828125,204.6699981689453,205.72000122070312,171.58200073242188,1096000
2018-10-04,204.3000030517578,206.17999267578125,203.80999755859375,205.91000366210938,172.5203857421875,970400
2018-10-05,206.08999633789062,207.72000122070312,205.50999450683594,206.32000732421875,172.8639373779297,1923300
2018-10-08,206.02999877929688,207.47000122070312,205.3300018310547,207.16000366210938,173.56768798828125,1528900
2018-10-09,206.5399932861328,207.0,204.00999450683594,204.16000366210938,171.05413818359375,931900
2018-10-10,204.16000366210938,204.16000366210938,197.72000122070312,197.82000732421875,165.7422332763672,1648200
2018-10-11,197.77000427246094,198.16000366210938,192.66000366210938,192.94000244140625,161.65357971191406,2066000
2018-10-12,195.63999938964844,195.64999389648438,189.4199981689453,191.85000610351562,160.7403106689453,1310400
2018-10-15,192.05999755859375,194.39999389648438,191.9199981689453,192.6300048828125,161.39378356933594,1044500
2018-10-16,193.2899932861328,195.19000244140625,191.77000427246094,194.7100067138672,163.13648986816406,1081900
2018-10-17,195.42999267578125,196.0399932861328,193.41000366210938,193.83999633789062,162.40760803222656,1014900
2018-10-18,192.2899932861328,193.67999267578125,190.0,191.22000122070312,160.2124481201172,1072900
2018-10-19,191.44000244140625,192.3300018310547,190.22999572753906,190.25999450683594,159.4081573486328,942800
2018-10-22,190.91000366210938,191.75999450683594,189.0,190.13999938964844,159.30760192871094,1138200
2018-10-23,187.6199951171875,190.0800018310547,186.75,187.75,157.3050994873047,1914400
2018-10-24,184.83999633789062,186.0,172.86000061035156,173.24000549316406,145.14801025390625,4887600
2018-10-25,172.97999572753906,173.77000427246094,169.32000732421875,170.60000610351562,142.93609619140625,3254600
2018-10-26,168.7100067138672,171.8800048828125,167.27000427246094,169.86000061035156,142.3160858154297,2877200
2018-10-29,170.72000122070312,172.52000427246094,164.75999450683594,167.0399932861328,139.95338439941406,2586700
2018-10-30,167.3800048828125,172.6199951171875,166.44000244140625,171.88999938964844,144.0169219970703,2405800
2018-10-31,173.50999450683594,175.6199951171875,172.24000549316406,172.5800018310547,144.5950164794922,2215000
2018-11-01,173.27000427246094,179.3300018310547,173.19000244140625,178.39999389648438,149.4713134765625,1848500
2018-11-02,178.97000122070312,181.82000732421875,176.44000244140625,176.97999572753906,148.28152465820312,3515900
2018-11-05,177.5399932861328,179.88999938964844,176.8800048828125,177.97000122070312,149.1110076904297,2455800
2018-11-06,177.67999267578125,182.83999633789062,177.67999267578125,182.1999969482422,152.6551055908203,1637100
2018-11-07,184.82000732421875,185.3300018310547,182.13999938964844,185.02999877929688,155.0261688232422,1879200
2018-11-08,185.02000427246094,185.80999755859375,184.02999877929688,184.55999755859375,154.63241577148438,1317000
2018-11-09,183.36000061035156,185.14999389648438,183.0,184.5,154.58213806152344,1245200
2018-11-12,184.9600067138672,185.52000427246094,180.58999633789062,181.00999450683594,151.65806579589844,1146800
2018-11-13,181.75999450683594,183.92999267578125,179.4499969482422,180.0800018310547,150.8788604736328,1298400
2018-11-14,181.44000244140625,182.47000122070312,178.94000244140625,179.83999633789062,150.67776489257812,1790400
2018-11-15,178.0,182.5399932861328,177.5,182.33999633789062,152.7724151611328,1206700
2018-11-16,181.33999633789062,184.91000366210938,180.8800048828125,183.05999755859375,153.37562561035156,1584900
2018-11-19,183.16000366210938,183.16000366210938,178.49000549316406,179.3800048828125,150.29241943359375,986700
2018-11-20,176.5399932861328,177.49000549316406,175.16000366210938,175.9199981689453,147.39341735839844,1546800
2018-11-21,177.0,178.6300048828125,176.25999450683594,176.75,148.0888671875,1113000
2018-11-23,175.97999572753906,179.4600067138672,175.2899932861328,178.25999450683594,149.35397338867188,447200
2018-11-26,179.52000427246094,180.58999633789062,177.4499969482422,179.69000244140625,150.5521240234375,1370100
2018-11-27,178.5500030517578,179.47000122070312,176.5,178.63999938964844,149.67236328125,1524800
2018-11-28,179.33999633789062,183.7100067138672,179.0399932861328,182.02999877929688,152.5126495361328,1589800
2018-11-29,181.66000366210938,183.24000549316406,180.83999633789062,182.1699981689453,152.62991333007812,1823100
2018-11-30,182.35000610351562,185.0399932861328,182.35000610351562,184.88999938964844,154.90890502929688,1647100
2018-12-03,187.05999755859375,187.47000122070312,180.7899932861328,181.57000732421875,152.1272430419922,1399300
2018-12-04,180.41000366210938,180.85000610351562,172.97000122070312,173.17999267578125,145.09776306152344,1760600
2018-12-06,170.88999938964844,171.9199981689453,165.3000030517578,171.02000427246094,143.2880096435547,2481700
2018-12-07,170.5399932861328,173.52999877929688,166.7100067138672,167.3800048828125,140.2382354736328,1779200
2018-12-10,169.19000244140625,173.60000610351562,168.5500030517578,172.1999969482422,144.27664184570312,2253700
2018-12-11,174.55999755859375,177.67999267578125,170.8800048828125,172.27000427246094,144.33529663085938,2391700
2018-12-12,174.5399932861328,175.36000061035156,171.0,171.22000122070312,143.45558166503906,3235200
2018-12-13,172.16000366210938,173.19000244140625,170.5,171.00999450683594,143.2796173095703,2760700
2018-12-14,169.2899932861328,171.41000366210938,168.5399932861328,168.97000122070312,141.5704345703125,1898200
2018-12-17,168.58999633789062,168.83999633789062,162.47000122070312,163.4499969482422,136.9455108642578,2420600
2018-12-18,164.7100067138672,166.5,161.82000732421875,162.80999755859375,136.40928649902344,1688900
2018-12-19,161.8000030517578,163.77999877929688,157.16000366210938,158.99000549316406,133.208740234375,2088700
2018-12-20,158.02000427246094,159.1199951171875,153.00999450683594,154.61000061035156,129.53900146484375,2494800
2018-12-21,151.64999389648438,154.99000549316406,149.77000427246094,150.49000549316406,126.08704376220703,4348300
2018-12-24,148.75999450683594,149.67999267578125,145.33999633789062,148.2100067138672,124.17681884765625,1572200
2018-12-26,147.9499969482422,152.25999450683594,143.8699951171875,152.1699981689453,127.49462890625,2180500
2018-12-27,150.35000610351562,155.1699981689453,148.6300048828125,155.1199951171875,129.96630859375,1720300
2018-12-28,155.99000549316406,157.36000061035156,154.27000427246094,155.32000732421875,130.13389587402344,1455700
2018-12-31,156.41000366210938,157.2100067138672,155.38999938964844,157.2100067138672,131.71742248535156,1223200
2019-01-02,155.32000732421875,157.4600067138672,153.82000732421875,157.25999450683594,131.75930786132812,1276200
2019-01-03,156.0,156.72999572753906,152.44000244140625,153.3699951171875,128.50009155273438,1436000
2019-01-04,155.35000610351562,157.8300018310547,154.1199951171875,157.77000427246094,132.1865692138672,1840000
2019-01-07,157.6300048828125,159.6699981689453,155.92999267578125,158.64999389648438,132.92388916015625,1047400
2019-01-08,159.2899932861328,159.9199981689453,156.75,158.66000366210938,132.93226623535156,1350300
2019-01-09,159.25999450683594,161.50999450683594,159.16000366210938,160.89999389648438,134.80905151367188,1483800
2019-01-10,160.27000427246094,162.5500030517578,159.3699951171875,162.42999267578125,136.09091186523438,1131600
2019-01-11,161.27999877929688,163.85000610351562,160.89999389648438,163.80999755859375,137.2471466064453,1239200
2019-01-14,162.3000030517578,164.94000244140625,162.24000549316406,164.52999877929688,137.85040283203125,1368000
2019-01-15,164.85000610351562,165.38999938964844,162.38999938964844,163.13999938964844,136.68582153320312,1906800
2019-01-16,162.7899932861328,164.67999267578125,162.69000244140625,163.60000610351562,137.07122802734375,1090800
2019-01-17,162.0,166.8300018310547,161.75,165.72000122070312,139.64125061035156,976400
2019-01-18,167.0,170.1300048828125,166.24000549316406,168.5800018310547,142.05117797851562,1665800
2019-01-22,167.64999389648438,168.7899932861328,165.55999755859375,167.22000122070312,140.90521240234375,1298100
2019-01-23,168.47999572753906,169.91000366210938,166.13999938964844,168.80999755859375,142.24497985839844,1199800
2019-01-24,169.19000244140625,172.5,169.19000244140625,170.82000732421875,143.93869018554688,1329700
2019-01-25,172.64999389648438,172.89999389648438,170.8000030517578,171.22000122070312,144.2757110595703,1192100
2019-01-28,169.67999267578125,172.25999450683594,169.22000122070312,172.19000244140625,145.0930938720703,1285000
2019-01-29,172.72999572753906,176.16000366210938,172.72999572753906,176.0,148.30349731445312,1573700
2019-01-30,169.83999633789062,171.35000610351562,165.02000427246094,170.91000366210938,144.01451110839844,4073400
2019-01-31,169.17999267578125,173.3000030517578,169.0800018310547,171.1699981689453,144.2335968017578,2162600
2019-02-01,171.3800048828125,172.0,168.25,169.02999877929688,142.4303741455078,1716700
2019-02-04,169.3800048828125,174.61000061035156,169.22000122070312,174.61000061035156,147.13223266601562,1664700
2019-02-05,174.61000061035156,174.9499969482422,171.99000549316406,172.22000122070312,145.11837768554688,1583300
2019-02-06,171.97999572753906,174.52999877929688,171.97999572753906,172.75999450683594,145.5733642578125,1180300
2019-02-07,172.1199951171875,173.63999938964844,170.4499969482422,173.58999633789062,146.2727508544922,1538300
2019-02-08,172.86000061035156,173.27000427246094,171.3000030517578,172.1199951171875,145.03407287597656,2255600
2019-02-11,172.47000122070312,172.89999389648438,170.67999267578125,170.92999267578125,144.03135681152344,1159700
2019-02-12,171.6300048828125,173.19000244140625,171.3800048828125,172.75999450683594,145.5733642578125,1303400
2019-02-13,173.44000244140625,174.3800048828125,173.00999450683594,173.47999572753906,146.18003845214844,1053600
2019-02-14,173.02000427246094,173.0800018310547,171.49000549316406,172.10000610351562,145.01724243164062,843000
2019-02-15,172.5399932861328,175.39999389648438,171.69000244140625,175.24000549316406,147.66311645507812,1222900
2019-02-19,175.0,175.47000122070312,173.72000122070312,174.77999877929688,147.27549743652344,902400
2019-02-20,174.8800048828125,175.30999755859375,173.4499969482422,174.4499969482422,146.99742126464844,1038500
2019-02-21,174.17999267578125,174.30999755859375,170.88999938964844,171.6300048828125,144.62120056152344,979800
2019-02-22,172.1699981689453,172.72000122070312,171.6300048828125,172.5399932861328,145.3880157470703,1388400
2019-02-25,174.0399932861328,174.36000061035156,172.97999572753906,173.13999938964844,145.8936004638672,951900
2019-02-26,172.80999755859375,173.0399932861328,169.89999389648438,170.0,143.24774169921875,1424100
2019-02-27,169.39999389648438,169.99000549316406,168.22999572753906,169.33999633789062,142.6915740966797,1514800
2019-02-28,169.1999969482422,170.97999572753906,168.88999938964844,170.22000122070312,143.43307495117188,1739600
2019-03-01,171.0,171.02999877929688,168.57000732421875,169.27999877929688,142.6410369873047,1109100
2019-03-04,170.39999389648438,170.39999389648438,166.4600067138672,166.75,140.5091552734375,1706500
2019-03-05,166.75,168.3800048828125,166.75,168.02999877929688,141.58773803710938,1837300
2019-03-06,167.8800048828125,168.8300018310547,166.38999938964844,166.47000122070312,140.27316284179688,1080700
2019-03-07,166.17999267578125,166.5399932861328,163.92999267578125,166.33999633789062,140.16368103027344,1218300
2019-03-08,165.17999267578125,166.32000732421875,164.1199951171875,166.13999938964844,139.99514770507812,1324100
2019-03-11,165.1199951171875,169.86000061035156,164.67999267578125,169.50999450683594,142.8347930908203,1443700
2019-03-12,169.55999755859375,170.52999877929688,168.5,168.77000427246094,142.2113037109375,1452500
2019-03-13,169.42999267578125,173.10000610351562,169.02999877929688,171.72000122070312,144.69705200195312,1244700
2019-03-14,171.3699951171875,171.7100067138672,169.52999877929688,169.58999633789062,142.9022216796875,1261300
2019-03-15,169.63999938964844,170.9600067138672,168.66000366210938,169.7899932861328,143.07077026367188,3972100
2019-03-18,169.77000427246094,171.99000549316406,169.6699981689453,171.6699981689453,144.65492248535156,1718800
2019-03-19,172.5,173.47999572753906,170.36000061035156,170.72000122070312,143.85440063476562,1314800
2019-03-20,170.69000244140625,170.97000122070312,168.36000061035156,168.49000549316406,141.97532653808594,871300
2019-03-21,168.35000610351562,170.36000061035156,168.17999267578125,169.8300018310547,143.10447692871094,702400
2019-03-22,169.39999389648438,169.5399932861328,165.7100067138672,165.85000610351562,139.7507781982422,816500
2019-03-25,166.27999877929688,167.2100067138672,165.42999267578125,166.6199951171875,140.39959716796875,854000
2019-03-26,167.9199981689453,168.5,165.9199981689453,166.89999389648438,140.63552856445312,905900
2019-03-27,167.2899932861328,168.5800018310547,165.64999389648438,166.55999755859375,140.34902954101562,712100
2019-03-28,167.19000244140625,168.1999969482422,166.05999755859375,167.75999450683594,141.36021423339844,859100
2019-03-29,168.8699951171875,169.42999267578125,168.5,169.27999877929688,142.6410369873047,1333700
2019-04-01,170.25,172.77000427246094,170.0399932861328,172.30999755859375,145.19424438476562,1055100
2019-04-02,171.9199981689453,172.1999969482422,169.52000427246094,169.94000244140625,143.19712829589844,1367800
2019-04-03,170.60000610351562,170.60000610351562,166.75,167.75,141.35177612304688,1484900
2019-04-04,168.0,170.3699951171875,167.82000732421875,169.1699981689453,142.54832458496094,1062100
2019-04-05,169.25999450683594,171.1300048828125,168.58999633789062,171.1199951171875,144.1914520263672,1240400
2019-04-08,170.52000427246094,172.52999877929688,170.10000610351562,172.3000030517578,145.1857452392578,1159800
2019-04-09,171.1699981689453,171.57000732421875,169.05999755859375,169.1699981689453,142.54832458496094,1037100
2019-04-10,169.22000122070312,169.8300018310547,167.61000061035156,169.3699951171875,142.7168426513672,926700
2019-04-11,168.7899932861328,171.64999389648438,168.38999938964844,171.42999267578125,145.32789611816406,1212300
2019-04-12,172.6699981689453,175.49000549316406,172.0500030517578,174.92999267578125,148.29502868652344,1454000
2019-04-15,174.3699951171875,174.75,171.5,172.0,145.81109619140625,1601500
2019-04-16,172.6999969482422,174.72999572753906,172.6999969482422,173.74000549316406,147.28619384765625,931700
2019-04-17,175.0,176.47999572753906,174.27000427246094,174.52999877929688,147.95590209960938,988400
2019-04-18,174.89999389648438,177.0,174.50999450683594,176.85000610351562,149.92266845703125,1348300
2019-04-22,175.8699951171875,177.86000061035156,175.27000427246094,177.02999877929688,150.07522583007812,1466900
2019-04-23,179.66000366210938,183.1300048828125,178.8000030517578,182.3699951171875,154.60214233398438,1948100
2019-04-24,193.11000061035156,193.11000061035156,180.24000549316406,180.72999572753906,153.21188354492188,3087200
2019-04-25,179.74000549316406,180.22000122070312,175.9199981689453,176.8800048828125,149.94808959960938,1799100
2019-04-26,177.13999938964844,178.14999389648438,176.14999389648438,178.07000732421875,150.9568634033203,852300
2019-04-29,178.0,179.63999938964844,177.60000610351562,179.2100067138672,151.92332458496094,844900
2019-04-30,179.5500030517578,179.97999572753906,176.72000122070312,178.72000122070312,151.50790405273438,1213200
2019-05-01,179.1199951171875,179.92999267578125,176.35000610351562,176.38999938964844,149.5326690673828,1224100
2019-05-02,175.80999755859375,176.35000610351562,172.8000030517578,174.57000732421875,147.9897918701172,2036500
2019-05-03,175.24000549316406,176.7899932861328,175.0800018310547,176.69000244140625,149.7870330810547,1354400
2019-05-06,173.60000610351562,175.7100067138672,172.61000061035156,175.36000061035156,148.65945434570312,992100
2019-05-07,173.39999389648438,173.97999572753906,169.94000244140625,170.47999572753906,144.52249145507812,1614700
2019-05-08,170.3800048828125,170.74000549316406,167.88999938964844,168.2899932861328,142.66600036621094,2021500
2019-05-09,167.5800018310547,173.16000366210938,167.1699981689453,172.0500030517578,145.85348510742188,2037700
2019-05-10,170.74000549316406,173.5399932861328,169.49000549316406,173.0800018310547,146.72665405273438,1254300
2019-05-13,170.5399932861328,171.02000427246094,166.7899932861328,167.99000549316406,142.4116668701172,1762500
2019-05-14,168.0399932861328,170.41000366210938,167.82000732421875,168.49000549316406,142.83555603027344,847900
2019-05-15,167.02000427246094,169.22999572753906,165.64999389648438,167.72000122070312,142.1827850341797,787500
2019-05-16,168.3300018310547,170.42999267578125,168.10000610351562,169.85000610351562,143.98846435546875,634200
2019-05-17,167.86000061035156,168.41000366210938,166.10000610351562,166.3699951171875,141.03834533691406,998100
2019-05-20,168.11000061035156,170.4499969482422,167.38999938964844,169.2899932861328,143.51376342773438,1359100
2019-05-21,170.1999969482422,172.02000427246094,169.83999633789062,171.4499969482422,145.3448028564453,1182300
2019-05-22,170.58999633789062,171.2100067138672,168.42999267578125,169.27999877929688,143.50526428222656,939200
2019-05-23,167.77000427246094,168.25,162.69000244140625,163.5800018310547,138.6731414794922,1883600
2019-05-24,163.91000366210938,164.82000732421875,161.4600067138672,164.02999877929688,139.05465698242188,1508100
2019-05-28,164.27999877929688,165.44000244140625,163.07000732421875,163.66000366210938,138.740966796875,2609600
2019-05-29,163.5500030517578,163.9499969482422,161.86000061035156,162.30999755859375,137.5965118408203,1204100
2019-05-30,162.4600067138672,163.64999389648438,161.60000610351562,162.22999572753906,137.52871704101562,839400
2019-05-31,160.44000244140625,161.5800018310547,160.2100067138672,160.82000732421875,136.33335876464844,1306300
2019-06-03,161.3699951171875,165.49000549316406,161.02999877929688,163.14999389648438,138.30859375,1515300
2019-06-04,164.27000427246094,167.91000366210938,164.27000427246094,167.77999877929688,142.23365783691406,1034400
2019-06-05,168.3300018310547,171.97000122070312,168.22999572753906,171.94000244140625,145.76026916503906,1251600
2019-06-06,171.92999267578125,172.60000610351562,169.67999267578125,171.97999572753906,145.79412841796875,862000
2019-06-07,173.14999389648438,174.3800048828125,172.47999572753906,173.97000122070312,147.48117065429688,973400
2019-06-10,175.8000030517578,176.44000244140625,173.1699981689453,173.38999938964844,146.9894561767578,1054100
2019-06-11,174.0399932861328,174.44000244140625,168.52999877929688,169.72999572753906,143.88674926757812,853900
2019-06-12,169.9199981689453,170.42999267578125,168.67999267578125,170.0399932861328,144.14952087402344,585500
2019-06-13,170.16000366210938,171.94000244140625,169.4499969482422,171.94000244140625,145.76026916503906,1128000
2019-06-14,172.25,172.25,170.1300048828125,171.25,145.17529296875,724400
2019-06-17,171.69000244140625,172.42999267578125,170.3800048828125,171.77999877929688,145.6245574951172,925000
2019-06-18,172.5800018310547,174.8699951171875,172.3699951171875,173.58999633789062,147.15902709960938,857800
2019-06-19,174.22999572753906,174.47999572753906,172.5500030517578,173.6199951171875,147.1844482421875,531700
2019-06-20,175.83999633789062,178.41000366210938,174.38999938964844,177.9600067138672,150.86363220214844,1266000
2019-06-21,178.1300048828125,178.3300018310547,175.8000030517578,177.42999267578125,150.41433715820312,1851300
2019-06-24,176.7100067138672,178.2899932861328,176.3300018310547,177.82000732421875,150.74493408203125,976300
2019-06-25,178.07000732421875,178.80999755859375,177.10000610351562,177.63999938964844,150.59234619140625,763500
2019-06-26,177.25,179.75,176.8699951171875,178.89999389648438,151.66050720214844,1334100
2019-06-27,178.97000122070312,178.97000122070312,176.6999969482422,177.72000122070312,150.66018676757812,966500
2019-06-28,178.1199951171875,182.0800018310547,178.1199951171875,181.82000732421875,154.1358642578125,2450800
2019-07-01,183.3300018310547,184.35000610351562,181.52999877929688,182.5399932861328,154.7462921142578,1141300
2019-07-02,183.25,183.6199951171875,182.0800018310547,183.57000732421875,155.61944580078125,928200
2019-07-03,182.77999877929688,182.88999938964844,180.9499969482422,182.64999389648438,155.70468139648438,533600
2019-07-05,181.8000030517578,182.47999572753906,180.27000427246094,182.27999877929688,155.3892822265625,481800
2019-07-08,181.22000122070312,182.92999267578125,180.5800018310547,181.47000122070312,154.6987762451172,822900
2019-07-09,180.13999938964844,180.97999572753906,179.1199951171875,180.8300018310547,154.15316772460938,1378800
2019-07-10,182.35000610351562,183.86000061035156,181.57000732421875,182.5399932861328,155.61093139648438,886700
2019-07-11,182.52999877929688,183.6300048828125,182.3699951171875,183.60000610351562,156.51454162597656,707900
2019-07-12,184.55999755859375,185.9499969482422,183.6999969482422,185.83999633789062,158.424072265625,827500
2019-07-15,185.83999633789062,186.83999633789062,185.4499969482422,186.39999389648438,158.90150451660156,1215300
2019-07-16,186.91000366210938,187.47999572753906,186.55999755859375,186.88999938964844,159.31918334960938,1078200
2019-07-17,185.72999572753906,186.0500030517578,183.42999267578125,183.5500030517578,156.47190856933594,2259800
2019-07-18,183.5500030517578,183.5500030517578,180.58999633789062,183.17999267578125,156.15646362304688,1223700
2019-07-19,184.11000061035156,184.8699951171875,183.64999389648438,183.85000610351562,156.72769165039062,939900
2019-07-22,183.8300018310547,185.00999450683594,183.1199951171875,184.6199951171875,157.3840789794922,702600
2019-07-23,185.91000366210938,186.0,183.6300048828125,185.97000122070312,158.53492736816406,1150600
2019-07-24,185.97999572753906,189.55999755859375,185.0500030517578,187.63999938964844,159.9585723876953,1368200
2019-07-25,187.38999938964844,189.0,185.5,187.61000061035156,159.93296813964844,1106300
2019-07-26,187.27999877929688,189.89999389648438,186.44000244140625,189.72999572753906,161.74017333984375,1745200
2019-07-29,189.72000122070312,190.16000366210938,188.75,189.8300018310547,161.82540893554688,924100
2019-07-30,189.1300048828125,189.4600067138672,187.4600067138672,189.1199951171875,161.22018432617188,939500
2019-07-31,189.02999877929688,189.66000366210938,184.8000030517578,185.94000244140625,158.5093231201172,1187400
2019-08-01,185.58999633789062,186.74000549316406,182.4600067138672,183.42999267578125,156.36959838867188,1273200
2019-08-02,183.33999633789062,183.5800018310547,181.13999938964844,181.97000122070312,155.12501525878906,941700
2019-08-05,179.97000122070312,179.99000549316406,175.02999877929688,176.77000427246094,150.69215393066406,1197700
2019-08-06,178.35000610351562,180.72999572753906,176.77000427246094,180.6699981689453,154.0167999267578,886400
2019-08-07,178.36000061035156,181.52000427246094,177.50999450683594,180.85000610351562,154.1702423095703,1003300
2019-08-08,182.66000366210938,185.10000610351562,182.07000732421875,184.1699981689453,157.00047302246094,778600
2019-08-09,183.32000732421875,185.1300048828125,182.75,184.10000610351562,156.94078063964844,719600
2019-08-12,183.19000244140625,183.39999389648438,180.6199951171875,181.35000610351562,154.5964813232422,573200
2019-08-13,181.14999389648438,184.61000061035156,180.64999389648438,183.11000061035156,156.0968017578125,801500
2019-08-14,181.9600067138672,182.30999755859375,179.6999969482422,180.8300018310547,154.15316772460938,1555500
2019-08-15,180.8300018310547,182.86000061035156,180.19000244140625,182.22000122070312,155.33816528320312,1200800
2019-08-16,183.69000244140625,186.38999938964844,183.35000610351562,184.35000610351562,157.15390014648438,1450900
2019-08-19,186.52999877929688,188.02000427246094,185.89999389648438,187.58999633789062,159.91590881347656,758200
2019-08-20,186.72999572753906,187.86000061035156,186.08999633789062,187.1699981689453,159.55787658691406,941700
2019-08-21,189.0,189.0399932861328,186.6699981689453,188.47999572753906,160.6746063232422,1012800
2019-08-22,189.05999755859375,189.30999755859375,186.10000610351562,187.5500030517578,159.88180541992188,634000
2019-08-23,186.75999450683594,189.27000427246094,182.47000122070312,183.5500030517578,156.47190856933594,1618100
2019-08-26,185.22999572753906,185.7100067138672,182.1999969482422,184.64999389648438,157.4095916748047,632100
2019-08-27,185.32000732421875,185.63999938964844,182.5800018310547,183.36000061035156,156.30996704101562,623700
2019-08-28,182.7899932861328,185.6199951171875,182.1300048828125,185.44000244140625,158.0831298828125,533600
2019-08-29,186.85000610351562,189.83999633789062,186.4499969482422,189.47000122070312,161.51856994628906,1300400
2019-08-30,190.5,192.22000122070312,190.0,191.27000427246094,163.0530242919922,1149500
2019-09-03,190.0399932861328,190.82000732421875,187.1699981689453,189.27999877929688,161.35658264160156,826000
2019-09-04,191.02000427246094,192.11000061035156,190.1699981689453,190.7100067138672,162.5756378173828,963300
2019-09-05,192.4499969482422,193.63999938964844,191.67999267578125,192.27000427246094,163.90554809570312,818600
2019-09-06,193.08999633789062,193.75999450683594,192.0399932861328,192.6699981689453,164.24649047851562,699000
2019-09-09,192.83999633789062,193.0,187.52999877929688,188.07000732421875,160.3251495361328,1612300
2019-09-10,187.6999969482422,187.8699951171875,185.39999389648438,187.8699951171875,160.15464782714844,1097400
2019-09-11,187.86000061035156,188.6199951171875,186.35000610351562,188.60000610351562,160.77691650390625,836500
2019-09-12,190.0,190.0,187.1300048828125,189.41000366210938,161.46739196777344,1042600
2019-09-13,190.14999389648438,190.22999572753906,189.00999450683594,189.9600067138672,161.93621826171875,1064600
2019-09-16,190.83999633789062,191.6699981689453,188.35000610351562,190.97000122070312,162.7972869873047,1550900
2019-09-17,192.5800018310547,192.5800018310547,189.55999755859375,191.30999755859375,163.087158203125,1212800
2019-09-18,191.05999755859375,191.05999755859375,187.89999389648438,190.3000030517578,162.22610473632812,1208400
2019-09-19,189.13999938964844,190.19000244140625,187.00999450683594,188.1300048828125,160.37623596191406,1299000
2019-09-20,188.67999267578125,189.0,186.07000732421875,187.3699951171875,159.72836303710938,7626700
2019-09-23,186.25,188.55999755859375,185.05999755859375,186.7899932861328,159.23390197753906,1318100
2019-09-24,187.97000122070312,188.85000610351562,184.41000366210938,184.6999969482422,157.45225524902344,1817900
2019-09-25,185.4499969482422,186.41000366210938,184.55999755859375,186.0,158.5605010986328,1755900
2019-09-26,186.52000427246094,186.80999755859375,185.22000122070312,186.0,158.5605010986328,1176300
2019-09-27,186.80999755859375,186.88999938964844,182.5399932861328,183.02000427246094,156.02011108398438,1140800
2019-09-30,183.36000061035156,184.32000732421875,182.66000366210938,182.72999572753906,155.77288818359375,1187700
2019-10-01,183.83999633789062,184.5399932861328,177.6300048828125,178.7100067138672,152.34597778320312,1582900
2019-10-02,177.5399932861328,178.25999450683594,174.1199951171875,174.41000366210938,148.6802978515625,1201800
2019-10-03,174.30999755859375,175.0,172.00999450683594,174.8800048828125,149.08096313476562,870600
2019-10-04,175.0,176.88999938964844,173.75,176.63999938964844,150.58132934570312,904900
2019-10-07,176.22999572753906,178.1999969482422,175.8800048828125,176.6999969482422,150.63246154785156,928100
2019-10-08,175.64999389648438,178.47999572753906,174.82000732421875,176.5,150.46200561523438,1377500
2019-10-09,178.0,178.8699951171875,176.1999969482422,177.0500030517578,150.93084716796875,962700
2019-10-10,175.5,178.52000427246094,175.5,176.69000244140625,151.49673461914062,796700
2019-10-11,178.8000030517578,181.14999389648438,178.3699951171875,179.6300048828125,154.017578125,853400
2019-10-14,179.66000366210938,179.86000061035156,178.8000030517578,179.1199951171875,153.5802764892578,591400
2019-10-15,179.17999267578125,179.6300048828125,178.33999633789062,178.4499969482422,153.0057830810547,818000
2019-10-16,178.4499969482422,179.22999572753906,177.2100067138672,178.2899932861328,152.86859130859375,768600
2019-10-17,178.11000061035156,178.55999755859375,176.5800018310547,176.75999450683594,151.5567626953125,785200
2019-10-18,177.0500030517578,177.0500030517578,173.99000549316406,174.42999267578125,149.55894470214844,1070100
2019-10-21,175.3000030517578,176.9199981689453,174.64999389648438,175.4499969482422,150.4335174560547,941600
2019-10-22,175.32000732421875,180.05999755859375,175.32000732421875,179.8800048828125,154.2318572998047,1249500
2019-10-23,177.69000244140625,177.72000122070312,172.39999389648438,173.55999755859375,148.81301879882812,1988400
2019-10-24,175.97999572753906,177.75999450683594,174.6300048828125,174.6699981689453,149.76475524902344,2444000
2019-10-25,175.24000549316406,176.74000549316406,173.33999633789062,173.5399932861328,148.79583740234375,1893500
2019-10-28,174.27999877929688,175.97000122070312,173.97000122070312,174.92999267578125,149.98770141601562,1516200
2019-10-29,175.07000732421875,178.22999572753906,174.9199981689453,176.02999877929688,150.9308624267578,1831800
2019-10-30,176.44000244140625,178.69000244140625,176.0,178.24000549316406,152.8257293701172,1252300
2019-10-31,177.77999877929688,178.24000549316406,175.52999877929688,176.8000030517578,151.5910186767578,1364400
2019-11-01,178.02999877929688,180.19000244140625,178.02999877929688,179.72999572753906,154.10325622558594,1119800
2019-11-04,181.17999267578125,181.4600067138672,176.97000122070312,178.07000732421875,152.67994689941406,2442100
2019-11-05,177.92999267578125,179.69000244140625,177.10000610351562,179.3000030517578,153.73455810546875,2200500
2019-11-06,179.9199981689453,181.69000244140625,179.9199981689453,181.57000732421875,155.68092346191406,1321300
2019-11-07,182.0,183.22999572753906,181.52999877929688,182.9499969482422,156.8641357421875,1314500
2019-11-08,182.6699981689453,185.9600067138672,182.6699981689453,185.0800018310547,158.69044494628906,1433700
2019-11-11,184.25,184.86000061035156,182.4600067138672,184.35000610351562,158.0645294189453,678800
2019-11-12,184.0500030517578,185.64999389648438,183.52999877929688,185.27999877929688,158.86187744140625,852700
2019-11-13,185.30999755859375,186.0800018310547,184.0800018310547,184.72000122070312,158.38174438476562,944500
2019-11-14,184.58999633789062,185.80999755859375,184.52000427246094,185.19000244140625,158.7847442626953,736600
2019-11-15,186.33999633789062,187.9199981689453,185.82000732421875,187.0800018310547,160.40528869628906,1052100
2019-11-18,186.89999389648438,187.02000427246094,186.19000244140625,186.5800018310547,159.97657775878906,750100
2019-11-19,186.92999267578125,186.92999267578125,184.66000366210938,184.9499969482422,158.57899475097656,742700
2019-11-20,184.75,185.1999969482422,183.35000610351562,184.3300018310547,158.04734802246094,727600
2019-11-21,184.0500030517578,184.8800048828125,182.8000030517578,182.9499969482422,156.8641357421875,808800
2019-11-22,183.32000732421875,183.57000732421875,182.16000366210938,182.8800048828125,156.8041229248047,557800
2019-11-25,183.1999969482422,183.72000122070312,182.47000122070312,182.66000366210938,156.615478515625,847200
2019-11-26,182.7899932861328,183.77999877929688,181.72999572753906,182.02000427246094,156.06675720214844,1848200
2019-11-27,182.44000244140625,182.8800048828125,181.63999938964844,182.35000610351562,156.34967041015625,1930400
2019-11-29,182.69000244140625,182.69000244140625,181.1999969482422,181.74000549316406,155.82669067382812,915600
2019-12-02,182.02999877929688,182.25999450683594,177.75,177.99000549316406,152.61135864257812,1943200
2019-12-03,177.0,178.1999969482422,175.6999969482422,177.0399932861328,151.79684448242188,2983400
2019-12-04,177.8300018310547,180.6999969482422,177.75,178.0800018310547,152.68850708007812,1409000
2019-12-05,179.0,182.5800018310547,178.6999969482422,182.3699951171875,156.36683654785156,2458300
2019-12-06,183.0,183.74000549316406,181.97999572753906,183.5500030517578,157.3785858154297,1444600
2019-12-09,183.0399932861328,183.92999267578125,182.25,183.1699981689453,157.0527801513672,1275100
2019-12-10,183.02999877929688,183.2899932861328,180.24000549316406,180.47999572753906,154.74636840820312,1191400
2019-12-11,180.27999877929688,180.57000732421875,177.57000732421875,179.27000427246094,153.70884704589844,1603000
2019-12-12,180.0,182.6699981689453,179.38999938964844,180.47000122070312,154.7377166748047,1204700
2019-12-13,179.89999389648438,180.9199981689453,178.41000366210938,179.02999877929688,153.5030517578125,968300
2019-12-16,179.4199981689453,180.88999938964844,178.85000610351562,180.58999633789062,154.8406524658203,1031500
2019-12-17,181.2899932861328,182.0500030517578,180.67999267578125,181.10000610351562,155.2779083251953,857500
2019-12-18,181.07000732421875,181.32000732421875,178.4199981689453,178.4600067138672,153.01434326171875,995100
2019-12-19,179.10000610351562,179.94000244140625,178.22999572753906,178.64999389648438,153.17724609375,1161900
2019-12-20,178.75999450683594,179.5399932861328,178.11000061035156,178.3300018310547,152.90284729003906,1961900
2019-12-23,179.1699981689453,180.72000122070312,178.50999450683594,179.74000549316406,154.11183166503906,1404400
2019-12-24,180.02000427246094,180.0800018310547,178.27000427246094,178.82000732421875,153.32301330566406,321400
2019-12-26,179.1199951171875,179.27000427246094,177.41000366210938,178.19000244140625,152.7828369140625,664600
2019-12-27,178.38999938964844,178.94000244140625,177.13999938964844,177.49000549316406,152.18263244628906,781100
2019-12-30,177.5399932861328,177.8699951171875,175.77000427246094,176.00999450683594,150.9136962890625,886600
2019-12-31,175.97999572753906,176.8699951171875,175.32000732421875,176.35000610351562,151.20521545410156,726300
2020-01-02,177.4499969482422,179.0399932861328,176.9199981689453,178.42999267578125,152.9885711669922,1472100
2020-01-03,178.0,180.42999267578125,178.0,180.17999267578125,154.48907470703125,1662200
2020-01-06,181.5500030517578,182.97999572753906,181.0,182.08999633789062,156.12677001953125,1957000
2020-01-07,180.4199981689453,181.6300048828125,179.75,180.02000427246094,154.35191345214844,1454600
2020-01-08,180.1999969482422,181.94000244140625,179.60000610351562,180.47999572753906,154.74636840820312,1226400
2020-01-09,181.0,182.91000366210938,180.9600067138672,181.61000061035156,155.7152099609375,1581600
2020-01-10,181.50999450683594,181.7899932861328,179.41000366210938,179.50999450683594,153.9146270751953,831700
2020-01-13,180.24000549316406,182.08999633789062,180.0399932861328,181.1300048828125,155.3035888671875,898000
2020-01-14,181.0,181.52999877929688,179.66000366210938,180.97000122070312,155.16644287109375,917900
2020-01-15,181.07000732421875,182.9600067138672,181.07000732421875,181.61000061035156,155.7152099609375,1174700
2020-01-16,181.52999877929688,183.07000732421875,181.11000061035156,182.39999389648438,157.2759246826172,1289900
2020-01-17,182.77999877929688,183.1199951171875,181.47999572753906,181.88999938964844,156.8361358642578,1820000
2020-01-21,181.4600067138672,184.55999755859375,180.82000732421875,183.2899932861328,158.04327392578125,2074800
2020-01-22,183.86000061035156,185.5800018310547,183.08999633789062,183.10000610351562,157.8794708251953,1058700
2020-01-23,182.8699951171875,185.47000122070312,182.0500030517578,184.6199951171875,159.19009399414062,1146700
2020-01-24,185.22999572753906,185.80999755859375,184.3300018310547,185.07000732421875,159.578125,925500
2020-01-27,182.36000061035156,183.72999572753906,181.58999633789062,182.57000732421875,157.4224853515625,1132300
2020-01-28,183.0800018310547,184.67999267578125,180.75999450683594,183.6300048828125,158.33648681640625,1533900
2020-01-29,183.9199981689453,184.4199981689453,179.61000061035156,183.47000122070312,158.19851684570312,2033200
2020-01-30,182.3000030517578,183.49000549316406,179.72000122070312,181.22999572753906,156.26702880859375,1842500
2020-01-31,180.24000549316406,180.91000366210938,174.7899932861328,175.44000244140625,151.27456665039062,2365700
2020-02-03,177.16000366210938,178.6199951171875,175.19000244140625,176.6199951171875,152.2920684814453,1605300
2020-02-04,179.24000549316406,180.66000366210938,179.0,179.52999877929688,154.80117797851562,1882500
2020-02-05,181.00999450683594,184.4600067138672,180.0800018310547,183.97000122070312,158.629638671875,1273300
2020-02-06,185.64999389648438,187.30999755859375,185.1999969482422,186.1300048828125,160.49212646484375,1319600
2020-02-07,185.77999877929688,188.3000030517578,185.58999633789062,186.74000549316406,161.01808166503906,1715400
2020-02-10,186.50999450683594,188.47000122070312,185.33999633789062,186.25,160.59556579589844,1239900
2020-02-11,186.92999267578125,188.3800048828125,185.3800048828125,186.94000244140625,161.1905517578125,1599100
2020-02-12,187.36000061035156,188.75,186.44000244140625,188.75,162.75123596191406,1447900
2020-02-13,187.82000732421875,190.0800018310547,187.5800018310547,189.42999267578125,163.3375701904297,1546000
2020-02-14,189.36000061035156,189.39999389648438,186.6199951171875,188.05999755859375,162.15625,1351800
2020-02-18,187.16000366210938,188.72999572753906,186.69000244140625,188.13999938964844,162.22525024414062,1139900
2020-02-19,188.22999572753906,188.69000244140625,186.3300018310547,186.5500030517578,160.854248046875,1191200
2020-02-20,186.07000732421875,187.35000610351562,184.42999267578125,185.9499969482422,160.33688354492188,1247900
2020-02-21,184.91000366210938,187.86000061035156,183.61000061035156,187.60000610351562,161.75967407226562,1416900
2020-02-24,183.11000061035156,185.64999389648438,182.0800018310547,184.61000061035156,159.18148803710938,1857900
2020-02-25,184.9499969482422,185.63999938964844,173.27000427246094,173.9199981689453,149.96397399902344,2780100
2020-02-26,175.25,176.83999633789062,171.22000122070312,171.5500030517578,147.92034912109375,2737400
2020-02-27,169.17999267578125,172.69000244140625,165.52999877929688,166.13999938964844,143.25555419921875,2809100
2020-02-28,160.5800018310547,163.69000244140625,155.47000122070312,159.69000244140625,137.69400024414062,3827400
2020-03-02,160.55999755859375,165.22999572753906,157.60000610351562,165.02999877929688,142.29844665527344,2233200
2020-03-03,164.88999938964844,170.19000244140625,160.72999572753906,161.0500030517578,138.8666534423828,2418200
2020-03-04,163.44000244140625,169.72000122070312,161.2100067138672,168.27999877929688,145.10079956054688,2694600
2020-03-05,164.66000366210938,167.92999267578125,161.63999938964844,163.36000061035156,140.85845947265625,2951400
2020-03-06,159.35000610351562,164.19000244140625,157.11000061035156,163.02999877929688,140.5739288330078,1879300
2020-03-09,152.0399932861328,157.1199951171875,146.58999633789062,150.02000427246094,129.35601806640625,3241700
2020-03-10,155.00999450683594,155.63999938964844,149.61000061035156,155.3000030517578,133.90870666503906,2606800
2020-03-11,150.6300048828125,154.3000030517578,147.13999938964844,148.4499969482422,128.00221252441406,2753300
2020-03-12,137.63999938964844,139.4600067138672,128.52999877929688,132.22999572753906,114.01638793945312,5116200
2020-03-13,139.13999938964844,141.57000732421875,131.6199951171875,139.63999938964844,120.40570831298828,4187600
2020-03-16,126.26000213623047,137.10000610351562,126.26000213623047,126.69999694824219,109.24812316894531,3951400
2020-03-17,128.1699981689453,131.94000244140625,125.4000015258789,131.58999633789062,113.46456146240234,3327300
2020-03-18,123.38999938964844,126.31999969482422,115.70999908447266,121.11000061035156,104.42810821533203,2780000
2020-03-19,120.01000213623047,120.01000213623047,110.0199966430664,118.02999877929688,101.7723159790039,3248100
2020-03-20,118.19000244140625,121.83999633789062,113.27999877929688,113.98999786376953,98.28882598876953,3390300
2020-03-23,112.16000366210938,113.0,100.55000305175781,106.5999984741211,91.91673278808594,3724400
2020-03-24,112.20999908447266,116.02999877929688,110.58000183105469,114.20999908447266,98.47850036621094,3280800
2020-03-25,116.5,125.70999908447266,114.5199966430664,122.0,105.19549560546875,3310200
2020-03-26,124.47000122070312,134.8800048828125,124.13999938964844,133.16000366210938,114.81831359863281,2842400
2020-03-27,129.47999572753906,133.58999633789062,128.0,130.07000732421875,112.15392303466797,2431300
2020-03-30,130.0,134.4600067138672,127.08000183105469,133.60000610351562,115.19770050048828,1880700
2020-03-31,132.5,134.57000732421875,131.1300048828125,132.30999755859375,114.08538055419922,1701200
2020-04-01,126.70999908447266,129.0,125.19000244140625,127.4000015258789,109.8517074584961,1439100
2020-04-02,125.9000015258789,130.25999450683594,124.9000015258789,127.91999816894531,110.300048828125,1426300
2020-04-03,127.23999786376953,128.58999633789062,124.69999694824219,125.68000030517578,108.36862182617188,1207500
2020-04-06,131.6199951171875,134.49000549316406,130.3000030517578,133.69000244140625,115.2752456665039,2370700
2020-04-07,140.41000366210938,141.3800048828125,134.17999267578125,134.39999389648438,115.88748931884766,2783900
2020-04-08,135.4199981689453,138.3800048828125,134.0399932861328,137.38999938964844,119.44322967529297,1701000
2020-04-09,140.35000610351562,142.4600067138672,138.61000061035156,141.00999450683594,122.59037017822266,2273700
2020-04-13,140.94000244140625,141.42999267578125,136.52000427246094,136.9499969482422,119.06071472167969,1406700
2020-04-14,139.00999450683594,141.52000427246094,138.4199981689453,138.5,120.4082260131836,1446600
2020-04-15,135.1999969482422,136.0,131.8000030517578,133.80999755859375,116.33087921142578,1609100
2020-04-16,133.61000061035156,134.05999755859375,130.55999755859375,132.44000244140625,115.13985443115234,1289500
2020-04-17,136.00999450683594,139.5,135.25,138.19000244140625,120.13872528076172,2036600
2020-04-20,137.99000549316406,138.1999969482422,135.1999969482422,135.25,117.58277893066406,1272500
2020-04-21,132.4499969482422,133.85000610351562,130.67999267578125,131.69000244140625,114.48782348632812,1328000
2020-04-22,134.57000732421875,134.8800048828125,132.5800018310547,133.3699951171875,115.94834899902344,1692700
2020-04-23,134.0,134.82000732421875,130.36000061035156,130.49000549316406,113.44454956054688,1885200
2020-04-24,131.39999389648438,131.6199951171875,128.66000366210938,129.3000030517578,112.4100112915039,2651400
2020-04-27,130.0,135.60000610351562,129.75999450683594,134.5,116.93075561523438,3679500
2020-04-28,138.41000366210938,139.22000122070312,135.8000030517578,136.49000549316406,118.6607894897461,1967200
2020-04-29,139.8000030517578,140.25999450683594,134.7899932861328,136.64999389648438,118.79989624023438,3700700
2020-04-30,133.94000244140625,135.27000427246094,129.50999450683594,130.6199951171875,113.55757904052734,2784400
2020-05-01,129.16000366210938,129.33999633789062,126.38999938964844,127.80000305175781,111.10596466064453,1881200
2020-05-04,126.08000183105469,126.55000305175781,123.52999877929688,124.77999877929688,108.48043823242188,3111000
2020-05-05,126.0,129.3800048828125,125.51000213623047,126.36000061035156,109.85403442382812,1987700
2020-05-06,126.70999908447266,127.12000274658203,121.66999816894531,121.7300033569336,105.828857421875,1792900
2020-05-07,123.2699966430664,127.36000061035156,123.11000061035156,127.12999725341797,110.52346801757812,1855900
2020-05-08,128.8000030517578,135.5800018310547,128.8000030517578,135.35000610351562,117.66970825195312,2916000
2020-05-11,134.02000427246094,136.89999389648438,133.0399932861328,133.80999755859375,116.33087921142578,3247400
2020-05-12,134.11000061035156,134.8300018310547,131.72999572753906,132.0399932861328,114.79206848144531,4013200
2020-05-13,131.5399932861328,132.0399932861328,129.9499969482422,131.5,114.3226318359375,3236800
2020-05-14,130.0,134.30999755859375,129.11000061035156,132.91000366210938,115.5484619140625,2547600
2020-05-15,131.32000732421875,134.02999877929688,130.1999969482422,130.9199981689453,113.81838989257812,2975600
2020-05-18,136.22999572753906,140.4499969482422,134.99000549316406,139.47999572753906,121.26021575927734,1719600
2020-05-19,140.1199951171875,140.52999877929688,136.05999755859375,136.19000244140625,118.4000015258789,1415700
2020-05-20,137.85000610351562,138.4199981689453,136.5500030517578,136.99000549316406,119.09552001953125,1336300
2020-05-21,137.1999969482422,139.10000610351562,136.39999389648438,138.6699981689453,120.55603790283203,1271400
2020-05-22,139.3000030517578,139.3000030517578,136.60000610351562,138.57000732421875,120.46907043457031,884100
2020-05-26,143.0800018310547,146.0500030517578,142.55999755859375,144.64999389648438,125.75487518310547,1619500
2020-05-27,149.22999572753906,150.57000732421875,147.50999450683594,150.4499969482422,130.7972869873047,1901200
2020-05-28,152.1699981689453,152.4499969482422,148.02999877929688,148.49000549316406,129.0933074951172,1429400
2020-05-29,147.24000549316406,147.8300018310547,143.8000030517578,146.8300018310547,127.65013885498047,1611000
2020-06-01,146.75,148.8000030517578,146.47999572753906,147.27000427246094,128.03265380859375,957000
2020-06-02,148.3300018310547,149.97000122070312,147.3699951171875,149.32000732421875,129.81484985351562,1225600
2020-06-03,151.38999938964844,155.72000122070312,151.05999755859375,155.22999572753906,134.95286560058594,1284100
2020-06-04,155.22000122070312,157.44000244140625,153.8699951171875,157.08999633789062,136.5698699951172,1387700
2020-06-05,164.3699951171875,165.13999938964844,160.9199981689453,162.22000122070312,141.02978515625,1969800
2020-06-08,164.14999389648438,168.3300018310547,164.02000427246094,167.77999877929688,145.86351013183594,1770800
2020-06-09,165.0,165.75,162.0,163.47999572753906,142.12518310546875,1389400
2020-06-10,162.80999755859375,162.80999755859375,157.97000122070312,158.0500030517578,137.40447998046875,1187000
2020-06-11,151.6699981689453,153.66000366210938,148.11000061035156,148.5500030517578,129.14547729492188,1864500
2020-06-12,153.3300018310547,153.67999267578125,147.39999389648438,149.1999969482422,129.7105255126953,1859500
2020-06-15,145.11000061035156,154.47999572753906,144.52000427246094,153.08999633789062,133.09237670898438,1338700
2020-06-16,158.69000244140625,159.47999572753906,154.14999389648438,155.99000549316406,135.61358642578125,1694800
2020-06-17,156.57000732421875,158.85000610351562,156.25,157.0500030517578,136.53512573242188,1273600
2020-06-18,156.0,160.55999755859375,155.3699951171875,159.05999755859375,138.28256225585938,1589000
2020-06-19,161.7899932861328,161.7899932861328,156.52000427246094,157.6199951171875,137.03065490722656,3180200
2020-06-22,155.72999572753906,156.6300048828125,153.1999969482422,153.8000030517578,133.70965576171875,1632800
2020-06-23,154.10000610351562,155.3300018310547,152.49000549316406,152.75,132.79684448242188,1057400
2020-06-24,151.0,151.0,145.89999389648438,146.4499969482422,127.31973266601562,1811000
2020-06-25,145.0,147.08999633789062,143.67999267578125,146.9600067138672,127.76314544677734,1589500
2020-06-26,146.47999572753906,147.32000732421875,144.52000427246094,146.0500030517578,126.97201538085938,2073100
2020-06-29,148.22000122070312,149.38999938964844,147.05999755859375,149.33999633789062,129.83224487304688,1032600
2020-06-30,148.1300048828125,150.2100067138672,147.6999969482422,149.4600067138672,129.9365997314453,1330300
2020-07-01,149.0,150.61000061035156,146.91000366210938,147.13999938964844,128.8680877685547,873300
2020-07-02,149.63999938964844,150.86000061035156,147.05999755859375,147.3000030517578,129.0082244873047,761200
2020-07-06,149.50999450683594,149.66000366210938,147.02000427246094,148.47000122070312,130.03289794921875,931300
2020-07-07,148.0,149.1999969482422,145.00999450683594,145.17999267578125,127.15145111083984,1511700
2020-07-08,145.52000427246094,145.80999755859375,143.05999755859375,143.89999389648438,126.0304183959961,1176300
2020-07-09,142.97999572753906,143.88999938964844,137.82000732421875,138.02000427246094,120.8805923461914,1301400
2020-07-10,138.1999969482422,142.05999755859375,138.1999969482422,141.97000122070312,124.34008026123047,948900
2020-07-13,142.9199981689453,144.42999267578125,141.35000610351562,142.82000732421875,125.08451080322266,1293500
2020-07-14,142.25,143.92999267578125,141.11000061035156,143.36000061035156,125.55748748779297,960100
2020-07-15,146.85000610351562,146.85000610351562,145.2100067138672,145.7899932861328,127.68572235107422,1999900
2020-07-16,145.52000427246094,149.58999633789062,144.55999755859375,148.50999450683594,130.0679473876953,1648400
2020-07-17,149.39999389648438,149.63999938964844,148.02999877929688,148.91000366210938,130.4182891845703,827100
2020-07-20,147.85000610351562,148.47000122070312,145.35000610351562,145.4499969482422,127.38794708251953,1010400
2020-07-21,146.66000366210938,149.75999450683594,146.3000030517578,147.80999755859375,129.4549102783203,881000
2020-07-22,146.9199981689453,151.5800018310547,146.6199951171875,151.52999877929688,132.71292114257812,1253500
2020-07-23,152.1999969482422,152.9199981689453,150.11000061035156,151.00999450683594,132.25750732421875,963200
2020-07-24,151.6199951171875,153.25999450683594,149.52000427246094,150.14999389648438,131.5043182373047,787700
2020-07-27,149.47000122070312,149.50999450683594,147.50999450683594,147.97999572753906,129.60379028320312,695000
2020-07-28,147.5,150.64999389648438,147.10000610351562,148.57000732421875,130.12049865722656,1000700
2020-07-29,147.22999572753906,149.64999389648438,144.5800018310547,149.44000244140625,130.8824920654297,1918500
2020-07-30,147.02000427246094,149.69000244140625,146.8000030517578,148.86000061035156,130.37448120117188,1408800
2020-07-31,148.22999572753906,148.22999572753906,144.75999450683594,146.74000549316406,128.51776123046875,1659600
2020-08-03,145.66000366210938,148.3699951171875,144.32000732421875,147.72000122070312,129.37599182128906,1387600
2020-08-04,148.1199951171875,149.0399932861328,146.75,147.24000549316406,128.95565795898438,2103900
2020-08-05,148.6999969482422,149.88999938964844,148.0800018310547,149.19000244140625,130.66348266601562,1148300
2020-08-06,148.99000549316406,149.64999389648438,148.3300018310547,149.13999938964844,130.61972045898438,867200
2020-08-07,149.11000061035156,152.97999572753906,148.50999450683594,152.97000122070312,133.97410583496094,1851900
2020-08-10,153.52000427246094,156.77000427246094,153.42999267578125,156.55999755859375,137.11830139160156,1144600
2020-08-11,159.47999572753906,160.83999633789062,157.9499969482422,158.85000610351562,139.12393188476562,1793200
2020-08-12,160.3699951171875,160.67999267578125,154.69000244140625,156.41000366210938,136.98690795898438,1312000
2020-08-13,154.32000732421875,156.5,153.74000549316406,154.9499969482422,135.70828247070312,1053800
2020-08-14,154.11000061035156,157.66000366210938,153.64999389648438,156.4600067138672,137.03070068359375,719100
2020-08-17,156.52000427246094,156.7899932861328,153.35000610351562,153.72000122070312,134.63096618652344,1089900
2020-08-18,153.27999877929688,154.10000610351562,152.72000122070312,153.02999877929688,134.02664184570312,617500
2020-08-19,152.9600067138672,154.55999755859375,152.08999633789062,152.49000549316406,133.55369567871094,701900
2020-08-20,151.25,151.9499969482422,150.49000549316406,150.94000244140625,132.19619750976562,801500
2020-08-21,150.0,151.35000610351562,149.02999877929688,149.80999755859375,131.20651245117188,1518900
2020-08-24,150.49000549316406,153.38999938964844,149.75,153.3000030517578,134.26312255859375,1002300
2020-08-25,154.3000030517578,154.72999572753906,150.8699951171875,151.47000122070312,132.660400390625,741200
2020-08-26,150.9199981689453,151.49000549316406,149.4199981689453,150.47000122070312,131.78457641601562,806200
2020-08-27,150.61000061035156,153.52999877929688,150.39999389648438,152.44000244140625,133.5099639892578,1147600
2020-08-28,152.83999633789062,152.99000549316406,150.72999572753906,152.27000427246094,133.36105346679688,670600
2020-08-31,152.07000732421875,152.39999389648438,148.9499969482422,149.35000610351562,130.8036346435547,1176600
2020-09-01,147.8000030517578,150.32000732421875,147.36000061035156,150.19000244140625,131.539306640625,954300
2020-09-02,150.05999755859375,154.5,149.9199981689453,153.9199981689453,134.80612182617188,1259100
2020-09-03,155.0,156.55999755859375,150.61000061035156,151.94000244140625,133.07203674316406,1338400
2020-09-04,153.5,154.3800048828125,149.7899932861328,151.6999969482422,132.86183166503906,1121700
2020-09-08,149.77999877929688,150.5500030517578,146.60000610351562,146.9600067138672,128.7104034423828,1587900
2020-09-09,147.27999877929688,147.7899932861328,145.14999389648438,146.1699981689453,128.01852416992188,1289700
2020-09-10,146.60000610351562,147.75,142.41000366210938,142.5800018310547,124.87432861328125,1396000
2020-09-11,144.10000610351562,146.1999969482422,142.6199951171875,145.36000061035156,127.30914306640625,1131500
2020-09-14,146.4600067138672,148.52000427246094,145.75,147.47000122070312,129.15708923339844,763800
2020-09-15,147.32000732421875,148.11000061035156,144.97999572753906,145.13999938964844,127.11644744873047,830900
2020-09-16,145.25,148.5500030517578,144.3000030517578,146.77999877929688,128.5527801513672,1069000
2020-09-17,140.64999389648438,144.91000366210938,139.50999450683594,144.58999633789062,126.63478088378906,1532800
2020-09-18,143.00999450683594,145.6300048828125,142.72999572753906,142.99000549316406,125.23348999023438,1836500
2020-09-21,141.35000610351562,141.49000549316406,137.42999267578125,138.3300018310547,121.152099609375,1373600
2020-09-22,138.36000061035156,140.25,137.35000610351562,139.4499969482422,122.13301086425781,935500
2020-09-23,140.07000732421875,141.82000732421875,136.19000244140625,136.50999450683594,119.55813598632812,1033400
2020-09-24,136.1199951171875,138.4499969482422,135.16000366210938,136.89999389648438,119.89966583251953,929400
2020-09-25,135.83999633789062,138.77000427246094,135.55999755859375,138.2100067138672,121.04701232910156,883000
2020-09-28,139.6999969482422,142.39999389648438,139.6999969482422,140.9199981689453,123.42046356201172,721500
2020-09-29,140.42999267578125,140.5800018310547,137.88999938964844,138.5500030517578,121.34481048583984,1066600
2020-09-30,139.16000366210938,140.13999938964844,137.07000732421875,138.42999267578125,121.23970031738281,1208700
2020-10-01,138.88999938964844,140.0800018310547,136.8000030517578,138.22000122070312,121.05575561523438,887400
2020-10-02,133.72000122070312,140.94000244140625,133.60000610351562,140.49000549316406,123.04389190673828,1325300
2020-10-05,141.97999572753906,143.35000610351562,141.11000061035156,142.72999572753906,125.00575256347656,936200
2020-10-06,144.0800018310547,146.97000122070312,142.02999877929688,142.30999755859375,124.63786315917969,1347500
2020-10-07,143.6699981689453,145.64999389648438,143.52999877929688,144.8699951171875,126.87995147705078,1204100
2020-10-08,145.0,145.66000366210938,143.60000610351562,145.0399932861328,128.00076293945312,854600
2020-10-09,146.11000061035156,146.11000061035156,143.52999877929688,143.66000366210938,126.78290557861328,1974000
2020-10-12,144.8000030517578,146.75999450683594,143.83999633789062,144.72999572753906,127.7271957397461,1611700
2020-10-13,144.60000610351562,144.97999572753906,141.66000366210938,143.24000549316406,126.41226196289062,1235800
2020-10-14,142.8000030517578,145.39999389648438,142.6999969482422,142.88999938964844,126.10335540771484,1350800
2020-10-15,141.6999969482422,142.0,140.17999267578125,140.80999755859375,124.26771545410156,1336200
2020-10-16,141.6199951171875,142.5,140.25,142.24000549316406,125.52970886230469,2653200
2020-10-19,142.25,142.77000427246094,138.1999969482422,138.67999267578125,122.387939453125,1500400
2020-10-20,140.25,140.57000732421875,137.77000427246094,138.4600067138672,122.1938247680664,889100
2020-10-21,137.83999633789062,138.7100067138672,136.5,136.61000061035156,120.56111907958984,1007200
2020-10-22,136.5800018310547,139.6699981689453,136.36000061035156,139.4199981689453,123.04100036621094,1282400
2020-10-23,140.39999389648438,141.19000244140625,139.41000366210938,140.6999969482422,124.17063903808594,993100
2020-10-26,139.25999450683594,139.61000061035156,136.42999267578125,138.50999450683594,122.23790740966797,1646200
2020-10-27,137.9499969482422,138.11000061035156,134.8699951171875,134.8699951171875,119.02552032470703,1998200
2020-10-28,134.83999633789062,137.66000366210938,132.1699981689453,132.42999267578125,116.87218475341797,1866900
2020-10-29,131.82000732421875,133.47999572753906,130.1199951171875,131.32000732421875,115.89257049560547,1454900
2020-10-30,130.55999755859375,132.72000122070312,129.1699981689453,131.3300018310547,115.90142059326172,2350000
2020-11-02,133.3699951171875,136.52999877929688,132.57000732421875,136.08999633789062,120.10221099853516,1417100
2020-11-03,137.75,139.58999633789062,136.97000122070312,138.1999969482422,121.96434020996094,1928500
2020-11-04,138.97999572753906,143.3300018310547,137.24000549316406,139.08999633789062,122.749755859375,1855900
2020-11-05,139.52999877929688,141.1300048828125,138.0,139.14999389648438,122.80270385742188,1158200
2020-11-06,139.5500030517578,140.13999938964844,138.13999938964844,139.32000732421875,122.9527587890625,999000
2020-11-09,147.17999267578125,150.38999938964844,144.77000427246094,147.1300048828125,129.84521484375,2276200
2020-11-10,148.8000030517578,152.02999877929688,148.14999389648438,151.30999755859375,133.53414916992188,1994800
2020-11-11,151.08999633789062,151.08999633789062,148.1699981689453,150.2899932861328,132.63400268554688,1794600
2020-11-12,148.55999755859375,149.52000427246094,146.6999969482422,147.5,130.17178344726562,1298400
2020-11-13,148.75,151.3800048828125,148.00999450683594,151.14999389648438,133.39297485351562,1217500
2020-11-16,153.8300018310547,154.08999633789062,151.75999450683594,152.92999267578125,134.96388244628906,1605400
2020-11-17,151.67999267578125,153.2899932861328,150.9199981689453,151.47000122070312,133.67538452148438,1241700
2020-11-18,152.42999267578125,155.22000122070312,151.83999633789062,153.5,135.4669189453125,1536200
2020-11-19,152.5,153.1999969482422,149.2899932861328,149.99000549316406,132.36924743652344,1413100
2020-11-20,150.0,150.3300018310547,147.5,148.36000061035156,130.9307403564453,1358800
2020-11-23,148.99000549316406,150.75999450683594,148.86000061035156,150.02000427246094,132.3957061767578,1413000
2020-11-24,152.63999938964844,153.74000549316406,151.22000122070312,153.6699981689453,135.616943359375,1784700
2020-11-25,153.85000610351562,153.85000610351562,151.5399932861328,152.0399932861328,134.17845153808594,845000
2020-11-27,151.6199951171875,153.02999877929688,151.27000427246094,152.05999755859375,134.196044921875,629000
2020-11-30,151.00999450683594,152.1699981689453,148.64999389648438,149.35000610351562,131.80441284179688,1572300
2020-12-01,151.0399932861328,154.2899932861328,150.6999969482422,151.75999450683594,133.9313201904297,1302700
2020-12-02,150.8699951171875,153.6199951171875,150.1199951171875,153.35000610351562,135.33453369140625,1123000
2020-12-03,153.35000610351562,155.22000122070312,152.94000244140625,153.8800048828125,135.80226135253906,1081800
2020-12-04,153.9199981689453,156.13999938964844,153.9199981689453,156.0399932861328,137.70849609375,1065000
2020-12-07,154.9499969482422,155.6300048828125,152.5,153.0,135.02560424804688,1033000
2020-12-08,152.3000030517578,154.3000030517578,152.1199951171875,153.57000732421875,135.52865600585938,958700
2020-12-09,153.6999969482422,154.7899932861328,152.9199981689453,154.13999938964844,136.03172302246094,1204000
2020-12-10,152.57000732421875,153.58999633789062,150.0800018310547,150.3699951171875,132.70462036132812,2042500
2020-12-11,149.8000030517578,151.9199981689453,148.77999877929688,151.3300018310547,133.5518341064453,2444700
2020-12-14,152.86000061035156,155.08999633789062,152.72999572753906,153.33999633789062,135.32565307617188,1757700
2020-12-15,153.63999938964844,155.38999938964844,152.05999755859375,154.60000610351562,136.43765258789062,1242100
2020-12-16,154.89999389648438,155.3000030517578,152.6300048828125,153.39999389648438,135.37863159179688,1373400
2020-12-17,153.85000610351562,154.1199951171875,151.52999877929688,151.58999633789062,133.78125,951300
2020-12-18,151.27999877929688,153.77000427246094,151.02000427246094,152.6699981689453,134.73440551757812,2447600
2020-12-21,150.00999450683594,150.91000366210938,147.32000732421875,149.6699981689453,132.0868377685547,1980300
2020-12-22,149.6199951171875,149.6699981689453,146.2899932861328,146.5,129.28924560546875,1604900
2020-12-23,147.36000061035156,149.39999389648438,147.0,148.14999389648438,130.74542236328125,1113800
2020-12-24,148.33999633789062,149.14999389648438,147.60000610351562,149.00999450683594,131.50439453125,447400
2020-12-28,149.1999969482422,150.49000549316406,148.36000061035156,148.72000122070312,131.2484588623047,777900
2020-12-29,149.77999877929688,149.77999877929688,146.38999938964844,147.5500030517578,130.21588134765625,1105300
2020-12-30,147.49000549316406,149.41000366210938,147.47999572753906,148.3000030517578,130.87774658203125,995800
2020-12-31,148.1300048828125,148.91000366210938,147.35000610351562,148.82000732421875,131.3367156982422,1753100
2021-01-04,149.25999450683594,149.25999450683594,144.80999755859375,145.94000244140625,128.7950439453125,1426600
2021-01-05,146.1999969482422,146.7100067138672,144.5,146.00999450683594,128.8568115234375,1184400
2021-01-06,145.25,150.63999938964844,145.25,149.74000549316406,132.1486053466797,1845300
2021-01-07,150.02000427246094,152.24000549316406,148.75999450683594,151.72000122070312,133.89602661132812,1340400
2021-01-08,150.4199981689453,152.6199951171875,148.60000610351562,150.77000427246094,133.0576171875,2246000
2021-01-11,150.25,152.24000549316406,149.41000366210938,151.77999877929688,133.94900512695312,1431100
2021-01-12,151.77999877929688,154.94000244140625,151.75,153.5,135.4669189453125,1531600
2021-01-13,152.88999938964844,153.44000244140625,151.3300018310547,152.6300048828125,134.6990966796875,1186800
2021-01-14,152.5,155.3800048828125,151.91000366210938,154.08999633789062,136.9747314453125,1556900
2021-01-15,153.57000732421875,154.2100067138672,151.8800048828125,153.1699981689453,136.1569366455078,1822100
2021-01-19,154.3800048828125,155.36000061035156,153.05999755859375,153.1300048828125,136.12139892578125,1439000
2021-01-20,153.24000549316406,154.39999389648438,152.41000366210938,154.02999877929688,136.92144775390625,1068700
2021-01-21,153.83999633789062,154.74000549316406,150.5,151.05999755859375,134.28131103515625,1395200
2021-01-22,150.41000366210938,153.14999389648438,149.80999755859375,152.77000427246094,135.80136108398438,1171500
2021-01-25,151.82000732421875,155.6999969482422,151.11000061035156,153.16000366210938,136.1480712890625,1849100
2021-01-26,154.33999633789062,154.6300048828125,150.02000427246094,150.3300018310547,133.6324005126953,1588700
2021-01-27,150.75,158.99000549316406,148.89999389648438,152.72999572753906,135.7658233642578,2373500
2021-01-28,153.16000366210938,153.52000427246094,149.6300048828125,150.42999267578125,133.7212371826172,1993500
2021-01-29,149.1199951171875,151.07000732421875,146.6199951171875,146.67999267578125,130.38778686523438,3102600
2021-02-01,147.4199981689453,148.5800018310547,146.52999877929688,147.6699981689453,131.26783752441406,1765000
2021-02-02,148.5,151.39999389648438,148.3300018310547,149.82000732421875,133.17906188964844,2036100
2021-02-03,148.7100067138672,153.82000732421875,148.7100067138672,153.0800018310547,136.07691955566406,1500500
2021-02-04,153.7100067138672,157.67999267578125,153.0500030517578,157.52999877929688,140.03268432617188,1613300
2021-02-05,159.02000427246094,160.47999572753906,157.64999389648438,158.82000732421875,141.17938232421875,1859000
2021-02-08,159.0,159.75,157.11000061035156,159.63999938964844,141.9083251953125,1247000
2021-02-09,159.6699981689453,162.5399932861328,158.4199981689453,162.13999938964844,144.130615234375,1108800
2021-02-10,162.63999938964844,164.02999877929688,161.88999938964844,163.1300048828125,145.01065063476562,1363100
2021-02-11,162.57000732421875,166.2100067138672,162.57000732421875,163.4499969482422,145.29515075683594,1612300
2021-02-12,163.07000732421875,165.38999938964844,162.75999450683594,164.8300018310547,146.52182006835938,1263200
2021-02-16,165.1199951171875,166.24000549316406,163.02999877929688,163.32000732421875,145.1795654296875,1361100
2021-02-17,162.97000122070312,165.08999633789062,161.57000732421875,164.49000549316406,146.21958923339844,770000
2021-02-18,164.02000427246094,164.4499969482422,162.4600067138672,163.22999572753906,145.0995330810547,672200
2021-02-19,164.27000427246094,165.24000549316406,163.82000732421875,164.77999877929688,146.4773712158203,773900
2021-02-22,164.4499969482422,167.14999389648438,163.8800048828125,166.4199981689453,147.9352264404297,1426500
2021-02-23,168.1199951171875,168.3000030517578,164.52000427246094,167.35000610351562,148.7619171142578,1367800
2021-02-24,167.4199981689453,168.92999267578125,166.39999389648438,168.05999755859375,149.39306640625,1163700
2021-02-25,167.6699981689453,168.97000122070312,165.52999877929688,166.1999969482422,147.7396240234375,1133700
2021-02-26,166.66000366210938,166.8300018310547,163.36000061035156,163.47000122070312,145.31289672851562,1730700
2021-03-01,165.0,168.55999755859375,164.8800048828125,167.05999755859375,148.504150390625,1113200
2021-03-02,166.6999969482422,168.77000427246094,166.58999633789062,167.67999267578125,149.05528259277344,1155800
2021-03-03,168.1999969482422,169.60000610351562,167.50999450683594,167.9499969482422,149.29527282714844,951000
2021-03-04,168.1300048828125,168.5,163.1199951171875,165.77000427246094,147.357421875,1311000
2021-03-05,166.9499969482422,171.47999572753906,165.8000030517578,170.52000427246094,151.57984924316406,1187900
2021-03-08,171.7899932861328,175.27000427246094,170.64999389648438,172.69000244140625,153.50880432128906,1344700
2021-03-09,172.69000244140625,173.27000427246094,168.3800048828125,168.74000549316406,149.99755859375,1846200
2021-03-10,169.57000732421875,172.82000732421875,168.61000061035156,172.4199981689453,153.26876831054688,1079900
2021-03-11,171.27999877929688,174.4499969482422,170.39999389648438,172.6699981689453,153.49102783203125,1127600
2021-03-12,174.10000610351562,176.61000061035156,174.10000610351562,176.2899932861328,156.7089385986328,1004300
2021-03-15,176.5,177.02000427246094,173.94000244140625,176.7100067138672,157.082275390625,1034500
2021-03-16,176.16000366210938,176.27999877929688,173.80999755859375,175.32000732421875,155.84671020507812,1090000
2021-03-17,176.60000610351562,178.8000030517578,175.14999389648438,177.52000427246094,157.80230712890625,1197200
2021-03-18,177.52000427246094,180.35000610351562,177.52000427246094,179.24000549316406,159.33126831054688,1288800
2021-03-19,178.27000427246094,178.9199981689453,174.9499969482422,177.6199951171875,157.8912353515625,2759100
2021-03-22,177.52000427246094,177.52000427246094,173.52000427246094,176.55999755859375,156.94894409179688,1041600
2021-03-23,175.8800048828125,176.99000549316406,174.32000732421875,174.8699951171875,155.44664001464844,859100
2021-03-24,176.30999755859375,179.41000366210938,176.30999755859375,176.4199981689453,156.82452392578125,920600
2021-03-25,175.80999755859375,180.25999450683594,175.75,180.05999755859375,160.06016540527344,1015400
2021-03-26,180.0,181.83999633789062,179.00999450683594,181.5399932861328,161.37579345703125,1074200
2021-03-29,181.82000732421875,184.0399932861328,180.02000427246094,183.3000030517578,162.9403076171875,1711400
2021-03-30,183.33999633789062,184.3699951171875,181.8000030517578,182.10000610351562,161.87362670898438,793300
2021-03-31,181.32000732421875,182.36000061035156,180.64999389648438,181.55999755859375,161.39358520507812,1052700
2021-04-01,181.6300048828125,181.72999572753906,179.85000610351562,180.8300018310547,160.7446746826172,851000
2021-04-05,182.1999969482422,185.66000366210938,182.0,185.58999633789062,164.9759521484375,1189200
2021-04-06,184.41000366210938,185.6999969482422,184.41000366210938,185.11000061035156,164.5492401123047,930500
2021-04-07,185.57000732421875,186.0,183.5,184.7899932861328,164.2648162841797,984900
2021-04-08,182.75,184.5800018310547,182.07000732421875,184.11000061035156,164.72109985351562,887400
2021-04-09,181.8300018310547,183.7899932861328,180.8800048828125,183.0,163.72801208496094,1258200
2021-04-12,183.4499969482422,185.1999969482422,182.9600067138672,184.94000244140625,165.46371459960938,1132700
2021-04-13,183.19000244140625,183.94000244140625,182.00999450683594,182.27999877929688,163.08377075195312,1237200
2021-04-14,182.72999572753906,185.02999877929688,182.44000244140625,183.47999572753906,164.1574249267578,823900
2021-04-15,184.0,184.2899932861328,182.42999267578125,183.92999267578125,164.56007385253906,922900
2021-04-16,185.22000122070312,185.24000549316406,183.27000427246094,184.47000122070312,165.043212890625,1418300
2021-04-19,184.44000244140625,184.91000366210938,182.77999877929688,184.7899932861328,165.32948303222656,1156600
2021-04-20,184.72000122070312,185.8699951171875,183.3699951171875,184.07000732421875,164.68531799316406,1204900
2021-04-21,183.6300048828125,185.8699951171875,183.22999572753906,185.85000610351562,166.27784729003906,863900
2021-04-22,185.44000244140625,186.08999633789062,184.25999450683594,184.5,165.0700225830078,827500
2021-04-23,184.92999267578125,186.97999572753906,184.38999938964844,186.47999572753906,166.84152221679688,795400
2021-04-26,187.50999450683594,188.4499969482422,185.0500030517578,185.19000244140625,165.68734741210938,1168800
2021-04-27,185.0399932861328,187.00999450683594,184.19000244140625,185.88999938964844,166.31362915039062,1197100
2021-04-28,188.85000610351562,189.0,185.05999755859375,185.25999450683594,165.74993896484375,1412100
2021-04-29,188.1199951171875,191.4600067138672,187.72999572753906,190.7100067138672,170.62606811523438,1363900
2021-04-30,190.07000732421875,191.1199951171875,188.77999877929688,190.22999572753906,170.19662475585938,1492300
2021-05-03,190.99000549316406,192.74000549316406,189.3800048828125,191.69000244140625,171.50283813476562,833400
2021-05-04,191.64999389648438,192.7899932861328,191.5800018310547,191.99000549316406,171.77125549316406,1396000
2021-05-05,191.6199951171875,191.89999389648438,189.4499969482422,190.67999267578125,170.59921264648438,1412700
2021-05-06,191.72000122070312,192.75,190.6699981689453,192.67999267578125,172.38856506347656,1263200
2021-05-07,193.0,195.33999633789062,192.35000610351562,194.82000732421875,174.30323791503906,1367700
2021-05-10,195.47999572753906,197.50999450683594,194.42999267578125,194.60000610351562,174.1063995361328,1004500
2021-05-11,193.80999755859375,194.32000732421875,189.75,191.5399932861328,171.3686065673828,1091700
2021-05-12,192.0,192.39999389648438,186.6999969482422,186.8800048828125,167.19940185546875,1730500
2021-05-13,187.75,192.0800018310547,186.80999755859375,191.2899932861328,171.1449737548828,1047700
2021-05-14,191.7100067138672,192.6999969482422,190.63999938964844,191.94000244140625,171.72647094726562,890800
2021-05-17,191.10000610351562,192.27000427246094,189.61000061035156,191.64999389648438,171.467041015625,966800
2021-05-18,191.74000549316406,191.80999755859375,189.32000732421875,189.35000610351562,169.40928649902344,872500
2021-05-19,187.77000427246094,188.5800018310547,185.32000732421875,188.52000427246094,168.6667022705078,927100
2021-05-20,188.83999633789062,189.75999450683594,188.10000610351562,189.05999755859375,169.14979553222656,800900
2021-05-21,189.72000122070312,191.52999877929688,188.44000244140625,189.8800048828125,169.8834686279297,1641500
2021-05-24,190.7100067138672,190.72999572753906,188.94000244140625,189.60000610351562,169.63294982910156,891200
2021-05-25,189.36000061035156,190.6999969482422,188.6999969482422,188.91000366210938,169.01560974121094,631600
2021-05-26,189.6699981689453,189.86000061035156,187.67999267578125,189.02000427246094,169.11402893066406,709300
2021-05-27,190.88999938964844,191.55999755859375,189.82000732421875,190.6699981689453,170.5902557373047,1157000
2021-05-28,191.00999450683594,191.6699981689453,189.6300048828125,189.91000366210938,169.91030883789062,713900
2021-06-01,191.25,191.5,189.33999633789062,189.5399932861328,169.57925415039062,813200
2021-06-02,190.1999969482422,191.6199951171875,189.25,191.5399932861328,171.3686065673828,1143900
2021-06-03,191.39999389648438,192.00999450683594,190.10000610351562,190.80999755859375,170.7155303955078,885100
2021-06-04,191.5,193.85000610351562,191.02999877929688,193.57000732421875,173.18487548828125,1126200
2021-06-07,193.92999267578125,194.27000427246094,190.63999938964844,191.77000427246094,171.57443237304688,1018800
2021-06-08,191.77999877929688,193.3800048828125,191.22000122070312,192.72000122070312,172.42440795898438,1004700
2021-06-09,192.63999938964844,193.3699951171875,191.25,191.8699951171875,171.66387939453125,870600
2021-06-10,192.99000549316406,193.52999877929688,191.2100067138672,191.47999572753906,171.31495666503906,790100
2021-06-11,192.27000427246094,192.27000427246094,190.7100067138672,191.49000549316406,171.3239288330078,1385400
2021-06-14,191.0,191.41000366210938,189.44000244140625,190.83999633789062,170.74237060546875,1165800
2021-06-15,191.3800048828125,193.02000427246094,191.2899932861328,192.4499969482422,172.1827850341797,935900
2021-06-16,192.30999755859375,192.4600067138672,190.0,190.0800018310547,170.06239318847656,750800
2021-06-17,190.66000366210938,191.1199951171875,186.36000061035156,187.67999267578125,167.91514587402344,915600
2021-06-18,185.25,186.72000122070312,184.52999877929688,185.14999389648438,165.65159606933594,2567800
2021-06-21,186.7899932861328,190.88999938964844,186.74000549316406,190.77999877929688,170.68870544433594,1237300
2021-06-22,190.30999755859375,190.72999572753906,189.0800018310547,189.5800018310547,169.61505126953125,968100
2021-06-23,189.99000549316406,189.99000549316406,186.77999877929688,186.80999755859375,167.1367645263672,1018000
2021-06-24,188.0399932861328,188.3000030517578,186.24000549316406,188.11000061035156,168.29989624023438,810400
2021-06-25,187.8000030517578,190.07000732421875,187.8000030517578,189.80999755859375,169.8208465576172,849200
2021-06-28,190.05999755859375,190.19000244140625,188.25,188.8699951171875,168.97982788085938,1159400
2021-06-29,189.7899932861328,190.60000610351562,186.49000549316406,186.6999969482422,167.03834533691406,1064100
2021-06-30,186.5500030517578,188.58999633789062,186.50999450683594,188.25999450683594,168.43406677246094,1102200
2021-07-01,187.82000732421875,189.08999633789062,187.27999877929688,188.0500030517578,169.3164520263672,894500
2021-07-02,188.25,189.55999755859375,187.3699951171875,188.5399932861328,169.75765991210938,619700
2021-07-06,187.80999755859375,188.0399932861328,184.3000030517578,186.91000366210938,168.29002380371094,838400
2021-07-07,185.88999938964844,190.27000427246094,185.88999938964844,189.7899932861328,170.88307189941406,1168500
2021-07-08,187.8300018310547,189.41000366210938,186.7899932861328,188.02000427246094,169.2894287109375,962200
2021-07-09,190.13999938964844,191.24000549316406,188.58999633789062,190.22000122070312,171.270263671875,1077200
2021-07-12,189.50999450683594,190.52999877929688,188.3699951171875,189.3300018310547,170.46893310546875,779000
2021-07-13,189.3699951171875,190.2899932861328,188.66000366210938,188.74000549316406,169.93775939941406,840400
2021-07-14,188.97000122070312,190.1199951171875,188.3000030517578,189.4600067138672,170.5859832763672,708200
2021-07-15,188.0,189.83999633789062,187.5800018310547,189.35000610351562,170.48699951171875,920300
2021-07-16,190.27999877929688,190.6300048828125,188.5500030517578,189.27999877929688,170.42391967773438,1057300
2021-07-19,187.1699981689453,187.63999938964844,182.66000366210938,184.08999633789062,165.75094604492188,1158200
2021-07-20,185.14999389648438,190.6300048828125,185.05999755859375,190.00999450683594,171.0811767578125,1029600
2021-07-21,191.0,192.41000366210938,190.60000610351562,191.6300048828125,172.53981018066406,699000
2021-07-22,191.1999969482422,191.1999969482422,189.8000030517578,190.57000732421875,171.5854034423828,524800
2021-07-23,191.6699981689453,192.17999267578125,190.63999938964844,191.86000061035156,172.74688720703125,455500
2021-07-26,191.25,192.60000610351562,191.25,191.9199981689453,172.80091857910156,710200
2021-07-27,191.61000061035156,195.58999633789062,190.80999755859375,194.0500030517578,174.7187042236328,1258900
2021-07-28,198.39999389648438,199.9499969482422,194.02999877929688,195.50999450683594,176.0332794189453,1267600
2021-07-29,197.30999755859375,198.91000366210938,195.4499969482422,198.13999938964844,178.4012908935547,1147800
2021-07-30,197.8000030517578,197.82000732421875,194.94000244140625,196.02999877929688,176.50146484375,907500
2021-08-02,196.8000030517578,198.80999755859375,195.5800018310547,195.8300018310547,176.3214111328125,1038400
2021-08-03,196.50999450683594,197.41000366210938,193.36000061035156,197.32000732421875,177.6629638671875,738600
2021-08-04,195.8000030517578,197.25,194.88999938964844,195.8699951171875,176.35740661621094,610300
2021-08-05,195.52000427246094,197.80999755859375,195.52000427246094,196.69000244140625,177.095703125,585600
2021-08-06,198.13999938964844,199.4499969482422,197.4499969482422,199.0800018310547,179.2476348876953,876500
2021-08-09,198.39999389648438,198.58999633789062,196.8000030517578,197.24000549316406,177.59091186523438,697900
2021-08-10,196.99000549316406,199.13999938964844,196.6999969482422,199.02000427246094,179.193603515625,596800
2021-08-11,199.42999267578125,200.74000549316406,198.57000732421875,200.69000244140625,180.69728088378906,739400
2021-08-12,200.77999877929688,201.14999389648438,198.36000061035156,199.1699981689453,179.3286590576172,526100
2021-08-13,199.47000122070312,199.61000061035156,198.0,198.3699951171875,178.60836791992188,655100
2021-08-16,198.19000244140625,200.5399932861328,196.3300018310547,200.4600067138672,180.4901580810547,629100
2021-08-17,199.47999572753906,200.4600067138672,197.88999938964844,199.32000732421875,179.46368408203125,764800
2021-08-18,198.88999938964844,199.42999267578125,196.5500030517578,196.8000030517578,177.1947479248047,1004800
2021-08-19,195.50999450683594,197.33999633789062,194.08999633789062,195.49000549316406,176.01524353027344,738000
2021-08-20,195.6300048828125,197.89999389648438,195.24000549316406,197.3000030517578,177.64495849609375,1242300
2021-08-23,198.0800018310547,199.10000610351562,197.1199951171875,198.00999450683594,178.2842254638672,556700
2021-08-24,198.6699981689453,199.60000610351562,198.1199951171875,198.9199981689453,179.10353088378906,416900
2021-08-25,199.57000732421875,200.07000732421875,198.22000122070312,199.3000030517578,179.4457244873047,396100
2021-08-26,198.8800048828125,199.38999938964844,198.1199951171875,199.07000732421875,179.23861694335938,483700
2021-08-27,199.8699951171875,200.52000427246094,199.11000061035156,199.72000122070312,179.82386779785156,622000
2021-08-30,199.92999267578125,200.00999450683594,198.52999877929688,199.19000244140625,179.34666442871094,396000
2021-08-31,199.3000030517578,200.77000427246094,199.22999572753906,200.30999755859375,180.35511779785156,786500
2021-09-01,201.0,201.0,198.52999877929688,199.7899932861328,179.8868865966797,784600
2021-09-02,200.30999755859375,202.39999389648438,200.30999755859375,202.3000030517578,182.1468505859375,948000
2021-09-03,202.0,202.89999389648438,201.19000244140625,202.4600067138672,182.2909393310547,881300
2021-09-07,201.6699981689453,203.25,200.75,202.38999938964844,182.22787475585938,1396900
2021-09-08,202.17999267578125,205.0,201.57000732421875,204.39999389648438,184.03762817382812,1085700
2021-09-09,205.0,206.4600067138672,203.77000427246094,203.80999755859375,183.5063934326172,1237400
2021-09-10,204.9499969482422,205.13999938964844,201.55999755859375,201.60000610351562,181.5166015625,1045000
2021-09-13,202.33999633789062,202.8800048828125,197.44000244140625,199.4199981689453,179.55377197265625,1484900
2021-09-14,200.42999267578125,200.42999267578125,195.92999267578125,196.66000366210938,177.06871032714844,1007700
2021-09-15,196.61000061035156,199.4600067138672,196.0800018310547,198.47999572753906,178.7073974609375,930900
2021-09-16,198.91000366210938,199.5,194.8300018310547,194.8800048828125,175.46603393554688,819600
2021-09-17,194.1199951171875,195.7899932861328,193.57000732421875,195.1199951171875,175.68212890625,2722100
2021-09-20,194.0,194.57000732421875,191.05999755859375,193.42999267578125,174.16046142578125,940400
2021-09-21,193.92999267578125,194.77999877929688,190.69000244140625,191.19000244140625,172.14361572265625,726000
2021-09-22,192.77999877929688,194.9499969482422,192.3300018310547,193.75,174.44857788085938,698200
2021-09-23,195.60000610351562,197.8800048828125,195.0,196.75,177.14968872070312,639000
2021-09-24,196.64999389648438,198.1199951171875,196.6199951171875,197.4199981689453,177.75302124023438,468900
2021-09-27,198.16000366210938,200.2100067138672,197.42999267578125,197.75999450683594,178.0591278076172,645900
2021-09-28,197.7899932861328,198.6999969482422,195.33999633789062,197.10000610351562,177.46487426757812,887700
2021-09-29,198.08999633789062,199.52000427246094,197.08999633789062,198.38999938964844,178.62632751464844,672000
2021-09-30,198.9600067138672,199.49000549316406,196.00999450683594,196.02999877929688,176.50146484375,1059500
2021-10-01,197.27000427246094,199.3000030517578,194.05999755859375,198.22000122070312,178.4733123779297,876700
2021-10-04,197.66000366210938,199.74000549316406,195.7899932861328,197.50999450683594,177.83401489257812,853100
2021-10-05,198.22999572753906,199.66000366210938,196.6199951171875,198.16000366210938,178.4192657470703,959000
2021-10-06,197.1199951171875,199.41000366210938,195.0,199.36000061035156,179.499755859375,727100
2021-10-07,199.88999938964844,202.19000244140625,199.75,201.72999572753906,182.72433471679688,664200
2021-10-08,201.94000244140625,202.83999633789062,200.86000061035156,202.1199951171875,183.07757568359375,723100
2021-10-11,202.5,205.83999633789062,201.88999938964844,202.8800048828125,183.76597595214844,701700
2021-10-12,202.8800048828125,205.4499969482422,202.6999969482422,203.5500030517578,184.3728790283203,796300
2021-10-13,203.3800048828125,204.05999755859375,200.92999267578125,203.38999938964844,184.22796630859375,674100
2021-10-14,204.72000122070312,205.6699981689453,203.39999389648438,205.13999938964844,185.81307983398438,737100
2021-10-15,205.75,208.92999267578125,205.75,208.05999755859375,188.45797729492188,1076700
2021-10-18,206.9199981689453,208.27000427246094,205.74000549316406,206.66000366210938,187.1898651123047,591300
2021-10-19,207.0800018310547,209.02999877929688,206.0500030517578,208.6199951171875,188.9652099609375,746000
2021-10-20,208.6199951171875,209.6300048828125,207.97000122070312,208.44000244140625,188.80218505859375,939500
2021-10-21,207.9600067138672,208.1999969482422,205.16000366210938,208.0399932861328,188.43984985351562,831300
2021-10-22,208.7100067138672,210.2100067138672,207.47000122070312,209.52000427246094,189.7804412841797,767800
2021-10-25,209.05999755859375,209.6300048828125,207.8000030517578,207.91000366210938,188.3220977783203,672500
2021-10-26,199.2100067138672,205.52999877929688,198.63999938964844,204.57000732421875,185.29676818847656,1855400
2021-10-27,204.99000549316406,208.7100067138672,201.27000427246094,205.7899932861328,186.4018096923828,1138800
2021-10-28,207.25,207.49000549316406,201.08999633789062,202.61000061035156,183.5214080810547,1119700
2021-10-29,202.60000610351562,204.0500030517578,201.35000610351562,202.75,183.64825439453125,1485500
2021-11-01,202.80999755859375,203.83999633789062,199.77000427246094,201.88999938964844,182.86924743652344,767700
2021-11-02,202.50999450683594,203.4600067138672,200.97000122070312,201.75,182.74244689941406,847800
2021-11-03,200.9499969482422,201.25,197.61000061035156,201.2100067138672,182.25331115722656,1338300
2021-11-04,200.72999572753906,201.17999267578125,197.61000061035156,198.16000366210938,179.49069213867188,1138400
2021-11-05,200.25,201.36000061035156,199.00999450683594,201.0,182.06312561035156,1306700
2021-11-08,201.91000366210938,203.1699981689453,200.0800018310547,202.63999938964844,183.54861450195312,1085900
2021-11-09,202.82000732421875,203.6300048828125,201.22999572753906,202.8800048828125,183.76597595214844,666900
2021-11-10,203.0800018310547,203.75,201.10000610351562,201.3300018310547,182.3620147705078,625200
2021-11-11,200.77000427246094,201.4499969482422,198.80999755859375,199.08999633789062,180.33306884765625,904600
2021-11-12,199.08999633789062,201.4499969482422,198.52000427246094,200.97000122070312,182.03591918945312,944100
2021-11-15,202.0399932861328,202.0399932861328,200.14999389648438,201.07000732421875,182.1265106201172,679900
2021-11-16,200.91000366210938,201.69000244140625,198.69000244140625,198.74000549316406,180.01605224609375,860100
2021-11-17,198.6699981689453,200.10000610351562,198.6699981689453,199.4600067138672,180.668212890625,617600
2021-11-18,199.74000549316406,199.74000549316406,196.82000732421875,198.0,179.34573364257812,750000
2021-11-19,197.8000030517578,198.3800048828125,196.0500030517578,196.30999755859375,177.81494140625,792100
2021-11-22,197.2100067138672,200.57000732421875,196.6199951171875,199.36000061035156,180.57763671875,689500
2021-11-23,199.89999389648438,201.72999572753906,199.49000549316406,200.2899932861328,181.42001342773438,604400
2021-11-24,200.07000732421875,200.63999938964844,198.05999755859375,198.74000549316406,180.01605224609375,524200
2021-11-26,194.1999969482422,194.5500030517578,190.8000030517578,193.3699951171875,175.15196228027344,847300
2021-11-29,195.0,195.8000030517578,193.1300048828125,194.44000244140625,176.12115478515625,878600
2021-11-30,192.49000549316406,193.72000122070312,188.63999938964844,188.97000122070312,171.16650390625,2083900
2021-12-01,192.0,194.50999450683594,189.42999267578125,189.4499969482422,171.60125732421875,1320400
2021-12-02,191.44000244140625,196.77999877929688,190.32000732421875,194.47999572753906,176.1573944091797,1246500
2021-12-03,194.7100067138672,198.05999755859375,194.55999755859375,197.6300048828125,179.0106201171875,1424200
2021-12-06,200.07000732421875,201.89999389648438,198.69000244140625,199.57000732421875,180.76785278320312,820500
2021-12-07,200.0,201.19000244140625,198.97000122070312,199.32000732421875,180.54139709472656,880200
2021-12-08,199.85000610351562,202.75,199.85000610351562,200.8800048828125,181.95443725585938,781100
2021-12-09,200.0,202.13999938964844,198.67999267578125,201.92999267578125,182.90548706054688,938000
2021-12-10,203.1699981689453,205.85000610351562,201.5,204.92999267578125,185.62290954589844,1038000
2021-12-13,202.8800048828125,205.02000427246094,202.00999450683594,203.49000549316406,184.3185272216797,1017200
2021-12-14,204.7100067138672,206.55999755859375,202.3000030517578,203.47000122070312,184.3003692626953,1160300
2021-12-15,203.99000549316406,206.35000610351562,203.35000610351562,206.24000549316406,186.80943298339844,781200
2021-12-16,206.66000366210938,209.0800018310547,205.9199981689453,206.17999267578125,186.75511169433594,1030100
2021-12-17,206.0500030517578,206.35000610351562,202.19000244140625,202.1999969482422,183.15005493164062,2703100
2021-12-20,201.0,201.39999389648438,197.02999877929688,198.67999267578125,179.96165466308594,969100
2021-12-21,199.89999389648438,204.25999450683594,199.60000610351562,203.2899932861328,184.13734436035156,1251800
2021-12-22,203.42999267578125,204.88999938964844,203.27000427246094,203.75999450683594,184.5630645751953,608500
2021-12-23,204.83999633789062,205.85000610351562,203.77999877929688,204.69000244140625,185.4054718017578,665800
2021-12-27,205.07000732421875,207.2100067138672,204.5399932861328,207.1300048828125,187.61558532714844,849200
2021-12-28,206.5,208.8699951171875,206.5,207.6699981689453,188.10472106933594,899400
2021-12-29,207.77000427246094,208.55999755859375,206.1300048828125,207.88999938964844,188.3040008544922,715700
2021-12-30,207.6999969482422,209.35000610351562,207.17999267578125,207.5399932861328,187.98695373535156,718600
2021-12-31,207.32000732421875,209.47000122070312,206.3300018310547,208.47000122070312,188.82936096191406,868400
2022-01-03,209.0,209.5500030517578,206.13999938964844,207.4600067138672,187.9145050048828,721500
2022-01-04,209.07000732421875,212.4600067138672,208.2100067138672,212.0500030517578,192.07203674316406,1129400
2022-01-05,212.77000427246094,214.42999267578125,210.02999877929688,210.30999755859375,190.49595642089844,876500
2022-01-06,212.52999877929688,214.0399932861328,210.1300048828125,211.74000549316406,191.79129028320312,864100
2022-01-07,212.57000732421875,213.8699951171875,211.6699981689453,212.08999633789062,192.10826110839844,1408500
2022-01-10,212.60000610351562,214.6999969482422,209.5,210.61000061035156,190.76771545410156,1235300
2022-01-11,210.61000061035156,211.75999450683594,209.42999267578125,211.5800018310547,191.64634704589844,1021700
2022-01-12,212.0,212.6999969482422,210.6300048828125,211.92999267578125,191.96334838867188,968700
2022-01-13,211.41000366210938,213.1199951171875,210.39999389648438,211.3699951171875,192.53721618652344,766500
2022-01-14,210.4600067138672,213.6199951171875,209.52000427246094,213.10000610351562,194.1130828857422,1111000
2022-01-18,212.1300048828125,212.5,208.97000122070312,211.16000366210938,192.34596252441406,1104800
2022-01-19,211.1300048828125,213.44000244140625,210.36000061035156,210.36000061035156,191.6172332763672,826800
2022-01-20,210.47000122070312,212.9600067138672,208.47999572753906,208.97999572753906,190.3601837158203,933100
2022-01-21,209.25999450683594,210.89999389648438,206.32000732421875,206.5399932861328,188.1375732421875,1237200
2022-01-24,204.44000244140625,207.55999755859375,200.64999389648438,207.0800018310547,188.62948608398438,1464200
2022-01-25,205.0,206.83999633789062,200.94000244140625,205.9600067138672,187.60928344726562,1765900
2022-01-26,204.1699981689453,210.14999389648438,200.7899932861328,204.9199981689453,186.66192626953125,1988400
2022-01-27,205.0800018310547,211.6300048828125,205.0800018310547,208.8000030517578,190.1962127685547,2402800
2022-01-28,209.83999633789062,213.0,206.24000549316406,212.82000732421875,193.8580322265625,1500400
2022-01-31,210.4600067138672,212.6199951171875,208.3800048828125,212.10000610351562,193.2021942138672,1566400
2022-02-01,212.19000244140625,213.61000061035156,209.75,212.8699951171875,193.90357971191406,1371700
2022-02-02,212.3000030517578,214.4499969482422,210.60000610351562,214.0800018310547,195.00575256347656,1888600
2022-02-03,207.83999633789062,213.25,207.83999633789062,212.1699981689453,193.2659149169922,1380700
2022-02-04,213.50999450683594,216.2100067138672,210.77999877929688,212.2899932861328,193.37527465820312,1462300
2022-02-07,213.27999877929688,213.92999267578125,211.58999633789062,212.1199951171875,193.2203826904297,1045400
2022-02-08,213.36000061035156,215.07000732421875,211.8800048828125,214.4600067138672,195.35191345214844,1064500
2022-02-09,215.72000122070312,216.1699981689453,214.5,215.44000244140625,196.24459838867188,1037700
2022-02-10,213.75,215.7899932861328,210.30999755859375,211.52000427246094,192.6738739013672,1102200
2022-02-11,211.63999938964844,214.94000244140625,210.86000061035156,213.75999450683594,194.71424865722656,1206200
2022-02-14,213.75,214.63999938964844,210.02999877929688,211.1699981689453,192.3550567626953,1227500
2022-02-15,211.97999572753906,214.1699981689453,211.0,212.77000427246094,193.81248474121094,690100
2022-02-16,212.67999267578125,215.32000732421875,212.52000427246094,214.41000366210938,195.30633544921875,814100
2022-02-17,213.72999572753906,215.5500030517578,212.24000549316406,214.39999389648438,195.2972412109375,1014300
2022-02-18,213.8300018310547,218.60000610351562,213.8300018310547,215.82000732421875,196.59075927734375,1609000
2022-02-22,220.0,220.10000610351562,215.1300048828125,216.82000732421875,197.50164794921875,2170000
2022-02-23,218.05999755859375,218.8800048828125,215.80999755859375,216.27000427246094,197.0006561279297,1744300
2022-02-24,216.7899932861328,218.94000244140625,211.41000366210938,218.52999877929688,199.0592803955078,2062700
2022-02-25,218.55999755859375,228.1999969482422,218.55999755859375,227.97999572753906,207.66726684570312,1979400
2022-02-28,229.58999633789062,234.99000549316406,229.13999938964844,234.4499969482422,213.5608367919922,3284600
2022-03-01,235.0,237.02999877929688,232.10000610351562,233.32000732421875,212.53152465820312,2082500
2022-03-02,235.0,236.63999938964844,229.16000366210938,235.75,214.74501037597656,2780300
2022-03-03,236.77999877929688,239.75999450683594,236.1699981689453,238.1300048828125,216.91293334960938,1875300
2022-03-04,236.10000610351562,245.55999755859375,235.05999755859375,245.2899932861328,223.4350128173828,3300500
2022-03-07,245.50999450683594,254.99000549316406,245.47999572753906,247.2899932861328,225.25680541992188,4791800
2022-03-08,247.3800048828125,247.86000061035156,235.25,235.30999755859375,214.3441925048828,2769800
2022-03-09,234.97999572753906,238.4199981689453,231.6199951171875,236.80999755859375,215.71054077148438,2425400
2022-03-10,235.99000549316406,238.80999755859375,234.33999633789062,235.52000427246094,214.53550720214844,1576800
2022-03-11,235.8000030517578,238.9499969482422,232.3800048828125,232.47999572753906,211.76632690429688,1804900
2022-03-14,234.35000610351562,235.60000610351562,230.47000122070312,233.8300018310547,212.99607849121094,1379600
2022-03-15,235.4499969482422,238.41000366210938,233.4199981689453,237.6199951171875,216.44837951660156,1145800
2022-03-16,234.44000244140625,236.3699951171875,224.3800048828125,227.69000244140625,207.40313720703125,2457600
2022-03-17,230.44000244140625,232.4199981689453,227.75,230.50999450683594,209.97186279296875,1712500
2022-03-18,230.6300048828125,231.1199951171875,228.58999633789062,230.22999572753906,209.71681213378906,2605200
2022-03-21,231.0,238.49000549316406,230.99000549316406,236.07000732421875,215.03652954101562,1566400
2022-03-22,236.14999389648438,237.8800048828125,234.10000610351562,237.8300018310547,216.63967895507812,1157800
2022-03-23,238.6999969482422,241.66000366210938,238.22999572753906,239.69000244140625,218.3339385986328,1370400
2022-03-24,240.0,243.36000061035156,239.13999938964844,241.0,219.52723693847656,1179400
2022-03-25,240.8300018310547,244.44000244140625,240.36000061035156,244.36000061035156,222.58786010742188,1127200
2022-03-28,242.52000427246094,243.05999755859375,239.47999572753906,240.88999938964844,219.42706298828125,1247100
2022-03-29,237.3300018310547,241.19000244140625,234.1300048828125,241.08999633789062,219.60922241210938,1643500
2022-03-30,242.0,245.6300048828125,242.0,244.32000732421875,222.5513916015625,1377800
2022-03-31,242.13999938964844,245.57000732421875,241.14999389648438,241.17999267578125,219.69119262695312,1316100
2022-04-01,241.1699981689453,243.24000549316406,239.2100067138672,242.50999450683594,220.90267944335938,1004800
2022-04-04,242.49000549316406,242.50999450683594,236.9600067138672,239.22999572753906,217.91493225097656,1158500
2022-04-05,238.61000061035156,242.67999267578125,238.61000061035156,239.14999389648438,217.84202575683594,1207300
2022-04-06,239.02999877929688,242.0500030517578,238.75,240.75999450683594,219.30862426757812,1399800
2022-04-07,239.39999389648438,244.72999572753906,237.83999633789062,243.61000061035156,223.07212829589844,1266200
2022-04-08,244.9199981689453,246.1300048828125,241.60000610351562,242.0399932861328,221.6344757080078,1081400
2022-04-11,244.30999755859375,246.91000366210938,241.75,243.5500030517578,223.01715087890625,1390400
2022-04-12,243.30999755859375,246.02000427246094,242.10000610351562,243.82000732421875,223.26441955566406,754600
2022-04-13,244.9600067138672,246.64999389648438,242.5399932861328,243.7100067138672,223.16371154785156,751500
2022-04-14,244.8000030517578,245.97000122070312,243.0,243.74000549316406,223.19114685058594,957500
2022-04-18,243.4199981689453,248.72999572753906,243.3000030517578,243.86000061035156,223.30101013183594,1022400
2022-04-19,244.08999633789062,247.13999938964844,243.0800018310547,246.58999633789062,225.80087280273438,1182700
2022-04-20,247.3000030517578,249.69000244140625,246.0800018310547,247.69000244140625,226.80813598632812,862400
2022-04-21,248.0,248.25,241.77000427246094,242.05999755859375,221.6527862548828,1265000
2022-04-22,241.16000366210938,242.42999267578125,238.5500030517578,238.7899932861328,218.65847778320312,1076400
2022-04-25,239.02000427246094,239.77000427246094,234.85000610351562,239.17999267578125,219.0155792236328,1525100
2022-04-26,238.6300048828125,241.6199951171875,236.92999267578125,236.92999267578125,216.9552764892578,1297000
2022-04-27,237.66000366210938,247.0,237.11000061035156,239.97999572753906,219.74815368652344,2282000
2022-04-28,242.42999267578125,243.27999877929688,239.35000610351562,241.1999969482422,220.86529541015625,1443600
2022-04-29,241.0,242.0,235.99000549316406,236.52999877929688,216.5890350341797,1839600
2022-05-02,236.52999877929688,238.55999755859375,230.42999267578125,233.25,213.58551025390625,1776700
2022-05-03,234.58999633789062,236.6999969482422,232.38999938964844,233.3800048828125,213.70455932617188,1829800
2022-05-04,233.99000549316406,243.36000061035156,232.11000061035156,242.9199981689453,222.4403076171875,1914600
2022-05-05,242.4600067138672,244.14999389648438,238.0,239.24000549316406,219.07052612304688,2174300
2022-05-06,238.39999389648438,240.9199981689453,236.0,239.60000610351562,219.4002227783203,1329700
2022-05-09,237.97999572753906,238.2899932861328,228.47000122070312,229.3699951171875,210.03265380859375,1915600
2022-05-10,230.0,233.83999633789062,226.77000427246094,229.3000030517578,209.96853637695312,1748800
2022-05-11,229.33999633789062,232.47999572753906,226.08999633789062,226.94000244140625,207.8075408935547,1830800
2022-05-12,226.02000427246094,227.99000549316406,219.42999267578125,223.49000549316406,204.6483917236328,2121700
2022-05-13,225.0399932861328,227.3000030517578,222.86000061035156,226.30999755859375,207.23060607910156,1557800
2022-05-16,226.7100067138672,228.35000610351562,225.25999450683594,227.8000030517578,208.59498596191406,1237300
2022-05-17,229.25,232.41000366210938,226.8300018310547,231.6199951171875,212.0929718017578,1084700
2022-05-18,230.52000427246094,232.25,225.4499969482422,225.97999572753906,206.92845153808594,1929200
2022-05-19,223.89999389648438,224.38999938964844,216.66000366210938,217.77999877929688,199.4197540283203,2108500
2022-05-20,218.3800048828125,218.5800018310547,210.19000244140625,213.5,195.50054931640625,1985800
2022-05-23,215.19000244140625,217.77999877929688,214.8000030517578,216.6999969482422,198.4307861328125,1812500
2022-05-24,216.19000244140625,220.99000549316406,215.75999450683594,219.82000732421875,201.2877655029297,1480500
2022-05-25,219.77999877929688,221.11000061035156,217.60000610351562,220.0500030517578,201.49838256835938,1498700
2022-05-26,221.72999572753906,224.0500030517578,220.72000122070312,221.25999450683594,202.60635375976562,1477300
2022-05-27,222.64999389648438,226.63999938964844,222.1300048828125,226.50999450683594,207.4137420654297,1403900
2022-05-31,224.24000549316406,226.25999450683594,223.39999389648438,224.91000366210938,205.9486541748047,1637300
2022-06-01,227.08999633789062,228.0,224.22000122070312,226.22000122070312,207.14820861816406,1204000
2022-06-02,228.6699981689453,230.74000549316406,223.83999633789062,229.44000244140625,210.09674072265625,1101700
2022-06-03,228.38999938964844,231.83999633789062,228.38999938964844,230.1300048828125,210.72857666015625,1410400
2022-06-06,231.3300018310547,232.41000366210938,229.47999572753906,229.89999389648438,210.51795959472656,956900
2022-06-07,228.8699951171875,235.82000732421875,228.14999389648438,235.5800018310547,215.7190704345703,1341400
2022-06-08,233.5,234.3300018310547,230.77000427246094,231.36000061035156,211.8548583984375,1024600
2022-06-09,230.72999572753906,231.60000610351562,226.77000427246094,226.88999938964844,207.76170349121094,823200
2022-06-10,224.4499969482422,227.11000061035156,222.89999389648438,224.6300048828125,205.69223022460938,1351900
2022-06-13,220.91000366210938,221.64999389648438,216.66000366210938,217.52999877929688,199.19081115722656,1288500
2022-06-14,218.36000061035156,218.8699951171875,214.36000061035156,215.89999389648438,197.69825744628906,1182400
2022-06-15,217.1999969482422,220.7100067138672,215.32000732421875,217.9199981689453,199.54794311523438,1276500
2022-06-16,214.7100067138672,215.67999267578125,211.3000030517578,211.88999938964844,194.0262908935547,1338600
2022-06-17,212.2100067138672,213.38999938964844,208.1199951171875,209.77999877929688,192.09420776367188,3063800
2022-06-21,211.55999755859375,218.47000122070312,211.55999755859375,216.5500030517578,198.29344177246094,1233400
2022-06-22,213.36000061035156,218.91000366210938,212.8699951171875,216.00999450683594,197.79896545410156,1129400
2022-06-23,216.25,217.85000610351562,213.9499969482422,216.60000610351562,198.33924865722656,1181200
2022-06-24,217.42999267578125,222.72999572753906,216.91000366210938,222.3300018310547,203.5861358642578,1675600
2022-06-27,223.07000732421875,226.25,222.0800018310547,223.5,204.6575164794922,1277100
2022-06-28,224.77999877929688,228.0,220.0500030517578,220.49000549316406,201.90127563476562,1616900
2022-06-29,221.6699981689453,221.99000549316406,218.9600067138672,219.27999877929688,200.7932891845703,1235600
2022-06-30,216.83999633789062,222.38999938964844,215.64999389648438,221.25,203.76808166503906,1343300
2022-07-01,221.24000549316406,224.47999572753906,219.74000549316406,223.86000061035156,206.17184448242188,705800
2022-07-05,220.2100067138672,221.0399932861328,209.83999633789062,214.52999877929688,197.57904052734375,1613100
2022-07-06,214.07000732421875,220.7100067138672,214.07000732421875,219.55999755859375,202.2116241455078,1095400
2022-07-07,220.55999755859375,221.94000244140625,219.3000030517578,220.5800018310547,203.15098571777344,951100
2022-07-08,221.27999877929688,222.14999389648438,218.61000061035156,221.11000061035156,203.63912963867188,1118600
2022-07-11,219.67999267578125,221.86000061035156,218.8000030517578,219.75,202.38658142089844,652200
2022-07-12,219.9199981689453,221.0,216.13999938964844,216.6300048828125,199.5131072998047,744600
2022-07-13,213.6300048828125,216.32000732421875,213.24000549316406,213.38999938964844,196.52914428710938,850100
2022-07-14,209.94000244140625,210.91000366210938,207.4199981689453,210.4499969482422,193.82142639160156,1044400
2022-07-15,213.11000061035156,213.11000061035156,210.00999450683594,212.77000427246094,195.95811462402344,857600
2022-07-18,213.97000122070312,215.0,208.77999877929688,209.7899932861328,193.21356201171875,1040100
2022-07-19,209.6999969482422,215.3000030517578,209.0,214.67999267578125,197.7172088623047,906000
2022-07-20,214.47999572753906,217.74000549316406,212.67999267578125,216.72000122070312,199.5959930419922,1030300
2022-07-21,215.8800048828125,217.00999450683594,214.57000732421875,216.88999938964844,199.75259399414062,611400
2022-07-22,217.75999450683594,220.1699981689453,216.0800018310547,216.75999450683594,199.6328582763672,834200
2022-07-25,216.9499969482422,220.2899932861328,216.9499969482422,218.8000030517578,201.5116729736328,745100
2022-07-26,219.36000061035156,219.63999938964844,217.1199951171875,217.6300048828125,200.43414306640625,1038100
2022-07-27,219.4499969482422,222.25,214.8000030517578,219.85000610351562,202.4786834716797,1156000
2022-07-28,219.02000427246094,223.86000061035156,217.39999389648438,223.8000030517578,206.11656188964844,1032300
2022-07-29,223.52000427246094,227.4499969482422,223.38999938964844,226.6699981689453,208.7598114013672,1230100
2022-08-01,226.5500030517578,228.1199951171875,224.58999633789062,226.17999267578125,208.30850219726562,1086300
2022-08-02,227.27999877929688,229.67999267578125,224.02000427246094,227.0399932861328,209.1005859375,1007300
2022-08-03,227.1699981689453,231.75,223.8800048828125,230.6699981689453,212.44374084472656,1226500
2022-08-04,231.32000732421875,232.83999633789062,228.85000610351562,229.16000366210938,211.05308532714844,895100
2022-08-05,228.99000549316406,229.4499969482422,225.8699951171875,228.75999450683594,210.68467712402344,699600
2022-08-08,230.36000061035156,230.42999267578125,224.72000122070312,225.7899932861328,207.9493408203125,961600
2022-08-09,226.97000122070312,228.19000244140625,226.1199951171875,227.6199951171875,209.63475036621094,878400
2022-08-10,229.00999450683594,230.88999938964844,228.5500030517578,230.4600067138672,212.2503662109375,877000
2022-08-11,230.80999755859375,231.99000549316406,229.8000030517578,231.82000732421875,213.50286865234375,1447800
2022-08-12,232.0,238.10000610351562,232.0,237.9499969482422,219.1485137939453,1409200
2022-08-15,236.6999969482422,242.19000244140625,235.67999267578125,241.25,222.18780517578125,1469400
2022-08-16,241.25,242.49000549316406,240.7100067138672,241.47999572753906,222.3995819091797,807700
2022-08-17,239.63999938964844,243.4499969482422,239.14999389648438,242.69000244140625,223.51402282714844,860900
2022-08-18,243.66000366210938,244.0800018310547,242.24000549316406,243.69000244140625,224.43499755859375,1026100
2022-08-19,243.05999755859375,243.24000549316406,241.1300048828125,241.6699981689453,222.57460021972656,724800
2022-08-22,239.30999755859375,239.91000366210938,234.2899932861328,234.49000549316406,215.96194458007812,841500
2022-08-23,234.2899932861328,235.5,233.05999755859375,234.0,215.51063537597656,864700
2022-08-24,234.86000061035156,235.27000427246094,232.85000610351562,234.49000549316406,215.96194458007812,783800
2022-08-25,235.0,238.14999389648438,234.39999389648438,238.00999450683594,219.2037811279297,551000
2022-08-26,239.10000610351562,239.10000610351562,232.36000061035156,232.58999633789062,214.21202087402344,665400
2022-08-29,230.97999572753906,234.9600067138672,230.02000427246094,233.6999969482422,215.2343292236328,680300
2022-08-30,233.9600067138672,234.47000122070312,230.4600067138672,231.1199951171875,212.85818481445312,659100
2022-08-31,231.22999572753906,232.67999267578125,228.72000122070312,228.92999267578125,210.8412628173828,1037800
2022-09-01,228.8000030517578,228.88999938964844,223.50999450683594,225.3699951171875,207.56251525878906,1782300
2022-09-02,227.3000030517578,229.6199951171875,224.30999755859375,224.8800048828125,207.1112518310547,930900
2022-09-06,225.13999938964844,227.5,223.66000366210938,224.5500030517578,206.80731201171875,926400
2022-09-07,223.5399932861328,227.8699951171875,222.49000549316406,227.74000549316406,209.74526977539062,660800
2022-09-08,226.6699981689453,228.10000610351562,225.55999755859375,227.69000244140625,209.69923400878906,720800
2022-09-09,228.66000366210938,232.36000061035156,227.6699981689453,231.61000061035156,213.3094482421875,994600
2022-09-12,232.16000366210938,237.41000366210938,230.92999267578125,235.44000244140625,216.8368377685547,1559700
2022-09-13,232.0800018310547,233.63999938964844,227.05999755859375,227.97999572753906,209.96630859375,1367700
2022-09-14,228.58999633789062,232.41000366210938,227.52999877929688,230.72999572753906,212.4990234375,1057500
2022-09-15,230.3699951171875,230.6300048828125,227.3699951171875,228.4600067138672,210.40835571289062,983800
2022-09-16,226.50999450683594,229.3000030517578,225.35000610351562,227.4499969482422,209.47816467285156,3317900
2022-09-19,225.8000030517578,229.25,225.8000030517578,229.02999877929688,210.93333435058594,830800
2022-09-20,228.14999389648438,229.92999267578125,225.22000122070312,229.11000061035156,211.00701904296875,934100
2022-09-21,232.9199981689453,236.05999755859375,228.1999969482422,228.1999969482422,210.16891479492188,983100
2022-09-22,228.7899932861328,230.52999877929688,226.38999938964844,228.08999633789062,210.0675811767578,844600
2022-09-23,225.82000732421875,226.0399932861328,219.02000427246094,221.89999389648438,204.36669921875,920300
2022-09-26,221.32000732421875,224.0500030517578,219.22999572753906,220.42999267578125,203.0128631591797,797400
2022-09-27,222.42999267578125,222.97999572753906,217.55999755859375,218.6699981689453,201.39193725585938,741700
2022-09-28,218.25999450683594,221.91000366210938,215.82000732421875,220.4499969482422,203.0312957763672,952800
2022-09-29,219.89999389648438,220.19000244140625,212.61000061035156,214.42999267578125,197.4869384765625,987300
2022-09-30,213.22999572753906,215.50999450683594,212.02999877929688,212.1699981689453,195.40550231933594,1208800
2022-10-03,214.88999938964844,221.3300018310547,214.3000030517578,220.52999877929688,203.10496520996094,1139900
2022-10-04,222.0500030517578,226.92999267578125,222.0500030517578,226.63999938964844,208.73219299316406,801300
2022-10-05,225.49000549316406,228.86000061035156,224.4199981689453,226.67999267578125,208.76901245117188,984900
2022-10-06,224.97999572753906,226.10000610351562,223.19000244140625,223.41000366210938,206.9075164794922,929800
2022-10-07,222.63999938964844,224.11000061035156,220.83999633789062,223.67999267578125,207.1575164794922,1226900
2022-10-10,226.1999969482422,228.72000122070312,223.02000427246094,225.41000366210938,208.759765625,759800
2022-10-11,226.5800018310547,230.5399932861328,226.0399932861328,227.74000549316406,210.91763305664062,1138300
2022-10-12,226.22999572753906,227.0,223.3000030517578,223.32000732421875,206.82412719726562,833300
2022-10-13,220.44000244140625,229.9499969482422,219.75,229.1300048828125,212.2050018310547,792300
2022-10-14,230.0,230.0,220.94000244140625,221.1699981689453,204.83297729492188,1039600
2022-10-17,224.33999633789062,229.83999633789062,224.33999633789062,228.83999633789062,211.9364013671875,1082900
2022-10-18,232.5,238.52999877929688,231.82000732421875,237.47999572753906,219.9381866455078,1204500
2022-10-19,237.82000732421875,241.50999450683594,236.25999450683594,239.3699951171875,221.6885223388672,1158900
2022-10-20,240.0,241.02000427246094,235.8699951171875,237.44000244140625,219.9011688232422,1184100
2022-10-21,236.85000610351562,243.6300048828125,236.3300018310547,242.60000610351562,224.67999267578125,1365900
2022-10-24,244.67999267578125,246.41000366210938,243.25999450683594,243.80999755859375,225.80062866210938,955200
2022-10-25,243.1199951171875,246.49000549316406,242.0500030517578,245.75,227.59732055664062,1283000
2022-10-26,247.5,248.8000030517578,242.80999755859375,245.6999969482422,227.55101013183594,1389200
2022-10-27,247.3300018310547,249.25999450683594,246.05999755859375,248.0,229.68113708496094,1140300
2022-10-28,247.3000030517578,252.2100067138672,245.39999389648438,250.72000122070312,232.20021057128906,1526900
2022-10-31,248.8300018310547,250.86000061035156,247.39999389648438,249.8000030517578,231.34812927246094,1480900
2022-11-01,250.5500030517578,251.47000122070312,249.1999969482422,249.91000366210938,231.45004272460938,1005300
2022-11-02,249.0,251.14999389648438,245.9600067138672,246.3699951171875,228.1715087890625,1419800
2022-11-03,243.35000610351562,251.86000061035156,243.00999450683594,248.94000244140625,230.5516815185547,1307900
2022-11-04,250.19000244140625,252.67999267578125,245.0,249.36000061035156,230.94064331054688,1385000
2022-11-07,249.8699951171875,251.8300018310547,248.17999267578125,251.5800018310547,232.9966583251953,846900
2022-11-08,251.83999633789062,253.61000061035156,250.41000366210938,252.5399932861328,233.88580322265625,883400
2022-11-09,252.33999633789062,252.92999267578125,249.4499969482422,249.52000427246094,231.08885192871094,599000
2022-11-10,253.97999572753906,254.39999389648438,249.6199951171875,253.47999572753906,234.7563018798828,1150600
2022-11-11,251.67999267578125,251.75999450683594,242.75,243.1300048828125,225.1708526611328,1395200
2022-11-14,243.85000610351562,246.97000122070312,242.7899932861328,242.82000732421875,224.8837432861328,1461200
2022-11-15,244.36000061035156,247.3000030517578,242.30999755859375,246.13999938964844,227.95851135253906,1223200
2022-11-16,246.13999938964844,247.24000549316406,244.2100067138672,244.8699951171875,226.7823028564453,709000
2022-11-17,243.0,246.80999755859375,242.52000427246094,246.52000427246094,228.31044006347656,668200
2022-11-18,247.8800048828125,250.35000610351562,247.3699951171875,248.22000122070312,229.88485717773438,1020100
2022-11-21,247.44000244140625,252.08999633789062,247.44000244140625,250.5800018310547,232.070556640625,802400
2022-11-22,252.57000732421875,253.1999969482422,251.00999450683594,251.52000427246094,232.9410858154297,730000
2022-11-23,251.19000244140625,253.22000122070312,251.08999633789062,252.2899932861328,233.6542205810547,941200
2022-11-25,253.47999572753906,253.97999572753906,252.4499969482422,253.77000427246094,235.02491760253906,368400
2022-11-28,252.2899932861328,253.5399932861328,249.85000610351562,250.49000549316406,231.98716735839844,656400
2022-11-29,250.72000122070312,251.75,249.9199981689453,251.22000122070312,232.6632843017578,598300
2022-11-30,250.19000244140625,252.55999755859375,247.42999267578125,252.38999938964844,233.74684143066406,1907200
2022-12-01,253.19000244140625,253.55999755859375,250.3699951171875,252.27000427246094,233.63572692871094,833900
2022-12-02,250.63999938964844,256.8599853515625,250.5800018310547,255.74000549316406,236.84939575195312,1059000
2022-12-05,252.6199951171875,254.11000061035156,250.5399932861328,250.91000366210938,232.3761749267578,966900
2022-12-06,251.27000427246094,251.47000122070312,246.50999450683594,248.27999877929688,229.94039916992188,847600
2022-12-07,247.99000549316406,249.02999877929688,245.13999938964844,246.2100067138672,228.02334594726562,898600
2022-12-08,248.41000366210938,249.10000610351562,246.5500030517578,247.67999267578125,229.38473510742188,768900
2022-12-09,247.27000427246094,249.38999938964844,246.5,247.0399932861328,228.79202270507812,748200
2022-12-12,247.86000061035156,249.66000366210938,246.3699951171875,249.6199951171875,231.1814727783203,765300
2022-12-13,253.0,253.94000244140625,247.5,248.72999572753906,230.35719299316406,993400
2022-12-14,249.0,251.8300018310547,247.75,249.02000427246094,230.62576293945312,768900
2022-12-15,247.8800048828125,248.86000061035156,241.9199981689453,245.13999938964844,227.03237915039062,914800
2022-12-16,244.3800048828125,247.27999877929688,242.67999267578125,246.13999938964844,227.95851135253906,2123200
2022-12-19,246.0,249.8800048828125,243.63999938964844,244.3000030517578,226.2544403076172,1134900
2022-12-20,244.36000061035156,249.33999633789062,244.0,246.6199951171875,228.40306091308594,848500
2022-12-21,248.13999938964844,250.47999572753906,246.92999267578125,249.97000122070312,231.505615234375,701000
2022-12-22,248.5,250.0,242.5399932861328,246.58999633789062,228.375244140625,612600
2022-12-23,246.58999633789062,248.58999633789062,246.07000732421875,247.89999389648438,229.58851623535156,581600
2022-12-27,249.24000549316406,249.7899932861328,247.83999633789062,248.74000549316406,230.366455078125,590800
2022-12-28,249.24000549316406,250.0,246.9199981689453,246.97000122070312,228.72720336914062,384600
2022-12-29,247.52999877929688,250.3000030517578,246.77999877929688,249.22999572753906,230.8202667236328,458000
2022-12-30,248.66000366210938,249.67999267578125,244.69000244140625,248.11000061035156,229.78297424316406,725300
2023-01-03,247.85000610351562,249.41000366210938,246.32000732421875,248.60000610351562,230.23680114746094,777900
2023-01-04,247.49000549316406,248.75999450683594,242.9600067138672,245.22000122070312,227.10647583007812,1076700
2023-01-05,244.5500030517578,246.47000122070312,243.7899932861328,244.6199951171875,226.55079650878906,945800
2023-01-06,247.32000732421875,251.94000244140625,245.0,248.25,229.91265869140625,1074800
2023-01-09,248.5500030517578,249.6199951171875,244.5500030517578,245.2100067138672,227.09722900390625,1571500
2023-01-10,246.24000549316406,248.9199981689453,245.72000122070312,247.5399932861328,229.25511169433594,1274200
2023-01-11,248.6300048828125,249.0,244.75,248.69000244140625,230.32015991210938,856300
2023-01-12,248.83999633789062,250.25999450683594,247.19000244140625,247.6999969482422,229.4032745361328,685500
2023-01-13,243.97999572753906,245.3300018310547,238.88999938964844,240.2899932861328,222.54063415527344,1459600
2023-01-17,240.85000610351562,242.82000732421875,239.89999389648438,241.13999938964844,223.3278350830078,1339000
2023-01-18,241.1999969482422,242.0,236.75999450683594,237.0,219.49365234375,1697900
2023-01-19,235.82000732421875,236.97999572753906,231.47999572753906,231.5500030517578,215.59239196777344,1200400
2023-01-20,232.11000061035156,232.7899932861328,228.25999450683594,232.7899932861328,216.74691772460938,1499900
2023-01-23,232.7899932861328,234.17999267578125,231.55999755859375,232.4499969482422,216.4303741455078,1264500
2023-01-24,233.30999755859375,235.72000122070312,230.49000549316406,235.4499969482422,219.2236328125,1443500
2023-01-25,224.86000061035156,229.1300048828125,220.3300018310547,226.8800048828125,211.24423217773438,2727600
2023-01-26,227.0,229.94000244140625,223.41000366210938,228.11000061035156,212.3894805908203,1429800
2023-01-27,227.36000061035156,229.1300048828125,226.02000427246094,227.49000549316406,211.8122100830078,1324300
2023-01-30,228.64999389648438,230.10000610351562,226.3699951171875,228.07000732421875,212.35227966308594,1138000
2023-01-31,228.9600067138672,233.1999969482422,227.83999633789062,233.05999755859375,216.99832153320312,1303100
2023-02-01,231.1999969482422,232.8300018310547,228.5500030517578,230.4499969482422,214.56817626953125,1137700
2023-02-02,228.30999755859375,232.55999755859375,227.55999755859375,231.41000366210938,215.4620819091797,1541100
2023-02-03,233.72999572753906,234.8699951171875,230.9499969482422,231.5399932861328,215.58311462402344,1650100
2023-02-06,232.25,235.64999389648438,231.1999969482422,232.35000610351562,216.33731079101562,1099100
2023-02-07,231.77000427246094,232.0800018310547,228.4600067138672,231.9600067138672,215.97415161132812,1186100
2023-02-08,230.33999633789062,231.6199951171875,228.8300018310547,229.1199951171875,213.32984924316406,1138700
2023-02-09,230.38999938964844,230.5800018310547,227.57000732421875,228.66000366210938,212.90159606933594,1095300
2023-02-10,229.7100067138672,233.27000427246094,229.0800018310547,233.22000122070312,217.14732360839844,851700
2023-02-13,235.0,235.66000366210938,231.6999969482422,232.8800048828125,216.83074951171875,784700
2023-02-14,232.8699951171875,233.17999267578125,231.0,232.07000732421875,216.0765838623047,730600
2023-02-15,231.08999633789062,232.47999572753906,230.6999969482422,232.47000122070312,216.4490203857422,631100
2023-02-16,230.6300048828125,233.16000366210938,230.19000244140625,231.3000030517578,215.35964965820312,881200
2023-02-17,231.82000732421875,236.05999755859375,231.25,235.25999450683594,219.0467071533203,1504100
2023-02-21,236.6199951171875,237.75999450683594,232.58999633789062,233.52000427246094,217.42665100097656,1063900
2023-02-22,233.3800048828125,234.77999877929688,232.36000061035156,233.64999389648438,217.5476531982422,704100
2023-02-23,233.85000610351562,234.8300018310547,230.27999877929688,231.3699951171875,215.4248046875,788200
2023-02-24,230.5399932861328,232.00999450683594,229.82000732421875,231.9499969482422,215.96484375,667100
2023-02-27,232.24000549316406,232.97999572753906,229.5500030517578,230.6199951171875,214.7265167236328,985600
2023-02-28,230.5800018310547,231.0800018310547,227.8000030517578,227.91000366210938,212.20326232910156,1049300
2023-03-01,227.1999969482422,228.5,226.5500030517578,227.69000244140625,211.9984130859375,899100
2023-03-02,227.1999969482422,230.75,227.1999969482422,230.25,214.3820037841797,1095600
2023-03-03,231.0,231.3699951171875,229.5500030517578,231.0399932861328,215.1175537109375,1576800
2023-03-06,231.0,233.39999389648438,230.5399932861328,232.60000610351562,216.57005310058594,1136500
2023-03-07,232.77999877929688,233.77999877929688,229.97999572753906,229.99000549316406,214.13992309570312,1032500
2023-03-08,229.8300018310547,230.52999877929688,224.6199951171875,227.05999755859375,211.41184997558594,1441900
2023-03-09,228.2100067138672,229.16000366210938,222.41000366210938,222.8699951171875,207.51058959960938,1653200
2023-03-10,222.27000427246094,224.11000061035156,220.64999389648438,220.92999267578125,205.7042999267578,1544300
2023-03-13,218.0,220.50999450683594,216.92999267578125,218.7899932861328,203.71176147460938,1580800
2023-03-14,221.27000427246094,221.82000732421875,217.92999267578125,219.8300018310547,204.68011474609375,1070600
2023-03-15,217.0500030517578,217.85000610351562,212.77000427246094,216.75,201.81236267089844,1419700
2023-03-16,215.77999877929688,227.7899932861328,215.4600067138672,220.0500030517578,204.88494873046875,2632600
2023-03-17,219.14999389648438,219.99000549316406,216.60000610351562,218.14999389648438,203.11590576171875,2413800
2023-03-20,219.14999389648438,221.2100067138672,219.0,219.91000366210938,204.75460815429688,983000
2023-03-21,222.00999450683594,222.99000549316406,221.47000122070312,222.3699951171875,207.0450439453125,892900
2023-03-22,222.6199951171875,223.22999572753906,219.22999572753906,219.22999572753906,204.12142944335938,1043900
2023-03-23,219.9600067138672,221.77000427246094,219.10000610351562,220.11000061035156,204.94078063964844,1472700
2023-03-24,220.10000610351562,223.75,219.66000366210938,223.5,208.09718322753906,1370600
2023-03-27,225.00999450683594,225.67999267578125,223.67999267578125,225.02999877929688,209.52171325683594,865100
2023-03-28,225.02000427246094,226.47000122070312,224.82000732421875,225.5,209.95933532714844,662900
2023-03-29,226.11000061035156,226.8000030517578,225.39999389648438,226.8000030517578,211.16976928710938,722800
2023-03-30,227.27999877929688,227.7100067138672,225.4600067138672,226.49000549316406,210.8811492919922,935800
2023-03-31,227.5500030517578,228.3000030517578,226.63999938964844,228.2100067138672,212.48260498046875,1323500
2023-04-03,228.7100067138672,233.35000610351562,228.2100067138672,232.36000061035156,216.3466033935547,1027800
2023-04-04,231.89999389648438,232.52000427246094,228.4199981689453,229.32000732421875,213.51609802246094,1437500
2023-04-05,229.0500030517578,230.75,228.07000732421875,228.97999572753906,213.19952392578125,1332200
2023-04-06,229.36000061035156,231.0800018310547,226.52000427246094,227.7100067138672,212.01707458496094,1511400
2023-04-10,226.89999389648438,230.4199981689453,226.66000366210938,229.0500030517578,213.2646942138672,911100
2023-04-11,229.64999389648438,230.16000366210938,228.02000427246094,228.27000427246094,212.5384521484375,1145900
2023-04-12,228.4199981689453,231.07000732421875,228.4199981689453,229.24000549316406,213.4416046142578,944800
2023-04-13,227.77000427246094,229.47000122070312,226.0,228.77000427246094,214.23760986328125,901900
2023-04-14,227.69000244140625,228.5,226.22999572753906,227.69000244140625,213.22621154785156,1130400
2023-04-17,227.11000061035156,229.47999572753906,226.82000732421875,229.4600067138672,214.88375854492188,1631100
2023-04-18,229.8000030517578,232.02999877929688,229.10000610351562,229.9600067138672,215.35202026367188,972000
2023-04-19,230.10000610351562,230.6300048828125,228.5500030517578,228.8000030517578,214.26573181152344,557000
2023-04-20,228.72999572753906,228.72999572753906,226.5,227.52000427246094,213.06703186035156,651700
2023-04-21,228.33999633789062,228.33999633789062,224.64999389648438,225.02000427246094,210.725830078125,913300
2023-04-24,225.0500030517578,225.72000122070312,223.6999969482422,224.5,210.2388458251953,791500
2023-04-25,223.8800048828125,224.08999633789062,221.89999389648438,222.74000549316406,208.5906524658203,994000
2023-04-26,216.50999450683594,216.72000122070312,210.11000061035156,214.8300018310547,201.18316650390625,2765700
2023-04-27,215.1699981689453,216.97000122070312,214.02999877929688,215.69000244140625,201.988525390625,1643800
2023-04-28,215.2100067138672,218.60000610351562,214.9199981689453,218.33999633789062,204.47015380859375,2210500
2023-05-01,218.0500030517578,220.4199981689453,218.0,218.1300048828125,204.2735137939453,1845200
2023-05-02,217.5500030517578,217.5500030517578,211.88999938964844,213.00999450683594,199.47874450683594,2609200
2023-05-03,213.25,213.77000427246094,209.7100067138672,210.00999450683594,196.66929626464844,1230200
2023-05-04,209.52000427246094,209.83999633789062,205.39999389648438,208.85000610351562,195.58299255371094,1402000
2023-05-05,209.22999572753906,212.50999450683594,209.00999450683594,211.9199981689453,198.45797729492188,1050400
2023-05-08,212.91000366210938,213.0399932861328,210.0,210.7100067138672,197.32489013671875,719300
2023-05-09,211.1300048828125,211.7899932861328,209.4499969482422,211.1999969482422,197.7837371826172,1047100
2023-05-10,212.0,212.5500030517578,208.94000244140625,211.52999877929688,198.0927734375,1263100
2023-05-11,210.10000610351562,210.60000610351562,206.55999755859375,208.0500030517578,194.8338165283203,1491100
2023-05-12,208.85000610351562,210.3300018310547,208.11000061035156,209.9600067138672,196.6225128173828,1137800
2023-05-15,210.2100067138672,211.50999450683594,209.3699951171875,210.2100067138672,196.85659790039062,787200
2023-05-16,210.11000061035156,210.36000061035156,207.55999755859375,207.58999633789062,194.40304565429688,942500
2023-05-17,208.85000610351562,211.49000549316406,208.61000061035156,211.32000732421875,197.89613342285156,1068500
2023-05-18,210.9199981689453,211.6999969482422,208.8699951171875,210.92999267578125,197.53085327148438,774200
2023-05-19,211.74000549316406,211.9600067138672,209.10000610351562,210.64999389648438,197.2686767578125,1035200
2023-05-22,210.49000549316406,213.92999267578125,208.77000427246094,212.52000427246094,199.01988220214844,1239300
2023-05-23,212.0399932861328,212.0399932861328,206.47000122070312,206.9499969482422,193.8037109375,1798200
2023-05-24,206.8000030517578,208.4600067138672,205.83999633789062,206.52999877929688,193.41038513183594,1598500
2023-05-25,205.5500030517578,206.32000732421875,202.8800048828125,204.35000610351562,191.3688507080078,1502300
2023-05-26,204.7100067138672,207.22999572753906,204.52000427246094,205.25,192.211669921875,1146500
2023-05-30,204.0800018310547,205.85000610351562,202.35000610351562,205.24000549316406,192.20230102539062,1379300
2023-05-31,204.99000549316406,205.85000610351562,202.91000366210938,204.17999267578125,191.2096710205078,1624500
2023-06-01,205.3699951171875,206.60000610351562,203.97000122070312,205.3300018310547,192.28660583496094,1137100
2023-06-02,207.07000732421875,209.64999389648438,206.3300018310547,209.08999633789062,195.80776977539062,1641700
2023-06-05,209.99000549316406,211.10000610351562,208.91000366210938,209.25,195.9575958251953,1337000
2023-06-06,209.35000610351562,211.33999633789062,208.72999572753906,210.80999755859375,197.41848754882812,901000
2023-06-07,211.5,214.49000549316406,210.72999572753906,214.17999267578125,200.5744171142578,994000
2023-06-08,214.4499969482422,214.85000610351562,212.8000030517578,213.5399932861328,199.97508239746094,921300
2023-06-09,214.14999389648438,214.14999389648438,211.7899932861328,212.27000427246094,198.78575134277344,717200
2023-06-12,212.32000732421875,213.3800048828125,211.52000427246094,213.07000732421875,199.53494262695312,720800
2023-06-13,213.0,214.6699981689453,211.66000366210938,213.80999755859375,200.22793579101562,995500
2023-06-14,213.2100067138672,213.9499969482422,211.47000122070312,212.13999938964844,198.6640167236328,1037800
2023-06-15,212.16000366210938,215.4499969482422,212.16000366210938,214.9600067138672,201.3048553466797,879900
2023-06-16,215.63999938964844,217.8000030517578,215.41000366210938,217.33999633789062,203.53370666503906,1561500
2023-06-20,217.0,217.66000366210938,214.7899932861328,215.49000549316406,201.80120849609375,940900
2023-06-21,215.07000732421875,217.66000366210938,214.17999267578125,217.52999877929688,203.71160888671875,698600
2023-06-22,217.30999755859375,217.52999877929688,213.67999267578125,214.4499969482422,200.82723999023438,833700
2023-06-23,213.9499969482422,214.66000366210938,212.19000244140625,212.38999938964844,198.89813232421875,1113600
2023-06-26,211.50999450683594,212.4499969482422,209.50999450683594,212.08999633789062,198.6171875,727200
2023-06-27,212.25,212.6199951171875,211.10000610351562,212.05999755859375,198.58909606933594,887000
2023-06-28,212.2899932861328,212.44000244140625,209.25,211.0,197.59642028808594,914600
2023-06-29,210.9199981689453,214.5,210.66000366210938,214.30999755859375,200.69618225097656,838600
2023-06-30,215.3300018310547,216.32000732421875,213.27000427246094,215.14999389648438,201.48277282714844,933100
2023-07-03,214.4600067138672,216.92999267578125,214.22999572753906,215.77999877929688,202.07278442382812,475200
2023-07-05,214.77999877929688,215.64999389648438,213.22000122070312,215.19000244140625,201.520263671875,832300
2023-07-06,213.14999389648438,214.82000732421875,211.94000244140625,214.27999877929688,201.90658569335938,995200
2023-07-07,213.94000244140625,217.27000427246094,213.60000610351562,214.14999389648438,201.78407287597656,1026800
2023-07-10,214.14999389648438,216.69000244140625,213.99000549316406,214.67999267578125,202.28347778320312,1191200
2023-07-11,214.9199981689453,217.47000122070312,213.89999389648438,217.17999267578125,204.63912963867188,1481900
2023-07-12,217.94000244140625,218.6199951171875,216.44000244140625,217.61000061035156,205.04432678222656,1767000
2023-07-13,217.55999755859375,217.80999755859375,216.3699951171875,216.9600067138672,204.43182373046875,995900
2023-07-14,216.9199981689453,216.9199981689453,214.27000427246094,215.32000732421875,202.8865203857422,714900
2023-07-17,215.2899932861328,217.44000244140625,214.89999389648438,216.3699951171875,203.87591552734375,646400
2023-07-18,217.14999389648438,219.55999755859375,212.5800018310547,213.52000427246094,201.19044494628906,1451900
2023-07-19,213.58999633789062,215.3800048828125,212.83999633789062,213.5500030517578,201.21871948242188,1234900
2023-07-20,214.85000610351562,216.9199981689453,214.33999633789062,216.0800018310547,203.60264587402344,1726700
2023-07-21,216.5800018310547,217.14999389648438,214.7899932861328,215.47000122070312,203.02784729003906,1148300
2023-07-24,215.77000427246094,218.10000610351562,215.72000122070312,217.63999938964844,205.0725860595703,950500
2023-07-25,214.74000549316406,218.05999755859375,213.47000122070312,218.0,205.41175842285156,1392400
2023-07-26,220.1999969482422,225.44000244140625,217.52000427246094,222.77999877929688,209.91578674316406,2475400
2023-07-27,223.22000122070312,223.8000030517578,216.42999267578125,219.82000732421875,207.12667846679688,2650500
2023-07-28,221.0,223.07000732421875,219.0,222.63999938964844,209.7838592529297,1597600
2023-07-31,223.3800048828125,224.57000732421875,222.5,223.5800018310547,210.66958618164062,2232700
2023-08-01,223.36000061035156,225.47999572753906,223.27000427246094,225.33999633789062,212.3279266357422,1039500
2023-08-02,225.25,226.39999389648438,223.27000427246094,226.25,213.18536376953125,1397300
2023-08-03,226.5,227.3800048828125,224.69000244140625,225.6300048828125,212.6011962890625,1084100
2023-08-04,226.69000244140625,227.5,223.55999755859375,224.00999450683594,211.07472229003906,1199400
2023-08-07,224.8300018310547,227.44000244140625,224.8300018310547,227.19000244140625,214.0710906982422,1023000
2023-08-08,226.2100067138672,226.8800048828125,223.75999450683594,224.47000122070312,211.50819396972656,1002700
2023-08-09,225.0,227.02000427246094,224.47000122070312,226.13999938964844,213.08175659179688,1079900
2023-08-10,226.17999267578125,227.22999572753906,225.17999267578125,225.66000366210938,212.62948608398438,861300
2023-08-11,225.6699981689453,228.72999572753906,225.50999450683594,226.99000549316406,213.88267517089844,1210400
2023-08-14,226.9499969482422,227.52999877929688,225.82000732421875,226.3699951171875,213.2984619140625,952700
2023-08-15,225.17999267578125,225.36000061035156,222.6999969482422,223.1300048828125,210.24554443359375,1150300
2023-08-16,222.7100067138672,223.97999572753906,222.32000732421875,223.58999633789062,210.678955078125,897800
2023-08-17,224.08999633789062,225.47999572753906,222.24000549316406,222.30999755859375,209.47291564941406,990300
2023-08-18,221.75,225.16000366210938,221.22000122070312,224.4199981689453,211.4610595703125,1040600
2023-08-21,223.8300018310547,224.82000732421875,223.4600067138672,224.27999877929688,211.32916259765625,769800
2023-08-22,224.27999877929688,225.02000427246094,223.10000610351562,224.27999877929688,211.32916259765625,689500
2023-08-23,224.6300048828125,225.1999969482422,223.22000122070312,224.86000061035156,211.87564086914062,720600
2023-08-24,224.22000122070312,225.77999877929688,223.72000122070312,223.8800048828125,210.95225524902344,673700
2023-08-25,224.97000122070312,224.97000122070312,221.9199981689453,223.58999633789062,210.678955078125,619000
2023-08-28,223.6199951171875,225.60000610351562,223.33999633789062,225.35000610351562,212.33734130859375,747400
2023-08-29,225.44000244140625,226.2100067138672,223.9499969482422,226.14999389648438,213.09115600585938,822700
2023-08-30,226.72999572753906,228.5800018310547,226.0,227.24000549316406,214.1182098388672,649500
2023-08-31,227.77000427246094,228.3699951171875,226.42999267578125,226.63999938964844,213.55287170410156,865800
2023-09-01,227.85000610351562,227.94000244140625,225.6300048828125,226.3699951171875,213.2984619140625,568900
2023-09-05,226.55999755859375,226.55999755859375,223.2100067138672,223.3300018310547,210.4340057373047,909200
2023-09-06,223.0,223.0,217.83999633789062,218.0500030517578,205.45887756347656,1082900
2023-09-07,218.8800048828125,219.47000122070312,217.6199951171875,218.69000244140625,206.06195068359375,798500
2023-09-08,218.97999572753906,219.27000427246094,217.36000061035156,217.8699951171875,205.28929138183594,800600
2023-09-11,217.0,217.5399932861328,215.11000061035156,216.27000427246094,203.7816619873047,1880300
2023-09-12,215.5500030517578,218.25,214.60000610351562,217.3800048828125,204.8275909423828,1211000
2023-09-13,218.00999450683594,219.7899932861328,217.4199981689453,219.69000244140625,207.00418090820312,880100
2023-09-14,220.02000427246094,221.52000427246094,219.00999450683594,221.4600067138672,208.67196655273438,909400
2023-09-15,220.7100067138672,225.08999633789062,220.52999877929688,224.0500030517578,211.11245727539062,1829000
2023-09-18,225.0,225.8800048828125,223.42999267578125,224.3300018310547,211.3762664794922,783300
2023-09-19,224.14999389648438,225.3000030517578,222.1199951171875,222.85000610351562,209.98175048828125,971800
2023-09-20,223.83999633789062,226.1999969482422,223.60000610351562,225.5500030517578,212.52581787109375,893300
2023-09-21,225.24000549316406,225.52999877929688,221.83999633789062,221.8800048828125,209.06771850585938,1067500
2023-09-22,221.05999755859375,221.6699981689453,218.30999755859375,218.33999633789062,205.7321319580078,921800
2023-09-25,217.7100067138672,219.5500030517578,217.17999267578125,219.3300018310547,206.6649627685547,648700
2023-09-26,218.63999938964844,220.00999450683594,218.0800018310547,218.17999267578125,205.58139038085938,889700
2023-09-27,219.3300018310547,221.0500030517578,218.9199981689453,221.0,208.23854064941406,666800
2023-09-28,222.05999755859375,224.10000610351562,222.05999755859375,222.38999938964844,209.5482940673828,839000
2023-09-29,223.02999877929688,223.8000030517578,220.86000061035156,220.97000122070312,208.21026611328125,763900
2023-10-02,221.5,224.11000061035156,221.3300018310547,222.92999267578125,210.0570831298828,1207500
2023-10-03,222.36000061035156,224.2899932861328,220.47000122070312,220.74000549316406,207.9935760498047,1315300
2023-10-04,220.22999572753906,221.8800048828125,217.32000732421875,219.3300018310547,206.6649627685547,887100
2023-10-05,217.5500030517578,218.08999633789062,216.0,216.75,205.4705352783203,820100
2023-10-06,215.9600067138672,220.9499969482422,214.52999877929688,219.94000244140625,208.49453735351562,993700
2023-10-09,228.6999969482422,240.14999389648438,228.5,238.47999572753906,226.06973266601562,3399400
2023-10-10,240.0,240.0,236.17999267578125,236.6699981689453,224.35391235351562,2340000
2023-10-11,236.30999755859375,238.74000549316406,236.17999267578125,237.77999877929688,225.4061737060547,1068400
2023-10-12,238.83999633789062,239.8300018310547,235.77000427246094,237.39999389648438,225.0459442138672,851000
2023-10-13,239.5,243.47000122070312,238.8699951171875,243.0399932861328,230.3924560546875,2151400
2023-10-16,243.52999877929688,245.05999755859375,241.55999755859375,242.8699951171875,230.23130798339844,1362400
2023-10-17,241.67999267578125,243.89999389648438,239.80999755859375,241.27000427246094,228.71453857421875,1328700
2023-10-18,241.74000549316406,242.05999755859375,239.2899932861328,239.80999755859375,227.33056640625,1092500
2023-10-19,239.3699951171875,241.4499969482422,237.94000244140625,237.9499969482422,225.5673065185547,1156800
2023-10-20,238.74000549316406,239.4199981689453,234.82000732421875,234.94000244140625,222.71395874023438,1706100
2023-10-23,234.63999938964844,236.32000732421875,232.85000610351562,233.2100067138672,221.07400512695312,1265800
2023-10-24,235.27999877929688,236.6699981689453,232.2899932861328,233.0,220.87490844726562,1060600
2023-10-25,239.05999755859375,244.3800048828125,238.47000122070312,242.39999389648438,229.78575134277344,2440600
2023-10-26,243.0,243.8000030517578,240.16000366210938,240.5500030517578,228.0320281982422,1580900
2023-10-27,237.8800048828125,239.3000030517578,236.5800018310547,238.25,225.85171508789062,1816200
2023-10-30,238.61000061035156,240.24000549316406,237.35000610351562,238.97999572753906,226.543701171875,1485100
2023-10-31,239.64999389648438,241.7899932861328,237.5,241.30999755859375,228.75247192382812,2534200
2023-11-01,242.0,243.8699951171875,240.6300048828125,242.6999969482422,230.0701446533203,1490500
2023-11-02,241.32000732421875,244.24000549316406,241.02999877929688,244.00999450683594,231.3119659423828,1749300
2023-11-03,245.0,245.38999938964844,243.11000061035156,243.2100067138672,230.5535888671875,1004300
2023-11-06,243.19000244140625,244.47999572753906,242.32000732421875,243.92999267578125,231.23611450195312,1286800
2023-11-07,244.05999755859375,244.0800018310547,242.2100067138672,242.72999572753906,230.09857177734375,804600
2023-11-08,243.33999633789062,244.11000061035156,241.4199981689453,242.02000427246094,229.42550659179688,694900
2023-11-09,242.0,242.0,238.30999755859375,240.10000610351562,227.6054229736328,1733000
2023-11-10,241.11000061035156,244.13999938964844,240.74000549316406,243.5500030517578,230.8759307861328,1102800
2023-11-13,243.5500030517578,247.27999877929688,243.52999877929688,246.64999389648438,233.8145751953125,1569200
2023-11-14,245.77000427246094,248.88999938964844,245.49000549316406,247.86000061035156,234.9615936279297,1115600
2023-11-15,247.55999755859375,248.27000427246094,245.69000244140625,245.75999450683594,232.9709014892578,1073600
2023-11-16,246.27999877929688,246.8800048828125,244.52999877929688,245.25999450683594,232.49693298339844,824400
2023-11-17,246.0500030517578,246.22000122070312,244.41000366210938,244.69000244140625,231.95660400390625,1060600
2023-11-20,244.64999389648438,247.0800018310547,244.35000610351562,245.77999877929688,232.98985290527344,894100
2023-11-21,246.11000061035156,247.50999450683594,245.3699951171875,246.41000366210938,233.58706665039062,806500
2023-11-22,245.80999755859375,247.4499969482422,245.4600067138672,247.3300018310547,234.45919799804688,617700
2023-11-24,247.67999267578125,248.5500030517578,247.44000244140625,247.8300018310547,234.93319702148438,339000
2023-11-27,247.7100067138672,247.7100067138672,245.50999450683594,246.36000061035156,233.53968811035156,717900
2023-11-28,247.39999389648438,247.52999877929688,245.07000732421875,245.22000122070312,232.458984375,846800
2023-11-29,245.22000122070312,246.0,243.8699951171875,244.8300018310547,232.08929443359375,835200
2023-11-30,245.58999633789062,247.3000030517578,245.00999450683594,246.97000122070312,234.11793518066406,951100
2023-12-01,247.08999633789062,249.69000244140625,246.80999755859375,249.69000244140625,236.6963653564453,842900
2023-12-04,248.5500030517578,252.25,248.11000061035156,252.2100067138672,239.08523559570312,1618200
2023-12-05,252.22999572753906,252.61000061035156,250.1999969482422,250.88999938964844,237.8339385986328,925800
2023-12-06,250.88999938964844,252.85000610351562,250.25999450683594,251.9499969482422,238.83877563476562,874700
2023-12-07,252.72000122070312,254.75999450683594,250.52000427246094,251.49000549316406,238.4027099609375,895700
2023-12-08,251.75,253.19000244140625,251.75,252.2899932861328,239.16107177734375,968500
2023-12-11,252.02000427246094,253.63999938964844,252.02000427246094,252.4199981689453,239.28431701660156,704600
2023-12-12,252.00999450683594,254.35000610351562,251.6999969482422,253.1999969482422,240.02374267578125,864000
2023-12-13,253.66000366210938,256.32000732421875,253.02999877929688,255.85000610351562,242.53585815429688,1287300
2023-12-14,255.39999389648438,255.55999755859375,248.5800018310547,251.14999389648438,238.08041381835938,1778800
2023-12-15,249.63999938964844,252.74000549316406,249.35000610351562,252.5500030517578,239.4075469970703,2410800
2023-12-18,252.66000366210938,253.92999267578125,251.77000427246094,252.8699951171875,239.7108917236328,708700
2023-12-19,252.7100067138672,253.97999572753906,252.25,253.88999938964844,240.67782592773438,739000
2023-12-20,253.1199951171875,253.97000122070312,249.39999389648438,249.55999755859375,236.5731658935547,1018200
2023-12-21,251.0,252.97000122070312,250.0,252.42999267578125,239.29379272460938,702200
2023-12-22,253.3699951171875,255.25999450683594,252.55999755859375,254.10000610351562,240.87689208984375,650600
2023-12-26,254.0399932861328,256.80999755859375,253.85000610351562,256.2099914550781,242.87704467773438,637800
2023-12-27,255.3800048828125,257.7300109863281,255.0800018310547,257.42999267578125,244.0336151123047,750900
2023-12-28,257.9700012207031,258.7900085449219,257.4599914550781,258.1400146484375,244.70668029785156,569700
2023-12-29,258.5199890136719,259.8800048828125,257.8500061035156,259.6700134277344,246.1570281982422,812300
2024-01-02,259.6700134277344,261.1400146484375,257.6199951171875,258.6000061035156,245.1427459716797,992500
2024-01-03,259.54998779296875,261.3900146484375,256.5,256.5400085449219,243.18991088867188,1378600
2024-01-04,258.75,259.0,256.0,256.17999267578125,242.84864807128906,1096800
2024-01-05,256.5899963378906,257.0,253.41000366210938,253.89999389648438,240.6873016357422,959600
2024-01-08,253.0,253.85000610351562,250.8800048828125,253.82000732421875,240.61146545410156,1257100
2024-01-09,253.77000427246094,253.77000427246094,250.88999938964844,251.24000549316406,238.16571044921875,1256000
2024-01-10,251.24000549316406,253.00999450683594,250.80999755859375,251.25,238.1751708984375,877900
2024-01-11,251.75999450683594,252.35000610351562,248.08999633789062,249.94000244140625,236.93336486816406,1500100
2024-01-12,251.33999633789062,254.91000366210938,251.33999633789062,254.80999755859375,241.5499267578125,1107500
2024-01-16,254.2899932861328,254.6999969482422,249.72000122070312,250.64999389648438,237.60641479492188,1038300
2024-01-17,249.22999572753906,252.10000610351562,249.0,249.97000122070312,236.96182250976562,882700
2024-01-18,249.0399932861328,251.10000610351562,247.36000061035156,250.9499969482422,239.1536865234375,907700
2024-01-19,251.5,251.5,248.97999572753906,249.33999633789062,237.61935424804688,1410200
2024-01-22,249.5,251.32000732421875,248.6999969482422,249.75999450683594,238.01962280273438,2043300
2024-01-23,250.35000610351562,252.10000610351562,247.8800048828125,249.3699951171875,237.64794921875,1775600
2024-01-24,252.32000732421875,263.69000244140625,251.6199951171875,261.17999267578125,248.90281677246094,2749400
2024-01-25,261.760009765625,265.9700012207031,261.1600036621094,265.8599853515625,253.36276245117188,1968800
2024-01-26,266.55999755859375,267.9700012207031,262.04998779296875,265.07000732421875,252.60992431640625,1329900
2024-01-29,264.57000732421875,265.9100036621094,263.20001220703125,264.7799987792969,252.33358764648438,961700
2024-01-30,266.2900085449219,269.3699951171875,265.989990234375,268.6700134277344,256.040771484375,2040300
2024-01-31,269.0,269.5,263.8399963378906,264.989990234375,252.5337371826172,2305000
2024-02-01,265.6499938964844,267.239990234375,263.07000732421875,266.8699951171875,254.32533264160156,1715100
2024-02-02,265.739990234375,266.3999938964844,264.3299865722656,265.2699890136719,252.80055236816406,1949400
2024-02-05,264.0,267.07000732421875,262.5,265.5199890136719,253.0387725830078,1032400
2024-02-06,266.1000061035156,267.7900085449219,264.6400146484375,267.69000244140625,255.10678100585938,814600
2024-02-07,269.5,270.1499938964844,267.95001220703125,269.0899963378906,256.44097900390625,1058700
2024-02-08,269.0,269.44000244140625,267.1199951171875,269.0,256.355224609375,617000
2024-02-09,270.07000732421875,271.3699951171875,269.05999755859375,270.1400146484375,257.44158935546875,878200
2024-02-12,269.9800109863281,270.9700012207031,269.2099914550781,269.44000244140625,256.7745666503906,696300
2024-02-13,269.92999267578125,270.8999938964844,265.1099853515625,267.2200012207031,254.6588897705078,1164200
2024-02-14,268.30999755859375,269.2200012207031,263.1000061035156,269.1000061035156,256.4505310058594,1629800
2024-02-15,269.67999267578125,270.9599914550781,268.5400085449219,270.0,257.3082580566406,801500
2024-02-16,269.9800109863281,271.17999267578125,268.8900146484375,269.44000244140625,256.7745666503906,702600
2024-02-20,270.3999938964844,271.9599914550781,268.3500061035156,268.92999267578125,256.2884826660156,697500
2024-02-21,270.1600036621094,272.2799987792969,268.9100036621094,271.8999938964844,259.1189270019531,691000
2024-02-22,271.3800048828125,272.4599914550781,270.6600036621094,272.3299865722656,259.5286560058594,636300
2024-02-23,272.5,274.8999938964844,272.1700134277344,273.75,260.8819274902344,663900
2024-02-26,274.19000244140625,274.5899963378906,272.5899963378906,273.0199890136719,260.1862487792969,629700
2024-02-27,272.3299865722656,273.79998779296875,270.7699890136719,273.70001220703125,260.83428955078125,554400
2024-02-28,273.67999267578125,274.6600036621094,272.4800109863281,274.30999755859375,261.4156188964844,569800
2024-02-29,274.9800109863281,274.9800109863281,272.3699951171875,273.25,260.40545654296875,886300
2024-03-01,273.29998779296875,273.29998779296875,271.04998779296875,271.95001220703125,259.1665344238281,651400
2024-03-04,272.0,275.3399963378906,271.3900146484375,274.7099914550781,261.79681396484375,974600
2024-03-05,275.57000732421875,277.42999267578125,272.3900146484375,273.6000061035156,260.7389831542969,979300
2024-03-06,274.0,275.8500061035156,273.1700134277344,273.70001220703125,260.83428955078125,585100
2024-03-07,274.0,274.9700012207031,272.1099853515625,273.0299987792969,260.19580078125,761600
2024-03-08,272.42999267578125,273.6199951171875,270.7099914550781,272.30999755859375,259.5096130371094,696900
2024-03-11,271.6400146484375,273.2900085449219,270.42999267578125,273.2699890136719,260.4244689941406,559700
2024-03-12,273.010009765625,275.05999755859375,271.5799865722656,274.6499938964844,261.7396240234375,845000
2024-03-13,275.5199890136719,275.8999938964844,274.4700012207031,275.3599853515625,262.416259765625,829800
2024-03-14,276.29998779296875,276.6499938964844,273.3999938964844,275.3999938964844,262.454345703125,839800
2024-03-15,273.8299865722656,276.92999267578125,273.8299865722656,275.2099914550781,262.27325439453125,1305900
2024-03-18,275.989990234375,277.7200012207031,274.6700134277344,277.6000061035156,264.5509948730469,865300
2024-03-19,279.1199951171875,280.3500061035156,277.7300109863281,279.70001220703125,266.5522766113281,703500
2024-03-20,280.0,282.9800109863281,279.30999755859375,282.54998779296875,269.26824951171875,1043400
2024-03-21,283.3599853515625,284.75,281.2200012207031,281.3399963378906,268.11517333984375,1084100
2024-03-22,282.3299865722656,283.2099914550781,281.1300048828125,281.1600036621094,267.943603515625,730600
2024-03-25,280.92999267578125,281.45001220703125,278.3900146484375,278.9800109863281,265.8661193847656,776500
2024-03-26,278.80999755859375,280.4599914550781,278.3500061035156,278.3500061035156,265.2657470703125,567700
2024-03-27,279.55999755859375,281.92999267578125,278.95001220703125,281.8999938964844,268.6488342285156,746000
2024-03-28,282.6000061035156,283.1499938964844,281.2799987792969,282.489990234375,269.2110595703125,644500
2024-04-01,287.7099914550781,291.9599914550781,286.3800048828125,291.54998779296875,277.84521484375,1742900
2024-04-02,291.79998779296875,292.5,288.44000244140625,290.5400085449219,276.8826904296875,1839000
2024-04-03,290.57000732421875,291.989990234375,288.42999267578125,291.69000244140625,277.97869873046875,1296700
2024-04-04,293.55999755859375,294.55999755859375,291.9700012207031,293.2200012207031,279.4367370605469,1391000
2024-04-05,293.0,295.4599914550781,291.44000244140625,295.17999267578125,281.3045959472656,879600
2024-04-08,296.0,296.5,292.8900146484375,293.1300048828125,279.3509826660156,945600
2024-04-09,292.0299987792969,294.6700134277344,287.20001220703125,288.8399963378906,275.2626037597656,1008100
2024-04-10,287.3999938964844,290.739990234375,286.6600036621094,290.0400085449219,276.40625,935600
2024-04-11,287.8299865722656,288.6400146484375,286.1600036621094,287.5,275.3335876464844,710900
2024-04-12,288.4100036621094,290.75,286.7900085449219,287.8699951171875,275.68792724609375,1281000
2024-04-15,291.7099914550781,291.75,284.3599853515625,284.75,272.699951171875,976600
2024-04-16,285.4599914550781,286.3800048828125,283.67999267578125,285.29998779296875,273.2266540527344,1388500
2024-04-17,286.5,286.5,283.6700134277344,284.4599914550781,272.4222412109375,709000
2024-04-18,284.0199890136719,286.9100036621094,284.0199890136719,285.2699890136719,273.1979675292969,636500
2024-04-19,287.42999267578125,289.2900085449219,286.7300109863281,288.6199951171875,276.40625,1074900
2024-04-22,289.94000244140625,292.7099914550781,288.04998779296875,291.30999755859375,278.9823913574219,889000
2024-04-23,292.7200012207031,294.70001220703125,291.67999267578125,292.7200012207031,280.3326721191406,1132500
2024-04-24,289.19000244140625,290.3699951171875,274.32000732421875,281.1099853515625,269.2139892578125,4023600
2024-04-25,282.760009765625,285.75,279.44000244140625,284.8999938964844,272.8436279296875,1769600
2024-04-26,284.7300109863281,286.7699890136719,282.79998779296875,284.4100036621094,272.3743896484375,1244200
2024-04-29,287.9599914550781,289.92999267578125,285.42999267578125,287.7900085449219,275.6113586425781,1293700
2024-04-30,286.9100036621094,289.20001220703125,286.4200134277344,287.0899963378906,274.94091796875,1423600
2024-05-01,286.5799865722656,288.0899963378906,284.8299865722656,286.5299987792969,274.4046325683594,890800
2024-05-02,286.0400085449219,288.5799865722656,282.510009765625,287.3599853515625,275.19952392578125,1134800
2024-05-03,288.0,289.0,286.0,288.1400146484375,275.9465637207031,974300
2024-05-06,289.4700012207031,291.6099853515625,289.4599914550781,291.3800048828125,279.0494079589844,870200
2024-05-07,292.3399963378906,293.739990234375,291.20001220703125,293.3699951171875,280.9552001953125,715600
2024-05-08,294.0,294.07000732421875,291.8299865722656,292.739990234375,280.35186767578125,1008100
2024-05-09,292.75,296.2699890136719,292.0,295.9700012207031,283.4451904296875,707600
2024-05-10,296.5799865722656,297.8800048828125,296.0,296.44000244140625,283.8952941894531,1019400
2024-05-13,296.3699951171875,297.3299865722656,292.6099853515625,293.5299987792969,281.1084289550781,1406700
2024-05-14,293.44000244140625,294.55999755859375,292.4700012207031,294.05999755859375,281.61602783203125,655300
2024-05-15,293.79998779296875,295.25,293.67999267578125,294.5899963378906,282.1235656738281,752300
2024-05-16,294.9700012207031,297.2300109863281,294.6199951171875,295.75,283.2344665527344,613500
2024-05-17,296.5899963378906,299.1400146484375,295.4599914550781,299.0199890136719,286.3660888671875,894200
2024-05-20,298.5,301.0,298.010009765625,300.2300109863281,287.52490234375,940300
2024-05-21,301.0,301.4800109863281,296.3500061035156,297.05999755859375,284.489013671875,1103400
2024-05-22,297.489990234375,299.3599853515625,296.1600036621094,298.010009765625,285.39886474609375,882700
2024-05-23,297.9599914550781,298.260009765625,295.1499938964844,296.5199890136719,283.9718933105469,720700
2024-05-24,299.0,300.4800109863281,297.2200012207031,299.6199951171875,286.9406433105469,784100
2024-05-28,299.5400085449219,299.75,297.07000732421875,297.3399963378906,284.7571716308594,800400
2024-05-29,296.0299987792969,297.1300048828125,293.25,293.4800109863281,281.06060791015625,771400
2024-05-30,293.94000244140625,296.6600036621094,293.94000244140625,296.0799865722656,283.5505065917969,728200
2024-05-31,296.0199890136719,300.2300109863281,295.3800048828125,299.7699890136719,287.0843505859375,1302800
2024-06-03,300.8900146484375,302.4200134277344,296.45001220703125,298.260009765625,285.6382751464844,723500
2024-06-04,298.3699951171875,299.239990234375,296.8999938964844,297.32000732421875,284.7380065917969,618200
2024-06-05,297.8999938964844,299.6499938964844,295.6400146484375,299.45001220703125,286.7779541015625,469200
2024-06-06,299.0,300.5,298.1000061035156,298.2699890136719,285.6478271484375,988200
2024-06-07,298.20001220703125,300.1600036621094,297.8699951171875,299.1400146484375,286.48101806640625,684200
2024-06-10,300.0,300.0,293.8599853515625,294.67999267578125,282.209716796875,1013500
2024-06-11,293.6000061035156,293.6600036621094,291.1400146484375,292.6499938964844,280.2656555175781,1068700
2024-06-12,292.989990234375,295.20001220703125,292.20001220703125,294.3399963378906,281.8841247558594,871900
2024-06-13,293.67999267578125,294.57000732421875,290.7300109863281,292.5199890136719,280.1411437988281,686600
2024-06-14,290.70001220703125,292.0400085449219,288.4599914550781,291.7799987792969,279.4324951171875,639900
2024-06-17,291.17999267578125,294.19000244140625,290.6600036621094,293.8299865722656,281.39569091796875,511000
2024-06-18,293.57000732421875,298.04998779296875,293.1700134277344,298.0,285.38922119140625,748500
2024-06-20,298.0,299.6499938964844,297.0,299.6300048828125,286.9503173828125,751500
2024-06-21,299.55999755859375,300.2200012207031,296.67999267578125,298.25,285.6286926269531,1685600
2024-06-24,299.4800109863281,302.75,298.4700012207031,298.5299987792969,285.8968505859375,1124400
2024-06-25,298.2099914550781,299.0899963378906,294.7200012207031,295.2799987792969,282.7843933105469,985000
2024-06-26,294.30999755859375,295.5799865722656,293.32000732421875,294.5299987792969,282.0661315917969,1215400
2024-06-27,295.3500061035156,295.3500061035156,291.8299865722656,292.5,280.12200927734375,989300
2024-06-28,293.9200134277344,294.4800109863281,289.5400085449219,290.1400146484375,277.8619079589844,2259900
2024-07-01,291.3500061035156,293.010009765625,286.5799865722656,287.8699951171875,275.68792724609375,1431000
2024-07-02,285.29998779296875,286.3399963378906,284.0199890136719,285.80999755859375,273.7151184082031,1274300
2024-07-03,286.4700012207031,287.260009765625,284.04998779296875,284.8800048828125,272.824462890625,656700
2024-07-05,284.260009765625,284.260009765625,280.4599914550781,281.67999267578125,271.11126708984375,1039500
2024-07-08,281.70001220703125,283.0,279.54998779296875,280.4700012207031,269.9466552734375,1222700
2024-07-09,280.2200012207031,281.3399963378906,279.4200134277344,279.510009765625,269.0227355957031,803700
2024-07-10,279.6600036621094,281.9800109863281,279.07000732421875,281.9100036621094,271.3326416015625,957400
2024-07-11,281.3699951171875,285.2699890136719,281.3699951171875,284.1499938964844,273.4885559082031,935500
2024-07-12,285.7200012207031,286.4599914550781,283.69000244140625,283.8900146484375,273.23834228515625,1072000
2024-07-15,285.510009765625,287.20001220703125,284.010009765625,285.4200134277344,274.7109680175781,1017100
2024-07-16,285.57000732421875,291.7799987792969,285.57000732421875,291.5899963378906,280.6494140625,1124900
2024-07-17,292.239990234375,294.7699890136719,291.7799987792969,291.989990234375,281.03436279296875,900200
2024-07-18,291.3999938964844,295.5,291.1700134277344,293.2699890136719,282.2663879394531,960000
2024-07-19,294.3599853515625,294.3599853515625,287.8299865722656,288.2200012207031,277.4058837890625,973600
2024-07-22,288.42999267578125,291.4800109863281,287.5400085449219,291.2099914550781,280.2836608886719,745300
2024-07-23,292.67999267578125,295.6199951171875,292.04998779296875,294.4599914550781,283.4117126464844,1288200
2024-07-24,286.0,286.489990234375,276.7900085449219,284.6700134277344,273.9891052246094,3268400
2024-07-25,286.6099853515625,296.19000244140625,286.6099853515625,290.9800109863281,280.0622863769531,1809800
2024-07-26,290.989990234375,292.70001220703125,287.6400146484375,290.3999938964844,279.5040588378906,1079800
2024-07-29,290.57000732421875,291.0400085449219,288.3699951171875,289.489990234375,278.6282043457031,1171600
2024-07-30,291.0199890136719,293.6600036621094,290.05999755859375,293.010009765625,282.01617431640625,858100
2024-07-31,294.79998779296875,299.9599914550781,293.1700134277344,298.7099914550781,287.5022888183594,1609300
2024-08-01,300.0,300.75,291.5400085449219,293.45001220703125,282.43963623046875,1108400
2024-08-02,292.69000244140625,296.8900146484375,289.510009765625,292.3900146484375,281.41943359375,990700
2024-08-05,288.9200134277344,290.92999267578125,282.32000732421875,285.8999938964844,275.1728820800781,1094100
2024-08-06,286.45001220703125,290.44000244140625,285.20001220703125,285.3800048828125,274.6724548339844,815000
2024-08-07,287.2099914550781,290.8800048828125,286.3599853515625,287.1700134277344,276.395263671875,890700
2024-08-08,287.45001220703125,293.0,287.45001220703125,290.79998779296875,279.8890380859375,823700
2024-08-09,293.2900085449219,296.70001220703125,291.57000732421875,292.989990234375,281.99688720703125,1028600
2024-08-12,294.0,294.5899963378906,290.6499938964844,291.20001220703125,280.27410888671875,1054800
2024-08-13,291.8500061035156,292.79998779296875,289.5299987792969,292.20001220703125,281.236572265625,888800
2024-08-14,291.7099914550781,295.1700134277344,291.7099914550781,293.7300109863281,282.7091369628906,756900
2024-08-15,294.989990234375,296.30999755859375,293.1600036621094,295.95001220703125,284.84588623046875,890600
2024-08-16,296.3599853515625,297.1000061035156,294.739990234375,296.5899963378906,285.46185302734375,852300
2024-08-19,296.92999267578125,297.0,294.7699890136719,295.6000061035156,284.5089416503906,685100
2024-08-20,295.3599853515625,296.1199951171875,294.2099914550781,295.79998779296875,284.70147705078125,589200
2024-08-21,296.510009765625,296.510009765625,293.0199890136719,294.07000732421875,283.036376953125,1029100
2024-08-22,294.25,294.739990234375,292.989990234375,293.45001220703125,282.43963623046875,676200
2024-08-23,294.3399963378906,294.8299865722656,291.2900085449219,291.45001220703125,280.51470947265625,864700
2024-08-26,292.45001220703125,293.17999267578125,290.4200134277344,291.0,280.0815734863281,814800
2024-08-27,291.010009765625,291.4599914550781,289.8299865722656,290.20001220703125,279.3116149902344,1005300
2024-08-28,290.989990234375,297.17999267578125,290.5,296.6400146484375,285.510009765625,1553600
2024-08-29,298.0,300.95001220703125,295.5,297.8299865722656,286.6553039550781,1640300
2024-08-30,297.5299987792969,299.67999267578125,295.17999267578125,299.3599853515625,288.1278381347656,1032900
2024-09-03,299.0,300.9800109863281,293.3399963378906,294.9200134277344,283.85455322265625,961600
2024-09-04,295.45001220703125,297.760009765625,293.0,294.3500061035156,283.3058776855469,930500
2024-09-05,296.510009765625,299.8299865722656,294.1600036621094,297.2900085449219,286.1355895996094,1518800
2024-09-06,297.0,298.4100036621094,292.239990234375,292.7799987792969,281.79473876953125,1362400
2024-09-09,295.7099914550781,303.1000061035156,295.7099914550781,301.55999755859375,290.2453918457031,1922400
2024-09-10,303.30999755859375,306.510009765625,300.4700012207031,302.3999938964844,291.0538635253906,1040400
2024-09-11,301.2099914550781,301.2099914550781,293.3599853515625,299.5899963378906,288.3492431640625,1067200
2024-09-12,299.3399963378906,300.94000244140625,297.4100036621094,300.6700134277344,289.38873291015625,875400
2024-09-13,301.0799865722656,305.8399963378906,301.04998779296875,304.79998779296875,293.3638000488281,797600
2024-09-16,307.3800048828125,309.9700012207031,306.1499938964844,307.54998779296875,296.0106201171875,874500
2024-09-17,304.75,305.70001220703125,302.57000732421875,303.8500061035156,292.449462890625,1045600
2024-09-18,303.8999938964844,306.8999938964844,301.6499938964844,302.3800048828125,291.0345458984375,1155800
2024-09-19,304.8399963378906,306.6499938964844,302.5199890136719,304.7300109863281,293.2964172363281,1188100
2024-09-20,304.7699890136719,307.760009765625,303.19000244140625,306.8699951171875,295.3561096191406,7899200
2024-09-23,307.30999755859375,309.7200012207031,306.75,308.0899963378906,296.53033447265625,951800
2024-09-24,308.0,308.5199890136719,304.07000732421875,304.6700134277344,293.2386779785156,951800
2024-09-25,305.5199890136719,306.54998779296875,301.0199890136719,301.69000244140625,290.3704833984375,915500
2024-09-26,300.92999267578125,302.9200134277344,299.6600036621094,300.489990234375,289.2154846191406,904500
2024-09-27,300.3399963378906,302.3500061035156,299.9700012207031,300.1300048828125,288.8689880371094,909200
2024-09-30,300.0,302.260009765625,297.6600036621094,302.20001220703125,290.8613586425781,1364000
2024-10-01,297.6400146484375,307.04998779296875,294.5,305.3299865722656,293.8738708496094,1486600
2024-10-02,305.5,306.6199951171875,303.1000061035156,303.9200134277344,292.516845703125,1218300
2024-10-03,304.0400085449219,304.8699951171875,299.0400085449219,299.6099853515625,288.3684997558594,1124300
2024-10-04,300.0400085449219,301.239990234375,297.8399963378906,300.6600036621094,289.379150390625,877300
2024-10-07,299.29998779296875,300.510009765625,296.7099914550781,297.2900085449219,286.1355895996094,874100
2024-10-08,297.95001220703125,298.1099853515625,295.04998779296875,296.8999938964844,285.76019287109375,843200
2024-10-09,296.1000061035156,300.1300048828125,295.6700134277344,298.69000244140625,287.4830322265625,726500
2024-10-10,298.5,298.6199951171875,295.0199890136719,296.04998779296875,284.94207763671875,902400
2024-10-11,295.0,299.7699890136719,294.2900085449219,299.44000244140625,289.59393310546875,986300
2024-10-14,299.5899963378906,302.3599853515625,298.67999267578125,301.8599853515625,291.9343566894531,583400
2024-10-15,303.5899963378906,303.8599853515625,299.8500061035156,300.2099914550781,290.338623046875,898600
2024-10-16,300.1400146484375,306.05999755859375,300.1400146484375,304.8699951171875,294.8453674316406,838100
2024-10-17,307.0,308.32000732421875,305.6400146484375,308.2300109863281,298.0948791503906,919000
2024-10-18,310.0,310.5799865722656,307.6099853515625,308.4800109863281,298.3367004394531,1316300
2024-10-21,309.1300048828125,310.8500061035156,307.010009765625,308.0799865722656,297.9498291015625,1059700
2024-10-22,307.70001220703125,308.7699890136719,303.9100036621094,305.989990234375,295.92852783203125,1145600
2024-10-23,304.8500061035156,313.1099853515625,300.7099914550781,304.3999938964844,294.39080810546875,1506600
2024-10-24,301.7300109863281,304.989990234375,300.5199890136719,301.2699890136719,291.3637390136719,1331400
2024-10-25,304.5199890136719,304.989990234375,302.07000732421875,302.5199890136719,292.57269287109375,1405200
2024-10-28,303.0400085449219,304.7099914550781,302.1400146484375,303.9200134277344,293.9266662597656,968700
2024-10-29,303.2300109863281,305.1600036621094,301.7300109863281,301.75,291.8279724121094,950600
2024-10-30,301.82000732421875,304.1199951171875,301.1600036621094,301.3699951171875,291.46044921875,855000
2024-10-31,300.32000732421875,301.3699951171875,291.30999755859375,291.6099853515625,282.0213623046875,1704100
2024-11-01,292.9599914550781,294.8699951171875,292.30999755859375,292.989990234375,283.35601806640625,1355500
2024-11-04,293.6199951171875,295.55999755859375,292.3500061035156,293.6000061035156,283.9459533691406,1056000
2024-11-05,294.55999755859375,296.989990234375,294.5299987792969,296.6499938964844,286.8956604003906,750100
2024-11-06,305.0400085449219,309.010009765625,302.7799987792969,308.4599914550781,298.31732177734375,1659100
2024-11-07,308.510009765625,309.07000732421875,304.5199890136719,306.0,295.9382019042969,887100
2024-11-08,307.5,310.2200012207031,306.17999267578125,309.4700012207031,299.2941589355469,855100
2024-11-11,312.0799865722656,315.92999267578125,311.2900085449219,313.9100036621094,303.588134765625,925300
2024-11-12,315.0,315.0,310.6300048828125,312.04998779296875,301.78924560546875,778600
2024-11-13,313.44000244140625,316.8999938964844,311.67999267578125,314.0299987792969,303.70416259765625,906700
2024-11-14,314.1000061035156,314.8500061035156,291.80999755859375,292.4200134277344,282.80474853515625,1927500
2024-11-15,290.8299865722656,295.0,285.67999267578125,287.989990234375,278.52044677734375,1997300
2024-11-18,287.0,288.0,285.2900085449219,286.0,276.5958557128906,1287000
2024-11-19,287.2900085449219,288.0,279.6099853515625,280.9599914550781,271.7215576171875,1772200
2024-11-20,281.4700012207031,282.0,278.1199951171875,280.04998779296875,270.84149169921875,1766400
2024-11-21,280.70001220703125,283.5,279.010009765625,279.92999267578125,270.7254333496094,1832200
2024-11-22,280.760009765625,283.6000061035156,279.9200134277344,281.80999755859375,272.54364013671875,1433900
2024-11-25,283.260009765625,284.1499938964844,279.2900085449219,281.3500061035156,272.0987854003906,1569300
2024-11-26,281.0799865722656,283.3699951171875,279.55999755859375,282.0199890136719,272.7467346191406,1095100
2024-11-27,282.9200134277344,286.010009765625,282.260009765625,282.30999755859375,273.0271911621094,994500
2024-11-29,283.17999267578125,284.4100036621094,282.4800109863281,284.010009765625,274.6712951660156,538200
2024-12-02,282.8999938964844,283.1499938964844,275.6199951171875,276.44000244140625,267.3502197265625,1936800
2024-12-03,276.4800109863281,278.1300048828125,274.44000244140625,277.4200134277344,268.2980041503906,1130800
2024-12-04,276.4700012207031,278.5799865722656,274.989990234375,277.6600036621094,268.53009033203125,1307500
2024-12-05,277.5,278.7300109863281,275.1499938964844,275.1499938964844,266.1026306152344,1511800
2024-12-06,275.0,275.8599853515625,271.04998779296875,271.79998779296875,262.86279296875,1879400
2024-12-09,271.3500061035156,272.7099914550781,269.3999938964844,269.57000732421875,260.7060852050781,2143000
2024-12-10,269.489990234375,272.0899963378906,267.25,270.42999267578125,261.5378112792969,1279800
2024-12-11,269.55999755859375,270.0199890136719,263.4200134277344,265.42999267578125,256.7022399902344,2263500
2024-12-12,260.0,264.1499938964844,257.260009765625,263.0400085449219,254.39083862304688,2408900
2024-12-13,263.0,265.07000732421875,261.92999267578125,263.1099853515625,254.45852661132812,1673400
2024-12-16,263.1099853515625,269.69000244140625,262.7099914550781,266.07000732421875,257.3211975097656,3087200
2024-12-17,264.4700012207031,267.7300109863281,263.7900085449219,265.2200012207031,256.4991149902344,1963800
2024-12-18,265.20001220703125,269.5,262.1000061035156,262.2699890136719,253.64614868164062,2241500
2024-12-19,259.95001220703125,262.8299865722656,257.8800048828125,260.2799987792969,251.72157287597656,2169800
2024-12-20,259.0799865722656,267.44000244140625,257.79998779296875,263.6400146484375,254.97113037109375,3546200
2024-12-23,265.79998779296875,265.79998779296875,262.8999938964844,265.19000244140625,256.4701232910156,1552800
2024-12-24,264.6700134277344,265.8999938964844,263.6300048828125,265.8999938964844,257.15679931640625,500900
2024-12-26,265.8900146484375,268.3299865722656,265.25,266.7799987792969,258.0078125,851300
2024-12-27,264.7799987792969,267.5899963378906,264.7200012207031,266.1400146484375,257.3888854980469,1001400
2024-12-30,263.19000244140625,265.1099853515625,261.05999755859375,263.3800048828125,254.71966552734375,1550200
2024-12-31,264.0,265.5199890136719,262.1499938964844,263.489990234375,254.82601928710938,894900
2025-01-02,264.8999938964844,265.8299865722656,260.5,261.010009765625,252.4276123046875,1749000
2025-01-03,261.17999267578125,264.1600036621094,260.2699890136719,263.3699951171875,254.70997619628906,1287600
2025-01-06,262.32000732421875,264.2900085449219,257.55999755859375,257.989990234375,249.5068817138672,1897900
2025-01-07,258.760009765625,262.92999267578125,258.05999755859375,259.6499938964844,251.11231994628906,1303700
2025-01-08,258.760009765625,262.5,258.760009765625,261.4700012207031,252.87245178222656,1120500
2025-01-10,260.5199890136719,261.9599914550781,258.6499938964844,259.3800048828125,250.85116577148438,1722900
2025-01-13,259.3800048828125,264.8800048828125,259.0,263.6700134277344,255.0001220703125,1360000
2025-01-14,263.5199890136719,265.2900085449219,262.2300109863281,265.1199951171875,256.40240478515625,1095800
2025-01-15,267.5299987792969,267.8500061035156,264.0199890136719,266.0899963378906,257.340576171875,1013500
2025-01-16,266.0,269.3999938964844,265.70001220703125,268.8299865722656,259.9903869628906,1753000
2025-01-17,268.4200134277344,268.80999755859375,266.1300048828125,266.6700134277344,259.2709655761719,1544000
2025-01-21,269.2900085449219,274.1499938964844,268.8599853515625,271.6300048828125,264.0933837890625,2444300
2025-01-22,271.6300048828125,271.67999267578125,266.7099914550781,268.8399963378906,261.3807373046875,2028900
2025-01-23,270.1300048828125,271.0,264.69000244140625,268.55999755859375,261.1085510253906,2210900
2025-01-24,268.55999755859375,269.0299987792969,265.739990234375,266.42999267578125,259.03759765625,1546500
2025-01-27,267.760009765625,270.19000244140625,266.4700012207031,269.8399963378906,262.35296630859375,1694200
2025-01-28,269.989990234375,270.0199890136719,261.2699890136719,262.57000732421875,255.28475952148438,2042600
2025-01-29,253.82000732421875,261.30999755859375,247.00999450683594,251.4499969482422,244.4732666015625,3497600
2025-01-30,253.85000610351562,257.0899963378906,252.5,256.92999267578125,249.8012237548828,2299300
2025-01-31,256.989990234375,258.75,254.7899932861328,256.9800109863281,249.849853515625,1902800
2025-02-03,256.0,258.07000732421875,253.8300018310547,256.5899963378906,249.47067260742188,1414600
2025-02-04,255.9600067138672,258.92999267578125,255.85000610351562,257.42999267578125,250.287353515625,1356000
2025-02-05,258.7099914550781,259.2300109863281,256.8299865722656,258.5799865722656,251.40542602539062,1098100
2025-02-06,257.7099914550781,257.7099914550781,253.1300048828125,255.52999877929688,248.4400634765625,1154700
2025-02-07,256.0199890136719,257.2099914550781,253.9199981689453,254.8300018310547,247.75950622558594,1290600
2025-02-10,255.49000549316406,257.3699951171875,255.11000061035156,256.3399963378906,249.2275848388672,1410900
2025-02-11,255.8699951171875,257.69000244140625,254.35000610351562,256.989990234375,249.8595428466797,1095600
2025-02-12,254.47999572753906,255.6300048828125,250.97000122070312,251.3300018310547,244.35659790039062,1560900
2025-02-13,251.60000610351562,251.9499969482422,242.86000061035156,246.16000366210938,239.33004760742188,2825100
2025-02-14,245.75,247.0500030517578,239.8699951171875,241.94000244140625,235.22714233398438,2765000
2025-02-18,244.3300018310547,244.47000122070312,241.11000061035156,242.60000610351562,235.8688201904297,2113500
2025-02-19,242.5800018310547,246.27999877929688,242.0399932861328,244.17999267578125,237.40499877929688,1900100
2025-02-20,242.33999633789062,247.27999877929688,242.33999633789062,246.1999969482422,239.36892700195312,1566900
2025-02-21,245.1999969482422,245.3300018310547,241.64999389648438,243.05999755859375,236.3160400390625,1947400
2025-02-24,244.60000610351562,248.3300018310547,243.4199981689453,246.27000427246094,239.43698120117188,2204400
2025-02-25,247.1699981689453,250.82000732421875,246.7100067138672,249.91000366210938,242.9759979248047,1711600
2025-02-26,250.49000549316406,250.61000061035156,247.8800048828125,249.24000549316406,242.32456970214844,1372100
2025-02-27,250.13999938964844,252.49000549316406,249.55999755859375,251.6199951171875,244.6385498046875,1410300
2025-02-28,252.33999633789062,254.66000366210938,249.94000244140625,252.60000610351562,245.59136962890625,1755500
2025-03-03,255.1699981689453,255.92999267578125,252.3000030517578,254.0399932861328,246.9914093017578,1333100
2025-03-04,252.97999572753906,257.489990234375,250.41000366210938,250.8000030517578,243.84130859375,2013300
2025-03-05,255.5,264.0400085449219,251.0500030517578,262.9599914550781,255.6638946533203,4141800
2025-03-06,261.489990234375,266.1499938964844,259.239990234375,264.54998779296875,257.2098083496094,2075700
2025-03-07,262.4599914550781,272.510009765625,262.4599914550781,271.55999755859375,264.0252990722656,1978800
2025-03-10,270.0,279.25,268.1700134277344,271.94000244140625,264.3947448730469,2274400
2025-03-11,270.7699890136719,272.2200012207031,262.260009765625,264.1199951171875,256.7917175292969,1827900
2025-03-12,263.05999755859375,263.7099914550781,258.0799865722656,260.010009765625,252.79579162597656,1122800
2025-03-13,259.32000732421875,263.17999267578125,258.6499938964844,261.1600036621094,253.91387939453125,1044500
2025-03-14,261.5,262.760009765625,259.44000244140625,262.0299987792969,254.7597198486328,956600
2025-03-17,262.0299987792969,267.010009765625,262.010009765625,265.17999267578125,257.8223571777344,974400
2025-03-18,264.67999267578125,268.6600036621094,263.67999267578125,267.5199890136719,260.09735107421875,1569900
2025-03-19,267.5400085449219,270.29998779296875,266.5400085449219,267.9700012207031,260.5349426269531,1496000
2025-03-20,266.1499938964844,267.45001220703125,264.54998779296875,265.70001220703125,258.3279113769531,1251500
2025-03-21,264.5299987792969,265.2900085449219,260.19000244140625,263.4100036621094,256.1014404296875,3313600
2025-03-24,265.0,266.2099914550781,263.6000061035156,265.8800048828125,258.5028991699219,1023200
2025-03-25,265.9100036621094,268.0,264.510009765625,267.5400085449219,260.11688232421875,911900
2025-03-26,269.1499938964844,270.57000732421875,268.57000732421875,269.5799865722656,262.1002197265625,1139900
2025-03-27,270.0,271.29998779296875,268.69000244140625,269.489990234375,262.0127258300781,802100
2025-03-28,269.0199890136719,270.2099914550781,267.57000732421875,269.0799865722656,261.6141052246094,1240400
2025-03-31,269.0199890136719,273.95001220703125,268.7900085449219,272.5799865722656,265.0169677734375,1853700
2025-04-01,272.5799865722656,274.7900085449219,271.3699951171875,274.1400146484375,266.53369140625,1470300
2025-04-02,271.7300109863281,278.2699890136719,271.25,276.0400085449219,268.3810119628906,1350000
2025-04-03,273.92999267578125,279.0899963378906,268.989990234375,269.6199951171875,262.13909912109375,1416700
2025-04-04,264.9599914550781,265.7300109863281,249.75,250.00999450683594,243.07321166992188,3232200
2025-04-07,244.66000366210938,253.25,239.1999969482422,247.67999267578125,240.807861328125,2328400
2025-04-08,257.0199890136719,260.989990234375,251.66000366210938,254.39999389648438,247.3414306640625,2277200
2025-04-09,249.9199981689453,272.75,249.9199981689453,271.5199890136719,263.9863586425781,2676600
2025-04-10,269.0,274.6099853515625,263.0299987792969,271.82000732421875,264.278076171875,2094300
2025-04-11,270.32000732421875,277.7699890136719,267.2300109863281,276.6499938964844,270.46661376953125,1568500
2025-04-14,276.8299865722656,280.3900146484375,273.8900146484375,278.7799987792969,272.54901123046875,1244600
2025-04-15,277.9100036621094,280.92999267578125,276.32000732421875,277.1400146484375,270.9456787109375,1544800
2025-04-16,277.55999755859375,280.7900085449219,275.2099914550781,276.6300048828125,270.44708251953125,1964500
2025-04-17,275.5400085449219,278.4100036621094,273.3500061035156,276.0799865722656,269.9093322753906,1722000
2025-04-21,275.010009765625,276.260009765625,270.6000061035156,273.17999267578125,267.0741271972656,1423100
2025-04-22,271.67999267578125,275.6700134277344,266.8900146484375,274.79998779296875,268.657958984375,3048600
2025-04-23,271.6300048828125,272.8800048828125,263.6000061035156,265.7300109863281,259.7906799316406,2245700
2025-04-24,264.92999267578125,272.2699890136719,262.8399963378906,271.7099914550781,265.6369934082031,1835000
2025-04-25,273.3299865722656,273.5199890136719,268.17999267578125,271.9700012207031,265.8912048339844,947600
2025-04-28,272.92999267578125,275.1000061035156,269.6300048828125,271.94000244140625,265.8618469238281,1031000
2025-04-29,272.0,273.3999938964844,270.9200134277344,272.0799865722656,265.99871826171875,1002000
2025-04-30,272.8500061035156,273.0299987792969,268.2900085449219,272.1199951171875,266.037841796875,1388800
2025-05-01,271.510009765625,273.2799987792969,269.239990234375,271.510009765625,265.4415283203125,1319900
2025-05-02,275.0,276.239990234375,266.9800109863281,273.0299987792969,266.9275207519531,1637700
2025-05-05,273.70001220703125,274.1600036621094,271.6700134277344,272.1400146484375,266.0574035644531,1156500
2025-05-06,271.239990234375,272.0,268.45001220703125,270.6099853515625,264.56158447265625,994500
2025-05-07,270.1000061035156,271.4800109863281,268.2200012207031,269.45001220703125,263.4275207519531,861600
2025-05-08,269.92999267578125,274.57000732421875,269.92999267578125,271.9800109863281,265.9010009765625,1339500
2025-05-09,273.3500061035156,273.6700134277344,269.4100036621094,271.55999755859375,265.4903869628906,1029100
2025-05-12,274.1000061035156,276.4800109863281,269.5,276.239990234375,270.06573486328125,1158900
2025-05-13,275.9599914550781,277.0,272.9700012207031,273.0199890136719,266.917724609375,1100700
2025-05-14,272.6000061035156,273.2200012207031,267.3900146484375,270.69000244140625,264.63983154296875,1000700
2025-05-15,272.54998779296875,278.8900146484375,271.29998779296875,278.510009765625,272.2850646972656,1396800
2025-05-16,280.1600036621094,280.7200012207031,278.3500061035156,280.7099914550781,274.43585205078125,1173800
2025-05-19,280.7200012207031,282.9100036621094,279.29998779296875,281.3699951171875,275.08111572265625,802100
2025-05-20,280.1700134277344,282.8800048828125,280.1700134277344,281.57000732421875,275.27667236328125,734700
2025-05-21,281.010009765625,281.9599914550781,276.8999938964844,277.70001220703125,271.4931945800781,997100
2025-05-22,276.9700012207031,278.7900085449219,275.2099914550781,277.0299987792969,270.8381042480469,1034800
2025-05-23,274.75,275.6300048828125,273.260009765625,274.75,268.60906982421875,835900
2025-05-27,277.04998779296875,279.82000732421875,276.30999755859375,279.2300109863281,272.98895263671875,1053300
2025-05-28,279.6499938964844,280.0,273.2099914550781,273.6400146484375,267.52392578125,1006100
2025-05-29,272.95001220703125,275.45001220703125,271.19000244140625,275.20001220703125,269.049072265625,992200
2025-05-30,275.55999755859375,278.95001220703125,274.1199951171875,278.489990234375,272.2654724121094,1657500
2025-06-02,277.8399963378906,277.8399963378906,273.8599853515625,275.7099914550781,269.5476379394531,1001600
2025-06-03,275.760009765625,276.8599853515625,273.5799865722656,276.0400085449219,269.8702392578125,1051000
2025-06-04,276.54998779296875,277.32000732421875,274.80999755859375,275.0299987792969,268.8828125,772500
2025-06-05,275.9700012207031,275.9700012207031,272.6499938964844,274.4200134277344,268.2864685058594,871000
2025-06-06,275.4800109863281,278.07000732421875,275.19000244140625,276.4800109863281,270.3003845214844,647000
2025-06-09,276.2300109863281,278.07000732421875,273.80999755859375,277.30999755859375,271.1119079589844,789600
2025-06-10,277.7300109863281,278.8500061035156,276.1700134277344,277.3699951171875,271.1705322265625,1008300
2025-06-11,276.4599914550781,277.010009765625,268.1000061035156,275.8299865722656,269.6649475097656,970000
2025-06-12,275.2200012207031,279.9599914550781,274.8800048828125,279.92999267578125,273.67327880859375,753700
2025-06-13,284.5,286.79998779296875,281.8599853515625,283.0,276.6746826171875,1649100
2025-06-16,283.2300109863281,283.989990234375,278.2300109863281,279.2900085449219,273.047607421875,927500
2025-06-17,280.0799865722656,281.8299865722656,277.3599853515625,281.29998779296875,275.0126647949219,984200
2025-06-18,281.29998779296875,283.8699951171875,278.260009765625,278.5299987792969,272.3045654296875,731900
2025-06-20,279.45001220703125,280.0799865722656,275.489990234375,278.7799987792969,272.54901123046875,1518700
2025-06-23,280.0799865722656,283.3800048828125,279.6400146484375,282.32000732421875,276.0099182128906,1205600
2025-06-24,280.5299987792969,281.9700012207031,278.2300109863281,281.04998779296875,274.76824951171875,1127300
2025-06-25,283.54998779296875,287.25,281.1300048828125,285.9100036621094,279.5196533203125,2205900
2025-06-26,287.489990234375,292.9100036621094,286.3599853515625,291.3900146484375,284.87713623046875,1857700
2025-06-27,289.8299865722656,291.6000061035156,288.6199951171875,290.739990234375,284.24169921875,2268300
2025-06-30,291.57000732421875,293.1400146484375,290.6499938964844,291.6600036621094,285.1411437988281,1184100
2025-07-01,291.6300048828125,294.3999938964844,289.3999938964844,294.3800048828125,287.80035400390625,1468700
2025-07-02,294.1199951171875,294.3299865722656,290.29998779296875,293.9200134277344,287.3505859375,1086600
2025-07-03,293.07000732421875,295.42999267578125,292.3399963378906,294.760009765625,289.6500244140625,646600
2025-07-07,295.010009765625,297.7200012207031,293.7200012207031,294.6499938964844,289.54193115234375,978700
2025-07-08,296.8699951171875,301.54998779296875,295.5,296.6499938964844,291.50726318359375,1427200
2025-07-09,297.92999267578125,300.0,296.8399963378906,299.9599914550781,294.7598876953125,1134400
2025-07-10,299.92999267578125,304.2200012207031,298.9200134277344,303.3800048828125,298.1205749511719,1362800
2025-07-11,302.8999938964844,303.3699951171875,301.2099914550781,302.20001220703125,296.9610595703125,952500
2025-07-14,302.1000061035156,305.7300109863281,301.44000244140625,304.8500061035156,299.5650939941406,1147100
2025-07-15,304.3999938964844,305.3299865722656,300.7200012207031,300.8500061035156,295.63446044921875,1146900
2025-07-16,301.1400146484375,302.0,297.8900146484375,300.0,294.7991943359375,1142900
2025-07-17,300.0,301.5400085449219,298.510009765625,300.0899963378906,294.88763427734375,1227400
2025-07-18,300.6000061035156,301.510009765625,297.7699890136719,298.9800109863281,293.7969055175781,1636200
2025-07-21,298.9700012207031,300.0,296.9599914550781,297.04998779296875,291.9002990722656,1065800
2025-07-22,295.17999267578125,298.9100036621094,293.95001220703125,297.6000061035156,292.4408264160156,1597400
2025-07-23,310.0,318.7699890136719,308.6300048828125,316.94000244140625,311.4455261230469,2415400
2025-07-24,319.0,322.5,314.0,314.239990234375,308.79229736328125,1641400
2025-07-25,314.0400085449219,314.9800109863281,311.0,314.0199890136719,308.5761413574219,1218100
2025-07-28,313.6700134277344,313.6700134277344,311.0799865722656,313.1000061035156,307.6720886230469,1153600
2025-07-29,316.0,316.9599914550781,313.42999267578125,314.70001220703125,309.244384765625,1140800
2025-07-30,315.1000061035156,315.3699951171875,310.4700012207031,312.17999267578125,306.7680358886719,1518000
2025-07-31,311.3500061035156,313.30999755859375,310.29998779296875,311.6099853515625,306.2079162597656,1647900
2025-08-01,309.6499938964844,311.3500061035156,306.0299987792969,310.739990234375,305.3529968261719,891100
2025-08-04,311.0299987792969,313.20001220703125,310.3299865722656,312.7799987792969,307.3576354980469,852300
2025-08-05,312.20001220703125,314.6700134277344,311.9800109863281,313.760009765625,308.3206481933594,1017700
2025-08-06,314.9800109863281,317.0,313.0,314.989990234375,309.529296875,893400
2025-08-07,314.0,314.70001220703125,309.7300109863281,312.7300109863281,307.30853271484375,954400
2025-08-08,312.9800109863281,315.80999755859375,312.82000732421875,314.1300048828125,308.6842346191406,1157300
2025-08-11,313.989990234375,315.1000061035156,313.20001220703125,314.92999267578125,309.4703369140625,1004600
2025-08-12,314.4800109863281,315.3599853515625,312.2099914550781,314.010009765625,308.5663146972656,1034400
2025-08-13,314.75,317.7300109863281,313.9200134277344,317.489990234375,311.9859924316406,813500
2025-08-14,319.6300048828125,321.0,315.8399963378906,315.8399963378906,310.36456298828125,843100
2025-08-15,315.9599914550781,315.9599914550781,313.30999755859375,313.69000244140625,308.2518615722656,900500
2025-08-18,313.75,316.1199951171875,313.1499938964844,313.5799865722656,308.1437683105469,818300
2025-08-19,312.67999267578125,316.4700012207031,312.6600036621094,316.3999938964844,310.91485595703125,748400
2025-08-20,317.3999938964844,318.6400146484375,316.44000244140625,317.4800109863281,311.9761657714844,798900
2025-08-21,316.8699951171875,318.1000061035156,315.8399963378906,316.5299987792969,311.0426330566406,717500
2025-08-22,318.2200012207031,320.8800048828125,317.6099853515625,319.6099853515625,314.0692138671875,917200
2025-08-25,319.8399963378906,322.20001220703125,319.8299865722656,319.8900146484375,314.34442138671875,804100
2025-08-26,319.0,322.8500061035156,319.0,322.17999267578125,316.59466552734375,952100
2025-08-27,322.80999755859375,325.82000732421875,322.80999755859375,325.4599914550781,319.8177795410156,846900
2025-08-28,325.5199890136719,326.0199890136719,323.1300048828125,324.9100036621094,319.2773742675781,801100
2025-08-29,325.1499938964844,326.0,323.7099914550781,324.57000732421875,318.9432373046875,670200
2025-09-02,324.3800048828125,324.8800048828125,322.0199890136719,324.3900146484375,318.7663879394531,874200
2025-09-03,324.1600036621094,324.44000244140625,321.1600036621094,322.80999755859375,317.2137756347656,658000
2025-09-04,323.2699890136719,323.760009765625,320.9100036621094,322.44000244140625,316.85015869140625,943800
2025-09-05,324.0,324.2099914550781,320.3599853515625,322.8599853515625,317.26287841796875,860900
2025-09-08,322.5,323.1400146484375,319.7300109863281,322.7200012207031,317.12530517578125,810300
2025-09-09,321.8999938964844,322.3999938964844,318.80999755859375,321.3299865722656,315.7593994140625,789700
2025-09-10,320.7799987792969,323.7699890136719,320.6499938964844,323.04998779296875,317.4495849609375,709100
2025-09-11,322.92999267578125,330.0,322.1099853515625,329.6199951171875,323.90570068359375,834100
2025-09-12,330.0,330.17999267578125,325.7699890136719,326.1499938964844,320.495849609375,578800
2025-09-15,326.5,328.2699890136719,325.67999267578125,326.9800109863281,321.3114929199219,694800
2025-09-16,327.8500061035156,329.4599914550781,325.9599914550781,326.3999938964844,320.74151611328125,1350700
2025-09-17,326.7799987792969,328.4700012207031,324.5400085449219,325.2799987792969,319.64093017578125,1343800
2025-09-18,323.9700012207031,325.4200134277344,322.4800109863281,324.57000732421875,318.9432373046875,1096300
2025-09-19,325.3599853515625,325.7099914550781,321.9200134277344,324.0799865722656,318.46173095703125,2654500
2025-09-22,323.0,324.2799987792969,320.9100036621094,322.6600036621094,317.0663757324219,1354900
2025-09-23,322.6099853515625,325.739990234375,321.1199951171875,323.20001220703125,317.5970153808594,1250600
2025-09-24,321.8699951171875,325.45001220703125,321.260009765625,323.6199951171875,318.0097351074219,1452400
2025-09-25,325.32000732421875,328.5199890136719,322.5,324.42999267578125,318.8056640625,1014000
2025-09-26,326.42999267578125,330.6300048828125,326.2099914550781,330.3399963378906,324.61322021484375,1043600
2025-09-29,335.0,337.5199890136719,331.3299865722656,332.1700134277344,326.4114990234375,1693100
2025-09-30,332.1300048828125,341.0199890136719,332.1300048828125,341.0,335.08843994140625,1622800
2025-10-01,337.8999938964844,341.19000244140625,336.30999755859375,340.75,334.84271240234375,1162500
2025-10-02,339.55999755859375,341.67999267578125,338.07000732421875,341.04998779296875,335.1375427246094,942900
2025-10-03,341.9700012207031,345.2200012207031,341.25,343.6199951171875,337.6629943847656,710200
2025-10-06,344.5199890136719,347.3699951171875,343.3900146484375,346.5,340.4930725097656,885900
2025-10-07,344.55999755859375,347.3699951171875,342.8500061035156,343.42999267578125,337.476318359375,740600
2025-10-08,345.2200012207031,347.239990234375,343.42999267578125,346.44000244140625,340.43414306640625,773900
2025-10-09,346.2799987792969,347.32000732421875,342.2300109863281,342.7699890136719,336.8277282714844,798300
2025-10-10,340.8599853515625,342.0,332.79998779296875,332.94000244140625,328.6061706542969,927300
2025-10-13,333.1000061035156,336.79998779296875,332.239990234375,334.3900146484375,330.03729248046875,839200
2025-10-14,333.6300048828125,338.7799987792969,333.0,335.5,331.1328430175781,862600
2025-10-15,335.92999267578125,339.989990234375,327.3299865722656,332.0400085449219,327.7178955078125,1018300
2025-10-16,332.44000244140625,333.3800048828125,329.510009765625,330.5899963378906,326.2867431640625,787800
2025-10-17,328.9200134277344,332.1600036621094,328.2099914550781,331.1499938964844,326.8394775390625,916700
2025-10-20,333.0,337.94000244140625,331.760009765625,337.19000244140625,332.8008728027344,823600
2025-10-21,337.9100036621094,341.7699890136719,337.9100036621094,340.69000244140625,336.2552795410156,946500
2025-10-22,341.239990234375,342.2799987792969,338.0899963378906,338.239990234375,333.837158203125,1171900
2025-10-23,339.55999755859375,342.70001220703125,339.25,341.5,337.0547180175781,1198900
2025-10-24,357.0,360.5,343.5199890136719,350.7699890136719,346.2040710449219,2098000
2025-10-27,353.7799987792969,355.8399963378906,346.3299865722656,353.7699890136719,349.1650085449219,1674900
2025-10-28,352.0299987792969,352.6499938964844,346.6000061035156,346.67999267578125,342.1673278808594,926600
2025-10-29,345.260009765625,346.0799865722656,339.7799987792969,343.4800109863281,339.00897216796875,1712200
2025-10-30,344.1000061035156,349.25,343.8599853515625,344.6600036621094,340.1736145019531,1303800
2025-10-31,344.55999755859375,345.42999267578125,341.3500061035156,344.8999938964844,340.41046142578125,1520300
2025-11-03,344.0,344.04998779296875,339.44000244140625,341.8699951171875,337.419921875,1352400
2025-11-04,340.7900085449219,345.2300109863281,339.0,343.4700012207031,338.99908447265625,1254500
2025-11-05,342.3800048828125,346.5400085449219,341.04998779296875,342.9100036621094,338.4463806152344,1088700
2025-11-06,343.1099853515625,344.2900085449219,339.739990234375,340.29998779296875,335.8703308105469,899000
2025-11-07,341.80999755859375,347.1499938964844,338.82000732421875,346.3399963378906,341.83172607421875,1209000
2025-11-10,345.9100036621094,349.9800109863281,344.3399963378906,349.489990234375,344.94073486328125,923900
2025-11-11,349.4599914550781,353.489990234375,348.0899963378906,352.4200134277344,347.8326110839844,670600
2025-11-12,351.8999938964844,353.739990234375,349.3800048828125,349.45001220703125,344.9012756347656,941400
2025-11-13,349.5799865722656,350.0,342.75,344.05999755859375,339.5814208984375,975500
2025-11-14,341.8299865722656,345.5899963378906,339.1000061035156,344.25,339.7689208984375,1081500
2025-11-17,345.6700134277344,346.7699890136719,341.239990234375,341.7799987792969,337.3310852050781,909100
2025-11-18,343.57000732421875,344.8999938964844,340.5400085449219,341.2900085449219,336.84747314453125,1208700
2025-11-19,339.2699890136719,343.3800048828125,336.2900085449219,343.05999755859375,338.59442138671875,1253500
2025-11-20,347.1300048828125,349.4700012207031,338.92999267578125,339.44000244140625,335.0215759277344,892300
2025-11-21,339.010009765625,342.2099914550781,335.45001220703125,340.3399963378906,335.9098205566406,1358300
2025-11-24,337.19000244140625,339.92999267578125,334.3500061035156,338.1300048828125,333.7286071777344,1476500
2025-11-25,338.7900085449219,343.05999755859375,338.7900085449219,341.07000732421875,336.6303405761719,1498700
2025-11-26,341.1400146484375,342.29998779296875,338.7900085449219,340.0400085449219,335.61376953125,693400
2025-11-28,340.4700012207031,342.0899963378906,339.6000061035156,341.6300048828125,337.1830749511719,361400
2025-12-01,339.6300048828125,340.30999755859375,332.0799865722656,332.3800048828125,328.0534362792969,1193600
2025-12-02,334.3399963378906,337.4100036621094,332.8999938964844,335.79998779296875,331.4289245605469,980200
2025-12-03,336.75,338.4800109863281,333.5299987792969,338.0799865722656,333.6792297363281,985200
2025-12-04,338.19000244140625,342.8299865722656,338.19000244140625,341.70001220703125,337.25213623046875,1412700
2025-12-05,341.010009765625,341.5,333.989990234375,337.30999755859375,332.9192810058594,1317800
2025-12-08,337.95001220703125,339.04998779296875,334.3500061035156,336.010009765625,331.63623046875,1435600
2025-12-09,335.9700012207031,339.1499938964844,333.6199951171875,334.2699890136719,329.9188232421875,1033800
2025-12-10,333.739990234375,344.94000244140625,333.5299987792969,342.2300109863281,337.7752380371094,1654500
2025-12-11,342.3599853515625,344.5299987792969,340.1199951171875,341.4800109863281,337.0350036621094,1326100
2025-12-12,340.8599853515625,341.95001220703125,336.7300109863281,337.489990234375,333.096923828125,1226900
2025-12-15,338.32000732421875,341.2200012207031,337.3699951171875,340.69000244140625,336.2552795410156,1382500
2025-12-16,342.3999938964844,342.5199890136719,334.7200012207031,337.489990234375,333.096923828125,966300
2025-12-17,336.4100036621094,339.5299987792969,333.04998779296875,336.4100036621094,332.031005859375,1003700
2025-12-18,337.2200012207031,340.42999267578125,336.44000244140625,337.3399963378906,332.9488830566406,992700
2025-12-19,337.8699951171875,341.4200134277344,337.0,339.3599853515625,334.94256591796875,2663400
2025-12-22,338.8699951171875,345.6700134277344,337.44000244140625,345.19000244140625,340.6966857910156,1197900
2025-12-23,345.6700134277344,347.44000244140625,343.17999267578125,343.8399963378906,339.3642578125,1246800
2025-12-24,343.5299987792969,346.2699890136719,343.510009765625,345.3900146484375,340.8941345214844,314000
2025-12-26,344.8699951171875,346.07000732421875,341.42999267578125,342.20001220703125,337.74566650390625,464500
2025-12-29,341.94000244140625,343.7300109863281,340.3500061035156,340.4800109863281,336.04803466796875,783200
2025-12-30,340.3800048828125,341.0,339.2099914550781,339.4700012207031,335.0511779785156,662500
2025-12-31,340.07000732421875,340.989990234375,336.4800109863281,336.6600036621094,332.2777404785156,522900
2026-01-02,336.5400085449219,343.4700012207031,334.2799987792969,343.3999938964844,338.9300231933594,972200
2026-01-05,347.9200134277344,356.32000732421875,346.0299987792969,355.55999755859375,350.9317321777344,1912200
2026-01-06,357.8900146484375,361.94000244140625,356.9700012207031,360.7099914550781,356.0146789550781,1387400
2026-01-07,362.0,363.0,345.3399963378906,345.6400146484375,341.140869140625,2049800
2026-01-08,356.7699890136719,367.6600036621094,350.6199951171875,351.44000244140625,346.8653259277344,2630200
2026-01-09,352.94000244140625,356.75,351.6499938964844,353.8900146484375,349.2834777832031,2019700
2026-01-12,356.3500061035156,361.1000061035156,354.2900085449219,360.94000244140625,356.2416687011719,1548100
2026-01-13,365.1099853515625,366.1300048828125,359.989990234375,363.29998779296875,358.5709533691406,1247400
2026-01-14,361.8800048828125,366.010009765625,359.6700134277344,366.0,361.23583984375,1167200
2026-01-15,365.2699890136719,368.7799987792969,360.1300048828125,368.69000244140625,363.89080810546875,1503500
2026-01-16,367.2699890136719,369.70001220703125,365.4200134277344,367.3800048828125,364.0791015625,1904200
2026-01-20,366.25,369.0,358.5199890136719,359.1700134277344,355.94287109375,1704000
2026-01-21,360.17999267578125,367.010009765625,359.75,364.7799987792969,361.5024719238281,1076200
2026-01-22,364.80999755859375,366.989990234375,362.6300048828125,365.8299865722656,362.54302978515625,869600
2026-01-23,366.5899963378906,369.0,361.760009765625,363.2699890136719,360.0060119628906,1181600
2026-01-26,363.30999755859375,364.6700134277344,360.0,363.5400085449219,360.27362060546875,1485500
2026-01-27,364.5,367.9700012207031,362.1000061035156,366.6199951171875,363.325927734375,1389800
2026-01-28,351.7900085449219,359.6700134277344,343.79998779296875,356.67999267578125,353.4752197265625,2327000
2026-01-29,353.9599914550781,359.0799865722656,346.55999755859375,349.95001220703125,346.80572509765625,1766900
2026-01-30,347.25,353.2799987792969,347.1600036621094,351.0899963378906,347.9354553222656,2058300
2026-02-02,349.2900085449219,350.5199890136719,344.0199890136719,346.3699951171875,343.25787353515625,1571400
2026-02-03,349.0799865722656,355.79998779296875,346.9800109863281,355.30999755859375,352.1175537109375,1899200
2026-02-04,355.55999755859375,357.2300109863281,346.80999755859375,353.3699951171875,350.1949462890625,1647300
2026-02-05,350.6000061035156,356.6300048828125,347.80999755859375,352.04998779296875,348.8868103027344,1215500
2026-02-06,354.54998779296875,361.6499938964844,354.0199890136719,360.07000732421875,356.83477783203125,1095800
2026-02-09,360.3999938964844,363.3699951171875,359.6000061035156,360.1000061035156,356.864501953125,807400
2026-02-10,361.489990234375,361.5,356.2799987792969,358.8299865722656,355.60589599609375,694200
2026-02-11,361.0899963378906,361.4200134277344,345.1199951171875,346.3399963378906,343.2281188964844,1952500
2026-02-12,348.7200012207031,352.5400085449219,340.3599853515625,340.75,337.6883544921875,2063500
2026-02-13,341.9700012207031,349.44000244140625,341.6600036621094,347.6400146484375,344.5164794921875,1533600
2026-02-17,346.9700012207031,350.0,340.0899963378906,342.5199890136719,339.44244384765625,1699800
2026-02-18,344.8599853515625,349.54998779296875,343.67999267578125,349.489990234375,346.3498229980469,1232200
2026-02-19,348.1199951171875,356.3900146484375,348.1199951171875,354.3399963378906,351.15625,918400
2026-02-20,354.2099914550781,354.6499938964844,348.69000244140625,351.4200134277344,348.26251220703125,894600
2026-02-23,352.3500061035156,354.0,348.2900085449219,348.9800109863281,345.8444519042969,858900
2026-02-24,347.9800109863281,353.0400085449219,346.0,351.17999267578125,348.0246276855469,682100
2026-02-25,352.0400085449219,352.8999938964844,337.32000732421875,343.1400146484375,340.056884765625,1281900
2026-02-26,344.4800109863281,350.75,341.7699890136719,350.7200012207031,347.56878662109375,1005800
2026-02-27,351.1199951171875,357.7900085449219,348.8800048828125,357.04998779296875,353.8418884277344,1201700
2026-03-02,362.42999267578125,366.07000732421875,359.1600036621094,364.7799987792969,361.5024719238281,1508300
2026-03-03,363.0899963378906,366.5,358.2099914550781,364.70001220703125,361.4231872558594,1850300
2026-03-04,366.0,366.75,359.2799987792969,366.1199951171875,362.8304138183594,1263000
2026-03-05,364.510009765625,366.1099853515625,354.5400085449219,360.70001220703125,357.4591369628906,1438800
2026-03-06,360.2200012207031,364.3999938964844,354.5199890136719,363.489990234375,360.2240295410156,1161800
2026-03-09,362.5299987792969,364.0,355.5799865722656,361.9800109863281,358.7276306152344,1444600
2026-03-10,359.8399963378906,361.3599853515625,354.69000244140625,355.5899963378906,352.39501953125,973200
2026-03-11,352.9100036621094,356.0,351.17999267578125,353.8500061035156,350.6706848144531,991800
2026-03-12,349.57000732421875,357.54998779296875,349.0,355.2300109863281,352.03826904296875,1227500
2026-03-13,357.4599914550781,359.82000732421875,350.4100036621094,351.5199890136719,348.3616027832031,985400
2026-03-16,353.04998779296875,357.2300109863281,351.4100036621094,354.3599853515625,351.1760559082031,1185600
2026-03-17,354.760009765625,356.7900085449219,352.2799987792969,356.2900085449219,353.0887451171875,1017500
2026-03-18,357.17999267578125,358.6000061035156,353.3599853515625,353.3599853515625,350.18505859375,1381900
2026-03-19,350.0,352.010009765625,343.5899963378906,349.6300048828125,346.48858642578125,1029800
2026-03-20,349.010009765625,352.04998779296875,343.0799865722656,345.7799987792969,342.67315673828125,2893900
2026-03-23,350.54998779296875,351.489990234375,342.82000732421875,347.3699951171875,344.2488708496094,1109000
2026-03-24,344.239990234375,348.4200134277344,343.7799987792969,346.2300109863281,343.119140625,1145000
2026-03-25,349.55999755859375,354.1000061035156,347.75,352.5,349.3327941894531,1702600
2026-03-26,351.95001220703125,356.4200134277344,351.7300109863281,355.2799987792969,352.0877990722656,1446600
2026-03-27,353.7200012207031,355.6700134277344,345.67999267578125,346.760009765625,343.6443786621094,1505600
2026-03-30,350.70001220703125,352.25,337.80999755859375,340.7900085449219,337.7279968261719,1561500
2026-03-31,344.6300048828125,348.7099914550781,340.19000244140625,343.2200012207031,340.13616943359375,1806600
