Date,Open,High,Low,Close,Adj Close,Volume
2016-04-01,156.4600067138672,160.00999450683594,155.08999633789062,159.82000732421875,129.55760192871094,3373400
2016-04-04,159.97000122070312,160.0,157.38999938964844,157.77000427246094,127.89573669433594,2478100
2016-04-05,156.44000244140625,156.52999877929688,154.5500030517578,155.35000610351562,125.9339599609375,2822700
2016-04-06,155.25999450683594,156.27000427246094,153.9199981689453,155.19000244140625,125.80429077148438,2927400
2016-04-07,153.64999389648438,154.02999877929688,149.3699951171875,150.41000366210938,121.929443359375,4786800
2016-04-08,152.07000732421875,152.8699951171875,150.00999450683594,150.27999877929688,121.82402801513672,3122200
2016-04-11,151.17999267578125,153.89999389648438,150.41000366210938,152.1999969482422,123.38044738769531,3464300
2016-04-12,152.6699981689453,155.08999633789062,151.3000030517578,154.30999755859375,125.0909194946289,2732900
2016-04-13,156.52999877929688,159.99000549316406,156.3800048828125,159.85000610351562,129.5819091796875,5151100
2016-04-14,159.52999877929688,162.27000427246094,159.14999389648438,160.91000366210938,130.44122314453125,3067100
2016-04-15,161.22999572753906,161.77999877929688,158.1999969482422,158.52000427246094,128.50376892089844,3467900
2016-04-18,157.61000061035156,160.0,157.14999389648438,159.02000427246094,128.90907287597656,3031500
2016-04-19,157.75,163.6999969482422,157.0,162.64999389648438,131.85174560546875,5832200
2016-04-20,162.0,167.4499969482422,161.94000244140625,166.97999572753906,135.36181640625,4802200
2016-04-21,166.5500030517578,168.89999389648438,165.00999450683594,165.32000732421875,134.01614379882812,4165100
2016-04-22,165.7899932861328,167.49000549316406,165.66000366210938,166.75,135.17538452148438,2680300
2016-04-25,166.0,167.38999938964844,164.05999755859375,165.08999633789062,133.82969665527344,2473000
2016-04-26,165.3800048828125,166.0,164.22000122070312,165.83999633789062,134.43771362304688,2251600
2016-04-27,165.8300018310547,168.66000366210938,164.92999267578125,166.9199981689453,135.31317138671875,3323600
2016-04-28,165.35000610351562,167.32000732421875,164.00999450683594,164.2899932861328,133.18118286132812,2528000
2016-04-29,163.8000030517578,164.67999267578125,162.55999755859375,164.11000061035156,133.03521728515625,2890800
2016-05-02,165.0800018310547,167.19000244140625,163.99000549316406,166.17999267578125,134.7133026123047,1998400
2016-05-03,163.66000366210938,164.11000061035156,161.3699951171875,163.13999938964844,132.24888610839844,2777000
2016-05-04,161.1999969482422,162.60000610351562,159.08999633789062,160.07000732421875,129.76023864746094,3203900
2016-05-05,160.77999877929688,160.82000732421875,158.5,159.52999877929688,129.32249450683594,2366200
2016-05-06,158.19000244140625,160.1699981689453,157.00999450683594,158.85000610351562,128.77120971679688,2307000
2016-05-09,158.1999969482422,159.85000610351562,156.7899932861328,157.50999450683594,127.68499755859375,2097900
2016-05-10,158.6699981689453,161.5,158.38999938964844,161.4199981689453,130.85464477539062,2379600
2016-05-11,161.36000061035156,162.52999877929688,159.27999877929688,159.4199981689453,129.23330688476562,2096900
2016-05-12,160.32000732421875,161.47000122070312,157.30999755859375,158.07000732421875,128.1389923095703,2448100
2016-05-13,157.8800048828125,159.72000122070312,155.25999450683594,155.33999633789062,125.9259033203125,2550100
2016-05-16,155.33999633789062,156.89999389648438,154.60000610351562,155.3800048828125,125.95830535888672,3177700
2016-05-17,154.74000549316406,157.11000061035156,153.77000427246094,154.64999389648438,125.36653900146484,2701500
2016-05-18,154.80999755859375,160.0,154.64999389648438,159.94000244140625,129.65489196777344,3653300
2016-05-19,158.67999267578125,159.9499969482422,154.52000427246094,154.6999969482422,125.40703582763672,4712000
2016-05-20,155.75999450683594,156.41000366210938,153.9199981689453,154.50999450683594,125.2530517578125,3247800
2016-05-23,154.44000244140625,156.08999633789062,153.74000549316406,155.4499969482422,126.01509094238281,2767600
2016-05-24,156.6699981689453,158.5500030517578,156.44000244140625,157.58999633789062,127.74984741210938,3038800
2016-05-25,158.05999755859375,162.2899932861328,158.02999877929688,161.25,130.7168731689453,3259900
2016-05-26,161.16000366210938,161.3300018310547,159.1699981689453,159.22000122070312,129.07118225097656,2576100
2016-05-27,158.6999969482422,160.39999389648438,158.32000732421875,159.52999877929688,129.85263061523438,2157000
2016-05-31,160.39999389648438,161.64999389648438,158.5500030517578,159.47999572753906,129.81190490722656,2916100
2016-06-01,157.89999389648438,160.5500030517578,156.0,159.97000122070312,130.2107696533203,2581600
2016-06-02,160.13999938964844,160.3300018310547,158.4600067138672,159.27999877929688,129.64913940429688,2257100
2016-06-03,155.86000061035156,156.5399932861328,153.86000061035156,155.6699981689453,126.71063995361328,4329300
2016-06-06,156.25,157.91000366210938,155.77000427246094,157.05999755859375,127.84213256835938,2540400
2016-06-07,157.1999969482422,157.47000122070312,155.1699981689453,155.1699981689453,126.3037338256836,2489700
2016-06-08,155.1999969482422,156.5800018310547,153.91000366210938,154.63999938964844,125.87226104736328,2426800
2016-06-09,153.7899932861328,154.2899932861328,152.4600067138672,153.1699981689453,124.67575073242188,2711700
2016-06-10,151.35000610351562,151.66000366210938,149.57000732421875,149.88999938964844,122.00595092773438,4335700
2016-06-13,149.0,151.32000732421875,148.58999633789062,148.6300048828125,120.98033905029297,3385800
2016-06-14,148.22000122070312,149.0500030517578,145.4499969482422,146.19000244140625,118.99427032470703,5069600
2016-06-15,147.16000366210938,148.6999969482422,145.89999389648438,146.16000366210938,118.9698486328125,2981400
2016-06-16,145.0,146.99000549316406,143.52999877929688,146.6300048828125,119.35240173339844,3499200
2016-06-17,146.6300048828125,148.22999572753906,145.4600067138672,145.63999938964844,118.54655456542969,4296500
2016-06-20,148.5,150.5,147.5800018310547,147.75,120.26404571533203,3338900
2016-06-21,148.5,148.8300018310547,147.1199951171875,148.35000610351562,120.75242614746094,2424600
2016-06-22,148.00999450683594,150.1199951171875,147.99000549316406,148.13999938964844,120.58149719238281,2487600
2016-06-23,150.55999755859375,152.8000030517578,150.13999938964844,152.66000366210938,124.26062774658203,2940500
2016-06-24,143.02999877929688,146.4199981689453,140.9199981689453,141.86000061035156,115.46976470947266,9442200
2016-06-27,140.07000732421875,141.22999572753906,138.1999969482422,139.50999450683594,113.55693817138672,7381000
2016-06-28,142.2100067138672,142.6199951171875,139.82000732421875,142.41000366210938,115.91744995117188,5041500
2016-06-29,143.60000610351562,145.5500030517578,142.92999267578125,145.5,118.43260192871094,3804100
2016-06-30,146.6699981689453,148.8800048828125,145.3699951171875,148.5800018310547,120.9395980834961,4528600
2016-07-01,148.49000549316406,150.6999969482422,148.07000732421875,148.25,120.67102813720703,3096800
2016-07-05,146.72000122070312,146.94000244140625,143.3300018310547,144.4499969482422,117.57792663574219,3943000
2016-07-06,142.94000244140625,145.94000244140625,142.6199951171875,145.5800018310547,118.49769592285156,2941800
2016-07-07,146.0,148.08999633789062,145.36000061035156,147.0,119.65355682373047,2578300
2016-07-08,149.36000061035156,150.9199981689453,148.30999755859375,150.3800048828125,122.40482330322266,3281400
2016-07-11,151.49000549316406,152.97999572753906,151.3800048828125,152.19000244140625,123.87803649902344,3041600
2016-07-12,154.0,157.25,153.9199981689453,156.9199981689453,127.7281265258789,5110800
2016-07-13,157.0,158.27000427246094,156.14999389648438,157.9199981689453,128.54212951660156,4276400
2016-07-14,160.2899932861328,163.24000549316406,160.00999450683594,162.5399932861328,132.3026580810547,5087700
2016-07-15,162.86000061035156,163.13999938964844,160.6999969482422,161.63999938964844,131.57009887695312,3078400
2016-07-18,162.36000061035156,164.08999633789062,162.00999450683594,163.3300018310547,132.9457244873047,4734500
2016-07-19,162.02000427246094,164.0800018310547,160.72999572753906,161.41000366210938,131.3828887939453,5399700
2016-07-20,162.5500030517578,162.88999938964844,159.22000122070312,161.77000427246094,131.67591857910156,3547800
2016-07-21,161.7100067138672,161.89999389648438,159.77000427246094,160.0500030517578,130.27590942382812,2855500
2016-07-22,160.2899932861328,160.72999572753906,159.86000061035156,160.41000366210938,130.5688934326172,1811700
2016-07-25,159.63999938964844,161.3300018310547,159.61000061035156,160.50999450683594,130.65029907226562,1956100
2016-07-26,160.67999267578125,161.5,159.4199981689453,161.16000366210938,131.17942810058594,2150100
2016-07-27,161.1999969482422,162.1699981689453,160.41000366210938,160.99000549316406,131.041015625,2317200
2016-07-28,160.17999267578125,160.9600067138672,158.83999633789062,160.52999877929688,130.66661071777344,2047400
2016-07-29,159.50999450683594,160.19000244140625,158.64999389648438,158.80999755859375,129.2665252685547,2388200
2016-08-01,158.80999755859375,159.9199981689453,157.92999267578125,158.17999267578125,128.7537384033203,2316300
2016-08-02,157.64999389648438,158.4600067138672,155.3699951171875,156.05999755859375,127.02816009521484,3182800
2016-08-03,156.4499969482422,158.9499969482422,156.17999267578125,158.33999633789062,128.88400268554688,2284700
2016-08-04,158.22000122070312,158.89999389648438,157.41000366210938,158.0500030517578,128.64791870117188,2005700
2016-08-05,159.75,162.1300048828125,159.1999969482422,162.08999633789062,131.93638610839844,2676100
2016-08-08,162.10000610351562,163.97999572753906,162.00999450683594,162.8300018310547,132.53868103027344,2266600
2016-08-09,162.5,164.5800018310547,162.5,163.44000244140625,133.03518676757812,1957400
2016-08-10,163.4499969482422,163.60000610351562,162.00999450683594,162.19000244140625,132.01776123046875,1656100
2016-08-11,162.1999969482422,164.25,161.92999267578125,163.86000061035156,133.3771514892578,1827700
2016-08-12,162.6699981689453,163.3699951171875,162.07000732421875,163.25,132.8805694580078,1440800
2016-08-15,163.8699951171875,165.83999633789062,163.8000030517578,165.5500030517578,134.75271606445312,2222200
2016-08-16,164.99000549316406,166.75999450683594,164.72000122070312,165.64999389648438,134.83407592773438,2523800
2016-08-17,165.94000244140625,166.32000732421875,164.74000549316406,165.6699981689453,134.85035705566406,2061700
2016-08-18,165.33999633789062,166.55999755859375,164.6300048828125,166.05999755859375,135.16775512695312,1750500
2016-08-19,165.36000061035156,166.89999389648438,164.5,166.22999572753906,135.30621337890625,1840900
2016-08-22,166.0,166.91000366210938,164.88999938964844,166.25999450683594,135.33065795898438,1448100
2016-08-23,167.0,167.85000610351562,165.97999572753906,166.0800018310547,135.1841278076172,1965500
2016-08-24,165.77999877929688,166.6999969482422,164.85000610351562,165.3000030517578,134.5491943359375,2035300
2016-08-25,165.0800018310547,166.0399932861328,164.61000061035156,165.89999389648438,135.03761291503906,1441400
2016-08-26,166.75999450683594,168.07000732421875,165.36000061035156,165.97000122070312,135.0945587158203,2402200
2016-08-29,166.60000610351562,167.86000061035156,166.14999389648438,166.8699951171875,135.82717895507812,2620900
2016-08-30,166.22000122070312,169.50999450683594,166.22000122070312,169.3699951171875,138.40118408203125,2934100
2016-08-31,169.25,170.24000549316406,167.47000122070312,169.4600067138672,138.47470092773438,3688200
2016-09-01,170.0,170.07000732421875,166.66000366210938,168.50999450683594,137.69839477539062,2843300
2016-09-02,168.52000427246094,169.74000549316406,167.89999389648438,169.17999267578125,138.24591064453125,1747500
2016-09-06,168.72000122070312,169.7899932861328,167.47000122070312,169.3300018310547,138.36851501464844,2034900
2016-09-07,168.6999969482422,170.2100067138672,168.64999389648438,169.6699981689453,138.64633178710938,1584300
2016-09-08,169.35000610351562,171.8800048828125,168.7100067138672,171.66000366210938,140.2725067138672,3031600
2016-09-09,170.8300018310547,172.4199981689453,168.50999450683594,168.57000732421875,137.7474822998047,3411800
2016-09-12,167.00999450683594,171.6699981689453,166.22999572753906,171.05999755859375,139.78216552734375,2647900
2016-09-13,168.5399932861328,169.97000122070312,166.3800048828125,167.0,136.46458435058594,2788200
2016-09-14,167.0,167.86000061035156,165.58999633789062,166.16000366210938,135.77813720703125,1995900
2016-09-15,165.77999877929688,168.75999450683594,165.75999450683594,168.0800018310547,137.34703063964844,1645200
2016-09-16,167.85000610351562,168.0500030517578,165.61000061035156,166.0,135.6473846435547,4534900
2016-09-19,167.33999633789062,168.30999755859375,165.67999267578125,166.2100067138672,135.81898498535156,2030700
2016-09-20,167.67999267578125,168.27999877929688,166.38999938964844,166.47000122070312,136.03146362304688,1532900
2016-09-21,167.4199981689453,168.27999877929688,165.92999267578125,167.02999877929688,136.48902893066406,2333600
2016-09-22,168.4499969482422,169.3300018310547,167.6999969482422,168.02000427246094,137.29800415039062,2467700
2016-09-23,167.75,168.10000610351562,165.0500030517578,165.1300048828125,134.93650817871094,3421200
2016-09-26,163.8300018310547,163.97000122070312,161.0,161.47999572753906,131.95379638671875,2772200
2016-09-27,160.72000122070312,163.4499969482422,159.82000732421875,162.88999938964844,133.1060333251953,2602700
2016-09-28,163.33999633789062,163.7899932861328,161.67999267578125,163.4499969482422,133.56362915039062,1678100
2016-09-29,163.3800048828125,163.9600067138672,157.77000427246094,158.9499969482422,129.88638305664062,3733800
2016-09-30,159.9499969482422,162.41000366210938,157.8000030517578,161.27000427246094,131.7822265625,4497200
2016-10-03,160.5,161.72000122070312,160.25,161.07000732421875,131.61883544921875,2444700
2016-10-04,161.24000549316406,164.14999389648438,161.22999572753906,162.27000427246094,132.59938049316406,2469900
2016-10-05,163.32000732421875,166.57000732421875,163.00999450683594,166.39999389648438,135.9742431640625,2548200
2016-10-06,167.17999267578125,167.2899932861328,164.82000732421875,167.14999389648438,136.5870819091797,2858000
2016-10-07,167.5,169.97999572753906,166.24000549316406,169.8300018310547,138.77706909179688,3390200
2016-10-10,170.52000427246094,171.75,170.10000610351562,171.0399932861328,139.7658233642578,2532000
2016-10-11,169.83999633789062,170.8699951171875,167.91000366210938,169.0399932861328,138.13148498535156,2680000
2016-10-12,169.0399932861328,169.99000549316406,168.3000030517578,169.3000030517578,138.343994140625,2404000
2016-10-13,167.60000610351562,167.6300048828125,165.50999450683594,167.4199981689453,136.80772399902344,2713700
2016-10-14,171.60000610351562,172.9499969482422,169.11000061035156,170.52000427246094,139.3409423828125,5282300
2016-10-17,170.5,171.27000427246094,168.4499969482422,169.0,138.09881591796875,3061400
2016-10-18,172.00999450683594,173.47000122070312,171.10000610351562,172.6300048828125,141.06507873535156,4482500
2016-10-19,173.3699951171875,175.67999267578125,173.17999267578125,174.50999450683594,142.60134887695312,3676000
2016-10-20,174.0,175.7899932861328,173.8000030517578,174.50999450683594,142.60134887695312,2471100
2016-10-21,172.83999633789062,174.89999389648438,172.50999450683594,174.6699981689453,142.7320556640625,2004400
2016-10-24,175.5,175.7899932861328,174.35000610351562,175.1199951171875,143.0997772216797,1943200
2016-10-25,175.0399932861328,175.9600067138672,174.63999938964844,175.5500030517578,143.45118713378906,2423300
2016-10-26,174.7899932861328,177.89999389648438,173.92999267578125,177.07000732421875,144.6932830810547,2533800
2016-10-27,178.19000244140625,178.85000610351562,176.57000732421875,177.75,145.2489471435547,3021900
2016-10-28,178.50999450683594,178.50999450683594,175.4600067138672,177.13999938964844,144.75045776367188,2042800
2016-10-31,177.67999267578125,178.5,177.22999572753906,178.24000549316406,145.64932250976562,1828200
2016-11-01,179.0,179.17999267578125,176.61000061035156,178.05999755859375,145.50222778320312,2900600
2016-11-02,177.07000732421875,177.5,176.07000732421875,176.5800018310547,144.29283142089844,2104800
2016-11-03,176.77000427246094,177.97000122070312,176.2100067138672,176.2100067138672,143.9905548095703,1972700
2016-11-04,176.3300018310547,177.33999633789062,174.72999572753906,175.9199981689453,143.7534942626953,1846500
2016-11-07,179.0,181.5,179.0,181.47999572753906,148.29689025878906,3338800
2016-11-08,180.11000061035156,182.67999267578125,178.4600067138672,181.9199981689453,148.65640258789062,2646200
2016-11-09,185.0,193.5399932861328,183.4499969482422,192.6300048828125,157.40817260742188,7823800
2016-11-10,194.52999877929688,204.6699981689453,194.0,200.8699951171875,164.1414794921875,11345400
2016-11-11,198.25,205.0,198.25,203.94000244140625,166.65011596679688,6290200
2016-11-14,204.14999389648438,211.77000427246094,204.14999389648438,209.17999267578125,170.93197631835938,8248100
2016-11-15,206.55999755859375,211.1999969482422,205.1699981689453,211.19000244140625,172.57455444335938,4893800
2016-11-16,207.35000610351562,208.0800018310547,204.8300018310547,206.25999450683594,168.54591369628906,5276200
2016-11-17,206.25999450683594,209.69000244140625,205.6699981689453,209.6300048828125,171.29974365234375,3572400
2016-11-18,209.8699951171875,212.07000732421875,209.72000122070312,210.35000610351562,171.88812255859375,4278200
2016-11-21,211.4600067138672,211.69000244140625,209.17999267578125,211.0800018310547,172.484619140625,2860200
2016-11-22,211.36000061035156,211.9499969482422,209.88999938964844,211.11000061035156,172.5091094970703,2945700
2016-11-23,211.5,213.41000366210938,209.3699951171875,212.30999755859375,173.4897003173828,3717400
2016-11-25,211.36000061035156,212.75,211.0,211.3800048828125,172.72975158691406,1974000
2016-11-28,210.0,211.75999450683594,209.60000610351562,210.35000610351562,171.88812255859375,3297400
2016-11-29,209.99000549316406,212.9199981689453,209.9199981689453,211.75,173.56846618652344,2577600
2016-11-30,215.1999969482422,220.77000427246094,214.97000122070312,219.2899932861328,179.74887084960938,6507900
2016-12-01,220.92999267578125,227.16000366210938,220.35000610351562,226.6300048828125,185.76536560058594,7606500
2016-12-02,226.0,226.25,221.22000122070312,223.36000061035156,183.08502197265625,5297400
2016-12-05,225.52000427246094,229.1999969482422,225.24000549316406,228.5500030517578,187.3391876220703,4599300
2016-12-06,230.17999267578125,232.6699981689453,227.89999389648438,231.3800048828125,189.6588592529297,5259300
2016-12-07,230.39999389648438,236.08999633789062,230.39999389648438,235.55999755859375,193.0851287841797,6595200
2016-12-08,236.8800048828125,242.4199981689453,236.0,241.4499969482422,197.91310119628906,7343700
2016-12-09,240.61000061035156,242.0,238.8800048828125,241.85000610351562,198.24099731445312,5456000
2016-12-12,240.5,242.8300018310547,236.3699951171875,237.1699981689453,194.4048309326172,5022000
2016-12-13,239.0,240.17999267578125,235.50999450683594,238.5500030517578,195.5360107421875,4680500
2016-12-14,235.6699981689453,243.1199951171875,235.3699951171875,239.92999267578125,196.66720581054688,6172400
2016-12-15,242.49000549316406,245.57000732421875,241.6199951171875,243.0,199.18365478515625,4829700
2016-12-16,242.8000030517578,243.19000244140625,238.39999389648438,238.89999389648438,195.82290649414062,6876400
2016-12-19,238.33999633789062,239.74000549316406,236.25999450683594,239.07000732421875,195.9623260498047,3743300
2016-12-20,240.52000427246094,243.64999389648438,240.22999572753906,243.08999633789062,199.2574005126953,4487700
2016-12-21,242.24000549316406,242.39999389648438,240.0800018310547,241.44000244140625,197.90493774414062,3277800
2016-12-22,241.22999572753906,242.86000061035156,239.5500030517578,240.1199951171875,196.82293701171875,2636500
2016-12-23,239.5399932861328,241.89999389648438,238.91000366210938,240.97000122070312,197.51968383789062,2187500
2016-12-27,241.9499969482422,242.58999633789062,240.39999389648438,241.55999755859375,198.00323486328125,1998200
2016-12-28,243.69000244140625,244.5,240.44000244140625,240.64999389648438,197.25733947753906,3053000
2016-12-29,240.75,241.07000732421875,236.63999938964844,238.17999267578125,195.2327423095703,2619000
2016-12-30,238.50999450683594,240.5,237.39999389648438,239.4499969482422,196.2737579345703,2355500
2017-01-03,242.6999969482422,244.97000122070312,237.97000122070312,241.57000732421875,198.0115203857422,4384200
2017-01-04,241.44000244140625,243.32000732421875,240.02999877929688,243.1300048828125,199.29014587402344,2728700
2017-01-05,242.72000122070312,243.22999572753906,236.77999877929688,241.32000732421875,197.8065643310547,3562600
2017-01-06,242.2899932861328,246.1999969482422,241.3699951171875,244.89999389648438,200.74105834960938,3591100
2017-01-09,243.25,244.69000244140625,241.47000122070312,242.88999938964844,199.0934600830078,3022800
2017-01-10,240.8699951171875,243.44000244140625,239.0500030517578,242.57000732421875,198.83120727539062,3432900
2017-01-11,242.77000427246094,245.83999633789062,242.0,245.75999450683594,201.44598388671875,3532600
2017-01-12,245.05999755859375,245.47000122070312,241.57000732421875,243.83999633789062,199.87220764160156,4022300
2017-01-13,245.42999267578125,247.77000427246094,242.91000366210938,244.3000030517578,200.2491912841797,4186100
2017-01-17,242.94000244140625,243.05999755859375,235.61000061035156,235.74000549316406,193.23268127441406,6277200
2017-01-18,236.0,237.69000244140625,231.52000427246094,234.2899932861328,192.04415893554688,7590500
2017-01-19,234.07000732421875,234.75,230.6199951171875,231.41000366210938,189.68350219726562,4561800
2017-01-20,231.6199951171875,233.22999572753906,230.5399932861328,232.1999969482422,190.33096313476562,5211800
2017-01-23,231.86000061035156,233.75,230.75,232.6699981689453,190.71629333496094,3136200
2017-01-24,231.86000061035156,236.05999755859375,230.83999633789062,233.67999267578125,191.544189453125,4448200
2017-01-25,235.52999877929688,237.3300018310547,234.49000549316406,237.25,194.47039794921875,3716800
2017-01-26,237.47000122070312,240.7899932861328,237.47000122070312,239.5800018310547,196.3802947998047,4195600
2017-01-27,236.89999389648438,237.97000122070312,236.00999450683594,236.9499969482422,194.22454833984375,3253100
2017-01-30,235.5800018310547,236.2899932861328,231.52000427246094,233.89999389648438,191.72447204589844,3803300
2017-01-31,232.85000610351562,234.35000610351562,228.16000366210938,229.32000732421875,187.9703826904297,5156400
2017-02-01,230.50999450683594,232.86000061035156,229.52000427246094,230.6699981689453,189.07693481445312,4024500
2017-02-02,228.50999450683594,232.3300018310547,227.0500030517578,230.41000366210938,188.86378479003906,2775700
2017-02-03,234.52000427246094,241.11000061035156,234.1999969482422,240.9499969482422,197.50328063964844,7381000
2017-02-06,239.60000610351562,243.64999389648438,239.1699981689453,239.97999572753906,196.70816040039062,4639200
2017-02-07,241.14999389648438,241.44000244140625,239.38999938964844,239.6199951171875,196.4130859375,2660200
2017-02-08,238.3000030517578,238.94000244140625,236.30999755859375,237.72999572753906,194.86392211914062,2744700
2017-02-09,237.72999572753906,243.2899932861328,237.4199981689453,241.5500030517578,197.9950408935547,3550800
2017-02-10,243.3699951171875,244.16000366210938,241.22999572753906,242.72000122070312,198.95411682128906,3072800
2017-02-13,244.49000549316406,247.47999572753906,244.49000549316406,246.27000427246094,201.864013671875,2998200
2017-02-14,246.00999450683594,250.0,245.69000244140625,249.4600067138672,204.47879028320312,4141500
2017-02-15,250.5800018310547,251.9499969482422,248.50999450683594,250.5399932861328,205.36404418945312,4296600
2017-02-16,250.3000030517578,250.77999877929688,248.44000244140625,249.44000244140625,204.46238708496094,2286300
2017-02-17,247.50999450683594,250.55999755859375,247.11000061035156,250.3800048828125,205.23289489746094,3262300
2017-02-21,251.0,252.64999389648438,250.7100067138672,251.75999450683594,206.3640899658203,2794900
2017-02-22,250.05999755859375,252.35000610351562,250.0,251.72999572753906,206.33949279785156,2378800
2017-02-23,251.30999755859375,251.89999389648438,249.32000732421875,251.19000244140625,205.8968048095703,2594700
2017-02-24,247.6999969482422,248.8800048828125,246.10000610351562,247.35000610351562,202.7493133544922,3565400
2017-02-27,247.2100067138672,249.75999450683594,246.61000061035156,249.3300018310547,204.37225341796875,2372600
2017-02-28,248.0,249.0,245.61000061035156,248.05999755859375,203.86270141601562,3627100
2017-03-01,253.7100067138672,255.14999389648438,251.25999450683594,252.7100067138672,207.68423461914062,5218300
2017-03-02,253.52000427246094,254.24000549316406,250.97000122070312,251.05999755859375,206.32821655273438,3020000
2017-03-03,251.05999755859375,254.75,251.05999755859375,252.88999938964844,207.8321075439453,3163700
2017-03-06,252.1699981689453,252.72999572753906,250.5,252.00999450683594,207.1089630126953,2467000
2017-03-07,252.49000549316406,253.0,250.30999755859375,250.89999389648438,206.19668579101562,2497300
2017-03-08,253.6199951171875,254.77000427246094,249.61000061035156,250.24000549316406,205.65426635742188,3574400
2017-03-09,251.22000122070312,252.74000549316406,249.52000427246094,250.17999267578125,205.60496520996094,3061500
2017-03-10,251.83999633789062,251.89999389648438,246.8699951171875,248.3800048828125,204.1256866455078,3365900
2017-03-13,249.32000732421875,249.32000732421875,247.2100067138672,248.16000366210938,203.94491577148438,1801100
2017-03-14,246.80999755859375,247.8300018310547,245.41000366210938,247.72000122070312,203.58331298828125,2144200
2017-03-15,248.35000610351562,250.27999877929688,245.55999755859375,246.77999877929688,202.81076049804688,3427000
2017-03-16,247.85000610351562,250.1999969482422,247.30999755859375,248.22000122070312,203.99420166015625,2940600
2017-03-17,249.67999267578125,249.67999267578125,243.86000061035156,243.94000244140625,200.47677612304688,5438100
2017-03-20,243.32000732421875,244.92999267578125,241.52000427246094,242.13999938964844,198.9974822998047,2759100
2017-03-21,243.30999755859375,243.30999755859375,232.7899932861328,233.0,191.48597717285156,5660900
2017-03-22,231.22000122070312,232.9199981689453,229.16000366210938,231.07000732421875,189.8998565673828,6291300
2017-03-23,230.75,234.6300048828125,229.9499969482422,231.89999389648438,190.58192443847656,4770700
2017-03-24,233.0,233.6999969482422,226.97000122070312,228.41000366210938,187.7138214111328,6387300
2017-03-27,223.3000030517578,227.07000732421875,220.85000610351562,225.47999572753906,185.3058624267578,9194800
2017-03-28,225.5800018310547,229.75,225.10000610351562,229.3300018310547,188.46987915039062,4471200
2017-03-29,229.38999938964844,229.97000122070312,227.52000427246094,228.4499969482422,187.74667358398438,2636000
2017-03-30,229.47999572753906,232.0,229.3800048828125,231.22000122070312,190.02316284179688,3156800
2017-03-31,230.52999877929688,230.8000030517578,228.72999572753906,229.72000122070312,188.7903594970703,2858400
2017-04-03,230.0,230.10000610351562,225.57000732421875,228.9600067138672,188.1658477783203,3735600
2017-04-04,227.72000122070312,230.69000244140625,227.27999877929688,229.25999450683594,188.41232299804688,3042700
2017-04-05,232.14999389648438,232.88999938964844,227.30999755859375,227.66000366210938,187.09744262695312,5286900
2017-04-06,227.08999633789062,230.1199951171875,225.7100067138672,228.63999938964844,187.9027862548828,2927200
2017-04-07,226.60000610351562,228.8300018310547,226.22999572753906,227.8800048828125,187.2782440185547,2853300
2017-04-10,228.0,229.7899932861328,226.9499969482422,228.88999938964844,188.10824584960938,2653900
2017-04-11,227.77999877929688,229.39999389648438,225.38999938964844,227.74000549316406,187.16317749023438,3374700
2017-04-12,227.64999389648438,228.25,225.22999572753906,225.75,185.5277099609375,2947500
2017-04-13,225.17999267578125,228.1699981689453,223.0800018310547,223.32000732421875,183.5306854248047,3653700
2017-04-17,223.89999389648438,226.8800048828125,223.02000427246094,226.25999450683594,185.94680786132812,4190900
2017-04-18,219.32000732421875,219.88999938964844,213.17999267578125,215.58999633789062,177.17791748046875,12464000
2017-04-19,215.8699951171875,217.17999267578125,213.61000061035156,214.08999633789062,175.94515991210938,6428800
2017-04-20,215.5,218.97999572753906,215.0,218.05999755859375,179.20787048339844,5168200
2017-04-21,218.5500030517578,219.17999267578125,216.3800048828125,216.86000061035156,178.22169494628906,3845700
2017-04-24,221.17999267578125,224.80999755859375,220.3000030517578,223.22000122070312,183.448486328125,5353500
2017-04-25,226.1999969482422,227.97999572753906,225.14999389648438,226.6300048828125,186.25094604492188,3996900
2017-04-26,227.10000610351562,229.36000061035156,226.08999633789062,226.1999969482422,185.89752197265625,3765300
2017-04-27,226.6999969482422,226.6999969482422,223.52000427246094,225.80999755859375,185.57701110839844,2805800
2017-04-28,225.30999755859375,226.77000427246094,223.72000122070312,223.8000030517578,183.92518615722656,2936600
2017-05-01,224.89999389648438,226.38999938964844,220.92999267578125,224.85000610351562,184.78807067871094,3004800
2017-05-02,224.86000061035156,225.83999633789062,223.17999267578125,225.1199951171875,185.00994873046875,2602400
2017-05-03,224.4499969482422,226.69000244140625,224.32000732421875,226.30999755859375,185.98794555664062,3042200
2017-05-04,228.25999450683594,228.88999938964844,224.80999755859375,226.58999633789062,186.21807861328125,2935400
2017-05-05,226.8800048828125,227.47000122070312,225.3000030517578,226.8699951171875,186.44818115234375,2435800
2017-05-08,226.75,227.33999633789062,224.60000610351562,225.02999877929688,184.93597412109375,2316800
2017-05-09,225.47000122070312,226.57000732421875,222.92999267578125,223.75999450683594,183.89230346679688,2145400
2017-05-10,223.4600067138672,225.35000610351562,223.05999755859375,224.8800048828125,184.81275939941406,2630400
2017-05-11,224.35000610351562,225.08999633789062,222.14999389648438,224.75999450683594,184.71412658691406,2440300
2017-05-12,223.49000549316406,224.49000549316406,222.47999572753906,222.82000732421875,183.11976623535156,2166100
2017-05-15,223.1300048828125,226.57000732421875,222.85000610351562,225.1199951171875,185.00994873046875,2468100
2017-05-16,225.44000244140625,226.82000732421875,224.41000366210938,225.60000610351562,185.40447998046875,1710700
2017-05-17,225.60000610351562,225.60000610351562,213.1199951171875,213.72000122070312,175.64112854003906,7525700
2017-05-18,214.0,217.61000061035156,213.86000061035156,215.16000366210938,176.82456970214844,4792400
2017-05-19,214.8699951171875,217.8000030517578,214.0,215.38999938964844,177.01358032226562,3747100
2017-05-22,217.3699951171875,217.63999938964844,215.39999389648438,216.02000427246094,177.53131103515625,2506100
2017-05-23,215.97000122070312,220.7899932861328,214.66000366210938,219.63999938964844,180.50636291503906,3308800
2017-05-24,220.0,224.39999389648438,219.4499969482422,223.8300018310547,183.94981384277344,4141600
2017-05-25,224.41000366210938,225.4499969482422,222.3000030517578,222.47000122070312,182.8321075439453,2640000
2017-05-26,222.00999450683594,224.22999572753906,221.17999267578125,223.52999877929688,183.70326232910156,1787100
2017-05-30,221.8300018310547,222.44000244140625,218.00999450683594,218.4199981689453,180.10801696777344,3097800
2017-05-31,218.24000549316406,218.3000030517578,209.6199951171875,211.25999450683594,174.20396423339844,8312000
2017-06-01,212.61000061035156,215.92999267578125,210.7899932861328,215.00999450683594,177.29612731933594,4057900
2017-06-02,212.94000244140625,215.2100067138672,211.91000366210938,213.30999755859375,175.89434814453125,3692000
2017-06-05,213.0800018310547,215.80999755859375,212.67999267578125,213.99000549316406,176.45509338378906,2696600
2017-06-06,212.50999450683594,216.02000427246094,212.47999572753906,214.52999877929688,176.9003143310547,2891300
2017-06-07,215.3699951171875,217.22999572753906,214.30999755859375,215.77999877929688,177.9310760498047,2679400
2017-06-08,215.77999877929688,221.0,214.6300048828125,218.75999450683594,180.38839721679688,3765600
2017-06-09,220.8300018310547,223.85000610351562,219.75,222.44000244140625,183.42291259765625,4455400
2017-06-12,223.6300048828125,225.22999572753906,221.91000366210938,221.91000366210938,182.9859161376953,3388200
2017-06-13,223.35000610351562,226.8000030517578,222.77000427246094,224.1999969482422,184.87420654296875,2767800
2017-06-14,222.99000549316406,226.94000244140625,221.75999450683594,226.50999450683594,186.77902221679688,3652900
2017-06-15,224.80999755859375,226.35000610351562,222.8000030517578,223.22999572753906,184.07431030273438,3378900
2017-06-16,222.64999389648438,223.6699981689453,221.1300048828125,221.80999755859375,182.9033966064453,3758300
2017-06-19,223.42999267578125,227.0399932861328,223.11000061035156,226.1300048828125,186.46563720703125,2900900
2017-06-20,225.50999450683594,226.5399932861328,224.19000244140625,225.10000610351562,185.61631774902344,2264200
2017-06-21,224.5399932861328,224.92999267578125,221.92999267578125,222.49000549316406,183.46414184570312,3015300
2017-06-22,221.44000244140625,221.89999389648438,219.2899932861328,219.77000427246094,181.22122192382812,3344600
2017-06-23,220.5,220.69000244140625,216.4600067138672,217.19000244140625,179.09375,4448700
2017-06-26,218.25999450683594,221.97000122070312,217.6999969482422,220.44000244140625,181.77371215820312,2589500
2017-06-27,221.83999633789062,222.41000366210938,219.55999755859375,220.27999877929688,181.64175415039062,2899400
2017-06-28,221.8699951171875,224.6300048828125,220.75,223.22000122070312,184.0660858154297,3482800
2017-06-29,228.3699951171875,228.7899932861328,223.02999877929688,224.41000366210938,185.04736328125,5063400
2017-06-30,225.30999755859375,226.0500030517578,221.5399932861328,221.89999389648438,182.97764587402344,3154300
2017-07-03,224.4600067138672,229.07000732421875,223.4199981689453,227.27999877929688,187.4139404296875,2846600
2017-07-05,228.3800048828125,228.9199981689453,225.2100067138672,228.0399932861328,188.04063415527344,2772000
2017-07-06,227.97000122070312,230.05999755859375,225.25,226.69000244140625,186.9274444580078,3076600
2017-07-07,228.22999572753906,228.49000549316406,224.4199981689453,225.27999877929688,185.76475524902344,2697600
2017-07-10,224.27000427246094,227.33999633789062,223.9600067138672,225.83999633789062,186.2264862060547,2357500
2017-07-11,226.0399932861328,227.9499969482422,224.6699981689453,226.9499969482422,187.14183044433594,2742900
2017-07-12,226.39999389648438,229.02000427246094,226.07000732421875,227.38999938964844,187.50466918945312,2567300
2017-07-13,227.38999938964844,230.63999938964844,226.9499969482422,230.39999389648438,189.98666381835938,2852600
2017-07-14,227.22000122070312,229.61000061035156,225.10000610351562,228.60000610351562,188.50241088867188,3703600
2017-07-17,228.72999572753906,229.63999938964844,227.2100067138672,229.25999450683594,189.04661560058594,2551800
2017-07-18,227.5,230.36000061035156,222.75999450683594,223.30999755859375,184.14027404785156,6400700
2017-07-19,222.91000366210938,224.1999969482422,221.6699981689453,222.8699951171875,183.77745056152344,4884600
2017-07-20,223.0,224.75999450683594,221.61000061035156,222.3000030517578,183.3074188232422,3497800
2017-07-21,221.88999938964844,222.30999755859375,219.08999633789062,220.17999267578125,181.55934143066406,3446600
2017-07-24,218.94000244140625,219.72999572753906,218.0,218.17999267578125,179.91012573242188,3123100
2017-07-25,220.33999633789062,222.8699951171875,220.17999267578125,221.5800018310547,182.7137451171875,3509500
2017-07-26,222.4499969482422,223.74000549316406,221.8699951171875,222.25,183.26620483398438,2792500
2017-07-27,221.83999633789062,222.7100067138672,220.42999267578125,221.47999572753906,182.6313018798828,2812500
2017-07-28,221.77000427246094,223.6699981689453,220.86000061035156,223.61000061035156,184.38766479492188,2483200
2017-07-31,223.9499969482422,225.5,223.0500030517578,225.3300018310547,185.80596923828125,1994900
2017-08-01,227.08999633789062,228.6199951171875,226.72999572753906,227.0,187.1830291748047,2986800
2017-08-02,226.39999389648438,227.72999572753906,225.57000732421875,226.27000427246094,186.5811309814453,1863300
2017-08-03,226.0,226.74000549316406,223.97000122070312,223.99000549316406,184.70101928710938,2106400
2017-08-04,226.0500030517578,229.7899932861328,225.05999755859375,229.7899932861328,189.483642578125,3400300
2017-08-07,229.8000030517578,233.1300048828125,229.2899932861328,232.9199981689453,192.06468200683594,3809800
2017-08-08,232.39999389648438,235.8300018310547,231.6999969482422,232.0500030517578,191.34725952148438,3322500
2017-08-09,230.32000732421875,231.49000549316406,229.05999755859375,231.00999450683594,190.48965454101562,2571100
2017-08-10,229.02000427246094,229.4499969482422,225.47000122070312,225.5,185.9461669921875,3325500
2017-08-11,225.07000732421875,226.67999267578125,222.64999389648438,224.14999389648438,184.8329620361328,2956600
2017-08-14,226.3699951171875,229.8300018310547,226.3000030517578,227.36000061035156,187.4799041748047,2266100
2017-08-15,229.57000732421875,230.61000061035156,227.5,227.58999633789062,187.6696014404297,1867000
2017-08-16,228.25999450683594,229.00999450683594,225.0,225.61000061035156,186.03683471679688,2393900
2017-08-17,224.3800048828125,225.97999572753906,221.11000061035156,221.4199981689453,182.58180236816406,3460300
2017-08-18,220.7899932861328,224.08999633789062,220.5500030517578,222.14999389648438,183.18377685546875,3149300
2017-08-21,222.39999389648438,222.39999389648438,219.2100067138672,220.7899932861328,182.06228637695312,2203300
2017-08-22,221.86000061035156,223.77999877929688,221.3300018310547,223.5800018310547,184.36293029785156,2021300
2017-08-23,221.89999389648438,224.80999755859375,221.3300018310547,222.74000549316406,183.6702880859375,2568000
2017-08-24,223.77000427246094,224.57000732421875,222.58999633789062,222.99000549316406,183.87644958496094,2263000
2017-08-25,223.63999938964844,224.9499969482422,222.1300048828125,222.47000122070312,183.4476318359375,2232500
2017-08-28,222.91000366210938,223.08999633789062,218.86000061035156,220.35000610351562,181.699462890625,2641600
2017-08-29,217.27000427246094,220.1300048828125,215.75,219.9600067138672,181.99737548828125,2369100
2017-08-30,220.25,224.22000122070312,220.08999633789062,222.4199981689453,184.03282165527344,2411400
2017-08-31,223.25,224.49000549316406,222.5800018310547,223.74000549316406,185.12501525878906,2240600
2017-09-01,224.5500030517578,227.55999755859375,223.52999877929688,225.8800048828125,186.8956756591797,2346900
2017-09-05,223.85000610351562,224.0,217.3000030517578,217.77999877929688,180.193603515625,5646200
2017-09-06,218.97999572753906,221.02000427246094,217.61000061035156,218.8300018310547,181.0624237060547,3613600
2017-09-07,218.72999572753906,218.80999755859375,214.63999938964844,215.83999633789062,178.58843994140625,3594600
2017-09-08,215.50999450683594,219.27999877929688,215.39999389648438,217.2100067138672,179.7220458984375,3120900
2017-09-11,220.07000732421875,221.88999938964844,218.99000549316406,221.05999755859375,182.9075469970703,2971500
2017-09-12,222.5399932861328,227.69000244140625,222.02000427246094,225.9499969482422,186.9535675048828,3745800
2017-09-13,225.25,227.13999938964844,224.72000122070312,226.55999755859375,187.458251953125,2383500
2017-09-14,226.10000610351562,228.10000610351562,226.0500030517578,226.85000610351562,187.69825744628906,1986600
2017-09-15,227.14999389648438,227.2100067138672,223.82000732421875,225.22000122070312,186.3495330810547,4365800
2017-09-18,226.3000030517578,229.0,225.66000366210938,227.52999877929688,188.2608642578125,2466800
2017-09-19,228.00999450683594,230.13999938964844,227.3300018310547,228.91000366210938,189.40267944335938,1858000
2017-09-20,229.5,231.64999389648438,228.5,229.7899932861328,190.13079833984375,2682300
2017-09-21,229.88999938964844,232.10000610351562,229.39999389648438,231.2899932861328,191.37193298339844,1800800
2017-09-22,230.63999938964844,231.49000549316406,228.8800048828125,231.02999877929688,191.1568145751953,1861800
2017-09-25,230.77000427246094,231.86000061035156,228.36000061035156,230.25999450683594,190.5196990966797,2261800
2017-09-26,230.86000061035156,231.44000244140625,229.02999877929688,229.94000244140625,190.25491333007812,1770000
2017-09-27,234.07000732421875,235.60000610351562,232.91000366210938,234.75999450683594,194.24305725097656,3072100
2017-09-28,235.0,236.1999969482422,233.5,235.47000122070312,194.83050537109375,2121800
2017-09-29,235.00999450683594,237.60000610351562,234.57000732421875,237.19000244140625,196.25364685058594,1902300
2017-10-02,237.1999969482422,241.10000610351562,237.10000610351562,240.64999389648438,199.11647033691406,2501300
2017-10-03,241.07000732421875,242.7100067138672,239.69000244140625,241.6199951171875,199.91905212402344,2010800
2017-10-04,241.6199951171875,242.8800048828125,240.1199951171875,240.30999755859375,198.8351593017578,1840400
2017-10-05,241.0,246.32000732421875,240.1199951171875,246.05999755859375,203.59278869628906,3521300
2017-10-06,246.3000030517578,247.0800018310547,244.61000061035156,246.02000427246094,203.5597686767578,2396100
2017-10-09,245.14999389648438,246.35000610351562,242.02000427246094,242.8000030517578,200.89544677734375,2165200
2017-10-10,242.8000030517578,243.72999572753906,241.6999969482422,242.60000610351562,200.72999572753906,2187100
2017-10-11,242.0,243.1999969482422,241.35000610351562,242.39999389648438,200.5644989013672,2175700
2017-10-12,242.3300018310547,243.4199981689453,238.75,239.8000030517578,198.41314697265625,2148200
2017-10-13,239.0,239.4499969482422,236.83999633789062,238.52999877929688,197.3623809814453,2491000
2017-10-16,238.60000610351562,242.75999450683594,238.35000610351562,242.41000366210938,200.57272338867188,2969200
2017-10-17,244.44000244140625,244.88999938964844,235.19000244140625,236.08999633789062,195.34353637695312,7088400
2017-10-18,236.8699951171875,242.64999389648438,236.8699951171875,242.02999877929688,200.2583465576172,4235900
2017-10-19,240.35000610351562,240.99000549316406,238.10000610351562,239.99000549316406,198.5703887939453,2710900
2017-10-20,242.9499969482422,245.25,240.6699981689453,244.72999572753906,202.49237060546875,3022800
2017-10-23,244.38999938964844,245.3300018310547,241.3800048828125,242.1300048828125,200.34104919433594,1963300
2017-10-24,243.60000610351562,246.25,243.0,244.83999633789062,202.58334350585938,2285300
2017-10-25,246.16000366210938,246.5,240.8000030517578,241.7100067138672,199.99354553222656,2904300
2017-10-26,242.61000061035156,244.0,241.52999877929688,241.72000122070312,200.00184631347656,1948800
2017-10-27,240.85000610351562,242.44000244140625,239.6699981689453,241.7100067138672,199.99354553222656,2111500
2017-10-30,240.10000610351562,242.58999633789062,239.52999877929688,240.88999938964844,199.3151092529297,1764400
2017-10-31,240.67999267578125,244.17999267578125,240.6300048828125,242.47999572753906,200.63070678710938,2658700
2017-11-01,243.88999938964844,247.39999389648438,242.91000366210938,244.25999450683594,202.10345458984375,2969600
2017-11-02,244.69000244140625,247.74000549316406,243.3800048828125,246.8800048828125,204.27127075195312,2509100
2017-11-03,245.3699951171875,246.27999877929688,243.19000244140625,244.39999389648438,202.21926879882812,1954600
2017-11-06,243.5,244.5800018310547,241.6699981689453,243.49000549316406,201.46636962890625,1744800
2017-11-07,243.91000366210938,244.97999572753906,238.83999633789062,239.80999755859375,198.4214630126953,2483900
2017-11-08,239.1999969482422,242.32000732421875,237.5500030517578,241.25,199.61293029785156,2349800
2017-11-09,239.50999450683594,242.3699951171875,237.83999633789062,240.7899932861328,199.2322998046875,2122400
2017-11-10,241.69000244140625,243.32000732421875,240.0,240.14999389648438,198.70278930664062,1845600
2017-11-13,237.97000122070312,240.89999389648438,237.16000366210938,240.27000427246094,198.80209350585938,1953900
2017-11-14,239.64999389648438,240.8800048828125,235.6300048828125,237.24000549316406,196.29502868652344,3000200
2017-11-15,234.97000122070312,238.14999389648438,233.5500030517578,237.61000061035156,196.6011505126953,2564100
2017-11-16,238.3800048828125,240.69000244140625,238.1999969482422,239.3699951171875,198.05743408203125,2304300
2017-11-17,238.86000061035156,239.0800018310547,237.1199951171875,238.02000427246094,196.94039916992188,2826400
2017-11-20,238.77999877929688,238.77999877929688,237.11000061035156,238.1300048828125,197.03143310546875,2000700
2017-11-21,239.41000366210938,239.58999633789062,237.5399932861328,238.02000427246094,196.94039916992188,2223800
2017-11-22,237.94000244140625,238.9499969482422,236.36000061035156,236.42999267578125,195.62484741210938,2177200
2017-11-24,237.4199981689453,238.55999755859375,235.5500030517578,235.9499969482422,195.22767639160156,1268500
2017-11-27,235.75,236.8800048828125,234.8000030517578,235.11000061035156,194.5326385498047,1999600
2017-11-28,236.08999633789062,240.0,234.3300018310547,239.41000366210938,198.09054565429688,3212900
2017-11-29,241.25,244.47000122070312,240.39999389648438,241.36000061035156,200.33152770996094,4500000
2017-11-30,244.07000732421875,250.7899932861328,244.0,247.63999938964844,205.5440216064453,6364600
2017-12-01,249.77999877929688,250.67999267578125,244.00999450683594,248.9499969482422,206.63136291503906,4765400
2017-12-04,254.88999938964844,254.89999389648438,250.00999450683594,250.64999389648438,208.04232788085938,3326100
2017-12-05,250.8000030517578,251.35000610351562,247.41000366210938,248.3300018310547,206.11669921875,2526800
2017-12-06,246.24000549316406,248.0800018310547,245.1300048828125,245.9499969482422,204.14126586914062,2331400
2017-12-07,244.6199951171875,249.47999572753906,244.39999389648438,248.55999755859375,206.3076171875,2667000
2017-12-08,250.5,250.67999267578125,247.1999969482422,250.35000610351562,207.79330444335938,1959100
2017-12-11,250.0,251.39999389648438,248.75999450683594,250.1300048828125,207.6107635498047,1494200
2017-12-12,250.80999755859375,258.20001220703125,250.69000244140625,257.67999267578125,213.8773193359375,3464200
2017-12-13,257.80999755859375,260.5,255.55999755859375,255.55999755859375,212.11770629882812,3482300
2017-12-14,257.1300048828125,259.54998779296875,255.47999572753906,255.47999572753906,212.0513153076172,3353200
2017-12-15,256.70001220703125,258.9700012207031,254.75999450683594,257.1700134277344,213.45407104492188,5283400
2017-12-18,260.0,262.0,259.1600036621094,260.0199890136719,215.81951904296875,2575600
2017-12-19,261.6000061035156,261.79998779296875,256.17999267578125,256.4800109863281,212.88133239746094,2195500
2017-12-20,258.8699951171875,259.0899963378906,254.5500030517578,255.17999267578125,211.8023223876953,2052400
2017-12-21,256.6099853515625,262.0899963378906,256.2799987792969,261.010009765625,216.64129638671875,3337800
2017-12-22,261.6600036621094,262.1400146484375,257.7200012207031,258.9700012207031,214.94805908203125,2100600
2017-12-26,258.19000244140625,259.20001220703125,256.0,257.7200012207031,213.91050720214844,1289300
2017-12-27,257.9800109863281,257.9800109863281,255.52000427246094,255.9499969482422,212.44137573242188,1567900
2017-12-28,256.9800109863281,257.0,255.10000610351562,256.5,212.89791870117188,1301000
2017-12-29,255.8699951171875,256.6499938964844,252.91000366210938,254.75999450683594,211.45372009277344,2519300
2018-01-02,257.7699890136719,257.9100036621094,253.9199981689453,255.6699981689453,212.20899963378906,2258300
2018-01-03,255.47999572753906,256.1400146484375,253.22000122070312,253.2899932861328,210.23358154296875,2988200
2018-01-04,255.22999572753906,259.7200012207031,254.32000732421875,256.8299865722656,213.17176818847656,2583200
2018-01-05,257.17999267578125,257.489990234375,253.69000244140625,255.52000427246094,212.0845184326172,2594700
2018-01-08,254.75,255.17999267578125,251.6199951171875,251.80999755859375,209.00518798828125,2940500
2018-01-09,252.8000030517578,255.60000610351562,252.6199951171875,253.94000244140625,210.7730712890625,2637300
2018-01-10,255.0,255.14999389648438,252.35000610351562,254.3300018310547,211.09681701660156,2927200
2018-01-11,255.75,255.88999938964844,252.97000122070312,255.1300048828125,211.7608184814453,2422400
2018-01-12,255.75,257.29998779296875,254.08999633789062,257.0299987792969,213.3378448486328,2849200
2018-01-16,259.25,261.7699890136719,256.3999938964844,258.4599914550781,214.52474975585938,4445500
2018-01-17,260.9800109863281,262.0,248.83999633789062,253.64999389648438,210.5323944091797,8608100
2018-01-18,254.49000549316406,254.5399932861328,250.60000610351562,250.97000122070312,208.30792236328125,4984500
2018-01-19,251.0,256.1400146484375,250.25999450683594,256.1199951171875,212.58250427246094,4643400
2018-01-22,255.4499969482422,262.8699951171875,255.19000244140625,261.5199890136719,217.06459045410156,5264700
2018-01-23,258.0,260.260009765625,256.8500061035156,260.0899963378906,215.8776397705078,4003600
2018-01-24,260.739990234375,265.7799987792969,260.29998779296875,265.67999267578125,220.51742553710938,4314000
2018-01-25,266.3500061035156,270.5,265.010009765625,269.0299987792969,223.29795837402344,5055000
2018-01-26,267.489990234375,269.0,266.04998779296875,268.1400146484375,222.5592803955078,3535400
2018-01-29,269.0400085449219,273.7900085449219,268.80999755859375,272.4800109863281,226.1614990234375,3881100
2018-01-30,270.3900146484375,272.0,267.1099853515625,268.94000244140625,223.22328186035156,3970400
2018-01-31,268.54998779296875,270.0,266.3299865722656,267.8900146484375,222.35177612304688,3710200
2018-02-01,266.1499938964844,272.5899963378906,266.0,272.2300109863281,225.9540252685547,3388200
2018-02-02,270.0,271.75,259.3500061035156,260.0400085449219,215.836181640625,5913900
2018-02-05,257.510009765625,263.29998779296875,241.5,249.11000061035156,206.76412963867188,6528500
2018-02-06,244.2100067138672,258.75,242.11000061035156,258.70001220703125,214.7239532470703,6739900
2018-02-07,255.89999389648438,261.95001220703125,255.66000366210938,257.1000061035156,213.39590454101562,4125000
2018-02-08,257.92999267578125,258.7799987792969,246.0500030517578,246.35000610351562,204.4733123779297,4166200
2018-02-09,249.6199951171875,251.6699981689453,239.2899932861328,249.3000030517578,206.9218292236328,5978600
2018-02-12,251.14999389648438,256.1499938964844,248.82000732421875,253.16000366210938,210.12567138671875,3692500
2018-02-13,252.00999450683594,256.3999938964844,250.5800018310547,255.52999877929688,212.0928192138672,2700500
2018-02-14,255.0,262.7099914550781,254.47999572753906,262.5799865722656,217.94435119628906,3793800
2018-02-15,265.760009765625,268.0,262.9100036621094,267.67999267578125,222.17745971679688,3523100
2018-02-16,265.989990234375,269.2799987792969,265.8999938964844,267.6199951171875,222.127685546875,2602500
2018-02-20,266.8900146484375,268.8500061035156,263.30999755859375,264.8900146484375,219.86172485351562,2618400
2018-02-21,263.9200134277344,270.0,263.1300048828125,263.3999938964844,218.6249542236328,3017900
2018-02-22,264.3999938964844,266.32000732421875,260.7200012207031,261.42999267578125,216.98988342285156,2678900
2018-02-23,263.0,266.9800109863281,262.3999938964844,266.7699890136719,221.42205810546875,2507100
2018-02-26,267.5,271.7799987792969,266.7699890136719,271.260009765625,225.1488494873047,2751400
2018-02-27,271.0,273.1199951171875,267.92999267578125,267.92999267578125,222.38490295410156,3140600
2018-02-28,269.1400146484375,269.489990234375,262.57000732421875,262.92999267578125,218.84750366210938,3104300
2018-03-01,262.6099853515625,263.54998779296875,256.20001220703125,256.7799987792969,213.72862243652344,3483500
2018-03-02,255.0,259.239990234375,252.10000610351562,258.1199951171875,214.8439483642578,3122800
2018-03-05,256.4599914550781,264.54998779296875,256.239990234375,263.1199951171875,219.0056610107422,2445800
2018-03-06,264.7699890136719,267.8699951171875,263.2099914550781,266.92999267578125,222.1768341064453,2217300
2018-03-07,262.69000244140625,266.42999267578125,260.95001220703125,265.3500061035156,220.8617706298828,2509400
2018-03-08,266.4800109863281,268.1000061035156,262.6300048828125,266.3399963378906,221.6857452392578,2565400
2018-03-09,268.70001220703125,271.0899963378906,267.0400085449219,270.7699890136719,225.37303161621094,4410600
2018-03-12,271.0,275.30999755859375,270.7699890136719,273.3800048828125,227.54541015625,3065600
2018-03-13,274.3399963378906,275.0299987792969,267.44000244140625,268.5299987792969,223.5086212158203,2288100
2018-03-14,270.3999938964844,270.7799987792969,263.9100036621094,264.42999267578125,220.09600830078125,2478700
2018-03-15,265.7200012207031,269.0,265.3500061035156,266.6099853515625,221.91050720214844,2255200
2018-03-16,266.010009765625,269.8500061035156,265.3299865722656,267.6000061035156,222.7345428466797,4114400
2018-03-19,266.989990234375,267.5,259.4700012207031,262.5299987792969,218.51455688476562,2426900
2018-03-20,263.2900085449219,264.6400146484375,261.8900146484375,263.19000244140625,219.06385803222656,1514800
2018-03-21,263.010009765625,266.489990234375,260.30999755859375,261.8500061035156,217.94850158691406,2817600
2018-03-22,258.4200134277344,260.82000732421875,252.17999267578125,252.60000610351562,210.24942016601562,4489300
2018-03-23,253.6300048828125,253.99000549316406,244.92999267578125,245.25999450683594,204.1400146484375,3634200
2018-03-26,250.64999389648438,255.36000061035156,248.4499969482422,254.8800048828125,212.14715576171875,3787200
2018-03-27,255.88999938964844,257.05999755859375,245.61000061035156,247.25999450683594,205.80470275878906,2981500
2018-03-28,248.77999877929688,251.22999572753906,244.3699951171875,249.3699951171875,207.5609588623047,2660200
2018-03-29,250.7899932861328,252.97999572753906,248.3300018310547,251.86000061035156,209.63343811035156,3073900
2018-04-02,251.25999450683594,252.60000610351562,243.77000427246094,247.35000610351562,205.87962341308594,3429900
2018-04-03,248.61000061035156,250.88999938964844,245.89999389648438,250.5800018310547,208.56805419921875,2488200
2018-04-04,245.7100067138672,253.22000122070312,244.50999450683594,252.6199951171875,210.26605224609375,2853200
2018-04-05,254.5,258.0,253.39999389648438,255.80999755859375,212.9212188720703,1924800
2018-04-06,251.47999572753906,255.33999633789062,246.67999267578125,249.97000122070312,208.06028747558594,3621900
2018-04-09,251.47999572753906,257.5,249.1699981689453,252.19000244140625,209.90814208984375,3256700
2018-04-10,257.9599914550781,259.8900146484375,255.9499969482422,256.57000732421875,213.55381774902344,3113900
2018-04-11,252.58999633789062,254.8300018310547,249.7899932861328,252.94000244140625,210.53240966796875,3322000
2018-04-12,256.2699890136719,260.7300109863281,255.11000061035156,259.5899963378906,216.06744384765625,3059100
2018-04-13,261.94000244140625,262.5,254.5399932861328,255.9199981689453,213.01278686523438,3026200
2018-04-16,257.1300048828125,260.6600036621094,256.6600036621094,257.8800048828125,214.64418029785156,3257400
2018-04-17,261.6000061035156,262.25,252.33999633789062,253.6300048828125,211.10675048828125,10134400
2018-04-18,254.89999389648438,257.0199890136719,252.25,254.0,211.41468811035156,4524800
2018-04-19,254.0,256.1600036621094,252.8300018310547,254.1699981689453,211.55615234375,3990000
2018-04-20,254.10000610351562,255.67999267578125,251.47999572753906,251.9600067138672,209.71673583984375,2930600
2018-04-23,251.66000366210938,252.75,246.19000244140625,246.6699981689453,205.31361389160156,3775900
2018-04-24,248.82000732421875,249.14999389648438,240.0399932861328,242.49000549316406,201.83444213867188,4705100
2018-04-25,242.19000244140625,242.4600067138672,237.50999450683594,239.22999572753906,199.12098693847656,5041400
2018-04-26,239.27000427246094,241.66000366210938,238.00999450683594,240.08999633789062,199.83680725097656,2891100
2018-04-27,240.0,241.92999267578125,239.02000427246094,239.8000030517578,199.59544372558594,2136800
2018-04-30,240.97000122070312,243.07000732421875,238.22000122070312,238.3300018310547,198.3719024658203,2790500
2018-05-01,237.50999450683594,237.89999389648438,233.9600067138672,236.6699981689453,196.99021911621094,3269800
2018-05-02,236.60000610351562,237.91000366210938,233.4199981689453,234.0500030517578,194.80946350097656,3710900
2018-05-03,232.4499969482422,234.0,227.39999389648438,233.41000366210938,194.27674865722656,4511400
2018-05-04,232.30999755859375,236.7899932861328,232.27999877929688,234.94000244140625,195.55026245117188,2622300
2018-05-07,236.0,238.1699981689453,235.27999877929688,237.1999969482422,197.4313507080078,1979400
2018-05-08,238.24000549316406,240.66000366210938,236.0,237.0,197.26490783691406,3267000
2018-05-09,237.97999572753906,242.0500030517578,237.25,241.72999572753906,201.20184326171875,2434000
2018-05-10,242.11000061035156,245.4199981689453,240.16000366210938,243.44000244140625,202.62521362304688,2599000
2018-05-11,243.44000244140625,244.91000366210938,241.7100067138672,242.9199981689453,202.1923065185547,1540100
2018-05-14,243.60000610351562,245.8800048828125,243.5,243.91000366210938,203.01637268066406,1928500
2018-05-15,243.0,243.9499969482422,240.6699981689453,241.55999755859375,201.06033325195312,2165700
2018-05-16,241.27000427246094,241.83999633789062,240.58999633789062,240.9600067138672,200.5609588623047,1965200
2018-05-17,240.4199981689453,242.44000244140625,238.77999877929688,239.10000610351562,199.01280212402344,2462700
2018-05-18,238.10000610351562,238.74000549316406,236.8699951171875,237.0,197.26490783691406,2699000
2018-05-21,239.10000610351562,240.07000732421875,237.32000732421875,237.6999969482422,197.84750366210938,1951700
2018-05-22,238.6999969482422,240.6999969482422,237.97999572753906,238.0,198.09719848632812,2551500
2018-05-23,236.8800048828125,237.8699951171875,234.3800048828125,237.80999755859375,197.9390411376953,3114000
2018-05-24,236.60000610351562,237.1699981689453,233.64999389648438,236.10000610351562,196.5157928466797,2308700
2018-05-25,235.0,236.1199951171875,234.27999877929688,235.00999450683594,195.60853576660156,1985600
2018-05-29,231.52000427246094,232.47000122070312,225.02000427246094,227.02999877929688,188.96644592285156,5323600
2018-05-30,228.94000244140625,229.6699981689453,226.27999877929688,229.16000366210938,191.413818359375,3348600
2018-05-31,227.33999633789062,228.11000061035156,224.08999633789062,225.8800048828125,188.67410278320312,5334900
2018-06-01,228.39999389648438,230.25,228.08999633789062,228.35000610351562,190.7372589111328,3330900
2018-06-04,230.35000610351562,231.14999389648438,228.9499969482422,229.88999938964844,192.02359008789062,2133600
2018-06-05,228.94000244140625,229.33999633789062,227.2899932861328,228.33999633789062,190.72886657714844,1986200
2018-06-06,229.85000610351562,232.5800018310547,229.36000061035156,232.22999572753906,193.97813415527344,2566400
2018-06-07,233.88999938964844,235.9199981689453,232.5399932861328,233.4499969482422,194.99720764160156,2905000
2018-06-08,233.0,234.27000427246094,232.35000610351562,233.38999938964844,194.94708251953125,2253100
2018-06-11,234.6199951171875,235.16000366210938,233.58999633789062,234.08999633789062,195.53176879882812,1936800
2018-06-12,234.1199951171875,235.22999572753906,231.86000061035156,232.6300048828125,194.31228637695312,2080000
2018-06-13,233.64999389648438,238.22999572753906,233.10000610351562,233.8300018310547,195.31459045410156,3637400
2018-06-14,235.8699951171875,235.88999938964844,232.58999633789062,233.64999389648438,195.16424560546875,2899600
2018-06-15,231.5,233.14999389648438,229.83999633789062,231.9199981689453,193.71922302246094,4738100
2018-06-18,230.1999969482422,231.6699981689453,229.14999389648438,231.38999938964844,193.2765350341797,2327500
2018-06-19,228.22000122070312,229.0399932861328,226.16000366210938,228.32000732421875,190.71217346191406,3326600
2018-06-20,229.9199981689453,229.94000244140625,226.9600067138672,227.82000732421875,190.29458618164062,2678300
2018-06-21,226.38999938964844,228.42999267578125,224.57000732421875,226.97999572753906,189.59292602539062,3094600
2018-06-22,227.77999877929688,230.5,225.5800018310547,226.02000427246094,188.7910614013672,2731800
2018-06-25,224.5,225.13999938964844,220.38999938964844,221.5399932861328,185.04896545410156,3817700
2018-06-26,221.77999877929688,222.8000030517578,219.1199951171875,221.5800018310547,185.08230590820312,2692900
2018-06-27,221.47999572753906,225.47000122070312,220.13999938964844,220.17999267578125,183.9129638671875,3104200
2018-06-28,220.25,224.66000366210938,219.5800018310547,223.4199981689453,186.61929321289062,3072600
2018-06-29,224.39999389648438,225.1699981689453,220.4499969482422,220.57000732421875,184.23875427246094,3393700
2018-07-02,219.75,223.33999633789062,218.88999938964844,223.25999450683594,186.48561096191406,1723200
2018-07-03,224.4600067138672,224.63999938964844,219.99000549316406,220.3800048828125,184.07998657226562,1204400
2018-07-05,221.5,222.13999938964844,219.77999877929688,220.74000549316406,184.38072204589844,2218200
2018-07-06,220.5399932861328,223.1999969482422,219.8800048828125,221.7899932861328,185.25775146484375,1846400
2018-07-09,223.36000061035156,228.1999969482422,223.0,227.99000549316406,190.43653869628906,2743900
2018-07-10,228.0,228.8699951171875,225.85000610351562,226.85000610351562,189.48428344726562,2524800
2018-07-11,225.75999450683594,227.25,225.1999969482422,225.66000366210938,188.4903106689453,2527000
2018-07-12,227.63999938964844,227.8000030517578,225.77000427246094,227.22000122070312,189.79336547851562,2223100
2018-07-13,226.6300048828125,228.6199951171875,223.92999267578125,226.41000366210938,189.11676025390625,2541500
2018-07-16,227.1999969482422,231.44000244140625,226.74000549316406,231.44000244140625,193.31829833984375,3271200
2018-07-17,231.47999572753906,233.22999572753906,226.8699951171875,231.02000427246094,192.96746826171875,9280200
2018-07-18,232.33999633789062,233.72000122070312,230.14999389648438,231.24000549316406,193.15122985839844,6149900
2018-07-19,231.11000061035156,231.99000549316406,228.97999572753906,229.6300048828125,191.806396484375,4638500
2018-07-20,229.00999450683594,232.0500030517578,228.8000030517578,231.69000244140625,193.52708435058594,2683500
2018-07-23,231.8000030517578,234.86000061035156,231.72000122070312,233.75999450683594,195.25611877441406,2788500
2018-07-24,234.75,237.47999572753906,234.33999633789062,235.8800048828125,197.0269317626953,2887400
2018-07-25,235.00999450683594,236.85000610351562,233.9499969482422,236.69000244140625,197.70352172851562,2181500
2018-07-26,237.0,238.33999633789062,236.42999267578125,237.11000061035156,198.05430603027344,1885500
2018-07-27,237.9600067138672,238.8000030517578,235.99000549316406,237.63999938964844,198.4970245361328,1998200
2018-07-30,238.0,239.72999572753906,236.88999938964844,238.9499969482422,199.5912322998047,2454100
2018-07-31,239.5,239.5,236.5500030517578,237.42999267578125,198.3215789794922,2503700
2018-08-01,238.5,239.39999389648438,235.77999877929688,236.0399932861328,197.16055297851562,2510500
2018-08-02,233.92999267578125,235.2100067138672,232.77000427246094,233.99000549316406,195.44821166992188,2579700
2018-08-03,234.44000244140625,235.52000427246094,233.49000549316406,234.08999633789062,195.53176879882812,3053100
2018-08-06,234.13999938964844,236.97999572753906,234.02999877929688,235.92999267578125,197.06869506835938,2259600
2018-08-07,237.25,239.4600067138672,236.49000549316406,237.8300018310547,198.65573120117188,2399500
2018-08-08,238.1199951171875,239.16000366210938,236.22999572753906,236.3699951171875,197.43626403808594,2522400
2018-08-09,236.35000610351562,236.85000610351562,233.38999938964844,233.77999877929688,195.27279663085938,2951900
2018-08-10,230.97000122070312,231.4600067138672,228.11000061035156,229.61000061035156,191.78973388671875,3863400
2018-08-13,229.49000549316406,229.88999938964844,226.57000732421875,226.86000061035156,189.49264526367188,2662700
2018-08-14,227.35000610351562,230.3699951171875,227.3000030517578,229.55999755859375,191.7479248046875,2359000
2018-08-15,229.35000610351562,231.5399932861328,228.30999755859375,229.25,191.48898315429688,3218500
2018-08-16,230.6699981689453,233.2899932861328,230.4499969482422,233.0,194.621337890625,2438300
2018-08-17,232.50999450683594,233.72000122070312,231.63999938964844,233.3800048828125,194.93869018554688,2107200
2018-08-20,234.1300048828125,235.97999572753906,234.0800018310547,235.77999877929688,196.94342041015625,2604900
2018-08-21,235.2899932861328,239.52999877929688,235.2899932861328,238.64999389648438,199.34066772460938,2437300
2018-08-22,237.88999938964844,239.6699981689453,237.5800018310547,239.33999633789062,199.91702270507812,1870900
2018-08-23,239.0500030517578,239.27999877929688,235.83999633789062,236.33999633789062,197.41116333007812,2064700
2018-08-24,237.36000061035156,237.8000030517578,234.6999969482422,235.11000061035156,196.38375854492188,1948100
2018-08-27,236.99000549316406,243.64999389648438,236.55999755859375,242.60000610351562,202.64007568359375,4106900
2018-08-28,243.05999755859375,245.0800018310547,241.58999633789062,242.3699951171875,202.44793701171875,2951000
2018-08-29,242.0500030517578,242.7899932861328,240.30999755859375,241.39999389648438,202.30545043945312,1911700
2018-08-30,240.8000030517578,241.1199951171875,238.67999267578125,239.39999389648438,200.62936401367188,1963700
2018-08-31,238.94000244140625,239.35000610351562,237.1199951171875,237.80999755859375,199.2968292236328,1965500
2018-09-04,237.75999450683594,238.1199951171875,234.58999633789062,237.66000366210938,199.17112731933594,2083500
2018-09-05,237.00999450683594,239.4499969482422,236.1699981689453,237.55999755859375,199.08738708496094,2092000
2018-09-06,237.0,238.6300048828125,233.8800048828125,234.52000427246094,196.5396728515625,2651400
2018-09-07,235.0500030517578,235.63999938964844,232.67999267578125,233.91000366210938,196.02847290039062,1952900
2018-09-10,235.00999450683594,235.5,231.74000549316406,231.91000366210938,194.3523712158203,1948100
2018-09-11,230.6699981689453,231.64999389648438,228.66000366210938,230.2100067138672,192.9276885986328,2719400
2018-09-12,230.91000366210938,231.99000549316406,227.3000030517578,228.14999389648438,191.20127868652344,3577700
2018-09-13,229.5,229.85000610351562,227.57000732421875,228.3300018310547,191.35214233398438,3003600
2018-09-14,229.0800018310547,230.5500030517578,228.75999450683594,229.24000549316406,192.11476135253906,2228300
2018-09-17,229.39999389648438,230.16000366210938,227.3000030517578,227.88999938964844,190.98342895507812,1918800
2018-09-18,228.35000610351562,229.39999389648438,226.57000732421875,228.88999938964844,191.8214874267578,2498100
2018-09-19,229.89999389648438,236.27999877929688,229.52000427246094,235.5800018310547,197.4280242919922,3716500
2018-09-20,237.0,238.50999450683594,236.02999877929688,237.39999389648438,198.95326232910156,2503000
2018-09-21,238.05999755859375,238.52000427246094,234.8300018310547,235.33999633789062,197.22686767578125,3760300
2018-09-24,234.74000549316406,235.74000549316406,232.24000549316406,232.89999389648438,195.1820526123047,2057000
2018-09-25,234.63999938964844,234.63999938964844,232.22999572753906,232.5,194.8468017578125,2003200
2018-09-26,232.9600067138672,233.0,228.24000549316406,228.8800048828125,191.8131103515625,2372700
2018-09-27,228.77000427246094,229.85000610351562,227.52000427246094,227.74000549316406,190.8577423095703,2451500
2018-09-28,225.75,227.39999389648438,223.8000030517578,224.24000549316406,187.92453002929688,3097800
2018-10-01,226.22000122070312,227.58999633789062,225.0,225.3300018310547,188.83799743652344,2451300
2018-10-02,225.27999877929688,226.3300018310547,223.97000122070312,226.07000732421875,189.45814514160156,2272700
2018-10-03,227.75,229.77000427246094,226.5800018310547,227.77999877929688,190.89120483398438,2573900
2018-10-04,229.25999450683594,231.39999389648438,225.38999938964844,227.47999572753906,190.63978576660156,2903600
2018-10-05,228.0,228.41000366210938,224.2100067138672,225.7100067138672,189.15646362304688,1722400
2018-10-08,224.25999450683594,226.9199981689453,222.5,225.35000610351562,188.85476684570312,2522900
2018-10-09,224.99000549316406,225.1199951171875,222.52999877929688,222.91000366210938,186.8099365234375,1862900
2018-10-10,223.24000549316406,223.63999938964844,214.55999755859375,214.88999938964844,180.08872985839844,3955500
2018-10-11,214.1999969482422,216.02999877929688,210.9499969482422,212.97000122070312,178.4796905517578,6217400
2018-10-12,217.0,217.97999572753906,211.4600067138672,213.8699951171875,179.2339324951172,4161300
2018-10-15,214.4499969482422,217.13999938964844,213.0500030517578,215.22000122070312,180.3652801513672,3333800
2018-10-16,219.35000610351562,222.0,216.3000030517578,221.6999969482422,185.7958526611328,5924200
2018-10-17,220.52999877929688,228.89999389648438,220.0500030517578,228.27999877929688,191.31024169921875,4953700
2018-10-18,227.5,228.72999572753906,223.86000061035156,224.9499969482422,188.51950073242188,2995400
2018-10-19,225.25999450683594,228.3000030517578,224.19000244140625,226.9600067138672,190.20399475097656,2759100
2018-10-22,226.92999267578125,228.8699951171875,221.52000427246094,221.60000610351562,185.7120819091797,2736800
2018-10-23,216.58999633789062,219.52000427246094,214.32000732421875,218.55999755859375,183.1643524169922,3318200
2018-10-24,218.13999938964844,218.92999267578125,208.39999389648438,209.17999267578125,175.3034210205078,4152700
2018-10-25,211.27000427246094,215.69000244140625,210.33999633789062,214.00999450683594,179.35122680664062,3179700
2018-10-26,210.72999572753906,214.8000030517578,209.52999877929688,212.36000061035156,177.9684600830078,3557900
2018-10-29,214.14999389648438,218.2100067138672,212.0500030517578,214.49000549316406,179.75347900390625,3278200
2018-10-30,215.99000549316406,220.35000610351562,215.0399932861328,219.27999877929688,183.76776123046875,3897400
2018-10-31,221.88999938964844,229.0,221.39999389648438,225.3699951171875,188.8715362548828,4369600
2018-11-01,225.75999450683594,228.8800048828125,225.47000122070312,226.97000122070312,190.21241760253906,2557600
2018-11-02,230.0,231.69000244140625,226.2899932861328,229.69000244140625,192.49185180664062,3699000
2018-11-05,228.32000732421875,231.10000610351562,226.9499969482422,228.72000122070312,191.6790008544922,2565200
2018-11-06,228.19000244140625,229.52000427246094,227.0500030517578,228.1999969482422,191.24319458007812,2275600
2018-11-07,230.0500030517578,232.8000030517578,226.89999389648438,231.27999877929688,193.82435607910156,3514300
2018-11-08,231.0,234.05999755859375,230.60000610351562,231.64999389648438,194.1344451904297,2404800
2018-11-09,231.69000244140625,231.69000244140625,222.3000030517578,222.64999389648438,186.5919952392578,3721700
2018-11-12,222.0,222.30999755859375,205.1300048828125,206.0500030517578,172.68038940429688,11019400
2018-11-13,204.39999389648438,209.58999633789062,202.3300018310547,205.0500030517578,171.8423309326172,6984800
2018-11-14,206.24000549316406,207.33999633789062,198.44000244140625,202.49000549316406,169.6968994140625,5742500
2018-11-15,201.8000030517578,204.5,199.32000732421875,203.74000549316406,170.74449157714844,4260000
2018-11-16,202.92999267578125,204.74000549316406,200.35000610351562,202.1199951171875,169.3868408203125,2829600
2018-11-19,201.8300018310547,202.3000030517578,197.35000610351562,198.22000122070312,166.1184539794922,3419100
2018-11-20,195.10000610351562,195.88999938964844,190.35000610351562,191.33999633789062,160.35267639160156,5513800
2018-11-21,192.08999633789062,195.24000549316406,191.19000244140625,192.60000610351562,161.4085693359375,4111700
2018-11-23,191.61000061035156,191.8699951171875,188.94000244140625,189.10000610351562,158.47540283203125,1862600
2018-11-26,191.1699981689453,195.22999572753906,190.69000244140625,194.33999633789062,162.8667449951172,3143300
2018-11-27,193.39999389648438,194.6199951171875,191.55999755859375,193.64999389648438,162.2885284423828,2345400
2018-11-28,194.83999633789062,198.4499969482422,192.22999572753906,198.35000610351562,166.22738647460938,3762900
2018-11-29,196.02000427246094,197.4499969482422,193.16000366210938,194.85000610351562,163.95550537109375,2665700
2018-11-30,190.57000732421875,191.4499969482422,188.1199951171875,190.69000244140625,160.45501708984375,6220000
2018-12-03,194.0,195.66000366210938,191.6199951171875,191.6300048828125,161.2460479736328,4017000
2018-12-04,190.69000244140625,191.11000061035156,183.6300048828125,184.30999755859375,155.08670043945312,5797500
2018-12-06,181.3300018310547,184.8800048828125,180.14999389648438,184.08999633789062,154.90150451660156,5275500
2018-12-07,183.85000610351562,186.25,179.0,179.6699981689453,151.18235778808594,3921200
2018-12-10,178.60000610351562,179.83999633789062,174.67999267578125,178.8300018310547,150.4755096435547,4528300
2018-12-11,182.14999389648438,184.42999267578125,175.4499969482422,176.8000030517578,148.76739501953125,4713900
2018-12-12,178.5,180.0,176.47999572753906,176.6999969482422,148.68321228027344,3677300
2018-12-13,177.8300018310547,178.69000244140625,175.1199951171875,175.9199981689453,148.02691650390625,4008600
2018-12-14,174.33999633789062,176.25999450683594,172.3699951171875,172.77000427246094,145.37637329101562,5078300
2018-12-17,169.39999389648438,171.42999267578125,166.52999877929688,168.00999450683594,141.37110900878906,8395800
2018-12-18,169.77999877929688,173.02000427246094,169.32000732421875,171.5,144.30772399902344,5150800
2018-12-19,171.58999633789062,174.85000610351562,167.60000610351562,169.25,142.41452026367188,5316100
2018-12-20,168.38999938964844,171.64999389648438,167.16000366210938,168.41000366210938,141.70765686035156,6488200
2018-12-21,168.25,169.6300048828125,159.4199981689453,160.0500030517578,134.67320251464844,8960000
2018-12-24,159.0,160.0,154.30999755859375,156.35000610351562,131.5598602294922,3783500
2018-12-26,157.0,163.11000061035156,151.6999969482422,162.92999267578125,137.0965576171875,7054700
2018-12-27,160.1199951171875,165.41000366210938,159.02000427246094,165.41000366210938,139.18336486816406,4973000
2018-12-28,165.63999938964844,165.9499969482422,162.02000427246094,163.02999877929688,137.1807403564453,4110500
2018-12-31,163.77999877929688,167.1199951171875,163.77999877929688,167.0500030517578,140.56332397460938,4550000
2019-01-02,164.3300018310547,172.25,163.35000610351562,172.02999877929688,144.7537078857422,3999400
2019-01-03,170.66000366210938,171.77000427246094,168.2899932861328,169.50999450683594,142.63323974609375,4060200
2019-01-04,172.99000549316406,176.0,171.10000610351562,175.0500030517578,147.2948455810547,3788300
2019-01-07,175.22999572753906,177.8300018310547,172.27000427246094,176.02000427246094,148.11105346679688,3152100
2019-01-08,177.77999877929688,178.10000610351562,172.89999389648438,175.3699951171875,147.56411743164062,2692700
2019-01-09,176.10000610351562,177.69000244140625,174.91000366210938,176.47000122070312,148.4897003173828,3321400
2019-01-10,175.66000366210938,178.07000732421875,175.5,176.0,148.09425354003906,2808700
2019-01-11,175.10000610351562,177.0399932861328,172.4199981689453,176.92999267578125,148.87680053710938,3182700
2019-01-14,174.52000427246094,179.5399932861328,174.10000610351562,178.72000122070312,150.38299560546875,3361700
2019-01-15,178.32000732421875,179.99000549316406,176.39999389648438,179.91000366210938,151.38427734375,2911800
2019-01-16,187.0,198.14999389648438,185.60000610351562,197.0800018310547,165.83192443847656,15194200
2019-01-17,195.9499969482422,199.8000030517578,192.8300018310547,199.08999633789062,167.52322387695312,8177000
2019-01-18,200.3800048828125,203.0,196.91000366210938,202.5399932861328,170.42613220214844,5650900
2019-01-22,200.5,201.47000122070312,195.9199981689453,197.67999267578125,166.3367462158203,4648500
2019-01-23,197.5500030517578,198.08999633789062,194.52999877929688,196.89999389648438,165.68043518066406,3410700
2019-01-24,196.22000122070312,199.67999267578125,195.75999450683594,197.8000030517578,166.437744140625,2631800
2019-01-25,199.8300018310547,201.19000244140625,199.4199981689453,200.74000549316406,168.91156005859375,3275000
2019-01-28,197.99000549316406,200.07000732421875,197.10000610351562,199.72000122070312,168.0532989501953,2369600
2019-01-29,199.0,201.97000122070312,197.8699951171875,200.5,168.7096405029297,2694100
2019-01-30,200.89999389648438,203.2899932861328,199.64999389648438,202.47999572753906,170.37567138671875,2773300
2019-01-31,200.10000610351562,202.35000610351562,196.9499969482422,198.00999450683594,166.6144256591797,5604500
2019-02-01,198.0,199.63999938964844,196.5399932861328,196.5399932861328,165.37750244140625,3174200
2019-02-04,195.8000030517578,197.75999450683594,194.7899932861328,197.72000122070312,166.3704071044922,2400200
2019-02-05,198.1199951171875,199.3300018310547,196.86000061035156,198.00999450683594,166.6144256591797,2601000
2019-02-06,197.17999267578125,199.05999755859375,195.8300018310547,196.6199951171875,165.44480895996094,2063100
2019-02-07,195.27999877929688,195.8800048828125,191.0500030517578,193.07000732421875,162.45767211914062,2948800
2019-02-08,191.72000122070312,192.6199951171875,188.22000122070312,191.6699981689453,161.27967834472656,2757500
2019-02-11,192.8800048828125,193.32000732421875,191.07000732421875,191.3300018310547,160.99362182617188,2056500
2019-02-12,193.0500030517578,195.64999389648438,193.0,194.49000549316406,163.65255737304688,2392900
2019-02-13,195.9199981689453,198.77999877929688,194.60000610351562,194.69000244140625,163.82086181640625,2757300
2019-02-14,192.2100067138672,194.1300048828125,189.44000244140625,192.52999877929688,162.00331115722656,2865000
2019-02-15,193.2100067138672,198.88999938964844,193.10000610351562,198.5,167.02676391601562,3065400
2019-02-19,196.66000366210938,199.05999755859375,195.61000061035156,198.6699981689453,167.16978454589844,2558200
2019-02-20,198.72999572753906,199.3000030517578,197.50999450683594,198.60000610351562,167.1109161376953,2266000
2019-02-21,198.97000122070312,199.4499969482422,195.0500030517578,196.36000061035156,165.22605895996094,2785900
2019-02-22,196.60000610351562,197.75,195.1999969482422,196.0,164.92315673828125,2626600
2019-02-25,198.0,201.5,197.7100067138672,198.64999389648438,167.1529541015625,3032200
2019-02-26,198.47000122070312,200.55999755859375,196.5500030517578,198.89999389648438,167.36331176757812,2499800
2019-02-27,198.5,199.88999938964844,197.1199951171875,198.10000610351562,167.36334228515625,1804200
2019-02-28,198.0399932861328,198.39999389648438,196.00999450683594,196.6999969482422,166.18052673339844,2964300
2019-03-01,198.75,201.44000244140625,197.42999267578125,198.1999969482422,167.44776916503906,2580500
2019-03-04,198.80999755859375,200.8300018310547,194.14999389648438,195.97999572753906,165.57228088378906,2683600
2019-03-05,195.85000610351562,196.17999267578125,193.0,196.0,165.58914184570312,2338600
2019-03-06,195.89999389648438,197.55999755859375,194.52999877929688,194.74000549316406,164.52467346191406,2247500
2019-03-07,193.1300048828125,193.4499969482422,190.0800018310547,192.77000427246094,162.86029052734375,3567800
2019-03-08,190.39999389648438,195.77000427246094,189.7100067138672,195.24000549316406,164.94708251953125,3162700
2019-03-11,197.22999572753906,198.97000122070312,195.72999572753906,195.97000122070312,165.5637969970703,2669000
2019-03-12,196.0,197.39999389648438,195.69000244140625,196.6300048828125,166.1214141845703,1977400
2019-03-13,197.75,198.92999267578125,196.52000427246094,197.25,166.64520263671875,1904500
2019-03-14,197.32000732421875,198.5,196.6999969482422,197.47000122070312,166.83103942871094,1482300
2019-03-15,197.16000366210938,198.85000610351562,196.85000610351562,198.25999450683594,167.4984893798828,2985200
2019-03-18,199.17999267578125,203.85000610351562,198.9199981689453,202.47000122070312,171.0552978515625,3354900
2019-03-19,204.8800048828125,206.4499969482422,200.77999877929688,201.1199951171875,169.9147186279297,3284900
2019-03-20,200.3300018310547,200.3300018310547,193.97000122070312,194.32000732421875,164.1698455810547,5033500
2019-03-21,192.89999389648438,195.5500030517578,191.75,194.5800018310547,164.38949584960938,4031500
2019-03-22,192.6699981689453,193.7100067138672,187.77999877929688,188.9600067138672,159.64144897460938,5703100
2019-03-25,189.3300018310547,191.4499969482422,186.5,188.50999450683594,159.2612762451172,3751000
2019-03-26,190.02999877929688,192.41000366210938,188.69000244140625,190.69000244140625,161.10304260253906,2910100
2019-03-27,190.60000610351562,191.61000061035156,188.74000549316406,190.02999877929688,160.54544067382812,2343800
2019-03-28,190.74000549316406,191.91000366210938,189.2899932861328,191.17999267578125,161.5170135498047,2343400
2019-03-29,192.67999267578125,193.11000061035156,191.13999938964844,191.99000549316406,162.20132446289062,2632800
2019-04-01,194.0,198.08999633789062,193.61000061035156,196.74000549316406,166.2143096923828,3562600
2019-04-02,196.24000549316406,197.75999450683594,195.39999389648438,197.5,166.85643005371094,2247000
2019-04-03,199.25,201.08999633789062,198.5399932861328,200.86000061035156,169.69505310058594,3227900
2019-04-04,200.8000030517578,204.2899932861328,200.5,202.22999572753906,170.8524932861328,2582300
2019-04-05,203.3800048828125,205.5,202.05999755859375,202.3800048828125,170.9792938232422,2447100
2019-04-08,202.7899932861328,203.6300048828125,201.17999267578125,202.5399932861328,171.1144256591797,1891500
2019-04-09,201.22999572753906,201.58999633789062,198.86000061035156,200.6199951171875,169.49229431152344,2400900
2019-04-10,201.8000030517578,203.1699981689453,200.27000427246094,202.97999572753906,171.4861602783203,1907100
2019-04-11,204.22999572753906,205.4499969482422,201.57000732421875,202.8300018310547,171.3594512939453,2802100
2019-04-12,207.0,209.97000122070312,206.3699951171875,207.83999633789062,175.59207153320312,5096600
2019-04-15,204.11000061035156,205.74000549316406,199.6999969482422,199.91000366210938,168.8925323486328,6617200
2019-04-16,199.6199951171875,202.94000244140625,199.24000549316406,201.83999633789062,170.5229949951172,4852600
2019-04-17,201.9600067138672,208.5,201.77999877929688,207.89999389648438,175.64276123046875,4195300
2019-04-18,207.08999633789062,207.86000061035156,205.14999389648438,205.91000366210938,173.96157836914062,2874300
2019-04-22,205.1199951171875,205.58999633789062,204.13999938964844,204.60000610351562,172.85482788085938,1591400
2019-04-23,204.25,205.19000244140625,202.74000549316406,204.13999938964844,172.4661865234375,2120900
2019-04-24,203.0,203.52000427246094,199.72999572753906,200.5399932861328,169.42471313476562,4606100
2019-04-25,199.6999969482422,202.55999755859375,199.10000610351562,201.39999389648438,170.15130615234375,2075300
2019-04-26,201.72999572753906,203.1199951171875,200.32000732421875,203.0800018310547,171.57066345214844,1543100
2019-04-29,203.5,208.0,203.27000427246094,206.9199981689453,174.81480407714844,2997000
2019-04-30,206.94000244140625,207.99000549316406,204.14999389648438,205.9199981689453,173.97000122070312,1833000
2019-05-01,206.39999389648438,208.41000366210938,204.02999877929688,204.72999572753906,172.96463012695312,1981800
2019-05-02,204.42999267578125,206.22000122070312,203.1199951171875,204.99000549316406,173.18426513671875,1514700
2019-05-03,206.00999450683594,208.75,205.6699981689453,207.52000427246094,175.32174682617188,1897600
2019-05-06,202.8000030517578,206.97999572753906,201.7100067138672,206.42999267578125,174.40081787109375,1927800
2019-05-07,203.33999633789062,204.0,201.00999450683594,202.6300048828125,171.1904296875,2839500
2019-05-08,201.39999389648438,203.1999969482422,200.8000030517578,200.9499969482422,169.77113342285156,1817600
2019-05-09,199.50999450683594,202.22000122070312,197.91000366210938,201.6300048828125,170.34559631347656,2333400
2019-05-10,200.97999572753906,202.10000610351562,198.99000549316406,202.0500030517578,170.700439453125,2089400
2019-05-13,197.89999389648438,197.89999389648438,194.0,194.97000122070312,164.71896362304688,3605600
2019-05-14,194.99000549316406,198.1300048828125,194.89999389648438,196.27999877929688,165.82569885253906,2463300
2019-05-15,194.63999938964844,197.58999633789062,193.4199981689453,196.39999389648438,165.9270782470703,2271100
2019-05-16,196.6300048828125,200.0,196.6199951171875,199.13999938964844,168.241943359375,2008100
2019-05-17,196.3000030517578,199.08999633789062,196.3000030517578,197.42999267578125,166.79722595214844,1928300
2019-05-20,197.08999633789062,197.77999877929688,195.57000732421875,197.24000549316406,166.63681030273438,2483400
2019-05-21,198.66000366210938,199.32000732421875,198.0,199.11000061035156,168.2165985107422,2327600
2019-05-22,197.44000244140625,198.47999572753906,195.4600067138672,195.52000427246094,165.18359375,2427200
2019-05-23,193.0,193.0,189.55999755859375,191.97000122070312,162.1844482421875,3184100
2019-05-24,192.88999938964844,194.07000732421875,191.67999267578125,193.0,163.05467224121094,1637200
2019-05-28,192.0,193.30999755859375,189.38999938964844,189.44000244140625,160.0469970703125,3040000
2019-05-29,187.74000549316406,188.64999389648438,184.9199981689453,188.0500030517578,159.58871459960938,2815800
2019-05-30,188.08999633789062,189.3699951171875,186.00999450683594,187.3699951171875,159.01162719726562,1919300
2019-05-31,184.77000427246094,184.88999938964844,182.30999755859375,182.49000549316406,154.87020874023438,2640100
2019-06-03,181.6999969482422,183.49000549316406,180.72999572753906,183.19000244140625,155.46429443359375,2857800
2019-06-04,186.17999267578125,189.99000549316406,185.7100067138672,189.8800048828125,161.1417236328125,2420800
2019-06-05,190.10000610351562,190.16000366210938,187.00999450683594,188.44000244140625,159.91969299316406,1967800
2019-06-06,188.05999755859375,190.74000549316406,187.30999755859375,189.80999755859375,161.08236694335938,1653500
2019-06-07,189.8800048828125,190.61000061035156,188.52000427246094,189.80999755859375,161.08236694335938,1838600
2019-06-10,191.39999389648438,197.0,191.39999389648438,194.1199951171875,164.7400360107422,2372000
2019-06-11,195.3000030517578,196.1199951171875,193.50999450683594,194.72999572753906,165.2577362060547,1632200
2019-06-12,193.61000061035156,194.0500030517578,189.8300018310547,190.22000122070312,161.43028259277344,2059400
2019-06-13,190.41000366210938,192.25,190.07000732421875,191.4499969482422,162.4740753173828,1411400
2019-06-14,191.2899932861328,192.1699981689453,189.30999755859375,191.66000366210938,162.65234375,1403900
2019-06-17,192.02000427246094,193.22999572753906,190.74000549316406,190.8300018310547,161.947998046875,1155600
2019-06-18,190.6699981689453,197.1300048828125,190.6699981689453,194.97999572753906,165.4698944091797,2363000
2019-06-19,195.35000610351562,197.61000061035156,194.7899932861328,195.63999938964844,166.02999877929688,2196800
2019-06-20,197.5,198.19000244140625,193.61000061035156,195.6999969482422,166.08090209960938,2749300
2019-06-21,195.33999633789062,198.33999633789062,193.97000122070312,195.94000244140625,166.28460693359375,3365500
2019-06-24,196.52999877929688,199.35000610351562,196.02999877929688,197.49000549316406,167.59999084472656,2069800
2019-06-25,197.5,197.52000427246094,194.00999450683594,196.05999755859375,166.3863525390625,1828300
2019-06-26,196.5,197.8699951171875,196.1199951171875,197.00999450683594,167.19259643554688,1649900
2019-06-27,197.57000732421875,199.61000061035156,196.75999450683594,199.32000732421875,169.15301513671875,2239200
2019-06-28,203.5,205.83999633789062,202.94000244140625,204.60000610351562,173.6339111328125,4854900
2019-07-01,208.0,209.85000610351562,205.74000549316406,206.86000061035156,175.5518035888672,2465700
2019-07-02,205.39999389648438,206.30999755859375,204.16000366210938,205.97999572753906,174.8050537109375,1621400
2019-07-03,207.3000030517578,207.39999389648438,205.22999572753906,206.0399932861328,174.85592651367188,978800
2019-07-05,206.86000061035156,208.75999450683594,206.1999969482422,207.89999389648438,176.4344024658203,1511400
2019-07-08,206.36000061035156,207.25,204.7100067138672,205.75,174.60984802246094,1853900
2019-07-09,203.75,207.94000244140625,203.5399932861328,207.77000427246094,176.32408142089844,1812100
2019-07-10,207.17999267578125,208.99000549316406,205.64999389648438,205.97000122070312,174.7965545654297,1779800
2019-07-11,206.1999969482422,212.58999633789062,206.0,211.35000610351562,179.36227416992188,3691600
2019-07-12,212.0,214.19000244140625,210.7899932861328,213.94000244140625,181.56028747558594,2626000
2019-07-15,214.11000061035156,214.60000610351562,209.7899932861328,211.5800018310547,179.55747985839844,2600200
2019-07-16,214.8000030517578,217.3300018310547,212.5500030517578,215.52000427246094,182.901123046875,5283700
2019-07-17,213.8300018310547,215.77999877929688,213.16000366210938,213.3000030517578,181.0171661376953,2583500
2019-07-18,212.7100067138672,215.8300018310547,211.75,214.52000427246094,182.05247497558594,2858100
2019-07-19,214.02000427246094,215.77000427246094,213.35000610351562,213.52000427246094,181.203857421875,1822300
2019-07-22,213.39999389648438,214.86000061035156,212.30999755859375,214.0,181.61117553710938,1907100
2019-07-23,214.9499969482422,220.0,214.9499969482422,219.42999267578125,186.21934509277344,3330600
2019-07-24,219.25,222.08999633789062,218.6300048828125,222.02999877929688,188.4258270263672,3180000
2019-07-25,221.77000427246094,221.77000427246094,218.22999572753906,219.97999572753906,186.68614196777344,2776700
2019-07-26,220.4499969482422,222.24000549316406,220.3699951171875,222.13999938964844,188.5192108154297,2304500
2019-07-29,221.0,222.1300048828125,220.1999969482422,220.32000732421875,186.97467041015625,1372800
2019-07-30,218.49000549316406,221.99000549316406,217.3300018310547,221.39999389648438,187.89120483398438,1644600
2019-07-31,221.24000549316406,221.97999572753906,219.00999450683594,220.1300048828125,186.8134307861328,1991100
2019-08-01,219.35000610351562,219.9499969482422,210.75999450683594,211.60000610351562,179.57443237304688,3070100
2019-08-02,211.5800018310547,211.5800018310547,205.30999755859375,209.3699951171875,177.68194580078125,2503000
2019-08-05,205.82000732421875,205.82000732421875,199.5800018310547,201.67999267578125,171.15582275390625,2794200
2019-08-06,203.55999755859375,206.07000732421875,200.88999938964844,206.00999450683594,174.8304443359375,2349400
2019-08-07,201.11000061035156,205.9600067138672,199.0500030517578,205.74000549316406,174.60134887695312,2454200
2019-08-08,207.1699981689453,207.8000030517578,203.5399932861328,207.0,175.67062377929688,2342200
2019-08-09,205.6199951171875,208.3000030517578,203.86000061035156,206.89999389648438,175.5857696533203,1790100
2019-08-12,203.27999877929688,204.14999389648438,200.47999572753906,201.52000427246094,171.02005004882812,1479300
2019-08-13,201.50999450683594,206.60000610351562,200.22999572753906,204.11000061035156,173.2180633544922,2115900
2019-08-14,199.8000030517578,199.91000366210938,195.05999755859375,195.55999755859375,165.9620819091797,3025100
2019-08-15,195.91000366210938,196.97000122070312,193.7100067138672,196.17999267578125,166.4882049560547,1981900
2019-08-16,197.02999877929688,200.6699981689453,197.0,199.4199981689453,169.23788452148438,1878700
2019-08-19,203.80999755859375,204.4499969482422,201.82000732421875,202.1999969482422,171.59710693359375,1646100
2019-08-20,200.2100067138672,201.99000549316406,199.6999969482422,199.97999572753906,169.71315002441406,1545600
2019-08-21,202.74000549316406,203.02000427246094,200.1699981689453,200.67999267578125,170.30718994140625,1160800
2019-08-22,202.27999877929688,203.4499969482422,200.91000366210938,202.4199981689453,171.7838134765625,1275900
2019-08-23,200.80999755859375,201.8800048828125,195.19000244140625,196.1999969482422,166.50521850585938,2200500
2019-08-26,198.27000427246094,199.7100067138672,198.0,199.64999389648438,169.43304443359375,1441900
2019-08-27,200.3300018310547,200.86000061035156,196.5,198.07000732421875,168.0922088623047,1513300
2019-08-28,196.57000732421875,201.47000122070312,196.25,200.4199981689453,170.08653259277344,1437800
2019-08-29,201.36000061035156,204.3699951171875,201.36000061035156,203.44000244140625,173.73301696777344,1816800
2019-08-30,204.85000610351562,205.2100067138672,203.00999450683594,203.91000366210938,174.1343994140625,1529600
2019-09-03,201.10000610351562,201.61000061035156,196.5800018310547,198.97000122070312,169.91571044921875,2633600
2019-09-04,201.49000549316406,202.10000610351562,200.0500030517578,201.72999572753906,172.27272033691406,1720600
2019-09-05,205.27000427246094,208.92999267578125,205.0399932861328,207.0500030517578,176.8158416748047,2237900
2019-09-06,207.05999755859375,208.25,205.57000732421875,207.2100067138672,176.95248413085938,1438800
2019-09-09,209.22000122070312,213.8800048828125,208.44000244140625,211.97999572753906,181.0260009765625,2734500
2019-09-10,213.5,217.08999633789062,213.22000122070312,215.6300048828125,184.14295959472656,2615800
2019-09-11,215.2100067138672,216.85000610351562,213.36000061035156,216.8000030517578,185.1421356201172,1886300
2019-09-12,216.3800048828125,220.75999450683594,215.14999389648438,218.74000549316406,186.798828125,2913800
2019-09-13,220.35000610351562,221.5,219.1999969482422,219.89999389648438,187.7894744873047,2722400
2019-09-16,217.82000732421875,219.3300018310547,216.32000732421875,217.22000122070312,185.500732421875,2205500
2019-09-17,215.8000030517578,216.13999938964844,212.5399932861328,215.91000366210938,184.38209533691406,2429100
2019-09-18,214.8300018310547,217.88999938964844,213.3000030517578,217.0800018310547,185.38124084472656,2474900
2019-09-19,217.5800018310547,217.92999267578125,215.05999755859375,215.22999572753906,183.80137634277344,1596200
2019-09-20,214.66000366210938,216.67999267578125,213.6300048828125,213.74000549316406,182.52894592285156,5458900
2019-09-23,212.85000610351562,214.11000061035156,211.55999755859375,213.4600067138672,182.2898406982422,1485500
2019-09-24,214.0399932861328,214.1999969482422,206.8000030517578,207.75,177.41366577148438,2837600
2019-09-25,207.9600067138672,211.08999633789062,207.4499969482422,210.02999877929688,179.36073303222656,1593400
2019-09-26,209.0500030517578,209.97000122070312,208.11000061035156,208.22000122070312,177.81503295898438,1685500
2019-09-27,209.85000610351562,210.5500030517578,208.08999633789062,208.97000122070312,178.45547485351562,1530900
2019-09-30,209.7100067138672,209.7100067138672,206.8300018310547,207.22999572753906,176.96954345703125,1794500
2019-10-01,207.00999450683594,209.3800048828125,202.61000061035156,202.69000244140625,173.09249877929688,3156200
2019-10-02,201.69000244140625,201.8800048828125,197.60000610351562,198.25,169.30087280273438,3386800
2019-10-03,197.61000061035156,198.3699951171875,193.99000549316406,197.24000549316406,168.43838500976562,2914500
2019-10-04,196.99000549316406,201.22999572753906,196.0399932861328,200.8000030517578,171.478515625,3021100
2019-10-07,200.7899932861328,202.52999877929688,199.47000122070312,200.39999389648438,171.1369171142578,2202200
2019-10-08,197.60000610351562,198.9499969482422,195.9199981689453,197.3699951171875,168.54934692382812,2654900
2019-10-09,198.19000244140625,198.97999572753906,196.67999267578125,196.85000610351562,168.10528564453125,2443500
2019-10-10,197.58999633789062,201.32000732421875,197.5399932861328,199.8699951171875,170.68429565429688,2108000
2019-10-11,203.72000122070312,207.2899932861328,203.72000122070312,204.67999267578125,174.79193115234375,3334300
2019-10-14,203.8300018310547,206.1699981689453,202.9199981689453,205.82000732421875,175.76551818847656,2286100
2019-10-15,202.0,208.24000549316406,198.61000061035156,206.4600067138672,176.31202697753906,8241900
2019-10-16,206.1699981689453,208.6199951171875,206.10000610351562,207.4199981689453,177.13182067871094,3405800
2019-10-17,208.2899932861328,208.92999267578125,204.38999938964844,206.4600067138672,176.31202697753906,2876500
2019-10-18,204.99000549316406,208.05999755859375,204.99000549316406,206.52000427246094,176.36325073242188,2207000
2019-10-21,208.6699981689453,210.86000061035156,207.67999267578125,209.25,178.6946258544922,1934900
2019-10-22,209.58999633789062,211.64999389648438,208.30999755859375,209.60000610351562,178.99346923828125,1868000
2019-10-23,209.22000122070312,212.02000427246094,209.0,211.32000732421875,180.46234130859375,1574500
2019-10-24,211.61000061035156,213.14999389648438,209.77999877929688,211.0500030517578,180.23175048828125,1266500
2019-10-25,210.17999267578125,215.4199981689453,210.17999267578125,214.22999572753906,182.94741821289062,2602100
2019-10-28,216.32000732421875,218.9199981689453,215.69000244140625,217.75,185.95338439941406,2707800
2019-10-29,217.22000122070312,219.27999877929688,216.4499969482422,217.63999938964844,185.8594512939453,2030800
2019-10-30,217.02000427246094,217.0500030517578,213.80999755859375,215.80999755859375,184.2966766357422,1584900
2019-10-31,215.14999389648438,215.36000061035156,211.32000732421875,213.3800048828125,182.22157287597656,1876200
2019-11-01,215.25999450683594,217.88999938964844,214.75,217.38999938964844,185.64599609375,2112300
2019-11-04,219.6999969482422,220.69000244140625,218.57000732421875,219.8699951171875,187.76380920410156,2538100
2019-11-05,220.8000030517578,221.77999877929688,218.47000122070312,218.63999938964844,186.71343994140625,2525100
2019-11-06,218.00999450683594,219.07000732421875,216.5500030517578,218.4199981689453,186.5255584716797,1863000
2019-11-07,220.77000427246094,224.77000427246094,220.41000366210938,223.2899932861328,190.6844482421875,3748600
2019-11-08,223.0,223.22999572753906,221.10000610351562,222.91000366210938,190.35992431640625,1610800
2019-11-11,220.89999389648438,221.41000366210938,218.52000427246094,219.02999877929688,187.04649353027344,2754500
2019-11-12,218.55999755859375,221.11000061035156,217.92999267578125,220.41000366210938,188.22500610351562,1891600
2019-11-13,218.38999938964844,219.83999633789062,217.00999450683594,219.32000732421875,187.29415893554688,1756000
2019-11-14,218.7899932861328,220.47000122070312,218.02999877929688,219.42999267578125,187.38804626464844,1483100
2019-11-15,220.0,221.08999633789062,219.0399932861328,220.25,188.0883331298828,1693100
2019-11-18,219.72999572753906,219.9499969482422,218.0399932861328,219.72999572753906,187.64430236816406,1603400
2019-11-19,220.55999755859375,220.67999267578125,218.30999755859375,220.0399932861328,187.90899658203125,1817100
2019-11-20,218.36000061035156,219.47000122070312,216.39999389648438,217.91000366210938,186.09005737304688,2177700
2019-11-21,218.60000610351562,219.32000732421875,216.82000732421875,218.22999572753906,186.36329650878906,1677700
2019-11-22,218.0,220.7100067138672,218.0,220.27999877929688,188.11398315429688,1529100
2019-11-25,220.88999938964844,223.9499969482422,220.88999938964844,222.75,190.2233123779297,2181800
2019-11-26,222.67999267578125,222.75999450683594,221.11000061035156,222.4499969482422,189.96710205078125,1926300
2019-11-27,223.4499969482422,224.27999877929688,221.86000061035156,222.9499969482422,190.39410400390625,1614600
2019-11-29,220.8800048828125,222.0,220.41000366210938,221.35000610351562,190.09353637695312,770400
2019-12-02,220.97000122070312,221.8000030517578,217.0800018310547,217.63999938964844,186.90736389160156,2118500
2019-12-03,215.42999267578125,215.42999267578125,210.0,212.24000549316406,182.26991271972656,3207100
2019-12-04,213.5399932861328,216.99000549316406,212.3800048828125,215.94000244140625,185.44744873046875,1583600
2019-12-05,217.14999389648438,217.6300048828125,215.4199981689453,217.13999938964844,186.47796630859375,1329300
2019-12-06,219.9499969482422,225.39999389648438,218.82000732421875,224.61000061035156,192.89317321777344,4229400
2019-12-09,224.61000061035156,224.64999389648438,221.77000427246094,221.80999755859375,190.48858642578125,2134600
2019-12-10,221.6699981689453,222.8800048828125,220.5500030517578,221.8800048828125,190.54869079589844,1854100
2019-12-11,222.25,222.85000610351562,220.83999633789062,221.19000244140625,189.95608520507812,1778600
2019-12-12,221.91000366210938,226.77999877929688,220.60000610351562,226.0500030517578,194.12982177734375,2974300
2019-12-13,226.72000122070312,227.99000549316406,223.6999969482422,225.0,193.22811889648438,1908200
2019-12-16,228.5,230.6999969482422,227.8699951171875,228.0399932861328,195.8388214111328,3218400
2019-12-17,230.0,232.07000732421875,228.8000030517578,231.14999389648438,198.50970458984375,3590000
2019-12-18,231.97000122070312,232.1999969482422,229.94000244140625,230.4499969482422,197.90853881835938,2280800
2019-12-19,230.9499969482422,231.38999938964844,228.9600067138672,229.94000244140625,197.47055053710938,2418100
2019-12-20,230.9600067138672,231.2899932861328,228.6199951171875,228.92999267578125,196.60313415527344,3715500
2019-12-23,229.66000366210938,230.47999572753906,228.41000366210938,229.08999633789062,196.7405548095703,1670400
2019-12-24,228.97999572753906,229.9499969482422,228.3699951171875,229.91000366210938,197.44480895996094,467700
2019-12-26,230.25999450683594,232.1999969482422,229.99000549316406,231.2100067138672,198.5611572265625,1704000
2019-12-27,231.80999755859375,232.2100067138672,230.47000122070312,230.66000366210938,198.08888244628906,1343900
2019-12-30,231.67999267578125,231.67999267578125,229.5,229.8000030517578,197.350341796875,1494500
2019-12-31,229.7100067138672,229.97000122070312,228.6699981689453,229.92999267578125,197.46192932128906,1447200
2020-01-02,231.0,234.63999938964844,230.16000366210938,234.32000732421875,201.2320556640625,3736300
2020-01-03,231.60000610351562,232.61000061035156,230.3000030517578,231.5800018310547,198.87893676757812,2274500
2020-01-06,229.92999267578125,234.02000427246094,229.49000549316406,233.9499969482422,200.91427612304688,3329300
2020-01-07,235.0,237.77000427246094,234.75999450683594,235.49000549316406,202.23687744140625,5255200
2020-01-08,235.67999267578125,239.75,235.47999572753906,237.75999450683594,204.18630981445312,3564700
2020-01-09,241.33999633789062,243.39999389648438,239.82000732421875,242.60000610351562,208.34286499023438,3980700
2020-01-10,242.75,243.38999938964844,241.38999938964844,242.11000061035156,207.9219970703125,2248100
2020-01-13,244.44000244140625,246.11000061035156,243.0,245.2100067138672,210.5842742919922,3359200
2020-01-14,245.32000732421875,248.52000427246094,244.60000610351562,245.66000366210938,210.97073364257812,4302800
2020-01-15,242.0,249.5,239.16000366210938,245.2100067138672,210.5842742919922,5411200
2020-01-16,247.00999450683594,249.82000732421875,246.22999572753906,249.72000122070312,214.45738220214844,3968400
2020-01-17,250.22999572753906,250.4600067138672,248.0,249.4600067138672,214.234130859375,3108400
2020-01-21,247.2100067138672,248.85000610351562,245.60000610351562,245.6999969482422,211.00511169433594,2492400
2020-01-22,246.61000061035156,248.52000427246094,246.33999633789062,247.0500030517578,212.16444396972656,2030900
2020-01-23,244.5,247.0,242.8800048828125,245.5800018310547,210.9020233154297,2806800
2020-01-24,245.07000732421875,245.7100067138672,240.60000610351562,241.9199981689453,207.7588653564453,2877400
2020-01-27,236.3699951171875,238.99000549316406,235.00999450683594,238.13999938964844,204.51260375976562,2506200
2020-01-28,239.49000549316406,243.5800018310547,238.0500030517578,242.5800018310547,208.32566833496094,3123000
2020-01-29,244.52000427246094,246.5,239.57000732421875,240.1199951171875,206.21302795410156,3711600
2020-01-30,237.69000244140625,244.33999633789062,236.72999572753906,244.1300048828125,209.6567840576172,3261700
2020-01-31,241.99000549316406,242.88999938964844,236.8800048828125,237.75,204.17771911621094,3482800
2020-02-03,238.36000061035156,242.38999938964844,238.0500030517578,239.00999450683594,205.25973510742188,2733000
2020-02-04,242.8800048828125,243.74000549316406,241.5500030517578,241.94000244140625,207.77606201171875,3052500
2020-02-05,244.99000549316406,245.1300048828125,243.0,244.3000030517578,209.8027801513672,3126600
2020-02-06,245.35000610351562,245.77000427246094,241.17999267578125,241.82000732421875,207.67294311523438,2225600
2020-02-07,239.75,240.52000427246094,236.5500030517578,238.0,204.39239501953125,3006500
2020-02-10,237.39999389648438,237.8699951171875,235.4600067138672,237.36000061035156,203.84280395507812,2591300
2020-02-11,239.0,239.5500030517578,236.22000122070312,236.4600067138672,203.06983947753906,2238800
2020-02-12,238.00999450683594,241.17999267578125,237.72000122070312,238.64999389648438,204.95062255859375,2119200
2020-02-13,237.85000610351562,238.97000122070312,236.57000732421875,238.35000610351562,204.69296264648438,1461300
2020-02-14,237.94000244140625,239.00999450683594,236.22999572753906,237.0800018310547,203.60232543945312,1718700
2020-02-18,236.5500030517578,237.07000732421875,231.1999969482422,233.2100067138672,200.27879333496094,2736500
2020-02-19,235.0,237.8000030517578,233.27999877929688,237.3300018310547,203.81698608398438,2207100
2020-02-20,236.41000366210938,236.89999389648438,231.25,232.72999572753906,199.86659240722656,3183700
2020-02-21,230.91000366210938,231.8000030517578,228.3699951171875,230.6199951171875,198.05450439453125,3081600
2020-02-24,223.22999572753906,226.69000244140625,222.5399932861328,224.5399932861328,192.83303833007812,4139400
2020-02-25,224.77999877929688,225.8699951171875,215.88999938964844,217.61000061035156,186.88160705566406,5343100
2020-02-26,218.6999969482422,220.0,214.75999450683594,215.77999877929688,185.31002807617188,4171100
2020-02-27,210.49000549316406,213.47999572753906,205.3699951171875,205.69000244140625,176.64483642578125,5848200
2020-02-28,199.08999633789062,202.25,194.85000610351562,200.77000427246094,173.4738311767578,6727100
2020-03-02,201.41000366210938,209.6199951171875,197.6300048828125,209.47000122070312,180.99099731445312,5285500
2020-03-03,209.0,211.7899932861328,202.1199951171875,203.42999267578125,175.7721405029297,5677200
2020-03-04,205.83999633789062,208.9199981689453,202.6999969482422,208.74000549316406,180.36026000976562,3520400
2020-03-05,201.3300018310547,203.47000122070312,196.9499969482422,198.7899932861328,171.7629852294922,4151500
2020-03-06,190.67999267578125,196.3000030517578,189.27999877929688,192.85000610351562,166.6305694580078,5071900
2020-03-09,173.5800018310547,179.25,170.16000366210938,172.80999755859375,149.31520080566406,6443000
2020-03-10,181.6199951171875,185.39999389648438,173.2899932861328,184.35000610351562,159.2862091064453,6803900
2020-03-11,178.47999572753906,180.77000427246094,170.97000122070312,171.88999938964844,148.520263671875,5314000
2020-03-12,160.0,166.75,150.0,150.67999267578125,130.19390869140625,8357700
2020-03-13,162.82000732421875,177.55999755859375,152.35000610351562,177.1699981689453,153.08242797851562,6368400
2020-03-16,150.22999572753906,169.5399932861328,150.0,154.66000366210938,133.6328125,6888000
2020-03-17,157.0,166.74000549316406,150.0,158.6699981689453,137.0976104736328,6876300
2020-03-18,150.0,155.97000122070312,135.41000366210938,140.02000427246094,120.98323822021484,9543200
2020-03-19,137.3800048828125,152.49000549316406,130.85000610351562,149.49000549316406,129.1657257080078,6548200
2020-03-20,148.99000549316406,149.19000244140625,138.2899932861328,138.41000366210938,119.59209442138672,7561300
2020-03-23,136.02999877929688,141.94000244140625,133.25999450683594,134.97000122070312,116.61981964111328,5472600
2020-03-24,144.32000732421875,153.89999389648438,143.6300048828125,153.60000610351562,132.71693420410156,6647400
2020-03-25,154.60000610351562,162.2100067138672,145.32000732421875,155.1300048828125,134.0388946533203,8587800
2020-03-26,156.3699951171875,167.66000366210938,154.30999755859375,165.7899932861328,143.24960327148438,6762200
2020-03-27,159.0800018310547,163.72999572753906,157.0,158.33999633789062,136.8124542236328,4186700
2020-03-30,158.52000427246094,160.42999267578125,153.17999267578125,159.6199951171875,137.91847229003906,4152800
2020-03-31,158.1300048828125,161.10000610351562,153.72000122070312,154.58999633789062,133.5723114013672,3588200
2020-04-01,146.10000610351562,149.57000732421875,145.0,145.2899932861328,125.53672790527344,4689100
2020-04-02,143.02000427246094,150.4499969482422,141.6699981689453,149.92999267578125,129.54586791992188,4446900
2020-04-03,149.1999969482422,150.9199981689453,145.22999572753906,146.92999267578125,126.9537582397461,2801600
2020-04-06,155.47000122070312,158.92999267578125,153.77000427246094,158.22999572753906,136.7174530029297,4689400
2020-04-07,166.0,169.13999938964844,162.4499969482422,166.02000427246094,143.4483184814453,4953500
2020-04-08,168.5500030517578,178.10000610351562,168.5500030517578,176.9600067138672,152.90097045898438,5194800
2020-04-09,180.5800018310547,187.3300018310547,179.77000427246094,184.25999450683594,159.2084503173828,6445800
2020-04-13,183.85000610351562,184.97000122070312,179.1300048828125,179.17999267578125,154.819091796875,4774300
2020-04-14,182.35000610351562,183.3800048828125,174.5399932861328,178.22999572753906,153.99830627441406,4149600
2020-04-15,170.6300048828125,181.67999267578125,169.14999389648438,178.52000427246094,154.24884033203125,6042700
2020-04-16,177.22000122070312,178.44000244140625,172.38999938964844,177.0399932861328,152.97007751464844,4662200
2020-04-17,183.49000549316406,185.27999877929688,178.2899932861328,183.49000549316406,158.54315185546875,5426700
2020-04-20,179.6999969482422,186.32000732421875,178.02000427246094,180.39999389648438,155.87330627441406,4674800
2020-04-21,175.44000244140625,179.1999969482422,173.66000366210938,173.80999755859375,150.17922973632812,3819000
2020-04-22,177.5,178.17999267578125,174.47000122070312,175.97999572753906,152.05418395996094,2314500
2020-04-23,177.0,179.07000732421875,174.4499969482422,175.0500030517578,151.2506561279297,2013300
2020-04-24,177.0,177.9499969482422,173.49000549316406,177.0,152.93553161621094,2024400
2020-04-27,179.10000610351562,184.25,178.72000122070312,183.5399932861328,158.5863037109375,2743100
2020-04-28,189.16000366210938,190.4199981689453,184.8699951171875,187.00999450683594,161.58457946777344,3344700
2020-04-29,192.61000061035156,193.72000122070312,189.57000732421875,190.02999877929688,164.19398498535156,3086300
2020-04-30,186.0,187.5500030517578,182.89999389648438,183.4199981689453,158.482666015625,2695400
2020-05-01,179.0,179.60000610351562,176.64999389648438,177.10000610351562,153.02191162109375,2650200
2020-05-04,175.0,176.30999755859375,171.72000122070312,176.02999877929688,152.09738159179688,2990100
2020-05-05,179.10000610351562,182.60000610351562,178.13999938964844,178.3000030517578,154.05874633789062,3272600
2020-05-06,179.67999267578125,181.1999969482422,175.2100067138672,176.9199981689453,152.8663787841797,2408700
2020-05-07,179.17999267578125,183.3800048828125,179.17999267578125,182.32000732421875,157.53221130371094,2480100
2020-05-08,185.02999877929688,185.91000366210938,182.74000549316406,185.38999938964844,160.18482971191406,2277500
2020-05-11,182.5399932861328,184.85000610351562,181.25999450683594,183.16000366210938,158.25802612304688,2212200
2020-05-12,183.88999938964844,184.3000030517578,176.75,177.2100067138672,153.11697387695312,3549200
2020-05-13,175.66000366210938,176.8800048828125,170.75999450683594,171.8000030517578,148.4424591064453,3445300
2020-05-14,169.0399932861328,174.77999877929688,165.36000061035156,174.4499969482422,150.73219299316406,4176700
2020-05-15,173.47999572753906,174.08999633789062,170.5800018310547,171.8699951171875,148.5029754638672,2867800
2020-05-18,177.7100067138672,183.10000610351562,175.24000549316406,181.8800048828125,157.15203857421875,4505800
2020-05-19,180.55999755859375,182.19000244140625,177.72000122070312,177.8300018310547,153.65264892578125,2210500
2020-05-20,180.9499969482422,183.8300018310547,180.3000030517578,181.44000244140625,156.77183532714844,2599900
2020-05-21,180.1999969482422,181.1699981689453,177.67999267578125,180.10000610351562,155.61404418945312,2153500
2020-05-22,180.02999877929688,180.63999938964844,178.05999755859375,179.92999267578125,155.46717834472656,2176400
2020-05-26,185.6300048828125,197.10000610351562,185.22000122070312,196.05999755859375,169.40419006347656,5971200
2020-05-27,203.0,210.7100067138672,200.00999450683594,209.66000366210938,181.15518188476562,8182100
2020-05-28,210.83999633789062,211.30999755859375,201.2100067138672,201.22000122070312,173.86264038085938,4886100
2020-05-29,197.22999572753906,200.9199981689453,194.64999389648438,196.49000549316406,170.8369903564453,3822600
2020-06-01,197.30999755859375,201.77000427246094,195.1199951171875,199.92999267578125,173.82785034179688,2230800
2020-06-02,203.77000427246094,206.5,201.32000732421875,204.13999938964844,177.4882049560547,4128700
2020-06-03,208.49000549316406,211.92999267578125,206.42999267578125,210.57000732421875,183.07876586914062,3471900
2020-06-04,208.7899932861328,214.99000549316406,207.9600067138672,214.82000732421875,186.7738800048828,3522300
2020-06-05,222.0,222.97999572753906,217.66000366210938,217.9199981689453,189.46917724609375,4737600
2020-06-08,220.02000427246094,222.25999450683594,218.24000549316406,220.80999755859375,191.98182678222656,3260300
2020-06-09,215.74000549316406,220.02000427246094,215.16000366210938,218.10000610351562,189.62567138671875,2478400
2020-06-10,217.38999938964844,219.85000610351562,212.8000030517578,213.52000427246094,185.64358520507812,3091200
2020-06-11,204.6999969482422,206.89999389648438,194.02000427246094,194.1300048828125,168.78506469726562,4923400
2020-06-12,200.6199951171875,202.94000244140625,196.2100067138672,201.77999877929688,175.4363250732422,3380800
2020-06-15,195.72999572753906,206.99000549316406,195.14999389648438,206.30999755859375,179.37489318847656,3467400
2020-06-16,214.97999572753906,214.97999572753906,203.72999572753906,209.58999633789062,182.22665405273438,3099100
2020-06-17,210.0,210.7899932861328,205.44000244140625,206.19000244140625,179.2705841064453,1798300
2020-06-18,203.99000549316406,207.25999450683594,202.6699981689453,203.83999633789062,177.2273712158203,2051700
2020-06-19,207.0500030517578,207.4199981689453,200.97000122070312,201.6300048828125,175.30589294433594,4962400
2020-06-22,200.99000549316406,204.5800018310547,200.0,203.4199981689453,176.86219787597656,1806900
2020-06-23,206.5,207.50999450683594,203.63999938964844,204.77999877929688,178.04464721679688,2451800
2020-06-24,202.33999633789062,202.61000061035156,197.3800048828125,198.02000427246094,172.16722106933594,2756700
2020-06-25,197.86000061035156,207.38999938964844,197.61000061035156,207.10000610351562,180.06175231933594,3466500
2020-06-26,199.0,200.24000549316406,188.50999450683594,189.19000244140625,164.49002075195312,9530700
2020-06-29,191.3800048828125,193.89999389648438,188.66000366210938,193.47000122070312,168.2112579345703,3736000
2020-06-30,193.83999633789062,198.41000366210938,193.6199951171875,197.6199951171875,171.81942749023438,3102800
2020-07-01,198.8800048828125,199.74000549316406,195.52000427246094,197.57000732421875,171.77597045898438,2620100
2020-07-02,202.5,203.0,197.1300048828125,197.39999389648438,171.62815856933594,2699400
2020-07-06,201.33999633789062,207.7899932861328,201.1300048828125,207.36000061035156,180.28781127929688,3567700
2020-07-07,205.5,205.7100067138672,199.19000244140625,199.36000061035156,173.33224487304688,2853500
2020-07-08,199.5399932861328,203.25,199.02000427246094,202.25,175.84498596191406,2789700
2020-07-09,202.11000061035156,202.5,195.0,196.8300018310547,171.13258361816406,3160100
2020-07-10,196.8699951171875,206.32000732421875,196.8300018310547,205.55999755859375,178.72280883789062,4414800
2020-07-13,209.0,212.97999572753906,207.0,208.8800048828125,181.609375,4449600
2020-07-14,211.42999267578125,214.3000030517578,207.00999450683594,214.00999450683594,186.069580078125,5202000
2020-07-15,224.3699951171875,225.24000549316406,214.69000244140625,216.89999389648438,188.58229064941406,12516700
2020-07-16,213.50999450683594,220.4600067138672,213.5,214.6699981689453,186.64346313476562,5769600
2020-07-17,214.89999389648438,215.1699981689453,211.25,211.41000366210938,183.80906677246094,3614300
2020-07-20,210.72999572753906,213.1699981689453,210.25,211.7100067138672,184.06985473632812,2268700
2020-07-21,212.25,213.80999755859375,210.38999938964844,212.02000427246094,184.3394317626953,3393500
2020-07-22,210.5,211.0,205.35000610351562,206.0,179.1053466796875,4978400
2020-07-23,205.10000610351562,206.02000427246094,202.0500030517578,203.02000427246094,176.51443481445312,4088600
2020-07-24,203.0,204.92999267578125,201.32000732421875,201.47000122070312,175.16677856445312,3191500
2020-07-27,200.10000610351562,204.17999267578125,199.58999633789062,203.02000427246094,176.51443481445312,2601200
2020-07-28,201.91000366210938,203.60000610351562,201.08999633789062,201.6199951171875,175.29714965820312,2139600
2020-07-29,201.6999969482422,203.88999938964844,199.6199951171875,202.5800018310547,176.13185119628906,2635000
2020-07-30,199.5,199.99000549316406,196.3000030517578,199.52999877929688,173.48004150390625,3057900
2020-07-31,199.83999633789062,199.83999633789062,196.50999450683594,197.9600067138672,172.1150665283203,2399700
2020-08-03,198.49000549316406,199.8800048828125,196.52999877929688,199.38999938964844,173.35833740234375,2294600
2020-08-04,199.35000610351562,201.72000122070312,198.47999572753906,201.63999938964844,175.31459045410156,1944700
2020-08-05,203.1699981689453,204.80999755859375,203.00999450683594,204.52000427246094,177.818603515625,2232400
2020-08-06,205.0,206.2899932861328,203.8300018310547,204.25,177.58383178710938,1882400
2020-08-07,203.47999572753906,208.8000030517578,202.4499969482422,208.27000427246094,181.07901000976562,3075000
2020-08-10,209.58999633789062,210.63999938964844,208.0399932861328,209.3800048828125,182.0440673828125,2432800
2020-08-11,212.72000122070312,216.9499969482422,210.52999877929688,211.05999755859375,183.50477600097656,4042700
2020-08-12,214.6999969482422,215.9499969482422,209.27000427246094,212.1300048828125,184.43505859375,2439400
2020-08-13,210.41000366210938,212.1999969482422,207.69000244140625,208.38999938964844,181.18331909179688,2219900
2020-08-14,207.4600067138672,209.47999572753906,206.61000061035156,207.97000122070312,180.81814575195312,2287600
2020-08-17,207.0,207.85000610351562,202.52999877929688,203.07000732421875,176.55789184570312,3922600
2020-08-18,203.4499969482422,203.5800018310547,201.10000610351562,201.30999755859375,175.02769470214844,3067900
2020-08-19,202.39999389648438,206.10000610351562,201.77000427246094,203.02000427246094,176.51443481445312,2458500
2020-08-20,200.75999450683594,203.27999877929688,200.33999633789062,201.85000610351562,175.4971923828125,1764200
2020-08-21,200.11000061035156,203.35000610351562,199.82000732421875,202.42999267578125,176.00144958496094,1780900
2020-08-24,203.11000061035156,207.42999267578125,201.32000732421875,207.33999633789062,180.27040100097656,3097400
2020-08-25,209.99000549316406,210.49000549316406,205.1699981689453,206.0,179.1053466796875,2627600
2020-08-26,205.88999938964844,207.27999877929688,205.02999877929688,207.22000122070312,180.16610717773438,2563200
2020-08-27,206.67999267578125,213.0,206.41000366210938,210.14999389648438,182.7135772705078,3692400
2020-08-28,211.88999938964844,212.0,207.08999633789062,207.7100067138672,180.59207153320312,3697400
2020-08-31,205.5,206.41000366210938,203.6300048828125,204.8699951171875,179.2012939453125,3046200
2020-09-01,203.60000610351562,206.7100067138672,203.00999450683594,205.4600067138672,179.7174072265625,2457000
2020-09-02,205.7899932861328,210.92999267578125,205.3699951171875,210.0399932861328,183.72354125976562,3565200
2020-09-03,211.75,215.22999572753906,205.8300018310547,207.55999755859375,181.55430603027344,3533500
2020-09-04,210.88999938964844,213.35000610351562,205.32000732421875,210.94000244140625,184.5108184814453,3668900
2020-09-08,209.50999450683594,209.9600067138672,201.27000427246094,202.47999572753906,177.1107940673828,4574700
2020-09-09,204.19000244140625,204.8300018310547,202.02999877929688,202.22000122070312,176.88336181640625,4681400
2020-09-10,203.72999572753906,205.35000610351562,199.5500030517578,200.00999450683594,174.95025634765625,2510300
2020-09-11,200.24000549316406,201.91000366210938,198.9499969482422,200.9199981689453,175.74624633789062,2376400
2020-09-14,203.3000030517578,203.3000030517578,200.6699981689453,201.33999633789062,176.1136016845703,2756900
2020-09-15,202.0,202.58999633789062,197.97999572753906,198.0,173.19207763671875,3717600
2020-09-16,198.49000549316406,203.8000030517578,198.07000732421875,200.67999267578125,175.5363006591797,3571400
2020-09-17,198.2100067138672,199.88999938964844,194.50999450683594,194.8300018310547,170.41928100585938,4274800
2020-09-18,195.00999450683594,196.64999389648438,192.3800048828125,194.86000061035156,170.44554138183594,9066300
2020-09-21,189.89999389648438,194.1699981689453,187.47000122070312,194.0,169.69325256347656,4871300
2020-09-22,194.0,196.13999938964844,188.42999267578125,191.6199951171875,167.61141967773438,3355800
2020-09-23,192.0,192.9199981689453,185.8699951171875,186.1199951171875,162.80055236816406,3116100
2020-09-24,188.97999572753906,197.4600067138672,187.0500030517578,195.11000061035156,170.66419982910156,5114600
2020-09-25,192.9600067138672,195.38999938964844,189.61000061035156,194.9499969482422,170.52420043945312,3106000
2020-09-28,197.77999877929688,201.8699951171875,197.14999389648438,199.07000732421875,174.12799072265625,3280100
2020-09-29,198.16000366210938,198.77000427246094,195.42999267578125,196.7899932861328,172.1336669921875,2400000
2020-09-30,198.67999267578125,203.0800018310547,198.36000061035156,200.97000122070312,175.78994750976562,3075800
2020-10-01,201.52999877929688,203.1300048828125,197.8699951171875,198.5500030517578,173.6731719970703,2288700
2020-10-02,195.33999633789062,200.6999969482422,195.2899932861328,199.89999389648438,174.85401916503906,2541200
2020-10-05,201.92999267578125,202.83999633789062,199.58999633789062,201.8000030517578,176.5159912109375,2551600
2020-10-06,204.25,206.08999633789062,199.89999389648438,201.08999633789062,175.89495849609375,2833100
2020-10-07,203.89999389648438,205.0,201.1699981689453,203.60000610351562,178.09042358398438,2326600
2020-10-08,205.14999389648438,208.16000366210938,204.11000061035156,207.97999572753906,181.92161560058594,2330600
2020-10-09,208.75999450683594,209.80999755859375,206.07000732421875,207.5399932861328,181.53680419921875,3040900
2020-10-12,207.41000366210938,214.88999938964844,207.41000366210938,214.1199951171875,187.29237365722656,3474200
2020-10-13,214.00999450683594,214.11000061035156,209.17999267578125,210.80999755859375,184.39707946777344,3317300
2020-10-14,213.8800048828125,214.4499969482422,210.27000427246094,211.22999572753906,184.76449584960938,7550100
2020-10-15,209.5800018310547,210.72999572753906,206.89999389648438,208.60000610351562,182.46397399902344,4325700
2020-10-16,208.32000732421875,210.0,205.80999755859375,206.2100067138672,180.37342834472656,3244500
2020-10-19,207.38999938964844,207.91000366210938,204.58999633789062,205.69000244140625,179.9186248779297,3235300
2020-10-20,206.6999969482422,211.3800048828125,206.47000122070312,208.02999877929688,181.9654083251953,3335500
2020-10-21,207.38999938964844,207.9499969482422,202.00999450683594,202.91000366210938,177.4868927001953,3083600
2020-10-22,203.1999969482422,206.3699951171875,202.1999969482422,205.39999389648438,179.6649169921875,2136900
2020-10-23,206.75999450683594,208.2100067138672,204.02000427246094,205.0399932861328,179.35000610351562,2110200
2020-10-26,202.49000549316406,202.80999755859375,198.50999450683594,201.13999938964844,175.9386444091797,3249700
2020-10-27,200.0,200.58999633789062,195.41000366210938,195.67999267578125,171.16281127929688,3430400
2020-10-28,191.30999755859375,193.3699951171875,188.94000244140625,189.77000427246094,165.99327087402344,4214600
2020-10-29,189.8000030517578,192.35000610351562,186.89999389648438,189.94000244140625,166.14193725585938,3581200
2020-10-30,189.50999450683594,190.39999389648438,185.52000427246094,189.0399932861328,165.35467529296875,3658800
2020-11-02,192.0,192.6999969482422,188.22999572753906,190.1999969482422,166.36936950683594,2459600
2020-11-03,193.94000244140625,199.0,193.22000122070312,197.92999267578125,173.1308135986328,4545500
2020-11-04,196.25,200.82000732421875,194.89999389648438,197.8699951171875,173.078369140625,3868500
2020-11-05,199.64999389648438,204.1199951171875,199.05999755859375,202.9600067138672,177.5306396484375,2892800
2020-11-06,204.33999633789062,204.38999938964844,200.4199981689453,201.25999450683594,176.0436248779297,2475100
2020-11-09,214.49000549316406,218.0,209.3699951171875,214.92999267578125,188.0009002685547,6960500
2020-11-10,215.25,218.3800048828125,211.17999267578125,217.47000122070312,190.22267150878906,4166500
2020-11-11,218.63999938964844,219.9199981689453,215.02999877929688,218.0500030517578,190.72994995117188,2680700
2020-11-12,215.22000122070312,216.86000061035156,212.39999389648438,214.50999450683594,187.6334686279297,3005500
2020-11-13,215.85000610351562,220.9600067138672,215.41000366210938,219.0800018310547,191.63095092773438,2832100
2020-11-16,223.52999877929688,224.60000610351562,220.02999877929688,222.3800048828125,194.51748657226562,3004700
2020-11-17,220.02000427246094,224.85000610351562,218.3300018310547,224.64999389648438,196.50299072265625,2722900
2020-11-18,225.0,227.72000122070312,223.50999450683594,224.3000030517578,196.19692993164062,2856200
2020-11-19,224.3000030517578,224.94000244140625,222.11000061035156,224.57000732421875,196.43304443359375,1505200
2020-11-20,223.0,224.80999755859375,222.6300048828125,223.35000610351562,195.36593627929688,1848100
2020-11-23,226.05999755859375,230.0,225.72999572753906,228.8300018310547,200.15933227539062,3371300
2020-11-24,231.10000610351562,238.1199951171875,230.6300048828125,237.5,207.74301147460938,3915200
2020-11-25,235.0,237.4499969482422,232.42999267578125,236.5399932861328,206.90328979492188,2272800
2020-11-27,237.0,237.3000030517578,233.7899932861328,235.39999389648438,205.9061279296875,1050400
2020-11-30,232.0500030517578,235.0,230.36000061035156,230.5800018310547,201.69003295898438,2705400
2020-12-01,231.9600067138672,234.8699951171875,231.35000610351562,232.0800018310547,204.10862731933594,2577600
2020-12-02,232.0800018310547,238.1300048828125,231.5800018310547,237.64999389648438,209.0072784423828,2136300
2020-12-03,237.2899932861328,238.85000610351562,234.63999938964844,235.47000122070312,207.0900115966797,2142600
2020-12-04,237.6999969482422,239.75,236.9499969482422,239.5800018310547,210.7046661376953,2373000
2020-12-07,238.5399932861328,239.85000610351562,235.4499969482422,238.4499969482422,209.7108612060547,1788600
2020-12-08,237.00999450683594,239.19000244140625,236.5800018310547,238.83999633789062,210.0538787841797,1371800
2020-12-09,240.0,245.36000061035156,239.52999877929688,242.82000732421875,213.55413818359375,3552300
2020-12-10,240.0,245.17999267578125,239.50999450683594,244.39999389648438,214.94371032714844,2541700
2020-12-11,240.80999755859375,241.1999969482422,237.10000610351562,239.99000549316406,211.0652618408203,2077300
2020-12-14,243.27999877929688,243.5,237.38999938964844,237.7899932861328,209.1304473876953,1927800
2020-12-15,239.5,243.61000061035156,237.19000244140625,242.42999267578125,213.2111358642578,2348000
2020-12-16,243.55999755859375,243.89999389648438,241.1199951171875,243.77000427246094,214.3896942138672,2400900
2020-12-17,245.0,245.92999267578125,243.0,244.42999267578125,214.9701385498047,2983600
2020-12-18,245.38999938964844,245.38999938964844,240.55999755859375,242.1300048828125,212.94735717773438,4088100
2020-12-21,250.2899932861328,260.8500061035156,248.75999450683594,256.9800109863281,226.0075225830078,7408500
2020-12-22,256.8599853515625,257.70001220703125,249.8000030517578,250.08999633789062,219.94793701171875,3599800
2020-12-23,251.5,260.5799865722656,251.3000030517578,256.45001220703125,225.5414276123047,3376100
2020-12-24,257.0400085449219,257.6199951171875,253.75,256.1600036621094,225.28636169433594,968100
2020-12-28,257.80999755859375,262.6499938964844,257.0,259.5899963378906,228.30296325683594,2793400
2020-12-29,260.260009765625,260.8599853515625,256.5,258.010009765625,226.91339111328125,1430900
2020-12-30,258.80999755859375,260.6499938964844,257.8299865722656,259.45001220703125,228.17987060546875,1566500
2020-12-31,258.79998779296875,263.92999267578125,258.0,263.7099914550781,231.9263916015625,2043100
2021-01-04,267.0,267.5799865722656,260.1600036621094,265.0,233.0609588623047,3572000
2021-01-05,263.8800048828125,273.5,262.57000732421875,270.92999267578125,238.2761993408203,4207100
2021-01-06,276.2900085449219,288.3800048828125,273.1000061035156,285.54998779296875,251.1340789794922,6383500
2021-01-07,287.7699890136719,295.8900146484375,286.67999267578125,291.6499938964844,256.4989318847656,4009700
2021-01-08,292.0,292.2799987792969,285.05999755859375,290.0799865722656,255.11819458007812,2800800
2021-01-11,286.79998779296875,295.0,284.20001220703125,293.8299865722656,258.41619873046875,2649700
2021-01-12,297.1400146484375,303.9800109863281,296.0199890136719,302.2099914550781,265.78619384765625,4814400
2021-01-13,300.0799865722656,303.7200012207031,299.1000061035156,302.94000244140625,266.4282531738281,2413800
2021-01-14,304.04998779296875,309.4100036621094,303.5400085449219,307.8699951171875,270.7640686035156,3192200
2021-01-15,301.19000244140625,304.8599853515625,296.8800048828125,301.010009765625,264.73089599609375,3863700
2021-01-19,305.0,306.6000061035156,293.79998779296875,294.20001220703125,258.74163818359375,6727800
2021-01-20,295.82000732421875,297.45001220703125,287.4800109863281,290.4700012207031,255.46115112304688,4792600
2021-01-21,290.45001220703125,292.739990234375,288.5299987792969,289.3699951171875,254.49371337890625,2516000
2021-01-22,286.69000244140625,290.5899963378906,285.5,289.3900146484375,254.51132202148438,2568800
2021-01-25,285.5299987792969,286.3500061035156,277.5,283.0400085449219,248.9267120361328,4575000
2021-01-26,283.92999267578125,285.7699890136719,280.0799865722656,281.760009765625,247.80093383789062,3296800
2021-01-27,276.0,277.3699951171875,271.32000732421875,273.3299865722656,240.386962890625,3891800
2021-01-28,274.6099853515625,279.8299865722656,271.3299865722656,275.0199890136719,241.87327575683594,3778700
2021-01-29,274.2699890136719,277.3999938964844,270.6199951171875,271.1700134277344,238.48731994628906,3412000
2021-02-01,272.6600036621094,276.79998779296875,272.0,274.7300109863281,241.6182098388672,2324100
2021-02-02,278.32000732421875,288.25,278.0,286.9700012207031,252.38296508789062,5195500
2021-02-03,286.6099853515625,289.80999755859375,285.17999267578125,288.54998779296875,253.77255249023438,2712800
2021-02-04,290.0,295.8299865722656,289.5199890136719,293.75,258.3458251953125,2994700
2021-02-05,295.0,297.239990234375,292.19000244140625,293.5,258.12603759765625,2938100
2021-02-08,295.0,300.8900146484375,294.5,300.1499938964844,263.9744873046875,2826200
2021-02-09,299.6000061035156,302.45001220703125,297.70001220703125,300.4599914550781,264.2470703125,2071700
2021-02-10,300.0,305.17999267578125,297.75,304.2799987792969,267.6068420410156,3213700
2021-02-11,303.9800109863281,305.010009765625,299.1700134277344,302.32000732421875,265.8830261230469,2159900
2021-02-12,301.989990234375,306.70001220703125,301.7699890136719,306.32000732421875,269.40087890625,1977300
2021-02-16,310.0,312.9200134277344,309.2200012207031,311.9599914550781,274.3611145019531,2792200
2021-02-17,310.0299987792969,314.9800109863281,308.760009765625,312.739990234375,275.047119140625,2333100
2021-02-18,309.2200012207031,314.5,307.5799865722656,309.8999938964844,272.5493469238281,2093300
2021-02-19,310.2300109863281,316.7799987792969,310.2300109863281,315.6199951171875,277.5799865722656,2749500
2021-02-22,313.0,320.55999755859375,312.2099914550781,316.8699951171875,278.6793518066406,3162300
2021-02-23,317.9800109863281,320.0,310.5799865722656,319.2099914550781,280.73724365234375,2942500
2021-02-24,320.1700134277344,330.9700012207031,320.1000061035156,330.6400146484375,290.78973388671875,3934400
2021-02-25,333.3299865722656,335.80999755859375,326.2900085449219,327.760009765625,288.2568359375,4244000
2021-02-26,325.7699890136719,328.67999267578125,319.0400085449219,319.4800109863281,280.9747619628906,3732200
2021-03-01,325.0,331.0400085449219,323.30999755859375,329.9200134277344,291.2961120605469,2957800
2021-03-02,330.0,336.19000244140625,329.510009765625,330.94000244140625,292.1968078613281,2850300
2021-03-03,333.67999267578125,340.1000061035156,333.25,334.42999267578125,295.2781677246094,3606300
2021-03-04,333.1300048828125,339.760009765625,323.9200134277344,329.2900085449219,290.7398986816406,3647600
2021-03-05,335.5799865722656,335.5799865722656,316.4599914550781,327.3699951171875,289.044677734375,3740200
2021-03-08,331.3599853515625,337.5899963378906,329.1000061035156,334.19000244140625,295.0663146972656,2998000
2021-03-09,328.6199951171875,336.3900146484375,325.57000732421875,330.5899963378906,291.8877868652344,3324800
2021-03-10,332.07000732421875,342.3999938964844,331.5299987792969,342.0199890136719,301.9795837402344,3153100
2021-03-11,338.6600036621094,345.0,336.4599914550781,342.1000061035156,302.05029296875,2756600
2021-03-12,345.2200012207031,350.0,343.6400146484375,348.80999755859375,307.9747314453125,2436700
2021-03-15,349.44000244140625,352.4200134277344,342.0,346.04998779296875,305.5378723144531,2276200
2021-03-16,345.2799987792969,346.8999938964844,337.75,341.7099914550781,301.7059020996094,2332600
2021-03-17,344.6199951171875,347.0299987792969,340.3999938964844,344.95001220703125,304.566650390625,2710900
2021-03-18,350.75,356.8500061035156,346.989990234375,348.0,307.259521484375,3713000
2021-03-19,346.4200134277344,347.239990234375,340.6300048828125,344.20001220703125,303.90447998046875,3513000
2021-03-22,341.05999755859375,342.8800048828125,336.0,339.3299865722656,299.60455322265625,2094500
2021-03-23,337.6199951171875,341.8900146484375,331.3299865722656,331.7699890136719,292.9296569824219,2457500
2021-03-24,333.4200134277344,336.94000244140625,328.44000244140625,328.6499938964844,290.1749572753906,3332200
2021-03-25,327.3500061035156,331.3900146484375,321.9200134277344,330.54998779296875,291.8524169921875,2804700
2021-03-26,334.510009765625,335.45001220703125,322.69000244140625,327.3900146484375,289.0623779296875,3082600
2021-03-29,320.3500061035156,327.760009765625,317.7200012207031,325.7300109863281,287.59674072265625,4533200
2021-03-30,329.4100036621094,335.75,328.8500061035156,332.010009765625,293.1415710449219,2717300
2021-03-31,330.2300109863281,332.6499938964844,325.44000244140625,327.0,288.718017578125,2624500
2021-04-01,324.29998779296875,329.6600036621094,324.1600036621094,327.6400146484375,289.2831726074219,2659000
2021-04-05,332.8500061035156,332.8500061035156,323.04998779296875,323.5400085449219,285.66314697265625,3235000
2021-04-06,324.489990234375,328.5400085449219,324.0,327.05999755859375,288.7710266113281,1801700
2021-04-07,327.70001220703125,329.20001220703125,323.3500061035156,326.54998779296875,288.3207702636719,2157300
2021-04-08,324.2900085449219,331.489990234375,322.9700012207031,331.1400146484375,292.37335205078125,2402800
2021-04-09,334.0,334.8999938964844,328.7900085449219,330.80999755859375,292.0820007324219,2347100
2021-04-12,332.6700134277344,334.4800109863281,329.94000244140625,331.8399963378906,292.991455078125,2318800
2021-04-13,329.510009765625,330.04998779296875,324.17999267578125,327.67999267578125,289.31842041015625,3575900
2021-04-14,328.54998779296875,344.4700012207031,326.1499938964844,335.3500061035156,296.0905456542969,9876800
2021-04-15,338.8999938964844,341.3500061035156,334.5400085449219,338.54998779296875,298.9158630371094,4354800
2021-04-16,340.2900085449219,343.739990234375,338.6199951171875,342.30999755859375,302.23565673828125,4231900
2021-04-19,340.0,344.42999267578125,336.6000061035156,343.0899963378906,302.92437744140625,3228200
2021-04-20,339.9700012207031,340.4700012207031,329.3500061035156,331.8800048828125,293.0267028808594,3662300
2021-04-21,330.0,335.4700012207031,327.55999755859375,335.2699890136719,296.0198669433594,2733300
2021-04-22,334.6199951171875,336.9700012207031,330.2900085449219,330.8500061035156,292.1173095703125,2165200
2021-04-23,331.25,340.6700134277344,330.7200012207031,339.3500061035156,299.62225341796875,2163800
2021-04-26,341.94000244140625,345.8999938964844,340.8900146484375,343.5199890136719,303.30401611328125,2171500
2021-04-27,344.0,347.54998779296875,343.6600036621094,346.6300048828125,306.0499572753906,2088600
2021-04-28,348.0,350.1199951171875,346.0899963378906,348.1099853515625,307.356689453125,2140900
2021-04-29,350.54998779296875,353.8299865722656,347.4800109863281,352.9700012207031,311.64776611328125,2584400
2021-04-30,351.1199951171875,352.82000732421875,347.20001220703125,348.45001220703125,307.6568603515625,2101100
2021-05-03,350.3399963378906,354.05999755859375,349.260009765625,350.1600036621094,309.1666564941406,1871700
2021-05-04,348.8999938964844,351.7799987792969,342.57000732421875,349.8399963378906,308.8841552734375,2831400
2021-05-05,352.0,359.1400146484375,348.54998779296875,357.6199951171875,315.7533874511719,2786800
2021-05-06,359.7699890136719,366.29998779296875,356.5,365.9700012207031,323.1258544921875,3048700
2021-05-07,362.29998779296875,371.6499938964844,360.92999267578125,370.8900146484375,327.4698791503906,3378100
2021-05-10,373.5,376.9800109863281,368.5,368.67999267578125,325.5185546875,3396300
2021-05-11,363.0,368.6300048828125,358.6199951171875,359.9200134277344,317.78411865234375,3734300
2021-05-12,363.07000732421875,368.1300048828125,353.2699890136719,354.3999938964844,312.91033935546875,3309800
2021-05-13,353.25,360.8900146484375,353.25,358.80999755859375,316.8039855957031,2673900
2021-05-14,362.0,369.510009765625,361.70001220703125,368.7699890136719,325.5980224609375,2732300
2021-05-17,367.7799987792969,370.70001220703125,364.5,369.25,326.02178955078125,1826100
2021-05-18,371.3800048828125,373.0799865722656,364.0,364.55999755859375,321.8808898925781,2018600
2021-05-19,360.0,360.0,353.92999267578125,358.3800048828125,316.4244079589844,3696000
2021-05-20,358.9800109863281,361.95001220703125,353.3500061035156,359.7799987792969,317.6604309082031,1919600
2021-05-21,361.489990234375,367.1400146484375,360.510009765625,366.260009765625,323.38189697265625,2657500
2021-05-24,367.32000732421875,369.7200012207031,365.510009765625,368.2900085449219,325.1742248535156,1834300
2021-05-25,369.9100036621094,373.7699890136719,364.0899963378906,364.510009765625,321.8367004394531,2631000
2021-05-26,365.0,368.7900085449219,361.9100036621094,367.3999938964844,324.3883972167969,2121200
2021-05-27,371.3299865722656,373.54998779296875,367.29998779296875,371.3699951171875,327.89361572265625,3897000
2021-05-28,372.0,373.07000732421875,368.260009765625,372.0199890136719,329.576904296875,2169700
2021-06-01,377.70001220703125,383.3599853515625,376.30999755859375,382.44000244140625,338.80804443359375,3644000
2021-06-02,383.3299865722656,384.6700134277344,379.3699951171875,383.44000244140625,339.6939392089844,2809700
2021-06-03,382.25,391.25,380.1300048828125,388.7200012207031,344.3715515136719,3003900
2021-06-04,389.67999267578125,392.04998779296875,386.32000732421875,391.45001220703125,346.79010009765625,2514100
2021-06-07,393.0,393.260009765625,387.54998779296875,388.1600036621094,343.87548828125,2188700
2021-06-08,385.7900085449219,386.4800109863281,382.2200012207031,384.70001220703125,340.81024169921875,2452600
2021-06-09,383.1600036621094,384.2699890136719,378.8800048828125,382.7799987792969,339.10931396484375,2025900
2021-06-10,389.6400146484375,389.6400146484375,372.3500061035156,373.94000244140625,331.2778015136719,3900800
2021-06-11,375.70001220703125,378.75,375.1099853515625,378.04998779296875,334.9189453125,2117300
2021-06-14,377.42999267578125,378.75,370.70001220703125,372.9200134277344,330.3741760253906,2560500
2021-06-15,373.5,374.8399963378906,367.1600036621094,371.29998779296875,328.9390563964844,2302900
2021-06-16,370.989990234375,374.0799865722656,365.25,371.0,328.6732482910156,3264200
2021-06-17,373.5199890136719,373.5199890136719,356.54998779296875,361.5,320.2571105957031,4146300
2021-06-18,356.5199890136719,358.3800048828125,348.1300048828125,348.8299865722656,309.0325012207031,6290100
2021-06-21,352.8900146484375,357.9700012207031,351.0400085449219,357.5400085449219,316.7489013671875,2717300
2021-06-22,357.0,359.8800048828125,352.6400146484375,357.5299987792969,316.7400817871094,1870800
2021-06-23,358.7900085449219,362.4800109863281,357.6600036621094,361.04998779296875,319.8584899902344,1713100
2021-06-24,363.0,370.8800048828125,362.7799987792969,368.75,326.679931640625,2716600
2021-06-25,368.82000732421875,371.1499938964844,364.5400085449219,368.7699890136719,326.6977233886719,2782400
2021-06-28,367.79998779296875,368.8699951171875,363.8599853515625,368.7099914550781,326.6445007324219,1833400
2021-06-29,374.8599853515625,378.0899963378906,370.75,372.6199951171875,330.1083679199219,2365900
2021-06-30,370.8999938964844,380.1099853515625,370.8999938964844,379.5299987792969,336.2301330566406,2238400
2021-07-01,380.70001220703125,381.6400146484375,374.1499938964844,374.989990234375,332.2080078125,2571000
2021-07-02,376.30999755859375,376.6000061035156,372.4200134277344,374.1600036621094,331.47271728515625,1598900
2021-07-06,373.2300109863281,373.6300048828125,365.4100036621094,369.8599853515625,327.66326904296875,2162900
2021-07-07,367.5,370.0899963378906,362.17999267578125,367.6700134277344,325.7231750488281,2012800
2021-07-08,359.69000244140625,362.8900146484375,355.5899963378906,358.94000244140625,317.9891662597656,2940500
2021-07-09,366.0,372.1499938964844,364.95001220703125,371.760009765625,329.3465576171875,2641800
2021-07-12,370.30999755859375,384.0,367.3299865722656,380.5,337.0893859863281,4135900
2021-07-13,381.05999755859375,385.3299865722656,372.010009765625,375.9800109863281,333.0850830078125,6466800
2021-07-14,378.75,381.7699890136719,371.3900146484375,374.3999938964844,331.6852722167969,3295700
2021-07-15,371.239990234375,378.75,370.57000732421875,373.3500061035156,330.7551574707031,2183900
2021-07-16,374.92999267578125,374.92999267578125,363.8299865722656,364.79998779296875,323.1806335449219,2583300
2021-07-19,354.0,355.19000244140625,349.0,354.7200012207031,314.2506103515625,4394600
2021-07-20,352.2699890136719,367.30999755859375,351.5400085449219,364.760009765625,323.1451110839844,2937900
2021-07-21,368.0400085449219,374.8999938964844,367.92999267578125,373.5,330.8880615234375,2398800
2021-07-22,372.29998779296875,373.69000244140625,368.45001220703125,372.7099914550781,330.1881408691406,1887100
2021-07-23,374.5899963378906,378.0,371.3800048828125,374.04998779296875,331.3752746582031,1706900
2021-07-26,373.17999267578125,376.67999267578125,373.1099853515625,375.8999938964844,333.0141906738281,1559100
2021-07-27,372.5,375.1400146484375,369.2200012207031,374.8399963378906,332.0751647949219,1791800
2021-07-28,375.80999755859375,377.44000244140625,372.3399963378906,374.2300109863281,331.5347900390625,1668900
2021-07-29,377.0299987792969,379.510009765625,374.80999755859375,377.54998779296875,334.4759216308594,1296600
2021-07-30,376.57000732421875,379.95001220703125,373.05999755859375,374.8800048828125,332.1106262207031,1474900
2021-08-02,376.1700134277344,386.92999267578125,375.75,378.19000244140625,335.04296875,2383200
2021-08-03,380.25,381.30999755859375,371.7699890136719,380.3599853515625,336.96539306640625,1494600
2021-08-04,378.4800109863281,382.6499938964844,375.760009765625,377.8599853515625,334.7506103515625,1460500
2021-08-05,380.1499938964844,384.30999755859375,379.95001220703125,384.29998779296875,340.4559326171875,1583800
2021-08-06,388.8800048828125,398.8599853515625,388.6400146484375,397.8900146484375,352.4954528808594,3655800
2021-08-09,396.5899963378906,404.6000061035156,393.5799865722656,399.8800048828125,354.2583312988281,3319100
2021-08-10,400.1199951171875,410.6300048828125,399.5,407.9700012207031,361.4253845214844,3152300
2021-08-11,408.79998779296875,414.67999267578125,407.05999755859375,413.8900146484375,366.66998291015625,3000500
2021-08-12,414.3800048828125,418.6199951171875,410.55999755859375,415.0,367.6533508300781,2312800
2021-08-13,416.0,416.8900146484375,408.17999267578125,410.7799987792969,363.91485595703125,1980000
2021-08-16,408.989990234375,408.989990234375,402.1499938964844,408.3500061035156,361.76202392578125,1590700
2021-08-17,403.8399963378906,408.3500061035156,400.20001220703125,404.9700012207031,358.7677307128906,2077400
2021-08-18,402.6000061035156,406.1099853515625,398.5899963378906,398.79998779296875,353.3015441894531,2187800
2021-08-19,394.6000061035156,397.7300109863281,390.9100036621094,393.57000732421875,348.66827392578125,2241500
2021-08-20,391.489990234375,396.45001220703125,391.0,395.8699951171875,350.7059326171875,1612100
2021-08-23,401.8900146484375,404.1000061035156,399.0,401.45001220703125,355.6492919921875,1857600
2021-08-24,403.5899963378906,409.6600036621094,402.70001220703125,408.55999755859375,361.9481201171875,1958400
2021-08-25,409.8999938964844,416.67999267578125,408.94000244140625,413.1199951171875,365.98779296875,1845300
2021-08-26,415.8800048828125,420.7300109863281,411.1600036621094,412.4100036621094,365.35882568359375,2076500
2021-08-27,412.7799987792969,419.8500061035156,412.5,419.69000244140625,371.8083190917969,2174500
2021-08-30,419.95001220703125,420.760009765625,412.7200012207031,413.6000061035156,366.4131164550781,2089400
2021-08-31,412.1099853515625,414.8599853515625,408.760009765625,413.510009765625,368.1134338378906,1958100
2021-09-01,413.1600036621094,416.1099853515625,410.30999755859375,413.6600036621094,368.24688720703125,1680400
2021-09-02,415.1099853515625,417.5799865722656,412.6400146484375,414.5,368.9947204589844,1830400
2021-09-03,414.0,415.1199951171875,410.6000061035156,411.30999755859375,366.1549072265625,1373600
2021-09-07,411.0,414.7300109863281,409.6400146484375,410.32000732421875,365.2735900878906,1557000
2021-09-08,409.2200012207031,410.9800109863281,404.70001220703125,405.0,360.53765869140625,1646200
2021-09-09,404.6700134277344,408.8800048828125,403.510009765625,404.5799865722656,360.1637878417969,2424600
2021-09-10,408.0,409.7900085449219,403.1600036621094,403.4800109863281,359.18450927734375,1956000
2021-09-13,407.4100036621094,409.3699951171875,403.79998779296875,409.260009765625,364.3299865722656,1802800
2021-09-14,410.29998779296875,417.010009765625,402.7799987792969,403.69000244140625,359.3714904785156,3263200
2021-09-15,398.0,403.6099853515625,396.2099914550781,401.95001220703125,357.8224792480469,3199800
2021-09-16,404.5199890136719,405.9800109863281,394.8900146484375,396.67999267578125,353.131103515625,2882900
2021-09-17,396.32000732421875,399.1600036621094,388.8299865722656,391.4599914550781,348.484130859375,3843700
2021-09-20,377.82000732421875,380.8599853515625,372.5,378.1300048828125,336.6175231933594,3834500
2021-09-21,380.8500061035156,381.5,374.0799865722656,375.8399963378906,334.5789489746094,2377300
2021-09-22,380.79998779296875,389.2900085449219,379.7099914550781,385.4700012207031,343.1517639160156,2991300
2021-09-23,390.3900146484375,393.739990234375,388.17999267578125,391.8599853515625,348.8401794433594,2518000
2021-09-24,390.4700012207031,392.489990234375,388.6000061035156,390.8500061035156,347.9410705566406,1789700
2021-09-27,396.5799865722656,401.0,395.17999267578125,399.80999755859375,355.91741943359375,2788500
2021-09-28,400.45001220703125,404.2099914550781,388.3900146484375,389.5,346.73931884765625,2609000
2021-09-29,390.67999267578125,392.3900146484375,384.29998779296875,384.8900146484375,342.6354064941406,1955000
2021-09-30,388.0,388.0199890136719,376.6199951171875,378.0299987792969,336.5285339355469,2665700
2021-10-01,379.44000244140625,382.7200012207031,375.8500061035156,380.0,338.2822570800781,2382300
2021-10-04,380.2099914550781,386.8699951171875,372.82000732421875,374.1499938964844,333.074462890625,2895600
2021-10-05,378.1000061035156,388.2200012207031,375.5,385.80999755859375,343.45440673828125,2508100
2021-10-06,382.3800048828125,389.54998779296875,378.6600036621094,388.04998779296875,345.44842529296875,2111800
2021-10-07,392.9100036621094,397.8500061035156,389.760009765625,390.6199951171875,347.7364196777344,2348000
2021-10-08,390.8299865722656,394.30999755859375,388.17999267578125,392.80999755859375,349.6859130859375,1446700
2021-10-11,392.8999938964844,396.95001220703125,385.0199890136719,385.239990234375,342.9469909667969,1787400
2021-10-12,386.2200012207031,388.5899963378906,381.0199890136719,386.5299987792969,344.0953674316406,2088200
2021-10-13,388.0,388.3800048828125,378.6300048828125,386.30999755859375,343.8995361328125,2391600
2021-10-14,392.0,393.6600036621094,382.20001220703125,391.20001220703125,348.2526550292969,3380900
2021-10-15,402.30999755859375,407.2699890136719,396.3399963378906,406.07000732421875,361.4902038574219,6451400
2021-10-18,408.010009765625,415.94000244140625,407.6000061035156,413.69000244140625,368.27362060546875,3832300
2021-10-19,415.17999267578125,415.8500061035156,409.69000244140625,412.1600036621094,366.9115905761719,2568300
2021-10-20,411.0,414.3299865722656,406.20001220703125,407.8900146484375,363.1104431152344,2453400
2021-10-21,406.79998779296875,412.6600036621094,404.6199951171875,407.5899963378906,362.8433532714844,2162100
2021-10-22,409.989990234375,415.3599853515625,409.1000061035156,414.32000732421875,368.83447265625,2411000
2021-10-25,416.2099914550781,419.489990234375,413.2699890136719,414.75,369.21728515625,1824700
2021-10-26,416.3699951171875,419.80999755859375,413.760009765625,417.6099853515625,371.7632141113281,1843300
2021-10-27,416.54998779296875,418.05999755859375,410.54998779296875,410.989990234375,365.87005615234375,2067200
2021-10-28,412.0,414.9200134277344,409.05999755859375,414.82000732421875,369.2795715332031,1444700
2021-10-29,414.0199890136719,415.9599914550781,411.17999267578125,413.3500061035156,367.9709777832031,2061700
2021-11-01,417.07000732421875,418.7300109863281,413.25,416.70001220703125,370.9532470703125,1820800
2021-11-02,415.1000061035156,426.1600036621094,412.7900085449219,423.8500061035156,377.3182373046875,3000800
2021-11-03,423.1199951171875,424.0,412.55999755859375,417.8999938964844,372.021484375,3542400
2021-11-04,414.6499938964844,415.989990234375,403.0299987792969,408.07000732421875,363.2706604003906,3802300
2021-11-05,411.3999938964844,414.45001220703125,406.1000061035156,407.0799865722656,362.3892822265625,2105600
2021-11-08,409.8900146484375,413.6499938964844,407.9599914550781,408.3399963378906,363.5110168457031,1728400
2021-11-09,406.1099853515625,407.5799865722656,400.05999755859375,405.3500061035156,360.8492431640625,2246900
2021-11-10,402.3299865722656,405.54998779296875,397.25,399.1199951171875,355.30316162109375,2243900
2021-11-11,400.1400146484375,403.760009765625,398.510009765625,402.3399963378906,358.169677734375,1252400
2021-11-12,403.0,405.1000061035156,399.20001220703125,404.9100036621094,360.4576721191406,1360100
2021-11-15,406.0,407.3399963378906,403.9100036621094,404.80999755859375,360.36846923828125,1436500
2021-11-16,403.9100036621094,405.8399963378906,399.0,403.0899963378906,358.8373107910156,1311000
2021-11-17,401.8500061035156,402.6499938964844,391.4700012207031,391.54998779296875,348.56427001953125,2927000
2021-11-18,392.29998779296875,393.9200134277344,385.67999267578125,391.3699951171875,348.4040222167969,1847400
2021-11-19,382.3800048828125,390.239990234375,381.0400085449219,387.3900146484375,344.8609313964844,2610400
2021-11-22,393.1600036621094,402.489990234375,390.17999267578125,396.1600036621094,352.6681213378906,3058700
2021-11-23,400.25,406.9599914550781,397.510009765625,406.3399963378906,361.7305603027344,2402300
2021-11-24,405.0,407.4800109863281,398.29998779296875,399.19000244140625,355.3655090332031,2186300
2021-11-26,384.4800109863281,391.7099914550781,382.7200012207031,389.3900146484375,346.64141845703125,2687900
2021-11-29,394.0,396.3699951171875,382.45001220703125,386.5400085449219,344.1043395996094,2883400
2021-11-30,383.5299987792969,386.8299865722656,377.260009765625,380.989990234375,339.16357421875,4570400
2021-12-01,383.82000732421875,390.1600036621094,376.2099914550781,376.4800109863281,336.9173583984375,2476000
2021-12-02,378.0,389.0899963378906,376.0299987792969,387.5400085449219,346.8150329589844,3343700
2021-12-03,389.8800048828125,389.8800048828125,379.0299987792969,382.7300109863281,342.5105285644531,2807500
2021-12-06,388.6700134277344,393.6000061035156,383.489990234375,389.29998779296875,348.3901672363281,1990200
2021-12-07,393.5799865722656,401.75,393.05999755859375,400.1099853515625,358.0640869140625,2441000
2021-12-08,401.2300109863281,401.7099914550781,395.1400146484375,397.32000732421875,355.5673828125,1635200
2021-12-09,395.70001220703125,400.19000244140625,393.0,396.489990234375,354.8245544433594,2111500
2021-12-10,398.0,398.8599853515625,388.6600036621094,391.05999755859375,349.9652404785156,1893800
2021-12-13,391.19000244140625,391.19000244140625,382.6600036621094,384.6400146484375,344.2198791503906,2313300
2021-12-14,383.55999755859375,392.5,383.260009765625,388.82000732421875,347.9606018066406,2788500
2021-12-15,389.5,391.3999938964844,380.6000061035156,389.9100036621094,348.9360046386719,2802300
2021-12-16,395.1300048828125,399.8399963378906,391.79998779296875,397.3699951171875,355.612060546875,3578200
2021-12-17,389.2099914550781,393.6700134277344,380.6300048828125,381.79998779296875,341.6782531738281,7058600
2021-12-20,375.5199890136719,375.6300048828125,366.6499938964844,371.6099853515625,332.5590515136719,3735600
2021-12-21,376.42999267578125,382.0899963378906,374.760009765625,380.32000732421875,340.35382080078125,2942800
2021-12-22,380.4200134277344,384.010009765625,379.2699890136719,382.3299865722656,342.1525573730469,1487900
2021-12-23,383.7900085449219,387.6099853515625,383.57000732421875,385.0400085449219,344.5778503417969,1624000
2021-12-27,386.989990234375,389.1099853515625,385.0,388.0400085449219,347.2625732421875,1430400
2021-12-28,388.92999267578125,391.3299865722656,386.239990234375,387.6099853515625,346.877685546875,1528200
2021-12-29,387.9700012207031,389.4599914550781,384.4200134277344,386.20001220703125,345.6158752441406,1327800
2021-12-30,387.75,389.7799987792969,385.20001220703125,385.5199890136719,345.00732421875,1160100
2021-12-31,385.0,387.0,380.8399963378906,382.54998779296875,342.34942626953125,1601300
2022-01-03,389.0,399.29998779296875,387.3399963378906,395.3299865722656,353.78643798828125,3334300
2022-01-04,402.2300109863281,410.2799987792969,401.17999267578125,407.4800109863281,364.6596984863281,3916400
2022-01-05,409.79998779296875,412.6600036621094,397.8900146484375,398.6300048828125,356.73974609375,3469600
2022-01-06,401.0,401.20001220703125,386.42999267578125,396.92999267578125,355.21832275390625,2960900
2022-01-07,397.6700134277344,400.54998779296875,394.5299987792969,397.510009765625,355.73736572265625,2360700
2022-01-10,401.32000732421875,404.3699951171875,394.2200012207031,399.1700134277344,357.2229919433594,3009400
2022-01-11,400.25,403.3399963378906,396.30999755859375,403.04998779296875,360.6951904296875,1748800
2022-01-12,403.239990234375,404.1199951171875,388.55999755859375,390.30999755859375,349.29400634765625,4158000
2022-01-13,394.04998779296875,396.8699951171875,389.75,390.79998779296875,349.73248291015625,2497800
2022-01-14,382.1300048828125,384.3900146484375,375.0,380.94000244140625,340.90863037109375,4685300
2022-01-18,360.0400085449219,361.57000732421875,347.2300109863281,354.3999938964844,317.1576232910156,13123500
2022-01-19,358.3399963378906,359.7099914550781,346.3900146484375,347.32000732421875,310.8216552734375,7426100
2022-01-20,348.8999938964844,357.17999267578125,346.1400146484375,348.1000061035156,311.5196838378906,4599900
2022-01-21,345.5400085449219,348.989990234375,340.7200012207031,343.9100036621094,307.7698974609375,4904100
2022-01-24,337.32000732421875,344.07000732421875,326.2300109863281,343.3900146484375,307.3046569824219,6569800
2022-01-25,337.8599853515625,342.92999267578125,330.9100036621094,341.54998779296875,305.65802001953125,3959300
2022-01-26,346.6000061035156,350.4800109863281,338.4100036621094,342.67999267578125,306.6692199707031,3745900
2022-01-27,345.6700134277344,348.7699890136719,337.7200012207031,341.0299987792969,305.1925964355469,2573400
2022-01-28,337.7300109863281,347.1499938964844,333.45001220703125,347.010009765625,310.544189453125,3714600
2022-01-31,344.6000061035156,355.2099914550781,343.44000244140625,354.67999267578125,317.408203125,3312400
2022-02-01,356.1300048828125,364.5400085449219,354.04998779296875,364.05999755859375,325.802490234375,3303700
2022-02-02,363.5,368.5299987792969,357.8299865722656,363.05999755859375,324.9075622558594,2742400
2022-02-03,362.82000732421875,365.760009765625,358.1600036621094,358.8800048828125,321.16680908203125,2372900
2022-02-04,362.1700134277344,370.95001220703125,361.0199890136719,367.6000061035156,328.970458984375,3762300
2022-02-07,365.489990234375,371.4700012207031,363.3500061035156,368.1499938964844,329.4626770019531,2635600
2022-02-08,371.0799865722656,372.6499938964844,366.25,370.1000061035156,331.2077941894531,3422300
2022-02-09,373.0,376.2799987792969,370.8999938964844,374.5299987792969,335.1722717285156,2250400
2022-02-10,371.7099914550781,377.3999938964844,368.8299865722656,370.57000732421875,331.62841796875,2406200
2022-02-11,368.54998779296875,374.8999938964844,360.7699890136719,363.05999755859375,324.9075622558594,3142100
2022-02-14,363.05999755859375,364.2900085449219,357.17999267578125,360.239990234375,322.3839416503906,2585600
2022-02-15,364.0899963378906,365.8900146484375,361.3599853515625,363.94000244140625,325.695068359375,1846400
2022-02-16,361.3500061035156,363.0199890136719,356.5299987792969,360.04998779296875,322.21392822265625,2165300
2022-02-17,358.7799987792969,360.9599914550781,347.8399963378906,349.05999755859375,312.3787841796875,3102400
2022-02-18,345.57000732421875,350.0,343.3699951171875,346.0400085449219,309.6761474609375,2910900
2022-02-22,342.4599914550781,349.0,341.20001220703125,344.2699890136719,308.0921630859375,2590800
2022-02-23,347.57000732421875,349.260009765625,339.82000732421875,341.19000244140625,305.3357238769531,2217300
2022-02-24,328.57000732421875,341.0,326.95001220703125,340.19000244140625,304.44085693359375,4564000
2022-02-25,340.19000244140625,350.70001220703125,340.19000244140625,350.1199951171875,313.327392578125,2980500
2022-02-28,340.25,343.8399963378906,337.54998779296875,341.2900085449219,305.4253234863281,4245700
2022-03-01,337.3999938964844,338.1600036621094,327.0199890136719,328.20001220703125,295.4422302246094,5631500
2022-03-02,331.6000061035156,338.0,327.3999938964844,336.3800048828125,302.8057556152344,3469900
2022-03-03,338.8699951171875,341.5,330.1300048828125,333.4200134277344,300.14117431640625,2393700
2022-03-04,327.0,330.6600036621094,324.0,329.6700134277344,296.7655029296875,3293100
2022-03-07,326.82000732421875,327.7900085449219,320.8500061035156,321.8900146484375,289.7620544433594,3689900
2022-03-08,322.5,330.55999755859375,318.54998779296875,321.3699951171875,289.29388427734375,3596400
2022-03-09,331.67999267578125,337.4700012207031,330.0299987792969,333.5899963378906,300.2942199707031,3202100
2022-03-10,327.6300048828125,331.8399963378906,324.760009765625,329.8999938964844,296.9725036621094,2232600
2022-03-11,334.3699951171875,336.6099853515625,326.7099914550781,327.0,294.3619689941406,2613500
2022-03-14,329.2099914550781,331.6199951171875,322.8999938964844,324.9800109863281,292.54364013671875,2342200
2022-03-15,327.07000732421875,331.8999938964844,324.8399963378906,329.1600036621094,296.30633544921875,2140700
2022-03-16,335.07000732421875,341.3299865722656,334.260009765625,340.760009765625,306.7485656738281,3468500
2022-03-17,337.3699951171875,343.6000061035156,334.8999938964844,343.2699890136719,309.0080261230469,2403500
2022-03-18,338.8699951171875,346.7699890136719,337.29998779296875,345.3800048828125,310.9074401855469,5861900
2022-03-21,345.260009765625,346.29998779296875,337.1499938964844,339.0,305.1642150878906,3401200
2022-03-22,342.20001220703125,346.239990234375,340.1199951171875,343.010009765625,308.77398681640625,2840200
2022-03-23,340.0,340.8299865722656,335.1300048828125,335.6099853515625,302.1126403808594,2196800
2022-03-24,336.44000244140625,337.5,334.29998779296875,336.2300109863281,302.67071533203125,1944100
2022-03-25,337.42999267578125,341.8299865722656,335.4800109863281,337.489990234375,303.8050231933594,1580800
2022-03-28,338.1499938964844,338.5,331.510009765625,335.29998779296875,301.83355712890625,2182600
2022-03-29,342.4700012207031,344.0,336.7300109863281,339.6600036621094,305.7583923339844,2378700
2022-03-30,339.0,339.8599853515625,333.6300048828125,335.5899963378906,302.0945739746094,2650200
2022-03-31,336.1300048828125,336.5,330.1000061035156,330.1000061035156,297.15252685546875,2632000
2022-04-01,333.92999267578125,334.1600036621094,327.57000732421875,330.2200012207031,297.2606201171875,2444800
2022-04-04,330.0,331.8699951171875,325.8599853515625,328.2099914550781,295.45111083984375,2569400
2022-04-05,327.3599853515625,329.739990234375,323.4800109863281,323.9599914550781,291.6253662109375,2573900
2022-04-06,320.0,320.6199951171875,315.75,316.260009765625,284.69403076171875,3151300
2022-04-07,315.0,315.8299865722656,308.20001220703125,314.1499938964844,282.7945251464844,3562600
2022-04-08,313.5799865722656,323.67999267578125,313.0,321.3900146484375,289.31195068359375,3294200
2022-04-11,320.6099853515625,328.8999938964844,319.0299987792969,320.760009765625,288.744873046875,2747700
2022-04-12,321.67999267578125,327.1199951171875,318.010009765625,319.7799987792969,287.8626403808594,2365200
2022-04-13,315.79998779296875,322.6300048828125,314.7200012207031,321.9700012207031,289.8340148925781,3022900
2022-04-14,328.4700012207031,333.0299987792969,319.0299987792969,321.6400146484375,289.5370178222656,5460900
2022-04-18,320.6499938964844,332.6600036621094,320.6499938964844,329.8800048828125,296.95452880859375,3653400
2022-04-19,330.4700012207031,337.20001220703125,330.4700012207031,335.95001220703125,302.41864013671875,2774800
2022-04-20,338.1000061035156,344.8999938964844,337.5,341.05999755859375,307.0185546875,3040100
2022-04-21,344.3299865722656,347.3500061035156,333.3599853515625,334.29998779296875,300.9332580566406,3097800
2022-04-22,332.30999755859375,332.5,319.4700012207031,319.7699890136719,287.8535461425781,3125200
2022-04-25,316.3800048828125,322.1600036621094,312.739990234375,321.4200134277344,289.3388671875,3093600
2022-04-26,317.95001220703125,321.6000061035156,312.79998779296875,313.1199951171875,281.8673095703125,2791700
2022-04-27,312.1400146484375,319.239990234375,312.1400146484375,313.2300109863281,281.9664001464844,2469300
2022-04-28,317.1199951171875,319.3599853515625,312.1499938964844,318.4100036621094,286.6293640136719,2176000
2022-04-29,317.25,319.0799865722656,304.7099914550781,305.489990234375,274.9988708496094,3129600
2022-05-02,305.80999755859375,311.3699951171875,302.2099914550781,310.4200134277344,279.4367980957031,2968100
2022-05-03,311.5199890136719,319.5199890136719,311.32000732421875,314.6600036621094,283.253662109375,2606200
2022-05-04,315.8299865722656,324.79998779296875,312.1700134277344,324.1099853515625,291.7604675292969,2629400
2022-05-05,320.5,320.67999267578125,308.69000244140625,313.07000732421875,281.8222961425781,2622100
2022-05-06,312.2799987792969,313.7099914550781,306.05999755859375,312.9599914550781,281.72320556640625,2375600
2022-05-09,308.9200134277344,313.7699890136719,304.9800109863281,308.8900146484375,278.0596008300781,3234000
2022-05-10,311.7200012207031,315.1499938964844,300.6499938964844,305.05999755859375,274.61181640625,2798400
2022-05-11,305.05999755859375,310.9100036621094,301.0,301.54998779296875,271.4521484375,2320600
2022-05-12,300.0,302.8900146484375,293.8999938964844,299.4100036621094,269.5257873535156,3408300
2022-05-13,303.6300048828125,309.6300048828125,303.57000732421875,306.989990234375,276.3491516113281,2152500
2022-05-16,305.95001220703125,306.4700012207031,300.54998779296875,303.44000244140625,273.1534423828125,1568800
2022-05-17,309.8699951171875,314.32000732421875,308.1300048828125,312.9700012207031,281.7323913574219,2096200
2022-05-18,309.0,312.8599853515625,304.8800048828125,306.7300109863281,276.11517333984375,2033200
2022-05-19,303.82000732421875,309.989990234375,303.3900146484375,308.20001220703125,277.4383850097656,2108800
2022-05-20,311.260009765625,312.5899963378906,299.4100036621094,306.79998779296875,276.1781005859375,2201100
2022-05-23,312.7200012207031,321.8299865722656,311.07000732421875,316.6099853515625,285.00897216796875,2653000
2022-05-24,315.3500061035156,315.79998779296875,306.42999267578125,313.95001220703125,282.614501953125,1870900
2022-05-25,311.25,317.6000061035156,309.9800109863281,314.8999938964844,283.4696960449219,1929500
2022-05-26,318.29998779296875,325.5,317.9800109863281,323.6300048828125,291.32830810546875,2440400
2022-05-27,326.75,328.6700134277344,323.19000244140625,328.5799865722656,295.7843017578125,2106700
2022-05-31,324.010009765625,329.7200012207031,322.6600036621094,326.8500061035156,296.0289001464844,2722900
2022-06-01,327.0,329.2699890136719,315.8299865722656,321.8500061035156,291.5002746582031,2330200
2022-06-02,320.5899963378906,325.20001220703125,319.2300109863281,324.25,293.6739501953125,1957500
2022-06-03,320.8800048828125,322.5,317.5,318.67999267578125,288.6292419433594,1238900
2022-06-06,323.0,325.2099914550781,319.7900085449219,320.510009765625,290.28668212890625,1099700
2022-06-07,318.2799987792969,321.8399963378906,316.6600036621094,321.510009765625,291.1924133300781,2516800
2022-06-08,318.3399963378906,319.54998779296875,312.79998779296875,314.67999267578125,285.00640869140625,1438100
2022-06-09,313.55999755859375,314.1400146484375,304.0199890136719,304.2200012207031,275.5327453613281,2896500
2022-06-10,296.989990234375,298.6499938964844,286.8500061035156,287.0199890136719,259.95465087890625,3866900
2022-06-13,279.0,286.4200134277344,278.32000732421875,283.32000732421875,256.6036071777344,4218100
2022-06-14,284.3299865722656,289.17999267578125,281.29998779296875,282.5400085449219,255.8971405029297,2487700
2022-06-15,287.1600036621094,294.4800109863281,284.1700134277344,290.07000732421875,262.7171325683594,2725800
2022-06-16,282.67999267578125,286.1300048828125,279.1499938964844,284.9800109863281,258.1070861816406,2777300
2022-06-17,282.1300048828125,286.260009765625,278.1499938964844,279.7900085449219,253.40646362304688,5234400
2022-06-21,287.7699890136719,288.07000732421875,282.9800109863281,284.80999755859375,257.953125,2506300
2022-06-22,282.2900085449219,286.010009765625,281.0400085449219,284.5400085449219,257.70855712890625,2463100
2022-06-23,283.760009765625,286.5899963378906,278.92999267578125,286.1700134277344,259.18487548828125,2547000
2022-06-24,291.0,303.1300048828125,290.0,302.75,274.201416015625,3984300
2022-06-27,303.05999755859375,304.32000732421875,298.8800048828125,300.7799987792969,272.41717529296875,2091700
2022-06-28,305.8999938964844,308.9700012207031,299.17999267578125,299.489990234375,271.24884033203125,2276600
2022-06-29,303.3699951171875,307.44000244140625,299.9100036621094,303.2799987792969,274.6813659667969,2475900
2022-06-30,296.5799865722656,300.3299865722656,292.2300109863281,297.0199890136719,269.0116882324219,2669500
2022-07-01,295.2699890136719,300.3299865722656,291.7200012207031,299.2300109863281,271.0133056640625,1749400
2022-07-05,293.0,297.3500061035156,288.3599853515625,297.20001220703125,269.1748046875,2480900
2022-07-06,296.2699890136719,297.3399963378906,290.6000061035156,293.760009765625,266.0591735839844,1774500
2022-07-07,297.6600036621094,299.07000732421875,293.6000061035156,298.6000061035156,270.4427490234375,2046500
2022-07-08,300.5,300.8900146484375,295.07000732421875,296.4700012207031,268.5135498046875,1438900
2022-07-11,293.20001220703125,296.5400085449219,291.8800048828125,293.17999267578125,265.5338439941406,1519400
2022-07-12,289.7099914550781,299.0799865722656,289.510009765625,292.5299987792969,264.9450988769531,1772600
2022-07-13,290.510009765625,291.19000244140625,285.80999755859375,290.1499938964844,262.78948974609375,1884100
2022-07-14,284.239990234375,284.239990234375,277.8399963378906,281.5899963378906,255.03672790527344,3171900
2022-07-15,286.5,296.42999267578125,285.1499938964844,293.8699951171875,266.15875244140625,3457600
2022-07-18,305.760009765625,311.25,298.7099914550781,301.260009765625,272.8518981933594,6767900
2022-07-19,303.5899963378906,319.1400146484375,303.5,318.04998779296875,288.0586242675781,5641100
2022-07-20,317.2799987792969,322.1700134277344,316.30999755859375,321.45001220703125,291.1380310058594,3489800
2022-07-21,320.510009765625,327.1600036621094,319.8500061035156,326.5400085449219,295.748046875,2518800
2022-07-22,327.1099853515625,329.04998779296875,322.19000244140625,323.92999267578125,293.38421630859375,1830300
2022-07-25,325.9700012207031,327.2900085449219,322.6000061035156,324.1199951171875,293.5563049316406,4024500
2022-07-26,321.7699890136719,324.2900085449219,317.760009765625,318.54998779296875,288.511474609375,2054700
2022-07-27,320.2900085449219,326.3900146484375,318.3800048828125,324.5400085449219,293.9366455078125,2081900
2022-07-28,325.29998779296875,329.9800109863281,321.8900146484375,329.1099853515625,298.07568359375,1820700
2022-07-29,329.5,335.17999267578125,329.5,333.3900146484375,301.9521179199219,2112200
2022-08-01,331.7300109863281,334.79998779296875,329.010009765625,332.0799865722656,300.765625,1476500
2022-08-02,329.5,331.8299865722656,327.2200012207031,327.8800048828125,296.961669921875,1862900
2022-08-03,332.07000732421875,335.510009765625,329.6199951171875,333.1700134277344,301.7528991699219,1770600
2022-08-04,333.2799987792969,334.29998779296875,330.6199951171875,331.8699951171875,300.575439453125,1533400
2022-08-05,330.8999938964844,336.9100036621094,329.6700134277344,334.6700134277344,303.1114196777344,1876400
2022-08-08,337.1099853515625,338.8399963378906,334.3399963378906,334.67999267578125,303.12042236328125,1460000
2022-08-09,336.1499938964844,338.1700134277344,334.57000732421875,336.6199951171875,304.8775939941406,1587900
2022-08-10,341.3599853515625,349.70001220703125,341.3500061035156,347.9100036621094,315.1029052734375,2459500
2022-08-11,350.0,356.04998779296875,349.7799987792969,351.67999267578125,318.5173645019531,2360800
2022-08-12,353.44000244140625,354.55999755859375,350.1499938964844,353.82000732421875,320.4555969238281,2369000
2022-08-15,351.0,358.6199951171875,349.04998779296875,355.8500061035156,322.2942199707031,2045700
2022-08-16,352.989990234375,356.4700012207031,352.0199890136719,354.9700012207031,321.4971618652344,1740900
2022-08-17,351.8999938964844,355.5899963378906,350.7699890136719,353.739990234375,320.3831787109375,1576300
2022-08-18,352.6600036621094,355.1000061035156,350.8599853515625,354.5199890136719,321.089599609375,1102200
2022-08-19,351.0,351.8599853515625,347.5,349.2699890136719,316.3346862792969,1812300
2022-08-22,342.44000244140625,344.5299987792969,340.760009765625,342.4200134277344,310.13067626953125,1723900
2022-08-23,341.95001220703125,344.07000732421875,339.0299987792969,340.17999267578125,308.10174560546875,1538000
2022-08-24,339.0199890136719,344.32000732421875,338.489990234375,341.94000244140625,309.6958312988281,1530800
2022-08-25,344.45001220703125,346.8599853515625,342.1099853515625,346.489990234375,313.8167419433594,1763900
2022-08-26,348.3399963378906,348.739990234375,336.0,336.3999938964844,304.6782531738281,1703900
2022-08-29,333.9200134277344,336.3999938964844,332.010009765625,333.9200134277344,302.4321594238281,1835600
2022-08-30,335.0,336.010009765625,331.17999267578125,333.6300048828125,302.16949462890625,1830300
2022-08-31,331.54998779296875,335.1400146484375,329.67999267578125,332.6700134277344,303.5748291015625,2488000
2022-09-01,329.8699951171875,333.69000244140625,324.6199951171875,333.5,304.33221435546875,1575100
2022-09-02,334.67999267578125,340.32000732421875,329.9700012207031,331.4800109863281,302.4888916015625,2215400
2022-09-06,332.32000732421875,333.25,323.4599914550781,326.489990234375,297.9353332519531,1578100
2022-09-07,324.25,332.1600036621094,323.25,330.55999755859375,301.64935302734375,1496600
2022-09-08,330.2900085449219,335.80999755859375,327.3599853515625,335.3800048828125,306.0477294921875,1755600
2022-09-09,337.9800109863281,341.0299987792969,337.0299987792969,340.1000061035156,310.35498046875,1445600
2022-09-12,341.6600036621094,344.3699951171875,340.0899963378906,342.5799865722656,312.6180725097656,1563200
2022-09-13,336.0799865722656,336.5199890136719,326.8299865722656,328.3900146484375,299.669189453125,2242100
2022-09-14,328.45001220703125,330.92999267578125,323.5,327.260009765625,298.6379699707031,1953300
2022-09-15,328.7300109863281,335.2799987792969,327.5899963378906,331.6199951171875,302.61663818359375,1489400
2022-09-16,326.3800048828125,329.0,319.7900085449219,326.2099914550781,297.6797180175781,2946800
2022-09-19,320.57000732421875,329.2900085449219,320.5400085449219,328.6600036621094,299.9154968261719,1652700
2022-09-20,325.70001220703125,326.79998779296875,320.010009765625,323.260009765625,294.9878234863281,1569900
2022-09-21,324.9200134277344,329.7900085449219,320.6300048828125,320.7099914550781,292.6607971191406,1796700
2022-09-22,322.32000732421875,323.3900146484375,311.20001220703125,312.9200134277344,285.5520935058594,2239900
2022-09-23,307.54998779296875,309.7900085449219,297.4599914550781,301.9700012207031,275.55975341796875,2918500
2022-09-26,299.0,302.1000061035156,292.30999755859375,294.6199951171875,268.8526306152344,2308800
2022-09-27,297.5,299.1499938964844,288.6199951171875,291.3800048828125,265.8960266113281,2007400
2022-09-28,294.0,302.4100036621094,292.4599914550781,300.7900085449219,274.4830322265625,2289700
2022-09-29,297.07000732421875,299.3500061035156,291.54998779296875,296.1099853515625,270.2123107910156,1930800
2022-09-30,296.0,301.0899963378906,292.70001220703125,293.04998779296875,267.41998291015625,1970800
2022-10-03,297.1700134277344,301.2300109863281,291.1000061035156,299.1499938964844,272.9864501953125,1938800
2022-10-04,306.79998779296875,315.1600036621094,305.8800048828125,314.8699951171875,287.3315124511719,2399500
2022-10-05,306.5799865722656,310.2099914550781,303.6000061035156,309.0,281.9749450683594,1992800
2022-10-06,307.3900146484375,309.0799865722656,303.4200134277344,304.6700134277344,278.023681640625,1367400
2022-10-07,304.0,305.1499938964844,299.1499938964844,301.0799865722656,274.7475891113281,1790100
2022-10-10,303.6300048828125,304.7200012207031,298.42999267578125,300.5400085449219,274.2549133300781,1309600
2022-10-11,298.010009765625,302.5199890136719,293.9200134277344,294.2099914550781,268.4785461425781,2392800
2022-10-12,293.989990234375,299.7799987792969,291.7099914550781,295.30999755859375,269.4822998046875,1763800
2022-10-13,290.4200134277344,308.760009765625,287.75,307.07000732421875,280.2137451171875,2724900
2022-10-14,307.4599914550781,311.6199951171875,299.07000732421875,299.989990234375,273.7528991699219,2397600
2022-10-17,304.4100036621094,311.6199951171875,304.1400146484375,306.7099914550781,279.8852233886719,3118600
2022-10-18,321.6700134277344,324.4800109863281,312.0,313.8500061035156,286.4007873535156,6428600
2022-10-19,312.6099853515625,314.7900085449219,308.05999755859375,311.760009765625,284.4936218261719,2363800
2022-10-20,312.1000061035156,316.04998779296875,309.0,310.80999755859375,283.6266174316406,2382300
2022-10-21,311.0,325.7699890136719,309.489990234375,325.1000061035156,296.6668701171875,3545700
2022-10-24,328.5,331.239990234375,325.8500061035156,328.70001220703125,299.9519958496094,2232600
2022-10-25,327.8599853515625,333.6000061035156,325.9200134277344,332.3999938964844,303.32843017578125,1837700
2022-10-26,334.5199890136719,338.6700134277344,334.1400146484375,335.69000244140625,306.3306884765625,2176700
2022-10-27,339.30999755859375,341.92999267578125,336.5299987792969,337.17999267578125,307.6903381347656,1998800
2022-10-28,338.5199890136719,342.5799865722656,336.0,341.82000732421875,311.924560546875,1677100
2022-10-31,341.07000732421875,346.17999267578125,340.57000732421875,344.510009765625,314.3792419433594,2224000
2022-11-01,345.1300048828125,348.69000244140625,343.7699890136719,348.5799865722656,318.09326171875,2316600
2022-11-02,347.6199951171875,357.44000244140625,346.739990234375,349.7900085449219,319.1974792480469,3221200
2022-11-03,347.5,350.6700134277344,342.5899963378906,348.8699951171875,318.35791015625,2515600
2022-11-04,354.0,358.3800048828125,351.2300109863281,357.9100036621094,326.6073303222656,3172700
2022-11-07,360.010009765625,362.9599914550781,358.5199890136719,362.55999755859375,330.8506164550781,2526900
2022-11-08,362.29998779296875,367.19000244140625,361.4599914550781,364.0199890136719,332.18292236328125,3501300
2022-11-09,362.95001220703125,367.1499938964844,360.8800048828125,362.0,330.3395690917969,3047200
2022-11-10,370.0,380.42999267578125,369.739990234375,378.30999755859375,345.22314453125,3790400
2022-11-11,380.0,387.0,378.75,385.1700134277344,351.48321533203125,3409100
2022-11-14,384.0,387.29998779296875,380.5,382.3599853515625,348.91888427734375,2609100
2022-11-15,385.9800109863281,389.5799865722656,380.6499938964844,382.8800048828125,349.3934631347656,3192400
2022-11-16,383.2099914550781,385.3999938964844,380.010009765625,382.3299865722656,348.89154052734375,2303700
2022-11-17,377.1499938964844,381.7200012207031,375.010009765625,379.7799987792969,346.5644836425781,2297600
2022-11-18,381.2799987792969,382.8299865722656,377.3900146484375,379.20001220703125,346.0353088378906,2384500
2022-11-21,378.8999938964844,380.7699890136719,375.4200134277344,380.2099914550781,346.9569396972656,1877500
2022-11-22,381.3999938964844,385.8299865722656,381.3999938964844,383.8699951171875,350.2968444824219,2019400
2022-11-23,383.8999938964844,388.20001220703125,383.4100036621094,386.25,352.46868896484375,1865400
2022-11-25,385.760009765625,389.44000244140625,385.17999267578125,388.8599853515625,354.8504943847656,1129300
2022-11-28,385.42999267578125,388.3900146484375,380.8900146484375,382.3599853515625,348.91888427734375,2232200
2022-11-29,381.1300048828125,384.92999267578125,379.260009765625,383.7099914550781,350.1507873535156,1746900
2022-11-30,382.5,386.1499938964844,375.1000061035156,386.1499938964844,354.6883544921875,2964100
2022-12-01,386.5,386.5,380.45001220703125,383.80999755859375,352.53900146484375,1706300
2022-12-02,381.5199890136719,382.5199890136719,378.3999938964844,380.5799865722656,349.57220458984375,1932300
2022-12-05,378.54998779296875,378.8699951171875,369.30999755859375,371.5400085449219,341.26873779296875,2329600
2022-12-06,369.4800109863281,370.3699951171875,360.3299865722656,362.9100036621094,333.3419189453125,3081900
2022-12-07,362.489990234375,365.29998779296875,358.1499938964844,359.9200134277344,330.5954895019531,2128200
2022-12-08,362.0299987792969,362.5899963378906,356.05999755859375,358.0799865722656,328.90533447265625,1967800
2022-12-09,356.7099914550781,361.6400146484375,356.2099914550781,359.1400146484375,329.8790283203125,1588800
2022-12-12,358.57000732421875,364.010009765625,356.3399963378906,363.17999267578125,333.5898742675781,1750400
2022-12-13,374.6300048828125,378.55999755859375,365.510009765625,368.69000244140625,338.65081787109375,3062600
2022-12-14,367.010009765625,368.8299865722656,359.45001220703125,360.3800048828125,331.01800537109375,2519700
2022-12-15,354.4800109863281,356.1099853515625,347.94000244140625,349.8299865722656,321.3274841308594,3163700
2022-12-16,345.0799865722656,347.7799987792969,343.4100036621094,346.3500061035156,318.13104248046875,5008800
2022-12-19,346.2699890136719,348.3999938964844,342.6300048828125,344.6099853515625,316.5328369140625,1646700
2022-12-20,345.989990234375,347.4200134277344,343.489990234375,344.489990234375,316.4225769042969,1623000
2022-12-21,348.260009765625,350.8800048828125,346.8900146484375,350.1600036621094,321.63067626953125,1923100
2022-12-22,347.1600036621094,348.04998779296875,339.8800048828125,345.5799865722656,317.423828125,1528900
2022-12-23,344.8399963378906,347.760009765625,343.1099853515625,345.510009765625,317.3594970703125,1062000
2022-12-27,346.510009765625,347.75,341.7900085449219,341.9700012207031,314.10797119140625,1035000
2022-12-28,340.5,342.8500061035156,339.29998779296875,340.8699951171875,313.0975646972656,1117200
2022-12-29,342.44000244140625,344.6400146484375,341.239990234375,343.42999267578125,315.44891357421875,1273600
2022-12-30,341.739990234375,343.69000244140625,339.3999938964844,343.3800048828125,315.403076171875,1031400
2023-01-03,345.5,348.6000061035156,342.80999755859375,346.2200012207031,318.0116271972656,1589700
2023-01-04,348.0299987792969,350.30999755859375,345.0799865722656,347.70001220703125,319.3710632324219,1881000
2023-01-05,344.25,345.1400146484375,340.1400146484375,343.760009765625,315.75201416015625,1397800
2023-01-06,347.29998779296875,349.0,340.95001220703125,348.0799865722656,319.7201232910156,3097800
2023-01-09,351.8800048828125,356.5,349.5,353.0,324.2392272949219,1989000
2023-01-10,352.6400146484375,357.5,350.5,357.3599853515625,328.2440490722656,1610100
2023-01-11,358.8699951171875,365.5,356.2099914550781,364.4800109863281,334.7839660644531,2127000
2023-01-12,366.239990234375,370.1000061035156,362.57000732421875,369.94000244140625,339.799072265625,2103100
2023-01-13,363.489990234375,374.3500061035156,362.3599853515625,374.0,343.5282897949219,3310200
2023-01-17,364.79998779296875,366.7900085449219,344.0,349.9200134277344,321.4101867675781,14448300
2023-01-18,348.32000732421875,354.7900085449219,347.79998779296875,349.0899963378906,320.64776611328125,5585200
2023-01-19,346.0299987792969,352.1600036621094,345.5199890136719,350.75,322.1726379394531,3100400
2023-01-20,349.8699951171875,352.25,338.2099914550781,341.8399963378906,313.98858642578125,11247200
2023-01-23,341.6700134277344,349.55999755859375,336.1600036621094,349.1400146484375,320.6937255859375,4915700
2023-01-24,340.0,350.29998779296875,340.0,348.3299865722656,319.9497375488281,2372000
2023-01-25,344.75,349.9599914550781,343.8999938964844,349.6300048828125,321.1438293457031,1985200
2023-01-26,351.7300109863281,355.0,349.5199890136719,354.9700012207031,326.04876708984375,1919200
2023-01-27,351.95001220703125,355.989990234375,351.8299865722656,353.70001220703125,324.8822326660156,2427400
2023-01-30,353.2900085449219,362.3299865722656,352.3999938964844,357.4599914550781,328.33587646484375,3184500
2023-01-31,359.1600036621094,365.9200134277344,356.8599853515625,365.80999755859375,336.00555419921875,2311500
2023-02-01,359.1000061035156,368.94000244140625,358.760009765625,365.7099914550781,335.9136962890625,2889400
2023-02-02,368.0,372.8900146484375,364.54998779296875,369.4700012207031,339.3673400878906,2619600
2023-02-03,365.6199951171875,374.57000732421875,365.44000244140625,369.95001220703125,339.8081970214844,2243100
2023-02-06,369.0,371.260009765625,365.7799987792969,370.79998779296875,340.5890197753906,1816200
2023-02-07,368.1700134277344,376.30999755859375,367.3399963378906,374.3999938964844,343.8956604003906,2205500
2023-02-08,372.9200134277344,378.3500061035156,371.9800109863281,375.1000061035156,344.5386657714844,1893200
2023-02-09,377.0400085449219,379.67999267578125,367.79998779296875,367.989990234375,338.0079345703125,2052500
2023-02-10,367.0,372.2300109863281,364.55999755859375,371.2799987792969,341.02984619140625,1933400
2023-02-13,369.0899963378906,375.05999755859375,368.0,374.0199890136719,343.5466003417969,1570600
2023-02-14,373.94000244140625,377.04998779296875,369.3800048828125,371.7799987792969,341.4891662597656,2155500
2023-02-15,368.739990234375,374.3699951171875,368.25,374.3399963378906,343.840576171875,1687200
2023-02-16,370.75,374.25,368.79998779296875,370.20001220703125,340.03790283203125,1947800
2023-02-17,368.04998779296875,371.05999755859375,366.8599853515625,368.5,338.47637939453125,1857300
2023-02-21,366.7200012207031,366.7200012207031,360.0899963378906,361.1199951171875,331.69769287109375,2403000
2023-02-22,361.6300048828125,363.0,358.0400085449219,360.8900146484375,331.4864196777344,2203800
2023-02-23,363.20001220703125,367.8800048828125,359.6099853515625,363.5400085449219,333.9205322265625,1931400
2023-02-24,360.1700134277344,365.17999267578125,359.5299987792969,363.8500061035156,334.205322265625,2428600
2023-02-27,368.2200012207031,370.29998779296875,364.510009765625,365.5299987792969,335.7484130859375,2842400
2023-02-28,366.0,366.010009765625,351.3299865722656,351.6499938964844,322.999267578125,4945600
2023-03-01,349.3900146484375,352.5400085449219,345.9599914550781,346.2300109863281,320.2980041503906,2717400
2023-03-02,343.989990234375,349.7799987792969,340.489990234375,349.1000061035156,322.9530334472656,3259800
2023-03-03,350.6400146484375,357.7699890136719,349.55999755859375,357.0899963378906,330.34454345703125,2396200
2023-03-06,358.05999755859375,358.8599853515625,353.7300109863281,357.04998779296875,330.30755615234375,1614200
2023-03-07,355.54998779296875,356.20001220703125,345.6300048828125,346.0799865722656,320.1591796875,2048500
2023-03-08,346.19000244140625,349.69000244140625,345.1700134277344,349.2900085449219,323.1287841796875,1584600
2023-03-09,349.20001220703125,354.2900085449219,341.04998779296875,342.0899963378906,316.468017578125,3177800
2023-03-10,338.8699951171875,339.92999267578125,326.0299987792969,327.6700134277344,303.12811279296875,4559700
2023-03-13,319.6700134277344,326.1099853515625,314.5400085449219,315.510009765625,291.8788146972656,5660700
2023-03-14,324.7699890136719,326.3800048828125,318.95001220703125,322.1499938964844,298.02154541015625,3785900
2023-03-15,310.7699890136719,312.510009765625,304.4100036621094,312.19000244140625,288.8074645996094,6596700
2023-03-16,309.0,318.32000732421875,304.9200134277344,315.0899963378906,291.49029541015625,4399100
2023-03-17,310.0899963378906,310.3999938964844,301.8699951171875,303.5400085449219,280.80535888671875,6369800
2023-03-20,306.7799987792969,312.20001220703125,306.260009765625,309.5299987792969,286.34674072265625,3963700
2023-03-21,317.6199951171875,320.32000732421875,315.3500061035156,317.2799987792969,293.5162658691406,3242400
2023-03-22,317.2799987792969,322.2200012207031,313.489990234375,313.6700134277344,290.1766357421875,2505900
2023-03-23,315.2099914550781,321.3599853515625,312.6400146484375,314.8500061035156,291.2682189941406,2585900
2023-03-24,310.1499938964844,312.75,305.3599853515625,312.57000732421875,289.1590881347656,2456700
2023-03-27,318.6199951171875,320.8999938964844,317.1700134277344,318.5299987792969,294.672607421875,2300600
2023-03-28,319.0899963378906,320.6099853515625,316.1199951171875,318.44000244140625,294.58935546875,1224300
2023-03-29,322.5,322.7099914550781,318.67999267578125,320.7200012207031,296.6986083984375,1475900
2023-03-30,324.55999755859375,324.8699951171875,319.8800048828125,321.1400146484375,297.087158203125,1456300
2023-03-31,323.4700012207031,327.3299865722656,322.4200134277344,327.1099853515625,302.6100158691406,2281100
2023-04-03,326.1400146484375,328.9800109863281,323.1499938964844,326.5199890136719,302.064208984375,1808800
2023-04-04,326.82000732421875,326.8699951171875,320.1199951171875,322.6499938964844,298.48406982421875,1536800
2023-04-05,319.6199951171875,322.20001220703125,319.3699951171875,321.5299987792969,297.44793701171875,1329300
2023-04-06,320.3800048828125,323.2300109863281,319.9800109863281,322.3999938964844,298.2528381347656,1311000
2023-04-10,322.3999938964844,324.989990234375,321.30999755859375,324.9599914550781,300.6210632324219,1114400
2023-04-11,326.04998779296875,329.20001220703125,323.6700134277344,327.3699951171875,302.85052490234375,1559600
2023-04-12,331.7200012207031,332.07000732421875,327.17999267578125,330.239990234375,305.50555419921875,1862400
2023-04-13,330.0799865722656,332.94000244140625,327.0,332.1300048828125,307.2539978027344,1765500
2023-04-14,336.5299987792969,339.6300048828125,334.32000732421875,336.9200134277344,311.6852722167969,2275700
2023-04-17,336.0,340.45001220703125,333.67999267578125,339.67999267578125,314.23858642578125,3012100
2023-04-18,328.0,336.54998779296875,326.1300048828125,333.9100036621094,308.900634765625,7549500
2023-04-19,332.9800109863281,336.989990234375,331.6700134277344,336.8900146484375,311.65753173828125,2625400
2023-04-20,334.95001220703125,339.30999755859375,334.32000732421875,338.7099914550781,313.34112548828125,2217900
2023-04-21,339.0,342.3599853515625,336.0,341.6600036621094,316.0702209472656,2278900
2023-04-24,341.989990234375,345.05999755859375,341.5299987792969,343.9599914550781,318.197998046875,1966300
2023-04-25,341.0,343.4700012207031,338.3299865722656,339.4800109863281,314.05352783203125,2138200
2023-04-26,337.5799865722656,340.6000061035156,334.6400146484375,336.55999755859375,311.35223388671875,2041900
2023-04-27,340.1400146484375,343.3599853515625,338.760009765625,341.6000061035156,316.0147399902344,1768200
2023-04-28,340.04998779296875,344.1000061035156,339.70001220703125,343.44000244140625,317.7168884277344,1714100
2023-05-01,344.04998779296875,347.4599914550781,340.3699951171875,340.57000732421875,315.06182861328125,1375000
2023-05-02,339.010009765625,339.8900146484375,330.0,333.3699951171875,308.4010925292969,2397600
2023-05-03,332.3599853515625,334.8299865722656,328.25,328.6499938964844,304.03466796875,1825400
2023-05-04,325.95001220703125,326.9800109863281,318.55999755859375,321.260009765625,297.1981506347656,2965100
2023-05-05,325.05999755859375,327.8699951171875,322.4200134277344,327.0199890136719,302.52679443359375,2413400
2023-05-08,329.6400146484375,330.29998779296875,325.6700134277344,326.510009765625,302.054931640625,1607300
2023-05-09,325.0400085449219,327.17999267578125,323.29998779296875,324.7699890136719,300.4452819824219,1253300
2023-05-10,329.9200134277344,329.9200134277344,319.0799865722656,322.54998779296875,298.3914794921875,1752200
2023-05-11,319.6600036621094,321.94000244140625,318.17999267578125,320.7200012207031,296.6986083984375,1515200
2023-05-12,322.0400085449219,323.2200012207031,317.32000732421875,319.5,295.5699462890625,1099100
2023-05-15,320.4200134277344,323.25,318.05999755859375,322.07000732421875,297.9474792480469,1178200
2023-05-16,322.5,323.07000732421875,320.5,320.80999755859375,296.7818603515625,1618900
2023-05-17,322.6600036621094,330.3900146484375,322.6600036621094,330.17999267578125,305.4500427246094,2098100
2023-05-18,330.0,330.6000061035156,325.6600036621094,329.5799865722656,304.8949890136719,1645400
2023-05-19,330.0,331.95001220703125,324.7900085449219,326.1499938964844,301.721923828125,1546100
2023-05-22,326.1499938964844,327.3399963378906,322.42999267578125,324.9200134277344,300.58404541015625,1498900
2023-05-23,323.6000061035156,327.1400146484375,322.80999755859375,323.57000732421875,299.335205078125,1550900
2023-05-24,320.3900146484375,321.8999938964844,318.79998779296875,319.80999755859375,295.85675048828125,1439100
2023-05-25,318.9200134277344,325.17999267578125,318.79998779296875,323.8800048828125,299.6219787597656,1618500
2023-05-26,324.7200012207031,332.8699951171875,324.0,332.010009765625,307.14300537109375,2718700
2023-05-30,332.0799865722656,332.5299987792969,327.7300109863281,330.8299865722656,306.0513916015625,1998600
2023-05-31,326.07000732421875,327.25,321.82000732421875,323.8999938964844,301.9219665527344,2938000
2023-06-01,324.510009765625,324.67999267578125,314.0199890136719,316.3999938964844,294.93084716796875,3339700
2023-06-02,318.239990234375,325.2699890136719,317.04998779296875,323.6499938964844,301.6889343261719,3987700
2023-06-05,322.92999267578125,323.489990234375,320.32000732421875,321.80999755859375,299.9737548828125,1462900
2023-06-06,322.42999267578125,328.07000732421875,321.3999938964844,326.79998779296875,304.62518310546875,1495600
2023-06-07,327.6400146484375,337.8399963378906,326.32000732421875,335.75,312.9678649902344,3382700
2023-06-08,335.3599853515625,336.3299865722656,331.3399963378906,335.4700012207031,312.7069396972656,2009500
2023-06-09,335.2099914550781,336.20001220703125,332.5400085449219,336.0199890136719,313.21954345703125,1702100
2023-06-12,338.44000244140625,340.0899963378906,336.3500061035156,339.489990234375,316.4541320800781,2290800
2023-06-13,340.20001220703125,345.2799987792969,339.45001220703125,342.5,319.2598876953125,1772400
2023-06-14,344.7799987792969,347.7300109863281,337.2300109863281,338.4200134277344,315.4567565917969,1819400
2023-06-15,337.32000732421875,344.0,335.70001220703125,339.739990234375,316.6871032714844,3322700
2023-06-16,341.3800048828125,341.3999938964844,337.1099853515625,338.30999755859375,315.3542175292969,4544900
2023-06-20,335.32000732421875,335.3800048828125,329.2300109863281,330.7200012207031,308.2792053222656,3208100
2023-06-21,328.45001220703125,330.0,324.9200134277344,325.07000732421875,303.0125732421875,2158700
2023-06-22,323.69000244140625,324.260009765625,319.010009765625,319.5799865722656,297.89508056640625,2409100
2023-06-23,316.55999755859375,317.7099914550781,314.07000732421875,314.7099914550781,293.3555603027344,2612000
2023-06-26,315.1300048828125,316.6400146484375,312.1700134277344,312.3599853515625,291.1650085449219,2481000
2023-06-27,312.4100036621094,315.67999267578125,310.55999755859375,313.45001220703125,292.18109130859375,2156800
2023-06-28,311.7200012207031,314.8999938964844,310.69000244140625,313.6600036621094,292.3768005371094,2423500
2023-06-29,317.8500061035156,325.5,316.25,323.0899963378906,301.1669616699219,3553600
2023-06-30,325.82000732421875,326.0299987792969,322.45001220703125,322.5400085449219,300.6542053222656,2361800
2023-07-03,322.4100036621094,329.3999938964844,322.4100036621094,326.6099853515625,304.4480895996094,1106800
2023-07-05,323.95001220703125,324.6099853515625,319.6300048828125,320.04998779296875,298.33319091796875,2561000
2023-07-06,318.0,318.6400146484375,312.8399963378906,313.0,291.7615661621094,2896900
2023-07-07,313.20001220703125,317.3699951171875,312.70001220703125,315.1700134277344,293.78436279296875,2903100
2023-07-10,316.6700134277344,320.0799865722656,316.0,316.4700012207031,294.99615478515625,1775800
2023-07-11,318.8299865722656,321.0400085449219,314.5799865722656,320.8800048828125,299.10693359375,2041700
2023-07-12,324.5799865722656,333.3500061035156,324.25,326.3999938964844,304.2523498535156,2741300
2023-07-13,327.3500061035156,329.2799987792969,325.69000244140625,328.67999267578125,306.3776550292969,2787800
2023-07-14,331.989990234375,332.4800109863281,325.0199890136719,326.19000244140625,304.05657958984375,1815200
2023-07-17,325.8900146484375,327.489990234375,324.3599853515625,327.20001220703125,304.9980773925781,1777400
2023-07-18,327.29998779296875,338.25,327.29998779296875,337.2699890136719,314.38482666015625,3887400
2023-07-19,338.0,345.8800048828125,331.29998779296875,340.54998779296875,317.4421691894531,6037400
2023-07-20,339.1600036621094,351.67999267578125,339.1600036621094,350.8599853515625,327.0526123046875,3915000
2023-07-21,351.7799987792969,355.0799865722656,346.7799987792969,351.9599914550781,328.07794189453125,3217400
2023-07-24,352.8299865722656,361.6199951171875,352.0,358.92999267578125,334.5750427246094,3517500
2023-07-25,357.4200134277344,360.82000732421875,353.9800109863281,354.70001220703125,330.632080078125,2893000
2023-07-26,354.489990234375,360.260009765625,354.2799987792969,357.55999755859375,333.2979736328125,2281600
2023-07-27,358.1300048828125,360.5400085449219,354.1700134277344,354.510009765625,330.45501708984375,2010800
2023-07-28,356.1099853515625,356.5,351.6099853515625,353.2300109863281,329.2618103027344,1827400
2023-07-31,354.8800048828125,357.20001220703125,354.0199890136719,355.8699951171875,331.7227478027344,1385500
2023-08-01,354.0,357.8699951171875,353.3900146484375,357.7200012207031,333.4471435546875,2024300
2023-08-02,354.989990234375,354.989990234375,348.8699951171875,351.1000061035156,327.27630615234375,2106600
2023-08-03,349.989990234375,355.2099914550781,348.6199951171875,353.1600036621094,329.19659423828125,1840400
2023-08-04,353.3399963378906,358.7300109863281,352.510009765625,353.2200012207031,329.25244140625,1725300
2023-08-07,355.3999938964844,357.6700134277344,353.9200134277344,355.55999755859375,331.4336853027344,1260300
2023-08-08,351.70001220703125,352.0,342.0299987792969,348.260009765625,324.6290283203125,1917300
2023-08-09,346.82000732421875,348.4599914550781,342.489990234375,342.69000244140625,319.43701171875,1326000
2023-08-10,344.07000732421875,347.260009765625,339.79998779296875,340.3999938964844,317.3023376464844,1345900
2023-08-11,339.92999267578125,341.7900085449219,337.54998779296875,340.7300109863281,317.6099548339844,1256800
2023-08-14,337.4100036621094,338.45001220703125,334.8599853515625,337.739990234375,314.8228759765625,1347000
2023-08-15,333.29998779296875,334.0299987792969,330.4800109863281,332.2099914550781,309.6681213378906,1657800
2023-08-16,330.5400085449219,332.9200134277344,328.9700012207031,329.1099853515625,306.7784729003906,3340300
2023-08-17,330.0,333.989990234375,324.0,327.5199890136719,305.29632568359375,3135200
2023-08-18,324.32000732421875,327.6199951171875,323.20001220703125,324.92999267578125,302.8821105957031,1730500
2023-08-21,325.3900146484375,326.3900146484375,319.3900146484375,322.05999755859375,300.20684814453125,1983500
2023-08-22,322.4800109863281,322.6400146484375,318.30999755859375,318.7900085449219,297.1587219238281,1810300
2023-08-23,320.6199951171875,322.45001220703125,318.0,322.3299865722656,300.45849609375,1429000
2023-08-24,322.1499938964844,327.489990234375,319.510009765625,319.9599914550781,298.24932861328125,1185600
2023-08-25,320.79998779296875,322.7200012207031,318.19000244140625,320.1499938964844,298.4263916015625,1159600
2023-08-28,321.3399963378906,326.6000061035156,321.3399963378906,325.9700012207031,303.85150146484375,1440100
2023-08-29,325.55999755859375,332.70001220703125,324.67999267578125,332.54998779296875,309.9850158691406,1831700
2023-08-30,330.0,331.9100036621094,327.6499938964844,328.5799865722656,308.8383483886719,1131500
2023-08-31,329.4100036621094,330.489990234375,325.9599914550781,327.7099914550781,308.0205383300781,1271100
2023-09-01,329.6700134277344,331.6199951171875,326.2099914550781,327.3999938964844,307.72918701171875,1201400
2023-09-05,327.3399963378906,328.4800109863281,322.6300048828125,323.75,304.2985534667969,1846000
2023-09-06,322.30999755859375,324.1400146484375,319.30999755859375,321.1300048828125,301.8359069824219,2120800
2023-09-07,320.6199951171875,324.2200012207031,320.1300048828125,321.9599914550781,302.6160888671875,1471100
2023-09-08,321.9200134277344,325.9700012207031,321.6600036621094,325.5199890136719,305.9621276855469,2026400
2023-09-11,328.260009765625,330.1499938964844,324.2900085449219,324.6499938964844,305.1445007324219,1283100
2023-09-12,324.010009765625,335.2799987792969,324.0,330.8999938964844,311.0189514160156,2054700
2023-09-13,333.5,337.010009765625,330.82000732421875,334.9800109863281,314.8538513183594,2165000
2023-09-14,339.0,345.1199951171875,336.8500061035156,344.57000732421875,323.86761474609375,2822700
2023-09-15,345.1499938964844,346.19000244140625,341.8599853515625,342.5400085449219,321.9595642089844,3063900
2023-09-18,342.5400085449219,344.260009765625,339.2699890136719,343.32000732421875,322.69268798828125,1356600
2023-09-19,343.4599914550781,344.9700012207031,337.9700012207031,341.8900146484375,321.3486328125,1660200
2023-09-20,342.6099853515625,343.79998779296875,336.2900085449219,336.70001220703125,316.4704895019531,1224400
2023-09-21,334.5,334.69000244140625,330.0799865722656,330.239990234375,310.39862060546875,1685100
2023-09-22,330.1000061035156,331.5400085449219,326.8299865722656,327.8900146484375,308.1898193359375,1669100
2023-09-25,327.07000732421875,329.2900085449219,325.2799987792969,328.8399963378906,309.082763671875,833300
2023-09-26,325.6099853515625,327.42999267578125,322.4200134277344,323.82000732421875,304.3643493652344,1481800
2023-09-27,324.9800109863281,325.0,318.9800109863281,321.95001220703125,302.606689453125,1493000
2023-09-28,320.2099914550781,326.8399963378906,320.2099914550781,325.20001220703125,305.6614074707031,1389600
2023-09-29,327.20001220703125,327.9599914550781,322.2699890136719,323.57000732421875,304.12933349609375,1403900
2023-10-02,322.0299987792969,323.5799865722656,317.1000061035156,318.5,299.364013671875,1303800
2023-10-03,315.2699890136719,315.67999267578125,304.3900146484375,306.1199951171875,287.7278137207031,3118600
2023-10-04,304.8500061035156,309.05999755859375,303.4800109863281,308.6000061035156,290.0587463378906,1872000
2023-10-05,307.3599853515625,310.54998779296875,304.2099914550781,310.5,291.8446350097656,1584600
2023-10-06,308.1099853515625,315.32000732421875,307.1700134277344,312.4800109863281,293.7056579589844,1595100
2023-10-09,308.8999938964844,313.4800109863281,308.3699951171875,312.6099853515625,293.8277893066406,1094400
2023-10-10,314.4700012207031,316.8500061035156,312.2900085449219,314.7699890136719,295.8580627441406,1193800
2023-10-11,315.42999267578125,316.6300048828125,311.6000061035156,313.0199890136719,294.2131652832031,1672500
2023-10-12,314.1499938964844,314.25,308.0199890136719,309.8500061035156,291.233642578125,1727700
2023-10-13,312.0,316.17999267578125,308.1700134277344,309.29998779296875,290.7166748046875,1785200
2023-10-16,313.17999267578125,315.8999938964844,310.25,314.3900146484375,295.5008544921875,2273900
2023-10-17,313.3800048828125,316.17999267578125,305.9100036621094,309.3599853515625,290.7731018066406,4123000
2023-10-18,307.0,307.2200012207031,301.4800109863281,301.9599914550781,283.8177185058594,3460300
2023-10-19,301.9599914550781,305.3399963378906,298.6300048828125,299.19000244140625,281.2141418457031,3211800
2023-10-20,298.5,303.25,298.1000061035156,300.04998779296875,282.0224609375,2329000
2023-10-23,298.2900085449219,303.54998779296875,298.19000244140625,299.2200012207031,281.2423400878906,2959800
2023-10-24,300.0,303.1000061035156,299.0799865722656,299.17999267578125,281.2047424316406,1697100
2023-10-25,298.6000061035156,300.0,295.0299987792969,296.760009765625,278.9301452636719,1809300
2023-10-26,296.9599914550781,300.1400146484375,294.7799987792969,296.989990234375,279.1462707519531,2011200
2023-10-27,297.54998779296875,298.2699890136719,289.3599853515625,289.9100036621094,272.4917297363281,2601700
2023-10-30,293.45001220703125,301.80999755859375,293.2900085449219,300.8299865722656,282.755615234375,3065200
2023-10-31,301.67999267578125,304.2900085449219,300.70001220703125,303.6099853515625,285.3685607910156,2611000
2023-11-01,303.3299865722656,308.25,302.8399963378906,307.1600036621094,288.7052917480469,2345400
2023-11-02,309.69000244140625,314.5400085449219,308.0,313.760009765625,294.90875244140625,2597000
2023-11-03,318.4599914550781,329.3299865722656,317.92999267578125,327.6199951171875,307.9360656738281,3742000
2023-11-06,326.6600036621094,328.8999938964844,322.1000061035156,323.9100036621094,304.44891357421875,2087600
2023-11-07,322.1300048828125,326.3900146484375,321.2900085449219,323.95001220703125,304.48651123046875,1505000
2023-11-08,323.95001220703125,326.6600036621094,323.6700134277344,324.55999755859375,305.0598449707031,1484400
2023-11-09,326.0,326.6499938964844,319.6600036621094,320.7799987792969,301.5069580078125,1787900
2023-11-10,323.32000732421875,326.05999755859375,321.6499938964844,325.510009765625,305.9527587890625,1781400
2023-11-13,324.1600036621094,328.7200012207031,323.5299987792969,326.9100036621094,307.2686462402344,1403300
2023-11-14,333.5299987792969,341.7799987792969,332.4700012207031,338.7200012207031,318.3691101074219,3592700
2023-11-15,339.8999938964844,341.0799865722656,335.3399963378906,337.6000061035156,317.31640625,2534500
2023-11-16,337.760009765625,339.75,335.010009765625,336.6700134277344,316.4422607421875,1620400
2023-11-17,339.5,340.45001220703125,338.1199951171875,339.19000244140625,318.8108825683594,1465200
2023-11-20,340.0,341.32000732421875,337.5,339.45001220703125,319.0552978515625,3146000
2023-11-21,338.3599853515625,339.0899963378906,334.54998779296875,334.9700012207031,314.8443298339844,1900900
2023-11-22,336.94000244140625,338.9100036621094,335.3699951171875,338.6400146484375,318.2938537597656,1235200
2023-11-24,338.79998779296875,340.2699890136719,337.6400146484375,339.1499938964844,318.7733154296875,460100
2023-11-27,339.19000244140625,340.0199890136719,335.739990234375,337.7099914550781,317.4197692871094,1250500
2023-11-28,337.3800048828125,338.3999938964844,334.8699951171875,337.6499938964844,317.3634338378906,1419000
2023-11-29,337.0,343.5299987792969,336.510009765625,340.260009765625,322.4427490234375,2038100
2023-11-30,341.67999267578125,344.760009765625,340.0899963378906,341.5400085449219,323.65570068359375,1903600
2023-12-01,341.4599914550781,348.8900146484375,340.4200134277344,348.42999267578125,330.1849060058594,3623300
2023-12-04,346.29998779296875,350.489990234375,345.2900085449219,349.3900146484375,331.09466552734375,2178100
2023-12-05,346.6000061035156,346.8299865722656,340.5400085449219,341.75,323.854736328125,2429700
2023-12-06,343.510009765625,347.0,341.6000061035156,341.9700012207031,324.0631408691406,1869300
2023-12-07,343.7099914550781,344.69000244140625,342.0,344.6199951171875,326.574462890625,2162400
2023-12-08,344.30999755859375,352.2900085449219,343.7799987792969,350.8299865722656,332.4591979980469,2238800
2023-12-11,351.44000244140625,353.0299987792969,349.04998779296875,351.760009765625,333.3406066894531,1636000
2023-12-12,351.4100036621094,354.0,349.5799865722656,352.6099853515625,334.14605712890625,1597600
2023-12-13,352.94000244140625,362.8500061035156,351.6000061035156,362.7300109863281,343.7361145019531,2876500
2023-12-14,366.5,386.20001220703125,365.0,383.4700012207031,363.3901062011719,5376300
2023-12-15,380.19000244140625,385.8999938964844,379.32000732421875,380.510009765625,360.5851135253906,4522300
2023-12-18,381.260009765625,382.760009765625,375.9100036621094,376.3999938964844,356.6902770996094,2740900
2023-12-19,376.010009765625,383.7699890136719,374.54998779296875,382.45001220703125,362.4234619140625,2091800
2023-12-20,380.7300109863281,385.1300048828125,377.25,377.5199890136719,357.7515869140625,1836500
2023-12-21,380.04998779296875,381.489990234375,377.010009765625,380.57000732421875,360.6419677734375,1301600
2023-12-22,382.0,383.489990234375,379.4100036621094,380.6499938964844,360.7177734375,1538200
2023-12-26,380.6499938964844,382.6099853515625,380.04998779296875,381.6099853515625,361.62750244140625,837300
2023-12-27,381.20001220703125,385.75,380.30999755859375,384.4800109863281,364.3471984863281,1367200
2023-12-28,384.5199890136719,387.760009765625,383.6300048828125,386.4100036621094,366.1761169433594,1024700
2023-12-29,385.57000732421875,386.6400146484375,383.57000732421875,385.7699890136719,365.5696716308594,881300
2024-01-02,383.0,389.1400146484375,382.19000244140625,388.29998779296875,367.9671630859375,2263100
2024-01-03,383.8800048828125,385.3999938964844,376.760009765625,381.7900085449219,361.79803466796875,2265300
2024-01-04,383.54998779296875,387.0899963378906,381.95001220703125,382.95001220703125,362.8973083496094,1618300
2024-01-05,381.9200134277344,389.4700012207031,381.0799865722656,386.44000244140625,366.2045593261719,2913900
2024-01-08,385.9700012207031,389.0799865722656,382.0299987792969,388.8599853515625,368.4978332519531,1902600
2024-01-09,384.6000061035156,385.95001220703125,381.7699890136719,383.739990234375,363.6459045410156,1708800
2024-01-10,381.3500061035156,383.04998779296875,378.5299987792969,381.9599914550781,361.9591369628906,1547300
2024-01-11,380.8900146484375,380.9800109863281,374.67999267578125,379.75,359.86492919921875,2209900
2024-01-12,383.3399963378906,385.8500061035156,376.5799865722656,377.75,357.9696044921875,2223800
2024-01-16,378.3599853515625,385.010009765625,374.32000732421875,380.45001220703125,360.52825927734375,3926600
2024-01-17,375.20001220703125,380.20001220703125,374.1300048828125,377.17999267578125,357.429443359375,2415100
2024-01-18,380.3299865722656,381.6400146484375,374.55999755859375,376.9100036621094,357.173583984375,1771200
2024-01-19,376.7300109863281,383.29998779296875,372.07000732421875,382.20001220703125,362.18658447265625,2603300
2024-01-22,386.3599853515625,392.7300109863281,384.55999755859375,385.9599914550781,365.74969482421875,2922700
2024-01-23,379.9800109863281,383.3599853515625,378.6300048828125,380.7699890136719,360.8315124511719,3313300
2024-01-24,381.80999755859375,384.6099853515625,379.17999267578125,379.3999938964844,359.533203125,2235800
2024-01-25,382.69000244140625,386.7099914550781,382.010009765625,382.70001220703125,362.6604309082031,2376300
2024-01-26,378.6499938964844,380.8999938964844,376.75,377.7900085449219,358.00750732421875,3464700
2024-01-29,375.8900146484375,380.8399963378906,374.239990234375,380.55999755859375,360.6324462890625,1632300
2024-01-30,384.0,387.9200134277344,381.5899963378906,386.8699951171875,366.612060546875,3897900
2024-01-31,386.0,393.9100036621094,383.70001220703125,384.010009765625,363.9018249511719,3421100
2024-02-01,384.42999267578125,389.5400085449219,378.79998779296875,383.8500061035156,363.75018310546875,2138500
2024-02-02,381.79998779296875,388.739990234375,380.6000061035156,387.8599853515625,367.5502014160156,2180900
2024-02-05,384.6000061035156,385.3299865722656,381.0,383.0199890136719,362.9636535644531,2231100
2024-02-06,383.0199890136719,386.82000732421875,383.0,384.989990234375,364.8305358886719,1487800
2024-02-07,385.30999755859375,387.07000732421875,382.5,386.6600036621094,366.4130554199219,1963200
2024-02-08,386.0,388.1099853515625,381.3399963378906,385.0400085449219,364.8778991699219,1913700
2024-02-09,384.7699890136719,386.1300048828125,382.5899963378906,384.260009765625,364.1387634277344,2028200
2024-02-12,385.0,396.3500061035156,384.32000732421875,392.6400146484375,372.0799255371094,2797200
2024-02-13,387.5899963378906,389.1600036621094,375.20001220703125,378.75,358.917236328125,3030800
2024-02-14,380.8800048828125,381.4800109863281,375.7799987792969,378.0400085449219,358.24444580078125,2041300
2024-02-15,379.4200134277344,387.2099914550781,379.1400146484375,385.4200134277344,365.23797607421875,2218900
2024-02-16,383.239990234375,387.5799865722656,380.95001220703125,384.44000244140625,364.309326171875,2376800
2024-02-20,380.95001220703125,385.5799865722656,380.8500061035156,384.5199890136719,364.38507080078125,2358900
2024-02-21,381.8399963378906,388.6600036621094,381.260009765625,388.2699890136719,367.9386901855469,1772500
2024-02-22,389.2300109863281,395.6000061035156,389.0,390.4700012207031,370.0235900878906,2326800
2024-02-23,390.0,396.7900085449219,389.2099914550781,391.04998779296875,370.57318115234375,2247400
2024-02-26,391.04998779296875,396.05999755859375,388.82000732421875,390.2200012207031,369.7866516113281,1797800
2024-02-27,392.260009765625,395.8999938964844,389.3299865722656,390.80999755859375,370.3457336425781,1724900
2024-02-28,387.19000244140625,393.260009765625,387.0,393.17999267578125,375.2320251464844,2572900
2024-02-29,395.2200012207031,395.9800109863281,385.6700134277344,389.04998779296875,371.29052734375,3139100
2024-03-01,389.6300048828125,391.0400085449219,385.25,388.1000061035156,370.3839111328125,1697700
2024-03-04,388.80999755859375,396.57000732421875,386.20001220703125,392.25,374.344482421875,1955100
2024-03-05,390.7200012207031,397.489990234375,390.30999755859375,390.9100036621094,373.065673828125,2697800
2024-03-06,395.0,395.2900085449219,384.5199890136719,389.57000732421875,371.78680419921875,2692400
2024-03-07,391.8999938964844,394.510009765625,387.05999755859375,388.42999267578125,370.69891357421875,2033100
2024-03-08,388.7300109863281,395.6199951171875,386.7099914550781,386.989990234375,369.3245849609375,1657200
2024-03-11,385.6700134277344,386.4100036621094,381.4200134277344,386.1600036621094,368.5325012207031,1654200
2024-03-12,387.6199951171875,389.1300048828125,383.7799987792969,388.17999267578125,370.46026611328125,1703900
2024-03-13,388.9100036621094,395.25,388.17999267578125,392.30999755859375,374.4017333984375,2370600
2024-03-14,394.42999267578125,396.3800048828125,385.45001220703125,388.6099853515625,370.87066650390625,3029500
2024-03-15,388.8699951171875,391.1300048828125,386.3999938964844,387.2099914550781,369.5345764160156,3763900
2024-03-18,388.6499938964844,389.0299987792969,383.4100036621094,384.3699951171875,366.8241882324219,2069000
2024-03-19,384.07000732421875,390.7799987792969,383.7099914550781,388.6600036621094,370.9183349609375,1858200
2024-03-20,386.3599853515625,396.5,386.0,396.4700012207031,378.371826171875,2157400
2024-03-21,399.7699890136719,414.0199890136719,399.0899963378906,413.7099914550781,394.82489013671875,4613800
2024-03-22,414.3999938964844,416.760009765625,405.7799987792969,406.82000732421875,388.2494201660156,2190300
2024-03-25,406.8699951171875,410.4599914550781,403.8599853515625,404.94000244140625,386.4552001953125,1683900
2024-03-26,406.0899963378906,409.3299865722656,404.5199890136719,406.17999267578125,387.63861083984375,1407000
2024-03-27,409.6199951171875,415.489990234375,408.3699951171875,415.25,396.2945556640625,2353600
2024-03-28,416.2099914550781,419.20001220703125,414.9800109863281,417.69000244140625,398.6231689453125,2409700
2024-04-01,416.67999267578125,417.95001220703125,412.0,413.510009765625,394.6340026855469,1863900
2024-04-02,410.739990234375,413.1700134277344,407.6199951171875,410.1499938964844,391.4273986816406,1976000
2024-04-03,411.0,416.6300048828125,411.0,414.0,395.1016540527344,1549200
2024-04-04,418.0,419.0,405.70001220703125,406.25,387.70538330078125,1704700
2024-04-05,406.55999755859375,409.1400146484375,401.4700012207031,408.07000732421875,389.44232177734375,1694900
2024-04-08,409.1000061035156,412.5299987792969,407.54998779296875,410.5400085449219,391.799560546875,1181900
2024-04-09,411.510009765625,413.2200012207031,407.04998779296875,410.7099914550781,391.9617919921875,1247200
2024-04-10,404.010009765625,405.45001220703125,397.2900085449219,400.760009765625,382.466064453125,1903300
2024-04-11,400.4800109863281,401.4700012207031,394.8399963378906,397.4800109863281,379.3357849121094,2176200
2024-04-12,392.8399963378906,394.0899963378906,387.1199951171875,389.489990234375,371.7104187011719,2815800
2024-04-15,407.0,412.8699951171875,398.69000244140625,400.8800048828125,382.58050537109375,6177000
2024-04-16,404.45001220703125,404.9700012207031,395.17999267578125,396.8599853515625,378.7440490722656,3459700
2024-04-17,402.3999938964844,407.1199951171875,401.17999267578125,403.9100036621094,385.4721984863281,4373800
2024-04-18,405.489990234375,407.8599853515625,402.4100036621094,403.1099853515625,384.708740234375,2776300
2024-04-19,404.05999755859375,408.0,403.010009765625,404.0,385.55810546875,2805500
2024-04-22,406.94000244140625,417.9800109863281,404.57000732421875,417.3500061035156,398.2987060546875,4165600
2024-04-23,417.7099914550781,425.3500061035156,416.20001220703125,424.0,404.6451416015625,2662300
2024-04-24,421.5,424.5799865722656,419.6099853515625,423.0400085449219,403.7290344238281,1575900
2024-04-25,420.989990234375,423.6099853515625,414.8500061035156,420.04998779296875,400.8754577636719,1970100
2024-04-26,420.2300109863281,428.5299987792969,419.6400146484375,427.57000732421875,408.0522155761719,2322700
2024-04-29,427.57000732421875,433.3299865722656,427.20001220703125,430.80999755859375,411.144287109375,2453000
2024-04-30,428.5,431.3900146484375,426.0,426.7099914550781,407.2314758300781,1829900
2024-05-01,426.69000244140625,433.42999267578125,425.19000244140625,426.95001220703125,407.46044921875,2310100
2024-05-02,431.20001220703125,433.6499938964844,428.1700134277344,432.57000732421875,412.823974609375,2087500
2024-05-03,435.0,442.29998779296875,434.9200134277344,438.17999267578125,418.1778564453125,2406300
2024-05-06,441.75,444.3800048828125,439.67999267578125,443.6700134277344,423.4172668457031,1914300
2024-05-07,445.1700134277344,447.4200134277344,442.8699951171875,443.79998779296875,423.54132080078125,2058200
2024-05-08,442.79998779296875,448.0199890136719,442.04998779296875,446.95001220703125,426.5475769042969,2006700
2024-05-09,446.3399963378906,456.42999267578125,446.3399963378906,455.55999755859375,434.7645263671875,2710200
2024-05-10,456.5199890136719,458.75,454.32000732421875,454.7300109863281,433.972412109375,1823900
2024-05-13,456.2699890136719,457.20001220703125,453.32000732421875,453.55999755859375,432.8558044433594,1579600
2024-05-14,454.8399963378906,461.7699890136719,454.010009765625,458.4700012207031,437.5416564941406,2412900
2024-05-15,461.5899963378906,466.19000244140625,460.95001220703125,466.0899963378906,444.8138122558594,2217700
2024-05-16,464.3699951171875,468.25,462.2799987792969,464.5199890136719,443.3154602050781,2070300
2024-05-17,466.3800048828125,468.6600036621094,464.25,467.7200012207031,446.3694152832031,1655900
2024-05-20,468.20001220703125,471.4800109863281,462.6000061035156,462.94000244140625,441.8076477050781,2591500
2024-05-21,462.2300109863281,471.30999755859375,462.20001220703125,470.4100036621094,448.9366760253906,2762600
2024-05-22,467.3599853515625,470.3299865722656,459.75,462.3800048828125,441.2731628417969,2729500
2024-05-23,464.2300109863281,464.30999755859375,457.4100036621094,458.1499938964844,437.2362060546875,2254500
2024-05-24,459.8399963378906,465.25,459.1000061035156,461.17999267578125,440.1279602050781,1932200
2024-05-28,459.94000244140625,463.69000244140625,458.9100036621094,459.80999755859375,438.8204345703125,1930800
2024-05-29,454.8399963378906,458.739990234375,451.6499938964844,457.1700134277344,436.301025390625,2315700
2024-05-30,453.0,455.8599853515625,447.6000061035156,450.2300109863281,432.278076171875,2135000
2024-05-31,449.760009765625,456.7699890136719,448.1199951171875,456.5199890136719,438.3172607421875,2638300
2024-06-03,458.8699951171875,458.8699951171875,450.20001220703125,454.9800109863281,436.8387145996094,1930700
2024-06-04,450.5,457.7099914550781,449.2099914550781,455.29998779296875,437.1458740234375,1835000
2024-06-05,457.54998779296875,463.0199890136719,457.5,461.67999267578125,443.2715148925781,1678900
2024-06-06,461.82000732421875,464.5199890136719,457.010009765625,458.1000061035156,439.8342590332031,1598000
2024-06-07,455.44000244140625,461.1600036621094,454.5,454.9100036621094,436.771484375,1736100
2024-06-10,452.3299865722656,455.3599853515625,450.29998779296875,453.54998779296875,435.4656677246094,1698600
2024-06-11,451.0400085449219,451.8599853515625,443.3800048828125,444.2699890136719,426.5556945800781,1938200
2024-06-12,455.6000061035156,457.6400146484375,446.19000244140625,448.70001220703125,430.8091125488281,1733000
2024-06-13,446.7300109863281,448.32000732421875,442.1499938964844,446.3500061035156,428.552734375,1849100
2024-06-14,441.989990234375,448.2300109863281,439.1499938964844,446.4599914550781,428.6584167480469,1559100
2024-06-17,445.1000061035156,450.7799987792969,443.3900146484375,450.17999267578125,432.23004150390625,1531600
2024-06-18,449.57000732421875,457.69000244140625,448.510009765625,457.42999267578125,439.1909484863281,1798400
2024-06-20,458.0,460.4100036621094,455.239990234375,458.04998779296875,439.7862243652344,2080600
2024-06-21,458.67999267578125,458.79998779296875,449.8999938964844,450.17999267578125,432.23004150390625,3780800
2024-06-24,451.25,463.5199890136719,450.0,462.0899963378906,443.6651306152344,1882200
2024-06-25,459.4599914550781,464.0799865722656,456.75,457.3800048828125,439.1429748535156,1555900
2024-06-26,455.4100036621094,457.92999267578125,452.45001220703125,455.8599853515625,437.6835632324219,2131700
2024-06-27,449.7799987792969,449.7799987792969,442.79998779296875,445.9599914550781,428.1783142089844,2835200
2024-06-28,450.1000061035156,457.3399963378906,449.5299987792969,452.32000732421875,434.28472900390625,3839700
2024-07-01,454.510009765625,464.0199890136719,454.010009765625,463.6600036621094,445.17254638671875,1850500
2024-07-02,461.510009765625,466.2699890136719,459.6000061035156,465.6099853515625,447.0448303222656,1491800
2024-07-03,469.0400085449219,469.8900146484375,465.82000732421875,467.9200134277344,449.26275634765625,993900
2024-07-05,467.4700012207031,467.5799865722656,460.1300048828125,464.75,446.2191162109375,1593800
2024-07-08,467.6499938964844,474.8599853515625,464.0400085449219,464.82000732421875,446.2862854003906,2214300
2024-07-09,465.6000061035156,479.29998779296875,461.5799865722656,472.8299865722656,453.9769287109375,4525100
2024-07-10,472.510009765625,479.8599853515625,469.8500061035156,478.8900146484375,459.7953186035156,1946000
2024-07-11,480.0,483.1600036621094,476.2699890136719,479.2300109863281,460.12176513671875,2251400
2024-07-12,480.92999267578125,483.44000244140625,478.1000061035156,479.8800048828125,460.745849609375,2727800
2024-07-15,480.25,493.0,476.30999755859375,492.2300109863281,472.6034240722656,3568200
2024-07-16,494.0,506.5899963378906,491.989990234375,503.0199890136719,482.96319580078125,3981700
2024-07-17,503.0,509.4800109863281,499.42999267578125,502.17999267578125,482.1566162109375,3908900
2024-07-18,499.5199890136719,503.69000244140625,484.2200012207031,486.2099914550781,466.82342529296875,3320200
2024-07-19,489.1199951171875,492.6000061035156,483.19000244140625,484.92999267578125,465.594482421875,2032700
2024-07-22,484.55999755859375,489.4700012207031,482.3800048828125,487.0400085449219,467.620361328125,1792500
2024-07-23,487.0799865722656,495.80999755859375,486.2799987792969,492.1499938964844,472.52655029296875,2020500
2024-07-24,489.260009765625,495.989990234375,485.82000732421875,486.70001220703125,467.2939147949219,1598600
2024-07-25,486.04998779296875,496.1099853515625,483.2300109863281,491.7099914550781,472.1041259765625,1489700
2024-07-26,495.7200012207031,504.0,495.6499938964844,499.0299987792969,479.1322937011719,2249700
2024-07-29,500.4200134277344,502.0,491.05999755859375,492.7200012207031,473.07391357421875,1599500
2024-07-30,498.30999755859375,509.4700012207031,498.29998779296875,505.6700134277344,485.5075378417969,2642500
2024-07-31,504.8599853515625,517.260009765625,504.8599853515625,509.0299987792969,488.7335510253906,2658900
2024-08-01,510.0,514.02001953125,494.67999267578125,500.1199951171875,480.1788024902344,4006800
2024-08-02,491.1000061035156,494.4599914550781,467.2099914550781,470.6400146484375,451.8742980957031,6115500
2024-08-05,447.5899963378906,463.17999267578125,437.3699951171875,459.0199890136719,440.71759033203125,4177200
2024-08-06,461.010009765625,475.25,457.42999267578125,470.2200012207031,451.4709777832031,2209300
2024-08-07,479.3900146484375,488.54998779296875,472.57000732421875,473.010009765625,454.14971923828125,2587600
2024-08-08,477.8699951171875,487.7300109863281,477.1600036621094,485.7699890136719,466.40093994140625,1936400
2024-08-09,485.0199890136719,492.0,482.20001220703125,490.260009765625,470.7119445800781,1622700
2024-08-12,490.260009765625,492.8699951171875,483.75,485.5,466.1417541503906,1839300
2024-08-13,490.2900085449219,493.2699890136719,486.4700012207031,491.94000244140625,472.3249816894531,1243700
2024-08-14,492.8999938964844,499.3500061035156,488.3999938964844,498.70001220703125,478.8154602050781,1545600
2024-08-15,505.0,506.9100036621094,498.260009765625,499.0199890136719,479.12261962890625,1732300
2024-08-16,497.04998779296875,504.9100036621094,497.0,504.260009765625,484.1537170410156,1587000
2024-08-19,505.0,507.7799987792969,501.8599853515625,504.67999267578125,484.5569763183594,1027900
2024-08-20,503.8699951171875,504.1600036621094,496.5,497.3399963378906,477.5096435546875,2122700
2024-08-21,499.5,500.7799987792969,494.0299987792969,496.4599914550781,476.6647644042969,917100
2024-08-22,497.0,499.70001220703125,494.7900085449219,497.75,477.9032897949219,943800
2024-08-23,502.75,512.4400024414062,499.8500061035156,509.4200134277344,489.1080017089844,1751800
2024-08-26,512.3400268554688,513.5,505.32000732421875,507.8699951171875,487.6197814941406,1084200
2024-08-27,507.8399963378906,511.4800109863281,506.5899963378906,507.260009765625,487.03411865234375,977900
2024-08-28,506.6000061035156,508.3699951171875,498.4700012207031,503.3299865722656,483.26080322265625,1568100
2024-08-29,506.0,513.239990234375,501.1400146484375,510.1000061035156,489.7608947753906,1566300
2024-08-30,507.8299865722656,511.19000244140625,505.1700134277344,510.25,492.80316162109375,1838900
2024-09-03,507.4700012207031,509.70001220703125,485.3999938964844,487.4599914550781,470.79241943359375,2373600
2024-09-04,486.70001220703125,496.20001220703125,486.70001220703125,490.6400146484375,473.8636779785156,1509400
2024-09-05,493.5799865722656,495.7699890136719,483.07000732421875,487.8800048828125,471.1980895996094,1828300
2024-09-06,486.6000061035156,495.4100036621094,477.05999755859375,479.6099853515625,463.2108154296875,1995600
2024-09-09,485.5299987792969,494.2799987792969,483.3900146484375,488.57000732421875,471.8644714355469,1714200
2024-09-10,489.1300048828125,489.20001220703125,461.57000732421875,467.1300048828125,451.1575622558594,3583100
2024-09-11,463.9800109863281,471.8900146484375,457.4800109863281,471.1700134277344,455.0594787597656,2426500
2024-09-12,471.29998779296875,474.3399963378906,465.3999938964844,474.05999755859375,457.8505554199219,1480500
2024-09-13,475.989990234375,482.1000061035156,475.5,478.989990234375,462.61199951171875,1794500
2024-09-16,481.42999267578125,487.3800048828125,479.489990234375,485.1600036621094,468.57110595703125,1500300
2024-09-17,488.0,489.7300109863281,481.79998779296875,485.3900146484375,468.793212890625,1444900
2024-09-18,485.3999938964844,492.989990234375,481.7699890136719,484.5799865722656,468.0108642578125,1699500
2024-09-19,494.739990234375,506.4100036621094,493.4599914550781,503.8299865722656,486.6026916503906,3060700
2024-09-20,500.19000244140625,502.04998779296875,495.4800109863281,498.42999267578125,481.3872985839844,4452600
2024-09-23,498.2099914550781,501.3999938964844,495.2200012207031,497.4100036621094,480.4021911621094,953200
2024-09-24,497.5899963378906,499.55999755859375,494.1000061035156,498.0199890136719,480.9913024902344,1035400
2024-09-25,498.5,502.0,490.3999938964844,491.1400146484375,474.34661865234375,1763900
2024-09-26,494.0,498.3999938964844,492.4800109863281,496.9200134277344,479.928955078125,1378100
2024-09-27,498.9700012207031,505.3999938964844,495.8599853515625,498.510009765625,481.464599609375,1420100
2024-09-30,494.8900146484375,496.5199890136719,488.8999938964844,495.1099853515625,478.18084716796875,1602500
2024-10-01,494.5799865722656,494.5799865722656,484.6099853515625,490.1700134277344,473.4097595214844,1528600
2024-10-02,491.1700134277344,494.8599853515625,487.95001220703125,491.989990234375,475.16754150390625,1445100
2024-10-03,489.92999267578125,490.510009765625,484.20001220703125,486.1000061035156,469.47894287109375,1290600
2024-10-04,495.6400146484375,496.30999755859375,486.0,495.1600036621094,478.22918701171875,1721600
2024-10-07,494.6300048828125,499.010009765625,490.7900085449219,494.6199951171875,477.7076110839844,1173300
2024-10-08,497.0,498.3399963378906,492.7799987792969,496.57000732421875,479.5909423828125,1296700
2024-10-09,498.20001220703125,506.2699890136719,495.25,505.17999267578125,487.9065246582031,1695900
2024-10-10,506.30999755859375,506.79998779296875,499.5899963378906,503.7200012207031,486.49639892578125,1309000
2024-10-11,508.0,517.969970703125,507.79998779296875,516.2999877929688,498.646240234375,2409700
2024-10-14,517.6500244140625,523.0700073242188,515.510009765625,522.75,504.8757629394531,2174900
2024-10-15,538.7999877929688,540.510009765625,515.510009765625,522.3800048828125,504.5184020996094,4525400
2024-10-16,530.0,536.219970703125,525.97998046875,529.8599853515625,511.74261474609375,2649000
2024-10-17,531.239990234375,535.2899780273438,528.22998046875,529.0,510.91204833984375,2123500
2024-10-18,529.3900146484375,530.77001953125,526.8699951171875,528.5,510.42913818359375,1779200
2024-10-21,528.0,529.8499755859375,517.0,517.7999877929688,500.0949401855469,1752100
2024-10-22,515.6099853515625,519.6300048828125,512.9400024414062,518.2999877929688,500.577880859375,1588000
2024-10-23,515.7999877929688,520.0,513.4000244140625,517.2000122070312,499.5155334472656,1263200
2024-10-24,519.0,525.0,518.2000122070312,524.5,506.5658874511719,2058200
2024-10-25,528.0499877929688,528.7999877929688,510.739990234375,512.5999755859375,495.0727844238281,1633200
2024-10-28,515.4000244140625,524.5900268554688,514.97998046875,523.5800170898438,505.6773681640625,1687100
2024-10-29,521.1799926757812,527.239990234375,521.0,524.280029296875,506.3533935546875,1281600
2024-10-30,523.4000244140625,530.7899780273438,523.0700073242188,524.4000244140625,506.4693908691406,1441600
2024-10-31,522.4400024414062,525.0,514.530029296875,517.7899780273438,500.0853576660156,2061700
2024-11-01,520.0,526.6400146484375,517.0399780273438,519.3499755859375,501.5920104980469,1625000
2024-11-04,518.0,518.0499877929688,510.510009765625,511.4700012207031,493.9814453125,1797800
2024-11-05,513.0,527.4600219726562,512.5999755859375,526.9600219726562,508.9418640136719,2169900
2024-11-06,567.2999877929688,598.6099853515625,566.0999755859375,595.97998046875,575.601806640625,8042800
2024-11-07,590.0,595.0,581.52001953125,582.1699829101562,562.2639770507812,4475600
2024-11-08,586.4199829101562,595.1500244140625,581.2999877929688,589.260009765625,569.111572265625,2714000
2024-11-11,598.9000244140625,607.1500244140625,596.1699829101562,602.3400268554688,581.7443237304688,2510800
2024-11-12,598.0499877929688,602.0900268554688,591.469970703125,592.5900268554688,572.3278198242188,2392900
2024-11-13,594.6300048828125,603.5499877929688,592.6500244140625,594.219970703125,573.9019165039062,1763100
2024-11-14,600.0,601.530029296875,586.239990234375,588.6099853515625,568.4838256835938,1670500
2024-11-15,593.3599853515625,595.1400146484375,587.0900268554688,593.5399780273438,573.2452392578125,2007700
2024-11-18,594.7100219726562,595.0700073242188,584.719970703125,587.989990234375,567.8849487304688,1848900
2024-11-19,579.6599731445312,584.760009765625,575.510009765625,581.3800048828125,561.5010986328125,2217400
2024-11-20,583.8300170898438,587.7999877929688,576.6199951171875,581.9299926757812,562.0322875976562,1528600
2024-11-21,586.510009765625,600.7000122070312,584.510009765625,596.1099853515625,575.727294921875,2281900
2024-11-22,596.219970703125,603.9400024414062,594.4400024414062,602.780029296875,582.1693725585938,1733700
2024-11-25,608.7899780273438,611.2999877929688,598.8300170898438,603.030029296875,582.4108276367188,2940800
2024-11-26,600.1300048828125,607.1900024414062,593.0,605.5,584.7962646484375,2846500
2024-11-27,607.6799926757812,612.25,603.280029296875,605.4299926757812,584.7286987304688,1424500
2024-11-29,609.3099975585938,612.72998046875,607.0599975585938,608.5700073242188,587.7613525390625,1170200
2024-12-02,608.0,611.9099731445312,601.2999877929688,601.7100219726562,584.0148315429688,1804100
2024-12-03,608.9600219726562,611.4199829101562,600.7999877929688,602.0800170898438,584.3740234375,1718100
2024-12-04,603.0,604.280029296875,596.760009765625,598.7100219726562,581.1030883789062,1617300
2024-12-05,600.530029296875,606.5599975585938,596.3499755859375,596.7999877929688,579.249267578125,1672800
2024-12-06,597.1599731445312,600.0,594.3699951171875,599.6799926757812,582.0445556640625,1405700
2024-12-09,598.989990234375,603.0,593.719970703125,594.1199951171875,576.6480102539062,1633200
2024-12-10,590.0,596.27001953125,583.760009765625,585.030029296875,567.8253784179688,2600800
2024-12-11,590.1199951171875,593.7100219726562,586.9000244140625,592.5599975585938,575.1339111328125,2195300
2024-12-12,592.5900268554688,596.3200073242188,588.6099853515625,591.6099853515625,574.2118530273438,1218400
2024-12-13,594.0,595.0,585.0800170898438,585.47998046875,568.2621459960938,1215000
2024-12-16,588.0,588.27001953125,578.7000122070312,586.3300170898438,569.087158203125,1713300
2024-12-17,580.8400268554688,581.6099853515625,572.2899780273438,574.6799926757812,557.77978515625,2314100
2024-12-18,577.489990234375,579.469970703125,544.489990234375,550.25,534.0682373046875,3271600
2024-12-19,561.4400024414062,567.0,553.5999755859375,553.989990234375,537.6981811523438,2753300
2024-12-20,554.9400024414062,572.9000244140625,553.3800048828125,566.0999755859375,549.4520874023438,4515900
2024-12-23,565.0,571.6400146484375,561.7999877929688,570.780029296875,553.9944458007812,1519500
2024-12-24,574.2000122070312,582.7899780273438,571.3599853515625,582.7899780273438,565.6511840820312,913400
2024-12-26,578.1500244140625,582.5900268554688,577.5,581.22998046875,564.1370849609375,1092000
2024-12-27,577.0,581.9600219726562,571.3499755859375,576.1799926757812,559.2357177734375,1486000
2024-12-30,567.27001953125,576.02001953125,565.0999755859375,573.5499877929688,556.6829833984375,1265900
2024-12-31,575.0700073242188,576.9199829101562,570.4000244140625,572.6199951171875,555.7802734375,1055800
2025-01-02,579.3099975585938,584.3099975585938,569.739990234375,574.969970703125,558.0612182617188,2219000
2025-01-03,581.0,582.1400146484375,571.72998046875,580.1300048828125,563.0694580078125,1422600
2025-01-06,584.97998046875,593.6500244140625,579.8200073242188,583.3900146484375,566.2337036132812,2257000
2025-01-07,587.1099853515625,588.280029296875,568.4000244140625,580.1199951171875,563.0597534179688,2021900
2025-01-08,581.0399780273438,581.2000122070312,572.6699829101562,580.02001953125,562.9627685546875,1513400
2025-01-10,576.25,576.25,558.010009765625,560.0,543.531494140625,2817900
2025-01-13,557.8800048828125,566.1900024414062,556.760009765625,562.9500122070312,546.394775390625,1871200
2025-01-14,569.6599731445312,573.5900268554688,565.2000122070312,571.530029296875,554.7223510742188,2221900
2025-01-15,598.0,609.4099731445312,593.0,605.9199829101562,588.10107421875,5119800
2025-01-16,609.989990234375,616.8400268554688,606.0,612.989990234375,594.9631958007812,3224500
2025-01-17,617.7999877929688,627.0,613.0,625.9400024414062,607.5323486328125,3425200
2025-01-21,616.8099975585938,635.4299926757812,609.0,634.739990234375,616.0734252929688,5076700
2025-01-22,633.4400024414062,635.5999755859375,629.7100219726562,632.72998046875,614.1226196289062,2835700
2025-01-23,634.9199829101562,645.5399780273438,634.489990234375,639.5,620.6935424804688,2582700
2025-01-24,630.0,640.5999755859375,628.9600219726562,636.9000244140625,618.1701049804688,3183500
2025-01-27,625.0,635.7100219726562,624.4600219726562,633.280029296875,614.656494140625,3351700
2025-01-28,632.2000122070312,639.0800170898438,631.8099975585938,637.7999877929688,619.04345703125,2338000
2025-01-29,637.0,649.0,636.4099731445312,637.3800048828125,618.6358642578125,1918900
2025-01-30,644.489990234375,649.52001953125,641.0,645.7000122070312,626.7112426757812,1812800
2025-01-31,650.0,650.0,637.4400024414062,640.4000244140625,621.5670776367188,1995100
2025-02-03,626.0,638.47998046875,622.47998046875,632.3699951171875,613.773193359375,2102600
2025-02-04,632.0,637.6699829101562,629.0900268554688,634.1799926757812,615.5299682617188,1743400
2025-02-05,638.0,646.4099731445312,635.530029296875,645.4500122070312,626.4685668945312,1908200
2025-02-06,650.0,658.8499755859375,648.9400024414062,658.219970703125,638.8629760742188,2439200
2025-02-07,659.4000244140625,663.8699951171875,653.1599731445312,655.9000244140625,636.6112670898438,2616700
2025-02-10,659.02001953125,662.489990234375,644.25,650.530029296875,631.3991088867188,2351600
2025-02-11,646.780029296875,649.0399780273438,643.5999755859375,647.239990234375,628.2059326171875,2711400
2025-02-12,643.760009765625,650.469970703125,639.1099853515625,649.0,629.9142456054688,2295800
2025-02-13,651.8300170898438,652.0,640.510009765625,648.9500122070312,629.86572265625,2031800
2025-02-14,650.3200073242188,663.260009765625,650.3200073242188,660.5499877929688,641.1244506835938,2246000
2025-02-18,662.5900268554688,672.1900024414062,661.02001953125,672.1900024414062,652.422119140625,2350100
2025-02-19,669.0800170898438,671.0399780273438,663.280029296875,668.1500244140625,648.5010375976562,1953600
2025-02-20,668.030029296875,670.280029296875,631.6599731445312,642.260009765625,623.3724365234375,3929000
2025-02-21,644.75,647.5,623.4299926757812,625.5999755859375,607.2022094726562,3000800
2025-02-24,633.510009765625,637.2999877929688,614.7999877929688,626.1400146484375,607.7264404296875,3274100
2025-02-25,628.530029296875,631.3200073242188,606.0,614.9099731445312,596.82666015625,2885900
2025-02-26,616.6699829101562,623.1300048828125,615.2000122070312,617.77001953125,599.6025390625,2001200
2025-02-27,617.5399780273438,625.22998046875,607.3099975585938,608.0,590.1199340820312,2396300
2025-02-28,607.7899780273438,623.6500244140625,604.010009765625,622.2899780273438,606.984619140625,3337200
2025-03-03,622.4000244140625,628.780029296875,598.3200073242188,605.260009765625,590.37353515625,3152300
2025-03-04,595.97998046875,600.0,567.5700073242188,581.1400146484375,566.8467407226562,4061000
2025-03-05,582.0900268554688,597.1199951171875,576.780029296875,593.0700073242188,578.4832153320312,2600600
2025-03-06,580.5900268554688,586.7100219726562,564.6199951171875,567.6699829101562,553.7079467773438,4332300
2025-03-07,568.1699829101562,568.1699829101562,544.9099731445312,559.6699829101562,545.90478515625,4069600
2025-03-10,542.2999877929688,546.469970703125,523.1300048828125,531.6599731445312,518.5836791992188,5272100
2025-03-11,532.469970703125,539.989990234375,524.2000122070312,531.4299926757812,518.359375,4190500
2025-03-12,544.0,545.0,528.5900268554688,535.7100219726562,522.5340576171875,3078100
2025-03-13,535.6699829101562,538.1400146484375,520.0599975585938,524.8099975585938,511.90216064453125,2529100
2025-03-14,533.989990234375,543.5700073242188,526.7000122070312,541.4099731445312,528.0938110351562,2808100
2025-03-17,541.22998046875,557.1599731445312,540.0,551.3400268554688,537.7796020507812,2695600
2025-03-18,550.2899780273438,553.75,546.6500244140625,551.780029296875,538.2088623046875,2641000
2025-03-19,549.0,563.0,544.5999755859375,557.3400268554688,543.6321411132812,2769800
2025-03-20,553.0999755859375,568.4400024414062,552.0,562.6799926757812,548.8406982421875,2531300
2025-03-21,555.3300170898438,567.0,551.2100219726562,565.1400146484375,551.2402954101562,3565600
2025-03-24,575.0,582.719970703125,573.0499877929688,580.0999755859375,565.832275390625,1877700
2025-03-25,584.6900024414062,586.8900146484375,578.2100219726562,585.9400024414062,571.528564453125,1875500
2025-03-26,588.3900146484375,592.6400146484375,571.0,573.9199829101562,559.8043212890625,1944200
2025-03-27,565.0,566.0,552.5499877929688,558.9199829101562,545.1731567382812,2100900
2025-03-28,555.9500122070312,560.5,537.7100219726562,543.1199951171875,529.7617797851562,2773100
2025-03-31,533.8200073242188,547.3900146484375,528.5900268554688,546.2899780273438,532.8538818359375,2455100
2025-04-01,543.25,551.9600219726562,533.239990234375,548.4500122070312,534.9607543945312,1869600
2025-04-02,539.7999877929688,567.3200073242188,539.0800170898438,563.0999755859375,549.2503051757812,2560700
2025-04-03,525.4299926757812,529.989990234375,509.55999755859375,511.2300109863281,498.6561584472656,5193900
2025-04-04,487.0,492.0,460.0,470.80999755859375,459.23028564453125,8105200
2025-04-07,446.8999938964844,489.9800109863281,439.3800048828125,465.510009765625,454.0606994628906,6353800
2025-04-08,488.25,491.9200134277344,452.8299865722656,462.2200012207031,450.8515930175781,4240900
2025-04-09,451.3599853515625,522.0,447.1099853515625,516.8699951171875,504.15740966796875,7024100
2025-04-10,503.1000061035156,503.1000061035156,474.0,489.79998779296875,477.75323486328125,5374500
2025-04-11,487.0,498.5199890136719,478.5799865722656,494.44000244140625,482.27911376953125,3770200
2025-04-14,510.0,512.0,497.1499938964844,503.9800109863281,491.5845031738281,4392600
2025-04-15,507.4100036621094,518.6500244140625,507.0,507.8900146484375,495.3983154296875,2501200
2025-04-16,501.7200012207031,509.45001220703125,492.69000244140625,499.04998779296875,486.7757263183594,2765600
2025-04-17,503.239990234375,514.8300170898438,499.1199951171875,509.489990234375,496.95892333984375,2593500
2025-04-21,505.3999938964844,509.2699890136719,494.67999267578125,501.3599853515625,489.0289001464844,2859300
2025-04-22,510.2300109863281,521.0,508.92999267578125,519.989990234375,507.2007141113281,2514600
2025-04-23,533.6300048828125,551.7899780273438,528.260009765625,529.3099975585938,516.2913818359375,3048100
2025-04-24,527.0999755859375,546.8400268554688,523.4199829101562,545.3699951171875,531.9564208984375,2223600
2025-04-25,544.5999755859375,549.0900268554688,541.219970703125,544.8599853515625,531.4590454101562,1612700
2025-04-28,544.8599853515625,554.5,542.469970703125,546.4000244140625,532.961181640625,1459700
2025-04-29,543.7899780273438,550.8800048828125,541.2999877929688,548.9199829101562,535.4191284179688,1695600
2025-04-30,535.760009765625,549.52001953125,531.4500122070312,547.5499877929688,534.0828857421875,2438300
2025-05-01,548.0999755859375,558.3499755859375,545.5,553.8300170898438,540.2084350585938,2583000
2025-05-02,561.5800170898438,569.780029296875,559.7000122070312,566.0999755859375,552.1765747070312,2883000
2025-05-05,558.3599853515625,566.5599975585938,557.5,559.5599975585938,545.7974853515625,2197200
2025-05-06,549.5999755859375,557.4400024414062,547.0599975585938,549.3599853515625,535.848388671875,2902500
2025-05-07,550.2100219726562,555.3800048828125,547.739990234375,551.9199829101562,538.3453979492188,1954900
2025-05-08,558.8200073242188,572.1599731445312,558.2100219726562,565.7000122070312,551.7864379882812,1994600
2025-05-09,570.25,572.0999755859375,565.780029296875,567.0999755859375,553.1519775390625,1522500
2025-05-12,596.260009765625,603.3699951171875,588.0800170898438,591.3400268554688,576.7958374023438,3527700
2025-05-13,593.2999877929688,607.7100219726562,593.0599975585938,603.8099975585938,588.9591674804688,2765800
2025-05-14,603.7999877929688,615.0,602.5,611.5999755859375,596.5575561523438,2874400
2025-05-15,609.72998046875,619.2100219726562,609.72998046875,615.9000244140625,600.7517700195312,2428100
2025-05-16,616.9500122070312,620.7899780273438,613.5599975585938,619.030029296875,603.8048095703125,2021800
2025-05-19,609.1900024414062,619.3800048828125,598.3400268554688,612.2999877929688,597.2402954101562,2842100
2025-05-20,607.75,611.5499877929688,603.010009765625,606.52001953125,591.6024780273438,1601600
2025-05-21,601.7999877929688,609.8699951171875,592.0,593.4600219726562,578.8637084960938,2635900
2025-05-22,592.5499877929688,602.2000122070312,592.510009765625,598.22998046875,583.516357421875,1939600
2025-05-23,585.0,601.9600219726562,582.5,598.5399780273438,583.8187255859375,1530600
2025-05-27,605.9000244140625,617.6699829101562,604.9500122070312,615.72998046875,600.5859985351562,2364700
2025-05-28,617.280029296875,618.6300048828125,607.3099975585938,608.4400024414062,593.4752807617188,2001900
2025-05-29,608.52001953125,610.0,598.2999877929688,604.8599853515625,589.9833374023438,1736100
2025-05-30,600.0,603.5999755859375,593.8300170898438,600.4500122070312,588.6011352539062,2129500
2025-06-02,598.5999755859375,599.1699829101562,592.1699829101562,598.719970703125,586.9052734375,1221200
2025-06-03,600.0,606.3200073242188,593.72998046875,603.8300170898438,591.9144287109375,1730300
2025-06-04,605.47998046875,606.3300170898438,598.719970703125,599.2100219726562,587.3856811523438,1294900
2025-06-05,600.0,609.719970703125,592.9000244140625,605.8800048828125,593.9240112304688,2086700
2025-06-06,613.0,621.3800048828125,610.0,614.0,601.8837890625,1675900
2025-06-09,614.75,619.0999755859375,611.010009765625,613.52001953125,601.4132080078125,1610700
2025-06-10,613.0,616.5499877929688,609.3099975585938,614.8699951171875,602.736572265625,1376400
2025-06-11,617.1799926757812,629.8400268554688,614.5900268554688,624.1699829101562,611.8530883789062,2063600
2025-06-12,621.0,626.010009765625,615.7999877929688,625.1099853515625,612.7745361328125,1634700
2025-06-13,616.0499877929688,620.1199951171875,609.5900268554688,613.5399780273438,601.432861328125,1674800
2025-06-16,619.0,632.27001953125,618.0,627.8499755859375,615.4603881835938,1870400
2025-06-17,624.7000122070312,631.6699829101562,623.0,624.6400146484375,612.3138427734375,1479300
2025-06-18,624.510009765625,639.8800048828125,623.6500244140625,635.239990234375,622.70458984375,2423100
2025-06-20,638.8300170898438,642.6400146484375,636.6900024414062,640.7999877929688,628.1549072265625,4115400
2025-06-23,639.260009765625,647.4199829101562,630.010009765625,646.8800048828125,634.1149291992188,2020800
2025-06-24,654.4500122070312,663.77001953125,653.239990234375,662.1099853515625,649.0443725585938,2307800
2025-06-25,664.5999755859375,670.1199951171875,660.7899780273438,669.8699951171875,656.6512451171875,1566400
2025-06-26,670.6199951171875,689.3300170898438,670.510009765625,687.1599731445312,673.6000366210938,2849500
2025-06-27,691.0,694.2000122070312,685.3900146484375,690.8099975585938,677.177978515625,3650500
2025-06-30,714.27001953125,714.2999877929688,702.9500122070312,707.75,693.78369140625,3976400
2025-07-01,708.0,713.010009765625,700.6099853515625,706.4600219726562,692.519287109375,3301000
2025-07-02,708.7999877929688,718.72998046875,705.0800170898438,715.8900146484375,701.7631225585938,2906500
2025-07-03,715.9099731445312,726.0,713.4000244140625,723.6799926757812,709.3994140625,1502000
2025-07-07,721.7000122070312,723.969970703125,706.3400268554688,710.9299926757812,696.9009399414062,2863700
2025-07-08,710.719970703125,711.1900024414062,693.77001953125,697.280029296875,683.5203857421875,3100700
2025-07-09,704.3400268554688,704.3400268554688,694.7100219726562,696.5599975585938,682.8145751953125,1763400
2025-07-10,696.739990234375,710.3800048828125,696.4500122070312,709.1199951171875,695.126708984375,1733500
2025-07-11,703.5900268554688,706.0,700.22998046875,704.9500122070312,691.0390625,1681800
2025-07-14,704.739990234375,713.4299926757812,702.1300048828125,713.2999877929688,699.2242431640625,1909300
2025-07-15,713.2999877929688,714.6900024414062,700.0399780273438,702.510009765625,688.6471557617188,1981200
2025-07-16,708.5,709.780029296875,691.2999877929688,708.8200073242188,694.8326416015625,3323200
2025-07-17,706.280029296875,717.4500122070312,704.280029296875,705.8400268554688,691.9114990234375,2046100
2025-07-18,707.0599975585938,710.2899780273438,698.3900146484375,708.260009765625,694.28369140625,1925200
2025-07-21,709.1400146484375,712.760009765625,704.3499755859375,706.0,692.0682983398438,2006500
2025-07-22,703.6599731445312,706.489990234375,691.8800048828125,700.4099731445312,686.5885620117188,1978900
2025-07-23,702.0,719.010009765625,701.5,717.52001953125,703.3609619140625,2395700
2025-07-24,718.9299926757812,725.77001953125,714.72998046875,719.1799926757812,704.9882202148438,1974700
2025-07-25,720.760009765625,729.8900146484375,718.3499755859375,728.97998046875,714.5947875976562,1851400
2025-07-28,728.0,732.52001953125,722.1699829101562,723.6500244140625,709.3699951171875,1464800
2025-07-29,726.8499755859375,734.1300048828125,722.4199829101562,731.97998046875,717.5355834960938,2136000
2025-07-30,731.1400146484375,737.8800048828125,723.1799926757812,730.75,716.329833984375,1816200
2025-07-31,726.5900268554688,734.0399780273438,720.4400024414062,723.5900268554688,709.3111572265625,2358100
2025-08-01,710.510009765625,714.52001953125,694.0499877929688,709.5700073242188,695.5678100585938,2999100
2025-08-04,715.2000122070312,726.7899780273438,715.2000122070312,726.030029296875,711.7030639648438,1753700
2025-08-05,728.0,729.4000244140625,714.5499877929688,720.9099731445312,706.6840209960938,1977300
2025-08-06,724.5,728.2999877929688,722.0,724.739990234375,710.4384765625,1477100
2025-08-07,730.6199951171875,732.9400024414062,717.6099853515625,719.739990234375,705.5371704101562,1400400
2025-08-08,725.8599853515625,728.0,718.6500244140625,721.27001953125,707.0369262695312,1275400
2025-08-11,722.2000122070312,723.8400268554688,715.739990234375,719.239990234375,705.0469970703125,1273500
2025-08-12,725.280029296875,748.1400146484375,724.3499755859375,743.3800048828125,728.7107543945312,2418100
2025-08-13,745.780029296875,748.9099731445312,732.6199951171875,744.6900024414062,729.9948120117188,1862600
2025-08-14,742.719970703125,748.1599731445312,737.0,747.2000122070312,732.4552612304688,1371200
2025-08-15,749.0,749.0499877929688,729.1799926757812,730.719970703125,716.3004150390625,1645900
2025-08-18,729.5,731.6099853515625,723.8699951171875,730.9600219726562,716.5357055664062,1157800
2025-08-19,729.1599731445312,730.0,717.72998046875,721.3800048828125,707.144775390625,1856400
2025-08-20,721.2000122070312,722.25,705.5499877929688,720.6799926757812,706.4585571289062,1872700
2025-08-21,716.5399780273438,719.219970703125,712.969970703125,715.9500122070312,701.822021484375,1162000
2025-08-22,720.1400146484375,744.8400268554688,718.5800170898438,741.8900146484375,727.2500610351562,1948600
2025-08-25,741.8900146484375,746.5,738.3300170898438,738.7899780273438,724.2112426757812,1381200
2025-08-26,737.7100219726562,749.1599731445312,733.8599853515625,748.9500122070312,734.1707153320312,1511600
2025-08-27,745.969970703125,753.0,745.02001953125,749.6699829101562,734.8765258789062,1534800
2025-08-28,750.989990234375,753.3300170898438,746.989990234375,751.219970703125,736.3958740234375,1411200
2025-08-29,746.7100219726562,748.9199829101562,738.9000244140625,745.25,734.4544677734375,1467000
2025-09-02,736.3900146484375,736.3900146484375,721.1599731445312,730.8499755859375,720.2630004882812,2296400
2025-09-03,728.5599975585938,732.02001953125,722.2999877929688,730.5599975585938,719.977294921875,1485600
2025-09-04,733.75,748.9099731445312,731.1699829101562,748.9000244140625,738.0516357421875,1778200
2025-09-05,752.1900024414062,757.3499755859375,727.1500244140625,738.2100219726562,727.5164184570312,1822800
2025-09-08,739.4199829101562,743.5399780273438,733.5700073242188,741.8499755859375,731.1036987304688,1400100
2025-09-09,740.1300048828125,765.6199951171875,738.5399780273438,763.9199829101562,752.85400390625,2611300
2025-09-10,761.8599853515625,774.469970703125,761.6300048828125,769.5800170898438,758.4320068359375,1996200
2025-09-11,772.0,793.1699829101562,771.3499755859375,784.72998046875,773.3626098632812,2075700
2025-09-12,783.5,787.030029296875,776.260009765625,780.0599975585938,768.76025390625,1099400
2025-09-15,782.9500122070312,792.3800048828125,781.4400024414062,786.760009765625,775.3631591796875,1292000
2025-09-16,789.530029296875,790.010009765625,779.6900024414062,785.530029296875,774.1510009765625,1529500
2025-09-17,788.8599853515625,798.5700073242188,785.22998046875,794.219970703125,782.7151489257812,1945300
2025-09-18,795.5700073242188,807.280029296875,792.4000244140625,804.3099975585938,792.658935546875,1501600
2025-09-19,804.0900268554688,809.6599731445312,797.3699951171875,805.0,793.3389282226562,3789800
2025-09-22,801.1400146484375,806.030029296875,797.5399780273438,805.5599975585938,793.8908081054688,1151000
2025-09-23,807.0999755859375,825.25,802.0,806.3200073242188,794.6398315429688,1758800
2025-09-24,809.5499877929688,812.8400268554688,792.3400268554688,792.4299926757812,780.9510498046875,1402500
2025-09-25,786.0,798.1799926757812,782.010009765625,794.760009765625,783.247314453125,1413100
2025-09-26,797.1599731445312,809.5,795.1300048828125,802.510009765625,790.8850708007812,1376200
2025-09-29,807.7999877929688,808.8400268554688,797.989990234375,804.1199951171875,792.4716186523438,1059000
2025-09-30,805.5,809.6199951171875,786.4500122070312,796.3499755859375,784.814208984375,2463900
2025-10-01,793.6199951171875,796.280029296875,783.22998046875,785.510009765625,774.13134765625,1788900
2025-10-02,788.8800048828125,791.0,772.4400024414062,779.3800048828125,768.090087890625,1553700
2025-10-03,783.0,794.9199829101562,777.8599853515625,789.97998046875,778.5364990234375,1470500
2025-10-06,795.0,802.5,780.0499877929688,796.780029296875,785.2380981445312,1632600
2025-10-07,798.0,805.3200073242188,781.3900146484375,789.6500244140625,778.2113647460938,1547200
2025-10-08,791.75,795.0,774.3400268554688,776.510009765625,765.2616577148438,1939300
2025-10-09,778.8499755859375,782.9099731445312,771.3499755859375,779.9600219726562,768.6616821289062,1575000
2025-10-10,783.1199951171875,791.6599731445312,764.0,764.3599853515625,753.2876586914062,2457900
2025-10-13,777.8800048828125,791.0499877929688,777.8800048828125,786.780029296875,775.3829345703125,2766000
2025-10-14,764.4500122070312,786.5700073242188,742.4600219726562,770.760009765625,759.594970703125,4710800
2025-10-15,778.6199951171875,782.489990234375,762.6599731445312,767.9299926757812,756.805908203125,3217400
2025-10-16,770.6599731445312,781.4400024414062,752.4099731445312,758.0900268554688,747.1085205078125,3160900
2025-10-17,758.1500244140625,758.9400024414062,740.010009765625,750.77001953125,739.89453125,2884700
2025-10-20,757.0,766.4199829101562,752.8800048828125,763.3200073242188,752.2626953125,1925400
2025-10-21,759.0,765.2999877929688,758.27001953125,758.97998046875,747.985595703125,1782200
2025-10-22,760.6099853515625,760.6099853515625,743.1099853515625,744.5999755859375,733.8138427734375,2141400
2025-10-23,749.3400268554688,755.0,744.6599731445312,750.780029296875,739.9044189453125,1615400
2025-10-24,759.8499755859375,784.6099853515625,756.0,783.8800048828125,772.5248413085938,2505600
2025-10-27,789.0,796.7100219726562,787.010009765625,789.989990234375,778.5463256835938,1645300
2025-10-28,792.0499877929688,798.3599853515625,787.3499755859375,792.0900268554688,780.6160278320312,1242000
2025-10-29,788.0,800.489990234375,778.8200073242188,783.0599975585938,771.716796875,2251500
2025-10-30,783.5599975585938,807.1400146484375,780.5999755859375,790.1599731445312,778.7139282226562,1829500
2025-10-31,784.97998046875,791.719970703125,783.0,789.3699951171875,777.9354248046875,1328100
2025-11-03,789.5700073242188,796.0,781.4400024414062,785.52001953125,774.1411743164062,1569100
2025-11-04,777.0,806.0,773.0,790.8300170898438,779.374267578125,2046000
2025-11-05,790.4400024414062,797.3599853515625,775.5800170898438,793.0900268554688,781.6015625,1832700
2025-11-06,794.0,798.2000122070312,777.0,787.5800170898438,776.1713256835938,1572500
2025-11-07,783.0,787.0599975585938,762.7999877929688,786.3400268554688,774.94921875,2098400
2025-11-10,796.0800170898438,806.3599853515625,788.7999877929688,797.2000122070312,785.6519775390625,1698200
2025-11-11,798.47998046875,812.0,795.6099853515625,810.3099975585938,798.572021484375,1521500
2025-11-12,814.1300048828125,840.0,814.1300048828125,838.969970703125,826.8168334960938,2954100
2025-11-13,833.0599975585938,841.280029296875,805.02001953125,805.5,793.8317260742188,2557400
2025-11-14,795.5499877929688,800.6099853515625,778.0,790.9099731445312,779.4530029296875,2552000
2025-11-17,790.0,796.72998046875,770.5,775.5599975585938,764.325439453125,1850600
2025-11-18,772.0599975585938,787.7000122070312,766.5399780273438,776.2999877929688,765.0546875,1673500
2025-11-19,776.2999877929688,787.8699951171875,775.0,785.989990234375,774.6043090820312,1521100
2025-11-20,795.25,816.0,772.1900024414062,773.7000122070312,762.4923706054688,2599000
2025-11-21,776.8300170898438,780.3699951171875,754.0,774.030029296875,762.8175659179688,2284700
2025-11-24,778.6400146484375,793.989990234375,775.3599853515625,790.7100219726562,779.2559814453125,2319500
2025-11-25,797.0,805.260009765625,777.989990234375,802.3200073242188,790.69775390625,2252900
2025-11-26,805.8400268554688,819.5800170898438,805.0,816.010009765625,804.189453125,1862500
2025-11-28,820.0,830.5700073242188,818.9500122070312,826.0399780273438,814.0741577148438,868300
2025-12-01,818.5900268554688,824.72998046875,809.6099853515625,810.8599853515625,799.1140747070312,2133200
2025-12-02,811.1199951171875,819.7000122070312,808.2999877929688,815.2100219726562,807.3839111328125,2254200
2025-12-03,812.9500122070312,837.9099731445312,812.9500122070312,836.5700073242188,828.538818359375,2347900
2025-12-04,835.5399780273438,843.989990234375,834.5,837.8300170898438,829.7868041992188,1670800
2025-12-05,837.260009765625,856.2000122070312,836.52001953125,854.5599975585938,846.3561401367188,2277500
2025-12-08,861.0999755859375,870.5599975585938,856.2999877929688,866.6900024414062,858.3696899414062,2238100
2025-12-09,866.0,883.719970703125,864.3099975585938,876.5800170898438,868.164794921875,2274800
2025-12-10,871.3499755859375,897.2000122070312,869.27001953125,889.239990234375,880.7032470703125,2394300
2025-12-11,889.97998046875,919.0999755859375,888.0,911.030029296875,902.2840576171875,2683000
2025-12-12,913.75,914.989990234375,886.989990234375,887.9600219726562,879.435546875,2715200
2025-12-15,892.0,904.469970703125,889.5900268554688,889.5900268554688,881.0499267578125,1976600
2025-12-16,890.22998046875,896.239990234375,874.3200073242188,879.1500244140625,870.7100830078125,2161600
2025-12-17,886.3300170898438,895.969970703125,868.4400024414062,872.3300170898438,863.9556274414062,2213300
2025-12-18,880.5,892.7899780273438,874.7000122070312,876.2999877929688,867.887451171875,2066300
2025-12-19,883.1699829101562,899.75,881.9500122070312,893.47998046875,884.9024658203125,4808300
2025-12-22,896.52001953125,905.47998046875,894.8400268554688,899.0,890.3695068359375,1442300
2025-12-23,900.3499755859375,905.9199829101562,893.7000122070312,901.7100219726562,893.0535888671875,1210200
2025-12-24,901.1599731445312,911.8800048828125,898.7000122070312,910.780029296875,902.0364379882812,771800
2025-12-26,911.0,913.3200073242188,905.3099975585938,907.0399780273438,898.332275390625,995300
2025-12-29,906.4500122070312,906.47998046875,891.5599975585938,892.1799926757812,883.614990234375,1578000
2025-12-30,894.739990234375,895.02001953125,881.1799926757812,884.4199829101562,875.929443359375,1833300
2025-12-31,884.0999755859375,886.0,876.7899780273438,879.0,870.5615234375,1221500
2026-01-02,884.0,914.4400024414062,880.75,914.3400268554688,905.5623168945312,2817600
2026-01-05,914.4000244140625,961.6900024414062,912.5999755859375,948.4400024414062,939.3348999023438,3742000
2026-01-06,949.4099731445312,958.5700073242188,943.25,955.469970703125,946.2974243164062,1966000
2026-01-07,956.8800048828125,958.25,934.0,941.02001953125,931.9861450195312,2683300
2026-01-08,935.47998046875,945.1900024414062,932.0,934.8300170898438,925.8555297851562,1960800
2026-01-09,938.77001953125,946.1400146484375,932.7000122070312,938.97998046875,929.9656982421875,1334100
2026-01-12,934.0,950.5599975585938,929.1099853515625,949.5499877929688,940.4342041015625,2179600
2026-01-13,947.3200073242188,949.9400024414062,931.0,938.1500244140625,929.1437377929688,1969600
2026-01-14,932.2999877929688,938.1500244140625,917.9000244140625,932.6699829101562,923.71630859375,2513000
2026-01-15,924.9000244140625,981.260009765625,924.6699829101562,975.8599853515625,966.4916381835938,3773700
2026-01-16,973.0,984.7000122070312,957.0,962.0,952.7647094726562,3071600
2026-01-20,946.3800048828125,962.5999755859375,939.0999755859375,943.3699951171875,934.3135986328125,2629100
2026-01-21,944.0,968.9199829101562,943.4500122070312,953.010009765625,943.861083984375,2251300
2026-01-22,960.0599975585938,970.9500122070312,950.8099975585938,954.6500244140625,945.4853515625,2468300
2026-01-23,934.0800170898438,937.1900024414062,917.0499877929688,918.8800048828125,910.0586547851562,3872600
2026-01-26,918.4099731445312,933.739990234375,917.97998046875,931.8599853515625,922.9140625,2655900
2026-01-27,924.0,933.4000244140625,920.3900146484375,929.719970703125,920.7946166992188,2012500
2026-01-28,932.510009765625,937.1699829101562,922.760009765625,936.8099975585938,927.8165283203125,1674100
2026-01-29,937.2999877929688,955.3800048828125,925.1300048828125,940.1199951171875,931.0947875976562,2335400
2026-01-30,933.9500122070312,947.0,923.1699829101562,935.4099731445312,926.4299926757812,1893700
2026-02-02,932.1300048828125,949.4400024414062,912.0800170898438,946.3300170898438,937.2451782226562,1802000
2026-02-03,949.5,964.5,919.0599975585938,938.989990234375,929.9755859375,2321900
2026-02-04,937.1199951171875,944.1599731445312,893.7999877929688,913.2999877929688,904.5322265625,3561900
2026-02-05,901.6699829101562,910.8300170898438,876.719970703125,890.4099731445312,881.8619995117188,3214300
2026-02-06,907.8699951171875,931.77001953125,907.22998046875,928.75,919.8339233398438,2473200
2026-02-09,929.0,949.0,927.1099853515625,943.6199951171875,934.5612182617188,2322600
2026-02-10,945.7000122070312,961.8300170898438,929.9299926757812,948.989990234375,939.879638671875,3324900
2026-02-11,950.6400146484375,968.1300048828125,931.280029296875,944.5900268554688,935.5219116210938,2654300
2026-02-12,956.1699829101562,968.3900146484375,903.97998046875,904.5499877929688,895.8662109375,3188700
2026-02-13,894.4099731445312,905.989990234375,869.0,905.1400146484375,896.4506225585938,2623000
2026-02-17,907.72998046875,921.5499877929688,905.6799926757812,916.0399780273438,907.2459106445312,2008500
2026-02-18,921.5800170898438,947.7000122070312,919.97998046875,933.72998046875,924.76611328125,1864900
2026-02-19,925.0,929.6599731445312,906.489990234375,916.6500244140625,907.85009765625,1974200
2026-02-20,912.5499877929688,922.3699951171875,900.5700073242188,922.239990234375,913.3864135742188,2009100
2026-02-23,918.5,932.0,883.75,892.3099975585938,883.7437133789062,2535900
2026-02-24,885.4400024414062,911.77001953125,881.6500244140625,902.27001953125,893.608154296875,1971500
2026-02-25,914.719970703125,922.510009765625,907.52001953125,921.3800048828125,912.53466796875,1763600
2026-02-26,927.760009765625,938.3900146484375,921.5399780273438,929.0,920.08154296875,2220300
2026-02-27,912.0,916.25,854.1500244140625,859.5700073242188,851.3180541992188,5552300
2026-03-02,840.0,873.6300048828125,836.0,861.7000122070312,857.9190063476562,2873200
2026-03-03,836.0,868.3400268554688,824.6400146484375,862.5800170898438,858.795166015625,3782100
2026-03-04,869.8400268554688,878.7999877929688,860.0,867.25,863.4446411132812,2081700
2026-03-05,862.010009765625,866.52001953125,822.2000122070312,835.4600219726562,831.7941284179688,3093700
2026-03-06,816.0,827.1599731445312,801.3300170898438,821.4199829101562,817.8157348632812,2473000
2026-03-09,810.0,836.6799926757812,795.0,832.030029296875,828.3792114257812,3258200
2026-03-10,834.6799926757812,846.0900268554688,826.3499755859375,833.8099975585938,830.1513671875,1871900
2026-03-11,829.9500122070312,832.7999877929688,810.5399780273438,823.760009765625,820.1454467773438,2227000
2026-03-12,805.3200073242188,807.2100219726562,784.0999755859375,787.52001953125,784.0645141601562,3533000
2026-03-13,789.3599853515625,798.0,780.5,782.2100219726562,778.7777709960938,2567400
2026-03-16,792.0,805.4600219726562,790.0,794.77001953125,791.2826538085938,2082700
2026-03-17,806.2999877929688,820.4400024414062,803.469970703125,807.0399780273438,803.498779296875,1955600
2026-03-18,801.0,816.1900024414062,801.0,805.47998046875,801.9456787109375,1541300
2026-03-19,792.9299926757812,816.1799926757812,790.5900268554688,809.5,805.9480590820312,1765900
2026-03-20,807.0,827.22998046875,804.9299926757812,813.530029296875,809.9603881835938,3918400
2026-03-23,833.0,849.530029296875,829.0,831.27001953125,827.6224975585938,2190300
2026-03-24,824.9299926757812,844.5,818.0,835.719970703125,832.052978515625,1656100
2026-03-25,845.010009765625,854.75,833.9000244140625,841.8400268554688,838.1461791992188,1628900
2026-03-26,833.7899780273438,844.7999877929688,816.1099853515625,822.6400146484375,819.0303955078125,2052200
2026-03-27,813.6699829101562,817.0999755859375,797.780029296875,802.8900146484375,799.3670654296875,2106800
2026-03-30,811.1199951171875,818.6300048828125,801.8800048828125,807.5999755859375,804.0563354492188,1621400
2026-03-31,823.9000244140625,848.5,810.0,845.989990234375,842.2778930664062,2689800
