Date,Open,High,Low,Close,Adj Close,Volume
2016-04-01,44.400001525878906,44.63999938964844,43.61000061035156,44.560001373291016,39.34648132324219,6223500
2016-04-04,44.7599983215332,45.11000061035156,44.0,44.11000061035156,38.949134826660156,5219200
2016-04-05,43.810001373291016,44.15999984741211,43.529998779296875,43.630001068115234,38.525306701660156,4979200
2016-04-06,43.650001525878906,43.86000061035156,43.09000015258789,43.66999816894531,38.56061553955078,4079600
2016-04-07,43.630001068115234,44.439998626708984,43.310001373291016,43.650001525878906,38.54294967651367,5923800
2016-04-08,43.900001525878906,44.650001525878906,43.65999984741211,44.5,39.29350280761719,4785600
2016-04-11,44.75,45.61000061035156,44.36000061035156,44.369998931884766,39.17870330810547,6456300
2016-04-12,44.380001068115234,44.95000076293945,44.22999954223633,44.650001525878906,39.42594909667969,4340300
2016-04-13,45.06999969482422,45.9900016784668,44.7599983215332,45.84000015258789,40.47673034667969,7720100
2016-04-14,46.2400016784668,47.0099983215332,46.029998779296875,46.709999084472656,41.244930267333984,7506300
2016-04-15,47.150001525878906,47.18000030517578,46.40999984741211,47.040000915527344,41.53632354736328,5810900
2016-04-18,47.45000076293945,47.45000076293945,46.7599983215332,47.099998474121094,41.589298248291016,4281400
2016-04-19,47.11000061035156,47.5,46.77000045776367,47.130001068115234,41.615787506103516,5073600
2016-04-20,47.31999969482422,47.5,47.0099983215332,47.04999923706055,41.54515075683594,6669400
2016-04-21,48.0,48.0,46.27000045776367,47.72999954223633,42.14558029174805,9872900
2016-04-22,46.279998779296875,47.779998779296875,46.15999984741211,47.25,41.72175216674805,9581200
2016-04-25,47.29999923706055,47.650001525878906,46.77000045776367,46.849998474121094,41.368553161621094,4259100
2016-04-26,47.09000015258789,47.5,45.90999984741211,46.18000030517578,40.77694320678711,6373500
2016-04-27,46.18000030517578,46.869998931884766,45.45000076293945,45.56999969482422,40.238311767578125,8295400
2016-04-28,45.47999954223633,45.7400016784668,43.95000076293945,44.060001373291016,38.904972076416016,8448700
2016-04-29,44.11000061035156,44.63999938964844,43.459999084472656,44.61000061035156,39.39064025878906,11026500
2016-05-02,44.630001068115234,45.0,43.93000030517578,44.0099983215332,38.86083221435547,5482800
2016-05-03,44.22999954223633,44.279998779296875,42.939998626708984,43.13999938964844,38.092620849609375,6220500
2016-05-04,42.79999923706055,42.810001373291016,41.38999938964844,41.65999984741211,36.78578186035156,7609600
2016-05-05,41.7599983215332,42.13999938964844,41.38999938964844,41.529998779296875,36.67099380493164,5969100
2016-05-06,41.470001220703125,41.939998626708984,40.7400016784668,41.72999954223633,36.84758377075195,6550400
2016-05-09,41.790000915527344,42.56999969482422,41.75,42.189998626708984,37.25376510620117,5495900
2016-05-10,42.279998779296875,42.90999984741211,42.099998474121094,42.849998474121094,37.836551666259766,5264400
2016-05-11,42.70000076293945,43.61000061035156,42.08000183105469,42.11000061035156,37.183128356933594,7124800
2016-05-12,42.25,42.369998931884766,40.849998474121094,41.220001220703125,36.39725875854492,5669900
2016-05-13,41.43000030517578,42.2400016784668,41.310001373291016,41.560001373291016,36.69748306274414,5486300
2016-05-16,41.61000061035156,42.369998931884766,41.31999969482422,42.22999954223633,37.28908157348633,6059300
2016-05-17,42.04999923706055,42.95000076293945,42.0,42.20000076293945,37.26260757446289,5162100
2016-05-18,42.0099983215332,43.2400016784668,41.91999816894531,42.900001525878906,37.88070297241211,6035600
2016-05-19,42.75,42.959999084472656,41.5,42.16999816894531,37.236114501953125,5693700
2016-05-20,42.34000015258789,42.9900016784668,42.08000183105469,42.189998626708984,37.25376510620117,4195000
2016-05-23,42.189998626708984,42.560001373291016,42.119998931884766,42.209999084472656,37.27142333984375,3850100
2016-05-24,42.29999923706055,43.0,42.18000030517578,42.79999923706055,37.79240036010742,3513800
2016-05-25,42.81999969482422,43.290000915527344,42.41999816894531,42.529998779296875,37.553977966308594,4441000
2016-05-26,42.56999969482422,42.689998626708984,41.56999969482422,41.790000915527344,36.900569915771484,5019900
2016-05-27,41.81999969482422,42.38999938964844,41.81999969482422,42.33000183105469,37.37739181518555,3315900
2016-05-31,42.349998474121094,42.540000915527344,42.040000915527344,42.47999954223633,37.50983810424805,4878500
2016-06-01,42.47999954223633,42.650001525878906,42.09000015258789,42.540000915527344,37.56282043457031,4083100
2016-06-02,42.31999969482422,42.619998931884766,42.029998779296875,42.16999816894531,37.236114501953125,4390900
2016-06-03,41.90999984741211,41.970001220703125,41.11000061035156,41.689998626708984,36.812255859375,5081800
2016-06-06,41.5,41.86000061035156,41.209999084472656,41.77000045776367,36.971595764160156,3516500
2016-06-07,41.709999084472656,43.459999084472656,41.56999969482422,43.06999969482422,38.12226104736328,6401500
2016-06-08,43.27000045776367,43.900001525878906,43.04999923706055,43.5,38.50285339355469,6527000
2016-06-09,43.459999084472656,44.33000183105469,43.349998474121094,44.189998626708984,39.113590240478516,5605200
2016-06-10,43.90999984741211,44.04999923706055,43.22999954223633,43.630001068115234,38.61792755126953,4661100
2016-06-13,43.220001220703125,43.4900016784668,41.90999984741211,42.15999984741211,37.31679153442383,6586700
2016-06-14,41.95000076293945,42.220001220703125,39.599998474121094,39.880001068115234,35.298702239990234,15154200
2016-06-15,40.25,40.66999816894531,39.7599983215332,39.939998626708984,35.35182189941406,7023400
2016-06-16,39.45000076293945,40.09000015258789,39.18000030517578,39.779998779296875,35.21019744873047,6621500
2016-06-17,39.599998474121094,40.18000030517578,39.58000183105469,39.7400016784668,35.17479705810547,5633700
2016-06-20,40.04999923706055,40.47999954223633,39.900001525878906,40.02000045776367,35.422637939453125,4190600
2016-06-21,40.470001220703125,40.880001068115234,39.97999954223633,40.52000045776367,35.86519241333008,6376300
2016-06-22,40.52000045776367,40.720001220703125,40.0,40.2599983215332,35.635047912597656,4816700
2016-06-23,40.720001220703125,40.75,38.20000076293945,39.59000015258789,35.042030334472656,16781900
2016-06-24,37.880001068115234,39.2400016784668,37.7400016784668,38.310001373291016,33.909080505371094,19699900
2016-06-27,37.97999954223633,38.0099983215332,36.47999954223633,36.7599983215332,32.53712463378906,12934600
2016-06-28,37.720001220703125,37.83000183105469,36.75,37.43000030517578,33.13015365600586,8281900
2016-06-29,38.20000076293945,39.15999984741211,37.7599983215332,38.88999938964844,34.422454833984375,8616200
2016-06-30,38.959999084472656,39.209999084472656,38.540000915527344,39.209999084472656,34.70568084716797,5333300
2016-07-01,39.2599983215332,39.77000045776367,39.209999084472656,39.599998474121094,35.050872802734375,6490500
2016-07-05,39.7400016784668,39.75,38.65999984741211,39.209999084472656,34.70568084716797,5302400
2016-07-06,38.68000030517578,39.15999984741211,38.150001525878906,39.130001068115234,34.63488006591797,5409500
2016-07-07,39.0,39.95000076293945,39.0,39.849998474121094,35.272159576416016,3774300
2016-07-08,40.060001373291016,40.90999984741211,40.04999923706055,40.540000915527344,35.88288497924805,4747700
2016-07-11,40.939998626708984,41.34000015258789,40.810001373291016,41.040000915527344,36.32544708251953,5849200
2016-07-12,41.63999938964844,45.0,41.630001068115234,42.84000015258789,37.918678283691406,8662000
2016-07-13,43.220001220703125,43.29999923706055,42.15999984741211,42.400001525878906,37.52922821044922,6268000
2016-07-14,42.869998931884766,43.34000015258789,42.43000030517578,43.16999816894531,38.21076202392578,6168700
2016-07-15,43.119998931884766,43.56999969482422,42.70000076293945,43.15999984741211,38.20191192626953,5868500
2016-07-18,43.290000915527344,43.560001373291016,43.119998931884766,43.18000030517578,38.219627380371094,4805700
2016-07-19,42.880001068115234,43.16999816894531,42.56999969482422,42.720001220703125,37.812461853027344,5526300
2016-07-20,43.02000045776367,43.029998779296875,41.939998626708984,42.029998779296875,37.20171356201172,8225100
2016-07-21,39.08000183105469,39.27000045776367,37.220001220703125,37.31999969482422,33.03279495239258,33749100
2016-07-22,37.90999984741211,38.04999923706055,37.0099983215332,37.83000183105469,33.484214782714844,18313200
2016-07-25,37.84000015258789,38.0,37.02000045776367,37.36000061035156,33.068199157714844,11389000
2016-07-26,37.810001373291016,38.29999923706055,37.5099983215332,38.279998779296875,33.88251495361328,10525600
2016-07-27,37.59000015258789,37.790000915527344,37.20000076293945,37.47999954223633,33.174407958984375,8619800
2016-07-28,37.470001220703125,37.63999938964844,37.13999938964844,37.470001220703125,33.16555404663086,6339300
2016-07-29,37.4900016784668,37.880001068115234,37.0099983215332,37.0099983215332,32.75839614868164,6760800
2016-08-01,37.15999984741211,37.369998931884766,36.650001525878906,37.040000915527344,32.78495407104492,6787800
2016-08-02,36.849998474121094,36.939998626708984,35.41999816894531,35.540000915527344,31.457271575927734,9579900
2016-08-03,35.5,36.0,35.43000030517578,35.880001068115234,31.758220672607422,6992300
2016-08-04,36.209999084472656,36.810001373291016,36.09000015258789,36.41999816894531,32.236183166503906,7366200
2016-08-05,36.79999923706055,37.869998931884766,36.77000045776367,37.849998474121094,33.50191116333008,9160400
2016-08-08,37.77000045776367,38.029998779296875,37.27000045776367,37.45000076293945,33.14786148071289,5918400
2016-08-09,37.75,37.95000076293945,37.29999923706055,37.459999084472656,33.15671157836914,4827300
2016-08-10,37.18000030517578,37.349998474121094,36.599998474121094,36.9900016784668,32.74070739746094,6507100
2016-08-11,36.959999084472656,37.529998779296875,36.79999923706055,37.2400016784668,32.96199417114258,5974600
2016-08-12,37.06999969482422,37.209999084472656,36.41999816894531,36.52000045776367,32.32469177246094,7717800
2016-08-15,36.5,36.95000076293945,36.33000183105469,36.880001068115234,32.64333724975586,5617800
2016-08-16,36.70000076293945,36.790000915527344,36.40999984741211,36.52000045776367,32.4125862121582,5773000
2016-08-17,36.54999923706055,36.95000076293945,36.47999954223633,36.849998474121094,32.70545959472656,5891900
2016-08-18,36.849998474121094,36.900001525878906,36.52000045776367,36.84000015258789,32.69658660888672,4370500
2016-08-19,36.709999084472656,36.79999923706055,36.29999923706055,36.349998474121094,32.261695861816406,7517200
2016-08-22,36.34000015258789,36.540000915527344,36.130001068115234,36.279998779296875,32.19956588745117,4829500
2016-08-23,36.459999084472656,36.79999923706055,36.45000076293945,36.689998626708984,32.5634651184082,4566400
2016-08-24,36.599998474121094,36.84000015258789,36.41999816894531,36.65999984741211,32.536834716796875,4473300
2016-08-25,36.54999923706055,36.849998474121094,36.43000030517578,36.689998626708984,32.5634651184082,3334900
2016-08-26,36.72999954223633,36.77000045776367,36.04999923706055,36.27000045776367,32.19070053100586,5245500
2016-08-29,36.40999984741211,36.540000915527344,36.31999969482422,36.45000076293945,32.3504524230957,4108700
2016-08-30,36.45000076293945,37.34000015258789,36.369998931884766,37.18000030517578,32.99835205078125,6007300
2016-08-31,37.20000076293945,37.619998931884766,36.400001525878906,36.880001068115234,32.732093811035156,8148200
2016-09-01,36.880001068115234,37.25,36.40999984741211,36.59000015258789,32.47471237182617,4781400
2016-09-02,36.56999969482422,37.0099983215332,36.52000045776367,36.88999938964844,32.74097442626953,4456000
2016-09-06,36.88999938964844,37.06999969482422,36.560001373291016,36.95000076293945,32.79421615600586,6383300
2016-09-07,37.31999969482422,38.84000015258789,37.279998779296875,38.68000030517578,34.329647064208984,11627700
2016-09-08,38.540000915527344,39.060001373291016,38.43000030517578,38.7599983215332,34.40065002441406,7353400
2016-09-09,38.68000030517578,38.689998626708984,37.18000030517578,37.34000015258789,33.14036178588867,9013300
2016-09-12,36.939998626708984,37.93000030517578,36.63999938964844,37.81999969482422,33.566375732421875,5192900
2016-09-13,37.72999954223633,38.09000015258789,37.0099983215332,37.13999938964844,32.96284866333008,6749000
2016-09-14,37.13999938964844,37.40999984741211,36.650001525878906,36.84000015258789,32.69658660888672,5071700
2016-09-15,36.810001373291016,37.119998931884766,36.45000076293945,36.9900016784668,32.8297233581543,4405400
2016-09-16,36.900001525878906,36.900001525878906,36.5099983215332,36.59000015258789,32.47471237182617,6268400
2016-09-19,36.709999084472656,37.18000030517578,36.59000015258789,36.70000076293945,32.57233810424805,5395200
2016-09-20,36.790000915527344,37.20000076293945,36.630001068115234,36.81999969482422,32.678836822509766,3312000
2016-09-21,36.79999923706055,37.060001373291016,36.310001373291016,36.90999984741211,32.75871658325195,4971100
2016-09-22,37.09000015258789,37.66999816894531,36.91999816894531,37.33000183105469,33.131492614746094,6559600
2016-09-23,37.25,37.38999938964844,36.77000045776367,37.2400016784668,33.05160140991211,4628200
2016-09-26,36.970001220703125,37.15999984741211,36.61000061035156,36.869998931884766,32.72321701049805,5718700
2016-09-27,36.779998779296875,38.56999969482422,36.779998779296875,38.540000915527344,34.205379486083984,10038200
2016-09-28,38.529998779296875,38.95000076293945,37.95000076293945,38.06999969482422,33.78824996948242,7121100
2016-09-29,38.02000045776367,38.540000915527344,37.95000076293945,38.150001525878906,33.85926055908203,5535000
2016-09-30,38.27000045776367,39.18000030517578,38.029998779296875,38.88999938964844,34.51602554321289,9364400
2016-10-03,38.849998474121094,39.7400016784668,38.70000076293945,39.7400016784668,35.270423889160156,8643600
2016-10-04,40.31999969482422,40.4900016784668,39.09000015258789,39.15999984741211,34.755653381347656,10682200
2016-10-05,39.02000045776367,39.41999816894531,38.83000183105469,39.099998474121094,34.70240783691406,4221600
2016-10-06,39.04999923706055,39.31999969482422,38.689998626708984,39.16999816894531,34.76453399658203,4816400
2016-10-07,39.13999938964844,39.20000076293945,38.18000030517578,38.470001220703125,34.14325714111328,6932900
2016-10-10,38.5,39.95000076293945,38.459999084472656,39.77000045776367,35.29706954956055,7815100
2016-10-11,40.029998779296875,40.33000183105469,39.5099983215332,39.790000915527344,35.3148078918457,9126600
2016-10-12,40.150001525878906,40.380001068115234,39.72999954223633,40.0099983215332,35.51005172729492,6634800
2016-10-13,39.68000030517578,41.619998931884766,39.130001068115234,41.380001068115234,36.72597122192383,11107200
2016-10-14,41.599998474121094,42.40999984741211,41.11000061035156,41.31999969482422,36.672733306884766,7296800
2016-10-17,41.400001525878906,42.20000076293945,41.15999984741211,41.2400016784668,36.60171890258789,5509900
2016-10-18,41.560001373291016,41.9900016784668,41.189998626708984,41.68000030517578,36.99223327636719,8755600
2016-10-19,41.7400016784668,42.400001525878906,41.56999969482422,42.25,37.49812698364258,6335000
2016-10-20,42.150001525878906,42.470001220703125,41.7599983215332,42.290000915527344,37.53362274169922,7813300
2016-10-21,41.90999984741211,42.459999084472656,41.75,42.43000030517578,37.65788650512695,5448000
2016-10-24,42.52000045776367,42.93000030517578,42.20000076293945,42.33000183105469,37.56913375854492,5311400
2016-10-25,42.150001525878906,42.72999954223633,41.709999084472656,41.95000076293945,37.23187255859375,11101800
2016-10-26,41.95000076293945,41.95000076293945,36.90999984741211,38.400001525878906,34.081138610839844,43824900
2016-10-27,38.5,39.58000183105469,37.650001525878906,39.2400016784668,34.82666015625,22002700
2016-10-28,39.290000915527344,39.84000015258789,38.95000076293945,39.18000030517578,34.77341079711914,10321200
2016-10-31,39.4900016784668,40.470001220703125,39.150001525878906,40.04999923706055,35.545562744140625,8148800
2016-11-01,39.97999954223633,40.41999816894531,39.33000183105469,39.68000030517578,35.217185974121094,8004600
2016-11-02,39.56999969482422,40.099998474121094,39.43000030517578,39.61000061035156,35.15504837036133,6691500
2016-11-03,39.81999969482422,40.38999938964844,39.5099983215332,39.70000076293945,35.23492431640625,5187600
2016-11-04,39.689998626708984,40.93000030517578,39.560001373291016,40.380001068115234,35.83844757080078,7294000
2016-11-07,41.0,41.56999969482422,40.709999084472656,41.56999969482422,36.89460754394531,7740800
2016-11-08,41.56999969482422,42.0,41.220001220703125,41.93000030517578,37.214111328125,8784000
2016-11-09,40.79999923706055,42.459999084472656,40.75,42.369998931884766,37.60462951660156,8472600
2016-11-10,42.63999938964844,43.849998474121094,42.58000183105469,43.63999938964844,38.731788635253906,10325700
2016-11-11,43.5,43.849998474121094,42.9900016784668,43.84000015258789,38.909297943115234,7906600
2016-11-14,43.900001525878906,45.45000076293945,43.880001068115234,45.349998474121094,40.24945068359375,11144700
2016-11-15,46.54999923706055,47.29999923706055,45.68000030517578,46.25,41.048248291015625,9921400
2016-11-16,46.040000915527344,46.34000015258789,45.45000076293945,45.849998474121094,40.69322967529297,6502600
2016-11-17,45.689998626708984,46.7400016784668,45.349998474121094,46.689998626708984,41.43874740600586,5915500
2016-11-18,46.90999984741211,47.25,46.68000030517578,47.060001373291016,41.76714324951172,6783000
2016-11-21,47.08000183105469,47.68000030517578,46.97999954223633,47.36000061035156,42.03339385986328,6760700
2016-11-22,47.689998626708984,47.9900016784668,46.75,47.099998474121094,41.802642822265625,7401300
2016-11-23,46.9900016784668,47.459999084472656,46.130001068115234,47.369998931884766,42.04227066040039,5316200
2016-11-25,47.310001373291016,47.90999984741211,47.22999954223633,47.45000076293945,42.11328887939453,2499100
2016-11-28,47.40999984741211,47.77000045776367,47.150001525878906,47.52000045776367,42.1754150390625,4230900
2016-11-29,47.560001373291016,47.83000183105469,47.209999084472656,47.2400016784668,41.926918029785156,4453400
2016-11-30,46.099998474121094,47.33000183105469,44.70000076293945,46.61000061035156,41.36775207519531,6640900
2016-12-01,46.36000061035156,47.439998626708984,46.189998626708984,47.06999969482422,41.776023864746094,5594800
2016-12-02,47.369998931884766,48.2400016784668,47.29999923706055,47.90999984741211,42.521549224853516,4843600
2016-12-05,48.08000183105469,48.459999084472656,47.040000915527344,47.06999969482422,41.776023864746094,4734200
2016-12-06,47.38999938964844,47.900001525878906,47.15999984741211,47.68000030517578,42.40750503540039,4573200
2016-12-07,47.709999084472656,49.880001068115234,47.400001525878906,49.849998474121094,44.33753204345703,7738800
2016-12-08,49.97999954223633,49.97999954223633,49.2400016784668,49.599998474121094,44.115177154541016,6643200
2016-12-09,49.88999938964844,50.68000030517578,49.220001220703125,49.790000915527344,44.284183502197266,6700900
2016-12-12,49.36000061035156,49.689998626708984,48.91999816894531,49.369998931884766,43.91062927246094,8801300
2016-12-13,49.470001220703125,50.43000030517578,49.45000076293945,49.54999923706055,44.07071304321289,6603700
2016-12-14,49.5,50.0,48.900001525878906,49.279998779296875,43.830570220947266,5920400
2016-12-15,49.43000030517578,51.310001373291016,49.400001525878906,50.59000015258789,44.9957160949707,9147800
2016-12-16,50.7400016784668,51.130001068115234,49.88999938964844,49.93000030517578,44.408687591552734,7649800
2016-12-19,50.2599983215332,50.529998779296875,49.720001220703125,50.349998474121094,44.782257080078125,3438400
2016-12-20,50.54999923706055,51.189998626708984,50.40999984741211,50.88999938964844,45.26252746582031,3700800
2016-12-21,50.77000045776367,51.08000183105469,50.52000045776367,50.650001525878906,45.04908752441406,3954100
2016-12-22,50.720001220703125,51.029998779296875,50.08000183105469,50.25,44.693321228027344,2508800
2016-12-23,50.36000061035156,50.720001220703125,50.189998626708984,50.45000076293945,44.871192932128906,1616700
2016-12-27,50.459999084472656,50.779998779296875,50.2599983215332,50.4900016784668,44.90677261352539,1874200
2016-12-28,50.529998779296875,50.959999084472656,50.06999969482422,50.16999816894531,44.62215805053711,3185800
2016-12-29,50.189998626708984,50.619998931884766,49.959999084472656,50.20000076293945,44.64884948730469,2167300
2016-12-30,50.189998626708984,50.369998931884766,49.529998779296875,49.84000015258789,44.328651428222656,3257200
2017-01-03,50.400001525878906,51.15999984741211,49.810001373291016,49.97999954223633,44.45317459106445,4210300
2017-01-04,50.25,51.41999816894531,50.150001525878906,51.29999923706055,45.627201080322266,4914400
2017-01-05,51.439998626708984,52.119998931884766,50.119998931884766,50.470001220703125,44.88898468017578,7131500
2017-01-06,50.4900016784668,50.650001525878906,49.45000076293945,49.93000030517578,44.408687591552734,5691900
2017-01-09,50.0,50.93000030517578,49.79999923706055,50.29999923706055,44.73778533935547,4966600
2017-01-10,50.54999923706055,51.88999938964844,50.529998779296875,51.34000015258789,45.66276931762695,5569300
2017-01-11,51.77000045776367,52.20000076293945,51.470001220703125,51.68000030517578,45.965187072753906,5941600
2017-01-12,51.68000030517578,51.95000076293945,50.2599983215332,51.0099983215332,45.369266510009766,6059800
2017-01-13,51.0,51.34000015258789,50.779998779296875,51.150001525878906,45.4937858581543,2611300
2017-01-17,50.880001068115234,51.34000015258789,50.220001220703125,50.2400016784668,44.68442153930664,4219700
2017-01-18,50.06999969482422,50.65999984741211,49.70000076293945,50.380001068115234,44.808929443359375,5897000
2017-01-19,50.45000076293945,50.75,49.849998474121094,50.06999969482422,44.53322219848633,4237900
2017-01-20,50.13999938964844,51.16999816894531,50.13999938964844,51.09000015258789,45.440425872802734,5196500
2017-01-23,51.029998779296875,51.13999938964844,49.77000045776367,49.939998626708984,44.417598724365234,4222200
2017-01-24,50.119998931884766,50.2400016784668,49.58000183105469,49.650001525878906,44.15965270996094,6152400
2017-01-25,49.09000015258789,49.95000076293945,48.709999084472656,49.459999084472656,43.99067306518555,8380800
2017-01-26,51.400001525878906,53.9900016784668,51.13999938964844,53.91999816894531,47.95747756958008,15952600
2017-01-27,54.08000183105469,54.18000030517578,52.380001068115234,52.70000076293945,46.87239074707031,7687000
2017-01-30,52.130001068115234,52.400001525878906,51.16999816894531,52.349998474121094,46.56108474731445,8057600
2017-01-31,52.060001373291016,52.400001525878906,51.5099983215332,52.310001373291016,46.52552032470703,6604000
2017-02-01,52.54999923706055,53.27000045776367,52.439998626708984,52.72999954223633,46.899070739746094,4953400
2017-02-02,52.27000045776367,53.310001373291016,52.18000030517578,52.86000061035156,47.01469802856445,4563700
2017-02-03,53.0,53.58000183105469,52.599998474121094,52.880001068115234,47.03248977661133,3631600
2017-02-06,53.16999816894531,53.380001068115234,52.900001525878906,53.06999969482422,47.201473236083984,3335000
2017-02-07,53.349998474121094,53.880001068115234,52.90999984741211,53.040000915527344,47.174800872802734,5231000
2017-02-08,53.20000076293945,53.4900016784668,52.36000061035156,52.91999816894531,47.06806182861328,4076800
2017-02-09,52.91999816894531,54.66999816894531,52.900001525878906,54.52000045776367,48.49113464355469,7692200
2017-02-10,54.77000045776367,54.869998931884766,54.369998931884766,54.709999084472656,48.660118103027344,3194400
2017-02-13,54.84000015258789,56.310001373291016,54.84000015258789,55.72999954223633,49.56732940673828,5412800
2017-02-14,55.72999954223633,55.7400016784668,54.91999816894531,55.310001373291016,49.193763732910156,4945100
2017-02-15,56.90999984741211,58.060001373291016,55.79999923706055,57.290000915527344,50.9548225402832,9908500
2017-02-16,57.400001525878906,57.400001525878906,56.060001373291016,56.34000015258789,50.10987091064453,5617900
2017-02-17,56.119998931884766,57.349998474121094,55.58000183105469,57.31999969482422,50.98151779174805,6077200
2017-02-21,57.599998474121094,57.9900016784668,57.08000183105469,57.86000061035156,51.461788177490234,4290600
2017-02-22,57.790000915527344,58.0,57.13999938964844,57.90999984741211,51.50625991821289,4782100
2017-02-23,58.08000183105469,58.54999923706055,57.119998931884766,57.2599983215332,50.928138732910156,4664700
2017-02-24,56.91999816894531,58.560001373291016,56.369998931884766,58.540000915527344,52.06660079956055,5513400
2017-02-27,58.34000015258789,58.47999954223633,57.56999969482422,58.43000030517578,51.9687614440918,6309000
2017-02-28,58.400001525878906,58.56999969482422,57.70000076293945,57.79999923706055,51.40843200683594,5733900
2017-03-01,58.470001220703125,59.68000030517578,58.43000030517578,58.880001068115234,52.36900329589844,5382900
2017-03-02,58.459999084472656,58.72999954223633,57.529998779296875,57.56999969482422,51.2038688659668,4658700
2017-03-03,57.70000076293945,59.0,57.599998474121094,58.86000061035156,52.35121154785156,5136900
2017-03-06,58.5099983215332,58.599998474121094,57.15999984741211,57.560001373291016,51.194969177246094,5899500
2017-03-07,57.40999984741211,57.40999984741211,56.689998626708984,56.83000183105469,50.633663177490234,5757300
2017-03-08,56.90999984741211,57.029998779296875,56.43000030517578,56.68000030517578,50.50001525878906,6214700
2017-03-09,56.72999954223633,57.380001068115234,56.279998779296875,56.36000061035156,50.21490478515625,7228200
2017-03-10,54.68000030517578,55.9900016784668,54.40999984741211,55.880001068115234,49.7872428894043,12504900
2017-03-13,55.720001220703125,56.18000030517578,54.459999084472656,54.4900016784668,48.54879379272461,9720400
2017-03-14,54.11000061035156,54.13999938964844,52.720001220703125,52.880001068115234,47.11434555053711,9223100
2017-03-15,51.970001220703125,54.619998931884766,51.81999969482422,54.290000915527344,48.37060546875,9513600
2017-03-16,54.599998474121094,54.61000061035156,53.77000045776367,54.150001525878906,48.245872497558594,4933700
2017-03-17,54.13999938964844,54.209999084472656,53.15999984741211,53.18000030517578,47.38162612915039,6400300
2017-03-20,53.5099983215332,53.75,52.939998626708984,53.45000076293945,47.6221923828125,4754700
2017-03-21,53.65999984741211,53.65999984741211,51.79999923706055,51.880001068115234,46.223384857177734,6374900
2017-03-22,51.63999938964844,52.529998779296875,51.11000061035156,52.459999084472656,46.74013137817383,5817400
2017-03-23,52.459999084472656,52.959999084472656,52.2400016784668,52.369998931884766,46.659934997558594,3022300
2017-03-24,52.63999938964844,52.869998931884766,52.290000915527344,52.61000061035156,46.87378692626953,3719700
2017-03-27,52.0,53.0,51.70000076293945,52.880001068115234,47.11434555053711,4260000
2017-03-28,52.79999923706055,54.540000915527344,52.459999084472656,54.189998626708984,48.281497955322266,6854400
2017-03-29,54.0099983215332,54.08000183105469,53.15999984741211,53.47999954223633,47.6489143371582,4487500
2017-03-30,53.52000045776367,54.25,53.40999984741211,53.83000183105469,47.960758209228516,2631300
2017-03-31,53.529998779296875,53.959999084472656,53.40999984741211,53.7599983215332,47.89839172363281,3119600
2017-04-03,53.720001220703125,54.119998931884766,53.18000030517578,54.0,48.11221694946289,3446400
2017-04-04,53.810001373291016,53.900001525878906,52.880001068115234,53.06999969482422,47.28361511230469,3990600
2017-04-05,53.4900016784668,54.40999984741211,53.29999923706055,53.349998474121094,47.53310012817383,4822600
2017-04-06,53.349998474121094,53.77000045776367,52.959999084472656,53.380001068115234,47.5598258972168,3023700
2017-04-07,53.34000015258789,54.869998931884766,53.2599983215332,54.540000915527344,48.59334182739258,7941500
2017-04-10,54.400001525878906,54.630001068115234,53.959999084472656,54.220001220703125,48.30824279785156,4268900
2017-04-11,54.209999084472656,55.08000183105469,53.59000015258789,55.060001373291016,49.056644439697266,5431100
2017-04-12,55.709999084472656,56.56999969482422,55.47999954223633,55.5099983215332,49.457576751708984,6956900
2017-04-13,55.33000183105469,55.369998931884766,54.290000915527344,54.310001373291016,48.38842010498047,4207100
2017-04-17,54.45000076293945,54.72999954223633,54.150001525878906,54.720001220703125,48.753719329833984,2852400
2017-04-18,54.65999984741211,55.06999969482422,53.810001373291016,54.41999816894531,48.48643112182617,3620100
2017-04-19,54.779998779296875,55.09000015258789,54.47999954223633,54.650001525878906,48.69135665893555,2880100
2017-04-20,54.91999816894531,56.130001068115234,54.91999816894531,55.95000076293945,49.849609375,4279900
2017-04-21,55.83000183105469,56.150001525878906,55.34000015258789,55.630001068115234,49.56449890136719,3828100
2017-04-24,56.20000076293945,56.70000076293945,56.04999923706055,56.4900016784668,50.330726623535156,3573600
2017-04-25,56.91999816894531,57.84000015258789,56.90999984741211,57.09000015258789,50.86530303955078,5313700
2017-04-26,57.209999084472656,57.52000045776367,56.709999084472656,56.939998626708984,50.73165512084961,5407400
2017-04-27,55.61000061035156,56.41999816894531,54.52000045776367,55.75,49.67142105102539,10258700
2017-04-28,55.91999816894531,56.38999938964844,55.65999984741211,56.220001220703125,50.09016799926758,5012200
2017-05-01,56.52000045776367,57.220001220703125,56.16999816894531,56.279998779296875,50.14362335205078,4157000
2017-05-02,56.349998474121094,58.459999084472656,56.29999923706055,58.33000183105469,51.97011947631836,4894100
2017-05-03,58.099998474121094,58.41999816894531,57.84000015258789,58.15999984741211,51.81864547729492,4023900
2017-05-04,58.41999816894531,58.650001525878906,57.540000915527344,58.34000015258789,51.9790153503418,3847300
2017-05-05,58.400001525878906,58.54999923706055,57.939998626708984,58.400001525878906,52.0324821472168,2423600
2017-05-08,58.5,58.72999954223633,57.25,57.47999954223633,51.21278762817383,3625200
2017-05-09,57.75,58.560001373291016,57.65999984741211,58.279998779296875,51.92555618286133,4467900
2017-05-10,58.16999816894531,58.59000015258789,57.970001220703125,58.369998931884766,52.0057487487793,5051200
2017-05-11,58.20000076293945,58.38999938964844,57.459999084472656,58.09000015258789,51.756282806396484,2611100
2017-05-12,57.880001068115234,58.22999954223633,57.09000015258789,57.220001220703125,50.981136322021484,3069600
2017-05-15,57.2400016784668,58.34000015258789,57.2400016784668,58.029998779296875,51.70281982421875,3723500
2017-05-16,58.11000061035156,58.619998931884766,57.650001525878906,58.27000045776367,51.916656494140625,4728300
2017-05-17,58.27000045776367,58.27000045776367,56.83000183105469,57.040000915527344,50.820762634277344,4195600
2017-05-18,57.130001068115234,57.779998779296875,56.959999084472656,57.290000915527344,51.04350662231445,3576900
2017-05-19,57.54999923706055,58.36000061035156,57.470001220703125,58.040000915527344,51.71171951293945,3389200
2017-05-22,58.400001525878906,59.439998626708984,58.2599983215332,58.91999816894531,52.49578094482422,5768900
2017-05-23,59.25,59.81999969482422,58.810001373291016,59.63999938964844,53.13726806640625,2960600
2017-05-24,59.810001373291016,60.02000045776367,59.36000061035156,59.58000183105469,53.08381271362305,3078000
2017-05-25,59.779998779296875,61.189998626708984,59.779998779296875,60.91999816894531,54.277706146240234,6800000
2017-05-26,60.849998474121094,61.150001525878906,60.5,60.66999816894531,54.05495834350586,4928200
2017-05-30,60.560001373291016,60.58000183105469,59.439998626708984,59.47999954223633,52.99473190307617,3777200
2017-05-31,59.88999938964844,60.20000076293945,59.130001068115234,60.09000015258789,53.538211822509766,4088200
2017-06-01,60.18000030517578,60.599998474121094,60.060001373291016,60.29999923706055,53.72530746459961,4689300
2017-06-02,60.79999923706055,61.2400016784668,60.2400016784668,60.36000061035156,53.77876281738281,5340200
2017-06-05,60.20000076293945,61.189998626708984,59.77000045776367,60.9900016784668,54.452850341796875,5241500
2017-06-06,60.65999984741211,61.18000030517578,60.02000045776367,60.099998474121094,53.658241271972656,5296300
2017-06-07,59.4900016784668,60.349998474121094,58.40999984741211,59.959999084472656,53.53324508666992,6816700
2017-06-08,59.959999084472656,60.099998474121094,58.83000183105469,59.15999984741211,52.81899642944336,5397600
2017-06-09,59.40999984741211,59.7599983215332,59.11000061035156,59.459999084472656,53.08684158325195,5642700
2017-06-12,59.459999084472656,59.459999084472656,57.630001068115234,58.9900016784668,52.66720962524414,6076300
2017-06-13,58.880001068115234,59.54999923706055,58.66999816894531,59.209999084472656,52.86363220214844,5015500
2017-06-14,59.619998931884766,60.08000183105469,59.029998779296875,59.529998779296875,53.149330139160156,4219200
2017-06-15,59.2400016784668,60.209999084472656,58.9900016784668,60.11000061035156,53.66716766357422,5063300
2017-06-16,60.0099983215332,60.56999969482422,60.0,60.290000915527344,53.82787322998047,6207600
2017-06-19,60.63999938964844,61.09000015258789,60.40999984741211,60.91999816894531,54.39033889770508,4964600
2017-06-20,60.849998474121094,61.06999969482422,60.2400016784668,60.33000183105469,53.863590240478516,4835700
2017-06-21,60.41999816894531,61.369998931884766,60.41999816894531,61.029998779296875,54.48855972290039,3951500
2017-06-22,61.880001068115234,62.290000915527344,61.04999923706055,61.52000045776367,54.9260368347168,5485700
2017-06-23,61.61000061035156,62.189998626708984,61.31999969482422,61.91999816894531,55.283172607421875,5079200
2017-06-26,62.099998474121094,62.75,61.61000061035156,61.75,55.13138961791992,4256300
2017-06-27,61.75,62.220001220703125,61.459999084472656,61.5099983215332,54.917110443115234,2805800
2017-06-28,61.810001373291016,62.45000076293945,61.810001373291016,62.0099983215332,55.3635139465332,2730700
2017-06-29,62.279998779296875,62.70000076293945,61.22999954223633,61.810001373291016,55.18495559692383,3186600
2017-06-30,62.040000915527344,62.58000183105469,61.970001220703125,62.13999938964844,55.47957992553711,3186400
2017-07-03,62.52000045776367,62.72999954223633,62.04999923706055,62.06999969482422,55.41708755493164,1695200
2017-07-05,62.13999938964844,63.369998931884766,62.09000015258789,63.15999984741211,56.39025115966797,3150900
2017-07-06,62.900001525878906,63.7400016784668,62.650001525878906,63.36000061035156,56.568824768066406,5594100
2017-07-07,63.400001525878906,64.38999938964844,63.400001525878906,64.23999786376953,57.354496002197266,3405500
2017-07-10,62.939998626708984,63.90999984741211,62.91999816894531,63.130001068115234,56.363468170166016,5120600
2017-07-11,63.08000183105469,63.36000061035156,61.7599983215332,61.810001373291016,55.18495559692383,5364400
2017-07-12,62.470001220703125,62.689998626708984,61.88999938964844,62.08000183105469,55.42601776123047,4939500
2017-07-13,62.0,62.470001220703125,61.400001525878906,62.02000045776367,55.3724479675293,4932900
2017-07-14,62.04999923706055,62.130001068115234,61.47999954223633,61.93000030517578,55.2921028137207,3297000
2017-07-17,61.93000030517578,62.459999084472656,61.58000183105469,62.13999938964844,55.47957992553711,3593400
2017-07-18,61.90999984741211,62.16999816894531,61.41999816894531,61.56999969482422,54.97068405151367,5117600
2017-07-19,61.400001525878906,61.61000061035156,60.459999084472656,61.40999984741211,54.82782745361328,7129500
2017-07-20,61.349998474121094,61.4900016784668,60.15999984741211,60.400001525878906,53.92609405517578,6469700
2017-07-21,60.209999084472656,60.5099983215332,59.88999938964844,60.279998779296875,53.81895446777344,5106100
2017-07-24,60.25,60.36000061035156,59.790000915527344,59.810001373291016,53.399322509765625,3354600
2017-07-25,60.189998626708984,60.439998626708984,58.7400016784668,58.81999969482422,52.51543426513672,7337100
2017-07-26,58.849998474121094,59.83000183105469,58.54999923706055,59.52000045776367,53.14039993286133,5523000
2017-07-27,56.459999084472656,58.40999984741211,53.77000045776367,56.56999969482422,50.5066032409668,14339700
2017-07-28,56.560001373291016,56.72999954223633,55.630001068115234,56.560001373291016,50.4976692199707,5798700
2017-07-31,56.900001525878906,57.0,55.41999816894531,55.5099983215332,49.56021499633789,4667700
2017-08-01,55.880001068115234,56.369998931884766,55.290000915527344,55.720001220703125,49.747703552246094,4671400
2017-08-02,55.63999938964844,55.970001220703125,55.11000061035156,55.70000076293945,49.7298469543457,4055500
2017-08-03,55.689998626708984,56.349998474121094,55.599998474121094,56.11000061035156,50.095916748046875,4616100
2017-08-04,56.189998626708984,56.61000061035156,55.79999923706055,56.58000183105469,50.51552963256836,3499100
2017-08-07,56.77000045776367,56.869998931884766,55.15999984741211,55.369998931884766,49.43522644042969,5446500
2017-08-08,55.310001373291016,55.45000076293945,54.58000183105469,54.810001373291016,48.935237884521484,5306800
2017-08-09,54.68000030517578,55.4900016784668,54.599998474121094,54.689998626708984,48.82810974121094,4456900
2017-08-10,54.5,54.560001373291016,53.70000076293945,54.0099983215332,48.22098922729492,4836600
2017-08-11,53.880001068115234,54.369998931884766,52.970001220703125,54.13999938964844,48.337059020996094,4232600
2017-08-14,54.599998474121094,54.9900016784668,54.459999084472656,54.720001220703125,48.854896545410156,4657800
2017-08-15,55.040000915527344,55.369998931884766,54.779998779296875,55.20000076293945,49.283451080322266,4249400
2017-08-16,55.400001525878906,55.720001220703125,55.150001525878906,55.310001373291016,49.38164138793945,3257100
2017-08-17,55.16999816894531,55.16999816894531,53.11000061035156,53.150001525878906,47.45317077636719,5181600
2017-08-18,53.349998474121094,54.0099983215332,53.119998931884766,53.16999816894531,47.47101974487305,6061500
2017-08-21,53.400001525878906,54.060001373291016,53.31999969482422,53.540000915527344,47.801361083984375,5128700
2017-08-22,53.56999969482422,54.08000183105469,53.400001525878906,53.43000030517578,47.814788818359375,5358200
2017-08-23,53.25,53.31999969482422,51.68000030517578,51.720001220703125,46.28450393676758,13366000
2017-08-24,52.11000061035156,52.15999984741211,50.4900016784668,50.709999084472656,45.38064956665039,8512000
2017-08-25,50.900001525878906,52.90999984741211,50.84000015258789,52.68000030517578,47.14361572265625,8842700
2017-08-28,52.61000061035156,52.720001220703125,51.529998779296875,51.75,46.311344146728516,8370200
2017-08-29,51.220001220703125,51.61000061035156,50.900001525878906,51.459999084472656,46.051822662353516,5508500
2017-08-30,51.349998474121094,51.619998931884766,50.970001220703125,51.52000045776367,46.10552215576172,4232700
2017-08-31,51.849998474121094,52.25,51.61000061035156,52.13999938964844,46.66036605834961,4515800
2017-09-01,52.349998474121094,52.4900016784668,51.90999984741211,52.189998626708984,46.705108642578125,3976600
2017-09-05,51.810001373291016,51.97999954223633,51.0,51.13999938964844,45.76545715332031,5115200
2017-09-06,50.540000915527344,52.040000915527344,49.7599983215332,51.66999816894531,46.23975372314453,8588100
2017-09-07,51.689998626708984,52.58000183105469,51.470001220703125,52.209999084472656,46.7230110168457,6046000
2017-09-08,52.0099983215332,53.029998779296875,51.880001068115234,52.869998931884766,47.313636779785156,5065100
2017-09-11,53.38999938964844,53.689998626708984,52.45000076293945,53.599998474121094,47.9669189453125,8025600
2017-09-12,53.5,54.0099983215332,53.119998931884766,53.95000076293945,48.28014373779297,5407900
2017-09-13,53.97999954223633,54.709999084472656,53.650001525878906,54.65999984741211,48.915523529052734,5925000
2017-09-14,54.47999954223633,54.83000183105469,54.13999938964844,54.349998474121094,48.63810729980469,7722100
2017-09-15,54.439998626708984,54.75,53.810001373291016,54.720001220703125,48.96921920776367,14576100
2017-09-18,54.81999969482422,54.939998626708984,53.849998474121094,54.09000015258789,48.405418395996094,6109900
2017-09-19,54.02000045776367,54.529998779296875,53.439998626708984,53.540000915527344,47.913230895996094,4664400
2017-09-20,53.90999984741211,54.279998779296875,53.43000030517578,54.25,48.54861068725586,4609100
2017-09-21,54.15999984741211,54.77000045776367,53.709999084472656,54.630001068115234,48.888671875,3276600
2017-09-22,54.63999938964844,55.029998779296875,54.2400016784668,54.93000030517578,49.15715408325195,3053800
2017-09-25,54.84000015258789,55.220001220703125,54.43000030517578,55.119998931884766,49.327186584472656,3498100
2017-09-26,55.38999938964844,55.959999084472656,55.099998474121094,55.720001220703125,49.86412048339844,4115800
2017-09-27,55.9900016784668,56.560001373291016,55.369998931884766,55.880001068115234,50.00731658935547,7028700
2017-09-28,55.79999923706055,56.4900016784668,55.599998474121094,56.16999816894531,50.26683044433594,5717900
2017-09-29,56.209999084472656,56.650001525878906,55.869998931884766,55.97999954223633,50.09679412841797,3751300
2017-10-02,56.02000045776367,56.27000045776367,55.599998474121094,55.9900016784668,50.10575485229492,4316600
2017-10-03,55.939998626708984,58.560001373291016,55.79999923706055,58.5099983215332,52.36090850830078,7545000
2017-10-04,58.5099983215332,59.56999969482422,58.34000015258789,58.380001068115234,52.24457550048828,6477500
2017-10-05,58.5,58.5,57.81999969482422,58.290000915527344,52.164024353027344,3703700
2017-10-06,58.15999984741211,59.45000076293945,57.9900016784668,58.439998626708984,52.29826736450195,3984200
2017-10-09,58.5,58.84000015258789,57.38999938964844,57.65999984741211,51.60024642944336,3789100
2017-10-10,58.72999954223633,59.18000030517578,57.900001525878906,58.0099983215332,51.9134635925293,5022900
2017-10-11,58.0099983215332,58.79999923706055,58.0099983215332,58.54999923706055,52.39670181274414,4194600
2017-10-12,58.779998779296875,59.400001525878906,58.59000015258789,58.810001373291016,52.6293830871582,3509900
2017-10-13,58.83000183105469,59.15999984741211,58.5099983215332,59.119998931884766,52.90679931640625,3138700
2017-10-16,58.95000076293945,59.18000030517578,58.4900016784668,58.880001068115234,52.692039489746094,4840000
2017-10-17,59.0,59.810001373291016,58.63999938964844,58.72999954223633,52.55778503417969,3673800
2017-10-18,58.720001220703125,58.9900016784668,58.540000915527344,58.83000183105469,52.64728546142578,2580800
2017-10-19,58.45000076293945,59.09000015258789,57.45000076293945,58.630001068115234,52.46829605102539,5945500
2017-10-20,58.83000183105469,59.540000915527344,58.810001373291016,59.369998931884766,53.13052749633789,4905800
2017-10-23,59.5,59.88999938964844,58.56999969482422,58.7599983215332,52.58463668823242,4580200
2017-10-24,58.84000015258789,59.099998474121094,58.34000015258789,58.79999923706055,52.62042999267578,4289300
2017-10-25,58.81999969482422,58.81999969482422,56.459999084472656,57.15999984741211,51.15278625488281,10577600
2017-10-26,57.41999816894531,58.720001220703125,54.189998626708984,55.11000061035156,49.318233489990234,14331700
2017-10-27,55.130001068115234,55.529998779296875,53.540000915527344,54.11000061035156,48.4233283996582,8995800
2017-10-30,54.040000915527344,55.099998474121094,53.779998779296875,54.72999954223633,48.978172302246094,4518500
2017-10-31,54.65999984741211,54.65999984741211,53.83000183105469,53.86000061035156,48.199588775634766,4230300
2017-11-01,54.029998779296875,54.459999084472656,53.540000915527344,53.9900016784668,48.31594467163086,4230300
2017-11-02,54.0,54.09000015258789,53.45000076293945,53.9900016784668,48.31594467163086,3080700
2017-11-03,53.9900016784668,54.25,53.61000061035156,54.13999938964844,48.450172424316406,3057500
2017-11-06,54.09000015258789,55.150001525878906,54.09000015258789,54.52000045776367,48.79024124145508,3694000
2017-11-07,54.599998474121094,54.599998474121094,53.79999923706055,53.869998931884766,48.208553314208984,3278000
2017-11-08,53.7400016784668,54.369998931884766,53.459999084472656,54.0099983215332,48.33382797241211,3093400
2017-11-09,53.720001220703125,54.13999938964844,53.27000045776367,53.459999084472656,47.84163284301758,3896900
2017-11-10,53.400001525878906,53.7400016784668,53.2400016784668,53.4900016784668,47.868499755859375,2485900
2017-11-13,53.380001068115234,53.47999954223633,52.779998779296875,53.25,47.65371322631836,2982000
2017-11-14,52.959999084472656,53.849998474121094,52.91999816894531,53.75,48.10116195678711,3060900
2017-11-15,53.650001525878906,54.79999923706055,53.0,54.630001068115234,48.888671875,4895700
2017-11-16,55.02000045776367,55.5,54.650001525878906,55.27000045776367,49.461421966552734,4550300
2017-11-17,55.0099983215332,55.16999816894531,54.29999923706055,54.709999084472656,48.960269927978516,3104600
2017-11-20,54.849998474121094,54.91999816894531,54.20000076293945,54.650001525878906,48.906578063964844,4087400
2017-11-21,54.65999984741211,55.47999954223633,54.61000061035156,55.43000030517578,49.6046028137207,4025500
2017-11-22,55.279998779296875,55.54999923706055,54.91999816894531,55.09000015258789,49.30032730102539,3258000
2017-11-24,55.029998779296875,55.33000183105469,54.93000030517578,55.13999938964844,49.3450813293457,1374000
2017-11-27,55.13999938964844,55.22999954223633,54.4900016784668,54.599998474121094,48.86183166503906,3129100
2017-11-28,54.65999984741211,56.220001220703125,54.5099983215332,56.16999816894531,50.26683044433594,6663900
2017-11-29,56.54999923706055,59.650001525878906,56.5099983215332,58.880001068115234,52.692039489746094,9702600
2017-11-30,58.90999984741211,61.5099983215332,58.900001525878906,60.66999816894531,54.293907165527344,13382200
2017-12-01,60.5099983215332,61.63999938964844,59.5099983215332,59.91999816894531,53.62273406982422,6184900
2017-12-04,61.65999984741211,62.88999938964844,60.84000015258789,62.029998779296875,55.5109748840332,9064400
2017-12-05,62.20000076293945,62.29999923706055,61.220001220703125,61.720001220703125,55.233558654785156,4509000
2017-12-06,61.68000030517578,61.869998931884766,61.0,61.119998931884766,54.80760955810547,2886700
2017-12-07,60.900001525878906,63.08000183105469,60.65999984741211,63.02000045776367,56.511390686035156,5778800
2017-12-08,63.40999984741211,63.959999084472656,63.150001525878906,63.33000183105469,56.78937911987305,4377600
2017-12-11,63.47999954223633,63.72999954223633,62.91999816894531,63.31999969482422,56.7803955078125,4372100
2017-12-12,63.459999084472656,63.95000076293945,63.279998779296875,63.43000030517578,56.87903594970703,3218800
2017-12-13,63.70000076293945,63.720001220703125,63.02000045776367,63.13999938964844,56.618995666503906,4194100
2017-12-14,63.86000061035156,64.69999694824219,63.689998626708984,63.849998474121094,57.25566482543945,5062100
2017-12-15,64.2300033569336,64.91999816894531,63.810001373291016,64.69999694824219,58.01787567138672,6471000
2017-12-18,65.0999984741211,65.75,64.75,65.69999694824219,58.91459274291992,4475800
2017-12-19,66.0,66.2300033569336,65.37000274658203,65.91999816894531,59.11186981201172,3969200
2017-12-20,66.4000015258789,66.47000122070312,65.44000244140625,66.08999633789062,59.264320373535156,5166900
2017-12-21,66.5,66.98999786376953,65.9800033569336,66.02999877929688,59.210514068603516,3419400
2017-12-22,66.30000305175781,66.31999969482422,65.55999755859375,65.97000122070312,59.15671920776367,2243800
2017-12-26,65.76000213623047,66.33000183105469,65.76000213623047,65.9800033569336,59.165672302246094,2041500
2017-12-27,65.94000244140625,66.0,65.55999755859375,65.95999908447266,59.14773941040039,3639900
2017-12-28,66.0,66.0199966430664,65.51000213623047,65.87000274658203,59.06703186035156,2164900
2017-12-29,66.0,66.08000183105469,65.44000244140625,65.44999694824219,58.69041061401367,1977200
2018-01-02,65.91000366210938,66.37000274658203,65.51000213623047,66.29000091552734,59.44365692138672,3791500
2018-01-03,66.12000274658203,66.19000244140625,64.5999984741211,64.91000366210938,58.2061882019043,5006400
2018-01-04,65.0,65.02999877929688,64.13999938964844,64.69999694824219,58.01787567138672,4161400
2018-01-05,64.9000015258789,64.94000244140625,63.880001068115234,64.31999969482422,57.67713165283203,3160900
2018-01-08,64.19000244140625,64.36000061035156,63.459999084472656,64.0,57.39017105102539,4552500
2018-01-09,63.279998779296875,63.709999084472656,62.25,62.380001068115234,55.93748092651367,7776800
2018-01-10,62.52000045776367,63.40999984741211,62.279998779296875,62.959999084472656,56.45758056640625,7200100
2018-01-11,63.630001068115234,65.55000305175781,63.310001373291016,64.83999633789062,58.143409729003906,5356300
2018-01-12,65.20999908447266,65.94999694824219,64.94999694824219,65.36000061035156,58.60972213745117,3809300
2018-01-16,65.51000213623047,66.11000061035156,65.01000213623047,65.47000122070312,58.70834732055664,4512700
2018-01-17,65.83999633789062,66.5199966430664,65.44999694824219,66.06999969482422,59.24637985229492,4919900
2018-01-18,66.08000183105469,66.27999877929688,64.76000213623047,65.05999755859375,58.34069061279297,4199500
2018-01-19,65.4000015258789,65.4000015258789,64.11000061035156,65.05000305175781,58.33173751831055,5110300
2018-01-22,64.86000061035156,65.05000305175781,64.4000015258789,64.88999938964844,58.1882438659668,4216300
2018-01-23,64.7300033569336,65.5,64.20999908447266,65.26000213623047,58.52003479003906,4501500
2018-01-24,62.630001068115234,63.56999969482422,61.83000183105469,62.209999084472656,55.78502655029297,10398000
2018-01-25,63.02000045776367,63.029998779296875,59.25,60.189998626708984,53.97365951538086,11178300
2018-01-26,60.869998931884766,61.56999969482422,60.2599983215332,60.81999969482422,54.538597106933594,6043600
2018-01-29,60.540000915527344,60.70000076293945,60.08000183105469,60.36000061035156,54.12610626220703,6157900
2018-01-30,59.619998931884766,60.470001220703125,59.619998931884766,59.83000183105469,53.65085220336914,4428500
2018-01-31,60.11000061035156,61.47999954223633,60.11000061035156,60.79999923706055,54.52065658569336,5725000
2018-02-01,60.5099983215332,61.119998931884766,60.04999923706055,60.310001373291016,54.08127212524414,4351200
2018-02-02,59.95000076293945,60.2599983215332,58.65999984741211,58.709999084472656,52.64651107788086,4480200
2018-02-05,58.02000045776367,58.7400016784668,56.11000061035156,56.9900016784668,51.10415267944336,7969600
2018-02-06,55.84000015258789,58.43000030517578,55.54999923706055,58.13999938964844,52.135379791259766,6963900
2018-02-07,58.04999923706055,59.040000915527344,57.88999938964844,57.88999938964844,51.91120147705078,4473200
2018-02-08,57.880001068115234,57.93000030517578,55.599998474121094,55.630001068115234,49.88460922241211,8789300
2018-02-09,56.54999923706055,56.790000915527344,54.0099983215332,55.5,49.768035888671875,6653200
2018-02-12,56.13999938964844,57.279998779296875,55.709999084472656,56.810001373291016,50.94274139404297,4427100
2018-02-13,56.54999923706055,57.25,56.15999984741211,57.15999984741211,51.256591796875,3943400
2018-02-14,56.939998626708984,58.380001068115234,56.849998474121094,57.72999954223633,51.76773452758789,4278800
2018-02-15,58.209999084472656,58.459999084472656,57.470001220703125,58.18000030517578,52.17124938964844,3283800
2018-02-16,58.40999984741211,58.880001068115234,58.209999084472656,58.27000045776367,52.251956939697266,3838700
2018-02-20,58.08000183105469,58.4900016784668,57.5,57.72999954223633,51.76773452758789,3563100
2018-02-21,57.81999969482422,59.290000915527344,57.65999984741211,58.029998779296875,52.036739349365234,3448200
2018-02-22,58.40999984741211,58.689998626708984,57.20000076293945,57.31999969482422,51.40007019042969,4038200
2018-02-23,57.79999923706055,58.029998779296875,57.470001220703125,57.9900016784668,52.000885009765625,3310000
2018-02-26,58.75,59.84000015258789,58.650001525878906,59.5,53.35491943359375,5293700
2018-02-27,59.599998474121094,59.720001220703125,58.470001220703125,58.47999954223633,52.44026565551758,3606300
2018-02-28,58.65999984741211,58.83000183105469,57.83000183105469,57.84000015258789,51.86635971069336,4825200
2018-03-01,57.779998779296875,58.7599983215332,57.4900016784668,58.0099983215332,52.01881408691406,5400800
2018-03-02,57.4900016784668,58.130001068115234,57.029998779296875,57.810001373291016,51.83946990966797,3806200
2018-03-05,57.68000030517578,58.720001220703125,57.189998626708984,58.380001068115234,52.3505973815918,5096700
2018-03-06,58.470001220703125,58.63999938964844,57.93000030517578,58.25,52.346107482910156,2931000
2018-03-07,57.66999816894531,58.02000045776367,57.47999954223633,57.56999969482422,51.735023498535156,3981200
2018-03-08,57.7400016784668,58.900001525878906,57.709999084472656,58.369998931884766,52.45393371582031,6476500
2018-03-09,58.90999984741211,59.70000076293945,58.66999816894531,59.70000076293945,53.64913558959961,4201100
2018-03-12,59.880001068115234,59.91999816894531,59.400001525878906,59.7599983215332,53.70305633544922,4605600
2018-03-13,60.04999923706055,60.7599983215332,59.779998779296875,60.33000183105469,54.21529006958008,5235600
2018-03-14,60.369998931884766,60.83000183105469,59.33000183105469,59.619998931884766,53.57724380493164,4682200
2018-03-15,59.689998626708984,60.27000045776367,59.209999084472656,59.939998626708984,53.86481475830078,3915300
2018-03-16,60.27000045776367,61.380001068115234,60.20000076293945,60.900001525878906,54.727516174316406,5406400
2018-03-19,60.66999816894531,61.2400016784668,60.18000030517578,60.599998474121094,54.45791244506836,4453000
2018-03-20,60.72999954223633,60.9900016784668,60.5,60.689998626708984,54.538795471191406,2797100
2018-03-21,58.04999923706055,58.400001525878906,56.65999984741211,57.779998779296875,51.923744201660156,13634600
2018-03-22,57.5099983215332,58.27000045776367,56.97999954223633,57.0,51.22279357910156,7117500
2018-03-23,56.849998474121094,57.970001220703125,56.349998474121094,56.720001220703125,50.97117614746094,6880300
2018-03-26,57.5,57.86000061035156,56.900001525878906,57.59000015258789,51.752994537353516,5506600
2018-03-27,57.84000015258789,57.95000076293945,56.279998779296875,56.689998626708984,50.9442024230957,4424500
2018-03-28,56.709999084472656,56.91999816894531,55.869998931884766,56.25,50.54881286621094,4703100
2018-03-29,56.38999938964844,57.59000015258789,56.310001373291016,57.279998779296875,51.47441482543945,3087500
2018-04-02,57.189998626708984,57.189998626708984,53.790000915527344,54.34000015258789,48.832401275634766,5337000
2018-04-03,54.939998626708984,56.040000915527344,54.459999084472656,55.970001220703125,50.297183990478516,4294000
2018-04-04,55.060001373291016,56.4900016784668,54.849998474121094,56.36000061035156,50.647666931152344,3641700
2018-04-05,56.7599983215332,57.18000030517578,56.27000045776367,56.86000061035156,51.09699249267578,3689900
2018-04-06,56.43000030517578,56.66999816894531,54.849998474121094,55.290000915527344,49.68611526489258,5301900
2018-04-09,55.630001068115234,55.81999969482422,54.75,54.849998474121094,49.290706634521484,5856800
2018-04-10,55.5,55.58000183105469,53.599998474121094,54.130001068115234,48.64368438720703,5868600
2018-04-11,53.849998474121094,54.34000015258789,53.5,53.5,48.07754135131836,3599600
2018-04-12,54.09000015258789,55.939998626708984,53.779998779296875,54.939998626708984,49.371585845947266,5686700
2018-04-13,55.119998931884766,55.9900016784668,54.52000045776367,55.06999969482422,49.48841094970703,4761200
2018-04-16,55.29999923706055,55.75,54.560001373291016,54.88999938964844,49.32665252685547,5175700
2018-04-17,55.349998474121094,55.4900016784668,53.209999084472656,54.27000045776367,48.76948928833008,8060000
2018-04-18,54.5,56.52000045776367,54.380001068115234,55.81999969482422,50.16238784790039,6559900
2018-04-19,55.650001525878906,55.70000076293945,54.41999816894531,54.79999923706055,49.24576950073242,4391500
2018-04-20,54.849998474121094,55.209999084472656,54.34000015258789,54.77000045776367,49.21882247924805,5031700
2018-04-23,54.84000015258789,55.540000915527344,54.61000061035156,54.97999954223633,49.407527923583984,4465500
2018-04-24,55.31999969482422,55.380001068115234,53.43000030517578,53.880001068115234,48.41902542114258,3820000
2018-04-25,53.849998474121094,54.13999938964844,52.83000183105469,53.83000183105469,48.374088287353516,5132400
2018-04-26,52.189998626708984,53.790000915527344,51.0,53.29999923706055,47.897796630859375,9809800
2018-04-27,53.13999938964844,53.869998931884766,52.72999954223633,53.529998779296875,48.104496002197266,4891400
2018-04-30,53.619998931884766,53.779998779296875,52.709999084472656,52.83000183105469,47.475440979003906,8023200
2018-05-01,52.79999923706055,53.209999084472656,52.150001525878906,52.939998626708984,47.57429122924805,4016100
2018-05-02,52.97999954223633,53.400001525878906,52.189998626708984,52.209999084472656,46.91828918457031,6346400
2018-05-03,52.150001525878906,52.540000915527344,51.58000183105469,52.2400016784668,46.94523620605469,4330800
2018-05-04,52.0,53.099998474121094,51.90999984741211,52.779998779296875,47.43050765991211,4067800
2018-05-07,52.79999923706055,52.939998626708984,51.95000076293945,52.0,46.72956848144531,5045500
2018-05-08,52.16999816894531,53.06999969482422,51.95000076293945,52.33000183105469,47.02611541748047,6272400
2018-05-09,52.119998931884766,52.400001525878906,51.43000030517578,51.560001373291016,46.334163665771484,4222300
2018-05-10,51.29999923706055,52.189998626708984,51.2599983215332,51.939998626708984,46.6756477355957,6779700
2018-05-11,52.20000076293945,52.68000030517578,51.91999816894531,52.459999084472656,47.142948150634766,4890500
2018-05-14,52.5099983215332,52.7400016784668,52.06999969482422,52.20000076293945,46.909297943115234,7076300
2018-05-15,51.97999954223633,52.09000015258789,51.439998626708984,51.70000076293945,46.45997619628906,5241200
2018-05-16,51.75,53.369998931884766,51.59000015258789,53.0099983215332,47.637210845947266,5834700
2018-05-17,53.09000015258789,53.61000061035156,52.380001068115234,52.470001220703125,47.15193557739258,6222700
2018-05-18,52.36000061035156,53.02000045776367,52.119998931884766,52.189998626708984,46.900306701660156,6950400
2018-05-21,52.45000076293945,52.84000015258789,52.13999938964844,52.220001220703125,46.927276611328125,7237000
2018-05-22,52.5099983215332,52.66999816894531,50.68000030517578,50.849998474121094,45.69611740112305,9569000
2018-05-23,50.83000183105469,50.869998931884766,50.20000076293945,50.31999969482422,45.219844818115234,7580500
2018-05-24,50.40999984741211,51.52000045776367,50.209999084472656,51.209999084472656,46.019630432128906,8489900
2018-05-25,51.400001525878906,53.45000076293945,51.36000061035156,52.86000061035156,47.502403259277344,9292300
2018-05-29,52.619998931884766,52.79999923706055,51.209999084472656,51.4900016784668,46.27125930786133,7178100
2018-05-30,51.75,51.84000015258789,50.93000030517578,51.33000183105469,46.127479553222656,5442200
2018-05-31,51.34000015258789,51.79999923706055,50.91999816894531,51.08000183105469,45.90280532836914,7054100
2018-06-01,51.20000076293945,51.540000915527344,50.630001068115234,50.959999084472656,45.79498291015625,5486900
2018-06-04,51.130001068115234,52.08000183105469,51.0,51.650001525878906,46.4150390625,5322600
2018-06-05,51.189998626708984,51.400001525878906,50.40999984741211,50.900001525878906,45.8831901550293,4620100
2018-06-06,50.349998474121094,50.83000183105469,49.93000030517578,50.75,45.747989654541016,7321700
2018-06-07,50.75,50.959999084472656,50.34000015258789,50.63999938964844,45.6488151550293,5601800
2018-06-08,50.540000915527344,50.81999969482422,50.22999954223633,50.47999954223633,45.50459289550781,4939500
2018-06-11,50.959999084472656,51.970001220703125,50.709999084472656,50.97999954223633,45.95531463623047,9813600
2018-06-12,51.04999923706055,51.16999816894531,50.58000183105469,50.970001220703125,45.9463005065918,8126800
2018-06-13,51.20000076293945,51.880001068115234,51.150001525878906,51.349998474121094,46.28883743286133,6253200
2018-06-14,51.599998474121094,52.06999969482422,51.400001525878906,51.939998626708984,46.820682525634766,5683900
2018-06-15,51.630001068115234,52.43000030517578,51.369998931884766,52.18000030517578,47.03703308105469,8637100
2018-06-18,51.83000183105469,52.5099983215332,51.380001068115234,52.369998931884766,47.20829772949219,5543400
2018-06-19,52.029998779296875,52.09000015258789,51.16999816894531,51.709999084472656,46.61336135864258,4658900
2018-06-20,51.9900016784668,52.029998779296875,51.529998779296875,52.0,46.87477493286133,7040900
2018-06-21,51.93000030517578,53.2400016784668,51.83000183105469,53.150001525878906,47.91142654418945,8098300
2018-06-22,52.86000061035156,53.540000915527344,51.880001068115234,51.90999984741211,46.79364776611328,9187400
2018-06-25,51.61000061035156,51.86000061035156,50.91999816894531,51.279998779296875,46.225738525390625,7836600
2018-06-26,51.59000015258789,51.59000015258789,50.939998626708984,51.16999816894531,46.1265754699707,4410900
2018-06-27,51.209999084472656,51.22999954223633,50.18000030517578,50.369998931884766,45.40542984008789,6737900
2018-06-28,50.720001220703125,50.97999954223633,50.189998626708984,50.70000076293945,45.70292282104492,4652900
2018-06-29,50.79999923706055,51.45000076293945,50.72999954223633,50.880001068115234,45.86516571044922,4227700
2018-07-02,50.630001068115234,51.59000015258789,50.5,51.540000915527344,46.46011734008789,5127500
2018-07-03,51.560001373291016,52.06999969482422,51.130001068115234,51.52000045776367,46.442081451416016,2470400
2018-07-05,51.77000045776367,52.04999923706055,51.560001373291016,51.86000061035156,46.74858093261719,4440900
2018-07-06,52.060001373291016,53.040000915527344,52.0,52.7400016784668,47.54183578491211,5796700
2018-07-09,52.900001525878906,53.52000045776367,52.58000183105469,53.2599983215332,48.01058578491211,4843600
2018-07-10,53.13999938964844,53.20000076293945,52.470001220703125,53.0,47.776214599609375,3484000
2018-07-11,52.540000915527344,52.65999984741211,51.630001068115234,52.529998779296875,47.35253143310547,5788300
2018-07-12,53.130001068115234,53.220001220703125,51.86000061035156,52.77000045776367,47.568878173828125,4102600
2018-07-13,52.66999816894531,53.25,52.630001068115234,53.09000015258789,47.85734176635742,3392100
2018-07-16,53.38999938964844,53.4900016784668,52.75,53.08000183105469,47.848323822021484,3713800
2018-07-17,52.90999984741211,53.720001220703125,52.90999984741211,53.220001220703125,47.97452926635742,3942600
2018-07-18,54.060001373291016,55.22999954223633,53.75,53.900001525878906,48.58751678466797,7258400
2018-07-19,54.02000045776367,54.099998474121094,53.40999984741211,53.779998779296875,48.47933578491211,4013500
2018-07-20,53.58000183105469,53.869998931884766,53.2400016784668,53.43000030517578,48.16383743286133,4674400
2018-07-23,53.2599983215332,53.709999084472656,52.779998779296875,53.560001373291016,48.28102493286133,3846100
2018-07-24,53.7400016784668,53.75,51.84000015258789,51.90999984741211,46.79364776611328,5782100
2018-07-25,52.0,52.619998931884766,51.65999984741211,52.290000915527344,47.13619613647461,5445700
2018-07-26,52.099998474121094,56.880001068115234,52.029998779296875,56.70000076293945,51.11153030395508,11997000
2018-07-27,56.59000015258789,58.43000030517578,56.5099983215332,58.380001068115234,52.62594223022461,8891400
2018-07-30,58.08000183105469,58.43000030517578,57.52000045776367,57.900001525878906,52.193267822265625,5492200
2018-07-31,58.13999938964844,59.33000183105469,58.11000061035156,58.15999984741211,52.42762756347656,5138600
2018-08-01,58.119998931884766,58.34000015258789,56.439998626708984,56.52000045776367,50.94927215576172,4292400
2018-08-02,56.209999084472656,56.7599983215332,55.61000061035156,56.689998626708984,51.102516174316406,3507500
2018-08-03,56.83000183105469,57.4900016784668,56.79999923706055,57.40999984741211,51.75156021118164,3826900
2018-08-06,57.209999084472656,57.91999816894531,57.099998474121094,57.790000915527344,52.094093322753906,2989000
2018-08-07,58.150001525878906,58.63999938964844,57.84000015258789,58.09000015258789,52.364540100097656,2557900
2018-08-08,58.77000045776367,59.33000183105469,58.61000061035156,58.81999969482422,53.022586822509766,4003800
2018-08-09,58.86000061035156,59.279998779296875,58.810001373291016,58.9900016784668,53.17582702636719,2763500
2018-08-10,58.779998779296875,59.09000015258789,58.29999923706055,58.9900016784668,53.17582702636719,3218700
2018-08-13,59.04999923706055,59.369998931884766,58.52000045776367,58.84000015258789,53.04060745239258,2972900
2018-08-14,58.939998626708984,59.84000015258789,58.93000030517578,59.09000015258789,53.26597213745117,3298100
2018-08-15,59.040000915527344,60.47999954223633,58.90999984741211,60.33000183105469,54.383758544921875,6499100
2018-08-16,60.54999923706055,60.959999084472656,59.33000183105469,59.52000045776367,53.653587341308594,5345000
2018-08-17,59.59000015258789,59.83000183105469,59.04999923706055,59.68000030517578,53.797813415527344,3166000
2018-08-20,59.95000076293945,62.04999923706055,59.88999938964844,61.630001068115234,55.55562210083008,6106000
2018-08-21,61.47999954223633,62.20000076293945,60.959999084472656,61.0,55.13084411621094,4150800
2018-08-22,60.810001373291016,61.0,60.27000045776367,60.61000061035156,54.77836227416992,2176900
2018-08-23,60.63999938964844,61.33000183105469,60.36000061035156,61.0099983215332,55.1398811340332,3031900
2018-08-24,60.4900016784668,61.06999969482422,59.93000030517578,60.9900016784668,55.12179946899414,2702000
2018-08-27,61.15999984741211,61.380001068115234,60.70000076293945,60.90999984741211,55.049495697021484,2706700
2018-08-28,61.029998779296875,61.529998779296875,60.79999923706055,61.33000183105469,55.42908477783203,4382000
2018-08-29,61.33000183105469,61.560001373291016,60.83000183105469,61.220001220703125,55.32967758178711,3136500
2018-08-30,61.04999923706055,61.40999984741211,60.540000915527344,60.81999969482422,54.96816635131836,3083500
2018-08-31,60.86000061035156,61.75,60.810001373291016,61.29999923706055,55.40196990966797,3292300
2018-09-04,61.43000030517578,62.54999923706055,61.130001068115234,61.9900016784668,56.02559280395508,5588200
2018-09-05,62.150001525878906,62.7400016784668,61.29999923706055,61.400001525878906,55.49235153198242,4870600
2018-09-06,61.400001525878906,61.75,60.65999984741211,61.029998779296875,55.157958984375,2512500
2018-09-07,61.439998626708984,62.709999084472656,61.209999084472656,61.900001525878906,55.944252014160156,3836500
2018-09-10,61.900001525878906,62.720001220703125,61.630001068115234,62.5099983215332,56.49555206298828,3674800
2018-09-11,62.310001373291016,63.25,62.279998779296875,62.97999954223633,56.92033386230469,3074100
2018-09-12,62.95000076293945,63.0,61.25,61.369998931884766,55.465240478515625,5364300
2018-09-13,61.54999923706055,62.84000015258789,61.52000045776367,62.36000061035156,56.3599967956543,3968500
2018-09-14,62.220001220703125,62.560001373291016,62.029998779296875,62.43000030517578,56.42325210571289,2936400
2018-09-17,62.66999816894531,63.459999084472656,62.61000061035156,63.099998474121094,57.028785705566406,3644700
2018-09-18,63.0,63.22999954223633,62.11000061035156,63.04999923706055,56.98359680175781,2768700
2018-09-19,63.150001525878906,63.880001068115234,63.02000045776367,63.11000061035156,57.03782653808594,2756800
2018-09-20,63.380001068115234,63.630001068115234,62.41999816894531,62.5,56.48651885986328,4311100
2018-09-21,62.689998626708984,64.0199966430664,62.66999816894531,63.77000045776367,57.63431930541992,7797700
2018-09-24,63.34000015258789,63.38999938964844,61.650001525878906,62.060001373291016,56.08885192871094,4522100
2018-09-25,62.0,62.34000015258789,61.119998931884766,61.650001525878906,55.71830368041992,3864000
2018-09-26,61.93000030517578,62.369998931884766,61.81999969482422,62.09000015258789,56.115966796875,2391400
2018-09-27,62.5,63.15999984741211,62.439998626708984,62.709999084472656,56.67631149291992,4007900
2018-09-28,62.45000076293945,63.0099983215332,61.91999816894531,62.45000076293945,56.44132614135742,3018000
2018-10-01,62.61000061035156,63.20000076293945,61.540000915527344,61.70000076293945,55.763492584228516,4257000
2018-10-02,61.47999954223633,61.83000183105469,60.59000015258789,61.18000030517578,55.29352569580078,4041300
2018-10-03,61.380001068115234,62.0,61.2599983215332,61.68000030517578,55.74542236328125,4420700
2018-10-04,61.66999816894531,61.970001220703125,61.220001220703125,61.58000183105469,55.6550407409668,2474800
2018-10-05,61.68000030517578,61.869998931884766,60.66999816894531,61.04999923706055,55.1760368347168,3998200
2018-10-08,60.900001525878906,61.06999969482422,60.15999984741211,60.619998931884766,54.78740310668945,3690700
2018-10-09,60.650001525878906,60.720001220703125,59.470001220703125,59.4900016784668,53.76613998413086,7852400
2018-10-10,59.36000061035156,59.380001068115234,56.880001068115234,57.33000183105469,51.81395721435547,7945400
2018-10-11,57.91999816894531,58.75,56.43000030517578,57.029998779296875,51.54281997680664,7140800
2018-10-12,57.939998626708984,58.22999954223633,56.720001220703125,57.380001068115234,51.85914611816406,4014100
2018-10-15,57.220001220703125,58.189998626708984,57.18000030517578,57.68000030517578,52.13028335571289,3324800
2018-10-16,57.79999923706055,59.13999938964844,57.5099983215332,58.939998626708984,53.269046783447266,4119800
2018-10-17,60.45000076293945,60.86000061035156,58.650001525878906,59.20000076293945,53.504032135009766,4664100
2018-10-18,59.15999984741211,59.15999984741211,57.77000045776367,57.959999084472656,52.38332748413086,3570600
2018-10-19,58.16999816894531,58.439998626708984,57.689998626708984,58.130001068115234,52.5369873046875,3757200
2018-10-22,58.13999938964844,58.529998779296875,57.15999984741211,57.869998931884766,52.302001953125,4373000
2018-10-23,57.220001220703125,57.52000045776367,55.959999084472656,57.47999954223633,51.949527740478516,4253300
2018-10-24,57.7599983215332,57.790000915527344,54.36000061035156,54.59000015258789,49.33757781982422,6127800
2018-10-25,50.970001220703125,51.70000076293945,49.02000045776367,49.90999984741211,45.107879638671875,21643400
2018-10-26,49.900001525878906,50.18000030517578,48.33000183105469,49.58000183105469,44.809627532958984,10057900
2018-10-29,49.93000030517578,50.18000030517578,47.099998474121094,47.90999984741211,43.3003044128418,11202300
2018-10-30,47.36000061035156,49.18000030517578,47.25,49.150001525878906,44.420997619628906,8954900
2018-10-31,49.34000015258789,50.119998931884766,49.04999923706055,49.099998474121094,44.37581253051758,7568000
2018-11-01,49.29999923706055,51.040000915527344,49.29999923706055,50.95000076293945,46.04781723022461,6778600
2018-11-02,51.0,52.54999923706055,51.0,51.81999969482422,46.834102630615234,8458000
2018-11-05,51.66999816894531,51.779998779296875,51.060001373291016,51.41999816894531,46.47259521484375,6203800
2018-11-06,51.45000076293945,52.45000076293945,51.25,51.86000061035156,46.87026596069336,8061200
2018-11-07,52.099998474121094,53.310001373291016,51.95000076293945,52.880001068115234,47.79210662841797,4862500
2018-11-08,52.70000076293945,53.029998779296875,52.34000015258789,52.720001220703125,47.64751434326172,4634300
2018-11-09,52.779998779296875,53.5099983215332,52.119998931884766,52.4900016784668,47.439640045166016,4229900
2018-11-12,52.400001525878906,52.720001220703125,51.540000915527344,51.88999938964844,46.89737319946289,3946800
2018-11-13,52.099998474121094,53.06999969482422,52.09000015258789,52.72999954223633,47.65654373168945,6528700
2018-11-14,52.7599983215332,53.439998626708984,52.25,52.47999954223633,47.43059158325195,4346600
2018-11-15,52.0,53.5,51.72999954223633,53.22999954223633,48.10844039916992,5051700
2018-11-16,52.849998474121094,52.9900016784668,51.68000030517578,52.58000183105469,47.52098846435547,4770200
2018-11-19,52.75,52.84000015258789,52.08000183105469,52.38999938964844,47.349266052246094,3019300
2018-11-20,51.84000015258789,52.369998931884766,51.33000183105469,51.56999969482422,46.608158111572266,3373500
2018-11-21,51.79999923706055,53.209999084472656,51.7400016784668,52.25,47.22271728515625,2952800
2018-11-23,52.720001220703125,53.220001220703125,52.15999984741211,52.68000030517578,47.61136245727539,2216600
2018-11-26,53.04999923706055,53.47999954223633,52.470001220703125,52.7599983215332,47.68366622924805,4319700
2018-11-27,53.08000183105469,53.970001220703125,52.689998626708984,52.790000915527344,47.71076965332031,6216900
2018-11-28,53.04999923706055,53.08000183105469,52.16999816894531,53.08000183105469,47.97287368774414,3813600
2018-11-29,52.81999969482422,53.56999969482422,52.81999969482422,53.22999954223633,48.10844039916992,2929000
2018-11-30,53.43000030517578,54.65999984741211,53.29999923706055,54.61000061035156,49.35566329956055,4546900
2018-12-03,54.900001525878906,55.68000030517578,54.22999954223633,54.369998931884766,49.138755798339844,4041500
2018-12-04,53.619998931884766,54.16999816894531,52.130001068115234,52.79999923706055,47.86066436767578,5877100
2018-12-06,52.56999969482422,53.849998474121094,52.2599983215332,53.599998474121094,48.585811614990234,7603500
2018-12-07,53.22999954223633,53.38999938964844,51.13999938964844,51.36000061035156,46.55536651611328,6238300
2018-12-10,51.540000915527344,51.79999923706055,50.189998626708984,51.13999938964844,46.35594177246094,5006300
2018-12-11,51.58000183105469,51.61000061035156,50.68000030517578,51.08000183105469,46.30155944824219,2970900
2018-12-12,51.47999954223633,51.5,50.54999923706055,50.900001525878906,46.13840103149414,4137800
2018-12-13,50.880001068115234,51.0,49.36000061035156,50.34000015258789,45.63078308105469,6866700
2018-12-14,49.619998931884766,51.08000183105469,49.58000183105469,50.09000015258789,45.4041748046875,3998700
2018-12-17,49.84000015258789,50.11000061035156,48.529998779296875,49.38999938964844,44.769657135009766,5814200
2018-12-18,49.88999938964844,50.150001525878906,49.349998474121094,49.599998474121094,44.96000671386719,3560600
2018-12-19,49.369998931884766,49.97999954223633,48.349998474121094,48.779998779296875,44.21671676635742,4350600
2018-12-20,48.52000045776367,48.880001068115234,46.40999984741211,47.06999969482422,42.66669464111328,4759300
2018-12-21,47.06999969482422,47.810001373291016,45.77000045776367,45.95000076293945,41.651466369628906,8357700
2018-12-24,45.560001373291016,45.689998626708984,44.349998474121094,44.400001525878906,40.246463775634766,3782200
2018-12-26,44.75,46.7599983215332,44.279998779296875,46.720001220703125,42.34942626953125,3929200
2018-12-27,46.27000045776367,46.81999969482422,45.11000061035156,46.79999923706055,42.42194747924805,3281200
2018-12-28,47.0,47.5,46.59000015258789,46.7599983215332,42.38568115234375,3135700
2018-12-31,46.939998626708984,47.13999938964844,46.060001373291016,46.47999954223633,42.13187026977539,3805100
2019-01-02,46.04999923706055,47.20000076293945,45.470001220703125,47.13999938964844,42.73013687133789,4081300
2019-01-03,46.47999954223633,46.56999969482422,44.61000061035156,45.61000061035156,41.343265533447266,4404900
2019-01-04,45.9900016784668,48.060001373291016,45.9900016784668,47.86000061035156,43.38278579711914,4762100
2019-01-07,47.84000015258789,48.2599983215332,47.16999816894531,47.869998931884766,43.391841888427734,5194700
2019-01-08,48.5,48.59000015258789,47.209999084472656,47.540000915527344,43.092716217041016,4462600
2019-01-09,47.630001068115234,49.27000045776367,47.56999969482422,49.08000183105469,44.4886589050293,3489400
2019-01-10,47.4900016784668,49.029998779296875,46.900001525878906,48.9900016784668,44.407073974609375,5424800
2019-01-11,48.650001525878906,48.86000061035156,47.849998474121094,48.52000045776367,43.981040954589844,3568900
2019-01-14,48.18000030517578,49.290000915527344,47.70000076293945,48.7599983215332,44.198585510253906,3908800
2019-01-15,49.0099983215332,50.02000045776367,48.86000061035156,49.61000061035156,44.96907424926758,4408900
2019-01-16,50.36000061035156,50.72999954223633,49.75,49.779998779296875,45.1231689453125,4640300
2019-01-17,49.7400016784668,50.93000030517578,49.619998931884766,50.59000015258789,45.85739517211914,3483100
2019-01-18,50.90999984741211,51.58000183105469,50.599998474121094,51.56999969482422,46.7457275390625,3236200
2019-01-22,51.25,51.540000915527344,50.2400016784668,50.540000915527344,45.81207275390625,4153900
2019-01-23,50.880001068115234,51.310001373291016,50.060001373291016,51.02000045776367,46.2471809387207,4721300
2019-01-24,53.75,54.869998931884766,52.720001220703125,54.209999084472656,49.13875961303711,11000800
2019-01-25,55.0,55.689998626708984,54.04999923706055,54.97999954223633,49.83671569824219,7351800
2019-01-28,54.88999938964844,55.959999084472656,54.88999938964844,55.52000045776367,50.32620620727539,5073200
2019-01-29,55.650001525878906,56.540000915527344,55.380001068115234,56.369998931884766,51.0966911315918,5231900
2019-01-30,56.65999984741211,57.81999969482422,56.58000183105469,57.4900016784668,52.11191940307617,6768600
2019-01-31,57.4900016784668,57.63999938964844,56.40999984741211,56.7599983215332,51.45020294189453,4658800
2019-02-01,56.9900016784668,58.0,56.90999984741211,57.130001068115234,51.78559112548828,3610400
2019-02-04,57.20000076293945,58.310001373291016,57.150001525878906,58.290000915527344,52.837074279785156,4426900
2019-02-05,58.5,58.77000045776367,57.529998779296875,57.880001068115234,52.465431213378906,5130900
2019-02-06,57.54999923706055,57.720001220703125,56.63999938964844,57.61000061035156,52.22069549560547,5305600
2019-02-07,57.16999816894531,57.66999816894531,57.119998931884766,57.47999954223633,52.102840423583984,3130500
2019-02-08,56.970001220703125,57.650001525878906,56.810001373291016,57.650001525878906,52.25694274902344,3151400
2019-02-11,58.06999969482422,58.439998626708984,57.599998474121094,58.279998779296875,52.82801055908203,4081700
2019-02-12,58.279998779296875,58.7400016784668,57.5099983215332,57.70000076293945,52.302268981933594,3612800
2019-02-13,57.970001220703125,58.56999969482422,57.810001373291016,58.0,52.57420349121094,3969200
2019-02-14,57.61000061035156,58.4900016784668,57.150001525878906,58.0,52.57420349121094,5013400
2019-02-15,58.5,58.599998474121094,57.63999938964844,57.70000076293945,52.302268981933594,4992000
2019-02-19,57.349998474121094,58.15999984741211,56.65999984741211,57.66999816894531,52.27507781982422,5656300
2019-02-20,55.040000915527344,55.38999938964844,54.18000030517578,54.40999984741211,49.32004165649414,11873100
2019-02-21,54.20000076293945,54.75,54.04999923706055,54.310001373291016,49.22940444946289,4916600
2019-02-22,54.130001068115234,54.38999938964844,53.470001220703125,53.619998931884766,48.60394287109375,4569600
2019-02-25,53.90999984741211,54.20000076293945,53.599998474121094,53.959999084472656,48.91213607788086,5650600
2019-02-26,53.959999084472656,54.630001068115234,53.66999816894531,53.689998626708984,48.66740036010742,5806600
2019-02-27,53.4900016784668,54.20000076293945,53.310001373291016,53.849998474121094,48.81243133544922,5569200
2019-02-28,53.88999938964844,56.959999084472656,53.68000030517578,56.040000915527344,50.79755783081055,15308200
2019-03-01,56.279998779296875,56.58000183105469,54.04999923706055,54.34000015258789,49.256591796875,9041400
2019-03-04,54.220001220703125,54.560001373291016,53.2599983215332,53.83000183105469,48.79430389404297,4526200
2019-03-05,54.0,54.400001525878906,53.31999969482422,53.38999938964844,48.53974151611328,5211600
2019-03-06,53.5,53.779998779296875,52.7599983215332,53.060001373291016,48.23971939086914,5114900
2019-03-07,52.83000183105469,53.18000030517578,51.959999084472656,52.43000030517578,47.66695785522461,5552200
2019-03-08,52.0099983215332,52.0099983215332,51.31999969482422,51.77000045776367,47.06690216064453,4648100
2019-03-11,49.900001525878906,51.63999938964844,49.81999969482422,51.61000061035156,46.921443939208984,6185700
2019-03-12,51.380001068115234,51.43000030517578,49.90999984741211,50.400001525878906,45.82137680053711,8767000
2019-03-13,50.88999938964844,51.779998779296875,48.58000183105469,50.61000061035156,46.01228713989258,12543800
2019-03-14,50.779998779296875,51.59000015258789,50.61000061035156,51.15999984741211,46.5123291015625,7699800
2019-03-15,51.15999984741211,51.720001220703125,50.95000076293945,51.369998931884766,46.703250885009766,7146500
2019-03-18,51.34000015258789,51.529998779296875,51.0,51.08000183105469,46.43959045410156,4217300
2019-03-19,51.16999816894531,51.720001220703125,50.47999954223633,50.7400016784668,46.1304817199707,4319700
2019-03-20,50.5,50.70000076293945,49.40999984741211,49.70000076293945,45.18495559692383,5785700
2019-03-21,49.70000076293945,51.029998779296875,49.70000076293945,50.7400016784668,46.1304817199707,5574100
2019-03-22,50.41999816894531,50.52000045776367,49.29999923706055,49.31999969482422,44.839481353759766,4834900
2019-03-25,49.2599983215332,49.540000915527344,48.529998779296875,48.689998626708984,44.2667121887207,4501800
2019-03-26,48.849998474121094,49.47999954223633,48.58000183105469,48.75,44.321258544921875,3821400
2019-03-27,48.5,50.25,48.5,49.83000183105469,45.30315017700195,8071800
2019-03-28,49.79999923706055,50.720001220703125,49.720001220703125,50.45000076293945,45.866825103759766,7368900
2019-03-29,50.58000183105469,52.099998474121094,50.45000076293945,51.90999984741211,47.19419860839844,6669600
2019-04-01,52.27000045776367,53.04999923706055,52.02000045776367,52.40999984741211,47.648765563964844,6312900
2019-04-02,53.16999816894531,53.43000030517578,52.150001525878906,52.709999084472656,47.9215202331543,4412800
2019-04-03,52.95000076293945,53.52000045776367,52.81999969482422,52.88999938964844,48.08516311645508,3098300
2019-04-04,53.25,53.29999923706055,52.209999084472656,53.18000030517578,48.348819732666016,2799500
2019-04-05,53.25,53.72999954223633,53.060001373291016,53.25,48.412452697753906,2531800
2019-04-08,52.2599983215332,52.5,51.66999816894531,51.939998626708984,47.22146987915039,7001700
2019-04-09,51.630001068115234,52.08000183105469,51.380001068115234,51.88999938964844,47.17600631713867,3380600
2019-04-10,52.56999969482422,52.7599983215332,51.720001220703125,52.619998931884766,47.839691162109375,3910700
2019-04-11,52.75,53.5099983215332,52.689998626708984,53.0,48.1851692199707,3287100
2019-04-12,53.27000045776367,53.63999938964844,52.709999084472656,53.130001068115234,48.30335998535156,2738400
2019-04-15,53.060001373291016,53.060001373291016,52.279998779296875,52.290000915527344,47.539669036865234,2524600
2019-04-16,52.2599983215332,52.970001220703125,51.97999954223633,52.779998779296875,47.98515319824219,2941000
2019-04-17,53.38999938964844,53.630001068115234,52.470001220703125,52.7599983215332,47.96696853637695,2571000
2019-04-18,52.65999984741211,52.77000045776367,51.900001525878906,52.18000030517578,47.43966293334961,3342100
2019-04-22,51.86000061035156,52.06999969482422,51.459999084472656,51.709999084472656,47.01236343383789,2971500
2019-04-23,51.779998779296875,52.91999816894531,51.560001373291016,52.790000915527344,47.9942512512207,3600000
2019-04-24,52.90999984741211,53.040000915527344,52.38999938964844,52.93000030517578,48.12152862548828,4074200
2019-04-25,53.119998931884766,54.86000061035156,52.63999938964844,53.349998474121094,48.50337219238281,7115900
2019-04-26,53.25,53.54999923706055,52.939998626708984,52.97999954223633,48.166988372802734,3939400
2019-04-29,52.9900016784668,54.06999969482422,52.7400016784668,53.83000183105469,48.93976974487305,4029400
2019-04-30,53.93000030517578,54.560001373291016,53.52000045776367,54.22999954223633,49.30342102050781,3861000
2019-05-01,54.599998474121094,54.61000061035156,53.86000061035156,53.900001525878906,49.0034065246582,2514200
2019-05-02,53.9900016784668,54.4900016784668,53.36000061035156,53.369998931884766,48.521549224853516,2903900
2019-05-03,53.52000045776367,53.93000030517578,53.290000915527344,53.619998931884766,48.74884033203125,2502100
2019-05-06,52.810001373291016,53.61000061035156,52.720001220703125,53.47999954223633,48.621559143066406,2307600
2019-05-07,53.040000915527344,53.119998931884766,51.45000076293945,52.209999084472656,47.466941833496094,4893900
2019-05-08,51.88999938964844,52.88999938964844,51.61000061035156,52.40999984741211,47.648765563964844,3464800
2019-05-09,51.900001525878906,52.52000045776367,51.79999923706055,52.459999084472656,47.6942253112793,2749100
2019-05-10,52.150001525878906,52.880001068115234,51.18000030517578,52.7400016784668,47.948795318603516,2564700
2019-05-13,51.77000045776367,51.84000015258789,50.779998779296875,51.040000915527344,46.403228759765625,3285700
2019-05-14,51.119998931884766,51.939998626708984,50.900001525878906,51.650001525878906,46.95781707763672,2616100
2019-05-15,51.0099983215332,52.439998626708984,50.709999084472656,52.0099983215332,47.28510665893555,3086600
2019-05-16,52.16999816894531,53.0099983215332,52.0,52.59000015258789,47.812416076660156,3176100
2019-05-17,52.060001373291016,52.97999954223633,51.95000076293945,52.2400016784668,47.49420928955078,2173200
2019-05-20,51.779998779296875,52.5099983215332,51.72999954223633,52.0099983215332,47.28510665893555,2658200
2019-05-21,52.54999923706055,53.439998626708984,52.400001525878906,53.369998931884766,48.521549224853516,3471400
2019-05-22,53.2400016784668,53.52000045776367,52.52000045776367,52.56999969482422,47.79422378540039,3192000
2019-05-23,52.04999923706055,52.04999923706055,50.36000061035156,50.959999084472656,46.33048629760742,5438200
2019-05-24,51.11000061035156,51.560001373291016,50.880001068115234,51.150001525878906,46.503238677978516,2311900
2019-05-28,50.72999954223633,50.93000030517578,49.9900016784668,50.029998779296875,45.484981536865234,3446600
2019-05-29,50.150001525878906,50.150001525878906,49.11000061035156,49.560001373291016,45.05767822265625,3703100
2019-05-30,49.56999969482422,49.88999938964844,49.060001373291016,49.38999938964844,44.90312957763672,2792300
2019-05-31,48.90999984741211,49.0099983215332,47.439998626708984,47.599998474121094,43.275733947753906,5193900
2019-06-03,47.599998474121094,48.349998474121094,47.400001525878906,47.790000915527344,43.4484748840332,5231200
2019-06-04,48.2400016784668,49.220001220703125,48.16999816894531,48.95000076293945,44.671348571777344,6212700
2019-06-05,49.59000015258789,50.290000915527344,49.400001525878906,50.220001220703125,45.83034133911133,4456100
2019-06-06,50.25,50.5,49.540000915527344,49.97999954223633,45.6113166809082,2385900
2019-06-07,50.15999984741211,50.959999084472656,50.08000183105469,50.369998931884766,45.96722412109375,2032300
2019-06-10,50.849998474121094,51.33000183105469,50.279998779296875,50.29999923706055,45.903343200683594,3016600
2019-06-11,50.560001373291016,51.13999938964844,50.27000045776367,50.58000183105469,46.15887451171875,2949000
2019-06-12,50.59000015258789,51.11000061035156,50.41999816894531,50.810001373291016,46.36875915527344,2572800
2019-06-13,51.11000061035156,52.75,51.06999969482422,52.380001068115234,47.80154037475586,4241800
2019-06-14,52.540000915527344,52.59000015258789,51.380001068115234,51.81999969482422,47.29048538208008,2535300
2019-06-17,51.61000061035156,51.70000076293945,51.06999969482422,51.18000030517578,46.70642852783203,2811200
2019-06-18,51.43000030517578,52.459999084472656,51.15999984741211,51.70000076293945,47.18096923828125,3068800
2019-06-19,52.0,52.099998474121094,50.88999938964844,51.5099983215332,47.0075798034668,3903300
2019-06-20,51.81999969482422,51.90999984741211,51.029998779296875,51.52000045776367,47.0167121887207,3884300
2019-06-21,51.52000045776367,51.9900016784668,51.119998931884766,51.25,46.77031326293945,4733300
2019-06-24,51.459999084472656,51.5,50.90999984741211,51.220001220703125,46.7429313659668,2384200
2019-06-25,51.119998931884766,51.61000061035156,50.959999084472656,51.0,46.54216003417969,2954000
2019-06-26,51.06999969482422,51.380001068115234,50.349998474121094,50.70000076293945,46.26838302612305,3847600
2019-06-27,50.7599983215332,51.470001220703125,50.5,50.7400016784668,46.30488967895508,3856700
2019-06-28,50.959999084472656,51.18000030517578,50.650001525878906,50.779998779296875,46.34138870239258,5965400
2019-07-01,51.20000076293945,51.83000183105469,51.04999923706055,51.540000915527344,47.03495788574219,3350600
2019-07-02,51.90999984741211,52.25,51.029998779296875,51.43000030517578,46.9345703125,2909300
2019-07-03,51.77000045776367,52.22999954223633,51.58000183105469,51.88999938964844,47.3543701171875,2717000
2019-07-05,51.849998474121094,52.25,51.459999084472656,51.880001068115234,47.34524917602539,2113200
2019-07-08,51.599998474121094,52.290000915527344,51.40999984741211,52.08000183105469,47.52775955200195,3164700
2019-07-09,51.709999084472656,52.2400016784668,51.470001220703125,51.689998626708984,47.17184829711914,3121800
2019-07-10,51.90999984741211,52.34000015258789,51.720001220703125,51.86000061035156,47.32699203491211,3224000
2019-07-11,52.16999816894531,52.22999954223633,51.77000045776367,51.84000015258789,47.308738708496094,2094500
2019-07-12,52.0,52.810001373291016,51.81999969482422,52.5099983215332,47.920166015625,2643100
2019-07-15,52.349998474121094,53.0,52.18000030517578,52.2599983215332,47.6920280456543,3191400
2019-07-16,52.279998779296875,53.790000915527344,52.279998779296875,53.279998779296875,48.622859954833984,3601100
2019-07-17,53.130001068115234,53.130001068115234,52.27000045776367,52.29999923706055,47.72852325439453,3712800
2019-07-18,52.16999816894531,52.72999954223633,51.900001525878906,52.439998626708984,47.856292724609375,2969400
2019-07-19,52.529998779296875,52.93000030517578,52.0,52.02000045776367,47.47300720214844,4285500
2019-07-22,52.310001373291016,53.099998474121094,52.27000045776367,52.68000030517578,48.0753059387207,3567200
2019-07-23,52.75,54.25,52.72999954223633,54.119998931884766,49.38943862915039,3399900
2019-07-24,54.0,54.939998626708984,53.849998474121094,54.720001220703125,49.9370002746582,4756600
2019-07-25,53.33000183105469,55.939998626708984,52.40999984741211,54.90999984741211,50.110389709472656,8684100
2019-07-26,54.86000061035156,54.86000061035156,53.13999938964844,53.25,48.59549331665039,5835400
2019-07-29,53.150001525878906,53.689998626708984,52.689998626708984,52.880001068115234,48.25782775878906,3785900
2019-07-30,52.54999923706055,52.79999923706055,52.150001525878906,52.54999923706055,47.95668029785156,2794400
2019-07-31,52.54999923706055,52.709999084472656,51.38999938964844,51.529998779296875,47.02582931518555,4985500
2019-08-01,51.529998779296875,52.279998779296875,50.41999816894531,50.959999084472656,46.50564956665039,4588000
2019-08-02,50.84000015258789,50.970001220703125,50.25,50.619998931884766,46.195377349853516,3142500
2019-08-05,50.0,50.0,48.400001525878906,48.959999084472656,44.68047332763672,5156500
2019-08-06,49.38999938964844,49.790000915527344,49.04999923706055,49.709999084472656,45.36491394042969,3234900
2019-08-07,49.18000030517578,50.16999816894531,48.77000045776367,49.93000030517578,45.56568145751953,3592400
2019-08-08,50.2400016784668,50.79999923706055,49.90999984741211,50.4900016784668,46.07673263549805,3673100
2019-08-09,50.22999954223633,50.7599983215332,50.060001373291016,50.45000076293945,46.04023361206055,2594300
2019-08-12,50.02000045776367,50.150001525878906,49.540000915527344,50.04999923706055,45.67519760131836,2112100
2019-08-13,49.400001525878906,50.95000076293945,49.36000061035156,49.91999816894531,45.55656051635742,3240500
2019-08-14,49.41999816894531,49.439998626708984,48.220001220703125,48.7599983215332,44.497955322265625,3653800
2019-08-15,48.90999984741211,49.040000915527344,48.09000015258789,48.209999084472656,43.996028900146484,2935600
2019-08-16,48.70000076293945,50.0099983215332,48.54999923706055,49.790000915527344,45.437923431396484,2997200
2019-08-19,50.33000183105469,50.95000076293945,50.29999923706055,50.63999938964844,46.213623046875,3540100
2019-08-20,50.45000076293945,50.470001220703125,49.72999954223633,50.02000045776367,45.8106575012207,2296900
2019-08-21,50.40999984741211,50.88999938964844,50.349998474121094,50.59000015258789,46.33268737792969,2096500
2019-08-22,50.810001373291016,51.56999969482422,50.65999984741211,51.189998626708984,46.882198333740234,3470200
2019-08-23,50.95000076293945,51.939998626708984,50.22999954223633,50.560001373291016,46.30521774291992,4692100
2019-08-26,50.939998626708984,51.15999984741211,50.2400016784668,50.689998626708984,46.42427444458008,3608800
2019-08-27,50.970001220703125,51.119998931884766,50.189998626708984,50.4900016784668,46.24109649658203,2519100
2019-08-28,50.2400016784668,51.52000045776367,50.119998931884766,51.15999984741211,46.8547248840332,2614900
2019-08-29,51.65999984741211,52.38999938964844,51.61000061035156,52.29999923706055,47.898780822753906,3851800
2019-08-30,52.599998474121094,53.189998626708984,52.18000030517578,52.31999969482422,47.91709518432617,3274700
2019-09-03,51.88999938964844,52.2400016784668,50.90999984741211,51.380001068115234,47.056217193603516,4298000
2019-09-04,51.83000183105469,52.290000915527344,51.0099983215332,52.099998474121094,47.71561050415039,3167000
2019-09-05,52.599998474121094,53.130001068115234,52.439998626708984,52.52000045776367,48.10027313232422,3236100
2019-09-06,52.75,53.150001525878906,52.08000183105469,52.13999938964844,47.75224685668945,2773600
2019-09-09,52.13999938964844,53.29999923706055,51.81999969482422,53.08000183105469,48.6131477355957,3127600
2019-09-10,53.290000915527344,53.630001068115234,52.880001068115234,53.380001068115234,48.88789749145508,3196200
2019-09-11,53.470001220703125,54.86000061035156,53.040000915527344,54.709999084472656,50.1059684753418,5496000
2019-09-12,54.790000915527344,55.470001220703125,54.29999923706055,54.97999954223633,50.35325622558594,2963500
2019-09-13,55.97999954223633,56.349998474121094,55.650001525878906,55.790000915527344,51.0950813293457,4400800
2019-09-16,54.38999938964844,55.86000061035156,54.060001373291016,55.810001373291016,51.11341094970703,4727300
2019-09-17,55.25,56.279998779296875,55.209999084472656,55.72999954223633,51.040138244628906,4270200
2019-09-18,55.70000076293945,56.4900016784668,55.599998474121094,56.22999954223633,51.4980583190918,4514200
2019-09-19,56.09000015258789,56.209999084472656,55.060001373291016,55.08000183105469,50.44484329223633,4054800
2019-09-20,55.15999984741211,55.439998626708984,54.27000045776367,54.4900016784668,49.90449905395508,7034800
2019-09-23,54.349998474121094,54.7599983215332,53.959999084472656,54.47999954223633,49.895328521728516,2910200
2019-09-24,54.939998626708984,55.18000030517578,54.06999969482422,54.72999954223633,50.124298095703125,3402100
2019-09-25,54.7599983215332,55.34000015258789,54.52000045776367,54.81999969482422,50.206722259521484,2118900
2019-09-26,54.869998931884766,55.18000030517578,54.439998626708984,54.58000183105469,49.98692321777344,2528900
2019-09-27,54.900001525878906,55.16999816894531,54.060001373291016,54.34000015258789,49.767112731933594,3160700
2019-09-30,54.400001525878906,54.689998626708984,53.72999954223633,54.0099983215332,49.46488952636719,3712900
2019-10-01,54.290000915527344,54.900001525878906,53.290000915527344,53.369998931884766,48.87873840332031,4204900
2019-10-02,52.720001220703125,53.0,51.189998626708984,52.040000915527344,47.66065979003906,5131400
2019-10-03,52.040000915527344,52.439998626708984,51.2599983215332,52.2599983215332,47.862152099609375,4079200
2019-10-04,52.15999984741211,52.9900016784668,52.15999984741211,52.790000915527344,48.34755325317383,2779800
2019-10-07,53.0,53.45000076293945,52.779998779296875,53.040000915527344,48.576515197753906,2775100
2019-10-08,52.72999954223633,53.720001220703125,52.40999984741211,53.029998779296875,48.56735610961914,3751400
2019-10-09,53.56999969482422,54.13999938964844,53.130001068115234,53.4900016784668,48.988651275634766,3698600
2019-10-10,52.70000076293945,53.84000015258789,52.599998474121094,53.66999816894531,49.153499603271484,2822400
2019-10-11,54.369998931884766,54.61000061035156,53.880001068115234,53.91999816894531,49.38246154785156,3032800
2019-10-14,53.720001220703125,54.29999923706055,53.720001220703125,54.029998779296875,49.48320388793945,1932800
2019-10-15,53.9900016784668,54.779998779296875,53.650001525878906,54.15999984741211,49.602256774902344,3505800
2019-10-16,54.15999984741211,54.599998474121094,53.65999984741211,53.66999816894531,49.153499603271484,4356100
2019-10-17,54.04999923706055,54.209999084472656,53.689998626708984,53.86000061035156,49.32750701904297,3872500
2019-10-18,53.869998931884766,54.720001220703125,53.45000076293945,53.47999954223633,48.979488372802734,7672900
2019-10-21,54.310001373291016,54.310001373291016,53.13999938964844,53.22999954223633,48.75053024291992,6836000
2019-10-22,53.119998931884766,53.5099983215332,52.290000915527344,52.91999816894531,48.46660614013672,5598400
2019-10-23,52.93000030517578,53.40999984741211,52.65999984741211,53.2400016784668,48.759681701660156,5038300
2019-10-24,54.20000076293945,57.099998474121094,54.0,56.290000915527344,51.553016662597656,10462200
2019-10-25,56.06999969482422,56.79999923706055,55.72999954223633,56.7400016784668,51.96514129638672,4044000
2019-10-28,56.91999816894531,57.81999969482422,56.83000183105469,57.63999938964844,52.78940963745117,5439400
2019-10-29,57.61000061035156,57.900001525878906,57.150001525878906,57.209999084472656,52.39559555053711,3074800
2019-10-30,57.189998626708984,57.27000045776367,56.47999954223633,57.040000915527344,52.239898681640625,2280500
2019-10-31,56.54999923706055,56.63999938964844,55.72999954223633,56.130001068115234,51.40647888183594,2555200
2019-11-01,56.34000015258789,56.369998931884766,55.849998474121094,56.2599983215332,51.525543212890625,2364500
2019-11-04,56.529998779296875,56.9900016784668,56.369998931884766,56.97999954223633,52.1849479675293,2368000
2019-11-05,57.15999984741211,57.97999954223633,57.0099983215332,57.880001068115234,53.00920486450195,2897900
2019-11-06,57.900001525878906,57.900001525878906,57.040000915527344,57.86000061035156,52.99089050292969,2649200
2019-11-07,58.0,58.5,57.86000061035156,58.2400016784668,53.33891296386719,2860900
2019-11-08,58.20000076293945,58.349998474121094,57.88999938964844,58.18000030517578,53.28396224975586,2520600
2019-11-11,58.0099983215332,58.29999923706055,57.20000076293945,58.2599983215332,53.35723114013672,3172600
2019-11-12,58.34000015258789,58.40999984741211,57.66999816894531,57.849998474121094,52.98173141479492,1936000
2019-11-13,57.599998474121094,57.84000015258789,57.45000076293945,57.59000015258789,52.743614196777344,1817900
2019-11-14,57.2400016784668,57.720001220703125,57.08000183105469,57.630001068115234,52.780250549316406,1901400
2019-11-15,57.88999938964844,58.150001525878906,57.68000030517578,57.790000915527344,52.92677688598633,1647700
2019-11-18,57.68000030517578,57.79999923706055,57.20000076293945,57.779998779296875,52.91762161254883,2205200
2019-11-19,57.9900016784668,58.04999923706055,57.29999923706055,57.54999923706055,52.70698165893555,2103400
2019-11-20,57.33000183105469,57.4900016784668,56.2599983215332,56.83000183105469,52.047576904296875,3125800
2019-11-21,56.849998474121094,57.06999969482422,56.540000915527344,56.59000015258789,51.82777404785156,2126000
2019-11-22,56.810001373291016,57.119998931884766,56.599998474121094,57.0099983215332,52.212425231933594,1530200
2019-11-25,57.20000076293945,57.77000045776367,56.84000015258789,57.560001373291016,52.716148376464844,2076400
2019-11-26,57.779998779296875,57.88999938964844,57.119998931884766,57.59000015258789,52.743614196777344,2665400
2019-11-27,57.66999816894531,57.95000076293945,57.38999938964844,57.75,52.89015197753906,1627000
2019-11-29,57.75,57.95000076293945,57.470001220703125,57.63999938964844,52.78940963745117,1098400
2019-12-02,57.599998474121094,57.79999923706055,56.70000076293945,56.720001220703125,51.94682693481445,2977200
2019-12-03,56.20000076293945,56.34000015258789,55.619998931884766,55.93000030517578,51.22331237792969,3669100
2019-12-04,56.08000183105469,56.54999923706055,55.7599983215332,55.779998779296875,51.085933685302734,3379700
2019-12-05,56.04999923706055,56.18000030517578,55.4900016784668,55.529998779296875,50.85697555541992,2791700
2019-12-06,55.81999969482422,56.27000045776367,55.77000045776367,55.939998626708984,51.23247146606445,2257000
2019-12-09,55.810001373291016,55.939998626708984,55.40999984741211,55.470001220703125,50.80202102661133,2553700
2019-12-10,55.290000915527344,55.58000183105469,54.7599983215332,54.90999984741211,50.45286560058594,2785000
2019-12-11,54.540000915527344,54.849998474121094,53.810001373291016,54.0,49.61673355102539,4881300
2019-12-12,54.459999084472656,55.41999816894531,54.15999984741211,54.4900016784668,50.06695556640625,4054800
2019-12-13,54.34000015258789,54.849998474121094,54.130001068115234,54.150001525878906,49.75455856323242,2705400
2019-12-16,54.54999923706055,54.93000030517578,54.34000015258789,54.349998474121094,49.938323974609375,3293900
2019-12-17,54.29999923706055,55.11000061035156,54.02000045776367,54.18000030517578,49.7821159362793,3965600
2019-12-18,54.349998474121094,54.540000915527344,53.43000030517578,53.599998474121094,49.24919891357422,3930600
2019-12-19,53.5099983215332,54.20000076293945,53.5099983215332,54.08000183105469,49.690242767333984,3833800
2019-12-20,54.279998779296875,54.70000076293945,54.0099983215332,54.630001068115234,50.19559097290039,7819700
2019-12-23,54.810001373291016,56.09000015258789,54.66999816894531,55.25,50.7652587890625,7845800
2019-12-24,55.27000045776367,55.31999969482422,54.66999816894531,54.939998626708984,50.48043441772461,1326400
2019-12-26,54.939998626708984,55.34000015258789,54.599998474121094,54.900001525878906,50.44368362426758,1930800
2019-12-27,54.970001220703125,55.0,54.060001373291016,54.31999969482422,49.91075897216797,3348200
2019-12-30,54.31999969482422,54.400001525878906,53.81999969482422,54.08000183105469,49.690242767333984,2696300
2019-12-31,54.040000915527344,54.119998931884766,53.81999969482422,53.97999954223633,49.59835433959961,2881100
2020-01-02,54.380001068115234,54.869998931884766,54.290000915527344,54.84000015258789,50.3885498046875,3713000
2020-01-03,53.599998474121094,54.41999816894531,53.040000915527344,54.349998474121094,49.938323974609375,3536100
2020-01-06,53.689998626708984,54.560001373291016,53.47999954223633,54.130001068115234,49.73617935180664,4200300
2020-01-07,54.33000183105469,54.400001525878906,53.880001068115234,54.290000915527344,49.88319396972656,2997600
2020-01-08,53.68000030517578,54.65999984741211,53.63999938964844,54.369998931884766,49.956703186035156,4103100
2020-01-09,54.5,54.81999969482422,54.20000076293945,54.29999923706055,49.89237976074219,3850700
2020-01-10,54.349998474121094,54.400001525878906,53.689998626708984,53.939998626708984,49.56159973144531,4051400
2020-01-13,53.939998626708984,54.08000183105469,53.61000061035156,53.9900016784668,49.6075439453125,3958600
2020-01-14,54.58000183105469,55.18000030517578,54.34000015258789,54.4900016784668,50.06695556640625,5007400
2020-01-15,54.290000915527344,55.099998474121094,54.119998931884766,55.029998779296875,50.56312942504883,4097100
2020-01-16,55.380001068115234,55.68000030517578,55.08000183105469,55.29999923706055,50.81121826171875,2950500
2020-01-17,55.40999984741211,55.4900016784668,54.7599983215332,55.0099983215332,50.54474639892578,3999900
2020-01-21,54.630001068115234,55.06999969482422,53.18000030517578,53.540000915527344,49.19407272338867,6753500
2020-01-22,53.900001525878906,54.279998779296875,53.459999084472656,53.47999954223633,49.13894271850586,5303600
2020-01-23,53.0,55.459999084472656,51.849998474121094,55.400001525878906,50.90309143066406,6784500
2020-01-24,55.61000061035156,56.560001373291016,54.959999084472656,56.54999923706055,51.95974349975586,7995100
2020-01-27,55.22999954223633,56.65999984741211,55.150001525878906,56.25,51.68409729003906,8275100
2020-01-28,56.59000015258789,57.72999954223633,56.38999938964844,57.599998474121094,52.92451477050781,6242300
2020-01-29,57.75,58.189998626708984,56.81999969482422,56.88999938964844,52.272151947021484,6666000
2020-01-30,55.310001373291016,56.470001220703125,55.220001220703125,55.83000183105469,51.298187255859375,5129600
2020-01-31,55.619998931884766,55.91999816894531,54.630001068115234,54.97999954223633,50.51718521118164,5552100
2020-02-03,55.40999984741211,55.72999954223633,54.689998626708984,55.220001220703125,50.73770523071289,4071100
2020-02-04,55.9900016784668,56.369998931884766,55.5,55.68000030517578,51.160369873046875,3619400
2020-02-05,56.43000030517578,57.22999954223633,56.119998931884766,56.95000076293945,52.327274322509766,3162700
2020-02-06,57.380001068115234,58.0099983215332,57.08000183105469,57.720001220703125,53.03477478027344,4332000
2020-02-07,57.459999084472656,57.709999084472656,56.9900016784668,57.2599983215332,52.61211013793945,2703600
2020-02-10,57.20000076293945,57.4900016784668,56.529998779296875,57.41999816894531,52.75912857055664,2882100
2020-02-11,57.81999969482422,58.59000015258789,57.59000015258789,57.93000030517578,53.22772979736328,2848600
2020-02-12,58.27000045776367,58.65999984741211,58.0,58.47999954223633,53.73308563232422,2234200
2020-02-13,58.060001373291016,58.689998626708984,57.849998474121094,58.540000915527344,53.788211822509766,2401800
2020-02-14,58.68000030517578,58.83000183105469,57.88999938964844,57.970001220703125,53.26448440551758,2481800
2020-02-18,58.0,58.34000015258789,57.380001068115234,57.599998474121094,52.92451477050781,3086600
2020-02-19,57.68000030517578,57.7400016784668,57.060001373291016,57.11000061035156,52.47428894042969,2135100
2020-02-20,57.040000915527344,57.5099983215332,56.709999084472656,56.939998626708984,52.318084716796875,2924800
2020-02-21,56.529998779296875,56.79999923706055,55.459999084472656,56.529998779296875,51.941368103027344,2324600
2020-02-24,54.869998931884766,54.9900016784668,53.349998474121094,54.11000061035156,49.717803955078125,7538400
2020-02-25,54.40999984741211,54.5,49.54999923706055,49.65999984741211,45.62900924682617,9351700
2020-02-26,50.09000015258789,50.47999954223633,48.08000183105469,48.900001525878906,44.93070983886719,9286300
2020-02-27,47.150001525878906,49.209999084472656,45.63999938964844,46.630001068115234,42.84496307373047,10355900
2020-02-28,45.06999969482422,46.77000045776367,44.97999954223633,46.189998626708984,42.440673828125,11851000
2020-03-02,46.540000915527344,47.18000030517578,44.34000015258789,46.95000076293945,43.13899230957031,9043200
2020-03-03,47.540000915527344,48.38999938964844,45.04999923706055,45.209999084472656,41.70009994506836,7338100
2020-03-04,45.88999938964844,47.06999969482422,44.86000061035156,46.93000030517578,43.28657531738281,8990300
2020-03-05,45.060001373291016,45.70000076293945,44.18000030517578,45.25,41.736995697021484,10774800
2020-03-06,43.560001373291016,46.79999923706055,42.720001220703125,45.72999954223633,42.17972946166992,10708100
2020-03-09,42.88999938964844,45.61000061035156,42.720001220703125,43.619998931884766,40.23353958129883,9602300
2020-03-10,45.279998779296875,45.849998474121094,42.5099983215332,45.560001373291016,42.022926330566406,9366900
2020-03-11,43.9900016784668,44.380001068115234,41.630001068115234,42.4900016784668,39.19126892089844,10508900
2020-03-12,39.33000183105469,40.599998474121094,35.61000061035156,36.06999969482422,33.26968765258789,16353400
2020-03-13,39.189998626708984,41.279998779296875,36.310001373291016,41.279998779296875,38.075218200683594,14308800
2020-03-16,36.5,39.45000076293945,35.849998474121094,37.52000045776367,34.60712814331055,15849900
2020-03-17,38.209999084472656,40.689998626708984,36.0,38.25,35.28044891357422,8133500
2020-03-18,35.779998779296875,36.41999816894531,29.149999618530273,35.150001525878906,32.421119689941406,14219600
2020-03-19,34.650001525878906,35.04999923706055,30.5,30.860000610351562,28.464168548583984,18052600
2020-03-20,32.060001373291016,33.95000076293945,29.649999618530273,31.940000534057617,29.460325241088867,12617900
2020-03-23,31.690000534057617,34.4900016784668,30.25,33.72999954223633,31.11136245727539,9616800
2020-03-24,38.20000076293945,39.130001068115234,36.04999923706055,37.65999984741211,34.73625183105469,12803100
2020-03-25,41.52000045776367,41.72999954223633,37.310001373291016,39.400001525878906,36.34117126464844,16346700
2020-03-26,40.900001525878906,43.560001373291016,40.060001373291016,41.22999954223633,38.029090881347656,8986300
2020-03-27,39.84000015258789,40.13999938964844,36.099998474121094,36.380001068115234,33.55562973022461,8297400
2020-03-30,35.52000045776367,37.150001525878906,34.5,35.099998474121094,32.375,7443300
2020-03-31,35.27000045776367,37.470001220703125,34.95000076293945,35.61000061035156,32.845401763916016,7794100
2020-04-01,34.04999923706055,34.20000076293945,31.809999465942383,32.040000915527344,29.55256462097168,8545900
2020-04-02,32.11000061035156,32.84000015258789,30.8700008392334,31.5,29.054485321044922,7853500
2020-04-03,31.329999923706055,31.8799991607666,29.729999542236328,30.540000915527344,28.169017791748047,9915900
2020-04-06,31.790000915527344,31.959999084472656,30.0,30.700000762939453,28.316593170166016,13833000
2020-04-07,33.84000015258789,35.43000030517578,32.31999969482422,32.77000045776367,30.225889205932617,14036100
2020-04-08,33.560001373291016,34.779998779296875,32.630001068115234,34.29999923706055,31.637107849121094,8923800
2020-04-09,36.29999923706055,37.310001373291016,35.130001068115234,36.470001220703125,33.63862991333008,10338100
2020-04-13,36.720001220703125,36.720001220703125,33.75,34.2599983215332,31.60021209716797,9067500
2020-04-14,35.16999816894531,36.04999923706055,34.709999084472656,34.779998779296875,32.079837799072266,8860200
2020-04-15,35.150001525878906,35.2599983215332,32.52000045776367,32.81999969482422,30.272005081176758,20028700
2020-04-16,32.119998931884766,32.349998474121094,30.200000762939453,30.68000030517578,28.298145294189453,17862300
2020-04-17,32.5,32.95000076293945,30.899999618530273,31.190000534057617,28.768550872802734,20139900
2020-04-20,30.639999389648438,31.479999542236328,29.510000228881836,31.059999465942383,28.64864158630371,14553900
2020-04-21,30.049999237060547,31.229999542236328,29.600000381469727,30.110000610351562,27.772396087646484,12562700
2020-04-22,30.6299991607666,30.809999465942383,28.799999237060547,29.709999084472656,27.40345001220703,15676500
2020-04-23,29.809999465942383,30.780000686645508,29.59000015258789,30.139999389648438,27.800071716308594,11631600
2020-04-24,30.200000762939453,30.43000030517578,28.799999237060547,29.329999923706055,27.05295753479004,15077600
2020-04-27,29.790000915527344,29.90999984741211,28.850000381469727,29.110000610351562,26.850032806396484,14224500
2020-04-28,29.1200008392334,30.479999542236328,28.25,29.690000534057617,27.385007858276367,54153900
2020-04-29,29.489999771118164,31.799999237060547,29.43000030517578,30.969999313354492,28.565629959106445,101007800
2020-04-30,30.709999084472656,31.690000534057617,30.18000030517578,31.25,28.823896408081055,62444700
2020-05-01,30.5,30.959999084472656,28.75,29.229999542236328,26.960716247558594,36353800
2020-05-04,27.229999542236328,27.940000534057617,26.5,27.559999465942383,25.420364379882812,43447700
2020-05-05,28.06999969482422,28.1299991607666,26.18000030517578,26.420000076293945,24.368873596191406,36676900
2020-05-06,26.549999237060547,26.739999771118164,24.770000457763672,24.93000030517578,22.994548797607422,36971800
2020-05-07,24.989999771118164,26.270000457763672,24.950000762939453,25.450000762939453,23.474180221557617,24535900
2020-05-08,26.040000915527344,27.229999542236328,25.90999984741211,27.200000762939453,25.088319778442383,19120400
2020-05-11,26.6200008392334,26.860000610351562,25.780000686645508,26.09000015258789,24.064491271972656,20841500
2020-05-12,26.190000534057617,26.6200008392334,25.139999389648438,25.239999771118164,23.280485153198242,16904400
2020-05-13,25.020000457763672,25.100000381469727,23.520000457763672,24.0,22.136747360229492,22892500
2020-05-14,23.3799991607666,24.809999465942383,22.469999313354492,24.780000686645508,22.856191635131836,23187200
2020-05-15,24.3700008392334,24.8700008392334,23.75,23.8700008392334,22.0168399810791,18679800
2020-05-18,25.75,27.239999771118164,25.549999237060547,27.09000015258789,24.98685646057129,27148700
2020-05-19,28.5,28.850000381469727,26.93000030517578,27.690000534057617,25.54027557373047,35768200
2020-05-20,28.469999313354492,29.329999923706055,28.170000076293945,29.149999618530273,26.886924743652344,27249000
2020-05-21,29.309999465942383,30.1200008392334,29.020000457763672,29.600000381469727,27.301992416381836,22166500
2020-05-22,29.760000228881836,29.979999542236328,28.309999465942383,28.8700008392334,26.62866973876953,17558200
2020-05-26,31.709999084472656,32.939998626708984,31.440000534057617,32.52000045776367,29.995296478271484,41232500
2020-05-27,34.900001525878906,35.15999984741211,31.399999618530273,33.65999984741211,31.046791076660156,44902300
2020-05-28,33.900001525878906,34.099998474121094,32.34000015258789,32.54999923706055,30.022966384887695,24743000
2020-05-29,31.479999542236328,32.81999969482422,31.200000762939453,32.099998474121094,29.60790252685547,19741300
2020-06-01,32.29999923706055,34.400001525878906,32.15999984741211,33.619998931884766,31.009897232055664,20812800
2020-06-02,34.86000061035156,35.20000076293945,34.029998779296875,34.47999954223633,31.803133010864258,22875700
2020-06-03,35.06999969482422,36.95000076293945,34.900001525878906,36.41999816894531,33.59251022338867,26644900
2020-06-04,37.790000915527344,39.7599983215332,36.599998474121094,38.27000045776367,35.29888916015625,54234500
2020-06-05,41.97999954223633,42.349998474121094,37.56999969482422,38.18000030517578,35.215885162353516,54289300
2020-06-08,40.13999938964844,40.61000061035156,38.70000076293945,40.59000015258789,37.43878173828125,31341000
2020-06-09,38.36000061035156,38.810001373291016,36.58000183105469,38.0099983215332,35.05907440185547,26724400
2020-06-10,36.0099983215332,38.20000076293945,34.7599983215332,37.13999938964844,34.25662612915039,37974200
2020-06-11,32.939998626708984,35.16999816894531,32.5,32.83000183105469,30.281232833862305,28557000
2020-06-12,36.060001373291016,36.9900016784668,34.310001373291016,35.869998931884766,33.08522033691406,26920400
2020-06-15,33.79999923706055,36.91999816894531,33.61000061035156,36.34000015258789,33.518733978271484,23794700
2020-06-16,38.5099983215332,38.630001068115234,35.52000045776367,36.56999969482422,33.730873107910156,30327500
2020-06-17,36.2400016784668,36.79999923706055,35.66999816894531,36.310001373291016,33.49106216430664,18721000
2020-06-18,35.650001525878906,36.56999969482422,35.40999984741211,35.849998474121094,33.066776275634766,13810100
2020-06-19,36.56999969482422,36.61000061035156,33.95000076293945,34.54999923706055,31.86770248413086,20499000
2020-06-22,34.029998779296875,34.81999969482422,33.63999938964844,34.36000061035156,31.692445755004883,14395700
2020-06-23,34.779998779296875,34.79999923706055,33.849998474121094,34.75,32.05217361450195,15215000
2020-06-24,34.0,34.27000045776367,32.22999954223633,32.25,29.746259689331055,19031700
2020-06-25,31.190000534057617,33.060001373291016,30.940000534057617,32.970001220703125,30.410362243652344,18182600
2020-06-26,33.130001068115234,33.150001525878906,31.18000030517578,31.959999084472656,29.478771209716797,23962000
2020-06-29,33.150001525878906,35.36000061035156,32.33000183105469,35.040000915527344,32.31965255737305,25720800
2020-06-30,34.97999954223633,34.9900016784668,33.56999969482422,34.18000030517578,31.52642250061035,18758400
2020-07-01,35.290000915527344,35.599998474121094,33.66999816894531,33.810001373291016,31.18514633178711,16127000
2020-07-02,34.70000076293945,34.91999816894531,33.959999084472656,34.119998931884766,31.47107696533203,12300600
2020-07-06,34.720001220703125,34.880001068115234,33.150001525878906,34.29999923706055,31.637107849121094,16454900
2020-07-07,33.4900016784668,33.540000915527344,32.939998626708984,33.0099983215332,30.447256088256836,10922100
2020-07-08,32.560001373291016,33.470001220703125,32.06999969482422,32.88999938964844,30.336572647094727,16028400
2020-07-09,32.470001220703125,32.72999954223633,31.299999237060547,31.56999969482422,29.119050979614258,17209500
2020-07-10,31.15999984741211,33.349998474121094,31.15999984741211,33.220001220703125,30.64095115661621,14939500
2020-07-13,33.41999816894531,33.529998779296875,32.27000045776367,32.63999938964844,30.10598373413086,15503400
2020-07-14,31.84000015258789,33.380001068115234,31.75,33.25,30.668617248535156,11588800
2020-07-15,35.029998779296875,36.099998474121094,34.27000045776367,35.75,32.97453689575195,21286100
2020-07-16,34.83000183105469,35.08000183105469,33.900001525878906,34.209999084472656,31.554088592529297,11389900
2020-07-17,34.06999969482422,34.52000045776367,33.81999969482422,34.130001068115234,31.480304718017578,7775600
2020-07-20,33.970001220703125,34.29999923706055,32.72999954223633,32.97999954223633,30.41958236694336,12541800
2020-07-21,33.33000183105469,34.15999984741211,33.25,33.619998931884766,31.009897232055664,11922600
2020-07-22,33.5,33.90999984741211,33.04999923706055,33.29999923706055,30.714738845825195,10424000
2020-07-23,32.75,34.15999984741211,32.060001373291016,32.790000915527344,30.244338989257812,22888500
2020-07-24,32.310001373291016,32.45000076293945,31.56999969482422,31.65999984741211,29.202064514160156,14976700
2020-07-27,31.56999969482422,31.93000030517578,31.239999771118164,31.530000686645508,29.082157135009766,9759000
2020-07-28,31.510000228881836,32.66999816894531,31.479999542236328,32.290000915527344,29.783151626586914,10257600
2020-07-29,32.58000183105469,32.630001068115234,31.479999542236328,31.790000915527344,29.32197380065918,11150800
2020-07-30,31.329999923706055,31.649999618530273,30.770000457763672,30.959999084472656,28.556407928466797,12316500
2020-07-31,30.799999237060547,31.020000457763672,30.239999771118164,30.889999389648438,28.49184226989746,11115400
2020-08-03,30.75,32.150001525878906,30.299999237060547,31.579999923706055,29.128273010253906,13462200
2020-08-04,31.700000762939453,32.27000045776367,31.3799991607666,31.399999618530273,28.962247848510742,12116700
2020-08-05,31.899999618530273,33.20000076293945,31.790000915527344,32.720001220703125,30.179771423339844,14899600
2020-08-06,33.2599983215332,33.349998474121094,32.31999969482422,33.02000045776367,30.45648193359375,15007900
2020-08-07,32.84000015258789,33.29999923706055,32.689998626708984,33.279998779296875,30.6962947845459,9381200
2020-08-10,33.650001525878906,35.150001525878906,33.54999923706055,34.9900016784668,32.27354049682617,15958000
2020-08-11,36.61000061035156,37.439998626708984,35.06999969482422,35.290000915527344,32.55025100708008,21870300
2020-08-12,35.83000183105469,36.08000183105469,34.36000061035156,35.25,32.51334762573242,13003000
2020-08-13,34.709999084472656,35.70000076293945,34.619998931884766,34.709999084472656,32.01527404785156,8576800
2020-08-14,34.29999923706055,35.130001068115234,34.20000076293945,34.900001525878906,32.190528869628906,7373400
2020-08-17,35.060001373291016,35.18000030517578,33.790000915527344,33.810001373291016,31.18514633178711,8113500
2020-08-18,33.81999969482422,34.25,33.540000915527344,34.15999984741211,31.50796890258789,7256100
2020-08-19,34.90999984741211,35.779998779296875,34.150001525878906,34.27000045776367,31.60943603515625,14959400
2020-08-20,33.650001525878906,34.58000183105469,33.47999954223633,34.459999084472656,31.78468132019043,9149300
2020-08-21,34.29999923706055,35.189998626708984,34.279998779296875,34.689998626708984,31.996826171875,11435500
2020-08-24,35.290000915527344,36.939998626708984,34.959999084472656,36.90999984741211,34.04447937011719,15211900
2020-08-25,37.43000030517578,37.5,36.34000015258789,37.060001373291016,34.18283462524414,11774000
2020-08-26,36.90999984741211,37.06999969482422,36.33000183105469,36.380001068115234,33.55562973022461,7938200
2020-08-27,37.540000915527344,38.880001068115234,37.310001373291016,37.650001525878906,34.727027893066406,14342500
2020-08-28,38.11000061035156,39.060001373291016,37.59000015258789,38.810001373291016,35.79697799682617,14082600
2020-08-31,38.75,38.810001373291016,37.58000183105469,37.58000183105469,34.66246032714844,9824300
2020-09-01,36.84000015258789,38.66999816894531,36.560001373291016,37.90999984741211,34.96683883666992,10868600
2020-09-02,38.56999969482422,39.34000015258789,37.68000030517578,39.16999816894531,36.1290168762207,11157400
2020-09-03,39.279998779296875,40.65999984741211,37.849998474121094,38.7400016784668,35.73241424560547,16721400
2020-09-04,39.189998626708984,40.06999969482422,38.060001373291016,39.38999938964844,36.33194351196289,15543400
2020-09-08,39.18000030517578,40.79999923706055,39.18000030517578,40.5,37.355770111083984,15808600
2020-09-09,40.09000015258789,40.439998626708984,38.810001373291016,39.220001220703125,36.175148010253906,12211500
2020-09-10,39.52000045776367,39.95000076293945,38.869998931884766,38.939998626708984,35.91687774658203,9024800
2020-09-11,39.04999923706055,39.40999984741211,38.68000030517578,38.95000076293945,35.92610168457031,8044900
2020-09-14,39.349998474121094,40.25,39.060001373291016,40.060001373291016,36.9499397277832,9680700
2020-09-15,40.2599983215332,40.97999954223633,40.099998474121094,40.61000061035156,37.45722579956055,10131200
2020-09-16,40.52000045776367,42.880001068115234,40.279998779296875,42.099998474121094,38.83155059814453,19842600
2020-09-17,41.310001373291016,42.0,40.09000015258789,40.400001525878906,37.26353073120117,15234600
2020-09-18,39.77000045776367,40.5099983215332,39.310001373291016,39.83000183105469,36.737789154052734,21206300
2020-09-21,38.04999923706055,38.470001220703125,36.75,37.52000045776367,34.60712814331055,14266900
2020-09-22,37.349998474121094,38.20000076293945,37.11000061035156,38.119998931884766,35.16054153442383,10740000
2020-09-23,38.38999938964844,39.279998779296875,37.47999954223633,37.54999923706055,34.63478469848633,6797500
2020-09-24,37.029998779296875,37.41999816894531,35.81999969482422,36.86000061035156,33.99835968017578,10798800
2020-09-25,36.40999984741211,37.279998779296875,36.310001373291016,37.099998474121094,34.2197265625,9297300
2020-09-28,38.06999969482422,39.11000061035156,37.56999969482422,38.2400016784668,35.27122497558594,9235200
2020-09-29,38.04999923706055,38.04999923706055,37.189998626708984,37.61000061035156,34.69013214111328,5232400
2020-09-30,38.33000183105469,39.08000183105469,37.400001525878906,37.5,34.58866500854492,10144900
2020-10-01,37.959999084472656,38.2599983215332,37.38999938964844,37.93000030517578,34.985286712646484,8186800
2020-10-02,36.13999938964844,39.31999969482422,36.04999923706055,38.7599983215332,35.75084686279297,11937400
2020-10-05,39.15999984741211,39.2400016784668,38.16999816894531,38.4900016784668,35.501808166503906,9304300
2020-10-06,38.970001220703125,39.34000015258789,37.529998779296875,37.58000183105469,34.66246032714844,10136000
2020-10-07,38.0,38.7400016784668,37.709999084472656,38.59000015258789,35.594051361083984,8679300
2020-10-08,39.0,39.599998474121094,38.029998779296875,38.9900016784668,35.96299743652344,9138800
2020-10-09,38.939998626708984,39.79999923706055,38.599998474121094,39.72999954223633,36.64554977416992,10501800
2020-10-12,39.4900016784668,39.88999938964844,39.04999923706055,39.189998626708984,36.1474723815918,7378500
2020-10-13,38.70000076293945,39.439998626708984,38.58000183105469,39.130001068115234,36.09212875366211,8839400
2020-10-14,39.25,39.9900016784668,39.15999984741211,39.25,36.202816009521484,6905300
2020-10-15,38.650001525878906,38.900001525878906,38.13999938964844,38.79999923706055,35.78773880004883,4492700
2020-10-16,39.029998779296875,39.88999938964844,39.0099983215332,39.68000030517578,36.599422454833984,7333400
2020-10-19,40.0,40.75,39.56999969482422,39.849998474121094,36.7562255859375,8592200
2020-10-20,40.5,40.900001525878906,40.08000183105469,40.15999984741211,37.04216003417969,7203900
2020-10-21,40.0,40.16999816894531,39.529998779296875,39.84000015258789,36.74700164794922,6532600
2020-10-22,40.130001068115234,42.54999923706055,40.08000183105469,41.93000030517578,38.674747467041016,13663900
2020-10-23,42.040000915527344,43.38999938964844,41.529998779296875,42.790000915527344,39.467987060546875,12518700
2020-10-26,42.08000183105469,42.47999954223633,40.400001525878906,41.099998474121094,37.9091796875,9712900
2020-10-27,40.70000076293945,41.02000045776367,39.779998779296875,39.93000030517578,36.83002471923828,6525100
2020-10-28,38.869998931884766,39.380001068115234,37.47999954223633,38.13999938964844,35.17898941040039,12101000
2020-10-29,38.09000015258789,39.869998931884766,37.95000076293945,39.56999969482422,36.497962951660156,8383600
2020-10-30,39.38999938964844,40.20000076293945,38.97999954223633,39.529998779296875,36.4610710144043,11253900
2020-11-02,39.93000030517578,39.939998626708984,37.95000076293945,38.400001525878906,35.418800354003906,11362000
2020-11-03,39.22999954223633,39.400001525878906,38.66999816894531,38.849998474121094,35.8338623046875,7275300
2020-11-04,38.849998474121094,39.650001525878906,38.04999923706055,38.93000030517578,35.90765380859375,8999900
2020-11-05,39.439998626708984,41.25,39.380001068115234,41.04999923706055,37.86306381225586,8070200
2020-11-06,40.7400016784668,40.93000030517578,39.77000045776367,40.0099983215332,36.903804779052734,5993300
2020-11-09,46.849998474121094,49.470001220703125,43.790000915527344,43.88999938964844,40.482582092285156,30140200
2020-11-10,43.880001068115234,45.119998931884766,43.33000183105469,44.810001373291016,41.33116149902344,16842600
2020-11-11,44.900001525878906,44.90999984741211,42.65999984741211,43.220001220703125,39.86459732055664,10332700
2020-11-12,41.779998779296875,43.279998779296875,41.400001525878906,41.91999816894531,38.66552734375,11046100
2020-11-13,42.16999816894531,44.150001525878906,42.11000061035156,43.880001068115234,40.473358154296875,7828700
2020-11-16,46.060001373291016,46.20000076293945,44.540000915527344,45.58000183105469,42.041385650634766,14330000
2020-11-17,44.86000061035156,46.2400016784668,44.43000030517578,45.65999984741211,42.11516571044922,8384500
2020-11-18,46.81999969482422,47.279998779296875,45.599998474121094,45.599998474121094,42.05982208251953,11424700
2020-11-19,45.529998779296875,46.459999084472656,45.40999984741211,46.08000183105469,42.5025634765625,6628600
2020-11-20,46.04999923706055,46.04999923706055,45.040000915527344,45.540000915527344,42.004486083984375,6587800
2020-11-23,46.11000061035156,46.95000076293945,45.279998779296875,46.810001373291016,43.17588806152344,10113000
2020-11-24,48.900001525878906,49.22999954223633,47.650001525878906,48.25,44.50408935546875,12108800
2020-11-25,48.470001220703125,48.56999969482422,47.5,48.27000045776367,44.522544860839844,7281800
2020-11-27,48.25,48.7400016784668,47.650001525878906,47.72999954223633,44.02445602416992,4051900
2020-11-30,47.650001525878906,47.70000076293945,46.040000915527344,46.34000015258789,42.74237823486328,8791500
2020-12-01,46.54999923706055,48.09000015258789,46.5,47.27000045776367,43.600181579589844,7540000
2020-12-02,46.880001068115234,47.7599983215332,46.459999084472656,47.439998626708984,43.75697708129883,6054700
2020-12-03,47.95000076293945,49.529998779296875,47.65999984741211,47.81999969482422,44.10747146606445,9892200
2020-12-04,48.369998931884766,48.790000915527344,47.06999969482422,47.59000015258789,43.895328521728516,7615800
2020-12-07,48.34000015258789,48.43000030517578,47.5099983215332,47.88999938964844,44.17204284667969,8097400
2020-12-08,47.29999923706055,47.93000030517578,47.060001373291016,47.279998779296875,43.60939407348633,9132100
2020-12-09,47.34000015258789,47.540000915527344,45.25,45.7599983215332,42.2073974609375,20733700
2020-12-10,45.09000015258789,47.0,45.02000045776367,46.79999923706055,43.16666793823242,8322900
2020-12-11,46.0,46.59000015258789,45.15999984741211,45.880001068115234,42.318084716796875,7638000
2020-12-14,46.58000183105469,46.599998474121094,45.2400016784668,45.2599983215332,41.746219635009766,6939700
2020-12-15,45.68000030517578,46.4900016784668,44.95000076293945,46.41999816894531,42.816165924072266,5969900
2020-12-16,46.41999816894531,46.41999816894531,45.27000045776367,45.72999954223633,42.17972946166992,6441800
2020-12-17,45.79999923706055,46.400001525878906,45.45000076293945,46.38999938964844,42.78849792480469,6368700
2020-12-18,46.220001220703125,46.34000015258789,45.65999984741211,46.029998779296875,42.45643997192383,8398100
2020-12-21,44.7599983215332,46.130001068115234,44.45000076293945,45.79999923706055,42.24429702758789,7656900
2020-12-22,46.0,46.150001525878906,44.97999954223633,45.31999969482422,41.80156707763672,4546200
2020-12-23,45.470001220703125,47.099998474121094,45.470001220703125,46.75,43.12053680419922,6474200
2020-12-24,47.0,47.09000015258789,45.810001373291016,46.279998779296875,42.687034606933594,2973400
2020-12-28,46.869998931884766,47.16999816894531,46.11000061035156,46.119998931884766,42.53945541381836,5476600
2020-12-29,46.349998474121094,46.77000045776367,45.970001220703125,46.150001525878906,42.56713104248047,4749500
2020-12-30,46.209999084472656,46.93000030517578,46.130001068115234,46.40999984741211,42.80693435668945,4845600
2020-12-31,46.18000030517578,46.779998779296875,45.68000030517578,46.61000061035156,42.99141311645508,5305600
2021-01-04,46.47999954223633,46.540000915527344,44.560001373291016,45.040000915527344,41.543304443359375,10256300
2021-01-05,44.900001525878906,46.119998931884766,44.84000015258789,45.63999938964844,42.09672546386719,5204400
2021-01-06,45.5,46.970001220703125,45.369998931884766,46.75,43.12053680419922,7492800
2021-01-07,46.75,47.84000015258789,46.72999954223633,47.33000183105469,43.655513763427734,6282300
2021-01-08,47.63999938964844,47.939998626708984,46.709999084472656,46.97999954223633,43.33269119262695,4770600
2021-01-11,46.5099983215332,48.040000915527344,46.119998931884766,47.439998626708984,43.75697708129883,7911800
2021-01-12,47.70000076293945,48.47999954223633,47.279998779296875,48.130001068115234,44.393409729003906,5356800
2021-01-13,47.88999938964844,48.43000030517578,47.47999954223633,47.9900016784668,44.264278411865234,6261900
2021-01-14,48.650001525878906,49.470001220703125,48.439998626708984,48.81999969482422,45.02983093261719,8090600
2021-01-15,48.58000183105469,48.709999084472656,46.63999938964844,46.65999984741211,43.037540435791016,7359100
2021-01-19,47.20000076293945,47.650001525878906,46.7599983215332,46.90999984741211,43.268123626708984,4780700
2021-01-20,47.099998474121094,48.45000076293945,46.900001525878906,48.209999084472656,44.467201232910156,6972500
2021-01-21,47.75,47.939998626708984,47.119998931884766,47.77000045776367,44.06135559082031,5662600
2021-01-22,47.18000030517578,47.75,47.06999969482422,47.38999938964844,43.71086120605469,4812500
2021-01-25,47.279998779296875,47.34000015258789,45.16999816894531,45.619998931884766,42.07828140258789,13345700
2021-01-26,45.75,46.220001220703125,45.599998474121094,45.810001373291016,42.25352096557617,5667200
2021-01-27,45.25,45.70000076293945,43.869998931884766,44.150001525878906,40.72239303588867,10428700
2021-01-28,45.15999984741211,46.25,44.33000183105469,44.599998474121094,41.13745880126953,12404600
2021-01-29,44.25,44.95000076293945,43.720001220703125,43.939998626708984,40.528690338134766,9854900
2021-02-01,44.34000015258789,45.189998626708984,44.09000015258789,44.790000915527344,41.312705993652344,5861200
2021-02-02,45.599998474121094,46.18000030517578,45.349998474121094,45.619998931884766,42.07828140258789,6203500
2021-02-03,45.599998474121094,46.869998931884766,45.5,46.54999923706055,42.93606948852539,6118700
2021-02-04,46.790000915527344,49.18000030517578,46.709999084472656,49.130001068115234,45.315773010253906,10621700
2021-02-05,49.7599983215332,50.88999938964844,49.11000061035156,50.04999923706055,46.16435241699219,10472600
2021-02-08,50.52000045776367,53.290000915527344,50.209999084472656,52.2400016784668,48.184326171875,11359100
2021-02-09,51.529998779296875,51.75,50.529998779296875,51.18000030517578,47.20662307739258,5409800
2021-02-10,51.5,52.34000015258789,51.15999984741211,51.279998779296875,47.29885482788086,7570800
2021-02-11,51.02000045776367,51.47999954223633,50.34000015258789,51.41999816894531,47.42798614501953,5240300
2021-02-12,51.29999923706055,51.84000015258789,50.970001220703125,51.34000015258789,47.35419845581055,4660000
2021-02-16,51.810001373291016,52.02000045776367,50.81999969482422,51.959999084472656,47.92606735229492,7402600
2021-02-17,51.70000076293945,52.529998779296875,51.209999084472656,52.439998626708984,48.36880111694336,6255300
2021-02-18,51.93000030517578,52.20000076293945,50.970001220703125,51.95000076293945,47.916847229003906,5030900
2021-02-19,52.22999954223633,53.84000015258789,52.099998474121094,52.810001373291016,48.71007537841797,6334600
2021-02-22,54.029998779296875,55.7400016784668,53.290000915527344,54.790000915527344,50.53635787963867,11268100
2021-02-23,56.20000076293945,57.41999816894531,54.310001373291016,56.720001220703125,52.31652069091797,13654500
2021-02-24,57.599998474121094,59.63999938964844,57.380001068115234,59.290000915527344,54.6870002746582,14871700
2021-02-25,59.150001525878906,59.2599983215332,57.08000183105469,58.310001373291016,53.783084869384766,16988200
2021-02-26,57.41999816894531,58.689998626708984,57.0,58.130001068115234,53.61705780029297,9763300
2021-03-01,59.54999923706055,59.84000015258789,57.66999816894531,58.060001373291016,53.552486419677734,11350700
2021-03-02,57.70000076293945,58.400001525878906,57.220001220703125,57.810001373291016,53.321895599365234,6558200
2021-03-03,58.470001220703125,58.66999816894531,57.599998474121094,57.81999969482422,53.331119537353516,8552500
2021-03-04,57.720001220703125,57.880001068115234,54.2599983215332,56.08000183105469,51.7262077331543,12853300
2021-03-05,56.36000061035156,57.130001068115234,52.290000915527344,56.91999816894531,52.5009880065918,11420700
2021-03-08,58.0099983215332,60.70000076293945,57.54999923706055,60.54999923706055,55.849178314208984,15098100
2021-03-09,60.16999816894531,60.25,58.20000076293945,58.93000030517578,54.35494613647461,7309900
2021-03-10,58.79999923706055,59.689998626708984,57.959999084472656,58.5099983215332,53.96755599975586,6449400
2021-03-11,58.93000030517578,59.43000030517578,58.130001068115234,58.470001220703125,53.93065643310547,7295300
2021-03-12,58.40999984741211,61.15999984741211,58.29999923706055,61.029998779296875,56.291908264160156,10182800
2021-03-15,62.04999923706055,62.7599983215332,60.81999969482422,62.099998474121094,57.27884292602539,11155700
2021-03-16,62.2599983215332,62.29999923706055,60.529998779296875,60.540000915527344,55.8399543762207,5928500
2021-03-17,60.099998474121094,61.939998626708984,60.099998474121094,61.77000045776367,56.974464416503906,6268900
2021-03-18,61.630001068115234,62.279998779296875,60.810001373291016,60.939998626708984,56.208892822265625,8020500
2021-03-19,60.650001525878906,61.47999954223633,59.630001068115234,61.04999923706055,56.31036376953125,9363800
2021-03-22,60.529998779296875,60.95000076293945,59.41999816894531,59.459999084472656,54.84379577636719,8093400
2021-03-23,59.0,60.380001068115234,57.060001373291016,57.619998931884766,53.146644592285156,9849900
2021-03-24,58.59000015258789,59.65999984741211,57.689998626708984,57.70000076293945,53.22043991088867,6733400
2021-03-25,56.61000061035156,59.959999084472656,56.41999816894531,59.90999984741211,55.25886154174805,6826300
2021-03-26,60.45000076293945,61.41999816894531,59.790000915527344,61.290000915527344,56.53173828125,6463100
2021-03-29,61.869998931884766,62.369998931884766,60.369998931884766,60.959999084472656,56.22734832763672,7357000
2021-03-30,61.150001525878906,62.220001220703125,61.060001373291016,61.90999984741211,57.10359191894531,5999900
2021-03-31,61.630001068115234,61.9900016784668,60.95000076293945,61.060001373291016,56.31958770751953,5721000
2021-04-01,61.27000045776367,61.560001373291016,60.7599983215332,61.29999923706055,56.540950775146484,4975200
2021-04-05,62.45000076293945,64.31999969482422,62.22999954223633,62.970001220703125,58.081298828125,7378100
2021-04-06,63.5,64.63999938964844,63.2400016784668,64.0999984741211,59.12356948852539,5777900
2021-04-07,63.900001525878906,64.13999938964844,62.959999084472656,63.52000045776367,58.588600158691406,4320500
2021-04-08,63.119998931884766,63.4900016784668,62.029998779296875,63.459999084472656,58.53325271606445,5206900
2021-04-09,63.29999923706055,63.58000183105469,62.52000045776367,63.41999816894531,58.496360778808594,4086400
2021-04-12,63.290000915527344,63.34000015258789,61.959999084472656,62.65999984741211,57.79536437988281,4537900
2021-04-13,61.849998474121094,63.439998626708984,60.630001068115234,63.22999954223633,58.32111358642578,8635400
2021-04-14,64.19000244140625,64.75,62.790000915527344,63.029998779296875,58.13664245605469,6035000
2021-04-15,63.43000030517578,63.529998779296875,62.130001068115234,62.939998626708984,58.053627014160156,5148900
2021-04-16,63.22999954223633,63.40999984741211,62.04999923706055,62.38999938964844,57.54632568359375,5082900
2021-04-19,62.290000915527344,62.369998931884766,61.380001068115234,62.029998779296875,57.21427917480469,4855000
2021-04-20,61.06999969482422,61.16999816894531,59.2599983215332,59.849998474121094,55.20351791381836,6112500
2021-04-21,59.619998931884766,62.06999969482422,58.90999984741211,62.040000915527344,57.22350311279297,7307100
2021-04-22,63.0,63.70000076293945,61.0099983215332,61.06999969482422,56.328800201416016,9786200
2021-04-23,61.310001373291016,61.79999923706055,60.75,61.529998779296875,56.753089904785156,5019800
2021-04-26,62.130001068115234,62.880001068115234,61.439998626708984,61.970001220703125,57.158931732177734,4953900
2021-04-27,61.970001220703125,62.52000045776367,61.36000061035156,62.400001525878906,57.555564880371094,4435000
2021-04-28,62.09000015258789,62.5,61.59000015258789,61.77000045776367,56.974464416503906,4457300
2021-04-29,62.130001068115234,62.650001525878906,61.7400016784668,62.27000045776367,57.435646057128906,4105400
2021-04-30,61.900001525878906,63.040000915527344,61.79999923706055,62.779998779296875,57.90604782104492,4676800
2021-05-03,63.0099983215332,63.06999969482422,61.650001525878906,62.150001525878906,57.32495880126953,4133600
2021-05-04,61.720001220703125,62.029998779296875,60.099998474121094,60.81999969482422,56.09821319580078,6293500
2021-05-05,60.77000045776367,61.84000015258789,60.38999938964844,60.83000183105469,56.10744094848633,7451300
2021-05-06,60.970001220703125,61.220001220703125,59.849998474121094,60.689998626708984,55.97830581665039,4452800
2021-05-07,60.68000030517578,62.150001525878906,60.45000076293945,61.65999984741211,56.87300109863281,5174700
2021-05-10,61.849998474121094,62.34000015258789,61.33000183105469,61.349998474121094,56.587066650390625,4178600
2021-05-11,60.099998474121094,60.720001220703125,58.790000915527344,59.779998779296875,55.13895034790039,6483100
2021-05-12,59.470001220703125,60.380001068115234,58.08000183105469,58.209999084472656,53.69084930419922,5999400
2021-05-13,58.970001220703125,60.400001525878906,58.63999938964844,59.93000030517578,55.277313232421875,5562600
2021-05-14,60.709999084472656,62.58000183105469,60.45000076293945,62.29999923706055,57.46331787109375,8033100
2021-05-17,62.25,62.439998626708984,61.119998931884766,62.099998474121094,57.27884292602539,5955100
2021-05-18,62.38999938964844,63.68000030517578,61.83000183105469,62.06999969482422,57.25117111206055,5298300
2021-05-19,61.0,61.18000030517578,59.560001373291016,60.38999938964844,55.70159149169922,8732100
2021-05-20,60.91999816894531,60.91999816894531,59.290000915527344,59.91999816894531,55.26808547973633,7798300
2021-05-21,60.2599983215332,60.599998474121094,59.970001220703125,60.09000015258789,55.42488479614258,4885800
2021-05-24,60.459999084472656,61.04999923706055,59.810001373291016,60.68000030517578,55.96908187866211,4038100
2021-05-25,61.709999084472656,62.38999938964844,60.470001220703125,60.54999923706055,55.849178314208984,7029200
2021-05-26,60.75,61.34000015258789,60.43000030517578,61.209999084472656,56.45793914794922,4526600
2021-05-27,61.61000061035156,61.79999923706055,61.06999969482422,61.72999954223633,56.93756866455078,4437900
2021-05-28,61.630001068115234,61.77000045776367,61.08000183105469,61.459999084472656,56.68852615356445,3517100
2021-06-01,61.939998626708984,62.2599983215332,61.09000015258789,61.349998474121094,56.587066650390625,5313700
2021-06-02,61.68000030517578,61.91999816894531,60.61000061035156,60.869998931884766,56.144317626953125,5327800
2021-06-03,60.15999984741211,60.34000015258789,58.13999938964844,58.2599983215332,53.73696517944336,9963500
2021-06-04,58.63999938964844,58.849998474121094,57.90999984741211,58.54999923706055,54.00444793701172,5000900
2021-06-07,58.689998626708984,58.91999816894531,57.91999816894531,58.279998779296875,53.755401611328125,4756800
2021-06-08,58.86000061035156,59.29999923706055,58.310001373291016,58.900001525878906,54.327274322509766,4830000
2021-06-09,59.0,59.16999816894531,58.20000076293945,58.41999816894531,53.88453674316406,4740100
2021-06-10,58.849998474121094,59.13999938964844,57.470001220703125,57.5,53.03596115112305,4570600
2021-06-11,57.439998626708984,58.060001373291016,57.40999984741211,57.56999969482422,53.10053253173828,5059600
2021-06-14,57.5,58.06999969482422,56.93000030517578,57.279998779296875,52.833038330078125,4908300
2021-06-15,57.459999084472656,57.849998474121094,56.77000045776367,57.119998931884766,52.68545913696289,6430700
2021-06-16,57.060001373291016,57.4900016784668,56.33000183105469,56.66999816894531,52.27040481567383,5947700
2021-06-17,56.779998779296875,57.13999938964844,55.04999923706055,55.56999969482422,51.255802154541016,8334200
2021-06-18,55.0,55.689998626708984,54.66999816894531,55.189998626708984,50.90530014038086,8798300
2021-06-21,55.29999923706055,56.470001220703125,55.290000915527344,56.29999923706055,51.92912292480469,5470100
2021-06-22,56.099998474121094,56.31999969482422,55.40999984741211,55.75,51.42182922363281,4694100
2021-06-23,55.5,55.720001220703125,54.97999954223633,55.189998626708984,50.90530014038086,6157800
2021-06-24,55.529998779296875,55.619998931884766,54.619998931884766,54.65999984741211,50.416446685791016,8134800
2021-06-25,54.689998626708984,54.869998931884766,54.22999954223633,54.54999923706055,50.31499481201172,6555800
2021-06-28,54.25,54.25,52.86000061035156,53.22999954223633,49.097469329833984,8319700
2021-06-29,52.959999084472656,53.720001220703125,52.54999923706055,52.91999816894531,48.81153106689453,8078100
2021-06-30,53.099998474121094,53.560001373291016,52.84000015258789,53.09000015258789,48.96834182739258,6859900
2021-07-01,53.599998474121094,54.38999938964844,53.34000015258789,53.86000061035156,49.67855453491211,7113800
2021-07-02,53.97999954223633,54.040000915527344,53.310001373291016,53.65999984741211,49.494075775146484,6747600
2021-07-06,53.7599983215332,54.0099983215332,52.13999938964844,52.36000061035156,48.295013427734375,7819300
2021-07-07,52.290000915527344,52.66999816894531,51.119998931884766,51.380001068115234,47.3911018371582,9116600
2021-07-08,50.5,51.90999984741211,50.099998474121094,51.189998626708984,47.21584701538086,8425500
2021-07-09,52.0,52.970001220703125,51.779998779296875,52.84000015258789,48.73774719238281,6773900
2021-07-12,52.70000076293945,53.08000183105469,51.720001220703125,52.97999954223633,48.866878509521484,6919800
2021-07-13,52.5,52.630001068115234,51.5,51.56999969482422,47.566341400146484,6646800
2021-07-14,52.34000015258789,52.58000183105469,51.56999969482422,51.97999954223633,47.944515228271484,8445300
2021-07-15,51.650001525878906,52.459999084472656,51.369998931884766,51.779998779296875,47.76004409790039,6245400
2021-07-16,52.130001068115234,52.25,49.70000076293945,49.90999984741211,46.035221099853516,8234900
2021-07-19,48.040000915527344,48.959999084472656,47.369998931884766,48.5,44.734683990478516,15481100
2021-07-20,48.86000061035156,51.59000015258789,48.560001373291016,51.43000030517578,47.43721008300781,12772800
2021-07-21,52.09000015258789,53.52000045776367,52.08000183105469,53.130001068115234,49.00523376464844,13951600
2021-07-22,52.099998474121094,52.27000045776367,50.84000015258789,51.290000915527344,47.308082580566406,14707500
2021-07-23,51.41999816894531,52.0099983215332,50.560001373291016,50.70000076293945,46.76388168334961,8826500
2021-07-26,50.380001068115234,51.849998474121094,50.380001068115234,51.779998779296875,47.76004409790039,6376700
2021-07-27,51.52000045776367,51.7599983215332,50.7400016784668,51.150001525878906,47.178951263427734,4807300
2021-07-28,51.47999954223633,52.119998931884766,50.79999923706055,51.7599983215332,47.74159622192383,6798800
2021-07-29,52.18000030517578,52.400001525878906,51.540000915527344,51.54999923706055,47.54790115356445,5902100
2021-07-30,51.040000915527344,51.7599983215332,50.380001068115234,50.52000045776367,46.59785842895508,6562200
2021-08-02,50.599998474121094,51.5099983215332,49.650001525878906,49.7400016784668,45.87841796875,7399000
2021-08-03,49.84000015258789,50.65999984741211,49.11000061035156,50.650001525878906,46.717769622802734,6208000
2021-08-04,49.810001373291016,50.189998626708984,48.5,48.900001525878906,45.10363006591797,11491500
2021-08-05,49.099998474121094,50.7599983215332,49.04999923706055,50.45000076293945,46.53329849243164,6904000
2021-08-06,51.13999938964844,51.16999816894531,50.060001373291016,50.720001220703125,46.78232955932617,5065900
2021-08-09,50.099998474121094,50.130001068115234,48.93000030517578,49.709999084472656,45.850746154785156,5649800
2021-08-10,49.79999923706055,51.630001068115234,49.61000061035156,51.11000061035156,47.14205551147461,5503200
2021-08-11,49.86000061035156,51.970001220703125,49.77000045776367,51.84000015258789,47.81538009643555,8714900
2021-08-12,51.41999816894531,51.56999969482422,50.56999969482422,50.9900016784668,47.0313720703125,5739800
2021-08-13,50.900001525878906,51.04999923706055,50.290000915527344,50.40999984741211,46.49639892578125,4979700
2021-08-16,50.0,50.45000076293945,49.470001220703125,50.11000061035156,46.21968460083008,5784000
2021-08-17,49.349998474121094,49.41999816894531,48.13999938964844,48.72999954223633,44.946834564208984,7226900
2021-08-18,48.560001373291016,49.470001220703125,48.33000183105469,48.439998626708984,44.679344177246094,6526600
2021-08-19,48.18000030517578,48.380001068115234,46.95000076293945,47.459999084472656,43.775421142578125,7762100
2021-08-20,47.29999923706055,47.900001525878906,47.290000915527344,47.36000061035156,43.68318176269531,5193200
2021-08-23,48.130001068115234,48.95000076293945,48.029998779296875,48.709999084472656,44.92837905883789,9345800
2021-08-24,49.5,51.099998474121094,49.5,50.810001373291016,46.86534118652344,8703100
2021-08-25,50.84000015258789,52.02000045776367,50.33000183105469,51.25,47.27118682861328,8039500
2021-08-26,50.93000030517578,51.29999923706055,49.83000183105469,50.27000045776367,46.367271423339844,5779400
2021-08-27,50.310001373291016,51.34000015258789,50.310001373291016,50.880001068115234,46.92990493774414,5940900
2021-08-30,51.029998779296875,51.130001068115234,49.11000061035156,49.16999816894531,45.352664947509766,6216300
2021-08-31,49.02000045776367,50.029998779296875,48.88999938964844,49.779998779296875,45.91530227661133,6431200
2021-09-01,50.0,50.11000061035156,49.41999816894531,49.54999923706055,45.703163146972656,4509200
2021-09-02,49.560001373291016,50.15999984741211,49.040000915527344,49.599998474121094,45.74927520751953,4966700
2021-09-03,49.34000015258789,49.81999969482422,48.66999816894531,48.86000061035156,45.066741943359375,5201800
2021-09-07,48.36000061035156,48.7400016784668,47.9900016784668,48.529998779296875,44.76234817504883,6474400
2021-09-08,48.7599983215332,49.380001068115234,48.09000015258789,48.119998931884766,44.384193420410156,4901900
2021-09-09,47.90999984741211,50.189998626708984,47.81999969482422,49.22999954223633,45.408016204833984,7098200
2021-09-10,49.380001068115234,49.41999816894531,47.869998931884766,47.900001525878906,44.18126678466797,6585100
2021-09-13,48.529998779296875,49.06999969482422,47.4900016784668,48.72999954223633,44.946834564208984,5511900
2021-09-14,48.529998779296875,48.959999084472656,47.72999954223633,48.029998779296875,44.301170349121094,4827500
2021-09-15,48.099998474121094,48.4900016784668,47.34000015258789,48.459999084472656,44.69779586791992,4800100
2021-09-16,48.880001068115234,49.52000045776367,48.599998474121094,49.119998931884766,45.306549072265625,5701300
2021-09-17,49.38999938964844,49.83000183105469,48.56999969482422,49.08000183105469,45.2696533203125,7289500
2021-09-20,48.83000183105469,49.63999938964844,47.91999816894531,49.58000183105469,45.730838775634766,7771200
2021-09-21,49.79999923706055,50.310001373291016,48.810001373291016,49.150001525878906,45.33422088623047,7660400
2021-09-22,49.369998931884766,51.22999954223633,49.369998931884766,50.650001525878906,46.717769622802734,9763600
2021-09-23,51.22999954223633,52.790000915527344,51.04999923706055,52.31999969482422,48.25811004638672,10282400
2021-09-24,52.400001525878906,53.20000076293945,52.22999954223633,52.849998474121094,48.74696350097656,7030200
2021-09-27,53.5,54.400001525878906,52.84000015258789,52.959999084472656,48.84843444824219,8380100
2021-09-28,52.90999984741211,53.619998931884766,52.56999969482422,53.04999923706055,48.93144226074219,6898900
2021-09-29,53.20000076293945,53.369998931884766,52.40999984741211,52.540000915527344,48.46104049682617,4848800
2021-09-30,52.20000076293945,52.25,50.880001068115234,51.43000030517578,47.43721008300781,6404600
2021-10-01,53.77000045776367,54.709999084472656,52.709999084472656,54.349998474121094,50.13051986694336,12554000
2021-10-04,55.720001220703125,56.33000183105469,54.79999923706055,55.060001373291016,50.785400390625,11905900
2021-10-05,54.939998626708984,55.4900016784668,54.380001068115234,54.470001220703125,50.24119567871094,5505200
2021-10-06,53.56999969482422,54.5,52.91999816894531,54.45000076293945,50.22276306152344,6351600
2021-10-07,54.88999938964844,54.97999954223633,54.0099983215332,54.040000915527344,49.844581604003906,5066200
2021-10-08,54.290000915527344,54.369998931884766,53.52000045776367,53.91999816894531,49.7338981628418,3220100
2021-10-11,51.9900016784668,53.33000183105469,51.599998474121094,51.66999816894531,47.6585807800293,15630900
2021-10-12,51.72999954223633,52.459999084472656,51.369998931884766,52.18000030517578,48.12898254394531,8399400
2021-10-13,51.869998931884766,51.88999938964844,50.65999984741211,51.25,47.27118682861328,8532100
2021-10-14,51.650001525878906,52.09000015258789,51.400001525878906,51.5099983215332,47.5109977722168,6090900
2021-10-15,52.2400016784668,52.4900016784668,50.29999923706055,50.36000061035156,46.450279235839844,7598000
2021-10-18,50.0099983215332,50.66999816894531,49.650001525878906,49.77000045776367,45.906089782714844,6134200
2021-10-19,49.59000015258789,49.83000183105469,49.209999084472656,49.380001068115234,45.54637145996094,6543600
2021-10-20,49.060001373291016,49.970001220703125,48.86000061035156,49.470001220703125,45.6293830871582,6995800
2021-10-21,49.29999923706055,49.40999984741211,48.41999816894531,48.65999984741211,44.882266998291016,10788300
2021-10-22,48.150001525878906,48.459999084472656,47.41999816894531,47.630001068115234,43.93222427368164,7623200
2021-10-25,47.4900016784668,47.880001068115234,47.209999084472656,47.47999954223633,43.79386901855469,5916300
2021-10-26,48.0,48.150001525878906,47.31999969482422,47.59000015258789,43.895328521728516,6975000
2021-10-27,47.599998474121094,47.66999816894531,46.5099983215332,46.56999969482422,42.95452117919922,6391500
2021-10-28,46.529998779296875,47.43000030517578,46.439998626708984,47.2400016784668,43.572509765625,6011800
2021-10-29,47.02000045776367,47.41999816894531,46.7599983215332,47.279998779296875,43.60939407348633,6079600
2021-11-01,47.34000015258789,49.130001068115234,47.060001373291016,49.130001068115234,45.315773010253906,8375000
2021-11-02,49.16999816894531,49.380001068115234,48.61000061035156,48.90999984741211,45.112850189208984,6211600
2021-11-03,48.91999816894531,49.849998474121094,48.59000015258789,49.459999084472656,45.62015914916992,5590600
2021-11-04,49.63999938964844,49.84000015258789,48.709999084472656,49.06999969482422,45.26042556762695,6709000
2021-11-05,50.97999954223633,52.54999923706055,50.91999816894531,52.22999954223633,48.175106048583984,13022700
2021-11-08,52.5,52.790000915527344,51.20000076293945,51.369998931884766,47.381866455078125,8151300
2021-11-09,51.150001525878906,51.40999984741211,50.27000045776367,50.90999984741211,46.95758056640625,8148500
2021-11-10,50.2400016784668,50.84000015258789,49.34000015258789,49.689998626708984,45.832298278808594,6815300
2021-11-11,49.720001220703125,49.97999954223633,49.06999969482422,49.08000183105469,45.2696533203125,5117500
2021-11-12,49.06999969482422,49.06999969482422,47.83000183105469,48.41999816894531,44.66089630126953,6455100
2021-11-15,49.060001373291016,49.380001068115234,48.630001068115234,49.130001068115234,45.315773010253906,4400600
2021-11-16,48.459999084472656,48.56999969482422,47.5,47.599998474121094,43.9045524597168,8331100
2021-11-17,47.40999984741211,47.61000061035156,46.88999938964844,47.400001525878906,43.72008514404297,6664900
2021-11-18,47.38999938964844,47.41999816894531,46.029998779296875,46.369998931884766,42.770050048828125,7392700
2021-11-19,46.18000030517578,46.9900016784668,45.380001068115234,46.83000183105469,43.19434356689453,9870900
2021-11-22,47.09000015258789,48.029998779296875,46.970001220703125,47.720001220703125,44.01524353027344,8300100
2021-11-23,48.11000061035156,48.310001373291016,46.91999816894531,46.97999954223633,43.33269119262695,6264400
2021-11-24,46.5,47.11000061035156,46.29999923706055,46.9900016784668,43.34191131591797,4977600
2021-11-26,44.79999923706055,45.47999954223633,43.810001373291016,44.959999084472656,41.469512939453125,11570900
2021-11-29,45.7400016784668,45.90999984741211,44.209999084472656,44.540000915527344,41.082122802734375,9893600
2021-11-30,43.95000076293945,44.779998779296875,43.15999984741211,44.400001525878906,40.9529914855957,12149100
2021-12-01,44.9900016784668,45.540000915527344,42.38999938964844,42.54999923706055,39.24662399291992,14225800
2021-12-02,43.20000076293945,45.560001373291016,42.84000015258789,45.34000015258789,41.82001495361328,12908200
2021-12-03,45.060001373291016,45.599998474121094,43.63999938964844,44.279998779296875,40.842308044433594,8508200
2021-12-06,44.9900016784668,46.959999084472656,44.9900016784668,45.560001373291016,42.022926330566406,13262600
2021-12-07,46.22999954223633,46.75,44.849998474121094,45.209999084472656,41.70009994506836,11351700
2021-12-08,44.560001373291016,46.27000045776367,44.560001373291016,45.27000045776367,41.75544357299805,12788200
2021-12-09,44.099998474121094,44.369998931884766,43.369998931884766,43.61000061035156,40.22432327270508,15789200
2021-12-10,42.47999954223633,42.90999984741211,41.560001373291016,41.970001220703125,38.71165084838867,17075600
2021-12-13,41.470001220703125,41.72999954223633,40.04999923706055,40.47999954223633,37.33732604980469,12916500
2021-12-14,40.349998474121094,41.220001220703125,40.08000183105469,40.2400016784668,37.1159553527832,9601200
2021-12-15,40.0099983215332,40.349998474121094,39.33000183105469,40.11000061035156,36.99605178833008,13099000
2021-12-16,40.7400016784668,40.75,39.400001525878906,39.529998779296875,36.4610710144043,13408000
2021-12-17,39.47999954223633,40.4900016784668,39.08000183105469,39.65999984741211,36.580989837646484,15175600
2021-12-20,38.90999984741211,39.959999084472656,38.65999984741211,39.36000061035156,36.30427169799805,12253100
2021-12-21,39.720001220703125,41.40999984741211,39.63999938964844,40.869998931884766,37.6970329284668,12569900
2021-12-22,40.849998474121094,41.599998474121094,40.459999084472656,41.119998931884766,37.92762756347656,8616000
2021-12-23,41.779998779296875,41.970001220703125,41.20000076293945,41.869998931884766,38.619407653808594,6587800
2021-12-27,41.029998779296875,41.90999984741211,40.68000030517578,41.7599983215332,38.51795196533203,6929200
2021-12-28,41.61000061035156,42.779998779296875,41.41999816894531,42.290000915527344,39.00680160522461,6561000
2021-12-29,42.22999954223633,42.560001373291016,41.79999923706055,42.15999984741211,38.88689422607422,6724000
2021-12-30,41.9900016784668,43.189998626708984,41.849998474121094,42.720001220703125,39.40340805053711,7673900
2021-12-31,42.61000061035156,43.15999984741211,42.61000061035156,42.84000015258789,39.51409912109375,5932100
2022-01-03,43.16999816894531,44.2599983215332,42.5099983215332,44.0,40.58403778076172,10571400
2022-01-04,44.709999084472656,45.540000915527344,44.47999954223633,44.65999984741211,41.19280242919922,11207000
2022-01-05,44.95000076293945,45.20000076293945,43.79999923706055,43.9900016784668,40.5748176574707,9702000
2022-01-06,44.47999954223633,44.68000030517578,43.06999969482422,43.88999938964844,40.482582092285156,6750700
2022-01-07,44.189998626708984,45.68000030517578,44.11000061035156,45.349998474121094,41.8292350769043,7479100
2022-01-10,45.619998931884766,45.709999084472656,44.290000915527344,45.2400016784668,41.727783203125,7710800
2022-01-11,45.349998474121094,46.25,45.290000915527344,45.83000183105469,42.271968841552734,6813200
2022-01-12,45.540000915527344,45.93000030517578,44.720001220703125,45.209999084472656,41.70009994506836,7831000
2022-01-13,45.31999969482422,46.4900016784668,45.2400016784668,45.790000915527344,42.23508071899414,8185900
2022-01-14,45.560001373291016,45.90999984741211,44.970001220703125,45.81999969482422,42.26274871826172,6241100
2022-01-18,45.5,46.20000076293945,45.15999984741211,45.43000030517578,41.90302276611328,6734000
2022-01-19,45.380001068115234,45.689998626708984,44.400001525878906,44.43000030517578,40.98066329956055,5475300
2022-01-20,44.7599983215332,45.75,44.2599983215332,44.34000015258789,40.89764404296875,7172700
2022-01-21,44.25,44.38999938964844,43.15999984741211,43.369998931884766,40.00294494628906,7899700
2022-01-24,42.380001068115234,43.95000076293945,41.880001068115234,43.869998931884766,40.46413803100586,11296800
2022-01-25,43.400001525878906,44.15999984741211,42.880001068115234,43.849998474121094,40.44569396972656,6803400
2022-01-26,44.400001525878906,45.349998474121094,43.349998474121094,43.709999084472656,40.31655502319336,10785800
2022-01-27,43.290000915527344,44.58000183105469,42.45000076293945,42.81999969482422,39.49565505981445,8960900
2022-01-28,42.790000915527344,42.959999084472656,40.630001068115234,42.93000030517578,39.59711456298828,10975900
2022-01-31,42.5099983215332,44.83000183105469,42.279998779296875,44.7599983215332,41.285037994384766,8199900
2022-02-01,45.0,45.83000183105469,44.86000061035156,45.18000030517578,41.67243194580078,6593200
2022-02-02,44.650001525878906,44.970001220703125,43.56999969482422,44.290000915527344,40.851524353027344,7955500
2022-02-03,44.119998931884766,44.43000030517578,43.33000183105469,43.439998626708984,40.06751251220703,5512200
2022-02-04,43.150001525878906,43.95000076293945,42.7599983215332,43.65999984741211,40.270442962646484,5073900
2022-02-07,44.470001220703125,45.11000061035156,43.93000030517578,44.599998474121094,41.13745880126953,7478500
2022-02-08,45.0,46.15999984741211,44.75,46.06999969482422,42.49333953857422,9563800
2022-02-09,46.5099983215332,47.7400016784668,46.400001525878906,47.02000045776367,43.36958312988281,9549800
2022-02-10,46.68000030517578,47.470001220703125,46.369998931884766,46.529998779296875,42.91762924194336,7231600
2022-02-11,46.59000015258789,47.0099983215332,44.720001220703125,45.529998779296875,41.99525451660156,8422200
2022-02-14,45.66999816894531,46.369998931884766,44.90999984741211,45.380001068115234,41.85690689086914,6002300
2022-02-15,46.5,47.470001220703125,46.36000061035156,47.29999923706055,43.62784194946289,6872100
2022-02-16,46.88999938964844,47.63999938964844,46.72999954223633,47.41999816894531,43.73853302001953,5773200
2022-02-17,47.0,47.189998626708984,46.0099983215332,46.380001068115234,42.779266357421875,5538300
2022-02-18,46.25,46.93000030517578,45.79999923706055,45.97999954223633,42.410316467285156,5037800
2022-02-22,45.38999938964844,46.25,45.060001373291016,45.619998931884766,42.07828140258789,7196600
2022-02-23,46.08000183105469,46.220001220703125,43.959999084472656,44.0099983215332,40.593265533447266,7070800
2022-02-24,41.52000045776367,44.52000045776367,41.20000076293945,44.34000015258789,40.89764404296875,10439300
2022-02-25,44.81999969482422,45.650001525878906,44.61000061035156,45.13999938964844,41.635536193847656,6627700
2022-02-28,44.349998474121094,44.84000015258789,43.29999923706055,43.79999923706055,40.399574279785156,10361100
2022-03-01,43.400001525878906,43.560001373291016,41.279998779296875,41.95000076293945,38.69319152832031,11235300
2022-03-02,42.5,43.060001373291016,41.959999084472656,42.31999969482422,39.03446960449219,8702600
2022-03-03,43.20000076293945,43.369998931884766,41.40999984741211,41.66999816894531,38.4349365234375,10376000
2022-03-04,40.84000015258789,41.16999816894531,40.06999969482422,40.68000030517578,37.521793365478516,8594700
2022-03-07,40.38999938964844,40.689998626708984,36.75,37.189998626708984,34.302734375,17624500
2022-03-08,37.709999084472656,40.7599983215332,36.849998474121094,39.15999984741211,36.11979293823242,15028100
2022-03-09,40.849998474121094,41.400001525878906,40.029998779296875,40.65999984741211,37.50334548950195,12104700
2022-03-10,40.0,41.4900016784668,39.65999984741211,41.029998779296875,37.8446159362793,9483400
2022-03-11,41.79999923706055,41.88999938964844,40.099998474121094,40.2400016784668,37.1159553527832,8790500
2022-03-14,40.59000015258789,41.11000061035156,39.209999084472656,40.099998474121094,36.98681640625,7576000
2022-03-15,42.0,43.36000061035156,41.209999084472656,42.060001373291016,38.79465103149414,11080800
2022-03-16,42.849998474121094,43.27000045776367,41.83000183105469,43.119998931884766,39.772361755371094,12849000
2022-03-17,42.040000915527344,42.79999923706055,41.790000915527344,42.779998779296875,39.45875549316406,9449600
2022-03-18,42.63999938964844,43.4900016784668,42.2400016784668,43.2400016784668,39.88304901123047,7862300
2022-03-21,42.5,43.15999984741211,42.2599983215332,42.779998779296875,39.45875549316406,6251200
2022-03-22,43.0,43.59000015258789,42.630001068115234,43.060001373291016,39.717018127441406,5393600
2022-03-23,42.720001220703125,43.36000061035156,42.65999984741211,42.869998931884766,39.541770935058594,4301900
2022-03-24,42.970001220703125,44.0,42.61000061035156,43.91999816894531,40.510250091552734,4528800
2022-03-25,44.040000915527344,44.720001220703125,43.93000030517578,44.380001068115234,40.93453598022461,4416300
2022-03-28,44.650001525878906,44.93000030517578,43.88999938964844,44.41999816894531,40.971435546875,4071400
2022-03-29,45.529998779296875,46.189998626708984,45.060001373291016,45.33000183105469,41.810787200927734,6100100
2022-03-30,44.959999084472656,45.689998626708984,44.77000045776367,45.56999969482422,42.032161712646484,4687200
2022-03-31,45.689998626708984,46.38999938964844,45.599998474121094,45.79999923706055,42.24429702758789,5033300
2022-04-01,45.91999816894531,46.2599983215332,45.470001220703125,45.90999984741211,42.345760345458984,6013000
2022-04-04,45.849998474121094,46.099998474121094,44.9900016784668,45.93000030517578,42.364200592041016,4092400
2022-04-05,46.0099983215332,46.22999954223633,44.61000061035156,45.209999084472656,41.70009994506836,6874500
2022-04-06,44.279998779296875,44.400001525878906,42.61000061035156,43.72999954223633,40.33500671386719,7428900
2022-04-07,43.38999938964844,43.45000076293945,41.279998779296875,42.38999938964844,39.099029541015625,10010200
2022-04-08,42.34000015258789,42.43000030517578,41.18000030517578,41.2400016784668,38.0383186340332,7704000
2022-04-11,41.130001068115234,42.959999084472656,41.040000915527344,42.619998931884766,39.311180114746094,5991600
2022-04-12,42.900001525878906,42.959999084472656,42.16999816894531,42.81999969482422,39.49565505981445,5368200
2022-04-13,44.439998626708984,46.06999969482422,44.119998931884766,46.04999923706055,42.47488784790039,11063300
2022-04-14,46.439998626708984,47.15999984741211,46.27000045776367,46.7599983215332,43.129764556884766,7226100
2022-04-18,46.45000076293945,46.869998931884766,46.040000915527344,46.2599983215332,42.668582916259766,4808200
2022-04-19,46.619998931884766,47.70000076293945,46.619998931884766,47.349998474121094,43.67396545410156,6060900
2022-04-20,47.56999969482422,48.06999969482422,47.15999984741211,47.33000183105469,43.655513763427734,5877500
2022-04-21,48.93000030517578,50.099998474121094,48.220001220703125,48.380001068115234,44.623992919921875,11926000
2022-04-22,48.38999938964844,48.900001525878906,46.810001373291016,46.849998474121094,43.21278762817383,6508300
2022-04-25,46.310001373291016,46.52000045776367,45.2599983215332,46.43000030517578,42.825382232666016,7064300
2022-04-26,46.060001373291016,46.349998474121094,44.75,45.02000045776367,41.52485656738281,5280400
2022-04-27,45.040000915527344,46.209999084472656,44.540000915527344,45.939998626708984,42.37342834472656,6407800
2022-04-28,47.54999923706055,47.54999923706055,46.06999969482422,46.900001525878906,43.25890350341797,8729000
2022-04-29,47.13999938964844,48.130001068115234,46.56999969482422,46.720001220703125,43.092872619628906,5954200
2022-05-02,46.400001525878906,47.060001373291016,45.2599983215332,46.529998779296875,42.91762924194336,6499800
2022-05-03,46.91999816894531,47.47999954223633,46.040000915527344,47.25,43.581729888916016,5384100
2022-05-04,46.900001525878906,48.18000030517578,46.349998474121094,48.06999969482422,44.33806228637695,4917800
2022-05-05,47.2599983215332,48.0,46.560001373291016,47.0,43.35113525390625,4652300
2022-05-06,46.79999923706055,46.79999923706055,45.369998931884766,46.119998931884766,42.53945541381836,4112500
2022-05-09,45.439998626708984,45.72999954223633,43.45000076293945,43.83000183105469,40.427249908447266,6505500
2022-05-10,44.349998474121094,45.41999816894531,43.68000030517578,44.59000015258789,41.128238677978516,6243700
2022-05-11,44.41999816894531,45.52000045776367,42.91999816894531,43.0099983215332,39.6708984375,5743400
2022-05-12,42.40999984741211,43.4900016784668,41.43000030517578,42.33000183105469,39.04369354248047,6552900
2022-05-13,43.029998779296875,43.31999969482422,42.54999923706055,42.9900016784668,39.65245819091797,5144500
2022-05-16,42.689998626708984,43.70000076293945,42.599998474121094,43.18000030517578,39.82770919799805,4578200
2022-05-17,44.459999084472656,45.15999984741211,44.04999923706055,45.11000061035156,41.60787582397461,4051100
2022-05-18,44.52000045776367,45.349998474121094,44.02000045776367,44.22999954223633,40.79618835449219,4581200
2022-05-19,43.65999984741211,44.4900016784668,43.380001068115234,43.56999969482422,40.18742370605469,4295200
2022-05-20,44.29999923706055,44.400001525878906,41.650001525878906,42.650001525878906,39.33885192871094,4517800
2022-05-23,43.20000076293945,43.709999084472656,42.560001373291016,43.380001068115234,40.01218032836914,3287500
2022-05-24,42.61000061035156,42.790000915527344,41.54999923706055,41.72999954223633,38.49028015136719,3898700
2022-05-25,41.720001220703125,42.54999923706055,41.369998931884766,42.45000076293945,39.15438461303711,3903700
2022-05-26,43.41999816894531,45.439998626708984,43.18000030517578,45.0,41.506404876708984,5327400
2022-05-27,45.36000061035156,46.119998931884766,45.2599983215332,45.79999923706055,42.24429702758789,3279900
2022-05-31,44.90999984741211,46.279998779296875,44.75,45.86000061035156,42.29963302612305,5234000
2022-06-01,46.400001525878906,46.459999084472656,43.97999954223633,44.150001525878906,40.72239303588867,4725000
2022-06-02,44.130001068115234,44.59000015258789,43.599998474121094,44.56999969482422,41.10979461669922,4494400
2022-06-03,43.869998931884766,44.150001525878906,43.060001373291016,43.84000015258789,40.43646240234375,3647500
2022-06-06,44.540000915527344,44.84000015258789,43.849998474121094,44.41999816894531,40.971435546875,3354700
2022-06-07,43.900001525878906,44.90999984741211,43.689998626708984,44.880001068115234,41.395729064941406,2707500
2022-06-08,43.95000076293945,44.63999938964844,43.220001220703125,43.369998931884766,40.00294494628906,4160200
2022-06-09,43.20000076293945,43.34000015258789,42.02000045776367,42.040000915527344,38.776206970214844,4665400
2022-06-10,41.41999816894531,42.09000015258789,39.93000030517578,40.13999938964844,37.02371597290039,8413000
2022-06-13,39.0,39.2599983215332,37.41999816894531,37.619998931884766,34.69935989379883,7051500
2022-06-14,37.95000076293945,38.220001220703125,36.459999084472656,37.220001220703125,34.33041000366211,8193900
2022-06-15,37.66999816894531,38.130001068115234,36.709999084472656,37.22999954223633,34.33963394165039,7937600
2022-06-16,36.130001068115234,36.29999923706055,34.709999084472656,34.97999954223633,32.26431655883789,8811600
2022-06-17,35.130001068115234,35.869998931884766,34.36000061035156,35.630001068115234,32.86384963989258,8812300
2022-06-21,36.0,36.34000015258789,35.189998626708984,35.31999969482422,32.577919006347656,8449800
2022-06-22,35.31999969482422,35.97999954223633,34.86000061035156,35.689998626708984,32.919189453125,6702000
2022-06-23,36.02000045776367,36.2599983215332,34.900001525878906,35.939998626708984,33.149776458740234,6503300
2022-06-24,36.02000045776367,37.84000015258789,35.91999816894531,37.72999954223633,34.80081558227539,6657700
2022-06-27,37.83000183105469,37.86000061035156,36.79999923706055,36.9900016784668,34.11827087402344,4198200
2022-06-28,37.45000076293945,38.400001525878906,36.54999923706055,36.650001525878906,33.804664611816406,5945600
2022-06-29,36.369998931884766,36.5099983215332,35.81999969482422,36.18000030517578,33.37115478515625,4330200
2022-06-30,35.290000915527344,36.31999969482422,34.880001068115234,36.119998931884766,33.31581115722656,6157000
2022-07-01,36.09000015258789,36.93000030517578,35.849998474121094,36.72999954223633,33.878448486328125,4375600
2022-07-05,35.720001220703125,36.54999923706055,35.060001373291016,36.5099983215332,33.675533294677734,6514100
2022-07-06,36.16999816894531,36.90999984741211,35.79999923706055,36.310001373291016,33.49106216430664,5000400
2022-07-07,36.709999084472656,37.099998474121094,36.34000015258789,36.720001220703125,33.869232177734375,4127200
2022-07-08,36.709999084472656,37.08000183105469,36.27000045776367,36.70000076293945,33.85078430175781,3820000
2022-07-11,36.41999816894531,37.029998779296875,36.220001220703125,36.83000183105469,33.9706916809082,5360700
2022-07-12,37.400001525878906,39.08000183105469,37.310001373291016,38.540000915527344,35.54793167114258,8130800
2022-07-13,37.279998779296875,38.869998931884766,37.029998779296875,38.79999923706055,35.78773880004883,10121900
2022-07-14,38.310001373291016,39.290000915527344,38.099998474121094,38.459999084472656,35.47414016723633,5987800
2022-07-15,39.04999923706055,39.720001220703125,38.369998931884766,39.58000183105469,36.5071907043457,5121500
2022-07-18,40.150001525878906,40.91999816894531,39.75,39.95000076293945,36.84846878051758,5433800
2022-07-19,40.52000045776367,41.63999938964844,40.52000045776367,41.4900016784668,38.2689094543457,5068900
2022-07-20,41.439998626708984,41.7599983215332,40.83000183105469,41.5,38.27811813354492,5162000
2022-07-21,40.59000015258789,40.91999816894531,40.099998474121094,40.88999938964844,37.71548843383789,7632700
2022-07-22,41.15999984741211,41.2599983215332,40.220001220703125,40.2400016784668,37.1159553527832,5456900
2022-07-25,40.27000045776367,40.66999816894531,39.65999984741211,40.619998931884766,37.466453552246094,4511000
2022-07-26,40.20000076293945,40.369998931884766,39.4900016784668,39.599998474121094,36.525634765625,5087000
2022-07-27,40.75,41.06999969482422,40.02000045776367,40.77000045776367,37.60480499267578,6018900
2022-07-28,38.380001068115234,38.77000045776367,36.959999084472656,38.150001525878906,35.18821334838867,16592800
2022-07-29,37.72999954223633,38.41999816894531,37.61000061035156,38.119998931884766,35.16054153442383,7902100
2022-08-01,38.0,38.4900016784668,37.34000015258789,38.310001373291016,35.335792541503906,5595500
2022-08-02,37.95000076293945,38.40999984741211,37.560001373291016,37.619998931884766,34.69935989379883,5486700
2022-08-03,37.7599983215332,39.18000030517578,37.68000030517578,39.0,35.97221374511719,6452500
2022-08-04,39.18000030517578,39.47999954223633,38.68000030517578,38.790000915527344,35.778526306152344,4965000
2022-08-05,38.369998931884766,39.0,38.33000183105469,38.810001373291016,35.79697799682617,4604400
2022-08-08,38.93000030517578,39.65999984741211,38.93000030517578,39.08000183105469,36.04601287841797,5405300
2022-08-09,38.75,39.130001068115234,38.029998779296875,38.34000015258789,35.363460540771484,3032000
2022-08-10,39.150001525878906,39.65999984741211,38.97999954223633,39.279998779296875,36.230472564697266,3363200
2022-08-11,39.849998474121094,40.04999923706055,38.880001068115234,38.970001220703125,35.94454574584961,5047900
2022-08-12,39.5,39.56999969482422,38.91999816894531,39.459999084472656,36.39650344848633,3207300
2022-08-15,39.31999969482422,40.38999938964844,39.22999954223633,39.63999938964844,36.562530517578125,4722600
2022-08-16,39.599998474121094,40.20000076293945,39.349998474121094,39.869998931884766,36.77466583251953,4716900
2022-08-17,39.27000045776367,39.65999984741211,38.36000061035156,38.939998626708984,35.91687774658203,5492600
2022-08-18,38.970001220703125,39.04999923706055,38.41999816894531,38.97999954223633,35.95376968383789,2981300
2022-08-19,38.47999954223633,38.61000061035156,37.630001068115234,37.880001068115234,34.939170837402344,4382700
2022-08-22,37.25,37.4900016784668,36.93000030517578,37.470001220703125,34.561004638671875,5254300
2022-08-23,37.599998474121094,37.959999084472656,37.349998474121094,37.470001220703125,34.561004638671875,4717000
2022-08-24,37.599998474121094,38.08000183105469,37.43000030517578,37.79999923706055,34.86537551879883,6097300
2022-08-25,38.08000183105469,38.86000061035156,37.959999084472656,38.54999923706055,35.55716323852539,3446400
2022-08-26,38.529998779296875,38.7400016784668,37.41999816894531,37.529998779296875,34.616336822509766,3998300
2022-08-29,37.0,37.70000076293945,36.95000076293945,37.43000030517578,34.524105072021484,4072000
2022-08-30,37.70000076293945,37.869998931884766,36.9900016784668,37.20000076293945,34.31196212768555,4248700
2022-08-31,37.45000076293945,37.68000030517578,36.68000030517578,36.70000076293945,33.85078430175781,4097900
2022-09-01,36.31999969482422,36.63999938964844,35.84000015258789,36.630001068115234,33.786216735839844,3932300
2022-09-02,37.09000015258789,37.5099983215332,36.5099983215332,36.7400016784668,33.8876838684082,3791300
2022-09-06,37.09000015258789,37.349998474121094,36.29999923706055,36.7400016784668,33.8876838684082,4481800
2022-09-07,36.77000045776367,37.869998931884766,36.77000045776367,37.790000915527344,34.856163024902344,5394700
2022-09-08,37.29999923706055,37.779998779296875,36.970001220703125,37.65999984741211,34.73625183105469,5087700
2022-09-09,37.84000015258789,38.459999084472656,37.77000045776367,38.369998931884766,35.391136169433594,5733100
2022-09-12,38.72999954223633,39.13999938964844,38.59000015258789,38.77000045776367,35.76007843017578,6078000
2022-09-13,37.880001068115234,38.119998931884766,37.2599983215332,37.4900016784668,34.57945251464844,4348500
2022-09-14,37.310001373291016,38.06999969482422,36.65999984741211,38.029998779296875,35.077518463134766,4203700
2022-09-15,37.77000045776367,37.81999969482422,36.880001068115234,36.900001525878906,34.035255432128906,9367100
2022-09-16,36.40999984741211,36.41999816894531,34.65999984741211,34.72999954223633,32.03371810913086,12677800
2022-09-19,34.66999816894531,36.060001373291016,34.61000061035156,35.880001068115234,33.094444274902344,7935300
2022-09-20,35.56999969482422,35.619998931884766,34.720001220703125,35.09000015258789,32.365779876708984,4953900
2022-09-21,34.54999923706055,35.27000045776367,34.119998931884766,34.119998931884766,31.47107696533203,6164900
2022-09-22,34.0,34.06999969482422,32.7599983215332,33.0,30.438026428222656,6564500
2022-09-23,32.400001525878906,32.599998474121094,31.56999969482422,32.04999923706055,29.561784744262695,7767500
2022-09-26,31.780000686645508,32.33000183105469,31.299999237060547,31.3700008392334,28.93457794189453,6957700
2022-09-27,31.860000610351562,32.060001373291016,31.209999084472656,31.5,29.054485321044922,6169600
2022-09-28,31.510000228881836,32.54999923706055,31.450000762939453,32.43000030517578,29.91228485107422,6910300
2022-09-29,31.93000030517578,32.08000183105469,31.399999618530273,31.639999389648438,29.183618545532227,5638400
2022-09-30,31.350000381469727,31.610000610351562,30.790000915527344,30.84000015258789,28.445722579956055,6907600
2022-10-03,30.84000015258789,31.3700008392334,30.200000762939453,31.219999313354492,28.796222686767578,5734600
2022-10-04,32.04999923706055,33.31999969482422,32.04999923706055,33.189998626708984,30.613279342651367,7459700
2022-10-05,32.4900016784668,33.279998779296875,32.310001373291016,32.9900016784668,30.428808212280273,4884300
2022-10-06,32.91999816894531,33.220001220703125,32.400001525878906,32.540000915527344,30.013744354248047,4264300
2022-10-07,32.2599983215332,32.41999816894531,31.420000076293945,31.8700008392334,29.39575958251953,4428800
2022-10-10,31.850000381469727,32.290000915527344,31.6299991607666,31.65999984741211,29.202064514160156,4906600
2022-10-11,32.40999984741211,32.68000030517578,30.920000076293945,31.40999984741211,28.97147560119629,5624600
2022-10-12,31.15999984741211,31.780000686645508,31.010000228881836,31.59000015258789,29.137495040893555,4365500
2022-10-13,31.09000015258789,32.79999923706055,30.649999618530273,32.43000030517578,29.91228485107422,6616000
2022-10-14,32.959999084472656,33.310001373291016,32.290000915527344,32.7599983215332,30.21666145324707,5843000
2022-10-17,33.59000015258789,33.619998931884766,32.38999938964844,32.720001220703125,30.179771423339844,4665700
2022-10-18,33.380001068115234,33.619998931884766,32.97999954223633,33.310001373291016,30.723966598510742,4766200
2022-10-19,33.97999954223633,34.22999954223633,32.7599983215332,33.119998931884766,30.54871368408203,8804100
2022-10-20,33.439998626708984,33.689998626708984,32.790000915527344,32.810001373291016,30.262788772583008,4843600
2022-10-21,32.650001525878906,33.41999816894531,32.380001068115234,33.099998474121094,30.5302677154541,5450600
2022-10-24,33.279998779296875,33.81999969482422,32.970001220703125,33.720001220703125,31.10214614868164,5841100
2022-10-25,33.54999923706055,34.790000915527344,33.369998931884766,34.619998931884766,31.932260513305664,7783900
2022-10-26,34.599998474121094,35.33000183105469,34.310001373291016,34.369998931884766,31.701675415039062,9204500
2022-10-27,35.31999969482422,36.09000015258789,34.95000076293945,35.290000915527344,32.55025100708008,10819500
2022-10-28,35.58000183105469,36.33000183105469,34.970001220703125,36.22999954223633,33.417266845703125,7855100
2022-10-31,36.20000076293945,36.560001373291016,35.709999084472656,36.349998474121094,33.5279541015625,6316700
2022-11-01,36.84000015258789,37.09000015258789,36.54999923706055,36.939998626708984,34.0721549987793,5401700
2022-11-02,36.70000076293945,37.59000015258789,36.4900016784668,36.5,33.66630172729492,7322300
2022-11-03,35.959999084472656,37.25,35.47999954223633,36.959999084472656,34.09059143066406,5130500
2022-11-04,37.709999084472656,38.0,36.810001373291016,37.08000183105469,34.20127487182617,4658300
2022-11-07,37.310001373291016,37.70000076293945,36.790000915527344,37.400001525878906,34.49644088745117,5061200
2022-11-08,37.40999984741211,37.630001068115234,37.029998779296875,37.439998626708984,34.53333282470703,4413300
2022-11-09,37.09000015258789,37.7599983215332,36.91999816894531,37.20000076293945,34.31196212768555,3366200
2022-11-10,38.400001525878906,39.20000076293945,37.83000183105469,38.81999969482422,35.80619430541992,5576700
2022-11-11,39.08000183105469,39.2599983215332,38.310001373291016,38.36000061035156,35.38191223144531,8221900
2022-11-14,38.08000183105469,38.310001373291016,37.7400016784668,37.75,34.81925582885742,8240200
2022-11-15,38.279998779296875,38.970001220703125,38.06999969482422,38.63999938964844,35.640174865722656,7344400
2022-11-16,38.36000061035156,38.400001525878906,37.779998779296875,37.9900016784668,35.04063415527344,4646400
2022-11-17,37.400001525878906,37.709999084472656,37.29999923706055,37.630001068115234,34.708587646484375,3734000
2022-11-18,38.27000045776367,38.65999984741211,37.709999084472656,38.11000061035156,35.15131378173828,3166700
2022-11-21,38.060001373291016,38.43000030517578,37.66999816894531,37.75,34.81925582885742,3017500
2022-11-22,37.81999969482422,38.2400016784668,37.38999938964844,38.16999816894531,35.2066650390625,3034900
2022-11-23,38.27000045776367,38.939998626708984,38.13999938964844,38.630001068115234,35.630943298339844,4029000
2022-11-25,38.599998474121094,39.58000183105469,38.56999969482422,39.220001220703125,36.175148010253906,2326000
2022-11-28,38.959999084472656,39.13999938964844,38.470001220703125,38.56999969482422,35.575599670410156,4533400
2022-11-29,38.630001068115234,39.380001068115234,38.630001068115234,39.25,36.202816009521484,4628800
2022-11-30,39.279998779296875,39.939998626708984,38.81999969482422,39.90999984741211,36.81157302856445,4794100
2022-12-01,40.0,40.20000076293945,39.709999084472656,40.08000183105469,36.96837615966797,5185200
2022-12-02,39.63999938964844,39.90999984741211,39.40999984741211,39.75,36.66399002075195,5312600
2022-12-05,39.52000045776367,40.380001068115234,39.150001525878906,39.5,36.43339920043945,5466000
2022-12-06,39.70000076293945,39.849998474121094,39.34000015258789,39.68000030517578,36.599422454833984,4239700
2022-12-07,39.36000061035156,39.36000061035156,37.38999938964844,37.810001373291016,34.87460708618164,8706800
2022-12-08,38.15999984741211,38.630001068115234,37.31999969482422,37.4900016784668,34.57945251464844,6637300
2022-12-09,37.2599983215332,38.09000015258789,37.150001525878906,38.0099983215332,35.05907440185547,5678000
2022-12-12,37.91999816894531,38.9900016784668,37.77000045776367,38.939998626708984,35.91687774658203,4820200
2022-12-13,39.79999923706055,39.900001525878906,37.189998626708984,37.77000045776367,34.837711334228516,6578700
2022-12-14,38.099998474121094,38.459999084472656,37.66999816894531,38.13999938964844,35.17898941040039,5602100
2022-12-15,37.779998779296875,37.9900016784668,36.9900016784668,37.290000915527344,34.39498519897461,5810700
2022-12-16,37.02000045776367,37.599998474121094,36.75,37.279998779296875,34.38574981689453,8886200
2022-12-19,37.380001068115234,37.59000015258789,36.34000015258789,36.349998474121094,33.5279541015625,4014800
2022-12-20,36.22999954223633,36.75,36.130001068115234,36.38999938964844,33.564849853515625,3337700
2022-12-21,36.65999984741211,37.04999923706055,36.54999923706055,36.599998474121094,33.758541107177734,3683300
2022-12-22,36.56999969482422,36.63999938964844,35.09000015258789,35.459999084472656,32.7070426940918,5571100
2022-12-23,35.36000061035156,36.099998474121094,35.18000030517578,36.09000015258789,33.28813552856445,3337700
2022-12-27,34.61000061035156,34.880001068115234,33.650001525878906,33.939998626708984,31.3050537109375,15174100
2022-12-28,33.459999084472656,33.59000015258789,32.189998626708984,32.189998626708984,29.690914154052734,17673500
2022-12-29,32.349998474121094,33.56999969482422,32.209999084472656,33.380001068115234,30.788532257080078,11811600
2022-12-30,33.150001525878906,33.869998931884766,33.11000061035156,33.66999816894531,31.056018829345703,8942300
2023-01-03,33.81999969482422,34.06999969482422,32.099998474121094,32.599998474121094,30.06908416748047,11467600
2023-01-04,32.75,34.029998779296875,32.70000076293945,33.619998931884766,31.009897232055664,8497300
2023-01-05,33.25,33.84000015258789,33.25,33.529998779296875,30.9268856048584,5208000
2023-01-06,33.0,35.130001068115234,32.83000183105469,35.08000183105469,32.3565559387207,10662800
2023-01-09,35.11000061035156,35.93000030517578,34.91999816894531,35.61000061035156,33.01481246948242,7866300
2023-01-10,35.4900016784668,36.2400016784668,35.209999084472656,36.209999084472656,33.57107925415039,5432900
2023-01-11,35.61000061035156,36.41999816894531,35.45000076293945,35.970001220703125,33.348575592041016,8963700
2023-01-12,36.5,37.02000045776367,36.11000061035156,36.970001220703125,34.275691986083984,8037300
2023-01-13,36.029998779296875,37.02000045776367,35.900001525878906,36.9900016784668,34.29423522949219,5585800
2023-01-17,36.9900016784668,37.099998474121094,36.439998626708984,37.040000915527344,34.34059143066406,6791000
2023-01-18,37.630001068115234,37.709999084472656,35.79999923706055,36.29999923706055,33.654518127441406,9224300
2023-01-19,36.0,36.68000030517578,35.72999954223633,36.45000076293945,33.79358673095703,5490200
2023-01-20,36.81999969482422,37.11000061035156,36.45000076293945,37.060001373291016,34.359134674072266,5762900
2023-01-23,37.13999938964844,37.20000076293945,36.529998779296875,36.689998626708984,34.0161018371582,6098600
2023-01-24,36.4900016784668,36.97999954223633,36.41999816894531,36.68000030517578,34.006832122802734,3900300
2023-01-25,36.41999816894531,36.900001525878906,36.2599983215332,36.869998931884766,34.182979583740234,6402600
2023-01-26,36.0,36.349998474121094,34.81999969482422,35.70000076293945,33.09824752807617,16712000
2023-01-27,35.47999954223633,36.400001525878906,35.45000076293945,36.2400016784668,33.5988883972168,8196500
2023-01-30,36.0,36.88999938964844,35.439998626708984,35.470001220703125,32.885009765625,6983000
2023-01-31,35.59000015258789,36.06999969482422,35.4900016784668,35.77000045776367,33.163143157958984,5602200
2023-02-01,35.5,36.130001068115234,35.150001525878906,35.630001068115234,33.033348083496094,9279100
2023-02-02,35.70000076293945,37.310001373291016,35.529998779296875,36.81999969482422,34.13662338256836,9675900
2023-02-03,36.38999938964844,36.779998779296875,36.290000915527344,36.349998474121094,33.70088195800781,4831100
2023-02-06,36.0,36.349998474121094,35.84000015258789,36.02000045776367,33.39492416381836,4388700
2023-02-07,35.900001525878906,36.400001525878906,35.56999969482422,36.189998626708984,33.55254364013672,5404900
2023-02-08,35.93000030517578,36.09000015258789,35.290000915527344,35.29999923706055,32.727394104003906,5489000
2023-02-09,35.4900016784668,35.84000015258789,34.83000183105469,34.849998474121094,32.3101921081543,5911400
2023-02-10,34.5,34.7400016784668,34.130001068115234,34.56999969482422,32.05059814453125,4808700
2023-02-13,34.56999969482422,35.20000076293945,34.47999954223633,35.06999969482422,32.51416015625,3686000
2023-02-14,35.08000183105469,35.65999984741211,34.77000045776367,35.5099983215332,32.92209243774414,5334900
2023-02-15,35.150001525878906,35.849998474121094,35.04999923706055,35.720001220703125,33.11678695678711,5124600
2023-02-16,35.400001525878906,35.4900016784668,34.880001068115234,35.40999984741211,32.82938003540039,5566900
2023-02-17,35.33000183105469,35.47999954223633,34.9900016784668,35.36000061035156,32.78303146362305,4250800
2023-02-21,34.83000183105469,34.970001220703125,33.599998474121094,33.7599983215332,31.299625396728516,6613300
2023-02-22,33.68000030517578,34.0,33.349998474121094,33.599998474121094,31.151290893554688,5611200
2023-02-23,33.779998779296875,33.91999816894531,33.380001068115234,33.63999938964844,31.188385009765625,6215100
2023-02-24,33.150001525878906,33.61000061035156,33.029998779296875,33.56999969482422,31.123476028442383,5343000
2023-02-27,34.0,34.119998931884766,33.4900016784668,33.540000915527344,31.095666885375977,4815300
2023-02-28,33.58000183105469,33.970001220703125,33.34000015258789,33.58000183105469,31.132753372192383,5244400
2023-03-01,33.54999923706055,33.84000015258789,33.439998626708984,33.650001525878906,31.19764518737793,3639500
2023-03-02,33.400001525878906,33.93000030517578,33.33000183105469,33.91999816894531,31.447973251342773,3936700
2023-03-03,34.20000076293945,34.459999084472656,33.900001525878906,34.18000030517578,31.68902587890625,3871900
2023-03-06,34.279998779296875,34.47999954223633,33.599998474121094,33.7599983215332,31.299625396728516,5682200
2023-03-07,33.650001525878906,34.099998474121094,33.29999923706055,33.369998931884766,31.103893280029297,7739300
2023-03-08,33.45000076293945,33.91999816894531,33.38999938964844,33.900001525878906,31.597898483276367,5850400
2023-03-09,33.88999938964844,34.380001068115234,32.810001373291016,33.08000183105469,30.833587646484375,8594100
2023-03-10,32.849998474121094,33.029998779296875,32.02000045776367,32.77000045776367,30.544635772705078,13423400
2023-03-13,32.150001525878906,32.31999969482422,30.979999542236328,31.059999465942383,28.950761795043945,12036000
2023-03-14,31.59000015258789,31.899999618530273,30.1200008392334,30.530000686645508,28.456754684448242,15141200
2023-03-15,29.93000030517578,30.299999237060547,29.40999984741211,29.729999542236328,27.711076736450195,12768800
2023-03-16,29.56999969482422,30.59000015258789,29.43000030517578,30.479999542236328,28.4101505279541,9480400
2023-03-17,30.219999313354492,30.399999618530273,29.729999542236328,30.030000686645508,27.990711212158203,7742700
2023-03-20,30.0,30.3799991607666,29.850000381469727,30.079999923706055,28.037311553955078,5734100
2023-03-21,30.540000915527344,31.170000076293945,30.3700008392334,31.040000915527344,28.932119369506836,6676800
2023-03-22,31.139999389648438,31.34000015258789,30.06999969482422,30.079999923706055,28.037311553955078,5687100
2023-03-23,30.34000015258789,30.5,29.299999237060547,29.6200008392334,27.608551025390625,4993300
2023-03-24,29.290000915527344,29.690000534057617,28.950000762939453,29.6299991607666,27.61786651611328,6308100
2023-03-27,30.110000610351562,30.3700008392334,29.809999465942383,30.149999618530273,28.102556228637695,5115900
2023-03-28,30.149999618530273,30.709999084472656,30.139999389648438,30.6299991607666,28.54996109008789,4056300
2023-03-29,31.0,31.450000762939453,30.8700008392334,31.440000534057617,29.304960250854492,4730900
2023-03-30,31.799999237060547,32.16999816894531,31.739999771118164,31.81999969482422,29.659149169921875,5097100
2023-03-31,32.16999816894531,32.56999969482422,32.06999969482422,32.540000915527344,30.330259323120117,5193400
2023-04-03,32.06999969482422,32.33000183105469,31.639999389648438,31.690000534057617,29.537981033325195,6081300
2023-04-04,31.959999084472656,32.029998779296875,31.299999237060547,31.719999313354492,29.56593894958496,4715500
2023-04-05,31.399999618530273,31.610000610351562,31.100000381469727,31.579999923706055,29.43545150756836,4196400
2023-04-06,31.770000457763672,31.84000015258789,31.360000610351562,31.59000015258789,29.444772720336914,2979700
2023-04-10,31.459999084472656,32.189998626708984,31.389999389648438,32.16999816894531,29.985376358032227,4487400
2023-04-11,32.25,32.939998626708984,32.060001373291016,32.709999084472656,30.488712310791016,6179500
2023-04-12,32.5,32.59000015258789,31.309999465942383,32.2400016784668,30.050626754760742,12377200
2023-04-13,32.65999984741211,32.68000030517578,31.700000762939453,32.209999084472656,30.022666931152344,8621400
2023-04-14,32.290000915527344,32.400001525878906,31.479999542236328,31.670000076293945,29.519338607788086,6606200
2023-04-17,31.81999969482422,32.369998931884766,31.68000030517578,32.310001373291016,30.115877151489258,4447600
2023-04-18,32.599998474121094,32.65999984741211,31.049999237060547,32.060001373291016,29.88285255432129,21631400
2023-04-19,31.860000610351562,32.63999938964844,31.780000686645508,32.45000076293945,30.246368408203125,6395200
2023-04-20,32.27000045776367,32.66999816894531,32.06999969482422,32.209999084472656,30.022666931152344,5003100
2023-04-21,32.31999969482422,32.459999084472656,31.90999984741211,32.150001525878906,29.96674156188965,4329500
2023-04-24,32.2599983215332,32.470001220703125,31.709999084472656,32.15999984741211,29.976064682006836,4586500
2023-04-25,31.829999923706055,32.0,31.110000610351562,31.290000915527344,29.16514015197754,4956000
2023-04-26,31.170000076293945,31.739999771118164,30.8700008392334,30.899999618530273,28.801626205444336,6638100
2023-04-27,29.5,30.040000915527344,28.809999465942383,29.8799991607666,27.85089683532715,23081000
2023-04-28,29.8799991607666,30.510000228881836,29.610000610351562,30.290000915527344,28.233051300048828,10931200
2023-05-01,30.290000915527344,30.68000030517578,30.09000015258789,30.59000015258789,28.512678146362305,7183300
2023-05-02,30.549999237060547,30.59000015258789,29.610000610351562,29.959999084472656,27.925458908081055,6812100
2023-05-03,30.079999923706055,31.15999984741211,29.950000762939453,30.790000915527344,28.6990966796875,8755300
2023-05-04,30.6299991607666,30.739999771118164,29.270000457763672,29.290000915527344,27.300962448120117,8760200
2023-05-05,29.6200008392334,29.889999389648438,29.610000610351562,29.65999984741211,27.645832061767578,5809000
2023-05-08,29.5,29.8799991607666,29.450000762939453,29.59000015258789,27.580589294433594,6960100
2023-05-09,29.479999542236328,29.739999771118164,29.209999084472656,29.6299991607666,27.61786651611328,4653900
2023-05-10,30.0,30.0,28.770000457763672,29.239999771118164,27.254352569580078,7088200
2023-05-11,29.049999237060547,29.1200008392334,28.780000686645508,28.969999313354492,27.002689361572266,5568900
2023-05-12,29.09000015258789,29.1200008392334,28.399999618530273,28.6299991607666,26.685779571533203,5101500
2023-05-15,28.579999923706055,29.110000610351562,28.489999771118164,29.049999237060547,27.07725715637207,5574500
2023-05-16,28.84000015258789,29.15999984741211,28.530000686645508,28.540000915527344,26.60188865661621,5016900
2023-05-17,28.84000015258789,30.010000228881836,28.709999084472656,29.8799991607666,27.85089683532715,8269400
2023-05-18,29.719999313354492,30.059999465942383,29.43000030517578,29.959999084472656,27.925458908081055,7223200
2023-05-19,30.0,30.059999465942383,29.420000076293945,29.479999542236328,27.478055953979492,4717700
2023-05-22,29.780000686645508,29.780000686645508,29.100000381469727,29.31999969482422,27.32892417907715,4655900
2023-05-23,29.40999984741211,30.170000076293945,29.34000015258789,29.479999542236328,27.478055953979492,5819400
2023-05-24,29.34000015258789,29.420000076293945,28.809999465942383,28.940000534057617,26.974727630615234,6072400
2023-05-25,28.920000076293945,29.420000076293945,28.8799991607666,29.239999771118164,27.254352569580078,5832700
2023-05-26,29.25,29.860000610351562,29.25,29.649999618530273,27.636512756347656,4414400
2023-05-30,29.84000015258789,30.239999771118164,29.639999389648438,29.799999237060547,27.776325225830078,5567600
2023-05-31,30.100000381469727,30.139999389648438,29.649999618530273,29.8700008392334,27.841569900512695,7024100
2023-06-01,30.09000015258789,30.09000015258789,29.079999923706055,29.110000610351562,27.133180618286133,8699100
2023-06-02,29.40999984741211,30.649999618530273,29.329999923706055,30.06999969482422,28.027986526489258,9546100
2023-06-05,30.260000228881836,30.260000228881836,29.899999618530273,30.0,27.96274185180664,4999500
2023-06-06,29.770000457763672,30.459999084472656,29.690000534057617,30.389999389648438,28.326257705688477,4460900
2023-06-07,30.6200008392334,30.81999969482422,30.40999984741211,30.790000915527344,28.6990966796875,5088700
2023-06-08,30.770000457763672,30.90999984741211,30.40999984741211,30.59000015258789,28.512678146362305,4483800
2023-06-09,30.700000762939453,30.93000030517578,30.530000686645508,30.6200008392334,28.54064178466797,5313700
2023-06-12,30.989999771118164,31.8700008392334,30.969999313354492,31.459999084472656,29.323593139648438,8837200
2023-06-13,31.610000610351562,32.529998779296875,31.579999923706055,32.45000076293945,30.246368408203125,8559500
2023-06-14,32.709999084472656,33.63999938964844,32.68000030517578,33.56999969482422,31.290306091308594,14745200
2023-06-15,33.529998779296875,34.060001373291016,33.459999084472656,33.970001220703125,31.663150787353516,11142500
2023-06-16,34.189998626708984,34.40999984741211,33.810001373291016,34.25,31.92413902282715,8743400
2023-06-20,33.90999984741211,34.63999938964844,33.86000061035156,34.470001220703125,32.29894256591797,8930900
2023-06-21,34.459999084472656,34.4900016784668,33.91999816894531,34.349998474121094,32.186492919921875,7216500
2023-06-22,34.38999938964844,34.400001525878906,33.880001068115234,34.279998779296875,32.12089920043945,4663200
2023-06-23,33.619998931884766,34.06999969482422,33.52000045776367,33.93000030517578,31.792943954467773,6016400
2023-06-26,34.029998779296875,34.470001220703125,33.849998474121094,34.0,31.858539581298828,5842200
2023-06-27,34.04999923706055,35.45000076293945,33.9900016784668,35.25,33.02981185913086,7819400
2023-06-28,35.310001373291016,35.54999923706055,34.95000076293945,35.470001220703125,33.235958099365234,7692200
2023-06-29,35.470001220703125,35.970001220703125,35.27000045776367,35.95000076293945,33.685726165771484,8144800
2023-06-30,36.0,36.2400016784668,35.900001525878906,36.209999084472656,33.929351806640625,7172200
2023-07-03,36.029998779296875,37.130001068115234,36.029998779296875,37.040000915527344,34.70707321166992,4233200
2023-07-05,36.95000076293945,37.369998931884766,36.45000076293945,37.220001220703125,34.875732421875,8215400
2023-07-06,36.849998474121094,37.11000061035156,36.529998779296875,37.099998474121094,34.763282775878906,7281900
2023-07-07,37.15999984741211,38.0,37.150001525878906,37.59000015258789,35.22242736816406,5735000
2023-07-10,37.650001525878906,38.439998626708984,37.630001068115234,38.40999984741211,35.99077606201172,7516700
2023-07-11,38.459999084472656,39.290000915527344,38.43000030517578,39.18000030517578,36.71228790283203,8125100
2023-07-12,39.38999938964844,39.529998779296875,38.47999954223633,38.54999923706055,36.12196350097656,9541100
2023-07-13,39.220001220703125,39.2400016784668,37.029998779296875,37.040000915527344,34.70707321166992,14500600
2023-07-14,37.0,37.15999984741211,36.16999816894531,36.36000061035156,34.06990051269531,9121000
2023-07-17,36.290000915527344,36.560001373291016,36.130001068115234,36.27000045776367,33.985565185546875,4790900
2023-07-18,36.029998779296875,36.75,35.880001068115234,36.7400016784668,34.425968170166016,5258500
2023-07-19,36.72999954223633,37.41999816894531,36.720001220703125,37.349998474121094,34.99754333496094,6488700
2023-07-20,37.150001525878906,37.34000015258789,36.52000045776367,37.08000183105469,34.74455642700195,6318800
2023-07-21,37.34000015258789,37.47999954223633,36.81999969482422,37.25,34.903846740722656,4648700
2023-07-24,36.9900016784668,37.400001525878906,36.900001525878906,37.20000076293945,34.85698699951172,6093400
2023-07-25,35.900001525878906,36.09000015258789,34.81999969482422,35.529998779296875,33.292171478271484,13980300
2023-07-26,35.70000076293945,36.369998931884766,35.380001068115234,36.2599983215332,33.976200103759766,10660900
2023-07-27,33.81999969482422,33.81999969482422,32.65999984741211,33.02000045776367,30.940263748168945,33284400
2023-07-28,32.77000045776367,33.709999084472656,32.70000076293945,33.70000076293945,31.577436447143555,12511200
2023-07-31,33.439998626708984,34.4900016784668,33.439998626708984,34.15999984741211,32.00846862792969,10006400
2023-08-01,33.86000061035156,33.88999938964844,33.04999923706055,33.43000030517578,31.324434280395508,8903200
2023-08-02,33.04999923706055,33.61000061035156,33.04999923706055,33.369998931884766,31.26822280883789,7348000
2023-08-03,32.560001373291016,33.02000045776367,32.150001525878906,32.2599983215332,30.228134155273438,10735000
2023-08-04,32.529998779296875,32.93000030517578,32.34000015258789,32.72999954223633,30.668527603149414,8305700
2023-08-07,32.66999816894531,32.9900016784668,32.15999984741211,32.970001220703125,30.893415451049805,8037200
2023-08-08,32.61000061035156,33.939998626708984,32.54999923706055,33.7400016784668,31.614919662475586,8051300
2023-08-09,33.599998474121094,33.790000915527344,33.279998779296875,33.630001068115234,31.511844635009766,8101500
2023-08-10,33.90999984741211,34.130001068115234,33.349998474121094,33.84000015258789,31.708620071411133,8003700
2023-08-11,33.810001373291016,33.93000030517578,33.41999816894531,33.70000076293945,31.577436447143555,5061400
2023-08-14,33.529998779296875,33.689998626708984,33.349998474121094,33.529998779296875,31.418140411376953,4164300
2023-08-15,33.2599983215332,33.31999969482422,32.86000061035156,33.119998931884766,31.033966064453125,4498900
2023-08-16,32.9900016784668,33.77000045776367,32.90999984741211,32.91999816894531,30.8465576171875,5381300
2023-08-17,32.86000061035156,32.9900016784668,32.18000030517578,32.22999954223633,30.200023651123047,5945700
2023-08-18,31.979999542236328,32.369998931884766,31.899999618530273,32.150001525878906,30.12506103515625,5452800
2023-08-21,32.20000076293945,32.52000045776367,31.770000457763672,31.920000076293945,29.909549713134766,7323500
2023-08-22,32.0,32.08000183105469,31.34000015258789,31.5,29.516000747680664,6980100
2023-08-23,31.489999771118164,31.700000762939453,31.3799991607666,31.56999969482422,29.58159065246582,4300900
2023-08-24,31.299999237060547,31.75,31.219999313354492,31.219999313354492,29.253639221191406,4420600
2023-08-25,31.25,31.399999618530273,30.8700008392334,31.219999313354492,29.253639221191406,3982900
2023-08-28,31.389999389648438,31.75,30.8799991607666,31.09000015258789,29.131824493408203,5515500
2023-08-29,31.100000381469727,31.969999313354492,31.100000381469727,31.809999465942383,29.80647850036621,4814200
2023-08-30,31.719999313354492,31.829999923706055,31.440000534057617,31.6299991607666,29.6378116607666,3231700
2023-08-31,31.760000228881836,31.850000381469727,31.3700008392334,31.600000381469727,29.609704971313477,5202800
2023-09-01,31.770000457763672,31.850000381469727,31.260000228881836,31.420000076293945,29.441038131713867,4208400
2023-09-05,31.06999969482422,31.260000228881836,30.579999923706055,30.770000457763672,28.99810791015625,5519500
2023-09-06,29.899999618530273,30.860000610351562,29.75,29.969999313354492,28.244173049926758,8878300
2023-09-07,29.93000030517578,30.1200008392334,29.360000610351562,29.43000030517578,27.73526954650879,7910900
2023-09-08,29.5,29.579999923706055,29.06999969482422,29.530000686645508,27.829511642456055,8608200
2023-09-11,29.719999313354492,29.790000915527344,29.139999389648438,29.40999984741211,27.716421127319336,4906400
2023-09-12,29.5,29.6200008392334,29.15999984741211,29.280000686645508,27.59390640258789,4291900
2023-09-13,28.56999969482422,28.950000762939453,28.3700008392334,28.790000915527344,27.132125854492188,8279200
2023-09-14,29.059999465942383,29.110000610351562,28.579999923706055,28.940000534057617,27.273483276367188,8286200
2023-09-15,28.8700008392334,29.739999771118164,28.809999465942383,29.690000534057617,27.98029899597168,8547500
2023-09-18,29.5,29.6200008392334,29.059999465942383,29.079999923706055,27.40542221069336,5292000
2023-09-19,29.079999923706055,29.200000762939453,28.670000076293945,28.90999984741211,27.245214462280273,6510300
2023-09-20,29.15999984741211,29.229999542236328,28.510000228881836,28.520000457763672,26.877674102783203,4993100
2023-09-21,28.399999618530273,28.799999237060547,28.280000686645508,28.280000686645508,26.651491165161133,4960300
2023-09-22,28.309999465942383,28.399999618530273,28.030000686645508,28.049999237060547,26.434738159179688,5311700
2023-09-25,27.75,27.860000610351562,27.360000610351562,27.5,25.916406631469727,6223400
2023-09-26,27.270000457763672,27.610000610351562,26.549999237060547,26.559999465942383,25.030534744262695,10208600
2023-09-27,26.579999923706055,26.979999542236328,26.459999084472656,26.809999465942383,25.266141891479492,11127800
2023-09-28,26.739999771118164,27.43000030517578,26.6299991607666,27.219999313354492,25.65253448486328,6501500
2023-09-29,27.309999465942383,27.520000457763672,26.899999618530273,27.06999969482422,25.511171340942383,5941600
2023-10-02,27.110000610351562,27.360000610351562,26.959999084472656,27.190000534057617,25.624258041381836,6411100
2023-10-03,27.149999618530273,27.399999618530273,26.68000030517578,26.809999465942383,25.266141891479492,6603100
2023-10-04,26.8799991607666,27.65999984741211,26.860000610351562,27.200000762939453,25.63368797302246,11733700
2023-10-05,27.3700008392334,27.540000915527344,27.06999969482422,27.31999969482422,25.746776580810547,6775600
2023-10-06,27.1200008392334,27.479999542236328,26.780000686645508,27.079999923706055,25.52059555053711,6796800
2023-10-09,26.56999969482422,26.610000610351562,25.940000534057617,26.5,24.9739933013916,7451500
2023-10-10,26.889999389648438,27.229999542236328,26.579999923706055,26.649999618530273,25.115352630615234,7005600
2023-10-11,26.5,27.1200008392334,26.1299991607666,26.200000762939453,24.691268920898438,7150100
2023-10-12,26.209999084472656,26.25,25.280000686645508,25.450000762939453,23.984460830688477,8747800
2023-10-13,25.25,25.479999542236328,25.06999969482422,25.3700008392334,23.90906524658203,8373500
2023-10-16,25.450000762939453,25.719999313354492,25.270000457763672,25.610000610351562,24.135244369506836,5992100
2023-10-17,25.479999542236328,25.969999313354492,25.459999084472656,25.790000915527344,24.30487823486328,4496000
2023-10-18,25.510000228881836,25.520000457763672,24.65999984741211,24.700000762939453,23.277647018432617,7448300
2023-10-19,24.65999984741211,24.969999313354492,24.350000381469727,24.3700008392334,22.966651916503906,7268500
2023-10-20,24.25,24.530000686645508,24.1200008392334,24.200000762939453,22.806440353393555,7522000
2023-10-23,24.09000015258789,25.0,23.959999084472656,24.290000915527344,22.891260147094727,6910400
2023-10-24,24.360000610351562,24.469999313354492,23.829999923706055,23.899999618530273,22.523714065551758,6445100
2023-10-25,23.950000762939453,24.040000915527344,23.579999923706055,23.600000381469727,22.240991592407227,10493300
2023-10-26,23.5,24.09000015258789,22.81999969482422,23.389999389648438,22.043087005615234,12871600
2023-10-27,22.899999618530273,23.329999923706055,22.219999313354492,22.34000015258789,21.05354881286621,11576700
2023-10-30,22.420000076293945,22.559999465942383,22.010000228881836,22.510000228881836,21.21375846862793,13309200
2023-10-31,22.34000015258789,22.489999771118164,21.920000076293945,22.229999542236328,20.949880599975586,12171000
2023-11-01,22.079999923706055,22.469999313354492,21.90999984741211,22.229999542236328,20.949880599975586,8540300
2023-11-02,22.56999969482422,23.18000030517578,22.440000534057617,23.15999984741211,21.82632827758789,6854700
2023-11-03,23.579999923706055,23.940000534057617,23.389999389648438,23.700000762939453,22.33523178100586,10929200
2023-11-06,23.889999389648438,23.989999771118164,23.25,23.530000686645508,22.175024032592773,6043000
2023-11-07,23.600000381469727,23.690000534057617,23.25,23.559999465942383,22.203290939331055,4873700
2023-11-08,23.68000030517578,24.329999923706055,23.639999389648438,23.989999771118164,22.60853385925293,7208400
2023-11-09,24.15999984741211,24.25,23.309999465942383,23.350000381469727,22.005386352539062,6642300
2023-11-10,23.149999618530273,23.309999465942383,22.68000030517578,23.15999984741211,21.82632827758789,6778100
2023-11-13,22.700000762939453,23.25,22.579999923706055,23.09000015258789,21.760358810424805,5050400
2023-11-14,23.6200008392334,24.3700008392334,23.459999084472656,24.299999237060547,22.90067481994629,8732200
2023-11-15,24.43000030517578,25.049999237060547,24.389999389648438,24.940000534057617,23.503828048706055,9043600
2023-11-16,24.889999389648438,25.079999923706055,24.18000030517578,24.290000915527344,22.891260147094727,6907700
2023-11-17,24.489999771118164,24.850000381469727,24.239999771118164,24.809999465942383,23.381311416625977,6824400
2023-11-20,24.760000228881836,25.219999313354492,24.520000457763672,25.1299991607666,23.682886123657227,6246000
2023-11-21,24.950000762939453,25.079999923706055,24.510000228881836,24.6299991607666,23.211673736572266,5898600
2023-11-22,25.100000381469727,25.350000381469727,24.5,24.709999084472656,23.28706932067871,7513900
2023-11-24,24.81999969482422,24.940000534057617,24.65999984741211,24.8700008392334,23.4378604888916,2240300
2023-11-27,24.760000228881836,24.84000015258789,24.31999969482422,24.440000534057617,23.03261947631836,7367300
2023-11-28,24.420000076293945,24.860000610351562,24.219999313354492,24.81999969482422,23.390737533569336,4760400
2023-11-29,25.049999237060547,25.670000076293945,25.0,25.329999923706055,23.871366500854492,9195800
2023-11-30,25.469999313354492,25.6200008392334,25.06999969482422,25.56999969482422,24.097545623779297,6874300
2023-12-01,25.610000610351562,26.690000534057617,25.540000915527344,26.690000534057617,25.153053283691406,7864100
2023-12-04,26.65999984741211,27.31999969482422,26.420000076293945,27.299999237060547,25.727924346923828,12285200
2023-12-05,27.149999618530273,27.299999237060547,26.829999923706055,27.170000076293945,25.605411529541016,8641100
2023-12-06,27.649999618530273,28.43000030517578,27.469999313354492,27.989999771118164,26.37819480895996,11001200
2023-12-07,28.65999984741211,29.59000015258789,28.6299991607666,29.15999984741211,27.480819702148438,15404500
2023-12-08,28.950000762939453,29.200000762939453,28.649999618530273,29.06999969482422,27.3960018157959,8752800
2023-12-11,29.020000457763672,29.360000610351562,28.770000457763672,29.34000015258789,27.650453567504883,8349700
2023-12-12,29.450000762939453,30.489999771118164,29.309999465942383,30.309999465942383,28.564592361450195,12983000
2023-12-13,29.579999923706055,29.6200008392334,28.1299991607666,29.149999618530273,27.471393585205078,22269800
2023-12-14,29.350000381469727,30.239999771118164,29.229999542236328,29.760000228881836,28.0462646484375,11860200
2023-12-15,29.700000762939453,29.809999465942383,28.889999389648438,29.010000228881836,27.33945655822754,14737200
2023-12-18,28.8799991607666,29.049999237060547,28.3799991607666,28.969999313354492,27.301759719848633,7778200
2023-12-19,29.1200008392334,29.719999313354492,29.079999923706055,29.520000457763672,27.82008934020996,7858500
2023-12-20,29.170000076293945,29.770000457763672,29.010000228881836,29.06999969482422,27.56407356262207,7398600
2023-12-21,29.540000915527344,30.010000228881836,29.31999969482422,29.600000381469727,28.066621780395508,7282900
2023-12-22,29.649999618530273,29.860000610351562,29.360000610351562,29.5,27.971797943115234,6409600
2023-12-26,29.43000030517578,29.56999969482422,29.1200008392334,29.149999618530273,27.639930725097656,5185200
2023-12-27,29.18000030517578,29.290000915527344,28.8799991607666,29.209999084472656,27.696819305419922,4668500
2023-12-28,29.100000381469727,29.420000076293945,29.040000915527344,29.3799991607666,27.858015060424805,4285300
2023-12-29,29.260000228881836,29.260000228881836,28.84000015258789,28.8799991607666,27.3839168548584,5699600
2024-01-02,28.600000381469727,29.040000915527344,28.209999084472656,28.479999542236328,27.004640579223633,6689600
2024-01-03,27.860000610351562,28.010000228881836,27.25,27.309999465942383,25.89525032043457,8192900
2024-01-04,27.3700008392334,28.020000457763672,27.260000228881836,27.93000030517578,26.483129501342773,6785500
2024-01-05,27.850000381469727,29.18000030517578,27.809999465942383,29.149999618530273,27.639930725097656,10576500
2024-01-08,29.0,29.479999542236328,28.850000381469727,29.1200008392334,27.61148452758789,10686400
2024-01-09,29.049999237060547,29.579999923706055,28.8799991607666,29.31999969482422,27.801122665405273,5474900
2024-01-10,29.299999237060547,29.920000076293945,29.190000534057617,29.709999084472656,28.170915603637695,7210400
2024-01-11,29.56999969482422,29.8799991607666,29.06999969482422,29.84000015258789,28.294185638427734,6221300
2024-01-12,29.56999969482422,29.56999969482422,28.219999313354492,28.56999969482422,27.089977264404297,9885900
2024-01-16,28.399999618530273,28.81999969482422,27.56999969482422,28.719999313354492,27.232200622558594,9115900
2024-01-17,28.489999771118164,28.920000076293945,28.0,28.110000610351562,26.653806686401367,7425900
2024-01-18,28.25,30.06999969482422,28.170000076293945,30.030000686645508,28.474342346191406,14095200
2024-01-19,30.139999389648438,30.139999389648438,29.219999313354492,29.989999771118164,28.43641471862793,8813800
2024-01-22,30.110000610351562,30.5,29.979999542236328,30.15999984741211,28.59760856628418,8595400
2024-01-23,31.020000457763672,31.489999771118164,30.809999465942383,31.110000610351562,29.498394012451172,10575500
2024-01-24,31.31999969482422,31.389999389648438,30.899999618530273,31.110000610351562,29.498394012451172,9713000
2024-01-25,32.5,32.79999923706055,29.950000762939453,30.389999389648438,28.81569480895996,19606100
2024-01-26,30.530000686645508,31.149999618530273,29.690000534057617,30.09000015258789,28.531238555908203,9929000
2024-01-29,30.170000076293945,30.299999237060547,29.40999984741211,30.209999084472656,28.6450138092041,8250800
2024-01-30,29.809999465942383,30.479999542236328,29.809999465942383,30.190000534057617,28.626054763793945,5357800
2024-01-31,30.100000381469727,30.3700008392334,29.440000534057617,29.889999389648438,28.34159278869629,5956700
2024-02-01,30.09000015258789,30.3799991607666,29.40999984741211,30.18000030517578,28.616573333740234,5977300
2024-02-02,30.040000915527344,30.489999771118164,29.799999237060547,30.3700008392334,28.796730041503906,4983000
2024-02-05,29.93000030517578,30.049999237060547,29.520000457763672,29.75,28.208847045898438,4994000
2024-02-06,29.780000686645508,31.049999237060547,29.6299991607666,31.030000686645508,29.42253875732422,7176800
2024-02-07,30.959999084472656,31.360000610351562,30.65999984741211,30.739999771118164,29.147560119628906,5441000
2024-02-08,30.84000015258789,32.349998474121094,30.649999618530273,32.33000183105469,30.65519905090332,10891100
2024-02-09,32.279998779296875,32.63999938964844,31.799999237060547,32.4900016784668,30.806909561157227,8162100
2024-02-12,32.369998931884766,33.2400016784668,32.16999816894531,32.790000915527344,31.091367721557617,8819000
2024-02-13,32.38999938964844,32.7400016784668,31.920000076293945,32.529998779296875,30.844833374023438,6266900
2024-02-14,32.84000015258789,33.939998626708984,32.630001068115234,33.75,32.00163269042969,9684200
2024-02-15,33.97999954223633,34.720001220703125,33.86000061035156,34.209999084472656,32.43779754638672,7801600
2024-02-16,33.939998626708984,34.650001525878906,33.66999816894531,33.93000030517578,32.17230987548828,7230600
2024-02-20,34.310001373291016,35.060001373291016,33.810001373291016,33.86000061035156,32.10593032836914,8855400
2024-02-21,33.709999084472656,34.560001373291016,33.61000061035156,34.540000915527344,32.75071334838867,7133500
2024-02-22,34.77000045776367,35.18000030517578,34.209999084472656,34.2400016784668,32.466251373291016,8326400
2024-02-23,34.349998474121094,34.40999984741211,33.68000030517578,33.779998779296875,32.03007888793945,5477600
2024-02-26,33.869998931884766,34.56999969482422,33.790000915527344,34.150001525878906,32.38090896606445,7350800
2024-02-27,34.400001525878906,34.59000015258789,34.20000076293945,34.52000045776367,32.73175048828125,4822100
2024-02-28,34.20000076293945,34.560001373291016,34.15999984741211,34.470001220703125,32.68433380126953,3604700
2024-02-29,34.619998931884766,34.84000015258789,34.220001220703125,34.27000045776367,32.494693756103516,5300800
2024-03-01,34.2400016784668,34.36000061035156,33.63999938964844,33.959999084472656,32.20075607299805,6373300
2024-03-04,33.91999816894531,34.400001525878906,33.41999816894531,34.11000061035156,32.34298324584961,6115600
2024-03-05,33.689998626708984,34.47999954223633,33.61000061035156,34.40999984741211,32.80052947998047,4151700
2024-03-06,34.5,34.9900016784668,34.380001068115234,34.560001373291016,32.94351577758789,5647100
2024-03-07,34.61000061035156,34.900001525878906,34.5099983215332,34.83000183105469,33.200889587402344,4066700
2024-03-08,34.900001525878906,35.04999923706055,34.060001373291016,34.2599983215332,32.65755081176758,5874400
2024-03-11,34.33000183105469,34.33000183105469,33.47999954223633,33.779998779296875,32.19999694824219,5322100
2024-03-12,30.75,30.780000686645508,28.520000457763672,28.760000228881836,27.41480255126953,41071100
2024-03-13,28.729999542236328,28.979999542236328,28.139999389648438,28.280000686645508,26.95725440979004,19863300
2024-03-14,28.229999542236328,28.25,27.760000228881836,28.110000610351562,26.79520606994629,10585800
2024-03-15,28.020000457763672,28.3700008392334,27.959999084472656,28.350000381469727,27.02398109436035,11567600
2024-03-18,28.25,28.31999969482422,27.889999389648438,28.010000228881836,26.699880599975586,6885000
2024-03-19,28.020000457763672,28.229999542236328,27.90999984741211,28.170000076293945,26.852397918701172,6300400
2024-03-20,28.270000457763672,28.899999618530273,28.1299991607666,28.84000015258789,27.491060256958008,7483700
2024-03-21,28.760000228881836,28.93000030517578,28.290000915527344,28.68000030517578,27.338542938232422,9416200
2024-03-22,28.709999084472656,28.719999313354492,28.440000534057617,28.450000762939453,27.11930274963379,4534300
2024-03-25,28.420000076293945,28.729999542236328,28.25,28.510000228881836,27.17649269104004,5693600
2024-03-26,28.729999542236328,28.799999237060547,28.389999389648438,28.40999984741211,27.0811710357666,5471400
2024-03-27,28.579999923706055,29.299999237060547,28.510000228881836,29.270000457763672,27.90094757080078,9338600
2024-03-28,29.219999313354492,29.510000228881836,29.1200008392334,29.190000534057617,27.824689865112305,10002800
2024-04-01,29.309999465942383,29.40999984741211,29.100000381469727,29.18000030517578,27.815156936645508,7055700
2024-04-02,28.81999969482422,28.940000534057617,28.040000915527344,28.329999923706055,27.004915237426758,10511900
2024-04-03,28.229999542236328,28.280000686645508,27.969999313354492,28.030000686645508,26.718948364257812,7846800
2024-04-04,28.15999984741211,28.790000915527344,27.899999618530273,27.969999313354492,26.661752700805664,9651200
2024-04-05,27.84000015258789,28.43000030517578,27.799999237060547,28.34000015258789,27.014448165893555,6639200
2024-04-08,28.5,28.860000610351562,28.260000228881836,28.649999618530273,27.30994415283203,6855900
2024-04-09,28.65999984741211,29.059999465942383,28.360000610351562,29.049999237060547,27.69123649597168,7798900
2024-04-10,28.8799991607666,29.149999618530273,27.770000457763672,27.959999084472656,26.652219772338867,10963500
2024-04-11,27.850000381469727,28.6299991607666,27.760000228881836,28.520000457763672,27.18602752685547,6407100
2024-04-12,28.030000686645508,28.18000030517578,27.40999984741211,27.540000915527344,26.25186538696289,11545800
2024-04-15,27.860000610351562,28.190000534057617,27.649999618530273,27.84000015258789,26.53783416748047,7041500
2024-04-16,27.889999389648438,28.139999389648438,27.459999084472656,28.049999237060547,26.738012313842773,7169700
2024-04-17,28.43000030517578,29.030000686645508,28.40999984741211,28.780000686645508,27.433868408203125,7970500
2024-04-18,29.0,29.510000228881836,28.889999389648438,29.059999465942383,27.70077133178711,7554600
2024-04-19,29.15999984741211,29.65999984741211,29.110000610351562,29.3799991607666,28.00580406188965,6911100
2024-04-22,29.489999771118164,29.969999313354492,29.3799991607666,29.729999542236328,28.33942985534668,6526100
2024-04-23,29.309999465942383,29.81999969482422,29.049999237060547,29.459999084472656,28.08205795288086,7002700
2024-04-24,29.440000534057617,29.59000015258789,28.950000762939453,29.299999237060547,27.92954444885254,9632800
2024-04-25,26.8799991607666,27.479999542236328,26.0,27.260000228881836,25.984960556030273,36945300
2024-04-26,27.149999618530273,27.5,26.729999542236328,27.030000686645508,25.765718460083008,16106000
2024-04-29,26.479999542236328,26.940000534057617,26.329999923706055,26.84000015258789,25.584604263305664,15687800
2024-04-30,26.450000762939453,26.56999969482422,25.93000030517578,25.940000534057617,24.726701736450195,13924400
2024-05-01,25.989999771118164,26.200000762939453,25.56999969482422,25.670000076293945,24.46933364868164,12615200
2024-05-02,26.0,26.459999084472656,25.719999313354492,26.40999984741211,25.174718856811523,14758900
2024-05-03,26.43000030517578,26.690000534057617,25.950000762939453,26.149999618530273,24.926877975463867,10950400
2024-05-06,26.25,27.579999923706055,26.219999313354492,27.420000076293945,26.13747787475586,10802900
2024-05-07,27.149999618530273,27.329999923706055,26.8700008392334,27.0,25.737125396728516,7958800
2024-05-08,26.8799991607666,27.290000915527344,26.860000610351562,27.18000030517578,25.90870475769043,6458600
2024-05-09,27.100000381469727,27.3700008392334,26.8799991607666,27.280000686645508,26.004026412963867,7637000
2024-05-10,27.329999923706055,27.479999542236328,27.1200008392334,27.360000610351562,26.080286026000977,6445900
2024-05-13,27.40999984741211,28.34000015258789,27.399999618530273,27.979999542236328,26.671287536621094,9547200
2024-05-14,28.280000686645508,28.3700008392334,27.959999084472656,28.1299991607666,26.814268112182617,7181600
2024-05-15,28.34000015258789,28.34000015258789,27.540000915527344,27.770000457763672,26.47110366821289,8913000
2024-05-16,27.829999923706055,28.15999984741211,27.809999465942383,27.979999542236328,26.671287536621094,6076000
2024-05-17,28.170000076293945,28.270000457763672,27.770000457763672,27.860000610351562,26.556894302368164,6887500
2024-05-20,27.84000015258789,28.219999313354492,27.65999984741211,28.200000762939453,26.880998611450195,6545200
2024-05-21,28.030000686645508,28.170000076293945,27.790000915527344,27.969999313354492,26.661752700805664,6507900
2024-05-22,28.020000457763672,28.299999237060547,27.690000534057617,27.8799991607666,26.575963973999023,6317800
2024-05-23,27.809999465942383,27.860000610351562,26.540000915527344,26.649999618530273,25.403491973876953,11289200
2024-05-24,26.739999771118164,26.8799991607666,26.360000610351562,26.84000015258789,25.584604263305664,7250500
2024-05-28,26.690000534057617,26.950000762939453,26.399999618530273,26.520000457763672,25.27957534790039,8239200
2024-05-29,25.239999771118164,25.670000076293945,24.600000381469727,25.510000228881836,24.316814422607422,15761900
2024-05-30,25.700000762939453,26.15999984741211,25.420000076293945,26.110000610351562,24.888750076293945,10579400
2024-05-31,26.329999923706055,26.979999542236328,26.059999465942383,26.84000015258789,25.584604263305664,8230300
2024-06-03,27.260000228881836,28.299999237060547,27.0,27.690000534057617,26.39484977722168,10037000
2024-06-04,27.59000015258789,28.239999771118164,27.59000015258789,27.799999237060547,26.49970245361328,7389100
2024-06-05,27.829999923706055,28.489999771118164,27.520000457763672,28.459999084472656,27.128833770751953,8974400
2024-06-06,28.479999542236328,28.719999313354492,27.780000686645508,27.850000381469727,26.547367095947266,10698900
2024-06-07,27.770000457763672,27.93000030517578,27.440000534057617,27.75,26.452043533325195,7158900
2024-06-10,29.600000381469727,30.350000381469727,29.350000381469727,29.700000762939453,28.310836791992188,34733100
2024-06-11,29.5,29.600000381469727,28.010000228881836,28.049999237060547,26.738012313842773,12599400
2024-06-12,28.260000228881836,28.770000457763672,28.079999923706055,28.440000534057617,27.10976791381836,9499700
2024-06-13,28.3799991607666,28.739999771118164,27.829999923706055,28.40999984741211,27.0811710357666,7345800
2024-06-14,28.18000030517578,28.440000534057617,27.75,28.3799991607666,27.052576065063477,9994300
2024-06-17,28.34000015258789,28.780000686645508,28.149999618530273,28.770000457763672,27.424333572387695,5924300
2024-06-18,28.65999984741211,28.809999465942383,28.280000686645508,28.43000030517578,27.270858764648438,6030000
2024-06-20,28.270000457763672,28.399999618530273,28.059999465942383,28.059999465942383,26.91594123840332,5464900
2024-06-21,28.110000610351562,28.549999237060547,27.829999923706055,28.360000610351562,27.20370864868164,9054300
2024-06-24,28.389999389648438,28.959999084472656,28.270000457763672,28.489999771118164,27.32840919494629,8090900
2024-06-25,28.56999969482422,28.760000228881836,28.350000381469727,28.510000228881836,27.347593307495117,7059200
2024-06-26,27.540000915527344,28.719999313354492,27.229999542236328,28.450000762939453,27.290042877197266,11383300
2024-06-27,28.209999084472656,28.520000457763672,27.979999542236328,28.469999313354492,27.30922508239746,14298800
2024-06-28,28.5,28.700000762939453,28.100000381469727,28.610000610351562,27.443519592285156,10740000
2024-07-01,28.639999389648438,28.780000686645508,27.729999542236328,28.110000610351562,26.963905334472656,7971300
2024-07-02,28.15999984741211,28.389999389648438,27.90999984741211,28.290000915527344,27.136566162109375,7006000
2024-07-03,28.5,28.799999237060547,28.299999237060547,28.579999923706055,27.41473960876465,8222100
2024-07-05,28.299999237060547,28.549999237060547,26.940000534057617,26.940000534057617,25.84160804748535,16610100
2024-07-08,27.059999465942383,27.469999313354492,26.979999542236328,27.350000381469727,26.23488998413086,8227900
2024-07-09,27.350000381469727,27.709999084472656,27.170000076293945,27.469999313354492,26.349994659423828,7611400
2024-07-10,27.729999542236328,27.84000015258789,27.3799991607666,27.6299991607666,26.50347137451172,12553300
2024-07-11,27.0,27.209999084472656,26.399999618530273,26.969999313354492,25.870384216308594,18376300
2024-07-12,26.93000030517578,27.799999237060547,26.899999618530273,27.530000686645508,26.407554626464844,16401500
2024-07-15,27.729999542236328,27.8799991607666,27.209999084472656,27.709999084472656,26.58021354675293,6907400
2024-07-16,27.84000015258789,28.829999923706055,27.709999084472656,28.709999084472656,27.53944206237793,9487900
2024-07-17,28.170000076293945,28.700000762939453,28.1299991607666,28.31999969482422,27.165342330932617,8420800
2024-07-18,27.979999542236328,28.559999465942383,27.329999923706055,27.40999984741211,26.29244613647461,8297100
2024-07-19,27.420000076293945,27.479999542236328,26.700000762939453,27.18000030517578,26.071823120117188,6706900
2024-07-22,27.010000228881836,27.729999542236328,26.809999465942383,27.65999984741211,26.532255172729492,6579300
2024-07-23,27.75,27.799999237060547,26.850000381469727,27.18000030517578,26.071823120117188,10145000
2024-07-24,27.170000076293945,27.25,26.479999542236328,26.610000610351562,25.525062561035156,9815300
2024-07-25,25.940000534057617,28.56999969482422,25.770000457763672,28.079999923706055,26.93512725830078,21025300
2024-07-26,28.079999923706055,28.1299991607666,27.030000686645508,27.229999542236328,26.119783401489258,13132900
2024-07-29,27.219999313354492,27.260000228881836,26.149999618530273,26.309999465942383,25.237295150756836,15569500
2024-07-30,26.31999969482422,27.3700008392334,26.18000030517578,27.040000915527344,25.937530517578125,15559700
2024-07-31,27.0,27.799999237060547,26.75,26.940000534057617,25.84160804748535,10619300
2024-08-01,27.0,27.149999618530273,26.030000686645508,26.360000610351562,25.285255432128906,12554800
2024-08-02,25.84000015258789,25.850000381469727,24.8799991607666,25.049999237060547,24.02866554260254,16898900
2024-08-05,23.770000457763672,24.469999313354492,23.579999923706055,23.700000762939453,22.733707427978516,15482900
2024-08-06,24.079999923706055,24.729999542236328,23.8700008392334,24.34000015258789,23.347614288330078,9371100
2024-08-07,24.6200008392334,25.040000915527344,24.290000915527344,24.31999969482422,23.328432083129883,8399700
2024-08-08,24.559999465942383,25.309999465942383,24.530000686645508,25.219999313354492,24.191734313964844,10921500
2024-08-09,25.200000762939453,25.40999984741211,25.020000457763672,25.329999923706055,24.29724884033203,17826400
2024-08-12,25.299999237060547,25.8700008392334,25.299999237060547,25.3799991607666,24.3452091217041,18995900
2024-08-13,25.6200008392334,25.760000228881836,25.31999969482422,25.420000076293945,24.383583068847656,10654100
2024-08-14,25.5,25.65999984741211,25.170000076293945,25.3799991607666,24.3452091217041,8199000
2024-08-15,25.790000915527344,26.549999237060547,25.780000686645508,26.540000915527344,25.457918167114258,10219300
2024-08-16,26.40999984741211,26.6200008392334,26.149999618530273,26.329999923706055,25.25647735595703,6910600
2024-08-19,26.3799991607666,26.8799991607666,26.3799991607666,26.729999542236328,25.640167236328125,7598000
2024-08-20,26.790000915527344,26.860000610351562,26.459999084472656,26.520000457763672,25.438732147216797,13967100
2024-08-21,26.729999542236328,26.760000228881836,26.420000076293945,26.579999923706055,25.49628257751465,12040000
2024-08-22,26.75,27.190000534057617,26.559999465942383,26.93000030517578,25.832015991210938,9083500
2024-08-23,27.149999618530273,28.360000610351562,27.040000915527344,28.18000030517578,27.031051635742188,15426600
2024-08-26,28.200000762939453,28.3700008392334,27.979999542236328,28.200000762939453,27.05023765563965,9143400
2024-08-27,28.299999237060547,29.360000610351562,27.989999771118164,29.110000610351562,27.923133850097656,11681500
2024-08-28,28.959999084472656,29.290000915527344,28.260000228881836,28.68000030517578,27.510663986206055,7243200
2024-08-29,28.8799991607666,29.059999465942383,28.649999618530273,28.739999771118164,27.568218231201172,5303200
2024-08-30,28.93000030517578,29.450000762939453,28.84000015258789,28.920000076293945,27.740880966186523,6022900
2024-09-03,29.510000228881836,29.8799991607666,29.209999084472656,29.579999923706055,28.373966217041016,9814100
2024-09-04,29.3799991607666,29.899999618530273,29.290000915527344,29.510000228881836,28.480131149291992,6061100
2024-09-05,29.790000915527344,30.520000457763672,29.6200008392334,29.809999465942383,28.76966094970703,7387200
2024-09-06,29.809999465942383,30.3799991607666,29.43000030517578,29.700000762939453,28.663501739501953,8500100
2024-09-09,29.899999618530273,30.149999618530273,29.3799991607666,29.729999542236328,28.692453384399414,10258200
2024-09-10,29.760000228881836,29.770000457763672,28.25,29.25,28.229204177856445,7386900
2024-09-11,29.389999389648438,29.389999389648438,28.209999084472656,28.809999465942383,27.8045597076416,8536700
2024-09-12,29.299999237060547,29.399999618530273,28.31999969482422,28.8700008392334,27.862468719482422,7681700
2024-09-13,28.989999771118164,29.329999923706055,28.649999618530273,28.68000030517578,27.679096221923828,6012300
2024-09-16,28.649999618530273,28.860000610351562,28.3700008392334,28.540000915527344,27.543983459472656,4350000
2024-09-17,28.75,28.979999542236328,28.18000030517578,28.440000534057617,27.447471618652344,7269100
2024-09-18,28.59000015258789,29.170000076293945,28.3799991607666,28.899999618530273,27.89141845703125,8617900
2024-09-19,29.260000228881836,29.399999618530273,28.829999923706055,28.940000534057617,27.930023193359375,5736300
2024-09-20,29.010000228881836,29.420000076293945,28.700000762939453,29.040000915527344,28.026535034179688,6532600
2024-09-23,29.049999237060547,29.790000915527344,28.829999923706055,29.6299991607666,28.5959415435791,6696700
2024-09-24,29.799999237060547,30.459999084472656,29.559999465942383,29.75,28.711755752563477,9022800
2024-09-25,29.75,30.25,28.360000610351562,28.389999389648438,27.399219512939453,10392600
2024-09-26,30.239999771118164,31.639999389648438,29.739999771118164,29.93000030517578,28.885475158691406,27608000
2024-09-27,30.209999084472656,30.600000381469727,29.450000762939453,29.530000686645508,28.499435424804688,11657600
2024-09-30,29.520000457763672,29.950000762939453,29.399999618530273,29.6299991607666,28.5959415435791,9592600
2024-10-01,29.549999237060547,30.209999084472656,29.049999237060547,29.8799991607666,28.837221145629883,9465900
2024-10-02,29.610000610351562,29.649999618530273,29.15999984741211,29.56999969482422,28.538036346435547,7088700
2024-10-03,30.079999923706055,30.950000762939453,30.020000457763672,30.510000228881836,29.445232391357422,10322100
2024-10-04,31.450000762939453,32.20000076293945,30.950000762939453,31.25,30.159408569335938,9565300
2024-10-07,31.15999984741211,31.3700008392334,30.75,31.040000915527344,29.956735610961914,5292500
2024-10-08,31.34000015258789,31.59000015258789,30.489999771118164,30.670000076293945,29.599651336669922,7657700
2024-10-09,31.0,31.3799991607666,30.510000228881836,30.639999389648438,29.570695877075195,6665800
2024-10-10,30.040000915527344,30.799999237060547,30.010000228881836,30.360000610351562,29.300466537475586,4603600
2024-10-11,30.040000915527344,30.739999771118164,29.969999313354492,30.6200008392334,29.5513973236084,4451400
2024-10-14,30.75,30.850000381469727,29.969999313354492,30.3700008392334,29.310121536254883,5805600
2024-10-15,31.0,31.149999618530273,30.440000534057617,30.489999771118164,29.425931930541992,5410000
2024-10-16,30.649999618530273,31.239999771118164,30.520000457763672,30.90999984741211,29.83127212524414,6313300
2024-10-17,30.829999923706055,30.829999923706055,29.989999771118164,30.09000015258789,29.039894104003906,7515000
2024-10-18,30.18000030517578,31.18000030517578,29.950000762939453,30.979999542236328,29.89883041381836,8078900
2024-10-21,30.56999969482422,30.790000915527344,30.170000076293945,30.440000534057617,29.37767791748047,7617900
2024-10-22,30.3700008392334,30.75,30.020000457763672,30.489999771118164,29.425931930541992,9247100
2024-10-23,30.459999084472656,30.790000915527344,30.280000686645508,30.729999542236328,29.65755271911621,6683000
2024-10-24,30.549999237060547,30.760000228881836,28.579999923706055,29.020000457763672,28.007232666015625,16801800
2024-10-25,29.3700008392334,29.639999389648438,29.1299991607666,29.43000030517578,28.402923583984375,9321800
2024-10-28,29.940000534057617,30.440000534057617,29.450000762939453,30.299999237060547,29.242563247680664,13045900
2024-10-29,30.030000686645508,31.149999618530273,29.81999969482422,31.030000686645508,29.947084426879883,9444700
2024-10-30,31.09000015258789,31.84000015258789,31.059999465942383,31.469999313354492,30.371726989746094,7542700
2024-10-31,31.469999313354492,31.68000030517578,30.510000228881836,30.579999923706055,29.512788772583008,6561000
2024-11-01,30.739999771118164,31.040000915527344,30.530000686645508,30.610000610351562,29.541744232177734,6158200
2024-11-04,30.549999237060547,30.84000015258789,29.899999618530273,29.90999984741211,28.866172790527344,5578300
2024-11-05,29.959999084472656,30.639999389648438,29.93000030517578,30.6299991607666,29.561044692993164,5793400
2024-11-06,31.479999542236328,31.899999618530273,30.989999771118164,31.389999389648438,30.294519424438477,8178400
2024-11-07,31.15999984741211,31.600000381469727,31.049999237060547,31.260000228881836,30.16905975341797,5654500
2024-11-08,31.3700008392334,31.8799991607666,31.25,31.780000686645508,30.670909881591797,4071200
2024-11-11,31.899999618530273,32.939998626708984,31.700000762939453,32.650001525878906,31.510549545288086,7113700
2024-11-12,32.220001220703125,32.540000915527344,31.549999237060547,32.029998779296875,30.91218376159668,6546300
2024-11-13,31.8799991607666,33.150001525878906,31.8799991607666,32.380001068115234,31.24997329711914,7172300
2024-11-14,32.54999923706055,33.08000183105469,32.290000915527344,32.41999816894531,31.288572311401367,6263500
2024-11-15,32.25,32.65999984741211,31.760000228881836,32.599998474121094,31.462295532226562,6251400
2024-11-18,32.599998474121094,32.779998779296875,32.029998779296875,32.33000183105469,31.201719284057617,6988100
2024-11-19,31.920000076293945,32.560001373291016,31.75,32.36000061035156,31.230670928955078,4246300
2024-11-20,32.2400016784668,32.31999969482422,31.450000762939453,31.770000457763672,30.661258697509766,6452700
2024-11-21,31.739999771118164,32.2400016784668,31.610000610351562,31.790000915527344,30.68056297302246,5153300
2024-11-22,31.860000610351562,32.13999938964844,31.68000030517578,31.969999313354492,30.85428237915039,5942600
2024-11-25,32.38999938964844,32.65999984741211,32.220001220703125,32.43000030517578,31.29822540283203,7658900
2024-11-26,31.8799991607666,32.369998931884766,31.790000915527344,31.959999084472656,30.844629287719727,5992900
2024-11-27,31.940000534057617,32.369998931884766,31.709999084472656,32.36000061035156,31.230670928955078,4108200
2024-11-29,32.400001525878906,32.61000061035156,32.16999816894531,32.36000061035156,31.230670928955078,2665100
2024-12-02,32.369998931884766,33.400001525878906,32.31999969482422,33.0,31.84833335876465,10732800
2024-12-03,33.060001373291016,33.650001525878906,32.77000045776367,32.97999954223633,31.829030990600586,7750100
2024-12-04,33.20000076293945,34.150001525878906,33.08000183105469,34.150001525878906,32.95820617675781,8240500
2024-12-05,35.459999084472656,36.119998931884766,34.38999938964844,34.84000015258789,33.62411880493164,15580600
2024-12-06,35.20000076293945,35.25,34.060001373291016,34.18000030517578,32.98715591430664,6768100
2024-12-09,34.400001525878906,34.47999954223633,33.810001373291016,33.900001525878906,32.71692657470703,6917700
2024-12-10,34.0,34.20000076293945,33.290000915527344,33.439998626708984,32.272972106933594,6559200
2024-12-11,33.439998626708984,34.06999969482422,33.400001525878906,33.58000183105469,32.4080924987793,8156600
2024-12-12,33.630001068115234,33.77000045776367,33.22999954223633,33.22999954223633,32.07030487060547,5285900
2024-12-13,33.13999938964844,33.38999938964844,32.849998474121094,33.02000045776367,31.86763572692871,5863800
2024-12-16,33.0,33.310001373291016,32.630001068115234,32.689998626708984,31.549152374267578,4297000
2024-12-17,32.5099983215332,33.119998931884766,32.40999984741211,32.810001373291016,31.66497039794922,5417500
2024-12-18,32.810001373291016,33.720001220703125,32.439998626708984,32.470001220703125,31.336830139160156,8729500
2024-12-19,32.779998779296875,33.08000183105469,32.349998474121094,32.779998779296875,31.636005401611328,7319300
2024-12-20,32.529998779296875,33.439998626708984,32.529998779296875,33.279998779296875,32.118560791015625,15017800
2024-12-23,33.22999954223633,33.880001068115234,33.20000076293945,33.86000061035156,32.67831802368164,4774100
2024-12-24,33.84000015258789,34.38999938964844,33.7599983215332,34.349998474121094,33.15121841430664,2272300
2024-12-26,33.849998474121094,34.310001373291016,33.75,34.189998626708984,33.170623779296875,2954500
2024-12-27,33.88999938964844,34.22999954223633,33.79999923706055,34.040000915527344,33.02509689331055,2827100
2024-12-30,33.689998626708984,33.939998626708984,33.209999084472656,33.560001373291016,32.559410095214844,5015800
2024-12-31,33.540000915527344,33.95000076293945,33.529998779296875,33.619998931884766,32.61762237548828,3324600
2025-01-02,33.630001068115234,33.869998931884766,33.2599983215332,33.369998931884766,32.37507629394531,3418600
2025-01-03,33.41999816894531,33.689998626708984,32.349998474121094,33.61000061035156,32.6079216003418,5561700
2025-01-06,33.90999984741211,34.40999984741211,33.7599983215332,33.83000183105469,32.82136154174805,5035200
2025-01-07,33.95000076293945,34.34000015258789,32.56999969482422,32.880001068115234,31.89968490600586,8371200
2025-01-08,32.66999816894531,32.880001068115234,32.15999984741211,32.880001068115234,31.89968490600586,5679400
2025-01-10,33.04999923706055,33.58000183105469,32.689998626708984,33.119998931884766,32.13252258300781,9648900
2025-01-13,32.72999954223633,32.9900016784668,32.2599983215332,32.65999984741211,31.686241149902344,7559900
2025-01-14,32.95000076293945,33.209999084472656,32.720001220703125,33.130001068115234,32.14222717285156,6697800
2025-01-15,33.66999816894531,33.66999816894531,32.66999816894531,32.79999923706055,31.822063446044922,5951800
2025-01-16,32.16999816894531,32.310001373291016,31.200000762939453,32.15999984741211,31.201152801513672,9664400
2025-01-17,32.0,32.33000183105469,31.860000610351562,32.099998474121094,31.14293670654297,10466500
2025-01-21,32.36000061035156,33.33000183105469,32.34000015258789,33.27000045776367,32.27805709838867,8090600
2025-01-22,33.65999984741211,33.7400016784668,31.81999969482422,31.860000610351562,30.910093307495117,12015500
2025-01-23,32.06999969482422,32.25,31.809999465942383,31.93000030517578,30.97800636291504,13108900
2025-01-24,32.029998779296875,32.18000030517578,31.75,32.16999816894531,31.210847854614258,6471400
2025-01-27,32.06999969482422,32.900001525878906,31.93000030517578,32.58000183105469,31.608631134033203,7026800
2025-01-28,32.38999938964844,32.400001525878906,31.709999084472656,31.850000381469727,30.900392532348633,7684400
2025-01-29,31.950000762939453,32.13999938964844,31.459999084472656,31.649999618530273,30.706357955932617,9683700
2025-01-30,31.290000915527344,33.09000015258789,30.950000762939453,31.260000228881836,30.327983856201172,17452000
2025-01-31,31.290000915527344,31.469999313354492,30.510000228881836,30.709999084472656,29.794382095336914,11303400
2025-02-03,30.170000076293945,30.899999618530273,29.950000762939453,30.479999542236328,29.57124137878418,10246900
2025-02-04,30.329999923706055,30.799999237060547,30.139999389648438,30.790000915527344,29.871994018554688,9775000
2025-02-05,30.790000915527344,31.34000015258789,30.579999923706055,30.889999389648438,29.969013214111328,7703400
2025-02-06,31.079999923706055,31.309999465942383,30.75,31.09000015258789,30.16305160522461,7366300
2025-02-07,31.149999618530273,31.209999084472656,30.809999465942383,31.0,30.075735092163086,5575700
2025-02-10,30.93000030517578,30.989999771118164,30.06999969482422,30.1299991607666,29.231672286987305,6131800
2025-02-11,30.18000030517578,30.260000228881836,29.59000015258789,29.770000457763672,28.882408142089844,7409700
2025-02-12,29.649999618530273,29.889999389648438,29.389999389648438,29.8799991607666,28.9891300201416,7807400
2025-02-13,29.850000381469727,30.059999465942383,29.290000915527344,29.93000030517578,29.03763771057129,10098900
2025-02-14,30.09000015258789,30.34000015258789,29.809999465942383,30.280000686645508,29.377201080322266,7018600
2025-02-18,30.829999923706055,30.850000381469727,29.790000915527344,30.0,29.105548858642578,9750500
2025-02-19,29.799999237060547,30.459999084472656,29.739999771118164,30.200000762939453,29.29958724975586,7730600
2025-02-20,30.170000076293945,30.610000610351562,30.049999237060547,30.610000610351562,29.697362899780273,7798500
2025-02-21,30.700000762939453,31.350000381469727,29.68000030517578,29.809999465942383,28.921215057373047,10258700
2025-02-24,30.1299991607666,30.6200008392334,29.899999618530273,30.270000457763672,29.367502212524414,17429400
2025-02-25,30.270000457763672,30.459999084472656,29.920000076293945,30.25,29.348094940185547,9553300
2025-02-26,30.399999618530273,30.90999984741211,30.309999465942383,30.690000534057617,29.774978637695312,8528800
2025-02-27,30.8700008392334,31.1200008392334,30.200000762939453,30.639999389648438,29.726469039916992,6893400
2025-02-28,30.6299991607666,31.149999618530273,30.479999542236328,31.059999465942383,30.133947372436523,6484800
2025-03-03,30.530000686645508,31.239999771118164,30.18000030517578,30.610000610351562,29.697362899780273,8206800
2025-03-04,30.31999969482422,30.31999969482422,29.350000381469727,29.450000762939453,28.571950912475586,11171600
2025-03-05,29.6299991607666,30.059999465942383,29.219999313354492,29.950000762939453,29.057043075561523,10285200
2025-03-06,29.579999923706055,30.139999389648438,29.329999923706055,29.530000686645508,28.649564743041992,7332100
2025-03-07,29.0,29.350000381469727,28.549999237060547,29.200000762939453,28.329404830932617,27553900
2025-03-10,28.649999618530273,28.899999618530273,27.649999618530273,28.18000030517578,27.339815139770508,14082400
2025-03-11,32.279998779296875,32.7400016784668,29.579999923706055,30.530000686645508,29.6197509765625,41161500
2025-03-12,30.420000076293945,30.639999389648438,29.299999237060547,30.100000381469727,29.375764846801758,21634500
2025-03-13,30.520000457763672,31.549999237060547,30.020000457763672,31.0,30.25411033630371,19473900
2025-03-14,31.479999542236328,31.899999618530273,30.8799991607666,31.729999542236328,30.966543197631836,16207300
2025-03-17,31.700000762939453,32.47999954223633,31.600000381469727,32.130001068115234,31.35692024230957,15046000
2025-03-18,32.31999969482422,32.77000045776367,31.899999618530273,32.38999938964844,31.610658645629883,10328600
2025-03-19,32.41999816894531,33.75,32.2599983215332,33.599998474121094,32.79154968261719,13433600
2025-03-20,33.689998626708984,34.43000030517578,33.4900016784668,34.150001525878906,33.32832336425781,14059000
2025-03-21,33.77000045776367,34.88999938964844,33.68000030517578,34.83000183105469,33.99195861816406,21663000
2025-03-24,34.79999923706055,35.0,34.31999969482422,34.84000015258789,34.001712799072266,16493500
2025-03-25,35.0,35.2400016784668,34.38999938964844,34.66999816894531,33.8358039855957,9624800
2025-03-26,34.79999923706055,34.93000030517578,34.0099983215332,34.38999938964844,33.56254196166992,8862400
2025-03-27,34.45000076293945,34.560001373291016,33.900001525878906,33.93000030517578,33.113609313964844,8042400
2025-03-28,34.33000183105469,34.400001525878906,33.349998474121094,33.59000015258789,32.78179168701172,10683700
2025-03-31,32.900001525878906,33.88999938964844,32.77000045776367,33.58000183105469,32.772029876708984,10676700
2025-04-01,32.720001220703125,33.15999984741211,31.290000915527344,31.59000015258789,30.829914093017578,17825800
2025-04-02,31.229999542236328,32.060001373291016,31.209999084472656,31.860000610351562,31.093416213989258,10174700
2025-04-03,30.799999237060547,31.010000228881836,28.850000381469727,28.860000610351562,28.165599822998047,18933600
2025-04-04,28.0,28.1200008392334,25.549999237060547,25.8700008392334,25.247541427612305,23120200
2025-04-07,25.09000015258789,26.989999771118164,24.5,25.959999084472656,25.335376739501953,19196900
2025-04-08,26.34000015258789,26.829999923706055,24.420000076293945,24.75,24.154489517211914,18258300
2025-04-09,24.579999923706055,29.059999465942383,24.31999969482422,28.549999237060547,27.86305809020996,28873500
2025-04-10,27.5,28.059999465942383,25.190000534057617,25.790000915527344,25.16946792602539,13581000
2025-04-11,25.670000076293945,26.239999771118164,24.989999771118164,26.190000534057617,25.559843063354492,13413700
2025-04-14,26.40999984741211,26.459999084472656,25.18000030517578,25.559999465942383,24.94500160217285,12196600
2025-04-15,25.510000228881836,26.6299991607666,25.5,25.809999465942383,25.18898582458496,8975700
2025-04-16,26.020000457763672,26.079999923706055,24.56999969482422,24.860000610351562,24.2618465423584,11604600
2025-04-17,24.8700008392334,25.139999389648438,24.280000686645508,24.739999771118164,24.144729614257812,11520700
2025-04-21,24.420000076293945,24.719999313354492,23.81999969482422,24.040000915527344,23.46157455444336,10956100
2025-04-22,24.479999542236328,24.770000457763672,24.06999969482422,24.75,24.154489517211914,9964200
2025-04-23,25.639999389648438,26.549999237060547,25.260000228881836,25.520000457763672,24.905963897705078,15331300
2025-04-24,24.649999618530273,26.690000534057617,24.6299991607666,26.459999084472656,25.823345184326172,22090000
2025-04-25,26.3799991607666,26.59000015258789,25.889999389648438,26.489999771118164,25.852624893188477,10540100
2025-04-28,26.479999542236328,27.40999984741211,26.260000228881836,26.649999618530273,26.008773803710938,14991400
2025-04-29,26.56999969482422,27.399999618530273,26.5,27.260000228881836,26.604097366333008,26757500
2025-04-30,27.0,28.18000030517578,26.610000610351562,27.959999084472656,27.287254333496094,15887100
2025-05-01,28.18000030517578,28.979999542236328,28.139999389648438,28.579999923706055,27.892335891723633,15584000
2025-05-02,29.209999084472656,30.049999237060547,28.790000915527344,29.850000381469727,29.13178062438965,13782100
2025-05-05,29.649999618530273,30.59000015258789,29.6299991607666,30.079999923706055,29.356245040893555,11880600
2025-05-06,29.700000762939453,30.18000030517578,29.56999969482422,29.84000015258789,29.122020721435547,9472100
2025-05-07,29.829999923706055,30.56999969482422,29.770000457763672,30.280000686645508,29.551433563232422,8138300
2025-05-08,30.639999389648438,31.459999084472656,30.520000457763672,31.06999969482422,30.322423934936523,8522500
2025-05-09,31.25,31.450000762939453,31.010000228881836,31.18000030517578,30.429777145385742,7154100
2025-05-12,32.0,32.779998779296875,31.079999923706055,31.270000457763672,30.51761245727539,12506900
2025-05-13,31.450000762939453,31.709999084472656,31.209999084472656,31.290000915527344,30.53713035583496,11198900
2025-05-14,31.270000457763672,32.529998779296875,31.06999969482422,31.3799991607666,30.62496566772461,14419900
2025-05-15,31.540000915527344,32.029998779296875,31.309999465942383,31.850000381469727,31.08365821838379,8258800
2025-05-16,31.959999084472656,32.810001373291016,31.799999237060547,32.66999816894531,31.883926391601562,10105500
2025-05-19,32.380001068115234,32.869998931884766,31.979999542236328,32.59000015258789,31.805850982666016,10637900
2025-05-20,32.599998474121094,32.88999938964844,32.31999969482422,32.5,31.718015670776367,7045000
2025-05-21,32.189998626708984,32.54999923706055,31.479999542236328,31.760000228881836,30.99582290649414,9982100
2025-05-22,31.670000076293945,31.84000015258789,30.31999969482422,31.209999084472656,30.459054946899414,17704200
2025-05-23,30.579999923706055,31.209999084472656,30.5,30.950000762939453,30.205312728881836,9083300
2025-05-27,31.469999313354492,32.7599983215332,31.440000534057617,32.65999984741211,31.874164581298828,13846200
2025-05-28,32.869998931884766,33.2400016784668,32.59000015258789,32.88999938964844,32.098636627197266,12112800
2025-05-29,33.599998474121094,34.33000183105469,33.439998626708984,33.709999084472656,32.89889907836914,13344400
2025-05-30,33.33000183105469,33.619998931884766,33.08000183105469,33.380001068115234,32.57684326171875,19814600
2025-06-02,33.45000076293945,33.599998474121094,32.83000183105469,33.11000061035156,32.3133430480957,13046200
2025-06-03,32.95000076293945,32.959999084472656,32.470001220703125,32.599998474121094,31.81561279296875,11261000
2025-06-04,32.439998626708984,32.709999084472656,32.16999816894531,32.27000045776367,31.493549346923828,9864300
2025-06-05,32.189998626708984,32.90999984741211,32.18000030517578,32.459999084472656,31.678977966308594,10255100
2025-06-06,32.970001220703125,33.529998779296875,32.84000015258789,33.47999954223633,32.6744384765625,9190600
2025-06-09,33.66999816894531,33.81999969482422,33.15999984741211,33.56999969482422,32.76226806640625,9748100
2025-06-10,33.619998931884766,34.619998931884766,33.52000045776367,34.36000061035156,33.53326416015625,10755400
2025-06-11,34.45000076293945,34.58000183105469,33.2400016784668,33.4900016784668,32.684200286865234,11325800
2025-06-12,32.9900016784668,33.16999816894531,32.40999984741211,32.58000183105469,31.79609489440918,10415800
2025-06-13,31.65999984741211,32.45000076293945,31.399999618530273,31.729999542236328,30.966543197631836,12160600
2025-06-16,32.029998779296875,32.68000030517578,31.860000610351562,32.20000076293945,31.425235748291016,10310300
2025-06-17,31.700000762939453,31.979999542236328,31.15999984741211,31.440000534057617,30.68352508544922,12669000
2025-06-18,31.31999969482422,31.6299991607666,30.920000076293945,31.15999984741211,30.585365295410156,8961500
2025-06-20,31.299999237060547,31.780000686645508,31.139999389648438,31.389999389648438,30.81112289428711,17650900
2025-06-23,31.290000915527344,32.09000015258789,30.719999313354492,31.8799991607666,31.292089462280273,10929000
2025-06-24,32.41999816894531,32.689998626708984,31.719999313354492,31.860000610351562,31.272457122802734,10884400
2025-06-25,31.969999313354492,32.02000045776367,31.229999542236328,31.34000015258789,30.76204490661621,7059800
2025-06-26,31.5,31.690000534057617,31.420000076293945,31.520000457763672,30.93872833251953,6318900
2025-06-27,31.75,32.41999816894531,31.459999084472656,32.15999984741211,31.566926956176758,21619300
2025-06-30,32.400001525878906,32.5099983215332,32.029998779296875,32.439998626708984,31.84176254272461,9701000
2025-07-01,32.209999084472656,33.560001373291016,32.18000030517578,33.40999984741211,32.79387283325195,15871600
2025-07-02,33.709999084472656,34.099998474121094,33.400001525878906,33.9900016784668,33.363182067871094,9172200
2025-07-03,34.0,34.2400016784668,33.86000061035156,34.08000183105469,33.451515197753906,3733400
2025-07-07,34.0,34.45000076293945,33.2599983215332,33.810001373291016,33.186500549316406,8574800
2025-07-08,34.060001373291016,34.47999954223633,33.83000183105469,33.97999954223633,33.35335922241211,7706500
2025-07-09,34.31999969482422,34.83000183105469,34.119998931884766,34.540000915527344,33.90303421020508,9786300
2025-07-10,35.54999923706055,37.849998474121094,35.279998779296875,37.349998474121094,36.66121292114258,23739200
2025-07-11,37.290000915527344,37.5099983215332,36.83000183105469,37.130001068115234,36.445274353027344,10378100
2025-07-14,37.20000076293945,37.7400016784668,37.130001068115234,37.70000076293945,37.004756927490234,10601000
2025-07-15,37.380001068115234,37.66999816894531,37.04999923706055,37.130001068115234,36.445274353027344,9849600
2025-07-16,37.38999938964844,37.599998474121094,36.77000045776367,37.40999984741211,36.72010803222656,8705800
2025-07-17,37.630001068115234,37.959999084472656,36.29999923706055,36.470001220703125,35.79744338989258,15297200
2025-07-18,36.650001525878906,36.7599983215332,36.18000030517578,36.5099983215332,35.836708068847656,8191300
2025-07-21,36.599998474121094,37.279998779296875,36.560001373291016,36.86000061035156,36.18025207519531,9188800
2025-07-22,36.849998474121094,37.41999816894531,36.849998474121094,37.16999816894531,36.48453140258789,10725300
2025-07-23,37.54999923706055,37.849998474121094,37.349998474121094,37.439998626708984,36.74955749511719,12692500
2025-07-24,36.099998474121094,36.25,32.400001525878906,33.2599983215332,32.64664077758789,44107100
2025-07-25,33.349998474121094,33.38999938964844,32.619998931884766,33.209999084472656,32.597564697265625,16999800
2025-07-28,33.0,33.060001373291016,32.119998931884766,32.52000045776367,31.920286178588867,15894400
2025-07-29,32.650001525878906,32.84000015258789,31.09000015258789,31.100000381469727,30.526473999023438,13281700
2025-07-30,31.360000610351562,31.360000610351562,30.450000762939453,30.709999084472656,30.143665313720703,11884200
2025-07-31,30.5,31.290000915527344,30.3700008392334,30.93000030517578,30.359609603881836,13500800
2025-08-01,30.280000686645508,30.309999465942383,29.34000015258789,29.799999237060547,29.25044822692871,12572500
2025-08-04,29.979999542236328,30.18000030517578,29.610000610351562,29.75,29.201370239257812,7020300
2025-08-05,29.850000381469727,30.229999542236328,29.540000915527344,29.920000076293945,29.36823272705078,9324500
2025-08-06,29.93000030517578,30.239999771118164,29.559999465942383,29.709999084472656,29.162105560302734,8836000
2025-08-07,29.93000030517578,30.06999969482422,29.360000610351562,29.559999465942383,29.01487159729004,6313300
2025-08-08,29.940000534057617,30.010000228881836,29.5,29.6200008392334,29.07376480102539,7086000
2025-08-11,29.600000381469727,29.93000030517578,28.979999542236328,29.059999465942383,28.524093627929688,7961200
2025-08-12,29.3799991607666,30.8799991607666,29.329999923706055,30.719999313354492,30.153480529785156,12196500
2025-08-13,30.6299991607666,31.149999618530273,30.399999618530273,30.969999313354492,30.398868560791016,7877000
2025-08-14,30.520000457763672,30.81999969482422,30.219999313354492,30.700000762939453,30.13385009765625,5812700
2025-08-15,30.8700008392334,31.770000457763672,30.75,31.5,30.919097900390625,7885000
2025-08-18,31.34000015258789,31.420000076293945,31.020000457763672,31.309999465942383,30.73259925842285,8090700
2025-08-19,31.350000381469727,31.719999313354492,31.219999313354492,31.59000015258789,31.00743865966797,5219600
2025-08-20,31.229999542236328,31.65999984741211,31.100000381469727,31.18000030517578,30.604997634887695,5368800
2025-08-21,31.0,31.110000610351562,30.549999237060547,31.06999969482422,30.497026443481445,4871900
2025-08-22,31.219999313354492,32.869998931884766,31.219999313354492,32.77000045776367,32.16567611694336,8447700
2025-08-25,32.41999816894531,32.790000915527344,32.41999816894531,32.52000045776367,31.920286178588867,7783200
2025-08-26,32.529998779296875,33.5099983215332,32.4900016784668,33.400001525878906,32.784061431884766,8181800
2025-08-27,33.369998931884766,33.63999938964844,33.029998779296875,33.189998626708984,32.57793045043945,5190100
2025-08-28,33.349998474121094,33.349998474121094,32.54999923706055,32.97999954223633,32.371803283691406,5208300
2025-08-29,33.02000045776367,33.06999969482422,32.630001068115234,32.900001525878906,32.293277740478516,3666000
2025-09-02,32.31999969482422,32.939998626708984,31.709999084472656,32.25,31.65526580810547,7200600
2025-09-03,32.15999984741211,33.349998474121094,32.119998931884766,32.33000183105469,31.911903381347656,4369700
2025-09-04,32.369998931884766,32.68000030517578,30.899999618530273,31.1200008392334,30.717552185058594,10494900
2025-09-05,31.229999542236328,31.860000610351562,30.989999771118164,31.389999389648438,30.98405647277832,8027900
2025-09-08,31.270000457763672,31.860000610351562,31.200000762939453,31.709999084472656,31.29991912841797,9332500
2025-09-09,31.610000610351562,31.68000030517578,30.639999389648438,30.989999771118164,30.589229583740234,6896100
2025-09-10,30.809999465942383,31.43000030517578,30.579999923706055,31.110000610351562,30.70768165588379,7513600
2025-09-11,31.350000381469727,31.84000015258789,30.600000381469727,31.719999313354492,31.309789657592773,11511900
2025-09-12,31.8700008392334,32.459999084472656,31.540000915527344,31.65999984741211,31.250566482543945,10397700
2025-09-15,31.760000228881836,31.790000915527344,31.190000534057617,31.43000030517578,31.023540496826172,8911000
2025-09-16,31.510000228881836,31.709999084472656,30.709999084472656,31.56999969482422,31.16172981262207,8161900
2025-09-17,31.739999771118164,32.630001068115234,31.559999465942383,32.119998931884766,31.70461654663086,10892500
2025-09-18,32.20000076293945,32.400001525878906,31.639999389648438,32.27000045776367,31.852678298950195,9021300
2025-09-19,32.4900016784668,32.75,31.979999542236328,32.52000045776367,32.09944534301758,22410900
2025-09-22,32.25,32.45000076293945,31.90999984741211,32.29999923706055,31.88228988647461,10781200
2025-09-23,32.25,33.40999984741211,32.2400016784668,33.34000015258789,32.908843994140625,12691400
2025-09-24,33.380001068115234,33.900001525878906,32.970001220703125,33.060001373291016,32.63246536254883,8455100
2025-09-25,32.880001068115234,32.880001068115234,31.65999984741211,31.93000030517578,31.51707649230957,9892700
2025-09-26,32.13999938964844,32.599998474121094,32.0,32.529998779296875,32.10931396484375,6824700
2025-09-29,32.7599983215332,33.060001373291016,32.40999984741211,32.7599983215332,32.336341857910156,9139200
2025-09-30,32.83000183105469,32.88999938964844,30.770000457763672,31.90999984741211,31.497333526611328,10283400
2025-10-01,31.989999771118164,32.54999923706055,31.809999465942383,32.279998779296875,31.862550735473633,8546700
2025-10-02,32.279998779296875,32.58000183105469,31.84000015258789,32.310001373291016,31.89216423034668,7438900
2025-10-03,32.75,33.4900016784668,32.5099983215332,32.52000045776367,32.09944534301758,9214100
2025-10-06,32.540000915527344,32.709999084472656,31.770000457763672,32.58000183105469,32.15867233276367,6908500
2025-10-07,32.56999969482422,32.7599983215332,32.09000015258789,32.38999938964844,31.97112464904785,8065900
2025-10-08,32.65999984741211,32.70000076293945,32.11000061035156,32.45000076293945,32.03035354614258,7688800
2025-10-09,33.529998779296875,33.72999954223633,31.469999313354492,31.68000030517578,31.270307540893555,10590300
2025-10-10,31.850000381469727,32.630001068115234,31.059999465942383,31.290000915527344,30.885353088378906,7987400
2025-10-13,31.729999542236328,32.31999969482422,31.559999465942383,31.899999618530273,31.487462997436523,4892700
2025-10-14,31.520000457763672,33.630001068115234,31.420000076293945,33.41999816894531,32.98780822753906,11028900
2025-10-15,33.75,33.880001068115234,33.25,33.560001373291016,33.125999450683594,7429100
2025-10-16,33.66999816894531,34.04999923706055,32.84000015258789,33.290000915527344,32.85948944091797,11017200
2025-10-17,33.22999954223633,33.79999923706055,33.189998626708984,33.52000045776367,33.086517333984375,8264400
2025-10-20,33.779998779296875,34.66999816894531,33.599998474121094,34.43000030517578,33.984745025634766,7636000
2025-10-21,34.119998931884766,34.97999954223633,34.060001373291016,34.68000030517578,34.231510162353516,9405000
2025-10-22,34.36000061035156,34.75,33.43000030517578,33.7599983215332,33.32340621948242,10576400
2025-10-23,32.81999969482422,33.150001525878906,31.020000457763672,31.649999618530273,31.240697860717773,27807800
2025-10-24,32.04999923706055,32.43000030517578,31.3799991607666,32.20000076293945,31.783584594726562,15189600
2025-10-27,32.459999084472656,32.7400016784668,31.8700008392334,32.25,31.832935333251953,9621300
2025-10-28,32.150001525878906,32.18000030517578,31.030000686645508,31.09000015258789,30.687938690185547,11384700
2025-10-29,31.020000457763672,31.1299991607666,30.459999084472656,30.65999984741211,30.263500213623047,10919900
2025-10-30,30.489999771118164,30.770000457763672,30.049999237060547,30.09000015258789,29.700870513916016,6580200
2025-10-31,30.0,30.389999389648438,29.920000076293945,30.299999237060547,29.90815544128418,8462500
2025-11-03,30.15999984741211,30.760000228881836,29.75,30.43000030517578,30.036474227905273,8815200
2025-11-04,30.030000686645508,30.170000076293945,29.260000228881836,29.670000076293945,29.28630256652832,12954900
2025-11-05,29.799999237060547,31.649999618530273,29.799999237060547,31.6200008392334,31.211084365844727,9061800
2025-11-06,31.59000015258789,31.969999313354492,31.049999237060547,31.510000228881836,31.102508544921875,7749500
2025-11-07,31.15999984741211,32.470001220703125,30.850000381469727,32.45000076293945,32.03035354614258,8647100
2025-11-10,32.75,33.58000183105469,32.470001220703125,32.65999984741211,32.23763656616211,7819100
2025-11-11,32.79999923706055,32.79999923706055,31.790000915527344,31.989999771118164,31.5762996673584,7650900
2025-11-12,32.029998779296875,33.47999954223633,32.029998779296875,33.34000015258789,32.908843994140625,8948800
2025-11-13,33.2400016784668,33.79999923706055,32.869998931884766,33.040000915527344,32.61272048950195,7849200
2025-11-14,32.54999923706055,33.08000183105469,32.41999816894531,32.81999969482422,32.39556121826172,7673600
2025-11-17,32.79999923706055,32.83000183105469,31.56999969482422,31.850000381469727,31.438112258911133,5773700
2025-11-18,31.65999984741211,32.2599983215332,31.530000686645508,31.959999084472656,31.546688079833984,7093400
2025-11-19,32.349998474121094,32.970001220703125,31.780000686645508,31.920000076293945,31.507204055786133,5614400
2025-11-20,32.369998931884766,32.65999984741211,31.149999618530273,31.15999984741211,30.757034301757812,7806000
2025-11-21,31.520000457763672,33.2400016784668,31.309999465942383,32.79999923706055,32.375823974609375,7111200
2025-11-24,33.02000045776367,33.43000030517578,32.790000915527344,33.279998779296875,32.84961700439453,6136600
2025-11-25,33.29999923706055,34.72999954223633,33.029998779296875,34.36000061035156,33.915653228759766,7179100
2025-11-26,34.36000061035156,35.38999938964844,34.22999954223633,35.060001373291016,34.606597900390625,4766200
2025-11-28,35.04999923706055,35.34000015258789,34.779998779296875,34.810001373291016,34.35982894897461,2546100
2025-12-01,34.529998779296875,35.11000061035156,34.279998779296875,34.77000045776367,34.32034683227539,6694000
2025-12-02,34.849998474121094,35.72999954223633,34.439998626708984,35.43000030517578,34.9718132019043,7239000
2025-12-03,35.41999816894531,35.77000045776367,35.290000915527344,35.68000030517578,35.21858215332031,6539400
2025-12-04,35.650001525878906,36.290000915527344,35.119998931884766,35.810001373291016,35.346900939941406,10861300
2025-12-05,35.310001373291016,38.16999816894531,35.310001373291016,37.849998474121094,37.36051559448242,15212300
2025-12-08,38.099998474121094,38.369998931884766,37.380001068115234,37.95000076293945,37.45922088623047,12448300
2025-12-09,37.599998474121094,38.70000076293945,37.54999923706055,38.150001525878906,37.65664291381836,8837400
2025-12-10,38.20000076293945,39.849998474121094,38.09000015258789,39.83000183105469,39.31491470336914,17176500
2025-12-11,39.93000030517578,41.13999938964844,39.77000045776367,40.7400016784668,40.2131462097168,22816800
2025-12-12,41.400001525878906,42.20000076293945,41.09000015258789,41.16999816894531,40.63758087158203,20008600
2025-12-15,41.61000061035156,41.959999084472656,40.90999984741211,41.720001220703125,41.18046951293945,18835600
2025-12-16,42.630001068115234,43.540000915527344,41.91999816894531,42.16999816894531,41.62464904785156,12565100
2025-12-17,42.16999816894531,42.83000183105469,40.97999954223633,40.97999954223633,40.45003890991211,12332900
2025-12-18,41.25,41.83000183105469,40.66999816894531,40.72999954223633,40.20327377319336,10585500
2025-12-19,40.900001525878906,41.349998474121094,40.689998626708984,41.2599983215332,40.726417541503906,17197900
2025-12-22,41.38999938964844,42.34000015258789,41.279998779296875,42.2400016784668,41.69374465942383,7295900
2025-12-23,42.029998779296875,42.65999984741211,41.38999938964844,41.560001373291016,41.02254104614258,8845300
2025-12-24,41.47999954223633,41.72999954223633,41.31999969482422,41.47999954223633,40.943572998046875,2013300
2025-12-26,41.16999816894531,41.630001068115234,41.11000061035156,41.279998779296875,40.923744201660156,5291000
2025-12-29,41.18000030517578,41.70000076293945,40.970001220703125,41.119998931884766,40.7651252746582,4953500
2025-12-30,41.119998931884766,41.56999969482422,41.02000045776367,41.27000045776367,40.91383361816406,6535800
2025-12-31,41.34000015258789,41.65999984741211,41.220001220703125,41.33000183105469,40.97331619262695,6352100
2026-01-02,41.5099983215332,41.84000015258789,40.849998474121094,41.29999923706055,40.943572998046875,6338700
2026-01-05,41.130001068115234,42.79999923706055,41.119998931884766,42.439998626708984,42.073734283447266,7849900
2026-01-06,42.52000045776367,43.20000076293945,42.150001525878906,42.47999954223633,42.11338806152344,7993200
2026-01-07,42.58000183105469,43.189998626708984,42.439998626708984,42.63999938964844,42.27200698852539,10053400
2026-01-08,42.65999984741211,43.380001068115234,42.540000915527344,42.91999816894531,42.549591064453125,8238400
2026-01-09,44.20000076293945,45.02000045776367,43.869998931884766,44.52000045776367,44.13578414916992,12343400
2026-01-12,43.9900016784668,44.0099983215332,43.16999816894531,43.849998474121094,43.47156524658203,8381800
2026-01-13,43.29999923706055,44.43000030517578,42.900001525878906,43.20000076293945,42.827178955078125,7418300
2026-01-14,43.119998931884766,43.720001220703125,41.75,42.54999923706055,42.18278503417969,8868400
2026-01-15,43.0099983215332,43.40999984741211,42.540000915527344,43.099998474121094,42.7280387878418,7874600
2026-01-16,43.060001373291016,43.310001373291016,42.619998931884766,43.119998931884766,42.747867584228516,6841900
2026-01-20,42.470001220703125,43.13999938964844,41.86000061035156,42.380001068115234,42.014251708984375,9655100
2026-01-21,42.849998474121094,43.470001220703125,42.349998474121094,42.849998474121094,42.48019790649414,11975200
2026-01-22,43.119998931884766,43.90999984741211,42.2400016784668,42.439998626708984,42.073734283447266,10195500
2026-01-23,41.810001373291016,42.43000030517578,41.7599983215332,41.95000076293945,41.58796310424805,7012900
2026-01-26,41.869998931884766,42.40999984741211,41.709999084472656,42.029998779296875,41.66727066040039,6183500
2026-01-27,42.04999923706055,42.5,41.20000076293945,41.34000015258789,40.98323059082031,7890600
2026-01-28,41.88999938964844,42.02000045776367,40.68000030517578,40.86000061035156,40.50737380981445,10626300
2026-01-29,43.380001068115234,49.119998931884766,42.68000030517578,48.5,48.08143615722656,34535300
2026-01-30,48.540000915527344,49.849998474121094,47.29999923706055,47.52000045776367,47.109893798828125,14685000
2026-02-02,48.77000045776367,49.79999923706055,48.099998474121094,49.63999938964844,49.21159744262695,13003200
2026-02-03,50.0,51.209999084472656,49.93000030517578,51.189998626708984,50.74821853637695,10884600
2026-02-04,51.54999923706055,52.77000045776367,50.86000061035156,52.59000015258789,52.13614273071289,12376600
2026-02-05,52.529998779296875,52.970001220703125,51.880001068115234,52.5099983215332,52.056827545166016,7803300
2026-02-06,52.849998474121094,54.70000076293945,52.66999816894531,54.2599983215332,53.791725158691406,14795400
2026-02-09,53.81999969482422,54.25,53.099998474121094,53.36000061035156,52.89949417114258,8403300
2026-02-10,53.27000045776367,54.54999923706055,53.189998626708984,54.06999969482422,53.60336685180664,8464700
2026-02-11,54.2400016784668,54.70000076293945,51.22999954223633,51.43000030517578,50.98615264892578,10556400
2026-02-12,52.209999084472656,52.7400016784668,49.79999923706055,50.83000183105469,50.39133071899414,13189800
2026-02-13,51.08000183105469,51.720001220703125,50.209999084472656,51.11000061035156,50.66891098022461,9161900
2026-02-17,52.66999816894531,55.11000061035156,52.63999938964844,54.2599983215332,53.791725158691406,12962200
2026-02-18,53.68000030517578,54.88999938964844,53.150001525878906,54.79999923706055,54.32706832885742,13316600
2026-02-19,54.310001373291016,54.70000076293945,52.0,52.08000183105469,51.63054275512695,9750000
2026-02-20,52.18000030517578,52.40999984741211,51.29999923706055,52.09000015258789,51.64045333862305,7074600
2026-02-23,51.869998931884766,52.369998931884766,50.25,50.900001525878906,50.46072769165039,8914300
2026-02-24,50.68000030517578,51.43000030517578,50.16999816894531,50.63999938964844,50.20296859741211,9321300
2026-02-25,50.709999084472656,50.79999923706055,49.400001525878906,49.88999938964844,49.459442138671875,10176200
2026-02-26,50.56999969482422,51.650001525878906,49.97999954223633,50.93000030517578,50.4904670715332,11230300
2026-02-27,50.72999954223633,50.90999984741211,48.709999084472656,49.2599983215332,48.834877014160156,9146300
2026-03-02,48.0,49.02000045776367,46.95000076293945,48.27000045776367,47.85342025756836,10033400
2026-03-03,46.52000045776367,48.31999969482422,46.02000045776367,47.75,47.33790969848633,12373400
2026-03-04,47.93000030517578,48.38999938964844,46.779998779296875,47.150001525878906,46.74309158325195,7909800
2026-03-05,46.25,46.619998931884766,43.88999938964844,43.900001525878906,43.52113723754883,15598900
2026-03-06,43.0,43.0,40.470001220703125,41.560001373291016,41.201332092285156,14084100
2026-03-09,40.689998626708984,43.11000061035156,38.81999969482422,43.029998779296875,42.65864562988281,14823200
2026-03-10,42.380001068115234,44.61000061035156,42.119998931884766,42.81999969482422,42.45045471191406,10990700
2026-03-11,42.54999923706055,42.93000030517578,41.38999938964844,41.849998474121094,41.48882293701172,7960500
2026-03-12,40.5,40.70000076293945,38.540000915527344,38.61000061035156,38.44213104248047,9838200
2026-03-13,38.959999084472656,39.84000015258789,38.09000015258789,38.75,38.58152389526367,10373400
2026-03-16,39.47999954223633,40.22999954223633,39.34000015258789,40.22999954223633,40.05508804321289,7977800
2026-03-17,40.880001068115234,41.83000183105469,40.66999816894531,41.119998931884766,40.94121551513672,9829800
2026-03-18,40.97999954223633,41.38999938964844,40.02000045776367,40.189998626708984,40.0152587890625,10974100
2026-03-19,39.41999816894531,41.369998931884766,39.349998474121094,40.869998931884766,40.69230270385742,8901500
2026-03-20,40.709999084472656,40.970001220703125,38.880001068115234,39.40999984741211,39.238651275634766,14030000
2026-03-23,40.849998474121094,41.47999954223633,40.279998779296875,40.349998474121094,40.174564361572266,8467900
2026-03-24,39.599998474121094,40.40999984741211,39.20000076293945,39.83000183105469,39.656829833984375,7379800
2026-03-25,40.7400016784668,41.66999816894531,39.81999969482422,40.189998626708984,40.0152587890625,6658600
2026-03-26,39.779998779296875,40.279998779296875,39.0099983215332,39.529998779296875,39.358131408691406,5037200
2026-03-27,38.869998931884766,39.22999954223633,37.11000061035156,37.36000061035156,37.197566986083984,7164800
2026-03-30,37.369998931884766,37.5,36.150001525878906,36.290000915527344,36.13221740722656,6866200
2026-03-31,36.939998626708984,37.869998931884766,36.11000061035156,37.56999969482422,37.406654357910156,8644100
