Date,Open,High,Low,Close,Adj Close,Volume
2016-04-01,93.6500015258789,96.11000061035156,93.5,95.87000274658203,90.0162353515625,5276900
2016-04-04,96.01000213623047,96.0999984741211,94.45999908447266,95.05000305175781,89.24630737304688,4449900
2016-04-05,94.0999984741211,95.41000366210938,93.88999938964844,94.3499984741211,88.58905029296875,5378300
2016-04-06,94.19999694824219,94.83999633789062,93.83999633789062,94.75,89.14413452148438,3334200
2016-04-07,94.16999816894531,94.26000213623047,93.04000091552734,93.51000213623047,87.97750091552734,3046500
2016-04-08,94.08999633789062,94.66000366210938,93.41999816894531,93.79000091552734,88.24092864990234,2564000
2016-04-11,93.91999816894531,94.68000030517578,93.38999938964844,93.47000122070312,87.93989562988281,3858200
2016-04-12,93.76000213623047,93.98999786376953,93.13999938964844,93.86000061035156,88.30680084228516,2673700
2016-04-13,94.5,95.75,94.38999938964844,95.75,90.08496856689453,3698600
2016-04-14,95.72000122070312,96.7699966430664,95.41000366210938,96.16999816894531,90.48011016845703,3292200
2016-04-15,96.25,97.30999755859375,96.13999938964844,96.68000030517578,90.95995330810547,4127600
2016-04-18,96.63999938964844,97.79000091552734,96.5999984741211,97.66999816894531,91.891357421875,3079700
2016-04-19,98.0,98.16000366210938,96.3499984741211,97.23999786376953,91.48680877685547,3635900
2016-04-20,97.66000366210938,98.4000015258789,97.05000305175781,97.9000015258789,92.1077651977539,3627300
2016-04-21,97.94999694824219,98.08999633789062,97.3499984741211,97.54000091552734,91.76905059814453,2913600
2016-04-22,96.38999938964844,98.48999786376953,96.38999938964844,97.44999694824219,91.68439483642578,7176300
2016-04-25,96.79000091552734,97.31999969482422,96.54000091552734,96.9800033569336,91.24220275878906,3276100
2016-04-26,97.16000366210938,97.61000061035156,96.7300033569336,97.2699966430664,91.51504516601562,2929200
2016-04-27,97.23999786376953,98.61000061035156,96.55000305175781,98.37999725341797,92.5593490600586,5211900
2016-04-28,97.94000244140625,100.0,96.7300033569336,97.18000030517578,91.43036651611328,6261400
2016-04-29,96.83000183105469,97.66000366210938,96.08000183105469,96.98999786376953,91.2516098022461,5338500
2016-05-02,97.1500015258789,97.94000244140625,96.48999786376953,97.7699966430664,91.98546600341797,3813100
2016-05-03,97.01000213623047,97.54000091552734,95.91999816894531,96.44999694824219,90.7435531616211,3362100
2016-05-04,95.72000122070312,96.38999938964844,95.2300033569336,96.25,90.55541229248047,3187500
2016-05-05,96.33999633789062,96.83000183105469,95.95999908447266,96.19000244140625,90.49896240234375,2848600
2016-05-06,95.80000305175781,96.76000213623047,95.6500015258789,96.68000030517578,90.95995330810547,2042700
2016-05-09,96.80999755859375,97.25,96.5,96.72000122070312,90.9975814819336,1972600
2016-05-10,96.77999877929688,97.69999694824219,96.69000244140625,97.63999938964844,91.86316680908203,1903500
2016-05-11,97.63999938964844,97.83999633789062,96.36000061035156,96.41000366210938,90.70594024658203,2540600
2016-05-12,96.73999786376953,96.81999969482422,95.23999786376953,95.8499984741211,90.17906951904297,4216800
2016-05-13,95.58999633789062,96.27999877929688,95.13999938964844,95.36000061035156,89.7180404663086,3371600
2016-05-16,95.5999984741211,96.5199966430664,95.44999694824219,96.1500015258789,90.46129608154297,2273600
2016-05-17,95.9800033569336,96.29000091552734,95.26000213623047,95.5999984741211,89.94384002685547,3463300
2016-05-18,95.33000183105469,96.16999816894531,94.87000274658203,95.62999725341797,89.97208404541016,2469900
2016-05-19,95.13999938964844,95.5,94.08000183105469,94.69999694824219,89.09707641601562,2268900
2016-05-20,95.16999816894531,95.88999938964844,95.02999877929688,95.47000122070312,89.8215560913086,2446700
2016-05-23,95.51000213623047,95.7300033569336,94.98999786376953,95.08000183105469,89.45462799072266,2231800
2016-05-24,95.52999877929688,96.73999786376953,95.33000183105469,96.4800033569336,90.77178955078125,2446500
2016-05-25,96.77999877929688,96.9000015258789,96.13999938964844,96.44999694824219,90.7435531616211,2689500
2016-05-26,96.54000091552734,96.7300033569336,96.06999969482422,96.37999725341797,90.67769622802734,1738300
2016-05-27,96.52999877929688,97.18000030517578,96.37999725341797,97.18000030517578,91.43036651611328,2724300
2016-05-31,97.18000030517578,97.19999694824219,95.5999984741211,95.9000015258789,90.2260971069336,4028800
2016-06-01,95.9000015258789,96.54000091552734,95.25,96.41000366210938,90.70594024658203,2677500
2016-06-02,96.2699966430664,96.87999725341797,96.01000213623047,96.87999725341797,91.14811706542969,2662100
2016-06-03,96.20999908447266,96.61000061035156,95.33000183105469,96.02999877929688,90.348388671875,2814800
2016-06-06,96.4000015258789,96.97000122070312,95.9800033569336,96.63999938964844,90.92231750488281,2160700
2016-06-07,96.58999633789062,97.16999816894531,96.44000244140625,96.68000030517578,90.95995330810547,2394900
2016-06-08,96.6500015258789,97.98999786376953,96.56999969482422,97.98999786376953,92.19245147705078,4365200
2016-06-09,97.51000213623047,97.62999725341797,96.9800033569336,97.0199966430664,91.2798080444336,2044700
2016-06-10,96.0,96.08999633789062,94.9000015258789,95.20999908447266,89.57694244384766,4080700
2016-06-13,94.7300033569336,95.62999725341797,94.16000366210938,94.19000244140625,88.61726379394531,3082200
2016-06-14,93.87000274658203,94.33000183105469,93.3499984741211,94.11000061035156,88.54199981689453,5338200
2016-06-15,94.36000061035156,94.5,93.33999633789062,93.33999633789062,87.81756591796875,4025900
2016-06-16,92.93000030517578,94.08999633789062,92.05000305175781,94.08000183105469,88.51376342773438,4976200
2016-06-17,93.9800033569336,94.20999908447266,92.69000244140625,93.29000091552734,87.7705078125,6941700
2016-06-20,94.5,95.18000030517578,94.25,94.3499984741211,88.76779174804688,4949500
2016-06-21,94.68000030517578,95.30000305175781,94.47000122070312,95.11000061035156,89.48284149169922,4203000
2016-06-22,95.2300033569336,95.37999725341797,94.05999755859375,94.05999755859375,88.49492645263672,2876700
2016-06-23,95.1500015258789,95.70999908447266,94.61000061035156,95.70999908447266,90.04736328125,2992400
2016-06-24,91.4800033569336,93.12999725341797,91.13999938964844,91.47000122070312,86.05818939208984,8356800
2016-06-27,90.2699966430664,90.80000305175781,88.81999969482422,89.06999969482422,83.80020141601562,7444800
2016-06-28,90.27999877929688,90.5,89.72000122070312,90.41999816894531,85.07032012939453,4820400
2016-06-29,91.04000091552734,92.20999908447266,90.8499984741211,92.12999725341797,86.67912292480469,3987900
2016-06-30,92.61000061035156,92.73999786376953,87.58999633789062,88.05999755859375,82.8499526977539,12706800
2016-07-01,89.16000366210938,89.4800033569336,88.2699966430664,88.8499984741211,83.59320831298828,8342100
2016-07-05,88.12000274658203,89.33999633789062,87.91999816894531,88.23999786376953,83.01931762695312,7077000
2016-07-06,87.16000366210938,87.58000183105469,86.6500015258789,86.83000183105469,81.86898803710938,9412800
2016-07-07,86.94999694824219,88.31999969482422,86.94999694824219,87.80999755859375,82.79299926757812,4707200
2016-07-08,88.43000030517578,88.69000244140625,87.94000244140625,88.55999755859375,83.50016021728516,5621800
2016-07-11,89.05000305175781,89.30999755859375,88.62999725341797,88.75,83.67930603027344,5274700
2016-07-12,89.08000183105469,90.08000183105469,88.87000274658203,90.0,84.85789489746094,6122200
2016-07-13,90.45999908447266,90.55999755859375,89.63999938964844,90.33999633789062,85.178466796875,3996900
2016-07-14,91.31999969482422,91.6500015258789,90.51000213623047,91.44999694824219,86.22505187988281,4240100
2016-07-15,92.02999877929688,92.02999877929688,90.72000122070312,90.93000030517578,85.7347412109375,3262400
2016-07-18,91.18000030517578,91.63999938964844,90.83999633789062,91.5999984741211,86.36647033691406,3407300
2016-07-19,91.20999908447266,92.41000366210938,91.20999908447266,92.37999725341797,87.10192108154297,3423800
2016-07-20,92.55999755859375,93.44000244140625,92.1500015258789,93.30000305175781,87.96934509277344,3794100
2016-07-21,93.0,93.66999816894531,92.02999877929688,92.45999908447266,87.17733001708984,4305900
2016-07-22,92.66000366210938,93.66000366210938,92.11000061035156,93.66000366210938,88.30878448486328,4348200
2016-07-25,93.5999984741211,93.5999984741211,92.54000091552734,93.0,87.68648529052734,3773500
2016-07-26,92.77999877929688,93.66999816894531,92.75,93.43000030517578,88.09191131591797,4469600
2016-07-27,93.52999877929688,94.30000305175781,92.75,93.75,88.3936538696289,5696800
2016-07-28,95.0,96.5,94.55999755859375,96.01000213623047,90.5245132446289,5209400
2016-07-29,96.06999969482422,96.0999984741211,95.12000274658203,95.23999786376953,89.79850769042969,4364100
2016-08-01,95.2300033569336,95.47000122070312,94.44999694824219,95.06999969482422,89.63821411132812,3512100
2016-08-02,95.02999877929688,95.38999938964844,94.5,95.25,89.80792236328125,3948600
2016-08-03,95.06999969482422,95.44999694824219,94.77999877929688,95.08000183105469,89.64759826660156,3006100
2016-08-04,95.08999633789062,96.05000305175781,94.80000305175781,95.91000366210938,90.43023681640625,2875600
2016-08-05,96.29000091552734,96.94000244140625,96.08999633789062,96.87999725341797,91.34479522705078,2632200
2016-08-08,97.0,97.0999984741211,96.62999725341797,96.77999877929688,91.25052642822266,2873000
2016-08-09,96.62999725341797,97.13999938964844,96.55000305175781,96.69999694824219,91.17508697509766,1937100
2016-08-10,96.72000122070312,96.81999969482422,96.2300033569336,96.29000091552734,90.78852081298828,2004700
2016-08-11,96.5,96.91999816894531,96.16999816894531,96.52999877929688,91.01480102539062,2971100
2016-08-12,95.95999908447266,96.41000366210938,95.51000213623047,96.12000274658203,90.62821960449219,1988600
2016-08-15,96.30999755859375,96.55999755859375,96.06999969482422,96.44000244140625,90.92996215820312,2081200
2016-08-16,96.19999694824219,96.26000213623047,95.45999908447266,95.62000274658203,90.15678405761719,2866200
2016-08-17,95.79000091552734,96.06999969482422,95.02999877929688,95.58999633789062,90.12850189208984,4054700
2016-08-18,95.30000305175781,95.87000274658203,95.06999969482422,95.2699966430664,89.8267822265625,3134200
2016-08-19,95.18000030517578,95.29000091552734,94.41000366210938,95.22000122070312,89.77965545654297,3090800
2016-08-22,95.19000244140625,95.94999694824219,94.94999694824219,95.79000091552734,90.31707763671875,2390800
2016-08-23,96.0,96.76000213623047,95.98999786376953,96.29000091552734,90.78852081298828,3099700
2016-08-24,96.29000091552734,96.47000122070312,95.38999938964844,95.52999877929688,90.07193756103516,2008100
2016-08-25,95.47000122070312,95.80999755859375,95.33000183105469,95.58999633789062,90.12850189208984,1983000
2016-08-26,95.83999633789062,97.0,95.7699966430664,96.47000122070312,90.95822143554688,3123100
2016-08-29,96.44999694824219,96.8499984741211,96.2300033569336,96.77999877929688,91.25052642822266,2590200
2016-08-30,96.79000091552734,97.19000244140625,96.33999633789062,97.08999633789062,91.54278564453125,2634100
2016-08-31,96.80999755859375,97.08999633789062,96.12999725341797,96.62999725341797,91.10909271240234,3499300
2016-09-01,96.66999816894531,97.69999694824219,96.51000213623047,97.62000274658203,92.04255676269531,4198100
2016-09-02,97.4000015258789,98.0999984741211,97.37000274658203,97.88999938964844,92.29708862304688,2572400
2016-09-06,97.80999755859375,98.91000366210938,97.69000244140625,98.79000091552734,93.14568328857422,3879300
2016-09-07,98.48999786376953,99.5999984741211,98.26000213623047,99.56999969482422,93.88109588623047,4198200
2016-09-08,99.44999694824219,100.66999816894531,99.38999938964844,99.9800033569336,94.2676773071289,4605400
2016-09-09,99.08000183105469,99.69000244140625,98.1500015258789,98.1500015258789,92.542236328125,5458500
2016-09-12,97.54000091552734,100.31999969482422,97.48999786376953,100.11000061035156,94.39027404785156,4264300
2016-09-13,99.3499984741211,100.05999755859375,98.9800033569336,99.38999938964844,93.71139526367188,4732200
2016-09-14,99.33999633789062,99.62999725341797,98.37999725341797,98.70999908447266,93.07022857666016,4400300
2016-09-15,98.56999969482422,99.81999969482422,98.44999694824219,99.47000122070312,93.7868423461914,3485700
2016-09-16,99.05000305175781,99.69000244140625,98.58999633789062,99.36000061035156,93.68309783935547,4498800
2016-09-19,99.94999694824219,100.38999938964844,99.41999816894531,99.68000030517578,93.98482513427734,3056900
2016-09-20,100.25,100.91999816894531,100.01000213623047,100.48999786376953,94.74854278564453,3848700
2016-09-21,100.80999755859375,101.30999755859375,99.97000122070312,101.26000213623047,95.47455596923828,3251900
2016-09-22,101.56999969482422,102.2300033569336,101.51000213623047,102.12000274658203,96.28543090820312,3390600
2016-09-23,101.91999816894531,102.0999984741211,101.25,101.66000366210938,95.85171508789062,2759400
2016-09-26,100.81999969482422,101.83000183105469,100.75,101.16000366210938,95.3802719116211,3468900
2016-09-27,101.0,101.6500015258789,100.55999755859375,101.44999694824219,95.6536865234375,3547700
2016-09-28,101.43000030517578,101.58000183105469,100.83000183105469,101.51000213623047,95.71029663085938,3629500
2016-09-29,101.58000183105469,102.30999755859375,100.58999633789062,100.61000061035156,94.86170196533203,3010000
2016-09-30,100.77999877929688,102.2300033569336,100.68000030517578,101.7699966430664,95.95540618896484,5503900
2016-10-03,101.38999938964844,102.37999725341797,101.23999786376953,101.87999725341797,96.05912017822266,3696700
2016-10-04,102.02999877929688,102.20999908447266,101.04000091552734,101.22000122070312,95.43684387207031,2881900
2016-10-05,101.31999969482422,102.66999816894531,101.31999969482422,102.4000015258789,96.73098754882812,3768100
2016-10-06,102.4000015258789,103.16999816894531,102.0199966430664,102.94000244140625,97.2410888671875,3875600
2016-10-07,103.05000305175781,103.48999786376953,101.9800033569336,102.25,96.58932495117188,4225600
2016-10-10,102.69999694824219,103.37000274658203,102.55000305175781,102.6500015258789,96.9671630859375,2376500
2016-10-11,102.54000091552734,102.62999725341797,100.81999969482422,101.3499984741211,95.7391128540039,3412900
2016-10-12,101.55999755859375,101.91000366210938,101.05000305175781,101.36000061035156,95.74857330322266,3467800
2016-10-13,100.75,101.48999786376953,99.77999877929688,100.6500015258789,95.07789611816406,3657400
2016-10-14,101.0999984741211,102.19999694824219,100.80999755859375,100.87999725341797,95.29512786865234,3280200
2016-10-17,100.95999908447266,101.26000213623047,100.62000274658203,100.8499984741211,95.26681518554688,1975500
2016-10-18,101.77999877929688,102.12000274658203,101.05999755859375,101.7300033569336,96.09808349609375,2623700
2016-10-19,101.80000305175781,102.8499984741211,101.62999725341797,102.7300033569336,97.04273223876953,3305200
2016-10-20,102.79000091552734,103.37000274658203,102.3499984741211,102.55000305175781,96.87268829345703,2945300
2016-10-21,102.12999725341797,103.0,101.95999908447266,102.8499984741211,97.15608978271484,3018800
2016-10-24,103.1500015258789,103.91999816894531,102.95999908447266,103.19000244140625,97.47724914550781,2565600
2016-10-25,103.19000244140625,103.23999786376953,102.29000091552734,102.87999725341797,97.18439483642578,4869300
2016-10-26,102.55999755859375,103.45999908447266,102.52999877929688,103.22000122070312,97.50559997558594,3356000
2016-10-27,103.19000244140625,104.30000305175781,103.19000244140625,103.5999984741211,97.86456298828125,5096100
2016-10-28,105.05000305175781,107.83000183105469,104.61000061035156,106.9000015258789,100.98185729980469,9282800
2016-10-31,107.4000015258789,108.93000030517578,106.47000122070312,107.0199966430664,101.09520721435547,5820000
2016-11-01,107.0,107.12000274658203,104.79000091552734,104.95999908447266,99.1492691040039,7076500
2016-11-02,104.27999877929688,105.0,104.0,104.0,98.242431640625,3527500
2016-11-03,103.5199966430664,104.45999908447266,103.51000213623047,103.77999877929688,98.03459930419922,3127300
2016-11-04,103.9000015258789,104.43000030517578,103.02999877929688,103.02999877929688,97.32611846923828,3067200
2016-11-07,104.58000183105469,106.02999877929688,104.52999877929688,105.95999908447266,100.09390258789062,3067500
2016-11-08,105.73999786376953,106.47000122070312,105.52999877929688,105.69999694824219,99.84829711914062,2864300
2016-11-09,104.91000366210938,106.44999694824219,103.86000061035156,106.19000244140625,100.31122589111328,4775000
2016-11-10,106.66000366210938,107.13999938964844,102.44999694824219,104.5,98.7147216796875,6584300
2016-11-11,103.86000061035156,105.05999755859375,103.66000366210938,104.62000274658203,98.82807922363281,3300300
2016-11-14,105.0199966430664,105.0999984741211,100.36000061035156,101.13999938964844,95.54075622558594,7106800
2016-11-15,101.37999725341797,102.98999786376953,101.37999725341797,102.4800033569336,96.80657196044922,4633100
2016-11-16,102.43000030517578,104.0,102.43000030517578,104.0,98.242431640625,4567900
2016-11-17,104.4000015258789,105.25,103.73999786376953,104.44999694824219,98.66748809814453,3096800
2016-11-18,104.6500015258789,105.0999984741211,104.30999755859375,104.77999877929688,98.97924041748047,3275000
2016-11-21,104.77999877929688,106.0,104.69000244140625,105.94000244140625,100.07500457763672,2650800
2016-11-22,106.0,106.12999725341797,104.73999786376953,105.93000030517578,100.06558990478516,4570100
2016-11-23,105.5999984741211,105.91000366210938,104.29000091552734,104.55999755859375,98.77142333984375,4952300
2016-11-25,104.62000274658203,105.7300033569336,104.52999877929688,105.7300033569336,99.87663269042969,1566900
2016-11-28,105.41999816894531,105.41999816894531,103.05000305175781,103.36000061035156,97.63785552978516,5401700
2016-11-29,103.68000030517578,104.37000274658203,103.33999633789062,103.81999969482422,98.0723648071289,3356600
2016-11-30,103.54000091552734,104.27999877929688,101.37999725341797,102.19999694824219,96.54205322265625,6889200
2016-12-01,102.33000183105469,102.58000183105469,99.51000213623047,100.18000030517578,94.63390350341797,5452100
2016-12-02,100.25,101.13999938964844,99.81999969482422,101.0999984741211,95.50296783447266,3981100
2016-12-05,101.87000274658203,103.66999816894531,101.80000305175781,103.55000305175781,97.81733703613281,5427900
2016-12-06,103.81999969482422,103.9800033569336,101.80000305175781,102.0,96.3531265258789,4975200
2016-12-07,103.0199966430664,105.56999969482422,102.62000274658203,105.25,99.42317962646484,5423500
2016-12-08,105.18000030517578,105.48999786376953,103.86000061035156,104.81999969482422,99.01701354980469,3024700
2016-12-09,104.80999755859375,105.0999984741211,104.0,104.41000366210938,98.62971496582031,2541000
2016-12-12,104.33999633789062,104.4000015258789,103.16000366210938,103.27999877929688,97.562255859375,3827700
2016-12-13,103.56999969482422,104.5999984741211,102.94000244140625,103.31999969482422,97.60006713867188,4297700
2016-12-14,102.91000366210938,104.83999633789062,102.91000366210938,103.27999877929688,97.562255859375,3515800
2016-12-15,104.43000030517578,105.70999908447266,104.0,104.3499984741211,98.57302856445312,3774100
2016-12-16,104.81999969482422,104.81999969482422,103.05000305175781,103.43000030517578,97.70394897460938,4659700
2016-12-19,103.69999694824219,104.19999694824219,103.44999694824219,103.54000091552734,97.80787658691406,2980900
2016-12-20,104.05000305175781,104.55999755859375,103.1500015258789,104.54000091552734,98.75253295898438,2354400
2016-12-21,104.4800033569336,104.97000122070312,103.9000015258789,104.16999816894531,98.40299224853516,1952500
2016-12-22,104.43000030517578,104.76000213623047,103.16000366210938,104.30999755859375,98.5352554321289,2463900
2016-12-23,104.30000305175781,105.16000366210938,104.01000213623047,104.70999908447266,98.9131088256836,1610700
2016-12-27,104.9000015258789,105.63999938964844,104.69999694824219,104.80000305175781,98.99812316894531,2160700
2016-12-28,104.69999694824219,104.77999877929688,103.54000091552734,103.68000030517578,97.94011688232422,2552300
2016-12-29,103.80999755859375,104.37000274658203,103.44000244140625,103.7699966430664,98.02513885498047,2858600
2016-12-30,103.86000061035156,104.05999755859375,102.9800033569336,103.25,97.53394317626953,3834700
2017-01-03,104.41000366210938,105.94000244140625,104.11000061035156,105.38999938964844,99.5554428100586,4711300
2017-01-04,105.33999633789062,106.75,104.86000061035156,106.38999938964844,100.5001220703125,3299000
2017-01-05,107.05000305175781,108.1500015258789,106.45999908447266,106.98999786376953,101.27629089355469,3262200
2017-01-06,107.31999969482422,108.11000061035156,106.87000274658203,107.76000213623047,102.00518035888672,3044600
2017-01-09,107.76000213623047,108.1500015258789,107.30999755859375,107.55000305175781,101.80638122558594,2500700
2017-01-10,107.55000305175781,108.56999969482422,106.91999816894531,107.31999969482422,101.58869171142578,3162200
2017-01-11,107.04000091552734,107.8499984741211,106.83000183105469,107.80999755859375,102.0525131225586,2499000
2017-01-12,107.66999816894531,108.86000061035156,107.30999755859375,108.70999908447266,102.90446472167969,3288500
2017-01-13,108.62999725341797,109.4000015258789,108.52999877929688,108.69999694824219,102.89498138427734,4661900
2017-01-17,108.2300033569336,108.86000061035156,107.61000061035156,108.4000015258789,102.61100769042969,2898200
2017-01-18,108.70999908447266,109.22000122070312,107.91000366210938,108.66000366210938,102.85711669921875,2652300
2017-01-19,108.83999633789062,109.37000274658203,108.33000183105469,108.52999877929688,102.73407745361328,1885300
2017-01-20,109.23999786376953,110.0,108.91000366210938,109.95999908447266,104.08770751953125,4173300
2017-01-23,109.66000366210938,109.9800033569336,109.12999725341797,109.62999725341797,103.77532958984375,3678200
2017-01-24,109.80999755859375,110.12999725341797,109.18000030517578,109.91999816894531,104.0498275756836,2899600
2017-01-25,110.66000366210938,111.06999969482422,109.4000015258789,110.19000244140625,104.30542755126953,3848300
2017-01-26,109.97000122070312,110.31999969482422,109.0,109.37999725341797,103.53865051269531,2568700
2017-01-27,109.56999969482422,109.83999633789062,108.91999816894531,109.83999633789062,103.97407531738281,2591600
2017-01-30,109.37000274658203,109.55999755859375,108.0999984741211,109.30000305175781,103.46292877197266,4304400
2017-01-31,105.97000122070312,107.0999984741211,105.5,106.33000183105469,100.65154266357422,6470200
2017-02-01,106.62999725341797,106.75,104.01000213623047,105.0,99.39260864257812,6149100
2017-02-02,104.91999816894531,105.48999786376953,104.61000061035156,105.13999938964844,99.52509307861328,4112000
2017-02-03,106.30999755859375,107.54000091552734,105.5999984741211,106.58000183105469,100.88821411132812,7132600
2017-02-06,106.58000183105469,106.62000274658203,105.69000244140625,106.58999633789062,100.89765930175781,3445100
2017-02-07,107.0,107.1500015258789,106.04000091552734,106.5999984741211,100.90714263916016,3204800
2017-02-08,106.55000305175781,106.9000015258789,105.80000305175781,106.72000122070312,101.02073669433594,2993600
2017-02-09,106.72000122070312,107.54000091552734,106.5,107.30000305175781,101.5697250366211,2679200
2017-02-10,107.55000305175781,107.63999938964844,107.19999694824219,107.2699966430664,101.5413589477539,2078400
2017-02-13,107.69999694824219,108.33000183105469,107.54000091552734,108.27999877929688,102.49744415283203,2337100
2017-02-14,108.01000213623047,109.20999908447266,107.76000213623047,108.87999725341797,103.06539154052734,2336800
2017-02-15,109.0,110.05999755859375,108.7699966430664,109.66000366210938,103.8037109375,2920000
2017-02-16,109.75,110.19999694824219,108.88999938964844,109.30000305175781,103.46292877197266,2146400
2017-02-17,109.23999786376953,110.0,108.9800033569336,109.41999816894531,103.57653045654297,2850900
2017-02-21,109.44999694824219,110.23999786376953,109.33999633789062,110.16000366210938,104.27703094482422,3117200
2017-02-22,109.80000305175781,110.41000366210938,109.16000366210938,109.44000244140625,103.595458984375,3049300
2017-02-23,109.83000183105469,110.75,109.5999984741211,110.73999786376953,104.82604217529297,4162200
2017-02-24,110.54000091552734,111.0,110.19999694824219,111.0,105.0721664428711,2471700
2017-02-27,110.4000015258789,110.98999786376953,109.76000213623047,110.56999969482422,104.66511535644531,2361200
2017-02-28,110.5,110.87000274658203,109.98999786376953,110.45999908447266,104.56098937988281,3367200
2017-03-01,111.41999816894531,112.91999816894531,110.77999877929688,112.30999755859375,106.31218719482422,3218700
2017-03-02,112.19999694824219,112.29000091552734,111.30000305175781,111.33000183105469,105.3845443725586,2690800
2017-03-03,111.29000091552734,111.83999633789062,110.95999908447266,111.73999786376953,105.77264404296875,2938200
2017-03-06,111.13999938964844,111.79000091552734,111.01000213623047,111.36000061035156,105.41291809082031,2175800
2017-03-07,111.37000274658203,111.69999694824219,110.73999786376953,110.95999908447266,105.03429412841797,2474200
2017-03-08,111.29000091552734,111.44999694824219,110.79000091552734,110.9800033569336,105.0532455444336,2355400
2017-03-09,111.08000183105469,111.37000274658203,110.6500015258789,110.79000091552734,104.8733901977539,3195400
2017-03-10,111.44999694824219,111.55000305175781,110.61000061035156,111.20999908447266,105.27095794677734,2735400
2017-03-13,111.29000091552734,111.80000305175781,111.12999725341797,111.52999877929688,105.57382202148438,3123000
2017-03-14,111.33000183105469,111.47000122070312,110.12999725341797,110.48999786376953,104.58939361572266,2891400
2017-03-15,111.05999755859375,112.41999816894531,110.48999786376953,112.0199966430664,106.03768157958984,3305500
2017-03-16,112.11000061035156,112.97000122070312,111.58000183105469,112.66999816894531,106.6529769897461,2746400
2017-03-17,112.8499984741211,113.5,112.76000213623047,112.83000183105469,106.804443359375,4119200
2017-03-20,112.81999969482422,112.98999786376953,111.8499984741211,112.41000366210938,106.40686798095703,2435400
2017-03-21,112.41000366210938,112.7699966430664,110.43000030517578,110.70999908447266,104.79765319824219,3734000
2017-03-22,110.98999786376953,111.91000366210938,110.79000091552734,111.44999694824219,105.49812316894531,2576200
2017-03-23,111.30999755859375,112.44999694824219,111.2699966430664,111.5999984741211,105.64012145996094,3107000
2017-03-24,111.97000122070312,112.47000122070312,111.66999816894531,111.9800033569336,105.99980163574219,3221900
2017-03-27,110.69999694824219,112.30000305175781,110.33000183105469,111.94000244140625,105.96196746826172,2724200
2017-03-28,111.80999755859375,112.75,111.47000122070312,112.47000122070312,106.46363830566406,2986100
2017-03-29,112.02999877929688,112.33000183105469,111.5199966430664,112.05999755859375,106.07554626464844,1783800
2017-03-30,112.0,112.69999694824219,111.56999969482422,112.66999816894531,106.6529769897461,2029400
2017-03-31,112.62000274658203,113.18000030517578,112.44000244140625,112.47000122070312,106.46363830566406,2507700
2017-04-03,112.69999694824219,112.97000122070312,111.36000061035156,112.23999786376953,106.24594116210938,3170100
2017-04-04,112.2300033569336,112.8499984741211,111.9000015258789,112.08999633789062,106.10392761230469,2169700
2017-04-05,112.25,113.18000030517578,111.9000015258789,112.06999969482422,106.29362487792969,2486600
2017-04-06,112.06999969482422,112.61000061035156,111.70999908447266,112.43000030517578,106.63509368896484,2238500
2017-04-07,112.18000030517578,112.75,111.83999633789062,112.23999786376953,106.45487976074219,1995100
2017-04-10,112.29000091552734,113.06999969482422,112.29000091552734,112.31999969482422,106.53074645996094,1862800
2017-04-11,111.9000015258789,112.56999969482422,111.47000122070312,112.11000061035156,106.33158111572266,2045800
2017-04-12,111.6500015258789,112.30000305175781,111.3499984741211,111.47000122070312,105.7245864868164,2651200
2017-04-13,111.2300033569336,112.19000244140625,111.01000213623047,111.22000122070312,105.4874496459961,2690300
2017-04-17,111.7699966430664,112.73999786376953,111.52999877929688,112.66999816894531,106.86272430419922,1731200
2017-04-18,112.48999786376953,113.16999816894531,112.0999984741211,112.5199966430664,106.7204360961914,2141000
2017-04-19,112.48999786376953,113.16000366210938,112.11000061035156,112.29000091552734,106.50231170654297,2242400
2017-04-20,112.9000015258789,114.9000015258789,112.66999816894531,114.58999633789062,108.68376922607422,3459600
2017-04-21,114.80000305175781,115.61000061035156,114.01000213623047,114.2699966430664,108.38023376464844,4067400
2017-04-24,115.80000305175781,115.98999786376953,115.0,115.69999694824219,109.73652648925781,3207800
2017-04-25,116.3499984741211,116.4800033569336,115.88999938964844,116.12999725341797,110.14436340332031,2873700
2017-04-26,116.05000305175781,116.55999755859375,115.94999694824219,116.16999816894531,110.18232727050781,2202700
2017-04-27,116.51000213623047,117.30999755859375,116.12000274658203,117.0999984741211,111.06439208984375,3350800
2017-04-28,116.79000091552734,117.37000274658203,116.06999969482422,116.31999969482422,110.3245849609375,3536000
2017-05-01,116.54000091552734,117.29000091552734,116.22000122070312,116.37000274658203,110.37200927734375,3556600
2017-05-02,117.83000183105469,119.70999908447266,117.6500015258789,118.12000274658203,112.03181457519531,6802600
2017-05-03,118.16999816894531,118.52999877929688,116.55000305175781,117.33000183105469,111.28256225585938,3640900
2017-05-04,117.55000305175781,118.08000183105469,116.9000015258789,117.91999816894531,111.84211730957031,2560400
2017-05-05,118.2699966430664,118.37999725341797,117.19999694824219,117.5,111.44376373291016,2335900
2017-05-08,117.70999908447266,117.70999908447266,116.38999938964844,116.61000061035156,110.59964752197266,2562400
2017-05-09,116.62999725341797,116.91000366210938,116.04000091552734,116.41000366210938,110.40995025634766,2350700
2017-05-10,116.11000061035156,116.7699966430664,116.01000213623047,116.6500015258789,110.6375961303711,1812500
2017-05-11,116.58000183105469,116.87999725341797,115.77999877929688,116.52999877929688,110.52379608154297,2239000
2017-05-12,116.33000183105469,117.22000122070312,116.1500015258789,117.12999725341797,111.09281921386719,3195200
2017-05-15,117.36000061035156,118.55999755859375,117.08999633789062,118.20999908447266,112.11717224121094,2998200
2017-05-16,118.26000213623047,118.56999969482422,117.69999694824219,118.48999786376953,112.38273620605469,2375700
2017-05-17,117.29000091552734,117.91000366210938,116.6500015258789,116.80000305175781,110.77986907958984,4195000
2017-05-18,115.93000030517578,116.6500015258789,115.55000305175781,116.23999786376953,110.24868774414062,5088400
2017-05-19,116.91999816894531,117.88999938964844,116.51000213623047,117.58000183105469,111.51964569091797,4360500
2017-05-22,117.80000305175781,119.0999984741211,117.58000183105469,119.0,112.86644744873047,2578200
2017-05-23,119.04000091552734,119.93000030517578,118.97000122070312,119.5999984741211,113.43553924560547,2857100
2017-05-24,119.5999984741211,120.72000122070312,119.52999877929688,120.69999694824219,114.47883605957031,2509000
2017-05-25,121.0199966430664,122.4800033569336,120.94999694824219,121.91999816894531,115.63594818115234,4689200
2017-05-26,121.91000366210938,122.08000183105469,121.31999969482422,121.62999725341797,115.36089324951172,2141600
2017-05-30,121.29000091552734,121.79000091552734,121.02999877929688,121.6500015258789,115.3798599243164,3405500
2017-05-31,121.9000015258789,122.9800033569336,121.1500015258789,122.87999725341797,116.54647064208984,4708500
2017-06-01,122.80000305175781,123.4000015258789,122.11000061035156,123.4000015258789,117.0396728515625,3279000
2017-06-02,123.38999938964844,125.30000305175781,123.3499984741211,125.19999694824219,118.74687194824219,3731900
2017-06-05,125.54000091552734,126.19000244140625,125.25,125.9000015258789,119.41082000732422,4617400
2017-06-06,125.54000091552734,125.94000244140625,124.9800033569336,125.23999786376953,118.78482055664062,2712100
2017-06-07,125.4800033569336,125.87999725341797,124.7699966430664,125.19000244140625,118.7374267578125,3219700
2017-06-08,125.0,125.4000015258789,124.05999755859375,124.76000213623047,118.32958221435547,3332400
2017-06-09,124.91999816894531,124.94000244140625,121.70999908447266,123.04000091552734,116.6982192993164,3556700
2017-06-12,121.9800033569336,122.08999633789062,120.19999694824219,120.76000213623047,114.5357437133789,6574200
2017-06-13,121.23999786376953,122.70999908447266,121.08999633789062,122.31999969482422,116.01532745361328,3938200
2017-06-14,122.8499984741211,123.16000366210938,121.76000213623047,122.5,116.18608856201172,2940000
2017-06-15,121.06999969482422,121.62999725341797,119.88999938964844,121.41999816894531,115.16172790527344,3492600
2017-06-16,121.48999786376953,122.19999694824219,120.72000122070312,121.95999908447266,115.67389678955078,3804900
2017-06-19,122.62999725341797,123.12000274658203,122.26000213623047,123.08999633789062,116.74565124511719,2547100
2017-06-20,122.88999938964844,123.7699966430664,122.66999816894531,122.93000030517578,116.59388732910156,3015300
2017-06-21,123.54000091552734,123.54000091552734,122.44000244140625,123.0999984741211,116.75513458251953,2384100
2017-06-22,122.87000274658203,123.5199966430664,122.29000091552734,123.30000305175781,116.94483947753906,2160600
2017-06-23,123.68000030517578,125.0,123.12000274658203,124.01000213623047,117.61823272705078,3381500
2017-06-26,124.16999816894531,124.58000183105469,123.19000244140625,123.5199966430664,117.1534652709961,2376700
2017-06-27,123.48999786376953,123.51000213623047,122.73999786376953,122.73999786376953,116.41368865966797,2516400
2017-06-28,123.19000244140625,124.87000274658203,122.56999969482422,124.80999755859375,118.37700653076172,2574900
2017-06-29,124.61000061035156,124.68000030517578,121.19999694824219,121.51000213623047,115.24708557128906,4147400
2017-06-30,121.77999877929688,122.41999816894531,121.20999908447266,121.44999694824219,115.190185546875,3574000
2017-07-03,122.25,122.30999755859375,120.72000122070312,120.77999877929688,114.55469512939453,2314200
2017-07-05,121.13999938964844,122.16000366210938,121.12000274658203,121.9800033569336,115.90394592285156,3856500
2017-07-06,121.33999633789062,121.68000030517578,120.6500015258789,120.80000305175781,114.78274536132812,2702600
2017-07-07,121.38999938964844,122.72000122070312,121.06999969482422,122.19999694824219,116.1130142211914,2119000
2017-07-10,122.16000366210938,123.19000244140625,121.81999969482422,122.7300033569336,116.61663055419922,2886900
2017-07-11,122.80999755859375,124.70999908447266,122.5,124.2300033569336,118.04188537597656,3885700
2017-07-12,125.0,125.75,124.5999984741211,125.27999877929688,119.03958129882812,2770400
2017-07-13,125.62000274658203,126.4000015258789,125.37000274658203,125.47000122070312,119.22013092041016,3330900
2017-07-14,125.55999755859375,127.52999877929688,125.55999755859375,127.01000213623047,120.68342590332031,2690800
2017-07-17,127.26000213623047,127.58000183105469,126.54000091552734,127.43000030517578,121.08250427246094,2291700
2017-07-18,127.11000061035156,128.16000366210938,127.0,127.7300033569336,121.3675765991211,3732800
2017-07-19,127.7300033569336,128.27000427246094,127.55999755859375,128.0399932861328,121.66210174560547,2550400
2017-07-20,128.39999389648438,128.83999633789062,127.94000244140625,128.47000122070312,122.07071685791016,2350300
2017-07-21,128.52999877929688,130.1999969482422,128.32000732421875,129.27000427246094,122.83087158203125,4375500
2017-07-24,129.38999938964844,129.89999389648438,128.60000610351562,129.52000427246094,123.06843566894531,3065400
2017-07-25,130.0,130.17999267578125,129.22000122070312,129.97999572753906,123.5054931640625,2476000
2017-07-26,129.9199981689453,131.17999267578125,129.75999450683594,130.99000549316406,124.46516418457031,3547800
2017-07-27,132.0,132.1999969482422,126.55000305175781,128.92999267578125,122.50777435302734,4914500
2017-07-28,128.9600067138672,129.99000549316406,127.30999755859375,127.91000366210938,121.5385971069336,5257900
2017-07-31,128.0,128.4499969482422,127.4000015258789,127.80000305175781,121.43407440185547,3347500
2017-08-01,128.66000366210938,129.97999572753906,128.5,129.49000549316406,123.0398941040039,4010500
2017-08-02,129.74000549316406,130.61000061035156,129.17999267578125,130.61000061035156,124.1041030883789,3578600
2017-08-03,130.39999389648438,130.57000732421875,129.24000549316406,129.88999938964844,123.41996002197266,2568100
2017-08-04,130.22000122070312,130.25,129.44000244140625,129.82000732421875,123.35346984863281,2208100
2017-08-07,129.99000549316406,130.5,129.5500030517578,130.3800048828125,123.88555908203125,1585600
2017-08-08,130.1300048828125,130.30999755859375,129.3000030517578,129.83999633789062,123.37245178222656,2062800
2017-08-09,129.08999633789062,130.02999877929688,128.77000427246094,129.72000122070312,123.25846862792969,1789900
2017-08-10,129.1699981689453,129.41000366210938,127.58999633789062,127.66999816894531,121.31053161621094,2590400
2017-08-11,128.16000366210938,129.4199981689453,127.86000061035156,128.5500030517578,122.1467056274414,2484300
2017-08-14,129.22999572753906,131.2899932861328,129.0,131.08999633789062,124.5602035522461,2793300
2017-08-15,131.4199981689453,131.99000549316406,130.9499969482422,131.5800018310547,125.02583312988281,2155600
2017-08-16,132.1699981689453,132.6300048828125,131.80999755859375,132.3699951171875,125.7764663696289,2000700
2017-08-17,132.16000366210938,132.5,130.82000732421875,130.8800048828125,124.36065673828125,2673000
2017-08-18,130.55999755859375,131.97000122070312,130.36000061035156,131.13999938964844,124.6076889038086,3167300
2017-08-21,131.35000610351562,132.08999633789062,131.1300048828125,131.94000244140625,125.36787414550781,1807600
2017-08-22,132.50999450683594,134.24000549316406,132.27999877929688,133.8000030517578,127.13521575927734,2180100
2017-08-23,133.17999267578125,133.47999572753906,132.6699981689453,133.07000732421875,126.44159698486328,2006400
2017-08-24,133.22999572753906,133.4600067138672,131.97999572753906,132.9600067138672,126.3370361328125,2046600
2017-08-25,133.3000030517578,133.60000610351562,132.55999755859375,132.75,126.13751983642578,2215500
2017-08-28,133.14999389648438,134.0,132.7100067138672,133.85000610351562,127.18272399902344,2154700
2017-08-29,133.10000610351562,134.2100067138672,132.74000549316406,133.83999633789062,127.17323303222656,2122000
2017-08-30,133.92999267578125,134.24000549316406,133.47999572753906,133.8000030517578,127.13521575927734,3224500
2017-08-31,134.1999969482422,134.5,133.27999877929688,133.3000030517578,126.66008758544922,4374700
2017-09-01,133.83999633789062,133.89999389648438,133.13999938964844,133.24000549316406,126.60308837890625,2446600
2017-09-05,132.83999633789062,132.92999267578125,131.67999267578125,132.66000366210938,126.05199432373047,2726500
2017-09-06,132.99000549316406,133.66000366210938,132.58999633789062,132.88999938964844,126.27056121826172,3652100
2017-09-07,136.0800018310547,138.63999938964844,135.64999389648438,136.52999877929688,129.7292022705078,7269000
2017-09-08,136.22000122070312,137.74000549316406,136.05999755859375,137.22000122070312,130.38487243652344,4451300
2017-09-11,139.36000061035156,141.99000549316406,139.17999267578125,141.99000549316406,134.9172821044922,5457600
2017-09-12,142.66000366210938,143.52000427246094,141.80999755859375,142.4199981689453,135.32582092285156,3775000
2017-09-13,142.02000427246094,142.1300048828125,139.5399932861328,140.10000610351562,133.12139892578125,3613800
2017-09-14,139.5,141.8000030517578,139.3699951171875,141.47000122070312,134.42315673828125,4179400
2017-09-15,142.32000732421875,142.69000244140625,139.80999755859375,141.5800018310547,134.52764892578125,6152500
2017-09-18,141.66000366210938,141.69000244140625,140.50999450683594,141.39999389648438,134.3566436767578,2843500
2017-09-19,141.92999267578125,143.58999633789062,141.8699951171875,142.49000549316406,135.392333984375,4179000
2017-09-20,142.25,143.07000732421875,141.4199981689453,142.24000549316406,135.1548309326172,2749700
2017-09-21,141.69000244140625,142.17999267578125,141.19000244140625,141.72000122070312,134.66070556640625,2835300
2017-09-22,141.5,142.39999389648438,141.5,141.88999938964844,134.82223510742188,1860400
2017-09-25,142.07000732421875,142.10000610351562,138.44000244140625,138.57000732421875,131.66757202148438,5541200
2017-09-26,139.02000427246094,139.3800048828125,137.75,138.3699951171875,131.47756958007812,3162600
2017-09-27,138.8000030517578,140.17999267578125,138.5500030517578,139.6699981689453,132.71282958984375,3716800
2017-09-28,139.44000244140625,140.2100067138672,138.83999633789062,140.1999969482422,133.21641540527344,2732000
2017-09-29,140.8300018310547,141.74000549316406,140.4199981689453,141.1999969482422,134.1666259765625,2603200
2017-10-02,141.89999389648438,142.92999267578125,141.47000122070312,141.82000732421875,134.75567626953125,2300700
2017-10-03,141.99000549316406,143.17999267578125,141.6999969482422,143.02000427246094,135.8959197998047,2514500
2017-10-04,142.72999572753906,143.0,141.32000732421875,142.08999633789062,135.0122528076172,3245700
2017-10-05,142.55999755859375,143.77999877929688,142.42999267578125,143.75,136.80142211914062,2723000
2017-10-06,143.5,143.77999877929688,142.77000427246094,143.52000427246094,136.58250427246094,3067400
2017-10-09,143.47999572753906,145.17999267578125,142.89999389648438,144.5500030517578,137.56271362304688,2557700
2017-10-10,144.77999877929688,146.3699951171875,144.77999877929688,145.64999389648438,138.6095733642578,2593400
2017-10-11,145.60000610351562,147.1199951171875,145.60000610351562,146.85000610351562,139.75155639648438,3341900
2017-10-12,146.8300018310547,148.16000366210938,146.44000244140625,146.74000549316406,139.6468505859375,3226200
2017-10-13,147.50999450683594,148.4499969482422,147.2899932861328,147.33999633789062,140.21783447265625,2337300
2017-10-16,148.0399932861328,148.0399932861328,145.16000366210938,146.22000122070312,139.15199279785156,2590100
2017-10-17,146.3300018310547,146.4600067138672,145.52999877929688,145.92999267578125,138.87599182128906,3002400
2017-10-18,145.8300018310547,146.77000427246094,145.60000610351562,146.19000244140625,139.12344360351562,2525900
2017-10-19,145.38999938964844,146.1199951171875,144.66000366210938,144.97999572753906,137.97195434570312,4169900
2017-10-20,145.6300048828125,145.72999572753906,144.57000732421875,145.3800048828125,138.3525848388672,3547300
2017-10-23,146.0,146.5,145.3000030517578,145.55999755859375,138.52386474609375,2514500
2017-10-24,146.19000244140625,146.49000549316406,145.35000610351562,145.8000030517578,138.75228881835938,2918400
2017-10-25,146.5,146.97999572753906,145.2100067138672,146.24000549316406,139.1710205078125,3439700
2017-10-26,147.0,147.3699951171875,146.35000610351562,146.58999633789062,139.5041046142578,2574900
2017-10-27,146.8300018310547,148.52000427246094,146.05999755859375,148.52000427246094,141.3408203125,3491900
2017-10-30,151.3000030517578,151.47999572753906,148.5800018310547,148.9499969482422,141.75,6555700
2017-10-31,150.6300048828125,152.0,146.14999389648438,148.77000427246094,141.57875061035156,7613700
2017-11-01,149.9499969482422,151.49000549316406,148.77999877929688,148.88999938964844,141.6929473876953,4531700
2017-11-02,148.3300018310547,149.2100067138672,147.47000122070312,148.25,141.0838623046875,3883600
2017-11-03,148.41000366210938,149.36000061035156,147.7100067138672,149.2899932861328,142.07362365722656,2338700
2017-11-06,149.2100067138672,150.4600067138672,148.9600067138672,150.08999633789062,142.83493041992188,3142900
2017-11-07,150.30999755859375,150.47999572753906,148.9199981689453,149.97000122070312,142.72068786621094,2683400
2017-11-08,149.47000122070312,150.24000549316406,148.1999969482422,149.97000122070312,142.72068786621094,3786800
2017-11-09,149.27000427246094,149.8699951171875,147.58999633789062,149.2899932861328,142.07362365722656,2716400
2017-11-10,149.0,149.75999450683594,148.7100067138672,149.5399932861328,142.31153869628906,1795900
2017-11-13,148.75999450683594,150.1999969482422,148.74000549316406,149.69000244140625,142.45423889160156,1750500
2017-11-14,149.27999877929688,150.49000549316406,149.0500030517578,149.9499969482422,142.70167541503906,3062300
2017-11-15,149.3699951171875,149.50999450683594,148.10000610351562,148.3300018310547,141.16000366210938,3058100
2017-11-16,149.0,150.5399932861328,148.60000610351562,150.3300018310547,143.06329345703125,2715400
2017-11-17,149.3300018310547,149.52000427246094,148.27999877929688,149.02000427246094,141.8166961669922,3186400
2017-11-20,149.36000061035156,150.2899932861328,149.22999572753906,149.55999755859375,142.33053588867188,2048700
2017-11-21,149.97000122070312,152.6300048828125,149.92999267578125,152.50999450683594,145.13800048828125,3999000
2017-11-22,152.41000366210938,152.5500030517578,150.9499969482422,151.25,143.93881225585938,2658600
2017-11-24,151.39999389648438,153.0,151.1999969482422,152.74000549316406,145.3568115234375,1577500
2017-11-27,153.07000732421875,153.94000244140625,152.72000122070312,152.97000122070312,145.57571411132812,3260200
2017-11-28,153.50999450683594,154.64999389648438,153.36000061035156,154.19000244140625,146.7367401123047,3874500
2017-11-29,154.35000610351562,154.47000122070312,145.27999877929688,148.35000610351562,141.17901611328125,7217000
2017-11-30,149.32000732421875,151.1699981689453,148.2100067138672,150.47000122070312,143.19650268554688,6943700
2017-12-01,150.39999389648438,150.99000549316406,147.35000610351562,149.69000244140625,142.45423889160156,3933000
2017-12-04,149.9199981689453,150.58999633789062,143.3800048828125,143.42999267578125,136.4969024658203,7490100
2017-12-05,143.6999969482422,146.32000732421875,140.61000061035156,145.1300048828125,138.11468505859375,6807100
2017-12-06,145.07000732421875,148.07000732421875,144.6199951171875,147.4199981689453,140.29397583007812,3752000
2017-12-07,147.50999450683594,150.41000366210938,147.50999450683594,149.4499969482422,142.22586059570312,3417900
2017-12-08,150.4199981689453,150.44000244140625,149.1699981689453,149.88999938964844,142.6446075439453,2521500
2017-12-11,150.22000122070312,151.25,150.10000610351562,150.8800048828125,143.58673095703125,3394800
2017-12-12,150.8300018310547,153.72999572753906,150.61000061035156,152.5,145.12847900390625,3360300
2017-12-13,152.5,153.44000244140625,151.66000366210938,151.69000244140625,144.35757446289062,3618700
2017-12-14,151.9199981689453,153.5500030517578,151.77999877929688,151.92999267578125,144.58596801757812,3016700
2017-12-15,152.64999389648438,153.6199951171875,150.86000061035156,153.39999389648438,145.9849090576172,5067300
2017-12-18,154.13999938964844,154.64999389648438,153.05999755859375,153.1199951171875,145.71847534179688,3531500
2017-12-19,152.9600067138672,153.16000366210938,151.42999267578125,151.67999267578125,144.3480682373047,2712700
2017-12-20,152.50999450683594,152.72999572753906,151.0399932861328,151.4499969482422,144.12916564941406,1992500
2017-12-21,151.4499969482422,152.22999572753906,150.42999267578125,150.52999877929688,143.25363159179688,2789000
2017-12-22,150.94000244140625,151.52000427246094,150.30999755859375,150.85000610351562,143.55816650390625,1892300
2017-12-26,150.5800018310547,151.33999633789062,149.88999938964844,151.27999877929688,143.96739196777344,1200700
2017-12-27,151.55999755859375,151.77999877929688,151.10000610351562,151.39999389648438,144.08155822753906,1730200
2017-12-28,151.86000061035156,152.6199951171875,151.1999969482422,151.77000427246094,144.4337158203125,1570600
2017-12-29,152.2100067138672,152.89999389648438,151.36000061035156,151.36000061035156,144.04356384277344,2258800
2018-01-02,152.00999450683594,153.41000366210938,151.1199951171875,151.91000366210938,144.56695556640625,3168900
2018-01-03,152.2899932861328,153.97999572753906,152.16000366210938,153.82000732421875,146.3845977783203,3732400
2018-01-04,154.5399932861328,157.39999389648438,154.32000732421875,155.80999755859375,148.27845764160156,3247200
2018-01-05,156.1999969482422,159.0399932861328,156.19000244140625,159.0399932861328,151.352294921875,2747700
2018-01-08,158.5800018310547,160.47999572753906,158.0800018310547,159.27000427246094,151.809814453125,3143100
2018-01-09,159.64999389648438,160.11000061035156,158.5399932861328,159.5,152.02902221679688,2573900
2018-01-10,159.22999572753906,159.97000122070312,157.57000732421875,159.86000061035156,152.3722381591797,2416900
2018-01-11,160.10000610351562,161.1300048828125,159.44000244140625,160.9199981689453,153.38255310058594,2804000
2018-01-12,161.5,162.52000427246094,160.25,162.3300018310547,154.7264404296875,3041000
2018-01-16,163.63999938964844,163.94000244140625,161.30999755859375,162.2899932861328,154.68833923339844,4673400
2018-01-17,163.1199951171875,164.5,162.8800048828125,164.32000732421875,156.623291015625,3136000
2018-01-18,164.8300018310547,165.97999572753906,164.11000061035156,165.47999572753906,157.72894287109375,4150600
2018-01-19,166.3000030517578,166.9499969482422,165.16000366210938,166.8300018310547,159.01571655273438,2947800
2018-01-22,166.5800018310547,168.3300018310547,166.2899932861328,168.27999877929688,160.3977508544922,2275900
2018-01-23,168.5,168.9499969482422,166.64999389648438,167.19000244140625,159.3588409423828,3035300
2018-01-24,167.94000244140625,168.10000610351562,165.9499969482422,167.00999450683594,159.18724060058594,3912400
2018-01-25,168.00999450683594,168.92999267578125,167.1300048828125,168.58999633789062,160.69325256347656,2088900
2018-01-26,169.00999450683594,170.36000061035156,168.7899932861328,170.33999633789062,162.361328125,2191600
2018-01-29,170.1199951171875,170.80999755859375,168.2899932861328,168.5500030517578,160.6551055908203,3082800
2018-01-30,167.41000366210938,168.0,166.3000030517578,167.19000244140625,159.3588409423828,4227100
2018-01-31,167.50999450683594,169.6699981689453,167.02000427246094,169.0,161.08404541015625,5815300
2018-02-01,172.50999450683594,176.72000122070312,171.0,172.92999267578125,164.82997131347656,6848400
2018-02-02,171.89999389648438,177.11000061035156,170.4199981689453,170.5500030517578,162.56143188476562,6556500
2018-02-05,167.3699951171875,171.9600067138672,164.00999450683594,164.58999633789062,156.8806610107422,7196000
2018-02-06,160.5,169.36000061035156,156.8000030517578,169.27999877929688,161.35096740722656,7259900
2018-02-07,169.0,172.61000061035156,167.4499969482422,168.72999572753906,160.8267364501953,4364800
2018-02-08,168.77000427246094,169.24000549316406,160.4600067138672,160.6199951171875,153.09661865234375,6557700
2018-02-09,161.6699981689453,166.49000549316406,158.57000732421875,165.1999969482422,157.46209716796875,6303000
2018-02-12,166.8000030517578,168.82000732421875,165.5800018310547,168.19000244140625,160.31199645996094,5227400
2018-02-13,167.3300018310547,170.77000427246094,167.00999450683594,170.1199951171875,162.15158081054688,3471000
2018-02-14,169.36000061035156,172.66000366210938,169.0,172.52000427246094,164.439208984375,4203700
2018-02-15,173.9499969482422,174.6999969482422,171.36000061035156,174.69000244140625,166.50750732421875,3915000
2018-02-16,174.35000610351562,176.6699981689453,174.13999938964844,175.64999389648438,167.4225616455078,4213100
2018-02-20,174.8800048828125,176.42999267578125,174.0399932861328,175.35000610351562,167.13668823242188,3750100
2018-02-21,175.35000610351562,176.35000610351562,172.27999877929688,172.32000732421875,164.24856567382812,5999500
2018-02-22,173.33999633789062,173.8300018310547,170.8000030517578,172.9499969482422,164.84902954101562,5605800
2018-02-23,173.89999389648438,175.77999877929688,172.49000549316406,175.75999450683594,167.52737426757812,3093800
2018-02-26,176.5,178.13999938964844,176.05999755859375,177.8699951171875,169.5386199951172,4088100
2018-02-27,177.72000122070312,179.1699981689453,175.92999267578125,175.92999267578125,167.689453125,3815900
2018-02-28,176.2899932861328,178.97000122070312,175.75,175.75999450683594,167.52737426757812,4145700
2018-03-01,176.35000610351562,177.35000610351562,172.14999389648438,173.49000549316406,165.36380004882812,4658500
2018-03-02,171.55999755859375,175.3300018310547,169.27000427246094,175.02000427246094,166.82203674316406,4190100
2018-03-05,174.1300048828125,179.27000427246094,172.91000366210938,178.52999877929688,170.1676483154297,4826500
2018-03-06,179.17999267578125,180.08999633789062,176.9499969482422,177.52999877929688,169.2145233154297,3820900
2018-03-07,175.75999450683594,179.7100067138672,175.5500030517578,179.2100067138672,170.81585693359375,2766100
2018-03-08,179.35000610351562,179.88999938964844,177.55999755859375,179.25,170.8539581298828,2235300
2018-03-09,180.25,183.3300018310547,179.97000122070312,183.24000549316406,174.6570587158203,4168900
2018-03-12,182.8300018310547,183.52000427246094,181.6999969482422,182.5399932861328,173.98985290527344,3589000
2018-03-13,183.47000122070312,183.72999572753906,180.14999389648438,181.00999450683594,172.53150939941406,3286600
2018-03-14,181.99000549316406,182.0,179.6199951171875,180.1199951171875,171.68319702148438,2820700
2018-03-15,180.57000732421875,182.1699981689453,180.02000427246094,180.9499969482422,172.47434997558594,2258200
2018-03-16,181.00999450683594,183.1699981689453,181.00999450683594,182.5500030517578,173.99940490722656,4605000
2018-03-19,181.7899932861328,182.3000030517578,179.11000061035156,180.5800018310547,172.12167358398438,3770000
2018-03-20,181.30999755859375,183.25,181.22000122070312,182.50999450683594,173.96127319335938,2859300
2018-03-21,182.9600067138672,183.5,180.74000549316406,180.75,172.2837371826172,3238400
2018-03-22,179.1999969482422,180.25999450683594,175.11000061035156,175.52000427246094,167.2986602783203,4387300
2018-03-23,176.17999267578125,176.8699951171875,171.66000366210938,171.8300018310547,163.78152465820312,4324100
2018-03-26,175.3300018310547,177.47000122070312,173.05999755859375,177.1699981689453,168.87139892578125,5470100
2018-03-27,178.36000061035156,178.5,170.97000122070312,172.52000427246094,164.439208984375,5069100
2018-03-28,172.25,172.92999267578125,168.5500030517578,170.35000610351562,162.370849609375,5166600
2018-03-29,171.72000122070312,176.66000366210938,170.82000732421875,175.16000366210938,166.95559692382812,3719200
2018-04-02,174.63999938964844,175.77000427246094,169.0399932861328,171.60000610351562,163.56228637695312,4222400
2018-04-03,172.36000061035156,172.88999938964844,169.80999755859375,172.47000122070312,164.39158630371094,3612600
2018-04-04,169.17999267578125,174.00999450683594,167.94000244140625,173.69000244140625,165.55441284179688,4628300
2018-04-05,175.1300048828125,177.44000244140625,174.5399932861328,175.8000030517578,167.5655059814453,3434100
2018-04-06,173.3699951171875,175.14999389648438,168.9600067138672,169.6999969482422,161.9816131591797,5005500
2018-04-09,171.27000427246094,174.08999633789062,170.13999938964844,170.33999633789062,162.592529296875,3910700
2018-04-10,173.13999938964844,175.4499969482422,172.02000427246094,174.72000122070312,166.77328491210938,3149900
2018-04-11,173.6999969482422,175.60000610351562,172.1199951171875,172.36000061035156,164.5206298828125,2783000
2018-04-12,173.3300018310547,176.47999572753906,173.16000366210938,174.8000030517578,166.84962463378906,3065600
2018-04-13,176.0,176.10000610351562,172.6999969482422,174.27000427246094,166.34376525878906,3059600
2018-04-16,175.6199951171875,176.10000610351562,172.97000122070312,173.8699951171875,165.9619903564453,4668200
2018-04-17,175.77000427246094,179.19000244140625,174.6699981689453,178.33999633789062,170.2286376953125,4210200
2018-04-18,178.5,179.8000030517578,177.07000732421875,179.4600067138672,171.29771423339844,3150600
2018-04-19,179.0800018310547,179.57000732421875,178.25999450683594,179.00999450683594,170.8681640625,3560400
2018-04-20,178.52999877929688,179.49000549316406,176.5,177.0800018310547,169.0260009765625,4233000
2018-04-23,178.16000366210938,178.35000610351562,174.6999969482422,175.42999267578125,167.45098876953125,4355000
2018-04-24,176.67999267578125,177.5500030517578,171.19000244140625,173.24000549316406,165.3606414794922,5369000
2018-04-25,173.3699951171875,173.8699951171875,170.64999389648438,172.47000122070312,164.62567138671875,3396200
2018-04-26,174.52000427246094,179.6300048828125,174.22000122070312,178.16000366210938,170.05685424804688,4784400
2018-04-27,178.5399932861328,179.0,175.17999267578125,175.94000244140625,167.93780517578125,3781000
2018-04-30,177.49000549316406,180.0,177.10000610351562,178.27000427246094,170.16184997558594,4323900
2018-05-01,178.27000427246094,180.36000061035156,176.91000366210938,180.25,172.0518035888672,4828300
2018-05-02,186.1999969482422,188.25,183.1199951171875,185.82000732421875,177.36843872070312,10133100
2018-05-03,184.60000610351562,187.88999938964844,183.94000244140625,186.47999572753906,177.9984130859375,5785700
2018-05-04,185.7899932861328,188.7899932861328,185.11000061035156,188.1699981689453,179.61158752441406,3593600
2018-05-07,188.3000030517578,189.52000427246094,187.6300048828125,189.10000610351562,180.49925231933594,4077300
2018-05-08,188.88999938964844,190.66000366210938,188.02000427246094,190.52999877929688,181.86424255371094,3396400
2018-05-09,190.50999450683594,191.67999267578125,189.0,190.6300048828125,181.95968627929688,2933900
2018-05-10,191.0399932861328,193.72000122070312,190.94000244140625,193.0500030517578,184.2696075439453,2821200
2018-05-11,193.0,194.08999633789062,192.0399932861328,193.35000610351562,184.55601501464844,3301700
2018-05-14,193.5,194.72000122070312,191.58999633789062,192.1199951171875,183.38189697265625,2877200
2018-05-15,191.00999450683594,192.1999969482422,190.14999389648438,192.0,183.267333984375,2747500
2018-05-16,192.69000244140625,192.91000366210938,191.44000244140625,192.3800048828125,183.63009643554688,2109300
2018-05-17,192.0500030517578,192.44000244140625,190.58999633789062,191.1999969482422,182.50375366210938,2378300
2018-05-18,191.6199951171875,192.08999633789062,190.38999938964844,190.39999389648438,181.7401123046875,4208500
2018-05-21,191.5,192.8300018310547,190.00999450683594,191.1999969482422,182.50375366210938,2632600
2018-05-22,191.17999267578125,192.63999938964844,190.83999633789062,191.6199951171875,182.9046173095703,2620200
2018-05-23,190.74000549316406,193.0,190.3000030517578,192.99000549316406,184.21234130859375,2529900
2018-05-24,192.91000366210938,193.39999389648438,190.0,191.91000366210938,183.18145751953125,2912900
2018-05-25,191.75,191.88999938964844,189.72000122070312,191.1699981689453,182.47511291503906,2459600
2018-05-29,190.25,190.49000549316406,186.60000610351562,189.52999877929688,180.90968322753906,4545000
2018-05-30,190.42999267578125,191.92999267578125,189.89999389648438,191.75999450683594,183.03826904296875,2764200
2018-05-31,191.88999938964844,192.44000244140625,189.82000732421875,190.1199951171875,181.47288513183594,4641400
2018-06-01,192.02999877929688,195.3699951171875,191.89999389648438,195.3699951171875,186.48410034179688,4194900
2018-06-04,195.94000244140625,198.11000061035156,195.22999572753906,197.72999572753906,188.73675537109375,3917200
2018-06-05,198.11000061035156,199.7100067138672,197.8300018310547,199.36000061035156,190.2926025390625,2655500
2018-06-06,199.86000061035156,203.2899932861328,199.77000427246094,203.2100067138672,193.96751403808594,3233100
2018-06-07,203.3800048828125,204.0,198.3000030517578,199.5399932861328,190.4644317626953,4084100
2018-06-08,199.1999969482422,200.52999877929688,199.0,200.0399932861328,190.94168090820312,2296700
2018-06-11,200.61000061035156,201.0,198.25999450683594,198.49000549316406,189.46217346191406,2616900
2018-06-12,199.1199951171875,200.14999389648438,198.19000244140625,200.1300048828125,191.027587890625,2660500
2018-06-13,200.6300048828125,201.6199951171875,199.2100067138672,199.41000366210938,190.34034729003906,2686100
2018-06-14,200.6699981689453,201.38999938964844,199.0500030517578,199.30999755859375,190.24485778808594,2846900
2018-06-15,198.5500030517578,199.6699981689453,197.57000732421875,199.52999877929688,190.45489501953125,4162100
2018-06-18,197.63999938964844,201.4499969482422,197.41000366210938,201.1300048828125,191.98216247558594,2081300
2018-06-19,198.4600067138672,199.92999267578125,197.27000427246094,199.69000244140625,190.60760498046875,2666200
2018-06-20,200.5,203.4600067138672,200.25,201.5399932861328,192.3734588623047,3898600
2018-06-21,202.41000366210938,203.67999267578125,199.97999572753906,200.77999877929688,191.6480712890625,2678200
2018-06-22,201.57000732421875,201.8699951171875,199.61000061035156,201.47999572753906,192.3162078857422,2993600
2018-06-25,200.38999938964844,200.44000244140625,193.7100067138672,194.97999572753906,186.11187744140625,4780600
2018-06-26,196.17999267578125,198.66000366210938,195.75999450683594,196.4600067138672,187.5244903564453,4271200
2018-06-27,197.4600067138672,198.1999969482422,193.16000366210938,193.17999267578125,184.3936767578125,3233000
2018-06-28,193.4600067138672,197.75,193.2100067138672,197.10000610351562,188.13540649414062,2621100
2018-06-29,198.1999969482422,198.30999755859375,196.17999267578125,196.52000427246094,187.58181762695312,3006900
2018-07-02,195.74000549316406,197.97000122070312,194.75,197.6699981689453,188.67950439453125,3018300
2018-07-03,198.3300018310547,198.5800018310547,196.13999938964844,196.2899932861328,187.36221313476562,1567400
2018-07-05,198.0,198.9600067138672,197.14999389648438,198.8699951171875,189.82493591308594,3101900
2018-07-06,198.11000061035156,200.25999450683594,197.47999572753906,199.52000427246094,190.68508911132812,2050300
2018-07-09,200.8000030517578,201.58999633789062,199.25,200.92999267578125,192.03262329101562,2377300
2018-07-10,201.33999633789062,202.75,200.1199951171875,201.52000427246094,192.5965118408203,2265100
2018-07-11,200.47000122070312,204.14999389648438,200.25,203.83999633789062,194.81373596191406,2827900
2018-07-12,205.0,209.19000244140625,204.75,207.77999877929688,198.57931518554688,3970800
2018-07-13,207.10000610351562,207.52999877929688,203.44000244140625,205.91000366210938,196.79208374023438,2590800
2018-07-16,205.6199951171875,206.0,203.75999450683594,204.0800018310547,195.04312133789062,2955000
2018-07-17,203.0,206.6999969482422,201.6300048828125,206.3699951171875,197.23175048828125,2919000
2018-07-18,206.64999389648438,208.3800048828125,205.3800048828125,208.36000061035156,199.13363647460938,3595400
2018-07-19,208.36000061035156,208.7100067138672,205.75999450683594,206.05999755859375,196.93545532226562,2264600
2018-07-20,206.19000244140625,207.35000610351562,206.17999267578125,206.7100067138672,197.5566864013672,2801000
2018-07-23,206.6999969482422,207.9600067138672,205.64999389648438,207.83999633789062,198.6366424560547,2717900
2018-07-24,208.74000549316406,210.39999389648438,208.30999755859375,209.5800018310547,200.29959106445312,3509100
2018-07-25,210.0,214.27999877929688,209.64999389648438,214.16000366210938,204.6768341064453,4967900
2018-07-26,210.14999389648438,211.8000030517578,204.55999755859375,207.3699951171875,198.18739318847656,7279900
2018-07-27,211.69000244140625,211.75,201.22000122070312,202.94000244140625,193.95359802246094,4913000
2018-07-30,202.9499969482422,203.3300018310547,196.1999969482422,197.8699951171875,189.10813903808594,5939300
2018-07-31,199.02000427246094,200.6199951171875,196.22999572753906,198.0,189.23236083984375,4416600
2018-08-01,199.27000427246094,201.36000061035156,198.35000610351562,201.1999969482422,192.29066467285156,4614200
2018-08-02,199.08999633789062,202.19000244140625,197.8699951171875,202.00999450683594,193.06478881835938,3615000
2018-08-03,202.00999450683594,202.42999267578125,198.27999877929688,201.1999969482422,192.29066467285156,2722800
2018-08-06,201.0,202.4600067138672,200.50999450683594,201.5399932861328,192.61561584472656,3061300
2018-08-07,202.5,203.14999389648438,201.9600067138672,202.6199951171875,193.64779663085938,2422200
2018-08-08,202.4199981689453,203.5800018310547,202.0800018310547,202.86000061035156,193.8771209716797,2697900
2018-08-09,203.19000244140625,204.66000366210938,202.64999389648438,203.60000610351562,194.58438110351562,2444900
2018-08-10,202.97000122070312,203.91000366210938,202.16000366210938,202.64999389648438,193.67645263671875,2567000
2018-08-13,202.64999389648438,204.33999633789062,201.88999938964844,202.30999755859375,193.3515167236328,2014000
2018-08-14,202.80999755859375,204.0500030517578,201.38999938964844,203.8800048828125,194.8519744873047,2076600
2018-08-15,202.64999389648438,203.0500030517578,199.5,200.24000549316406,191.37318420410156,2955700
2018-08-16,201.94000244140625,204.22999572753906,200.82000732421875,203.60000610351562,194.58438110351562,2894000
2018-08-17,203.86000061035156,204.60000610351562,202.00999450683594,203.2100067138672,194.2116241455078,2308900
2018-08-20,203.47000122070312,204.97999572753906,202.36000061035156,204.75,195.68345642089844,2469300
2018-08-21,205.0,205.92999267578125,202.6300048828125,203.08999633789062,194.096923828125,1979600
2018-08-22,202.5,205.22000122070312,202.25,204.30999755859375,195.2629852294922,1905300
2018-08-23,204.49000549316406,205.9600067138672,204.17999267578125,205.22000122070312,196.13265991210938,2247600
2018-08-24,206.0,209.5,205.57000732421875,209.39999389648438,200.1275634765625,2722600
2018-08-27,210.17999267578125,211.75,210.17999267578125,211.52999877929688,202.1632843017578,2550200
2018-08-28,211.6999969482422,213.02999877929688,210.94000244140625,212.6300048828125,203.2145538330078,2240200
2018-08-29,212.5,215.86000061035156,212.4499969482422,214.57000732421875,205.0686798095703,3172100
2018-08-30,214.25,215.27999877929688,212.8300018310547,213.8000030517578,204.33270263671875,3083000
2018-08-31,213.5800018310547,215.8000030517578,213.5,215.55999755859375,206.01475524902344,3020000
2018-09-04,215.67999267578125,217.35000610351562,214.67999267578125,216.82000732421875,207.21902465820312,3776500
2018-09-05,215.75999450683594,215.77000427246094,210.30999755859375,211.16000366210938,201.8096466064453,3869500
2018-09-06,211.44000244140625,213.27000427246094,210.47000122070312,212.77000427246094,203.3483428955078,3032800
2018-09-07,211.02000427246094,213.24000549316406,209.6999969482422,211.08999633789062,201.74276733398438,3298500
2018-09-10,212.66000366210938,213.47999572753906,211.3800048828125,211.6699981689453,202.29702758789062,3326300
2018-09-11,210.52000427246094,213.55999755859375,210.10000610351562,213.4499969482422,203.9982452392578,2728500
2018-09-12,213.0500030517578,214.4600067138672,211.86000061035156,214.02999877929688,204.55252075195312,2291300
2018-09-13,214.77000427246094,218.69000244140625,214.3699951171875,217.22000122070312,207.60130310058594,3898000
2018-09-14,218.0,218.82000732421875,216.4199981689453,217.9600067138672,208.30853271484375,2638000
2018-09-17,219.97000122070312,219.97999572753906,216.11000061035156,216.47000122070312,206.884521484375,2500900
2018-09-18,217.4600067138672,220.9600067138672,217.3000030517578,220.0500030517578,210.3059539794922,2851000
2018-09-19,220.6300048828125,221.41000366210938,217.16000366210938,218.19000244140625,208.52833557128906,2883000
2018-09-20,219.97999572753906,221.9199981689453,218.89999389648438,221.38999938964844,211.586669921875,3108500
2018-09-21,222.13999938964844,223.3699951171875,220.88999938964844,221.89999389648438,212.0740509033203,7177800
2018-09-24,220.41000366210938,222.13999938964844,218.2100067138672,221.35000610351562,211.5484161376953,2520000
2018-09-25,221.9199981689453,223.0399932861328,221.22000122070312,222.1199951171875,212.2843017578125,2181300
2018-09-26,222.6199951171875,224.36000061035156,221.6999969482422,222.25999450683594,212.41810607910156,2963600
2018-09-27,222.69000244140625,223.61000061035156,222.05999755859375,222.30999755859375,212.46588134765625,2645200
2018-09-28,222.1300048828125,223.69000244140625,221.0500030517578,222.61000061035156,212.7526092529297,2955000
2018-10-01,224.83999633789062,225.35000610351562,223.08999633789062,223.77000427246094,213.86123657226562,2955500
2018-10-02,223.5,223.72999572753906,221.00999450683594,222.3699951171875,212.5232391357422,3060700
2018-10-03,223.77999877929688,224.3300018310547,222.5500030517578,223.1300048828125,213.2495880126953,2662400
2018-10-04,222.07000732421875,222.14999389648438,214.58999633789062,216.14999389648438,206.57861328125,5664900
2018-10-05,216.4499969482422,217.19000244140625,211.85000610351562,213.25999450683594,204.0526580810547,4268300
2018-10-08,211.6999969482422,211.8000030517578,203.25,208.25999450683594,199.2684783935547,5611000
2018-10-09,208.05999755859375,210.99000549316406,206.69000244140625,209.75999450683594,200.70376586914062,5659400
2018-10-10,209.3300018310547,209.3300018310547,196.00999450683594,196.69000244140625,188.19802856445312,8455000
2018-10-11,194.64999389648438,199.72999572753906,192.91000366210938,194.50999450683594,186.11221313476562,9185200
2018-10-12,200.57000732421875,204.83999633789062,199.5399932861328,204.22000122070312,195.40296936035156,6160300
2018-10-15,203.72000122070312,203.8000030517578,199.52999877929688,200.32000732421875,191.6713409423828,3969200
2018-10-16,202.67999267578125,208.1199951171875,202.52999877929688,207.77999877929688,198.8092498779297,4694900
2018-10-17,207.6300048828125,208.0,204.69000244140625,207.3800048828125,198.42649841308594,4431200
2018-10-18,206.97000122070312,207.22000122070312,202.25999450683594,203.6199951171875,194.82882690429688,6264500
2018-10-19,203.8699951171875,207.44000244140625,203.0,203.05999755859375,194.29302978515625,4832500
2018-10-22,203.72000122070312,206.25999450683594,201.8800048828125,204.5,195.67088317871094,4045100
2018-10-23,199.49000549316406,203.72999572753906,196.60000610351562,202.42999267578125,193.6902313232422,5076800
2018-10-24,202.63999938964844,203.47000122070312,195.3800048828125,195.69000244140625,187.24118041992188,4415900
2018-10-25,197.0,205.10000610351562,195.7100067138672,204.1999969482422,195.3837890625,4940700
2018-10-26,199.1999969482422,202.41000366210938,195.72999572753906,197.49000549316406,188.9635009765625,6523600
2018-10-29,200.35000610351562,202.33999633789062,187.6300048828125,191.0399932861328,182.7919921875,6623800
2018-10-30,192.5800018310547,193.6300048828125,183.75,187.72999572753906,179.62490844726562,9239200
2018-10-31,193.25,199.9600067138672,193.25,197.6699981689453,189.13577270507812,7683500
2018-11-01,198.88999938964844,200.0,195.00999450683594,199.7100067138672,191.08766174316406,4439000
2018-11-02,198.9199981689453,200.99000549316406,195.25,197.72000122070312,189.1835479736328,4261500
2018-11-05,198.1999969482422,199.1300048828125,194.2899932861328,197.97999572753906,189.43235778808594,3110800
2018-11-06,198.5,200.6699981689453,197.52999877929688,199.14999389648438,190.55184936523438,2916000
2018-11-07,202.19000244140625,208.3800048828125,201.74000549316406,208.24000549316406,199.24935913085938,4922800
2018-11-08,207.36000061035156,208.86000061035156,206.0,208.86000061035156,199.84262084960938,3922200
2018-11-09,207.3800048828125,207.97999572753906,203.4199981689453,205.6199951171875,196.74252319335938,3229700
2018-11-12,204.6199951171875,205.25,198.72999572753906,199.13999938964844,190.54226684570312,3507300
2018-11-13,199.77999877929688,202.25,197.5500030517578,198.1699981689453,189.61415100097656,2852000
2018-11-14,200.55999755859375,202.22999572753906,195.61000061035156,197.5800018310547,189.0496368408203,3218600
2018-11-15,197.02000427246094,201.14999389648438,194.3300018310547,200.7100067138672,192.0445098876953,3424600
2018-11-16,199.0,200.91000366210938,197.4499969482422,199.0399932861328,190.44654846191406,2939500
2018-11-19,199.0399932861328,199.39999389648438,188.5500030517578,189.27999877929688,181.1079864501953,4488100
2018-11-20,181.97999572753906,188.8000030517578,177.39999389648438,187.05999755859375,178.9837646484375,7892900
2018-11-21,188.5399932861328,190.08999633789062,186.24000549316406,187.66000366210938,179.55792236328125,3950200
2018-11-23,184.8800048828125,186.22999572753906,182.25999450683594,182.60000610351562,174.7163848876953,2601000
2018-11-26,185.5800018310547,192.22999572753906,183.67999267578125,191.85000610351562,183.5669708251953,6917200
2018-11-27,190.75,193.0399932861328,189.4499969482422,192.97999572753906,184.648193359375,3976300
2018-11-28,195.0,202.47000122070312,193.27000427246094,202.27999877929688,193.54669189453125,6203000
2018-11-29,202.0500030517578,202.0500030517578,196.30999755859375,196.66000366210938,188.1693572998047,5447700
2018-11-30,196.58999633789062,201.6699981689453,195.8000030517578,201.07000732421875,192.3889617919922,7944700
2018-12-03,206.00999450683594,209.91000366210938,205.94000244140625,209.86000061035156,200.79945373535156,6599900
2018-12-04,207.38999938964844,209.52000427246094,199.6199951171875,200.49000549316406,191.833984375,6628600
2018-12-06,194.8000030517578,203.3699951171875,194.22000122070312,202.99000549316406,194.22607421875,6558900
2018-12-07,203.77999877929688,206.52000427246094,194.89999389648438,196.5,188.01625061035156,4968100
2018-12-10,194.64999389648438,198.72000122070312,193.0,198.05999755859375,189.50888061523438,4101000
2018-12-11,201.0800018310547,201.39999389648438,196.05999755859375,197.74000549316406,189.20269775390625,3582400
2018-12-12,200.4600067138672,205.9600067138672,200.25999450683594,200.2899932861328,191.64263916015625,5160100
2018-12-13,200.8000030517578,202.1999969482422,195.30999755859375,198.9600067138672,190.37005615234375,5246200
2018-12-14,196.60000610351562,197.24000549316406,193.19000244140625,195.3300018310547,186.89675903320312,3801700
2018-12-17,193.5,193.5399932861328,188.77000427246094,190.4499969482422,182.2274932861328,5459900
2018-12-18,192.05999755859375,194.35000610351562,190.10000610351562,191.61000061035156,183.33731079101562,4345200
2018-12-19,190.92999267578125,194.35000610351562,184.75999450683594,187.1199951171875,179.04119873046875,6100600
2018-12-20,185.60000610351562,188.33999633789062,180.22999572753906,182.7100067138672,174.8216552734375,6562600
2018-12-21,181.1999969482422,185.27000427246094,175.0,175.19000244140625,167.6262664794922,8374300
2018-12-24,173.14999389648438,177.97999572753906,171.88999938964844,174.64999389648438,167.10958862304688,4351900
2018-12-26,176.0,186.5,176.0,186.42999267578125,178.38101196289062,5261400
2018-12-27,183.97999572753906,188.6999969482422,180.16000366210938,188.69000244140625,180.54342651367188,4695200
2018-12-28,189.7100067138672,190.10000610351562,184.17999267578125,186.16000366210938,178.12265014648438,4830300
2018-12-31,186.9199981689453,189.0,186.36000061035156,188.64999389648438,180.5051727294922,3658500
2019-01-02,185.8300018310547,190.82000732421875,185.30999755859375,189.74000549316406,181.54811096191406,4294000
2019-01-03,187.5,187.50999450683594,180.97999572753906,181.17999267578125,173.35769653320312,5070900
2019-01-04,184.85000610351562,191.25,184.44000244140625,189.75999450683594,181.56724548339844,4452900
2019-01-07,190.6300048828125,193.02000427246094,189.7100067138672,191.22000122070312,182.96421813964844,4219200
2019-01-08,189.89999389648438,192.49000549316406,188.5,192.27999877929688,184.29652404785156,5069700
2019-01-09,194.3000030517578,196.5500030517578,193.27999877929688,195.77000427246094,187.64161682128906,5471500
2019-01-10,193.02999877929688,197.24000549316406,191.32000732421875,196.9499969482422,188.77256774902344,3693600
2019-01-11,196.07000732421875,196.6999969482422,194.7100067138672,195.89999389648438,187.76617431640625,2500100
2019-01-14,194.3800048828125,197.0,194.0,195.42999267578125,187.31570434570312,3336500
2019-01-15,195.22000122070312,197.35000610351562,193.10000610351562,196.52000427246094,188.36048889160156,3783000
2019-01-16,197.50999450683594,198.41000366210938,196.5,197.77000427246094,189.55853271484375,3546300
2019-01-17,197.4499969482422,200.39999389648438,197.10000610351562,199.30999755859375,191.03457641601562,2764100
2019-01-18,201.17999267578125,202.52999877929688,200.02000427246094,202.0,193.61293029785156,4866600
2019-01-22,199.7899932861328,201.0,197.64999389648438,199.4600067138672,191.17837524414062,4457700
2019-01-23,201.0500030517578,201.05999755859375,196.60000610351562,198.35000610351562,190.1144561767578,3086100
2019-01-24,198.4199981689453,200.1999969482422,197.92999267578125,199.7899932861328,191.49462890625,2792000
2019-01-25,202.19000244140625,203.88999938964844,199.7899932861328,202.94000244140625,194.513916015625,4677500
2019-01-28,200.74000549316406,200.97999572753906,198.05999755859375,200.16000366210938,191.8493194580078,3277200
2019-01-29,200.19000244140625,200.6699981689453,197.66000366210938,199.24000549316406,190.96751403808594,3661900
2019-01-30,200.4199981689453,204.8300018310547,199.89999389648438,204.02000427246094,195.54905700683594,4079500
2019-01-31,209.8000030517578,212.97000122070312,208.0,211.1300048828125,202.36383056640625,11316200
2019-02-01,211.99000549316406,214.63999938964844,211.1999969482422,213.77000427246094,204.89422607421875,6470100
2019-02-04,214.35000610351562,214.9499969482422,213.1999969482422,214.91000366210938,205.9868927001953,4397500
2019-02-05,215.0,216.6999969482422,214.9499969482422,215.86000061035156,206.8974609375,3091500
2019-02-06,215.25,215.89999389648438,213.67999267578125,215.3000030517578,206.3606719970703,2698000
2019-02-07,213.4600067138672,214.4499969482422,211.60000610351562,213.97000122070312,205.08587646484375,2742900
2019-02-08,212.0,216.6300048828125,212.0,216.5800018310547,207.58755493164062,3248400
2019-02-11,216.99000549316406,218.64999389648438,216.33999633789062,217.10000610351562,208.0859832763672,2974400
2019-02-12,218.55999755859375,219.49000549316406,217.63999938964844,218.91000366210938,209.82086181640625,3411400
2019-02-13,219.7899932861328,221.27999877929688,219.44000244140625,220.5399932861328,211.38314819335938,2996600
2019-02-14,219.50999450683594,220.97999572753906,218.6199951171875,219.80999755859375,210.68345642089844,2875600
2019-02-15,222.19000244140625,222.35000610351562,220.47999572753906,222.11000061035156,212.88796997070312,2758500
2019-02-19,221.42999267578125,221.9600067138672,220.36000061035156,220.58999633789062,211.4310760498047,2836700
2019-02-20,221.22000122070312,221.8300018310547,219.39999389648438,221.11000061035156,211.9294891357422,3103600
2019-02-21,220.2100067138672,221.02999877929688,218.6199951171875,219.30999755859375,210.20416259765625,3528800
2019-02-22,220.0,223.6300048828125,219.6999969482422,223.32000732421875,214.04769897460938,3295300
2019-02-25,225.0,225.39999389648438,223.0,223.32000732421875,214.04769897460938,3359200
2019-02-26,222.16000366210938,225.17999267578125,222.0500030517578,224.0,214.69947814941406,2852300
2019-02-27,223.0399932861328,224.61000061035156,221.74000549316406,224.57000732421875,215.24578857421875,2119500
2019-02-28,224.08999633789062,225.60000610351562,223.66000366210938,224.77000427246094,215.43756103515625,3240400
2019-03-01,226.8800048828125,228.14999389648438,225.36000061035156,227.25,217.81448364257812,3001400
2019-03-04,227.30999755859375,228.5,223.6699981689453,226.2899932861328,216.8943328857422,2977700
2019-03-05,226.22999572753906,226.9199981689453,225.2899932861328,226.22000122070312,216.82728576660156,2779100
2019-03-06,225.85000610351562,226.50999450683594,223.9499969482422,224.47000122070312,215.14991760253906,2849300
2019-03-07,223.6199951171875,224.44000244140625,220.74000549316406,222.41000366210938,213.17552185058594,3879600
2019-03-08,218.3800048828125,222.19000244140625,215.92999267578125,221.8699951171875,212.6579132080078,2691800
2019-03-11,222.94000244140625,226.1300048828125,222.83999633789062,225.63999938964844,216.27137756347656,2670100
2019-03-12,226.58999633789062,228.1999969482422,226.22000122070312,226.94000244140625,217.51739501953125,2478700
2019-03-13,228.3699951171875,231.3300018310547,227.8000030517578,228.5,219.0126495361328,2690400
2019-03-14,228.6999969482422,230.2100067138672,227.41000366210938,229.50999450683594,219.98069763183594,2838700
2019-03-15,228.82000732421875,232.75999450683594,228.80999755859375,231.1699981689453,221.57177734375,3894200
2019-03-18,232.2899932861328,232.5,229.11000061035156,230.38999938964844,220.8241424560547,2734100
2019-03-19,231.5399932861328,232.10000610351562,230.3300018310547,231.00999450683594,221.4184112548828,3212000
2019-03-20,229.72999572753906,231.94000244140625,227.83999633789062,229.88999938964844,220.3449249267578,3747400
2019-03-21,228.1999969482422,237.0800018310547,228.17999267578125,235.8699951171875,226.07662963867188,4441100
2019-03-22,234.83999633789062,236.0,230.67999267578125,230.75999450683594,221.17877197265625,3709400
2019-03-25,230.38999938964844,231.94000244140625,228.5500030517578,230.4199981689453,220.8529052734375,3506500
2019-03-26,232.9600067138672,233.6300048828125,231.4499969482422,233.2899932861328,223.60372924804688,3046900
2019-03-27,233.9199981689453,234.1999969482422,229.64999389648438,232.52000427246094,222.86566162109375,2640700
2019-03-28,233.4199981689453,235.3300018310547,232.3699951171875,234.86000061035156,225.1085205078125,2712100
2019-03-29,236.49000549316406,236.63999938964844,233.97000122070312,235.4499969482422,225.67404174804688,3453900
2019-04-01,238.3000030517578,239.75,236.94000244140625,239.0500030517578,229.1245880126953,3475900
2019-04-02,239.22999572753906,239.8699951171875,238.07000732421875,239.25999450683594,229.32591247558594,3386400
2019-04-03,240.27999877929688,240.92999267578125,237.82000732421875,238.92999267578125,229.00961303710938,2911700
2019-04-04,238.6999969482422,238.77000427246094,233.75999450683594,236.05999755859375,226.25869750976562,3096300
2019-04-05,237.2100067138672,237.9600067138672,236.11000061035156,236.6300048828125,226.80506896972656,2590000
2019-04-08,235.72000122070312,236.27999877929688,233.1199951171875,236.27000427246094,226.77626037597656,2714500
2019-04-09,235.2899932861328,237.25,235.0,235.91000366210938,226.43072509765625,2491300
2019-04-10,237.0,237.9499969482422,236.11000061035156,237.05999755859375,227.5345001220703,1984200
2019-04-11,238.0,238.0,235.0399932861328,236.0399932861328,226.5554962158203,1908200
2019-04-12,237.02999877929688,239.0,236.0800018310547,238.8300018310547,229.2333984375,3452100
2019-04-15,239.52000427246094,239.86000061035156,237.19000244140625,239.14999389648438,229.54052734375,3437500
2019-04-16,240.0,240.97000122070312,238.9499969482422,240.08999633789062,230.4427947998047,2564300
2019-04-17,240.6699981689453,241.24000549316406,238.9499969482422,241.0,231.3162384033203,2829200
2019-04-18,242.52999877929688,242.64999389648438,240.4600067138672,240.88999938964844,231.2106475830078,3016800
2019-04-22,239.8000030517578,243.13999938964844,239.07000732421875,243.0500030517578,233.28382873535156,2217700
2019-04-23,243.89999389648438,244.5,242.4499969482422,243.49000549316406,233.7061309814453,3108400
2019-04-24,243.6300048828125,246.0800018310547,242.80999755859375,245.2899932861328,235.43382263183594,3255200
2019-04-25,244.6999969482422,246.85000610351562,244.02000427246094,245.61000061035156,235.7410125732422,3152400
2019-04-26,246.0500030517578,247.14999389648438,243.22000122070312,246.67999267578125,236.7679443359375,3349300
2019-04-29,246.8800048828125,248.2100067138672,245.86000061035156,247.1300048828125,237.19984436035156,3274900
2019-04-30,251.08999633789062,257.42999267578125,250.50999450683594,254.24000549316406,244.02423095703125,7179600
2019-05-01,254.89999389648438,256.25,248.6699981689453,248.75,238.7548065185547,5146000
2019-05-02,247.55999755859375,248.27000427246094,244.27999877929688,247.19000244140625,237.25746154785156,4747300
2019-05-03,248.61000061035156,249.85000610351562,247.4600067138672,247.9499969482422,237.9869842529297,3194200
2019-05-06,241.49000549316406,249.0800018310547,240.0500030517578,248.63999938964844,238.6492156982422,3022000
2019-05-07,247.27000427246094,247.72999572753906,242.60000610351562,245.05999755859375,235.2130889892578,4257500
2019-05-08,244.5399932861328,247.5500030517578,243.75,245.3300018310547,235.4722137451172,3050700
2019-05-09,241.88999938964844,245.52999877929688,239.9600067138672,245.30999755859375,235.45301818847656,3891000
2019-05-10,243.8699951171875,248.72000122070312,241.3300018310547,247.42999267578125,237.48785400390625,2816200
2019-05-13,241.50999450683594,243.91000366210938,240.36000061035156,241.3800048828125,231.6809844970703,4136900
2019-05-14,242.1199951171875,247.44000244140625,241.89999389648438,245.94000244140625,236.05770874023438,3862100
2019-05-15,244.3300018310547,251.0399932861328,244.2100067138672,249.14999389648438,239.13873291015625,4186900
2019-05-16,250.44000244140625,255.14999389648438,250.3300018310547,253.4199981689453,243.23715209960938,4911900
2019-05-17,251.11000061035156,254.2899932861328,250.83999633789062,252.5500030517578,242.402099609375,3129800
2019-05-20,250.49000549316406,254.38999938964844,249.3300018310547,253.49000549316406,243.30430603027344,2951500
2019-05-21,255.0,255.9499969482422,253.7899932861328,255.36000061035156,245.09915161132812,2881600
2019-05-22,254.75,258.8599853515625,254.5,256.8999938964844,246.57730102539062,2936000
2019-05-23,254.75,255.6999969482422,248.3300018310547,249.72999572753906,239.69540405273438,5072500
2019-05-24,253.13999938964844,253.3699951171875,250.3300018310547,251.47999572753906,241.3750762939453,2710800
2019-05-28,252.66000366210938,257.760009765625,252.64999389648438,253.42999267578125,243.2467803955078,6252100
2019-05-29,252.25,254.25,251.27000427246094,253.55999755859375,243.37152099609375,4014300
2019-05-30,254.27000427246094,256.05999755859375,252.7899932861328,254.19000244140625,243.97621154785156,2817400
2019-05-31,251.97999572753906,253.66000366210938,250.83999633789062,251.49000549316406,241.38473510742188,5041400
2019-06-03,251.8000030517578,252.97999572753906,240.25,242.25999450683594,232.52561950683594,5452100
2019-06-04,245.1300048828125,249.3699951171875,241.72000122070312,249.17999267578125,239.1675262451172,4862200
2019-06-05,251.47000122070312,256.9700012207031,250.14999389648438,256.260009765625,245.96302795410156,4742400
2019-06-06,256.3599853515625,258.70001220703125,254.86000061035156,257.8299865722656,247.46990966796875,3443500
2019-06-07,260.0,266.8699951171875,259.6199951171875,265.79998779296875,255.1196746826172,3691800
2019-06-10,269.0,269.8500061035156,265.2799987792969,266.1000061035156,255.40756225585938,4469000
2019-06-11,267.4700012207031,267.8900146484375,259.17999267578125,263.6600036621094,253.0657501220703,3119600
2019-06-12,262.45001220703125,264.2099914550781,261.3599853515625,263.8500061035156,253.2480010986328,2295300
2019-06-13,265.0,265.2300109863281,260.25,261.20001220703125,250.70455932617188,4331000
2019-06-14,259.989990234375,261.9800109863281,259.4200134277344,260.1000061035156,249.64871215820312,3158200
2019-06-17,261.0,261.7099914550781,258.04998779296875,259.20001220703125,248.784912109375,3332200
2019-06-18,261.70001220703125,262.25,255.07000732421875,258.80999755859375,248.41058349609375,3921300
2019-06-19,258.8299865722656,260.6199951171875,258.29998779296875,259.8699951171875,249.42799377441406,4326500
2019-06-20,263.489990234375,267.70001220703125,262.5,266.7900085449219,256.0699157714844,4667300
2019-06-21,265.82000732421875,268.1499938964844,264.4200134277344,264.4700012207031,253.84315490722656,4285800
2019-06-24,265.8500061035156,267.1000061035156,265.1300048828125,265.29998779296875,254.6397247314453,2538100
2019-06-25,266.0400085449219,266.30999755859375,259.1199951171875,259.7300109863281,249.2936553955078,3138000
2019-06-26,260.8800048828125,262.6499938964844,259.989990234375,261.29998779296875,250.8004913330078,3869400
2019-06-27,262.44000244140625,263.5799865722656,260.3999938964844,261.1000061035156,250.6085205078125,2186900
2019-06-28,263.0899963378906,264.8399963378906,261.3299865722656,264.5299987792969,253.90066528320312,4400300
2019-07-01,269.989990234375,269.989990234375,264.8699951171875,266.7699890136719,256.0506896972656,2646800
2019-07-02,266.8800048828125,270.6000061035156,266.42999267578125,270.57000732421875,259.697998046875,2649100
2019-07-03,271.0,273.0799865722656,270.7799987792969,273.0799865722656,262.107177734375,1896800
2019-07-05,271.5,272.7699890136719,269.0899963378906,272.1400146484375,261.2049255371094,2561000
2019-07-08,270.1000061035156,272.07000732421875,269.4599914550781,271.2300109863281,260.64752197265625,2291700
2019-07-09,269.82000732421875,273.6499938964844,269.5,273.3399963378906,262.67529296875,2477400
2019-07-10,274.1700134277344,277.1000061035156,274.1499938964844,275.3800048828125,264.63568115234375,2323000
2019-07-11,277.6000061035156,278.6499938964844,276.0799865722656,278.32000732421875,267.4610595703125,2583900
2019-07-12,279.239990234375,279.739990234375,276.260009765625,279.5400085449219,268.63336181640625,2299700
2019-07-15,280.4599914550781,280.5899963378906,278.54998779296875,279.3699951171875,268.4699401855469,3349500
2019-07-16,279.0,280.6300048828125,275.30999755859375,276.6199951171875,265.8272399902344,2976000
2019-07-17,277.3900146484375,278.4700012207031,275.2699890136719,275.2799987792969,264.53955078125,2318900
2019-07-18,275.0,277.25,274.739990234375,276.7799987792969,265.98101806640625,3241000
2019-07-19,279.42999267578125,279.4800109863281,275.4200134277344,275.6000061035156,264.8471374511719,3048200
2019-07-22,276.9100036621094,279.3599853515625,276.07000732421875,278.6099853515625,267.7396240234375,2092400
2019-07-23,280.0,280.4200134277344,276.8999938964844,278.9700012207031,268.0855712890625,2275400
2019-07-24,278.1700134277344,280.29998779296875,276.3800048828125,280.25,269.3156433105469,2805200
2019-07-25,280.0,280.8999938964844,277.54998779296875,279.3500061035156,268.4507141113281,2312200
2019-07-26,280.6000061035156,282.2900085449219,280.0799865722656,282.07000732421875,271.0646057128906,2942100
2019-07-29,283.1199951171875,283.3299865722656,280.42999267578125,281.44000244140625,270.45916748046875,3677700
2019-07-30,279.3399963378906,282.3699951171875,275.45001220703125,278.1600036621094,267.30718994140625,3957900
2019-07-31,278.6700134277344,278.9800109863281,265.69000244140625,272.2699890136719,261.6470031738281,5513100
2019-08-01,273.92999267578125,279.30999755859375,271.6400146484375,274.1600036621094,263.4632873535156,4988100
2019-08-02,272.0,272.5,265.67999267578125,269.45001220703125,258.93701171875,4438000
2019-08-05,260.0,262.6499938964844,253.89999389648438,256.8399963378906,246.8190460205078,6861300
2019-08-06,261.79998779296875,265.1499938964844,260.17999267578125,264.67999267578125,254.3532257080078,4918500
2019-08-07,263.3999938964844,270.0,260.25,269.30999755859375,258.802490234375,4476000
2019-08-08,272.0,278.0799865722656,271.6000061035156,278.0400085449219,267.19189453125,4135500
2019-08-09,275.510009765625,276.8999938964844,273.0799865722656,274.95001220703125,264.222412109375,3410500
2019-08-12,272.8500061035156,274.9800109863281,268.8900146484375,270.0,259.4656677246094,3322600
2019-08-13,269.8299865722656,275.3699951171875,268.0,274.5299987792969,263.81890869140625,3899800
2019-08-14,269.82000732421875,272.4700012207031,265.8500061035156,267.1499938964844,256.726806640625,3750300
2019-08-15,269.2799987792969,273.1499938964844,268.0899963378906,271.8900146484375,261.2818298339844,3364300
2019-08-16,274.9800109863281,275.9599914550781,273.7900085449219,274.3599853515625,263.6555480957031,2718100
2019-08-19,277.0,278.57000732421875,275.2099914550781,278.07000732421875,267.2207336425781,2502300
2019-08-20,278.3999938964844,279.55999755859375,275.8500061035156,277.0400085449219,266.2308044433594,2583600
2019-08-21,279.6400146484375,282.1000061035156,279.2900085449219,282.010009765625,271.0070495605469,2492200
2019-08-22,282.1099853515625,282.8900146484375,276.760009765625,280.7699890136719,269.8153991699219,2975800
2019-08-23,280.0,282.0899963378906,270.2099914550781,271.8900146484375,261.2818298339844,4415000
2019-08-26,274.8800048828125,276.42999267578125,272.9800109863281,276.42999267578125,265.6446533203125,2184400
2019-08-27,276.739990234375,279.0899963378906,274.9100036621094,276.6400146484375,265.8464660644531,2169400
2019-08-28,275.2300109863281,278.6499938964844,273.3699951171875,278.239990234375,267.38409423828125,2306900
2019-08-29,281.0,281.9800109863281,278.8800048828125,281.3800048828125,270.4015808105469,2297200
2019-08-30,282.5899963378906,282.9599914550781,278.7300109863281,281.3699951171875,270.39190673828125,2600300
2019-09-03,279.989990234375,282.8399963378906,278.5,280.1099853515625,269.1810302734375,2350800
2019-09-04,282.7699890136719,286.2099914550781,282.1499938964844,286.1000061035156,274.93731689453125,2631000
2019-09-05,290.2900085449219,293.4599914550781,289.6000061035156,292.0799865722656,280.68402099609375,3808300
2019-09-06,291.94000244140625,293.07000732421875,290.04998779296875,291.3800048828125,280.0113830566406,2783300
2019-09-09,293.489990234375,293.69000244140625,280.1000061035156,283.3599853515625,272.3042907714844,4795900
2019-09-10,281.3399963378906,281.5,270.3399963378906,272.3299865722656,261.7047424316406,8683800
2019-09-11,274.9200134277344,276.0,269.20001220703125,269.95001220703125,259.4175109863281,6342300
2019-09-12,273.3900146484375,278.7699890136719,273.19000244140625,276.3999938964844,265.6158142089844,5497900
2019-09-13,277.989990234375,278.1499938964844,273.0400085449219,276.32000732421875,265.5389404296875,4631100
2019-09-16,273.4700012207031,275.760009765625,272.7099914550781,274.0799865722656,263.3863220214844,2755100
2019-09-17,274.54998779296875,278.6300048828125,273.95001220703125,276.25,265.4716796875,2929500
2019-09-18,276.7699890136719,276.8500061035156,270.44000244140625,275.1000061035156,264.3665466308594,2975900
2019-09-19,275.9599914550781,278.1499938964844,274.8500061035156,275.9100036621094,265.1449279785156,2623800
2019-09-20,277.7900085449219,278.5899963378906,270.9100036621094,271.1700134277344,260.5899353027344,5540800
2019-09-23,270.29998779296875,273.739990234375,270.0,273.1499938964844,262.49273681640625,3092000
2019-09-24,275.6300048828125,277.44000244140625,269.05999755859375,271.1199951171875,260.5418395996094,4120300
2019-09-25,270.25,272.989990234375,266.6099853515625,272.75,262.1082458496094,4083600
2019-09-26,273.2300109863281,275.44000244140625,272.6300048828125,273.8900146484375,263.20379638671875,2924600
2019-09-27,275.3900146484375,275.6300048828125,267.69000244140625,269.1300048828125,258.6294860839844,3175700
2019-09-30,270.989990234375,272.07000732421875,269.32000732421875,271.57000732421875,260.9742736816406,3128700
2019-10-01,271.489990234375,273.6499938964844,270.0400085449219,270.94000244140625,260.368896484375,3066400
2019-10-02,268.1600036621094,268.94000244140625,262.5199890136719,264.4800109863281,254.1609649658203,4308900
2019-10-03,264.25,268.5400085449219,260.4100036621094,268.2900085449219,257.8222961425781,3948100
2019-10-04,269.510009765625,274.4800109863281,269.1600036621094,274.05999755859375,263.36712646484375,2671400
2019-10-07,271.30999755859375,273.5,270.4100036621094,272.19000244140625,261.5700378417969,2861900
2019-10-08,269.82000732421875,271.0799865722656,266.5899963378906,267.07000732421875,256.96142578125,2818900
2019-10-09,269.9599914550781,273.1400146484375,269.5,272.239990234375,261.93572998046875,2169600
2019-10-10,271.55999755859375,274.7099914550781,271.260009765625,273.8299865722656,263.465576171875,2194700
2019-10-11,276.20001220703125,280.0,275.1199951171875,275.9100036621094,265.466796875,3493000
2019-10-14,277.55999755859375,278.55999755859375,275.55999755859375,276.3800048828125,265.91900634765625,2042500
2019-10-15,277.2099914550781,279.9599914550781,275.9599914550781,278.55999755859375,268.0165100097656,3006600
2019-10-16,277.1000061035156,279.0299987792969,274.79998779296875,278.2699890136719,267.7374267578125,2689400
2019-10-17,279.3500061035156,280.44000244140625,275.92999267578125,276.510009765625,266.0441589355469,2396600
2019-10-18,275.239990234375,276.67999267578125,269.8999938964844,270.6300048828125,260.38671875,4052300
2019-10-21,271.92999267578125,274.3599853515625,269.5,274.29998779296875,263.9177551269531,2921200
2019-10-22,274.8999938964844,275.3500061035156,261.010009765625,261.260009765625,251.3713836669922,5619500
2019-10-23,262.67999267578125,264.19000244140625,258.510009765625,260.8500061035156,250.97694396972656,5367000
2019-10-24,263.55999755859375,269.3299865722656,263.55999755859375,268.75,258.5777587890625,3791900
2019-10-25,266.260009765625,272.17999267578125,265.55999755859375,270.19000244140625,259.9634094238281,2760200
2019-10-28,273.260009765625,275.92999267578125,271.3699951171875,275.92999267578125,265.4860534667969,3796600
2019-10-29,277.6000061035156,278.2900085449219,273.0799865722656,274.2900085449219,263.908203125,4706700
2019-10-30,274.6400146484375,277.4700012207031,273.0,277.1499938964844,266.6599426269531,3485500
2019-10-31,276.3800048828125,279.0899963378906,275.05999755859375,276.80999755859375,266.332763671875,5356000
2019-11-01,279.0,280.3900146484375,276.1199951171875,279.04998779296875,268.4880065917969,2880000
2019-11-04,280.6400146484375,282.239990234375,275.80999755859375,276.3299865722656,265.8709716796875,3726600
2019-11-05,276.5,276.95001220703125,268.4200134277344,269.0,258.818359375,4717500
2019-11-06,270.29998779296875,271.6700134277344,268.8800048828125,269.8599853515625,259.6457824707031,3742900
2019-11-07,270.0199890136719,275.0799865722656,269.8599853515625,272.7900085449219,262.4649963378906,4277800
2019-11-08,271.70001220703125,274.95001220703125,271.70001220703125,274.8900146484375,264.48553466796875,2241300
2019-11-11,273.0799865722656,277.1300048828125,273.05999755859375,277.0,266.51556396484375,2132600
2019-11-12,277.6000061035156,279.5,275.7699890136719,277.1400146484375,266.65032958984375,2217200
2019-11-13,276.510009765625,280.4599914550781,275.0,278.07000732421875,267.5451354980469,3320600
2019-11-14,277.45001220703125,279.6300048828125,276.70001220703125,279.6300048828125,269.0460510253906,2365900
2019-11-15,280.6400146484375,280.8999938964844,278.1300048828125,280.7799987792969,270.1524658203125,2544200
2019-11-18,280.0,281.7699890136719,278.3999938964844,280.8599853515625,270.22943115234375,2715900
2019-11-19,281.5199890136719,286.5799865722656,280.94000244140625,285.30999755859375,274.51104736328125,3013800
2019-11-20,285.0,287.7300109863281,282.8599853515625,285.3800048828125,274.5784606933594,2903900
2019-11-21,284.6000061035156,286.5199890136719,283.5899963378906,284.45001220703125,273.68365478515625,2777000
2019-11-22,284.8299865722656,285.3599853515625,281.2099914550781,282.57000732421875,271.8747863769531,2968100
2019-11-25,284.0,288.989990234375,283.70001220703125,287.6099853515625,276.7239685058594,3760200
2019-11-26,288.5,290.6499938964844,287.82000732421875,289.3800048828125,278.4270324707031,5712800
2019-11-27,289.0299987792969,292.0,288.9100036621094,291.70001220703125,280.6591796875,2163500
2019-11-29,290.2300109863281,293.0,290.2300109863281,292.2300109863281,281.1691589355469,1754400
2019-12-02,290.5899963378906,290.75,283.8900146484375,286.4700012207031,275.627197265625,3062300
2019-12-03,282.20001220703125,287.6000061035156,281.5,287.0899963378906,276.2236633300781,2528300
2019-12-04,288.5,289.6199951171875,286.1199951171875,286.8399963378906,275.9831237792969,2743300
2019-12-05,287.95001220703125,290.95001220703125,286.3999938964844,289.8500061035156,278.8791809082031,2580300
2019-12-06,292.30999755859375,292.5,289.67999267578125,290.3999938964844,279.4084167480469,2425200
2019-12-09,289.19000244140625,290.9599914550781,288.260009765625,289.05999755859375,278.11907958984375,1903000
2019-12-10,289.0,290.1700134277344,287.7099914550781,288.6099853515625,277.6861572265625,2514300
2019-12-11,289.760009765625,290.32000732421875,288.1099853515625,290.04998779296875,279.0715637207031,2298100
2019-12-12,289.8999938964844,292.75,288.2699890136719,292.2099914550781,281.1498718261719,2746400
2019-12-13,290.7900085449219,296.5299987792969,289.79998779296875,296.0899963378906,284.8829650878906,3565400
2019-12-16,298.1099853515625,299.4800109863281,296.8599853515625,296.9599914550781,285.7201232910156,4210700
2019-12-17,298.5,298.5,293.7699890136719,296.0,284.7964782714844,3354500
2019-12-18,295.20001220703125,297.29998779296875,294.739990234375,294.739990234375,283.5841979980469,2902700
2019-12-19,294.489990234375,298.17999267578125,294.1099853515625,297.5299987792969,286.26849365234375,2536900
2019-12-20,300.54998779296875,300.54998779296875,296.80999755859375,298.57000732421875,287.2691650390625,5099400
2019-12-23,298.739990234375,299.8299865722656,297.1000061035156,297.2699890136719,286.0183410644531,3590500
2019-12-24,297.9599914550781,298.30999755859375,296.6000061035156,297.4800109863281,286.2203674316406,641100
2019-12-26,298.1099853515625,299.3699951171875,297.79998779296875,299.20001220703125,287.8752746582031,1369200
2019-12-27,300.0,301.5299987792969,298.17999267578125,300.739990234375,289.3569641113281,2042600
2019-12-30,300.8299865722656,301.04998779296875,295.2799987792969,297.7200012207031,286.451416015625,2717600
2019-12-31,296.1000061035156,298.92999267578125,295.7699890136719,298.5899963378906,287.2883605957031,2478600
2020-01-02,300.4599914550781,303.5299987792969,299.5,303.3900146484375,291.90673828125,3272400
2020-01-03,299.4599914550781,302.4200134277344,298.6000061035156,300.42999267578125,289.0586853027344,2501300
2020-01-06,297.3599853515625,301.3299865722656,296.0199890136719,301.2300109863281,289.8284606933594,3307200
2020-01-07,301.739990234375,303.3800048828125,299.8800048828125,300.2099914550781,288.8470764160156,3182000
2020-01-08,300.7799987792969,306.95001220703125,300.510009765625,305.1000061035156,293.9435729980469,3224400
2020-01-09,308.2799987792969,310.94000244140625,308.0199890136719,309.1000061035156,297.7973937988281,3292600
2020-01-10,311.5799865722656,311.95001220703125,308.739990234375,311.1700134277344,299.7917785644531,2948000
2020-01-13,313.260009765625,315.6400146484375,312.8999938964844,315.2099914550781,303.6839294433594,3236400
2020-01-14,316.17999267578125,316.4200134277344,309.8599853515625,310.6400146484375,299.2811279296875,4951400
2020-01-15,312.19000244140625,315.7300109863281,311.0400085449219,314.25,302.759033203125,4664200
2020-01-16,317.5,320.3299865722656,314.989990234375,320.29998779296875,308.5877990722656,3323300
2020-01-17,321.42999267578125,324.0299987792969,319.239990234375,323.6600036621094,311.824951171875,4821000
2020-01-21,322.4100036621094,325.6600036621094,321.489990234375,321.92999267578125,310.1582336425781,5998600
2020-01-22,324.95001220703125,326.7900085449219,324.1199951171875,324.30999755859375,312.45123291015625,3518500
2020-01-23,325.0,325.25,322.32000732421875,324.9800109863281,313.0966796875,4188300
2020-01-24,326.57000732421875,327.0899963378906,321.6600036621094,323.6700134277344,311.83465576171875,3634700
2020-01-27,315.1000061035156,319.3599853515625,312.5,315.7699890136719,304.2234191894531,4367500
2020-01-28,315.79998779296875,321.5199890136719,315.4599914550781,320.2699890136719,308.5589294433594,3486200
2020-01-29,323.0,324.44000244140625,316.7699890136719,320.32000732421875,308.6070861816406,4389400
2020-01-30,319.0,324.70001220703125,318.010009765625,324.4599914550781,312.5956726074219,3512100
2020-01-31,323.1400146484375,324.4599914550781,314.5,315.94000244140625,304.3872985839844,5586800
2020-02-03,318.79998779296875,325.4800109863281,318.42999267578125,324.5199890136719,312.65350341796875,4240100
2020-02-04,328.239990234375,331.739990234375,326.2900085449219,329.1199951171875,317.0852355957031,4158200
2020-02-05,335.0,335.0,324.1700134277344,328.32000732421875,316.31463623046875,3868000
2020-02-06,329.32000732421875,331.2300109863281,327.67999267578125,329.29998779296875,317.25872802734375,3422000
2020-02-07,328.0,329.8500061035156,325.8699951171875,327.0,315.0428771972656,2584200
2020-02-10,325.6199951171875,330.2799987792969,325.510009765625,330.2799987792969,318.2029113769531,3848100
2020-02-11,335.0,335.5199890136719,329.6600036621094,330.9200134277344,318.819580078125,3449300
2020-02-12,330.82000732421875,334.45001220703125,329.2200012207031,334.1600036621094,321.941162109375,2451000
2020-02-13,332.30999755859375,337.8299865722656,332.1300048828125,335.8399963378906,323.5595397949219,3001000
2020-02-14,337.4599914550781,341.0400085449219,337.0299987792969,340.95001220703125,328.4827880859375,2716300
2020-02-18,341.6199951171875,343.1000061035156,340.3900146484375,341.239990234375,328.76220703125,3597300
2020-02-19,343.989990234375,347.239990234375,342.6300048828125,344.55999755859375,331.9607849121094,3040300
2020-02-20,345.739990234375,347.25,338.1700134277344,344.45001220703125,331.8547668457031,4316000
2020-02-21,342.54998779296875,343.8900146484375,335.6099853515625,339.70001220703125,327.2784423828125,4997100
2020-02-24,317.510009765625,329.3399963378906,313.8399963378906,324.6700134277344,312.7980651855469,7816000
2020-02-25,321.3399963378906,323.2300109863281,300.760009765625,302.8900146484375,291.81451416015625,12715700
2020-02-26,302.0,307.8900146484375,297.8900146484375,298.0400085449219,287.1417541503906,9403300
2020-02-27,285.0299987792969,297.45001220703125,280.94000244140625,285.82000732421875,275.3685607910156,13814600
2020-02-28,274.8900146484375,290.3900146484375,273.54998779296875,290.25,279.6366271972656,12846000
2020-03-02,298.8900146484375,306.9599914550781,289.44000244140625,306.739990234375,295.523681640625,9688100
2020-03-03,314.5899963378906,314.5899963378906,290.8299865722656,292.0,281.3226623535156,8051100
2020-03-04,299.1099853515625,302.79998779296875,292.75,302.3599853515625,291.3038330078125,6463800
2020-03-05,295.7099914550781,298.7099914550781,288.239990234375,290.7300109863281,280.09918212890625,6621300
2020-03-06,282.69000244140625,288.8500061035156,278.6199951171875,287.010009765625,276.51519775390625,7061500
2020-03-09,265.0,279.239990234375,261.17999267578125,262.010009765625,252.42933654785156,8498300
2020-03-10,276.4200134277344,280.8699951171875,262.8599853515625,280.57000732421875,270.3106384277344,8131400
2020-03-11,272.95001220703125,274.0400085449219,263.30999755859375,269.760009765625,259.8959655761719,8366800
2020-03-12,244.52999877929688,262.489990234375,240.92999267578125,241.5,232.66925048828125,15031500
2020-03-13,258.7799987792969,270.0299987792969,245.5,270.010009765625,260.13677978515625,9934900
2020-03-16,234.49000549316406,257.7300109863281,229.25999450683594,235.64999389648438,227.03318786621094,12111500
2020-03-17,240.47999572753906,250.5,231.9600067138672,237.8800048828125,229.18165588378906,12665200
2020-03-18,222.33999633789062,229.10000610351562,213.22000122070312,227.92999267578125,219.595458984375,11352800
2020-03-19,224.00999450683594,238.5,211.5500030517578,227.14999389648438,218.84396362304688,9126400
2020-03-20,236.02000427246094,236.02000427246094,210.0,211.4199981689453,203.68917846679688,10518600
2020-03-23,203.27999877929688,215.67999267578125,199.99000549316406,203.3000030517578,195.8660888671875,11588700
2020-03-24,215.9199981689453,238.44000244140625,215.0,237.07000732421875,228.40127563476562,11654800
2020-03-25,247.89999389648438,266.29998779296875,240.36000061035156,256.4800109863281,247.10150146484375,12642700
2020-03-26,257.8999938964844,265.80999755859375,252.6199951171875,263.17999267578125,253.55645751953125,9957900
2020-03-27,250.24000549316406,256.07000732421875,244.6999969482422,247.64999389648438,238.59437561035156,7819300
2020-03-30,245.85000610351562,254.25,244.64999389648438,253.25,243.9896240234375,5765800
2020-03-31,252.4600067138672,253.4199981689453,241.0800018310547,241.55999755859375,232.72705078125,10373900
2020-04-01,230.94000244140625,237.10000610351562,227.10000610351562,228.61000061035156,220.2506103515625,6646200
2020-04-02,228.38999938964844,239.3699951171875,227.35000610351562,238.8800048828125,230.14503479003906,6446600
2020-04-03,236.97999572753906,239.8800048828125,230.30999755859375,237.02999877929688,228.36268615722656,4163000
2020-04-06,252.0,267.1099853515625,250.00999450683594,265.94000244140625,256.2156066894531,8636700
2020-04-07,281.6099853515625,282.8699951171875,258.4800109863281,259.0799865722656,249.6064453125,8627300
2020-04-08,262.510009765625,271.8800048828125,258.9100036621094,270.95001220703125,261.4460144042969,5690100
2020-04-09,275.1300048828125,276.0,267.7200012207031,269.3999938964844,259.95037841796875,6662900
2020-04-13,268.20001220703125,268.70001220703125,255.75,263.3399963378906,254.10302734375,7114400
2020-04-14,269.8800048828125,275.6400146484375,269.20001220703125,270.7200012207031,261.2239990234375,6354400
2020-04-15,260.510009765625,262.95001220703125,255.6199951171875,257.1400146484375,248.12045288085938,10240700
2020-04-16,258.3900146484375,258.3900146484375,244.7100067138672,246.75999450683594,238.10455322265625,11455400
2020-04-17,258.25,260.70001220703125,251.50999450683594,259.9700012207031,250.85116577148438,10412100
2020-04-20,254.50999450683594,256.6300048828125,249.6699981689453,251.72999572753906,242.90023803710938,6042700
2020-04-21,246.64999389648438,249.38999938964844,244.10000610351562,245.35000610351562,236.74400329589844,5964600
2020-04-22,251.4600067138672,258.6000061035156,251.0,256.9100036621094,247.89854431152344,5083200
2020-04-23,259.3900146484375,262.4200134277344,255.27000427246094,255.86000061035156,246.8853302001953,4270600
2020-04-24,258.42999267578125,259.8299865722656,252.8300018310547,258.760009765625,249.68365478515625,3824200
2020-04-27,260.2200012207031,265.7200012207031,259.510009765625,265.1199951171875,255.8204803466797,4099900
2020-04-28,270.3999938964844,272.6499938964844,262.9599914550781,264.6000061035156,255.3186798095703,4344000
2020-04-29,278.45001220703125,285.0,276.260009765625,283.69000244140625,273.7391357421875,8505000
2020-04-30,278.42999267578125,281.6300048828125,273.4100036621094,274.9700012207031,265.3250427246094,5898900
2020-05-01,268.70001220703125,273.989990234375,267.2099914550781,268.739990234375,259.3135986328125,5067800
2020-05-04,265.5,270.07000732421875,263.010009765625,269.260009765625,259.8152770996094,3747100
2020-05-05,276.8399963378906,277.8500061035156,273.29998779296875,273.9800109863281,264.3697509765625,3926200
2020-05-06,276.9599914550781,276.9599914550781,271.54998779296875,272.44000244140625,262.8838195800781,3261900
2020-05-07,277.80999755859375,282.45001220703125,277.239990234375,278.4700012207031,268.7022399902344,4371400
2020-05-08,283.3999938964844,283.4200134277344,279.5,282.44000244140625,272.5330505371094,3215400
2020-05-11,279.5,282.80999755859375,277.6300048828125,281.2300109863281,271.3653564453125,4056900
2020-05-12,280.45001220703125,282.3299865722656,272.1099853515625,272.1099853515625,262.56536865234375,4031400
2020-05-13,272.29998779296875,276.07000732421875,264.19000244140625,269.1600036621094,259.7188720703125,4802100
2020-05-14,270.20001220703125,277.55999755859375,263.9599914550781,277.30999755859375,267.5828857421875,6294200
2020-05-15,276.0400085449219,279.1400146484375,273.2900085449219,278.94000244140625,269.15576171875,3813300
2020-05-18,285.4599914550781,292.0899963378906,285.0,289.8999938964844,279.7313232421875,6037800
2020-05-19,289.1700134277344,297.82000732421875,287.489990234375,290.7300109863281,280.53228759765625,5211800
2020-05-20,295.75,301.1499938964844,295.3900146484375,298.79998779296875,288.31915283203125,4592200
2020-05-21,299.3699951171875,299.92999267578125,292.75,294.260009765625,283.9384460449219,3944100
2020-05-22,295.05999755859375,296.79998779296875,293.010009765625,294.9100036621094,284.5655517578125,2897000
2020-05-26,304.6199951171875,305.0,301.94000244140625,303.3299865722656,292.69024658203125,5246900
2020-05-27,304.0,304.7300109863281,292.1199951171875,299.7699890136719,289.255126953125,5147900
2020-05-28,300.9800109863281,310.0,298.8399963378906,302.29998779296875,291.6963195800781,4520800
2020-05-29,302.0,304.42999267578125,298.8699951171875,300.8900146484375,290.33587646484375,4930100
2020-06-01,300.79998779296875,303.05999755859375,297.8999938964844,301.3999938964844,290.8280029296875,2841800
2020-06-02,304.989990234375,306.1099853515625,301.69000244140625,303.5899963378906,292.94122314453125,4131300
2020-06-03,305.4800109863281,308.1099853515625,302.2099914550781,307.07000732421875,296.2990417480469,3429700
2020-06-04,305.44000244140625,306.6199951171875,299.3399963378906,301.3699951171875,290.79901123046875,4147700
2020-06-05,306.80999755859375,312.17999267578125,305.6499938964844,311.8800048828125,300.9404296875,5058200
2020-06-08,311.05999755859375,313.5799865722656,307.04998779296875,310.4100036621094,299.5218811035156,3724300
2020-06-09,309.7799987792969,313.4700012207031,308.20001220703125,311.489990234375,300.5639953613281,3314800
2020-06-10,312.3900146484375,316.05999755859375,310.2900085449219,313.1499938964844,302.16571044921875,4089000
2020-06-11,305.010009765625,306.489990234375,291.05999755859375,291.25,281.0339660644531,6505300
2020-06-12,298.7900085449219,299.989990234375,290.8900146484375,297.7900085449219,287.3446044921875,4512200
2020-06-15,290.0,298.9200134277344,288.75,297.1700134277344,286.7463073730469,5932900
2020-06-16,305.9100036621094,309.0899963378906,300.1099853515625,304.4800109863281,293.7998962402344,4013100
2020-06-17,305.0,307.4800109863281,303.0799865722656,303.760009765625,293.10516357421875,2566400
2020-06-18,301.8299865722656,305.1000061035156,300.5,304.8500061035156,294.15692138671875,2776600
2020-06-19,309.5,309.5,296.5,296.5,286.09991455078125,4533500
2020-06-22,299.6000061035156,304.95001220703125,297.7300109863281,304.44000244140625,293.7613525390625,3489200
2020-06-23,307.0299987792969,310.42999267578125,304.4200134277344,306.8800048828125,296.1157531738281,3801500
2020-06-24,305.0,305.5199890136719,293.05999755859375,294.010009765625,283.6971435546875,5086000
2020-06-25,294.1600036621094,298.3900146484375,290.6700134277344,298.010009765625,287.5569763183594,3294800
2020-06-26,296.8800048828125,298.1099853515625,289.1700134277344,289.3399963378906,279.1910095214844,4922500
2020-06-29,291.3399963378906,293.1499938964844,285.1499938964844,292.92999267578125,282.655029296875,3642200
2020-06-30,293.0899963378906,296.6000061035156,291.010009765625,295.70001220703125,285.3278503417969,4283500
2020-07-01,295.9599914550781,303.2699890136719,295.1199951171875,301.1700134277344,290.6060791015625,3801300
2020-07-02,304.3299865722656,306.8900146484375,301.30999755859375,302.4200134277344,291.81219482421875,3290100
2020-07-06,306.6499938964844,307.32000732421875,303.1700134277344,305.57000732421875,294.8516540527344,3013300
2020-07-07,303.19000244140625,307.7900085449219,299.3999938964844,299.9100036621094,289.3902587890625,3633100
2020-07-08,300.9100036621094,301.5400085449219,297.3999938964844,300.1499938964844,290.00860595703125,4115000
2020-07-09,299.6199951171875,300.7200012207031,290.55999755859375,294.5899963378906,284.6364440917969,5042800
2020-07-10,294.0,296.9599914550781,291.5,295.67999267578125,285.6895751953125,3030900
2020-07-13,297.8599853515625,298.6199951171875,290.0199890136719,290.17999267578125,280.37548828125,4853700
2020-07-14,292.0,299.1000061035156,288.6499938964844,298.95001220703125,288.84912109375,4795900
2020-07-15,303.0,306.7699890136719,301.3900146484375,305.7200012207031,295.39044189453125,5257300
2020-07-16,302.9700012207031,303.5299987792969,298.9100036621094,299.3500061035156,289.23565673828125,3312100
2020-07-17,301.7300109863281,305.239990234375,299.4100036621094,304.05999755859375,293.7864685058594,3169800
2020-07-20,301.9200134277344,314.989990234375,301.9200134277344,311.9599914550781,301.4195861816406,5279400
2020-07-21,313.0,314.04998779296875,306.29998779296875,307.6000061035156,297.20684814453125,3562100
2020-07-22,308.1300048828125,313.57000732421875,308.1300048828125,313.3699951171875,302.7818908691406,3303100
2020-07-23,313.54998779296875,317.239990234375,308.7200012207031,309.8999938964844,299.4291687011719,3118500
2020-07-24,306.4800109863281,310.7300109863281,304.5400085449219,306.9200134277344,296.5498962402344,2500300
2020-07-27,307.05999755859375,310.0,306.0199890136719,308.8599853515625,298.42425537109375,2311600
2020-07-28,308.5,310.20001220703125,306.0299987792969,306.3299865722656,295.979736328125,2116300
2020-07-29,304.5,311.6600036621094,304.1199951171875,309.29998779296875,298.8494567871094,3542400
2020-07-30,304.0,312.82000732421875,303.0400085449219,309.0,298.5596008300781,3941600
2020-07-31,310.0,310.0899963378906,305.6099853515625,308.5299987792969,298.10546875,4684400
2020-08-03,311.0,313.5,309.29998779296875,312.5899963378906,302.02825927734375,3907800
2020-08-04,312.5,315.69000244140625,311.1000061035156,314.3900146484375,303.7674560546875,3409200
2020-08-05,316.3699951171875,329.67999267578125,315.8699951171875,328.0,316.9176330566406,5677200
2020-08-06,327.3999938964844,331.2200012207031,325.8999938964844,330.1400146484375,318.9853515625,4839800
2020-08-07,328.0,328.3299865722656,323.92999267578125,328.0199890136719,316.9369201660156,3662500
2020-08-10,327.19000244140625,329.739990234375,321.8599853515625,322.8800048828125,311.9705810546875,3752100
2020-08-11,325.0,334.54998779296875,323.5799865722656,328.5400085449219,317.4393310546875,5273300
2020-08-12,328.6600036621094,331.3999938964844,326.20001220703125,327.6300048828125,316.5601501464844,3125900
2020-08-13,325.92999267578125,329.8299865722656,325.6199951171875,326.19000244140625,315.16876220703125,2526700
2020-08-14,325.6700134277344,327.6400146484375,324.80999755859375,326.79998779296875,315.75811767578125,1444900
2020-08-17,327.0,331.2300109863281,326.67999267578125,330.2300109863281,319.0722961425781,2904100
2020-08-18,330.20001220703125,331.3999938964844,326.3500061035156,331.0,319.8162536621094,3021700
2020-08-19,330.0400085449219,334.4599914550781,330.0,332.3999938964844,321.1689758300781,3421000
2020-08-20,330.19000244140625,338.0,330.19000244140625,337.32000732421875,325.9226379394531,2966000
2020-08-21,338.0,338.79998779296875,335.9700012207031,337.1000061035156,325.7101135253906,2680900
2020-08-24,339.3599853515625,343.8299865722656,338.75,343.6400146484375,332.0291442871094,2753900
2020-08-25,344.7099914550781,348.4599914550781,343.3299865722656,347.6600036621094,335.9133605957031,2862700
2020-08-26,348.0,352.2900085449219,345.5,351.0199890136719,339.1597595214844,3512000
2020-08-27,351.7300109863281,358.0,350.5799865722656,356.0,343.9715881347656,3811700
2020-08-28,357.4800109863281,367.25,356.1600036621094,366.1199951171875,353.7496032714844,3544700
2020-08-31,366.6300048828125,366.6300048828125,357.69000244140625,358.19000244140625,346.08758544921875,3948200
2020-09-01,357.7099914550781,359.44000244140625,353.55999755859375,356.8999938964844,344.8411560058594,4409600
2020-09-02,357.3900146484375,361.6000061035156,356.2799987792969,360.70001220703125,348.5126953125,4127200
2020-09-03,358.4700012207031,358.94000244140625,341.260009765625,343.8399963378906,332.22247314453125,6297400
2020-09-04,343.0,346.989990234375,326.54998779296875,335.010009765625,323.6908264160156,6571200
2020-09-08,328.760009765625,335.7099914550781,326.8999938964844,329.8800048828125,318.7341003417969,4425700
2020-09-09,337.3900146484375,342.760009765625,332.3699951171875,339.6400146484375,328.164306640625,3344900
2020-09-10,342.5,345.1300048828125,331.1400146484375,332.8800048828125,321.63275146484375,2845900
2020-09-11,334.7099914550781,334.7099914550781,327.30999755859375,330.1499938964844,318.9949645996094,2920400
2020-09-14,334.9700012207031,340.0,334.0199890136719,338.6000061035156,327.15948486328125,3416100
2020-09-15,342.739990234375,343.92999267578125,338.5299987792969,339.1400146484375,327.6811828613281,2396400
2020-09-16,341.2799987792969,346.0400085449219,339.7900085449219,341.8500061035156,330.2996826171875,3049000
2020-09-17,337.1400146484375,343.7200012207031,336.0,339.42999267578125,327.9614562988281,3713000
2020-09-18,338.2099914550781,341.1400146484375,333.3699951171875,335.260009765625,323.9322814941406,4006000
2020-09-21,329.4700012207031,331.6700134277344,320.80999755859375,327.8500061035156,316.7727355957031,4466000
2020-09-22,329.510009765625,336.0299987792969,325.1099853515625,335.30999755859375,323.98065185546875,3375300
2020-09-23,334.8399963378906,335.1700134277344,323.4700012207031,324.5299987792969,313.5648193359375,2893900
2020-09-24,323.20001220703125,330.7799987792969,321.17999267578125,328.2099914550781,317.1205749511719,3706300
2020-09-25,325.6499938964844,333.4800109863281,322.1000061035156,331.7799987792969,320.5699462890625,3077500
2020-09-28,336.6099853515625,340.57000732421875,335.80999755859375,338.3900146484375,326.95654296875,3122500
2020-09-29,338.3900146484375,340.7200012207031,335.82000732421875,336.2300109863281,324.86956787109375,2679500
2020-09-30,336.70001220703125,343.6499938964844,336.4200134277344,338.1700134277344,326.7440490722656,3285200
2020-10-01,342.239990234375,346.70001220703125,340.2799987792969,343.3699951171875,331.7682189941406,2503600
2020-10-02,338.2699890136719,342.6099853515625,336.010009765625,338.8299865722656,327.3816223144531,2184600
2020-10-05,341.67999267578125,343.25,338.9700012207031,343.25,331.65234375,2081600
2020-10-06,342.05999755859375,346.3599853515625,336.2200012207031,337.42999267578125,326.0289611816406,2553400
2020-10-07,341.7799987792969,344.6499938964844,340.3399963378906,343.8999938964844,332.2803649902344,3068200
2020-10-08,345.010009765625,347.69000244140625,344.239990234375,345.1499938964844,333.87640380859375,1991800
2020-10-09,347.989990234375,353.3599853515625,347.0,352.3900146484375,340.88006591796875,3116500
2020-10-12,355.0,355.0,350.82000732421875,352.0400085449219,340.5413818359375,2942900
2020-10-13,351.42999267578125,351.5,345.0199890136719,345.8399963378906,334.5439147949219,2523800
2020-10-14,345.760009765625,347.19000244140625,341.19000244140625,342.70001220703125,331.5065002441406,2234300
2020-10-15,338.29998779296875,339.6099853515625,332.82000732421875,338.57000732421875,327.51141357421875,3727300
2020-10-16,340.0,344.9800109863281,339.2300109863281,339.3999938964844,328.3142395019531,3324600
2020-10-19,340.1199951171875,341.29998779296875,330.42999267578125,331.6700134277344,320.8369140625,2937600
2020-10-20,333.0400085449219,336.79998779296875,331.67999267578125,331.7200012207031,320.88519287109375,2677800
2020-10-21,332.489990234375,336.32000732421875,331.29998779296875,333.4200134277344,322.5296936035156,2725300
2020-10-22,333.3699951171875,335.3800048828125,329.25,333.6000061035156,322.70379638671875,2256000
2020-10-23,335.69000244140625,335.69000244140625,328.30999755859375,329.6099853515625,318.84405517578125,2945400
2020-10-26,326.4100036621094,327.239990234375,314.2300109863281,318.05999755859375,307.6712951660156,5173300
2020-10-27,318.8999938964844,319.55999755859375,312.3599853515625,317.1099853515625,306.7523498535156,4314900
2020-10-28,301.69000244140625,302.0,288.6000061035156,291.3800048828125,281.8627014160156,11518200
2020-10-29,293.20001220703125,295.29998779296875,287.54998779296875,293.17999267578125,283.6039733886719,9582300
2020-10-30,289.8500061035156,291.8500061035156,281.20001220703125,288.6400146484375,279.21234130859375,6892800
2020-11-02,294.239990234375,294.8399963378906,288.1199951171875,289.9700012207031,280.4988708496094,5094900
2020-11-03,294.45001220703125,300.3399963378906,291.7799987792969,295.3900146484375,285.74188232421875,4097700
2020-11-04,305.0899963378906,312.7200012207031,302.239990234375,307.20001220703125,297.1661071777344,4790100
2020-11-05,315.1400146484375,319.3500061035156,313.5799865722656,316.5299987792969,306.19134521484375,3794400
2020-11-06,315.9800109863281,316.489990234375,310.0899963378906,313.6400146484375,303.39569091796875,2978500
2020-11-09,346.9200134277344,357.0,340.8999938964844,344.55999755859375,333.3058166503906,10933700
2020-11-10,339.989990234375,345.8599853515625,333.44000244140625,334.7799987792969,323.84521484375,5330400
2020-11-11,337.4100036621094,337.70001220703125,331.07000732421875,332.3900146484375,321.5332946777344,2969900
2020-11-12,329.05999755859375,333.0899963378906,326.29998779296875,328.2900085449219,317.5672302246094,3207700
2020-11-13,330.29998779296875,336.1099853515625,327.3399963378906,335.0299987792969,324.0870056152344,2393700
2020-11-16,341.79998779296875,342.6499938964844,333.1700134277344,335.45001220703125,324.4933166503906,3312800
2020-11-17,333.1700134277344,337.7699890136719,330.7200012207031,336.5,325.509033203125,3412700
2020-11-18,336.5299987792969,340.95001220703125,334.8599853515625,335.94000244140625,324.96728515625,3203400
2020-11-19,335.489990234375,339.1600036621094,331.4200134277344,333.8800048828125,322.9744873046875,2718700
2020-11-20,334.7799987792969,335.1600036621094,323.0,323.0,312.4499816894531,4142400
2020-11-23,326.2099914550781,333.20001220703125,324.3699951171875,332.0400085449219,321.1947326660156,3219000
2020-11-24,336.9100036621094,344.1099853515625,334.1199951171875,342.3900146484375,331.2066345214844,3529700
2020-11-25,343.7099914550781,343.7099914550781,339.3399963378906,341.32000732421875,330.1715087890625,2535200
2020-11-27,342.8299865722656,342.8800048828125,337.6099853515625,339.07000732421875,327.9951171875,1402300
2020-11-30,337.6600036621094,338.04998779296875,330.17999267578125,336.510009765625,325.51873779296875,4276200
2020-12-01,339.6700134277344,342.6300048828125,337.6199951171875,338.8800048828125,327.8113098144531,4210400
2020-12-02,336.7799987792969,340.239990234375,334.0,340.2200012207031,329.1075134277344,2972100
2020-12-03,338.55999755859375,342.32000732421875,334.1199951171875,335.1400146484375,324.1934509277344,3080300
2020-12-04,336.9200134277344,344.3500061035156,335.79998779296875,344.3500061035156,333.10260009765625,4323600
2020-12-07,343.3599853515625,347.989990234375,340.04998779296875,340.9599914550781,329.8233337402344,2389800
2020-12-08,338.2799987792969,342.8299865722656,336.70001220703125,340.7900085449219,329.65887451171875,2224600
2020-12-09,340.4100036621094,341.7099914550781,334.69000244140625,336.8500061035156,325.8475646972656,2962600
2020-12-10,334.6499938964844,335.5400085449219,331.19000244140625,331.5199890136719,320.6916809082031,3506800
2020-12-11,327.0899963378906,331.57000732421875,325.5299987792969,327.4200134277344,316.7256774902344,4179400
2020-12-14,329.0,338.75,327.5899963378906,331.1499938964844,320.3337707519531,3552400
2020-12-15,333.1600036621094,335.2200012207031,327.6199951171875,333.6499938964844,322.75213623046875,3104600
2020-12-16,333.9599914550781,334.0,329.25,332.1000061035156,321.2527160644531,3393300
2020-12-17,334.5400085449219,338.3299865722656,333.3999938964844,336.8999938964844,325.89599609375,2725500
2020-12-18,336.510009765625,341.6000061035156,334.3500061035156,340.3299865722656,329.2138671875,8443700
2020-12-21,333.2099914550781,336.1499938964844,327.239990234375,334.3699951171875,323.4485778808594,3642500
2020-12-22,334.1600036621094,335.2200012207031,331.6000061035156,332.239990234375,321.3881530761719,2403100
2020-12-23,334.1300048828125,335.2099914550781,329.0299987792969,329.2300109863281,318.47650146484375,2760600
2020-12-24,330.6499938964844,336.3699951171875,330.3500061035156,336.0,325.0253601074219,1308900
2020-12-28,337.8599853515625,345.5899963378906,336.8699951171875,344.4700012207031,333.2186279296875,3449100
2020-12-29,347.7799987792969,348.75,344.760009765625,346.6600036621094,335.33721923828125,2822700
2020-12-30,348.67999267578125,357.82000732421875,347.2099914550781,355.54998779296875,343.9367980957031,4200600
2020-12-31,355.0299987792969,359.4100036621094,353.25,356.94000244140625,345.2814636230469,2881700
2021-01-04,358.0,358.1300048828125,347.3599853515625,351.489990234375,340.0093994140625,4638400
2021-01-05,348.79998779296875,353.0,345.44000244140625,347.4200134277344,336.0723876953125,2990700
2021-01-06,350.4200134277344,354.0299987792969,344.55999755859375,347.54998779296875,336.19805908203125,3966800
2021-01-07,348.95001220703125,352.3699951171875,348.3800048828125,349.8599853515625,338.8616027832031,3100200
2021-01-08,351.3599853515625,354.9800109863281,349.489990234375,353.8500061035156,342.7261962890625,3371500
2021-01-11,352.1099853515625,353.4200134277344,347.7900085449219,348.20001220703125,337.2538757324219,2403000
2021-01-12,347.0799865722656,348.0,336.0299987792969,342.9200134277344,332.1398620605469,4858100
2021-01-13,349.6099853515625,349.760009765625,344.2300109863281,346.3299865722656,335.442626953125,4125700
2021-01-14,348.69000244140625,349.5799865722656,326.69000244140625,326.92999267578125,316.6524963378906,8712200
2021-01-15,327.5400085449219,329.69000244140625,321.8800048828125,323.260009765625,313.09783935546875,7911500
2021-01-19,326.989990234375,329.1300048828125,324.6600036621094,325.94000244140625,315.693603515625,4625200
2021-01-20,329.989990234375,337.92999267578125,329.1300048828125,334.9100036621094,324.3816833496094,5081000
2021-01-21,334.4100036621094,336.8599853515625,331.75,334.44000244140625,323.9263916015625,3484900
2021-01-22,330.3900146484375,335.1499938964844,328.9100036621094,328.989990234375,318.64776611328125,3846600
2021-01-25,327.510009765625,329.95001220703125,317.2300109863281,329.19000244140625,318.8413391113281,6257700
2021-01-26,330.0,330.5400085449219,325.82000732421875,327.70001220703125,317.3983459472656,3503100
2021-01-27,320.3599853515625,323.0,313.1199951171875,315.489990234375,305.5721130371094,7449400
2021-01-28,327.0899963378906,329.0,321.9800109863281,324.2799987792969,314.08575439453125,6906400
2021-01-29,323.79998779296875,325.67999267578125,312.3800048828125,316.2900085449219,306.3468933105469,7627200
2021-02-01,320.9100036621094,323.5199890136719,317.5799865722656,321.55999755859375,311.4513244628906,4930700
2021-02-02,323.45001220703125,336.1600036621094,323.45001220703125,334.3699951171875,323.85858154296875,5686000
2021-02-03,333.8399963378906,336.0,331.07000732421875,332.82000732421875,322.3572998046875,4036800
2021-02-04,335.3699951171875,343.25,335.05999755859375,340.8299865722656,330.1154479980469,4537500
2021-02-05,342.5199890136719,344.3299865722656,337.3900146484375,338.75,328.10089111328125,2964800
2021-02-08,340.0,341.489990234375,335.5299987792969,337.0299987792969,326.43499755859375,2652800
2021-02-09,335.95001220703125,336.2200012207031,330.0,333.44000244140625,322.95782470703125,2993300
2021-02-10,335.0,335.4700012207031,332.25,334.2099914550781,323.7036437988281,4246300
2021-02-11,345.5,349.5899963378906,340.25,342.8699951171875,332.09130859375,5110800
2021-02-12,341.3299865722656,343.1199951171875,336.70001220703125,341.0,330.28021240234375,3025100
2021-02-16,343.20001220703125,344.0,338.07000732421875,341.2099914550781,330.48358154296875,2916900
2021-02-17,339.0400085449219,340.3800048828125,335.8399963378906,337.3299865722656,326.7254943847656,2267000
2021-02-18,334.489990234375,339.95001220703125,332.8399963378906,338.4599914550781,327.8200378417969,2393700
2021-02-19,338.44000244140625,339.0,331.0,333.1700134277344,322.6963195800781,4095800
2021-02-22,330.0,344.1199951171875,328.7699890136719,340.6600036621094,329.9508361816406,4940300
2021-02-23,340.6499938964844,354.2799987792969,338.4100036621094,350.4200134277344,339.40399169921875,6326600
2021-02-24,352.8699951171875,368.7900085449219,350.57000732421875,367.32000732421875,355.7727355957031,7467400
2021-02-25,364.55999755859375,367.32000732421875,352.2099914550781,354.57000732421875,343.4235534667969,5207500
2021-02-26,357.0799865722656,359.3900146484375,347.1199951171875,353.8500061035156,342.7261962890625,4868500
2021-03-01,360.67999267578125,366.45001220703125,359.17999267578125,362.8999938964844,351.4917297363281,4382900
2021-03-02,362.0,366.6099853515625,359.3399963378906,362.82000732421875,351.4142761230469,3559200
2021-03-03,360.0,365.42999267578125,355.45001220703125,360.25,348.92498779296875,3692300
2021-03-04,360.1000061035156,361.6300048828125,344.67999267578125,349.5,338.512939453125,4572000
2021-03-05,354.9200134277344,361.7900085449219,346.4200134277344,360.8800048828125,349.5351257324219,4643200
2021-03-08,362.3999938964844,382.4599914550781,361.7900085449219,371.3299865722656,359.6567077636719,7213300
2021-03-09,375.0,387.32000732421875,372.7200012207031,376.5199890136719,364.68359375,5832800
2021-03-10,376.6000061035156,384.0,373.0,381.70001220703125,369.70074462890625,4509500
2021-03-11,385.5,389.5,382.6000061035156,384.3800048828125,372.29644775390625,3729700
2021-03-12,381.1400146484375,383.92999267578125,379.239990234375,382.7099914550781,370.6789855957031,2467500
2021-03-15,383.30999755859375,387.8599853515625,378.6400146484375,381.760009765625,369.7588195800781,4216200
2021-03-16,382.70001220703125,385.2799987792969,378.69000244140625,382.3800048828125,370.3593444824219,3445100
2021-03-17,381.8500061035156,385.1000061035156,375.8699951171875,378.67999267578125,366.77569580078125,3240900
2021-03-18,375.0299987792969,375.4800109863281,365.0400085449219,367.0,355.46282958984375,7205200
2021-03-19,364.79998779296875,366.2799987792969,350.1400146484375,356.510009765625,345.30267333984375,12224300
2021-03-22,355.94000244140625,361.6499938964844,354.0,358.3999938964844,347.1332092285156,4140400
2021-03-23,359.29998779296875,359.29998779296875,353.510009765625,355.2699890136719,344.10162353515625,3756300
2021-03-24,357.0799865722656,364.989990234375,356.0,359.6499938964844,348.3439025878906,3550000
2021-03-25,358.010009765625,359.4700012207031,354.1499938964844,358.3599853515625,347.0944519042969,2961800
2021-03-26,359.92999267578125,366.6099853515625,357.260009765625,366.1400146484375,354.6298522949219,2741200
2021-03-29,364.239990234375,365.3500061035156,358.6099853515625,362.9100036621094,351.50140380859375,4054900
2021-03-30,360.7799987792969,364.57000732421875,357.1000061035156,358.20001220703125,346.9394836425781,2885800
2021-03-31,359.5899963378906,361.5,355.7799987792969,356.04998779296875,344.8570251464844,4372600
2021-04-01,357.0400085449219,363.3999938964844,355.239990234375,363.29998779296875,351.87908935546875,3701800
2021-04-05,366.79998779296875,370.5199890136719,364.3399963378906,368.32000732421875,356.7413330078125,2180300
2021-04-06,364.8999938964844,370.75,362.5,369.57000732421875,357.95208740234375,2661900
2021-04-07,369.1400146484375,373.9599914550781,369.0,371.0799865722656,359.4145202636719,2958300
2021-04-08,373.0,379.30999755859375,372.75,377.739990234375,366.29949951171875,3528400
2021-04-09,376.0799865722656,380.3500061035156,374.44000244140625,380.0799865722656,368.568603515625,2429300
2021-04-12,378.0799865722656,380.94000244140625,376.17999267578125,379.8399963378906,368.3359375,2896600
2021-04-13,379.05999755859375,380.1000061035156,376.79998779296875,378.1300048828125,366.67767333984375,2652800
2021-04-14,377.0,380.95001220703125,375.6000061035156,378.32000732421875,366.86199951171875,2317400
2021-04-15,381.1700134277344,387.3699951171875,380.9700012207031,386.489990234375,374.7844543457031,2942200
2021-04-16,389.0,389.1000061035156,383.6700134277344,386.1700134277344,374.47412109375,2725500
2021-04-19,384.8999938964844,387.739990234375,381.32000732421875,382.1600036621094,370.5856628417969,3360900
2021-04-20,380.19000244140625,381.30999755859375,373.55999755859375,376.6300048828125,365.2231750488281,3135900
2021-04-21,378.5899963378906,384.1000061035156,376.6700134277344,383.1000061035156,371.4971618652344,2466300
2021-04-22,383.0799865722656,389.5,381.989990234375,383.3599853515625,371.7492980957031,3713700
2021-04-23,384.3500061035156,389.8800048828125,383.4599914550781,387.05999755859375,375.33721923828125,2294800
2021-04-26,387.8299865722656,392.94000244140625,387.1000061035156,387.4700012207031,375.7348327636719,2255000
2021-04-27,388.2200012207031,390.42999267578125,386.1400146484375,389.07000732421875,377.2864685058594,2270000
2021-04-28,390.70001220703125,401.5,390.70001220703125,395.6499938964844,383.66705322265625,4065300
2021-04-29,391.5,392.3900146484375,383.80999755859375,388.95001220703125,377.1700439453125,4637100
2021-04-30,382.8599853515625,385.0,375.6099853515625,382.05999755859375,370.4886169433594,4043200
2021-05-03,385.4700012207031,386.8699951171875,376.8500061035156,379.3999938964844,367.90924072265625,3344100
2021-05-04,377.07000732421875,378.2099914550781,371.5799865722656,375.9100036621094,364.52496337890625,3321200
2021-05-05,377.92999267578125,379.6400146484375,368.0299987792969,369.1400146484375,357.9599609375,2993900
2021-05-06,371.1400146484375,375.7300109863281,365.70001220703125,375.4800109863281,364.1080017089844,3787300
2021-05-07,377.260009765625,378.6400146484375,373.55999755859375,375.3999938964844,364.0303649902344,2935900
2021-05-10,375.7900085449219,376.0,365.4100036621094,366.3399963378906,355.2447509765625,3193700
2021-05-11,361.010009765625,368.92999267578125,359.2699890136719,367.6099853515625,356.47625732421875,3073100
2021-05-12,364.75,365.3800048828125,355.6400146484375,356.6199951171875,345.8191833496094,3293200
2021-05-13,359.3299865722656,362.8399963378906,357.9200134277344,360.0199890136719,349.1161193847656,2626000
2021-05-14,363.0299987792969,364.7099914550781,361.489990234375,363.9100036621094,352.8883972167969,2959700
2021-05-17,362.29998779296875,364.05999755859375,358.05999755859375,363.29998779296875,352.29681396484375,2511600
2021-05-18,367.0,369.8399963378906,362.8800048828125,363.07000732421875,352.0738525390625,3421200
2021-05-19,357.3299865722656,361.1499938964844,355.3699951171875,360.9800109863281,350.04718017578125,3577900
2021-05-20,362.94000244140625,369.4100036621094,362.489990234375,367.70001220703125,356.5636291503906,4087500
2021-05-21,369.1400146484375,372.5299987792969,367.4599914550781,367.6000061035156,356.4666748046875,2708700
2021-05-24,370.0799865722656,373.739990234375,369.6400146484375,372.3800048828125,361.1018371582031,2351500
2021-05-25,373.1300048828125,373.75,366.82000732421875,367.2200012207031,356.0981140136719,3916300
2021-05-26,369.0,369.9100036621094,362.04998779296875,362.6499938964844,351.66650390625,3101900
2021-05-27,364.54998779296875,366.3999938964844,360.5400085449219,362.0,351.0362548828125,5416300
2021-05-28,363.5,365.4100036621094,360.4200134277344,360.5799865722656,349.6591796875,3624300
2021-06-01,364.4800109863281,365.3999938964844,359.5400085449219,359.7900085449219,348.89312744140625,3119700
2021-06-02,363.5299987792969,371.1700134277344,362.8800048828125,366.8500061035156,355.7394104003906,3531000
2021-06-03,363.3599853515625,366.69000244140625,361.7300109863281,361.82000732421875,350.8616638183594,2605900
2021-06-04,364.30999755859375,366.6300048828125,363.70001220703125,366.0199890136719,354.9345397949219,2295200
2021-06-07,367.79998779296875,371.3500061035156,363.2799987792969,364.0799865722656,353.0532531738281,2133400
2021-06-08,365.0,367.67999267578125,363.2300109863281,365.260009765625,354.19744873046875,3224200
2021-06-09,366.94000244140625,369.32000732421875,363.3299865722656,363.3299865722656,352.3259582519531,2520900
2021-06-10,364.69000244140625,365.6400146484375,361.9599914550781,364.29998779296875,353.2666015625,2460200
2021-06-11,365.5400085449219,366.8500061035156,363.79998779296875,365.5,354.4302978515625,2708300
2021-06-14,366.0,366.6300048828125,362.1000061035156,366.5199890136719,355.4193115234375,2515300
2021-06-15,367.3399963378906,368.75,362.739990234375,368.1199951171875,356.9709167480469,3562500
2021-06-16,369.3800048828125,369.3800048828125,361.29998779296875,363.82000732421875,352.8011169433594,3081000
2021-06-17,363.5,369.1499938964844,361.2300109863281,367.2900085449219,356.16607666015625,3824900
2021-06-18,362.1199951171875,370.3800048828125,362.0,367.4200134277344,356.2920837402344,5009400
2021-06-21,368.6199951171875,376.45001220703125,366.20001220703125,373.0899963378906,361.7903747558594,3094600
2021-06-22,373.989990234375,378.760009765625,372.0199890136719,378.0400085449219,366.5904846191406,3582700
2021-06-23,378.0,378.7200012207031,374.2900085449219,375.1400146484375,363.77825927734375,2241800
2021-06-24,379.0,380.05999755859375,372.8999938964844,374.75,363.4001159667969,2788200
2021-06-25,375.45001220703125,379.6499938964844,373.3299865722656,379.6099853515625,368.11285400390625,3983900
2021-06-28,380.9200134277344,380.9200134277344,365.1199951171875,367.67999267578125,356.544189453125,4800300
2021-06-29,369.010009765625,371.3900146484375,367.9100036621094,368.0,356.85455322265625,3394300
2021-06-30,367.95001220703125,370.1700134277344,364.2699890136719,365.0899963378906,354.03265380859375,2884900
2021-07-01,366.04998779296875,371.2099914550781,365.6000061035156,370.7099914550781,359.48248291015625,3108500
2021-07-02,372.69000244140625,375.489990234375,372.1499938964844,375.0299987792969,363.6716613769531,2786500
2021-07-06,376.6499938964844,378.239990234375,371.5,376.1199951171875,364.72857666015625,2740500
2021-07-07,376.7900085449219,378.1499938964844,372.45001220703125,373.9200134277344,362.59527587890625,3176600
2021-07-08,367.5,370.5899963378906,365.6499938964844,370.19000244140625,359.4011535644531,2809000
2021-07-09,371.8500061035156,373.4800109863281,369.8900146484375,372.94000244140625,362.07098388671875,2404800
2021-07-12,375.0,376.07000732421875,372.0799865722656,375.55999755859375,364.6145935058594,2648300
2021-07-13,375.54998779296875,386.6400146484375,375.54998779296875,383.7099914550781,372.5270080566406,5161000
2021-07-14,382.9800109863281,391.6300048828125,382.9800109863281,390.79998779296875,379.410400390625,4140500
2021-07-15,390.1400146484375,393.29998779296875,387.45001220703125,390.2300109863281,378.8570861816406,3773000
2021-07-16,393.1499938964844,393.4599914550781,385.3299865722656,387.1199951171875,375.837646484375,2706500
2021-07-19,378.0,378.6000061035156,363.3699951171875,365.45001220703125,354.7992858886719,6814400
2021-07-20,367.0,376.6000061035156,365.2699890136719,374.3900146484375,363.4786376953125,3542200
2021-07-21,376.0299987792969,380.8999938964844,375.04998779296875,380.05999755859375,368.98345947265625,2393100
2021-07-22,380.29998779296875,382.8599853515625,377.04998779296875,382.1600036621094,371.0222473144531,4180300
2021-07-23,385.0899963378906,394.5,385.0899963378906,393.260009765625,381.7987976074219,3720300
2021-07-26,391.6700134277344,392.8900146484375,388.2699890136719,392.79998779296875,381.3521728515625,2285800
2021-07-27,390.0,395.2799987792969,385.8900146484375,390.2699890136719,378.89581298828125,2783800
2021-07-28,391.6199951171875,391.7300109863281,382.3299865722656,383.44000244140625,372.26495361328125,3372600
2021-07-29,387.5,394.739990234375,387.5,388.80999755859375,377.4784851074219,3774000
2021-07-30,389.0,389.0,383.0799865722656,385.94000244140625,374.69207763671875,2533300
2021-08-02,389.29998779296875,389.9800109863281,373.79998779296875,375.260009765625,364.3233642578125,3430300
2021-08-03,376.6600036621094,376.6700134277344,359.57000732421875,367.6000061035156,356.8866271972656,6328500
2021-08-04,367.2799987792969,369.260009765625,363.42999267578125,368.010009765625,357.2845458984375,3203200
2021-08-05,368.20001220703125,371.9599914550781,367.0,371.94000244140625,361.1000671386719,2562400
2021-08-06,371.4200134277344,375.5,371.0,374.5299987792969,363.61456298828125,2038500
2021-08-09,374.19000244140625,374.5,368.8900146484375,370.67999267578125,359.87677001953125,2400800
2021-08-10,372.2900085449219,372.75,364.1099853515625,367.8399963378906,357.11956787109375,3225000
2021-08-11,368.54998779296875,369.9599914550781,363.75,364.239990234375,353.62445068359375,3267700
2021-08-12,362.57000732421875,363.2200012207031,357.8500061035156,361.9800109863281,351.43035888671875,3802900
2021-08-13,362.260009765625,363.5,360.6300048828125,362.75,352.1778564453125,2304600
2021-08-16,360.5,363.80999755859375,356.6199951171875,363.55999755859375,352.96435546875,2937300
2021-08-17,362.0,364.4599914550781,359.7900085449219,363.2300109863281,352.6439514160156,2812800
2021-08-18,361.17999267578125,365.67999267578125,360.5899963378906,360.95001220703125,350.4303894042969,2774500
2021-08-19,356.8999938964844,360.1400146484375,354.7200012207031,357.30999755859375,346.8965148925781,2727900
2021-08-20,357.3599853515625,358.32000732421875,353.3299865722656,354.989990234375,344.64410400390625,4135900
2021-08-23,357.4700012207031,362.239990234375,356.75,361.010009765625,350.4886474609375,3537900
2021-08-24,363.0299987792969,366.1000061035156,361.4700012207031,361.7799987792969,351.2361755371094,3032000
2021-08-25,361.9599914550781,362.3999938964844,358.5,359.1000061035156,348.63433837890625,2340400
2021-08-26,358.0,358.20001220703125,351.79998779296875,352.8599853515625,342.5761413574219,3946300
2021-08-27,352.4599914550781,356.5,351.6499938964844,355.7300109863281,345.3625183105469,3698300
2021-08-30,354.79998779296875,358.0400085449219,352.25,353.04998779296875,342.76068115234375,4032100
2021-08-31,352.94000244140625,355.2200012207031,344.67999267578125,346.2300109863281,336.139404296875,6780400
2021-09-01,347.3800048828125,352.04998779296875,347.29998779296875,349.57000732421875,339.3821105957031,4499600
2021-09-02,350.510009765625,350.5400085449219,339.3299865722656,341.2799987792969,331.3336486816406,7412000
2021-09-03,339.92999267578125,344.1400146484375,338.92999267578125,340.2300109863281,330.3142395019531,5171000
2021-09-07,344.8900146484375,348.0,343.0199890136719,344.7099914550781,334.6637268066406,4764300
2021-09-08,345.0,352.0,345.0,351.0400085449219,340.8092346191406,5054500
2021-09-09,350.7099914550781,353.6400146484375,349.9200134277344,351.4100036621094,341.1684875488281,3716200
2021-09-10,354.92999267578125,355.0,347.0199890136719,347.3900146484375,337.2655944824219,3437700
2021-09-13,350.0,351.989990234375,346.3599853515625,347.82000732421875,337.6829833984375,3234200
2021-09-14,349.67999267578125,349.8800048828125,345.25,345.79998779296875,335.721923828125,3281900
2021-09-15,347.0,347.5299987792969,342.760009765625,344.75,334.7025451660156,3833500
2021-09-16,345.4100036621094,347.67999267578125,344.69000244140625,346.30999755859375,336.2170715332031,3771100
2021-09-17,344.0,346.0,340.7699890136719,343.0400085449219,333.0423889160156,5527500
2021-09-20,338.32000732421875,341.1099853515625,335.6199951171875,339.69000244140625,329.7900390625,3956600
2021-09-21,342.20001220703125,343.17999267578125,337.2799987792969,337.3800048828125,327.5473327636719,2967300
2021-09-22,339.29998779296875,343.8699951171875,338.5400085449219,343.4100036621094,333.40155029296875,3238800
2021-09-23,345.739990234375,354.7900085449219,345.20001220703125,354.07000732421875,343.7509765625,4783200
2021-09-24,354.0299987792969,359.92999267578125,352.760009765625,358.1600036621094,347.72174072265625,3306200
2021-09-27,357.04998779296875,362.5899963378906,355.1600036621094,356.7699890136719,346.3722229003906,4158000
2021-09-28,355.5,356.0,349.04998779296875,351.17999267578125,340.94512939453125,3266900
2021-09-29,352.80999755859375,357.17999267578125,352.4100036621094,353.19000244140625,342.89654541015625,2808800
2021-09-30,354.739990234375,356.0,347.3999938964844,347.67999267578125,337.54718017578125,4393300
2021-10-01,349.8299865722656,363.17999267578125,347.1600036621094,360.17999267578125,349.6828308105469,5227300
2021-10-04,359.92999267578125,360.6499938964844,339.3399963378906,344.20001220703125,334.16864013671875,7901500
2021-10-05,347.55999755859375,348.57000732421875,342.92999267578125,343.2099914550781,333.2073974609375,4724100
2021-10-06,340.010009765625,348.8800048828125,339.1099853515625,348.69000244140625,338.5276794433594,3712000
2021-10-07,349.0,357.8999938964844,349.0,353.9100036621094,344.0296630859375,3209200
2021-10-08,356.0,360.3699951171875,354.2099914550781,354.9599914550781,345.05035400390625,2336700
2021-10-11,353.95001220703125,354.8800048828125,346.8999938964844,347.1499938964844,337.4584045410156,2769800
2021-10-12,348.6499938964844,350.0,344.6199951171875,345.3399963378906,335.69891357421875,3042900
2021-10-13,346.25,349.5,336.9800109863281,342.3500061035156,332.79248046875,3755700
2021-10-14,343.8399963378906,345.80999755859375,340.8299865722656,344.5799865722656,334.9601745605469,4083800
2021-10-15,349.0,356.6099853515625,347.739990234375,356.0,346.06134033203125,4053600
2021-10-18,353.9599914550781,359.94000244140625,350.2300109863281,358.44000244140625,348.4332580566406,3280900
2021-10-19,358.3999938964844,362.2900085449219,357.6099853515625,362.1000061035156,351.9910888671875,2835400
2021-10-20,361.70001220703125,362.489990234375,356.0,356.7699890136719,346.8098449707031,2796200
2021-10-21,354.6000061035156,356.3800048828125,347.2699890136719,356.2099914550781,346.2654724121094,2516300
2021-10-22,356.67999267578125,361.6400146484375,354.8999938964844,358.6700134277344,348.65679931640625,2774400
2021-10-25,362.4599914550781,364.29998779296875,358.7900085449219,360.8599853515625,350.78570556640625,2447900
2021-10-26,363.3800048828125,367.3500061035156,356.80999755859375,357.32000732421875,347.3445129394531,3320100
2021-10-27,348.0,351.1199951171875,333.79998779296875,335.7200012207031,326.3475036621094,9652700
2021-10-28,344.1700134277344,350.489990234375,328.8699951171875,333.0299987792969,323.7325134277344,9505100
2021-10-29,331.239990234375,338.1499938964844,331.1099853515625,335.5199890136719,326.153076171875,5843700
2021-11-01,335.25,340.8999938964844,332.8800048828125,334.04998779296875,324.72406005859375,5126200
2021-11-02,335.1300048828125,335.7699890136719,326.70001220703125,328.4800109863281,319.3096008300781,5375300
2021-11-03,328.5,329.5799865722656,323.3399963378906,329.42999267578125,320.2330627441406,3952500
2021-11-04,331.07000732421875,338.6300048828125,329.3299865722656,335.42999267578125,326.0655517578125,4819500
2021-11-05,342.44000244140625,350.1600036621094,341.0,348.7900085449219,339.0526428222656,7201500
2021-11-08,348.010009765625,353.1499938964844,347.6600036621094,349.6700134277344,339.9080505371094,3862200
2021-11-09,350.0,350.20001220703125,339.6499938964844,344.6499938964844,335.02825927734375,4247800
2021-11-10,350.1000061035156,359.6199951171875,349.5,357.94000244140625,347.9471740722656,6337100
2021-11-11,358.3800048828125,359.6400146484375,352.57000732421875,354.3399963378906,344.44769287109375,4472200
2021-11-12,356.05999755859375,363.8399963378906,355.92999267578125,363.5,353.3519592285156,4724200
2021-11-15,365.1400146484375,371.1300048828125,360.6600036621094,361.3599853515625,351.27166748046875,4693200
2021-11-16,364.7699890136719,371.07000732421875,362.0,369.55999755859375,359.2428283691406,4969000
2021-11-17,359.5799865722656,368.0,351.2200012207031,359.1700134277344,349.14288330078125,11727300
2021-11-18,360.7300109863281,362.4800109863281,344.5799865722656,348.2200012207031,338.4985046386719,6533700
2021-11-19,346.0,346.6499938964844,339.1300048828125,339.7200012207031,330.2358093261719,6954800
2021-11-22,339.79998779296875,341.4800109863281,319.760009765625,321.29998779296875,312.3301086425781,11378200
2021-11-23,324.9599914550781,329.69000244140625,321.69000244140625,329.0,319.8151550292969,7116200
2021-11-24,326.95001220703125,340.3599853515625,325.0199890136719,340.0,330.5080261230469,6414400
2021-11-26,321.5799865722656,326.8699951171875,319.0,324.1700134277344,315.1199645996094,6613900
2021-11-29,330.010009765625,331.82000732421875,318.25,323.010009765625,313.9923400878906,6362200
2021-11-30,318.0,320.760009765625,310.1099853515625,314.9200134277344,306.1282653808594,10237600
2021-12-01,320.7799987792969,322.0199890136719,306.0,306.2799987792969,297.7294616699219,8008800
2021-12-02,309.5899963378906,322.20001220703125,308.989990234375,320.20001220703125,311.26080322265625,6717600
2021-12-03,320.239990234375,322.69000244140625,314.0,322.1099853515625,313.1174011230469,4732900
2021-12-06,324.75,336.760009765625,322.0,333.3299865722656,324.02423095703125,6055000
2021-12-07,337.29998779296875,342.4200134277344,337.29998779296875,339.510009765625,330.0317077636719,4939500
2021-12-08,339.2300109863281,344.0299987792969,334.1000061035156,342.3399963378906,332.78265380859375,4226900
2021-12-09,340.04998779296875,346.5299987792969,339.010009765625,344.5199890136719,334.90179443359375,3389600
2021-12-10,347.0,350.25,344.8299865722656,349.9200134277344,340.151123046875,3405900
2021-12-13,349.19000244140625,349.5299987792969,340.3299865722656,345.30999755859375,335.6697998046875,4358300
2021-12-14,345.32000732421875,348.2099914550781,337.8599853515625,340.54998779296875,331.04266357421875,4518500
2021-12-15,340.0,346.5899963378906,335.5299987792969,346.3500061035156,336.6806945800781,4918700
2021-12-16,351.70001220703125,353.7699890136719,345.1199951171875,352.9200134277344,343.0673828125,5369900
2021-12-17,349.19000244140625,352.7900085449219,344.1199951171875,349.30999755859375,339.5580749511719,5898200
2021-12-20,341.239990234375,343.5299987792969,336.2300109863281,337.0199890136719,327.6111755371094,5013900
2021-12-21,340.3299865722656,352.0,339.3699951171875,350.739990234375,340.9482116699219,3105100
2021-12-22,346.5799865722656,358.6199951171875,346.5799865722656,357.4800109863281,347.5000915527344,3456400
2021-12-23,357.5400085449219,362.4700012207031,355.0,360.5799865722656,350.5134582519531,2627000
2021-12-27,360.0,361.0799865722656,355.6000061035156,360.30999755859375,350.2509765625,2677100
2021-12-28,358.7900085449219,364.1400146484375,358.4100036621094,360.7799987792969,350.7078857421875,1920100
2021-12-29,361.7799987792969,363.1499938964844,360.19000244140625,361.2900085449219,351.2036437988281,1535200
2021-12-30,362.0,364.6499938964844,359.1099853515625,360.989990234375,350.9119567871094,1558000
2021-12-31,357.95001220703125,363.3800048828125,356.7799987792969,359.32000732421875,349.2886962890625,1984000
2022-01-03,359.7900085449219,372.32000732421875,359.25,370.95001220703125,360.5939636230469,4708200
2022-01-04,371.989990234375,382.3999938964844,371.6499938964844,375.3900146484375,364.9100646972656,6854500
2022-01-05,374.0,382.5,372.510009765625,373.8999938964844,363.46160888671875,5976600
2022-01-06,368.69000244140625,374.2200012207031,366.5,370.0,360.1424255371094,4781100
2022-01-07,366.3900146484375,371.7900085449219,364.1099853515625,369.6499938964844,359.80181884765625,4551200
2022-01-10,370.9100036621094,370.9100036621094,348.7699890136719,363.9100036621094,354.21466064453125,6009300
2022-01-11,363.5299987792969,368.05999755859375,356.0899963378906,366.2900085449219,356.5313720703125,4131200
2022-01-12,368.94000244140625,372.1199951171875,367.07000732421875,367.30999755859375,357.52410888671875,5783100
2022-01-13,368.6099853515625,377.67999267578125,367.8800048828125,369.5199890136719,359.67529296875,3892900
2022-01-14,364.32000732421875,374.7799987792969,364.1499938964844,372.1400146484375,362.2254943847656,4029900
2022-01-18,370.7900085449219,372.1400146484375,365.20001220703125,366.29998779296875,356.54095458984375,4933900
2022-01-19,362.4100036621094,369.29998779296875,359.7099914550781,360.7300109863281,351.11944580078125,4464800
2022-01-20,361.8299865722656,373.07000732421875,361.6700134277344,364.0,354.30230712890625,5043200
2022-01-21,362.5,368.1300048828125,354.1099853515625,355.0799865722656,345.6199645996094,4867100
2022-01-24,342.57000732421875,350.1000061035156,330.5899963378906,349.4200134277344,340.11083984375,7472800
2022-01-25,343.32000732421875,347.0400085449219,333.3900146484375,338.760009765625,329.7347717285156,6994400
2022-01-26,343.3599853515625,354.7699890136719,341.25,344.6600036621094,335.4775695800781,7438600
2022-01-27,349.0799865722656,359.6300048828125,334.3299865722656,350.5299987792969,341.19122314453125,8416100
2022-01-28,359.04998779296875,382.7699890136719,355.3800048828125,382.510009765625,372.3191833496094,8813400
2022-01-31,378.67999267578125,386.54998779296875,376.2900085449219,386.3800048828125,376.08612060546875,6345200
2022-02-01,385.760009765625,395.5,382.4200134277344,392.05999755859375,381.61480712890625,5841100
2022-02-02,389.2900085449219,399.9200134277344,382.75,396.75,386.1798400878906,6115000
2022-02-03,388.5400085449219,392.94000244140625,386.489990234375,390.07000732421875,379.677734375,4209200
2022-02-04,387.57000732421875,388.1499938964844,376.4100036621094,382.20001220703125,372.0174255371094,6045400
2022-02-07,382.20001220703125,382.3999938964844,373.30999755859375,376.1300048828125,366.10919189453125,4767500
2022-02-08,377.5400085449219,379.7699890136719,370.5400085449219,374.3699951171875,364.39605712890625,5825300
2022-02-09,385.6000061035156,388.45001220703125,380.6000061035156,381.3699951171875,371.2095031738281,5492800
2022-02-10,371.7200012207031,380.0,370.55999755859375,374.3900146484375,364.41552734375,3995000
2022-02-11,377.8599853515625,380.8999938964844,367.6400146484375,369.7699890136719,359.9186096191406,4345600
2022-02-14,368.82000732421875,377.2900085449219,366.760009765625,374.1600036621094,364.1916809082031,3678400
2022-02-15,374.5799865722656,383.07000732421875,373.3999938964844,381.5400085449219,371.37506103515625,5800400
2022-02-16,379.9599914550781,385.0,376.7799987792969,382.92999267578125,372.72808837890625,3424800
2022-02-17,378.6000061035156,381.2900085449219,372.1700134277344,373.70001220703125,363.7439270019531,3972500
2022-02-18,374.510009765625,374.80999755859375,369.0,369.95001220703125,360.0938415527344,4083800
2022-02-22,365.0,374.32000732421875,363.79998779296875,368.2900085449219,358.47802734375,3897900
2022-02-23,371.9700012207031,373.55999755859375,360.1300048828125,361.2300109863281,351.606201171875,3802500
2022-02-24,345.94000244140625,370.5400085449219,341.30999755859375,369.3800048828125,359.53900146484375,7425000
2022-02-25,367.2200012207031,372.5899963378906,361.70001220703125,369.0899963378906,359.2567443847656,3817900
2022-02-28,362.19000244140625,365.3599853515625,355.6600036621094,360.82000732421875,351.20703125,4952400
2022-03-01,357.8500061035156,361.5799865722656,341.2200012207031,344.4800109863281,335.30242919921875,5894200
2022-03-02,342.9599914550781,348.32000732421875,338.69000244140625,344.0899963378906,334.9227600097656,4997900
2022-03-03,347.6300048828125,349.5,340.70001220703125,340.989990234375,331.90533447265625,3975900
2022-03-04,336.8999938964844,338.8299865722656,324.0,330.760009765625,321.94793701171875,4670900
2022-03-07,329.5799865722656,329.79998779296875,312.1099853515625,312.9200134277344,304.58319091796875,6874300
2022-03-08,311.3900146484375,324.7300109863281,305.6099853515625,314.3299865722656,305.9556579589844,5048200
2022-03-09,323.1499938964844,329.45001220703125,321.1099853515625,328.1300048828125,319.3879699707031,4015900
2022-03-10,321.94000244140625,326.1199951171875,319.75,324.5899963378906,315.9422607421875,3771300
2022-03-11,330.0299987792969,330.9700012207031,324.0299987792969,324.7900085449219,316.1369323730469,2987700
2022-03-14,329.1000061035156,336.8800048828125,327.260009765625,328.5899963378906,319.835693359375,4122700
2022-03-15,332.4200134277344,338.3800048828125,331.2099914550781,335.0,326.0749816894531,3738900
2022-03-16,341.989990234375,350.94000244140625,336.67999267578125,344.67999267578125,335.49700927734375,4340800
2022-03-17,341.6000061035156,346.8800048828125,339.75,346.44000244140625,337.210205078125,3244200
2022-03-18,346.70001220703125,352.739990234375,342.489990234375,350.0899963378906,340.76287841796875,6790800
2022-03-21,346.0199890136719,350.0,342.489990234375,345.5799865722656,336.373046875,6053800
2022-03-22,346.7799987792969,353.92999267578125,345.510009765625,349.5299987792969,340.21783447265625,4669900
2022-03-23,343.3999938964844,346.7300109863281,341.75,342.17999267578125,333.06365966796875,2527800
2022-03-24,342.25,349.45001220703125,340.70001220703125,349.3500061035156,340.0426940917969,2482700
2022-03-25,350.4100036621094,351.5400085449219,345.6499938964844,349.0199890136719,339.72137451171875,2173800
2022-03-28,348.510009765625,350.55999755859375,343.5299987792969,350.489990234375,341.1523132324219,3134600
2022-03-29,358.7200012207031,370.760009765625,357.1000061035156,367.54998779296875,357.75775146484375,5512400
2022-03-30,364.010009765625,368.2799987792969,359.6199951171875,362.239990234375,352.58917236328125,2614200
2022-03-31,359.5799865722656,364.1199951171875,357.3599853515625,357.3800048828125,347.8586730957031,4095700
2022-04-01,359.2200012207031,367.8900146484375,358.1700134277344,363.9700012207031,354.27313232421875,3806800
2022-04-04,364.25,369.760009765625,363.1499938964844,366.9100036621094,357.1347961425781,3027200
2022-04-05,363.30999755859375,367.6300048828125,361.92999267578125,363.32000732421875,353.6404724121094,2215900
2022-04-06,356.4700012207031,357.0899963378906,349.5799865722656,353.54998779296875,344.13067626953125,3864500
2022-04-07,351.17999267578125,352.8999938964844,345.80999755859375,349.54998779296875,340.70953369140625,2848500
2022-04-08,347.29998779296875,355.8900146484375,345.6499938964844,352.2699890136719,343.36065673828125,2235100
2022-04-11,350.6400146484375,351.5,345.82000732421875,347.3699951171875,338.5845947265625,1809200
2022-04-12,350.0,354.4800109863281,344.4800109863281,345.79998779296875,337.0543518066406,4038500
2022-04-13,344.4100036621094,357.0,342.8699951171875,355.1400146484375,346.15814208984375,3048500
2022-04-14,357.17999267578125,362.95001220703125,356.8699951171875,357.82000732421875,348.7703857421875,3358900
2022-04-18,353.989990234375,360.760009765625,353.2200012207031,356.79998779296875,347.776123046875,1871400
2022-04-19,356.80999755859375,364.6700134277344,356.07000732421875,363.8699951171875,354.66729736328125,2999300
2022-04-20,366.6600036621094,371.8900146484375,363.8699951171875,365.2900085449219,356.0514221191406,3377300
2022-04-21,369.4800109863281,375.2200012207031,363.4599914550781,364.44000244140625,355.22296142578125,3605300
2022-04-22,360.5,362.1000061035156,350.6099853515625,351.17999267578125,342.29827880859375,2968800
2022-04-25,349.2799987792969,355.05999755859375,347.1499938964844,354.6000061035156,345.6317443847656,3380400
2022-04-26,347.94000244140625,350.05999755859375,343.5799865722656,344.1099853515625,335.40704345703125,3116400
2022-04-27,357.0,373.739990234375,356.0,361.57000732421875,352.425537109375,5702300
2022-04-28,369.1300048828125,381.9700012207031,368.7900085449219,378.8299865722656,369.2489318847656,6843300
2022-04-29,372.04998779296875,377.1199951171875,361.75,363.3800048828125,354.189697265625,4741800
2022-05-02,363.0,364.92999267578125,350.5899963378906,359.0400085449219,349.95953369140625,3903800
2022-05-03,361.5899963378906,363.44000244140625,353.44000244140625,357.7900085449219,348.7411193847656,2686900
2022-05-04,359.3699951171875,369.239990234375,353.6600036621094,368.5199890136719,359.1996765136719,3346600
2022-05-05,362.1000061035156,367.7699890136719,349.0299987792969,353.3699951171875,344.432861328125,3424800
2022-05-06,346.25,351.260009765625,340.7799987792969,347.1199951171875,338.3409423828125,3635200
2022-05-09,341.0,342.3900146484375,324.8900146484375,327.989990234375,319.69476318359375,5777400
2022-05-10,332.30999755859375,333.67999267578125,323.04998779296875,325.3299865722656,317.10205078125,5003500
2022-05-11,325.4800109863281,331.0,318.54998779296875,325.8699951171875,317.62835693359375,4263900
2022-05-12,321.7699890136719,325.5799865722656,312.7699890136719,321.239990234375,313.115478515625,3891500
2022-05-13,327.6700134277344,335.2300109863281,326.0899963378906,332.79998779296875,324.38311767578125,3536000
2022-05-16,328.5400085449219,333.54998779296875,325.0299987792969,329.7300109863281,321.3907775878906,2062300
2022-05-17,340.1099853515625,341.17999267578125,332.5299987792969,338.8599853515625,330.289794921875,2802300
2022-05-18,333.6199951171875,341.6000061035156,333.55999755859375,335.8999938964844,327.4047546386719,4521400
2022-05-19,330.0,336.2099914550781,324.42999267578125,332.2200012207031,323.8177490234375,4380700
2022-05-20,335.70001220703125,339.6099853515625,327.69000244140625,336.17999267578125,327.6777038574219,3428700
2022-05-23,339.0299987792969,351.29998779296875,338.9599914550781,348.42999267578125,339.6177673339844,3420800
2022-05-24,343.8900146484375,344.0,335.9800109863281,340.69000244140625,332.0735778808594,2561500
2022-05-25,340.5799865722656,347.739990234375,339.2099914550781,344.760009765625,336.0406494140625,3033400
2022-05-26,348.0,353.25,346.010009765625,349.8900146484375,341.04095458984375,2817400
2022-05-27,353.3900146484375,357.7900085449219,352.1099853515625,357.7799987792969,348.7314147949219,2658700
2022-05-31,353.0899963378906,360.9700012207031,351.1400146484375,357.8699951171875,348.8190002441406,3873800
2022-06-01,358.20001220703125,364.44000244140625,354.8500061035156,357.05999755859375,348.0295104980469,2190000
2022-06-02,360.489990234375,365.04998779296875,357.760009765625,363.0799865722656,353.8973083496094,2484200
2022-06-03,359.4800109863281,360.95001220703125,355.7699890136719,357.82000732421875,348.7703857421875,2076600
2022-06-06,362.0,368.30999755859375,358.5299987792969,360.1400146484375,351.0316467285156,2196100
2022-06-07,356.92999267578125,364.4800109863281,356.3299865722656,364.0199890136719,354.81353759765625,2158800
2022-06-08,365.0,367.1199951171875,360.9800109863281,362.3299865722656,353.1662902832031,1709600
2022-06-09,359.760009765625,362.2099914550781,348.94000244140625,349.0,340.17340087890625,2250600
2022-06-10,341.3299865722656,344.30999755859375,334.6000061035156,334.75,326.2837829589844,3300500
2022-06-13,322.0,330.8999938964844,317.9200134277344,319.739990234375,311.6534729003906,4825100
2022-06-14,320.1000061035156,324.0,319.6600036621094,322.1400146484375,313.9927062988281,2788400
2022-06-15,327.4100036621094,330.6300048828125,319.42999267578125,325.3900146484375,317.1605529785156,2357800
2022-06-16,316.0899963378906,316.45001220703125,305.0799865722656,308.7799987792969,300.9705810546875,4528500
2022-06-17,307.0,314.1400146484375,303.6499938964844,310.69000244140625,302.8322448730469,6235300
2022-06-21,316.04998779296875,320.2300109863281,314.8800048828125,317.3999938964844,309.37261962890625,3193700
2022-06-22,313.4700012207031,319.0400085449219,311.3599853515625,316.1499938964844,308.15423583984375,2671500
2022-06-23,318.8999938964844,319.9800109863281,313.5400085449219,316.760009765625,308.7488098144531,2387600
2022-06-24,319.2200012207031,330.80999755859375,319.2200012207031,330.5,322.1413269042969,4318900
2022-06-27,331.9700012207031,331.9700012207031,327.1199951171875,328.8299865722656,320.5135498046875,2810800
2022-06-28,332.70001220703125,337.1499938964844,318.1199951171875,318.2900085449219,310.2400817871094,3394200
2022-06-29,319.1099853515625,326.1099853515625,318.4100036621094,322.5899963378906,314.4313049316406,3779500
2022-06-30,315.29998779296875,318.2900085449219,309.69000244140625,315.4800109863281,307.5011901855469,3411500
2022-07-01,314.1000061035156,318.94000244140625,311.30999755859375,318.239990234375,310.1913757324219,2287700
2022-07-05,313.0799865722656,320.30999755859375,309.4599914550781,319.260009765625,311.1855773925781,2112100
2022-07-06,319.0,322.3599853515625,315.7200012207031,320.1700134277344,312.0725402832031,2219200
2022-07-07,322.3500061035156,324.8599853515625,319.5199890136719,324.07000732421875,316.35809326171875,2202100
2022-07-08,322.7799987792969,324.9800109863281,319.3500061035156,323.05999755859375,315.37213134765625,1662100
2022-07-11,319.3800048828125,326.2200012207031,319.1499938964844,324.19000244140625,316.4752502441406,2073800
2022-07-12,320.2099914550781,327.3599853515625,320.2099914550781,322.8599853515625,315.1768493652344,2761500
2022-07-13,315.95001220703125,324.92999267578125,313.80999755859375,323.3699951171875,315.67474365234375,2442600
2022-07-14,316.1600036621094,327.5799865722656,315.3900146484375,325.0299987792969,317.2952575683594,2743900
2022-07-15,333.6300048828125,335.57000732421875,329.760009765625,332.57000732421875,324.6558532714844,3387400
2022-07-18,335.5,337.510009765625,329.7900085449219,331.010009765625,323.1329345703125,2468500
2022-07-19,331.7799987792969,342.010009765625,331.7799987792969,340.3800048828125,332.2799377441406,2689800
2022-07-20,340.3800048828125,343.30999755859375,336.2900085449219,341.2699890136719,333.14874267578125,2563600
2022-07-21,341.8699951171875,347.2300109863281,340.05999755859375,346.9200134277344,338.6643371582031,2230800
2022-07-22,348.8800048828125,351.0899963378906,340.3999938964844,343.8800048828125,335.6966552734375,2253000
2022-07-25,344.45001220703125,345.5400085449219,340.1099853515625,344.2099914550781,336.0188293457031,2180100
2022-07-26,342.6499938964844,344.6300048828125,339.29998779296875,341.2799987792969,333.1585388183594,2254200
2022-07-27,343.010009765625,348.9200134277344,331.239990234375,343.2699890136719,335.1011657714844,4580300
2022-07-28,348.0,353.260009765625,340.6199951171875,352.45001220703125,344.06268310546875,3635500
2022-07-29,354.1300048828125,356.79998779296875,349.9599914550781,353.7900085449219,345.3708190917969,3176800
2022-08-01,347.80999755859375,354.8399963378906,345.6600036621094,350.5400085449219,342.1981506347656,2289400
2022-08-02,347.0799865722656,351.1499938964844,343.9800109863281,349.010009765625,340.70458984375,2878800
2022-08-03,350.0,356.4800109863281,348.5400085449219,354.1300048828125,345.7027893066406,2921200
2022-08-04,354.6700134277344,358.6099853515625,349.6499938964844,356.07000732421875,347.5965881347656,2339500
2022-08-05,350.3999938964844,357.8299865722656,350.3999938964844,357.510009765625,349.0023193359375,1848700
2022-08-08,359.0,359.0,349.8900146484375,352.1600036621094,343.7796630859375,2477600
2022-08-09,350.3999938964844,351.1199951171875,345.3500061035156,346.5400085449219,338.29339599609375,2467400
2022-08-10,354.3399963378906,354.54998779296875,351.04998779296875,353.3800048828125,344.9705505371094,2443700
2022-08-11,355.8500061035156,355.8500061035156,350.3500061035156,350.5799865722656,342.2371520996094,2609400
2022-08-12,354.739990234375,355.45001220703125,350.260009765625,354.2699890136719,345.83935546875,2514200
2022-08-15,352.3299865722656,361.95001220703125,350.82000732421875,359.95001220703125,351.3843078613281,2526300
2022-08-16,354.2699890136719,360.0,353.1000061035156,359.25,350.7008972167969,2448700
2022-08-17,353.5,356.9599914550781,351.75,355.3299865722656,346.8741760253906,2439900
2022-08-18,354.32000732421875,359.5199890136719,353.57000732421875,357.3599853515625,348.8558654785156,1934900
2022-08-19,356.6300048828125,356.7699890136719,353.55999755859375,354.2799987792969,345.84918212890625,1740700
2022-08-22,350.0,351.0,344.2799987792969,345.510009765625,337.2878723144531,2312400
2022-08-23,342.69000244140625,345.2099914550781,339.3699951171875,340.8900146484375,332.77783203125,2240700
2022-08-24,340.17999267578125,342.2900085449219,338.3500061035156,339.7099914550781,331.62591552734375,2218400
2022-08-25,340.0,345.1300048828125,337.32000732421875,344.6700134277344,336.4678955078125,2228500
2022-08-26,345.04998779296875,345.6400146484375,331.70001220703125,331.9599914550781,324.060302734375,1925000
2022-08-29,329.989990234375,332.80999755859375,327.7699890136719,329.3500061035156,321.5124206542969,2308200
2022-08-30,331.0,332.9700012207031,325.57000732421875,327.80999755859375,320.0091247558594,2618900
2022-08-31,328.2900085449219,331.17999267578125,324.2799987792969,324.3699951171875,316.6508483886719,3129000
2022-09-01,323.80999755859375,325.6099853515625,319.2099914550781,325.25,317.510009765625,2493200
2022-09-02,329.4100036621094,329.6700134277344,320.5299987792969,322.55999755859375,314.884033203125,1936800
2022-09-06,322.5,326.989990234375,320.55999755859375,324.0799865722656,316.3678283691406,2043400
2022-09-07,324.0799865722656,329.20001220703125,322.04998779296875,328.6199951171875,320.7998352050781,1998300
2022-09-08,324.5299987792969,330.2900085449219,323.4800109863281,330.07000732421875,322.2153015136719,2114000
2022-09-09,330.5400085449219,337.0199890136719,330.1499938964844,335.8500061035156,327.8577575683594,1815700
2022-09-12,338.0899963378906,339.4800109863281,335.94000244140625,338.4200134277344,330.3666076660156,2097800
2022-09-13,330.0,332.79998779296875,324.5799865722656,325.44000244140625,317.6954345703125,2316900
2022-09-14,327.0400085449219,328.4800109863281,323.3500061035156,325.8500061035156,318.095703125,2657900
2022-09-15,323.5899963378906,325.94000244140625,315.1700134277344,316.9599914550781,309.4172668457031,2486800
2022-09-16,312.8500061035156,315.6300048828125,309.1099853515625,315.1300048828125,307.63079833984375,3650900
2022-09-19,311.95001220703125,315.45001220703125,310.25,314.0299987792969,306.55706787109375,2369700
2022-09-20,311.1600036621094,314.3699951171875,309.44000244140625,313.2699890136719,305.8150939941406,2769600
2022-09-21,314.4800109863281,314.9800109863281,304.2200012207031,304.5,297.2537536621094,2366300
2022-09-22,302.95001220703125,303.0799865722656,296.5899963378906,298.3599853515625,291.2598571777344,3176500
2022-09-23,293.1300048828125,294.57000732421875,290.239990234375,293.5799865722656,286.5936584472656,3245900
2022-09-26,290.04998779296875,295.3399963378906,289.1199951171875,290.1099853515625,283.2061462402344,3635600
2022-09-27,295.4700012207031,297.8999938964844,284.79998779296875,286.4800109863281,279.6625671386719,4073300
2022-09-28,285.1099853515625,292.9800109863281,281.69000244140625,290.17999267578125,283.2745361328125,5611400
2022-09-29,288.3500061035156,292.07000732421875,284.8500061035156,286.7699890136719,279.9457092285156,3439700
2022-09-30,286.8599853515625,290.760009765625,284.3399963378906,284.3399963378906,277.57354736328125,3804200
2022-10-03,287.8500061035156,292.75,284.9200134277344,290.4800109863281,283.56744384765625,5285200
2022-10-04,296.19000244140625,303.9700012207031,295.9800109863281,301.2699890136719,294.1007080078125,3949200
2022-10-05,297.9800109863281,306.6000061035156,297.25,304.20001220703125,296.9609375,2845200
2022-10-06,302.5799865722656,305.04998779296875,298.8599853515625,299.2300109863281,292.5804443359375,2494400
2022-10-07,296.6600036621094,297.19000244140625,292.989990234375,294.9700012207031,288.41510009765625,2210800
2022-10-10,297.0400085449219,297.25,289.5400085449219,291.7799987792969,285.2959899902344,1783500
2022-10-11,289.8299865722656,290.3900146484375,284.4200134277344,286.04998779296875,279.6933288574219,3554900
2022-10-12,286.5400085449219,287.489990234375,283.2099914550781,283.3800048828125,277.0827331542969,2646800
2022-10-13,277.2799987792969,295.42999267578125,276.8699951171875,293.9599914550781,287.4276123046875,3322800
2022-10-14,295.8599853515625,298.6199951171875,287.8399963378906,288.69000244140625,282.27471923828125,3106300
2022-10-17,295.4200134277344,298.7300109863281,291.3399963378906,295.0400085449219,288.48358154296875,3417600
2022-10-18,303.1700134277344,303.70001220703125,296.54998779296875,300.3800048828125,293.7049560546875,3096000
2022-10-19,295.4599914550781,299.6400146484375,294.7900085449219,297.760009765625,291.1431884765625,1914300
2022-10-20,297.75,302.7300109863281,295.6099853515625,296.2799987792969,289.6960144042969,2463800
2022-10-21,294.510009765625,302.7099914550781,293.5,302.3699951171875,295.65069580078125,3599600
2022-10-24,304.5199890136719,307.0,300.5,305.6000061035156,298.8089599609375,3184100
2022-10-25,305.9100036621094,312.1000061035156,305.8599853515625,311.4100036621094,304.4898376464844,3012400
2022-10-26,312.2900085449219,324.45001220703125,312.2900085449219,319.510009765625,312.4098205566406,5278000
2022-10-27,316.17999267578125,323.0799865722656,314.05999755859375,319.3699951171875,312.2729187011719,4725800
2022-10-28,319.30999755859375,331.79998779296875,317.82000732421875,329.4700012207031,322.1484375,3644400
2022-10-31,328.8800048828125,329.44000244140625,323.7799987792969,328.17999267578125,320.88714599609375,3157900
2022-11-01,332.2200012207031,333.6400146484375,327.0899963378906,333.19000244140625,325.78582763671875,3660400
2022-11-02,331.4200134277344,333.0,319.6300048828125,319.82000732421875,312.7129211425781,3074900
2022-11-03,315.1199951171875,316.7699890136719,308.6000061035156,309.1700134277344,302.2995910644531,2860900
2022-11-04,313.8399963378906,323.1300048828125,313.239990234375,318.3699951171875,311.295166015625,3414000
2022-11-07,322.45001220703125,325.79998779296875,317.7099914550781,325.1300048828125,317.90496826171875,2742100
2022-11-08,326.2300109863281,329.3999938964844,322.260009765625,325.75,318.51116943359375,2387500
2022-11-09,322.2799987792969,323.69000244140625,315.1499938964844,315.6400146484375,308.6258239746094,3001200
2022-11-10,331.17999267578125,337.3999938964844,329.1600036621094,337.2699890136719,329.775146484375,3255000
2022-11-11,339.0,342.6300048828125,336.3599853515625,339.2900085449219,331.750244140625,3734700
2022-11-14,336.739990234375,344.510009765625,336.0199890136719,339.3699951171875,331.8285217285156,2348900
2022-11-15,346.5899963378906,351.2200012207031,339.489990234375,343.510009765625,335.8764343261719,2983600
2022-11-16,343.1600036621094,345.1300048828125,340.1000061035156,342.760009765625,335.1431884765625,2579600
2022-11-17,339.0,341.9200134277344,337.0,341.2699890136719,333.6861877441406,2004500
2022-11-18,345.6600036621094,348.6300048828125,341.3299865722656,343.69000244140625,336.05255126953125,2737700
2022-11-21,343.0,344.25,337.6199951171875,338.25,330.7333679199219,1965100
2022-11-22,339.8299865722656,345.32000732421875,337.55999755859375,344.9599914550781,337.2942810058594,2510700
2022-11-23,344.6300048828125,350.79998779296875,344.1499938964844,348.6400146484375,340.8924865722656,1937300
2022-11-25,348.9599914550781,351.3999938964844,348.0799865722656,351.2900085449219,343.4836120605469,944400
2022-11-28,346.67999267578125,350.2300109863281,343.2300109863281,344.5899963378906,336.9324645996094,2226200
2022-11-29,343.6499938964844,344.7200012207031,340.75,343.1300048828125,335.5049133300781,1724200
2022-11-30,342.8500061035156,356.3999938964844,341.4800109863281,356.3999938964844,348.48004150390625,4252300
2022-12-01,357.989990234375,361.5799865722656,354.04998779296875,360.79998779296875,352.78228759765625,3374700
2022-12-02,357.45001220703125,362.2900085449219,356.05999755859375,360.05999755859375,352.05865478515625,2015500
2022-12-05,356.0,358.8999938964844,354.45001220703125,356.0899963378906,348.1768798828125,2202500
2022-12-06,353.82000732421875,355.0,344.3500061035156,347.5299987792969,339.80712890625,2353300
2022-12-07,346.8800048828125,347.8500061035156,341.4700012207031,347.4200134277344,339.6995849609375,2454300
2022-12-08,350.0,352.1700134277344,347.2200012207031,351.1700134277344,343.3663330078125,1998600
2022-12-09,348.3999938964844,352.7699890136719,347.3599853515625,348.8299865722656,341.0782775878906,2301100
2022-12-12,350.30999755859375,358.44000244140625,349.1000061035156,358.1700134277344,350.210693359375,2427100
2022-12-13,369.239990234375,369.260009765625,355.739990234375,357.1499938964844,349.21337890625,3072200
2022-12-14,357.0,362.1000061035156,353.7699890136719,357.510009765625,349.56536865234375,2587200
2022-12-15,351.4200134277344,353.79998779296875,342.55999755859375,346.25,338.55560302734375,2774900
2022-12-16,344.7699890136719,348.239990234375,343.3800048828125,345.8399963378906,338.15472412109375,5947100
2022-12-19,345.3599853515625,345.8500061035156,339.5400085449219,341.260009765625,333.676513671875,2457300
2022-12-20,341.3699951171875,344.3699951171875,340.6199951171875,342.95001220703125,335.3288879394531,1895900
2022-12-21,343.6400146484375,347.6000061035156,342.3699951171875,345.69000244140625,338.00799560546875,2087000
2022-12-22,344.19000244140625,345.6000061035156,336.42999267578125,341.5199890136719,333.93072509765625,2276100
2022-12-23,339.0199890136719,344.5400085449219,337.69000244140625,343.6000061035156,335.9645080566406,1914500
2022-12-27,344.1000061035156,346.9100036621094,341.80999755859375,346.1600036621094,338.4675598144531,1637700
2022-12-28,346.54998779296875,349.510009765625,341.7799987792969,341.95001220703125,334.3511657714844,1854100
2022-12-29,344.3800048828125,349.7200012207031,343.5400085449219,348.2099914550781,340.4720458984375,1459800
2022-12-30,345.3299865722656,347.8999938964844,343.6199951171875,347.7300109863281,340.002685546875,1617600
2023-01-03,349.9599914550781,354.6600036621094,343.94000244140625,346.79998779296875,339.0933837890625,2933600
2023-01-04,351.3900146484375,356.9800109863281,349.69000244140625,355.1499938964844,347.2578125,2661000
2023-01-05,356.1199951171875,357.55999755859375,351.2699890136719,351.7699890136719,343.95294189453125,2608500
2023-01-06,357.30999755859375,368.7200012207031,355.32000732421875,367.6700134277344,360.0830383300781,4432800
2023-01-09,371.6300048828125,375.0,369.55999755859375,370.9700012207031,363.3149719238281,3913500
2023-01-10,368.80999755859375,371.67999267578125,367.2099914550781,371.010009765625,363.3541259765625,3485900
2023-01-11,372.6199951171875,377.9200134277344,371.260009765625,377.8599853515625,370.0628356933594,3370200
2023-01-12,377.8599853515625,381.1300048828125,376.9200134277344,379.80999755859375,371.9725646972656,3291200
2023-01-13,375.05999755859375,377.8699951171875,374.30999755859375,375.5199890136719,367.77105712890625,4261000
2023-01-17,375.0,378.3299865722656,373.9800109863281,375.0,367.26177978515625,2814500
2023-01-18,374.510009765625,375.80999755859375,368.5,368.9200134277344,361.3072509765625,2747100
2023-01-19,364.6000061035156,370.79998779296875,363.6000061035156,367.94000244140625,360.3475036621094,3111200
2023-01-20,370.2300109863281,376.6199951171875,369.3999938964844,376.2799987792969,368.515380859375,3863400
2023-01-23,376.739990234375,381.3800048828125,376.3599853515625,378.57000732421875,370.7580871582031,2743900
2023-01-24,390.0,390.0,375.2200012207031,380.010009765625,372.1684265136719,2756200
2023-01-25,375.1000061035156,382.55999755859375,375.1000061035156,382.3900146484375,374.4993591308594,3501900
2023-01-26,383.4100036621094,384.1099853515625,373.0,377.239990234375,369.4555969238281,3718400
2023-01-27,376.19000244140625,380.5199890136719,373.3800048828125,374.0299987792969,366.31182861328125,3405600
2023-01-30,369.4599914550781,373.739990234375,369.3999938964844,371.1199951171875,363.4618225097656,2688600
2023-01-31,369.989990234375,372.4800109863281,367.0199890136719,370.6000061035156,362.9526062011719,3137400
2023-02-01,368.57000732421875,376.7799987792969,367.0,374.0799865722656,366.36077880859375,2951900
2023-02-02,379.5199890136719,380.4700012207031,372.79998779296875,374.94000244140625,367.2030334472656,2761600
2023-02-03,370.79998779296875,378.2200012207031,370.489990234375,373.9100036621094,366.1943054199219,2739600
2023-02-06,370.0,374.3299865722656,369.04998779296875,372.9700012207031,365.2736511230469,2068300
2023-02-07,371.510009765625,377.07000732421875,368.8399963378906,375.05999755859375,367.32049560546875,2309100
2023-02-08,373.1700134277344,375.7900085449219,370.1400146484375,370.3500061035156,362.707763671875,2193600
2023-02-09,373.29998779296875,374.57000732421875,369.25,370.4200134277344,362.77630615234375,2287600
2023-02-10,369.6400146484375,370.25,362.9200134277344,366.8299865722656,359.2603454589844,2270700
2023-02-13,368.55999755859375,371.1400146484375,367.07000732421875,370.8299865722656,363.1778869628906,2286400
2023-02-14,369.5799865722656,373.4100036621094,367.7300109863281,369.9599914550781,362.3258361816406,1841400
2023-02-15,366.2799987792969,369.79998779296875,365.010009765625,369.6400146484375,362.0124206542969,2203300
2023-02-16,364.8999938964844,373.0799865722656,364.8999938964844,367.54998779296875,359.96551513671875,2792700
2023-02-17,364.05999755859375,366.70001220703125,359.79998779296875,361.1300048828125,353.6780090332031,2718900
2023-02-21,356.760009765625,361.7699890136719,355.19000244140625,355.9599914550781,348.6146545410156,2730900
2023-02-22,355.3599853515625,357.739990234375,353.2099914550781,354.9700012207031,347.6451721191406,2109300
2023-02-23,357.739990234375,357.739990234375,351.6600036621094,355.5299987792969,348.193603515625,1975500
2023-02-24,350.82000732421875,354.0,349.5899963378906,353.1199951171875,345.8332824707031,2016100
2023-02-27,355.6400146484375,358.0299987792969,354.82000732421875,355.4800109863281,348.1446533203125,2200800
2023-02-28,354.80999755859375,357.79998779296875,353.239990234375,355.2900085449219,347.95855712890625,2732900
2023-03-01,354.0,355.30999755859375,349.3900146484375,353.5,346.2054748535156,1968100
2023-03-02,353.6300048828125,356.6199951171875,351.69000244140625,355.57000732421875,348.2327880859375,2526000
2023-03-03,358.1199951171875,361.69000244140625,357.0899963378906,361.5,354.0404052734375,2174900
2023-03-06,361.82000732421875,368.5299987792969,361.260009765625,366.92999267578125,359.3583068847656,2789400
2023-03-07,367.1700134277344,369.1499938964844,359.54998779296875,359.94000244140625,352.5125732421875,1660800
2023-03-08,358.6099853515625,361.70001220703125,357.2799987792969,359.0299987792969,351.62127685546875,1634400
2023-03-09,359.25,364.0199890136719,353.9100036621094,354.44000244140625,347.1260070800781,2414700
2023-03-10,352.4100036621094,353.04998779296875,345.2300109863281,347.1099853515625,339.9472961425781,3176400
2023-03-13,343.6300048828125,349.8599853515625,340.2099914550781,344.7099914550781,337.5968017578125,3308200
2023-03-14,351.0,356.1099853515625,348.55999755859375,352.82000732421875,345.5395202636719,3413300
2023-03-15,346.04998779296875,348.3999938964844,343.6400146484375,348.0799865722656,340.89727783203125,3082600
2023-03-16,346.6199951171875,348.69000244140625,340.2799987792969,348.0,340.8189392089844,3768100
2023-03-17,350.25,351.94000244140625,346.8599853515625,349.6600036621094,342.4447937011719,8426800
2023-03-20,348.0,353.8399963378906,347.3399963378906,349.32000732421875,342.1116943359375,3864200
2023-03-21,354.3699951171875,356.20001220703125,350.8299865722656,354.57000732421875,347.2533874511719,3766800
2023-03-22,354.6099853515625,360.0,351.0299987792969,351.0299987792969,343.78643798828125,2596400
2023-03-23,352.4100036621094,359.8599853515625,351.8399963378906,354.3699951171875,347.0574951171875,2598100
2023-03-24,350.45001220703125,352.4200134277344,346.30999755859375,351.6300048828125,344.3740539550781,2971500
2023-03-27,355.57000732421875,357.8900146484375,354.2799987792969,354.6199951171875,347.3023681640625,2420300
2023-03-28,355.55999755859375,355.8999938964844,352.79998779296875,354.3299865722656,347.01824951171875,1695900
2023-03-29,357.3800048828125,360.0299987792969,355.82000732421875,359.5299987792969,352.111083984375,2327000
2023-03-30,360.95001220703125,362.5899963378906,358.239990234375,359.260009765625,351.8466491699219,2480500
2023-03-31,361.1300048828125,363.6499938964844,360.3800048828125,363.4100036621094,355.9109191894531,3376600
2023-04-03,362.6099853515625,366.6600036621094,361.75,366.4700012207031,358.9078369140625,2978000
2023-04-04,366.79998779296875,369.1199951171875,363.3800048828125,363.8999938964844,356.3908386230469,2198700
2023-04-05,363.4800109863281,365.1300048828125,361.6099853515625,363.7900085449219,356.8420104980469,2239600
2023-04-06,361.2099914550781,362.0400085449219,355.9700012207031,361.4700012207031,354.56634521484375,2357600
2023-04-10,359.7099914550781,360.92999267578125,357.5799865722656,360.1400146484375,353.2617492675781,1559100
2023-04-11,363.4200134277344,365.19000244140625,361.1600036621094,364.1300048828125,357.1755676269531,3033800
2023-04-12,366.0799865722656,368.6000061035156,361.0299987792969,361.7799987792969,354.8704528808594,2268800
2023-04-13,363.82000732421875,369.75,363.3900146484375,369.6499938964844,362.59014892578125,2611700
2023-04-14,370.0,373.3900146484375,369.1099853515625,372.42999267578125,365.3170471191406,2254600
2023-04-17,373.3599853515625,374.1000061035156,368.3900146484375,372.760009765625,365.6407775878906,2432700
2023-04-18,373.95001220703125,373.95001220703125,369.9599914550781,372.32000732421875,365.2091369628906,2087800
2023-04-19,372.989990234375,374.1499938964844,371.1600036621094,372.79998779296875,365.6799621582031,1795300
2023-04-20,371.45001220703125,375.19000244140625,369.69000244140625,375.0,367.83795166015625,2124800
2023-04-21,375.7200012207031,377.42999267578125,373.260009765625,375.239990234375,368.0733947753906,3537800
2023-04-24,375.1499938964844,377.6400146484375,373.6199951171875,374.7300109863281,367.5731201171875,1886300
2023-04-25,373.5,374.5799865722656,368.32000732421875,368.5299987792969,361.4915466308594,2245000
2023-04-26,369.6400146484375,372.2200012207031,366.0899963378906,366.760009765625,359.75537109375,2594200
2023-04-27,366.5799865722656,374.9800109863281,361.0,373.6700134277344,366.53338623046875,3859900
2023-04-28,372.5299987792969,381.92999267578125,371.510009765625,380.0299987792969,372.7718811035156,3107300
2023-05-01,380.489990234375,382.4599914550781,378.9599914550781,379.8599853515625,372.60516357421875,1745100
2023-05-02,377.7699890136719,378.8399963378906,370.94000244140625,376.0299987792969,368.8482666015625,2478700
2023-05-03,376.6700134277344,379.54998779296875,374.3299865722656,374.8999938964844,367.7398376464844,1970900
2023-05-04,374.5,376.8500061035156,372.1400146484375,376.1199951171875,368.9365539550781,2814900
2023-05-05,380.57000732421875,385.1499938964844,378.239990234375,384.6600036621094,377.3134460449219,2683100
2023-05-08,384.010009765625,387.4599914550781,383.7699890136719,385.510009765625,378.14727783203125,1719600
2023-05-09,383.8800048828125,386.1700134277344,382.70001220703125,382.94000244140625,375.62628173828125,2036400
2023-05-10,385.989990234375,386.760009765625,377.6499938964844,382.5400085449219,375.2339172363281,1940800
2023-05-11,382.2099914550781,385.7200012207031,379.260009765625,383.3900146484375,376.0677185058594,1901200
2023-05-12,384.489990234375,385.0199890136719,378.79998779296875,381.9200134277344,374.6258239746094,2044000
2023-05-15,381.8699951171875,383.6600036621094,380.5299987792969,383.4100036621094,376.0873107910156,1957400
2023-05-16,382.6000061035156,383.6000061035156,377.32000732421875,380.239990234375,372.9778747558594,2762700
2023-05-17,382.20001220703125,387.5199890136719,379.1300048828125,387.0,379.6087951660156,3260300
2023-05-18,387.1099853515625,392.0199890136719,385.80999755859375,392.0199890136719,384.5328674316406,3729500
2023-05-19,392.0,392.20001220703125,385.1400146484375,385.57000732421875,378.2061767578125,3369100
2023-05-22,384.989990234375,387.3699951171875,384.17999267578125,384.5299987792969,377.1859130859375,1808800
2023-05-23,381.5199890136719,382.0299987792969,370.44000244140625,373.75,366.61181640625,3979000
2023-05-24,369.3699951171875,369.6099853515625,365.5799865722656,368.5,361.46209716796875,2655700
2023-05-25,367.9100036621094,370.989990234375,364.9100036621094,370.0400085449219,362.9727478027344,3752200
2023-05-26,371.0,375.67999267578125,370.04998779296875,374.3699951171875,367.2200012207031,2691300
2023-05-30,376.2799987792969,376.6300048828125,366.20001220703125,367.5,360.4812316894531,3430100
2023-05-31,365.0,365.70001220703125,357.8500061035156,365.0199890136719,358.04852294921875,10695300
2023-06-01,367.1600036621094,371.0899963378906,366.04998779296875,370.8800048828125,363.796630859375,3389700
2023-06-02,374.5899963378906,375.82000732421875,372.1499938964844,373.7300109863281,366.59222412109375,2501500
2023-06-05,372.75,372.79998779296875,368.5299987792969,370.5199890136719,363.4434814453125,2316200
2023-06-06,372.95001220703125,380.3800048828125,371.80999755859375,379.9599914550781,372.7032165527344,2758700
2023-06-07,379.2900085449219,380.5,368.260009765625,371.3900146484375,364.2969665527344,3714500
2023-06-08,369.3599853515625,369.7699890136719,365.8500061035156,367.5899963378906,360.56951904296875,2594700
2023-06-09,370.4599914550781,372.1099853515625,367.760009765625,369.2200012207031,362.1683349609375,2201800
2023-06-12,370.6700134277344,375.9700012207031,369.94000244140625,375.30999755859375,368.1420593261719,2407500
2023-06-13,375.30999755859375,377.17999267578125,369.80999755859375,371.3800048828125,364.2870788574219,2444100
2023-06-14,372.92999267578125,378.0799865722656,372.0199890136719,374.760009765625,367.6026306152344,2775400
2023-06-15,373.2699890136719,379.57000732421875,370.5199890136719,379.0400085449219,371.8008117675781,2558100
2023-06-16,381.6099853515625,382.8999938964844,376.1600036621094,376.5299987792969,369.3387451171875,5886900
2023-06-20,375.010009765625,379.510009765625,373.75,374.6199951171875,367.4652404785156,3961700
2023-06-21,373.9599914550781,378.3900146484375,373.6600036621094,376.1400146484375,368.95623779296875,2301300
2023-06-22,375.1099853515625,378.4800109863281,373.95001220703125,377.79998779296875,370.58447265625,1933300
2023-06-23,374.9800109863281,381.1199951171875,373.2200012207031,379.80999755859375,372.55609130859375,3739700
2023-06-26,378.05999755859375,379.989990234375,375.3500061035156,377.4200134277344,370.2117004394531,3327800
2023-06-27,380.3399963378906,382.8399963378906,379.010009765625,381.7900085449219,374.4983215332031,2197300
2023-06-28,381.19000244140625,381.3999938964844,378.6700134277344,380.2300109863281,372.96807861328125,2012400
2023-06-29,380.8500061035156,388.010009765625,380.5,387.6700134277344,380.2659606933594,2524600
2023-06-30,388.1000061035156,395.1700134277344,388.1000061035156,393.29998779296875,385.7884826660156,4407100
2023-07-03,391.3399963378906,394.30999755859375,388.67999267578125,393.9599914550781,386.4358825683594,1304600
2023-07-05,388.80999755859375,395.25,387.1300048828125,394.7300109863281,387.191162109375,2781800
2023-07-06,393.8299865722656,394.2099914550781,389.739990234375,393.1400146484375,386.189208984375,2156600
2023-07-07,390.6600036621094,392.45001220703125,388.3999938964844,388.67999267578125,381.8079833984375,2654400
2023-07-10,388.4800109863281,393.42999267578125,388.010009765625,392.1600036621094,385.2265319824219,2148600
2023-07-11,393.6199951171875,398.4599914550781,392.3399963378906,397.79998779296875,390.76678466796875,2106200
2023-07-12,399.0,403.1700134277344,398.7099914550781,400.69000244140625,393.6057434082031,2273400
2023-07-13,403.0,403.239990234375,400.4599914550781,400.55999755859375,393.47796630859375,2354900
2023-07-14,402.1199951171875,403.489990234375,400.29998779296875,402.510009765625,395.3935546875,1978500
2023-07-17,401.95001220703125,404.0,401.1199951171875,402.20001220703125,395.08905029296875,2344500
2023-07-18,400.4200134277344,401.94000244140625,395.2099914550781,398.1600036621094,391.1204528808594,2676200
2023-07-19,398.0,399.8500061035156,396.30999755859375,398.2699890136719,391.2284851074219,1809700
2023-07-20,397.1400146484375,399.7200012207031,395.54998779296875,398.05999755859375,391.022216796875,2570700
2023-07-21,398.6700134277344,401.510009765625,397.4200134277344,397.489990234375,390.4622802734375,1868100
2023-07-24,397.4800109863281,404.9100036621094,396.6099853515625,404.7900085449219,397.6332092285156,3029800
2023-07-25,403.3699951171875,404.8599853515625,401.0,401.2799987792969,394.18524169921875,2490500
2023-07-26,399.17999267578125,403.30999755859375,395.75,402.4100036621094,395.2952880859375,2572300
2023-07-27,405.19000244140625,405.19000244140625,393.95001220703125,394.5,387.525146484375,3563300
2023-07-28,397.9599914550781,398.0,388.8800048828125,392.9599914550781,386.0124206542969,4501000
2023-07-31,393.9700012207031,396.0799865722656,392.4700012207031,394.2799987792969,387.3089599609375,3578300
2023-08-01,393.7799987792969,397.29998779296875,392.3599853515625,397.07000732421875,390.0496826171875,2344200
2023-08-02,393.8800048828125,394.2099914550781,389.5799865722656,390.0199890136719,383.12432861328125,2410600
2023-08-03,387.55999755859375,393.44000244140625,386.4200134277344,393.010009765625,386.0615234375,2190500
2023-08-04,391.6099853515625,396.0899963378906,390.07000732421875,391.3500061035156,384.43084716796875,2215800
2023-08-07,393.0,397.75,393.0,396.8699951171875,389.8532409667969,1559800
2023-08-08,396.17999267578125,396.3800048828125,390.1300048828125,393.19000244140625,386.2383117675781,1747000
2023-08-09,393.8599853515625,396.7900085449219,391.8699951171875,393.6700134277344,386.7098083496094,1806100
2023-08-10,396.4599914550781,400.6300048828125,395.7099914550781,397.1400146484375,390.11846923828125,2154500
2023-08-11,395.75,396.6700134277344,392.80999755859375,394.9800109863281,387.9966125488281,1464600
2023-08-14,396.45001220703125,399.2300109863281,394.6099853515625,398.5799865722656,391.53302001953125,1638500
2023-08-15,397.489990234375,397.489990234375,393.5899963378906,394.45001220703125,387.4761047363281,1753200
2023-08-16,393.44000244140625,399.20001220703125,393.1199951171875,394.3699951171875,387.39739990234375,2002000
2023-08-17,396.1400146484375,396.2099914550781,390.989990234375,392.6199951171875,385.6783447265625,2118600
2023-08-18,389.82000732421875,393.8399963378906,388.8299865722656,392.1700134277344,385.2363586425781,2001800
2023-08-21,393.2099914550781,394.989990234375,391.0199890136719,393.20001220703125,386.24810791015625,1869400
2023-08-22,395.0,398.7699890136719,393.67999267578125,397.8399963378906,390.80609130859375,2422500
2023-08-23,399.2699890136719,401.9200134277344,398.3599853515625,401.05999755859375,393.9691467285156,1943200
2023-08-24,401.5899963378906,404.0,397.5,397.6700134277344,390.6390686035156,1970000
2023-08-25,400.6499938964844,404.6199951171875,399.0,402.8900146484375,395.766845703125,2154600
2023-08-28,404.0,407.79998779296875,403.1499938964844,407.44000244140625,400.2363586425781,1901300
2023-08-29,407.4200134277344,412.19000244140625,406.5899963378906,411.6499938964844,404.3719177246094,2188800
2023-08-30,414.7799987792969,417.7799987792969,413.5199890136719,413.9100036621094,406.59197998046875,2516600
2023-08-31,414.2099914550781,416.2900085449219,411.7799987792969,412.6400146484375,405.34442138671875,2535100
2023-09-01,413.8399963378906,416.510009765625,412.489990234375,415.57000732421875,408.22265625,1841700
2023-09-05,413.3500061035156,415.3999938964844,409.70001220703125,411.5,404.2245788574219,2045600
2023-09-06,410.7799987792969,413.3800048828125,408.8900146484375,413.17999267578125,405.87481689453125,2292100
2023-09-07,411.9200134277344,416.1300048828125,411.7300109863281,414.6199951171875,407.2894592285156,2502700
2023-09-08,415.0,416.3299865722656,413.8599853515625,414.8399963378906,407.5055236816406,1868900
2023-09-11,416.8500061035156,417.5899963378906,414.6400146484375,416.69000244140625,409.3227844238281,1544700
2023-09-12,415.95001220703125,417.6499938964844,415.25,416.2699890136719,408.9102478027344,1997600
2023-09-13,416.1700134277344,418.4100036621094,414.9700012207031,416.29998779296875,408.9396667480469,2142200
2023-09-14,418.29998779296875,418.6000061035156,407.7799987792969,413.3399963378906,406.0321044921875,3557700
2023-09-15,411.8599853515625,418.29998779296875,411.1400146484375,414.30999755859375,406.98486328125,4755500
2023-09-18,413.8800048828125,417.8900146484375,413.0400085449219,417.1300048828125,409.7550354003906,1808000
2023-09-19,416.9599914550781,417.1000061035156,411.1000061035156,413.5299987792969,406.2186584472656,1730900
2023-09-20,413.7699890136719,415.8500061035156,410.0799865722656,410.5199890136719,403.26190185546875,1580000
2023-09-21,408.3399963378906,408.7699890136719,402.1000061035156,403.3599853515625,396.22845458984375,2450700
2023-09-22,404.3900146484375,406.8500061035156,401.55999755859375,402.2200012207031,395.10870361328125,1885000
2023-09-25,400.6000061035156,403.2300109863281,399.8399963378906,402.489990234375,395.3739013671875,1846500
2023-09-26,400.0,400.8500061035156,393.6099853515625,395.3800048828125,388.3896484375,2940400
2023-09-27,396.2099914550781,397.0299987792969,391.4800109863281,395.4800109863281,388.48779296875,1987500
2023-09-28,395.8299865722656,401.3500061035156,395.3699951171875,399.44000244140625,392.3777770996094,2216200
2023-09-29,402.0299987792969,402.17999267578125,394.25,395.9100036621094,388.91021728515625,3032300
2023-10-02,393.6000061035156,396.3599853515625,392.45001220703125,395.8500061035156,388.85125732421875,2856800
2023-10-03,394.5,397.8599853515625,388.9700012207031,391.05999755859375,384.14593505859375,2527900
2023-10-04,392.0,394.4700012207031,388.5799865722656,393.760009765625,386.7982177734375,1813400
2023-10-05,390.3900146484375,394.7200012207031,390.0,394.20001220703125,387.79180908203125,2116600
2023-10-06,393.2300109863281,401.0,390.5,397.9700012207031,391.50048828125,2484000
2023-10-09,394.4599914550781,396.5,389.5799865722656,394.739990234375,388.322998046875,2475100
2023-10-10,395.5400085449219,402.7200012207031,393.8500061035156,400.3699951171875,393.8614501953125,2713800
2023-10-11,403.25,405.1300048828125,397.3599853515625,399.80999755859375,393.3105773925781,2055600
2023-10-12,403.79998779296875,405.3399963378906,397.32000732421875,399.8999938964844,393.3991394042969,1779000
2023-10-13,398.80999755859375,402.1400146484375,395.0799865722656,398.0299987792969,391.5595703125,2235600
2023-10-16,400.239990234375,404.42999267578125,398.7799987792969,401.1600036621094,394.6386413574219,2202100
2023-10-17,399.6400146484375,403.6099853515625,398.45001220703125,401.7699890136719,395.23876953125,2176000
2023-10-18,399.1099853515625,401.3699951171875,392.55999755859375,393.2099914550781,386.81787109375,1951400
2023-10-19,393.8500061035156,394.8299865722656,385.5,387.8699951171875,381.564697265625,3472800
2023-10-20,387.8699951171875,389.989990234375,384.1700134277344,384.4100036621094,378.16094970703125,2652500
2023-10-23,382.30999755859375,387.8599853515625,381.0,383.6700134277344,377.4329833984375,1771800
2023-10-24,385.5,389.42999267578125,383.8699951171875,386.9100036621094,380.620361328125,2003300
2023-10-25,384.0,388.6300048828125,382.239990234375,386.30999755859375,380.030029296875,3504500
2023-10-26,371.0199890136719,375.54998779296875,363.0400085449219,364.5899963378906,358.66314697265625,6920100
2023-10-27,366.489990234375,368.2900085449219,359.7699890136719,364.0799865722656,358.1614685058594,3624900
2023-10-30,366.5199890136719,373.2300109863281,364.7200012207031,372.4200134277344,366.3658752441406,3386400
2023-10-31,373.32000732421875,377.67999267578125,373.1099853515625,376.3500061035156,370.23193359375,2978800
2023-11-01,378.6700134277344,380.3999938964844,375.0400085449219,377.82000732421875,371.67803955078125,2354700
2023-11-02,380.29998779296875,383.0400085449219,378.489990234375,382.69000244140625,376.46893310546875,2816000
2023-11-03,385.0,388.44000244140625,383.7300109863281,386.04998779296875,379.7742614746094,2269100
2023-11-06,387.1000061035156,388.25,384.2099914550781,386.1600036621094,379.88250732421875,2020500
2023-11-07,386.0,389.5899963378906,384.29998779296875,388.8699951171875,382.5484619140625,2324200
2023-11-08,387.1099853515625,391.3699951171875,387.0,389.70001220703125,383.36492919921875,2838400
2023-11-09,390.9599914550781,391.45001220703125,387.2699890136719,387.9599914550781,381.6532287597656,2657100
2023-11-10,390.0400085449219,395.0899963378906,386.739990234375,394.3800048828125,387.9688415527344,2807000
2023-11-13,394.3500061035156,395.6300048828125,393.0199890136719,394.3500061035156,387.9394226074219,1614600
2023-11-14,397.17999267578125,401.67999267578125,396.75,397.6499938964844,391.1856994628906,2733900
2023-11-15,397.4700012207031,399.2799987792969,394.760009765625,396.8299865722656,390.3790283203125,2434600
2023-11-16,398.010009765625,399.95001220703125,395.54998779296875,397.1000061035156,390.6446838378906,3060600
2023-11-17,399.9700012207031,401.1199951171875,397.9100036621094,400.29998779296875,393.79266357421875,2365500
2023-11-20,400.7200012207031,405.20001220703125,398.260009765625,404.3999938964844,397.8259582519531,2768300
2023-11-21,405.7200012207031,410.3500061035156,405.69000244140625,408.95001220703125,402.302001953125,2567500
2023-11-22,412.260009765625,412.8500061035156,410.1499938964844,410.3299865722656,403.65960693359375,1967900
2023-11-24,412.489990234375,412.9700012207031,410.5299987792969,412.5,405.7942810058594,1053500
2023-11-27,411.0,412.7200012207031,408.25,408.9700012207031,402.3216857910156,2665900
2023-11-28,409.0799865722656,410.6400146484375,407.4599914550781,409.010009765625,402.36102294921875,2645000
2023-11-29,411.010009765625,412.0799865722656,409.4200134277344,409.82000732421875,403.1579284667969,2151400
2023-11-30,410.1000061035156,414.1600036621094,408.7799987792969,413.8299865722656,407.1026916503906,3203500
2023-12-01,412.8900146484375,416.6000061035156,411.57000732421875,414.3599853515625,407.6240234375,2171400
2023-12-04,413.8299865722656,414.8500061035156,408.0299987792969,408.2300109863281,401.5937805175781,3097900
2023-12-05,407.0899963378906,409.04998779296875,404.32000732421875,408.69000244140625,402.0462341308594,2755600
2023-12-06,411.42999267578125,413.82000732421875,407.1600036621094,410.3800048828125,403.7087707519531,2224200
2023-12-07,412.07000732421875,413.57000732421875,409.989990234375,413.1499938964844,406.4337463378906,2363000
2023-12-08,412.2200012207031,413.6700134277344,409.2300109863281,412.1600036621094,405.4598693847656,1959300
2023-12-11,412.4599914550781,416.1700134277344,412.3800048828125,415.7099914550781,408.95208740234375,2236000
2023-12-12,417.0,421.0,414.70001220703125,420.75,413.9101867675781,2736500
2023-12-13,421.8599853515625,426.3699951171875,419.1499938964844,424.67999267578125,417.7762756347656,3694200
2023-12-14,425.010009765625,425.8500061035156,415.8999938964844,418.55999755859375,411.75579833984375,3989700
2023-12-15,412.6199951171875,419.260009765625,411.6000061035156,418.57000732421875,411.7656555175781,5566600
2023-12-18,419.5299987792969,425.0899963378906,419.5299987792969,424.42999267578125,417.53033447265625,2686900
2023-12-19,424.04998779296875,426.67999267578125,422.5199890136719,425.4700012207031,418.553466796875,2256200
2023-12-20,425.0799865722656,427.6099853515625,419.239990234375,419.45001220703125,412.63134765625,3058300
2023-12-21,421.7900085449219,423.8999938964844,420.6099853515625,423.44000244140625,416.5564880371094,2213600
2023-12-22,424.75,427.1700134277344,422.9599914550781,424.1000061035156,417.2056884765625,1759000
2023-12-26,425.0,425.7200012207031,422.95001220703125,423.6700134277344,416.78271484375,1258200
2023-12-27,423.0,425.010009765625,422.9599914550781,424.3599853515625,417.46148681640625,1324100
2023-12-28,423.7699890136719,428.3599853515625,423.67999267578125,426.32000732421875,419.3896484375,1505000
2023-12-29,426.67999267578125,428.3500061035156,424.2699890136719,426.510009765625,419.57659912109375,1706100
2024-01-02,424.0899963378906,424.2799987792969,419.55999755859375,421.8900146484375,415.03167724609375,2463700
2024-01-03,421.20001220703125,421.3399963378906,417.5,418.7699890136719,411.96240234375,3093700
2024-01-04,418.5,423.45001220703125,418.2799987792969,419.7699890136719,412.9460754394531,2042600
2024-01-05,420.489990234375,422.760009765625,416.989990234375,419.4200134277344,412.60186767578125,2415900
2024-01-08,419.44000244140625,422.0799865722656,416.5299987792969,421.9800109863281,415.7744445800781,2125400
2024-01-09,419.1000061035156,423.70001220703125,418.5400085449219,422.6000061035156,416.3853454589844,2439300
2024-01-10,426.0,429.4700012207031,424.1499938964844,428.2699890136719,421.9719543457031,2709300
2024-01-11,430.0,431.7900085449219,425.7699890136719,426.7200012207031,420.4447937011719,2320600
2024-01-12,429.95001220703125,431.1099853515625,427.70001220703125,429.1000061035156,422.789794921875,1892400
2024-01-16,427.44000244140625,429.7300109863281,426.5199890136719,428.3500061035156,422.05084228515625,2398000
2024-01-17,425.4800109863281,430.3800048828125,425.4800109863281,427.4200134277344,421.134521484375,2690400
2024-01-18,428.6400146484375,431.2200012207031,427.45001220703125,430.7200012207031,424.385986328125,2075700
2024-01-19,432.54998779296875,437.07000732421875,429.3399963378906,436.7799987792969,430.35687255859375,2400200
2024-01-22,438.9800109863281,440.94000244140625,437.260009765625,439.75,433.28314208984375,2715500
2024-01-23,440.2699890136719,440.6000061035156,437.8599853515625,438.760009765625,432.30767822265625,2328600
2024-01-24,438.5299987792969,440.92999267578125,435.760009765625,438.70001220703125,432.24859619140625,2725700
2024-01-25,436.0,438.6300048828125,434.4599914550781,436.79998779296875,430.3764953613281,2977800
2024-01-26,432.54998779296875,439.8900146484375,430.6700134277344,438.5299987792969,432.08111572265625,2725400
2024-01-29,435.7799987792969,440.9599914550781,434.6700134277344,440.5799865722656,434.10089111328125,2314200
2024-01-30,440.8999938964844,446.2200012207031,440.04998779296875,445.19000244140625,438.64312744140625,2663600
2024-01-31,450.0,462.0,446.6199951171875,449.2300109863281,442.6237487792969,4740500
2024-02-01,455.0,461.1400146484375,454.04998779296875,460.9200134277344,454.141845703125,3292700
2024-02-02,462.2099914550781,463.8399963378906,458.5,460.5799865722656,453.8067932128906,2050300
2024-02-05,459.510009765625,461.3699951171875,455.5299987792969,456.760009765625,450.0429992675781,2438800
2024-02-06,455.3599853515625,460.55999755859375,455.3599853515625,460.5,453.72796630859375,2201900
2024-02-07,461.2099914550781,462.239990234375,459.6199951171875,461.9100036621094,455.1172790527344,2544300
2024-02-08,460.0,460.75,457.45001220703125,458.260009765625,451.5209655761719,2081300
2024-02-09,458.05999755859375,458.989990234375,456.3699951171875,457.8800048828125,451.14654541015625,2155400
2024-02-12,459.17999267578125,459.3999938964844,456.0799865722656,458.7099914550781,451.9643859863281,1794500
2024-02-13,456.760009765625,461.8800048828125,456.0400085449219,460.4599914550781,453.6885681152344,2407700
2024-02-14,462.0,465.45001220703125,459.44000244140625,465.19000244140625,458.3490295410156,2202700
2024-02-15,465.8299865722656,472.1099853515625,465.2300109863281,471.2799987792969,464.34942626953125,2354100
2024-02-16,474.1700134277344,474.1700134277344,467.07000732421875,468.1300048828125,461.2457580566406,2237200
2024-02-20,452.79998779296875,455.8500061035156,450.1199951171875,451.75,445.1066589355469,5044200
2024-02-21,453.30999755859375,459.6000061035156,452.0,459.04998779296875,452.29925537109375,2895800
2024-02-22,461.80999755859375,472.5,461.5799865722656,471.55999755859375,464.6253967285156,2572800
2024-02-23,473.7300109863281,475.1700134277344,471.8599853515625,473.4200134277344,466.4580078125,1764100
2024-02-26,473.0,475.0799865722656,472.0,474.510009765625,467.5320129394531,2066900
2024-02-27,474.54998779296875,475.0,469.95001220703125,474.75,467.7684631347656,2011100
2024-02-28,474.1700134277344,479.1400146484375,473.6700134277344,478.8500061035156,471.8081970214844,1931900
2024-02-29,478.0,478.3900146484375,472.04998779296875,474.760009765625,467.77825927734375,3072500
2024-03-01,474.9100036621094,477.5,473.8999938964844,476.6300048828125,469.62078857421875,1748300
2024-03-04,475.6700134277344,476.6300048828125,465.7699890136719,468.489990234375,461.6004943847656,3212400
2024-03-05,467.3699951171875,469.239990234375,464.6199951171875,467.5199890136719,460.6448059082031,2015100
2024-03-06,467.1600036621094,473.6199951171875,467.1600036621094,471.6000061035156,464.664794921875,1917100
2024-03-07,473.20001220703125,473.2699890136719,465.8900146484375,467.5400085449219,460.66455078125,2178100
2024-03-08,467.1000061035156,471.6199951171875,467.1000061035156,469.260009765625,462.3592224121094,1596900
2024-03-11,469.0,469.3699951171875,464.69000244140625,469.1600036621094,462.2606506347656,1774500
2024-03-12,470.5299987792969,474.3699951171875,468.7099914550781,472.8699951171875,465.9161071777344,1853900
2024-03-13,474.2300109863281,476.1600036621094,472.7799987792969,475.6099853515625,468.61578369140625,2103900
2024-03-14,481.0199890136719,482.0,477.17999267578125,479.4800109863281,472.4288635253906,2757700
2024-03-15,473.3399963378906,478.4599914550781,473.0799865722656,475.8299865722656,468.83251953125,4179300
2024-03-18,478.6400146484375,480.82000732421875,476.6499938964844,478.8900146484375,471.84759521484375,2072300
2024-03-19,481.6199951171875,484.6099853515625,479.510009765625,484.0,476.8824462890625,2049500
2024-03-20,484.32000732421875,488.45001220703125,483.6400146484375,488.0400085449219,480.8630065917969,1691100
2024-03-21,488.5299987792969,490.0,483.3999938964844,488.6400146484375,481.4541931152344,2580300
2024-03-22,488.30999755859375,488.8900146484375,481.4599914550781,481.6700134277344,474.5867004394531,2277800
2024-03-25,481.6000061035156,482.32000732421875,474.4100036621094,476.0400085449219,469.0394592285156,2600300
2024-03-26,477.7200012207031,480.0,472.30999755859375,476.79998779296875,469.788330078125,2515100
2024-03-27,480.5,482.1600036621094,474.75,477.95001220703125,470.92138671875,2309400
2024-03-28,477.9100036621094,482.42999267578125,477.2799987792969,481.57000732421875,474.4881286621094,2214500
2024-04-01,480.6600036621094,483.2799987792969,477.3299865722656,478.3999938964844,471.36480712890625,1648200
2024-04-02,476.9700012207031,480.4100036621094,476.29998779296875,479.42999267578125,472.3796081542969,3265100
2024-04-03,480.44000244140625,483.29998779296875,477.2099914550781,477.4200134277344,470.3992004394531,2265000
2024-04-04,479.9700012207031,481.9599914550781,469.0,469.7699890136719,462.86163330078125,2552600
2024-04-05,474.0,479.30999755859375,472.5299987792969,477.1499938964844,470.1331481933594,2462700
2024-04-08,476.3999938964844,479.67999267578125,474.2799987792969,478.8500061035156,472.461669921875,1961800
2024-04-09,477.9700012207031,478.8900146484375,467.8299865722656,472.1600036621094,465.86090087890625,2217200
2024-04-10,470.1700134277344,474.3900146484375,468.8500061035156,469.1700134277344,462.9107666015625,2710500
2024-04-11,468.2799987792969,470.3500061035156,464.19000244140625,468.30999755859375,462.062255859375,2299900
2024-04-12,466.0,469.5199890136719,462.1099853515625,465.3800048828125,459.1713562011719,2486300
2024-04-15,470.239990234375,471.0,458.42999267578125,459.7900085449219,453.65594482421875,2070500
2024-04-16,460.0,463.3800048828125,459.0,459.82000732421875,453.685546875,1787200
2024-04-17,462.7699890136719,463.4100036621094,458.1499938964844,460.1600036621094,454.0210266113281,1735000
2024-04-18,460.5,461.9100036621094,453.79998779296875,454.70001220703125,448.63385009765625,1998900
2024-04-19,458.8900146484375,459.8599853515625,452.5899963378906,455.3900146484375,449.31463623046875,2548800
2024-04-22,457.5,460.739990234375,455.1300048828125,456.75,450.6565246582031,2157400
2024-04-23,458.4800109863281,462.9800109863281,457.30999755859375,462.82000732421875,456.64556884765625,2029100
2024-04-24,465.2900085449219,468.1499938964844,460.3500061035156,462.5,456.32977294921875,4043100
2024-04-25,460.94000244140625,464.0,456.7200012207031,462.1099853515625,455.9449768066406,2006500
2024-04-26,462.9100036621094,464.82000732421875,460.94000244140625,462.4200134277344,456.2508544921875,1963300
2024-04-29,460.95001220703125,461.5899963378906,455.67999267578125,457.1000061035156,451.0018310546875,2120700
2024-04-30,456.260009765625,457.7200012207031,450.8800048828125,451.20001220703125,445.1805419921875,2698800
2024-05-01,445.79998779296875,448.9800109863281,438.3800048828125,442.07000732421875,436.1723327636719,4979100
2024-05-02,443.0,444.6600036621094,438.04998779296875,441.1000061035156,435.2153015136719,3866500
2024-05-03,444.9100036621094,445.260009765625,436.8999938964844,443.5799865722656,437.662109375,3711500
2024-05-06,447.2300109863281,450.5,445.55999755859375,449.3699951171875,443.37493896484375,2536200
2024-05-07,451.760009765625,453.29998779296875,447.5299987792969,453.05999755859375,447.0157470703125,2345300
2024-05-08,454.0,455.1099853515625,449.9200134277344,454.7699890136719,448.7028503417969,2332400
2024-05-09,453.54998779296875,456.0299987792969,453.54998779296875,455.489990234375,449.4132995605469,1970100
2024-05-10,457.3299865722656,458.5799865722656,454.9800109863281,456.9800109863281,450.8834228515625,1729900
2024-05-13,456.92999267578125,458.7200012207031,455.510009765625,457.760009765625,451.653076171875,2069300
2024-05-14,457.9200134277344,458.9800109863281,449.29998779296875,454.20001220703125,448.1405334472656,2991000
2024-05-15,452.7900085449219,458.6000061035156,452.7900085449219,458.0,451.8898010253906,2437800
2024-05-16,460.0,464.92999267578125,458.82000732421875,458.8699951171875,452.74822998046875,2412200
2024-05-17,460.45001220703125,461.69000244140625,458.1099853515625,460.2699890136719,454.1295471191406,1985900
2024-05-20,459.4800109863281,462.2200012207031,458.7799987792969,459.6600036621094,453.5276794433594,1397200
2024-05-21,457.9100036621094,460.3900146484375,455.6300048828125,459.1000061035156,452.97515869140625,2166000
2024-05-22,458.8999938964844,462.5,455.1700134277344,456.5199890136719,450.42962646484375,1713700
2024-05-23,456.5199890136719,458.04998779296875,450.44000244140625,451.2099914550781,445.1904296875,2084600
2024-05-24,452.510009765625,454.45001220703125,450.32000732421875,451.17999267578125,445.1607971191406,2162100
2024-05-28,450.0,450.6300048828125,442.3999938964844,445.0799865722656,439.14215087890625,2670800
2024-05-29,442.1099853515625,444.55999755859375,441.79998779296875,442.4700012207031,436.5669860839844,1876900
2024-05-30,442.2099914550781,444.19000244140625,440.6700134277344,442.1000061035156,436.2019348144531,2189900
2024-05-31,442.69000244140625,447.3399963378906,439.260009765625,447.07000732421875,441.1056213378906,3917100
2024-06-03,443.4800109863281,445.0,437.8900146484375,443.19000244140625,437.27740478515625,2123800
2024-06-04,443.3599853515625,444.8800048828125,441.32000732421875,444.7699890136719,438.8363342285156,2096600
2024-06-05,446.79998779296875,447.57000732421875,442.30999755859375,446.6600036621094,440.7010803222656,2157000
2024-06-06,448.489990234375,449.7799987792969,444.6300048828125,448.67999267578125,442.6941833496094,1887100
2024-06-07,449.45001220703125,453.0,447.260009765625,449.7900085449219,443.7893371582031,1664700
2024-06-10,448.4200134277344,450.1700134277344,444.3699951171875,449.25,443.2565612792969,1954500
2024-06-11,447.8399963378906,449.25,445.1099853515625,449.0400085449219,443.0494079589844,1777300
2024-06-12,451.489990234375,452.5,441.6000061035156,443.0,437.0898742675781,2738900
2024-06-13,443.0,445.1499938964844,439.32000732421875,445.0,439.0632629394531,2916600
2024-06-14,443.3399963378906,444.9599914550781,441.20001220703125,444.6300048828125,438.6981506347656,2161500
2024-06-17,442.42999267578125,449.3399963378906,441.67999267578125,448.1099853515625,442.1317443847656,2351900
2024-06-18,447.05999755859375,451.20001220703125,446.70001220703125,450.1099853515625,444.1050720214844,2636500
2024-06-20,451.05999755859375,454.4800109863281,448.3599853515625,452.510009765625,446.4730224609375,3006800
2024-06-21,452.19000244140625,455.29998779296875,450.260009765625,454.8500061035156,448.7818298339844,5007800
2024-06-24,454.92999267578125,463.07000732421875,454.92999267578125,456.9599914550781,450.8636779785156,2597100
2024-06-25,458.4800109863281,460.30999755859375,453.79998779296875,455.6499938964844,449.5711364746094,2299400
2024-06-26,452.75,454.67999267578125,451.3900146484375,452.3800048828125,446.34478759765625,2451400
2024-06-27,448.57000732421875,448.70001220703125,442.0,442.75,436.8432312011719,3313800
2024-06-28,444.6400146484375,448.29998779296875,438.7200012207031,441.1600036621094,435.2745056152344,4105000
2024-07-01,440.79998779296875,442.4700012207031,435.54998779296875,437.6099853515625,431.7718200683594,3149700
2024-07-02,435.0,444.760009765625,435.0,444.6499938964844,438.7178649902344,2061300
2024-07-03,445.32000732421875,449.2900085449219,444.2799987792969,448.17999267578125,442.2008361816406,3192400
2024-07-05,447.1099853515625,449.95001220703125,444.2799987792969,449.489990234375,443.4933776855469,2220700
2024-07-08,449.2799987792969,450.6099853515625,445.0,446.239990234375,440.28668212890625,1802700
2024-07-09,446.6499938964844,447.5799865722656,442.7900085449219,444.70001220703125,439.4171447753906,1608400
2024-07-10,434.6099853515625,437.4100036621094,429.04998779296875,433.6400146484375,428.48858642578125,4760900
2024-07-11,432.0,437.7699890136719,430.1099853515625,436.4200134277344,431.2355041503906,4032600
2024-07-12,437.3999938964844,442.2300109863281,437.32000732421875,440.1099853515625,434.8816833496094,2645600
2024-07-15,440.3299865722656,444.3999938964844,438.739990234375,444.0,438.7254943847656,1727700
2024-07-16,446.94000244140625,447.1600036621094,439.70001220703125,443.5299987792969,438.2610168457031,2846600
2024-07-17,442.3999938964844,451.5199890136719,442.05999755859375,451.1600036621094,445.80047607421875,2925000
2024-07-18,448.75,455.42999267578125,447.4800109863281,448.7200012207031,443.389404296875,3339900
2024-07-19,451.2200012207031,451.239990234375,443.57000732421875,443.69000244140625,438.419189453125,2121700
2024-07-22,445.4100036621094,448.8500061035156,443.25,447.94000244140625,442.6186828613281,2111700
2024-07-23,448.04998779296875,448.739990234375,441.1099853515625,441.7200012207031,436.4725646972656,2385500
2024-07-24,434.0,435.8599853515625,428.8599853515625,432.45001220703125,427.3127136230469,3764800
2024-07-25,433.94000244140625,437.70001220703125,429.55999755859375,429.6000061035156,424.49652099609375,2384300
2024-07-26,432.2799987792969,440.7799987792969,432.1099853515625,438.17999267578125,432.9746398925781,2039600
2024-07-29,438.79998779296875,442.9200134277344,435.4200134277344,441.29998779296875,436.0575256347656,2248600
2024-07-30,443.7699890136719,448.7300109863281,443.010009765625,447.45001220703125,442.1344909667969,2266900
2024-07-31,462.0,474.0,457.5400085449219,463.7099914550781,458.2013244628906,4313600
2024-08-01,465.4599914550781,467.5,459.19000244140625,462.4100036621094,456.91680908203125,2590100
2024-08-02,460.2200012207031,466.75,458.6099853515625,462.0199890136719,456.53143310546875,3808100
2024-08-05,455.0,461.29998779296875,439.5899963378906,442.0,436.7491760253906,4496700
2024-08-06,443.2200012207031,455.45001220703125,442.1099853515625,448.29998779296875,442.974365234375,2758900
2024-08-07,450.5299987792969,456.9200134277344,449.0400085449219,449.8399963378906,444.4961242675781,2059800
2024-08-08,452.239990234375,456.2699890136719,451.0299987792969,455.5799865722656,450.1678771972656,1585400
2024-08-09,455.5799865722656,458.79998779296875,453.4599914550781,456.7799987792969,451.3536376953125,1760200
2024-08-12,457.7699890136719,458.4599914550781,453.8900146484375,455.69000244140625,450.2765808105469,1760000
2024-08-13,458.1400146484375,459.6400146484375,454.8900146484375,459.3599853515625,453.9029846191406,1816100
2024-08-14,459.260009765625,460.5400085449219,456.07000732421875,460.1600036621094,454.6935119628906,1654100
2024-08-15,465.1000061035156,469.0,464.0,468.7099914550781,463.1419677734375,2130500
2024-08-16,468.0,470.260009765625,466.0400085449219,468.8800048828125,463.3099060058594,1921900
2024-08-19,469.0,470.1499938964844,465.5199890136719,466.9800109863281,461.4324645996094,1690800
2024-08-20,468.1300048828125,469.6700134277344,465.510009765625,469.1199951171875,463.54705810546875,1763300
2024-08-21,468.5400085449219,469.0899963378906,464.5199890136719,468.0,462.44036865234375,2105900
2024-08-22,469.489990234375,470.9100036621094,466.70001220703125,468.82000732421875,463.2506103515625,1538200
2024-08-23,470.29998779296875,470.3399963378906,461.8999938964844,466.44000244140625,460.8988952636719,1986300
2024-08-26,468.1000061035156,470.5299987792969,467.0,468.6400146484375,463.07275390625,1434400
2024-08-27,471.0799865722656,475.5,468.2200012207031,474.989990234375,469.34735107421875,1635900
2024-08-28,475.0,476.4100036621094,468.8699951171875,471.79998779296875,466.1952209472656,1445300
2024-08-29,474.4700012207031,481.9200134277344,474.4700012207031,480.79998779296875,475.0882873535156,1893400
2024-08-30,481.8399963378906,485.739990234375,479.6499938964844,483.3399963378906,477.5981140136719,2982100
2024-09-03,482.4700012207031,486.69000244140625,480.0400085449219,482.1199951171875,476.3926086425781,2063700
2024-09-04,482.0899963378906,486.1700134277344,481.17999267578125,483.1400146484375,477.4005126953125,2156300
2024-09-05,483.1400146484375,484.1600036621094,473.1099853515625,477.3599853515625,471.68914794921875,2293500
2024-09-06,477.1099853515625,480.44000244140625,474.7099914550781,476.1199951171875,470.46392822265625,2116200
2024-09-09,480.5,489.2099914550781,479.57000732421875,487.0899963378906,481.3036193847656,2343600
2024-09-10,487.1000061035156,488.3299865722656,482.3299865722656,488.0199890136719,482.22259521484375,2234100
2024-09-11,486.5199890136719,489.1099853515625,477.8399963378906,488.17999267578125,482.3806457519531,2480000
2024-09-12,486.95001220703125,492.8800048828125,483.0,492.1099853515625,486.2639465332031,2299100
2024-09-13,493.1000061035156,496.8500061035156,491.45001220703125,493.3599853515625,487.49908447265625,2204700
2024-09-16,495.29998779296875,498.32000732421875,493.3900146484375,497.7099914550781,491.79742431640625,1589200
2024-09-17,498.6000061035156,501.739990234375,497.8500061035156,500.989990234375,495.0384521484375,2202800
2024-09-18,501.2799987792969,501.79998779296875,494.0400085449219,494.760009765625,488.8825378417969,2193800
2024-09-19,500.0,501.1300048828125,486.25,493.010009765625,487.15325927734375,3517200
2024-09-20,489.6499938964844,493.5299987792969,487.739990234375,492.739990234375,486.8864440917969,3470200
2024-09-23,493.1600036621094,497.69000244140625,491.29998779296875,497.1400146484375,491.2342224121094,2191300
2024-09-24,492.67999267578125,493.25,484.4200134277344,487.4100036621094,481.61981201171875,4143700
2024-09-25,484.760009765625,489.8999938964844,483.5400085449219,489.45001220703125,483.6355285644531,3483200
2024-09-26,491.0,493.6300048828125,489.0,491.2699890136719,485.43389892578125,3073700
2024-09-27,491.0299987792969,496.0,490.3900146484375,493.6400146484375,487.7757873535156,2177200
2024-09-30,491.7799987792969,494.989990234375,490.1099853515625,493.79998779296875,487.9338684082031,2862400
2024-10-01,497.260009765625,498.0299987792969,493.1099853515625,496.3800048828125,490.4832458496094,3748100
2024-10-02,492.94000244140625,495.9100036621094,489.67999267578125,495.57000732421875,489.6828308105469,1736500
2024-10-03,495.54998779296875,497.0899963378906,493.0,494.9700012207031,489.08990478515625,1382200
2024-10-04,495.55999755859375,499.04998779296875,492.4700012207031,497.70001220703125,491.78753662109375,1935600
2024-10-07,497.3299865722656,498.5299987792969,490.75,491.29998779296875,485.463623046875,1990500
2024-10-08,492.5,497.5299987792969,491.5299987792969,497.05999755859375,491.1551513671875,1750100
2024-10-09,498.3800048828125,500.75,495.5899963378906,499.95001220703125,494.6676940917969,1707500
2024-10-10,500.0,500.7200012207031,495.8399963378906,498.0199890136719,492.7580261230469,1491000
2024-10-11,496.510009765625,502.9200134277344,496.4700012207031,502.260009765625,496.9532470703125,1919900
2024-10-14,504.3599853515625,508.7900085449219,502.04998779296875,506.6600036621094,501.3067321777344,2127000
2024-10-15,505.6199951171875,509.8800048828125,504.0,507.2300109863281,501.8706970214844,2885900
2024-10-16,506.3500061035156,515.4000244140625,506.0,514.0700073242188,508.63848876953125,2956700
2024-10-17,516.2899780273438,517.0399780273438,511.5199890136719,513.760009765625,508.33172607421875,2227400
2024-10-18,514.5399780273438,518.0,512.5800170898438,516.3400268554688,510.88446044921875,2604600
2024-10-21,516.989990234375,518.8200073242188,513.9400024414062,515.010009765625,509.5685119628906,2217500
2024-10-22,511.1499938964844,514.5499877929688,510.5,513.02001953125,507.59954833984375,1855800
2024-10-23,512.6599731445312,514.719970703125,511.8999938964844,513.72998046875,508.3020324707031,1759700
2024-10-24,511.8999938964844,513.3400268554688,509.4599914550781,510.6199951171875,505.224853515625,1911900
2024-10-25,512.5,514.72998046875,505.6199951171875,507.3599853515625,501.99932861328125,1582200
2024-10-28,507.3999938964844,510.8599853515625,506.1400146484375,508.2099914550781,502.84033203125,2186400
2024-10-29,507.5400085449219,511.3900146484375,505.70001220703125,506.2799987792969,500.9307556152344,2066300
2024-10-30,512.52001953125,516.4500122070312,507.0,513.6900024414062,508.2624816894531,3121000
2024-10-31,521.25,527.9000244140625,499.0299987792969,499.5899963378906,494.3114318847656,5523300
2024-11-01,500.44000244140625,510.54998779296875,498.5299987792969,508.0799865722656,502.71173095703125,3753700
2024-11-04,509.1400146484375,510.0,503.0299987792969,505.5799865722656,500.2381286621094,2165100
2024-11-05,505.5799865722656,508.1499938964844,503.6099853515625,505.55999755859375,500.2183532714844,2132900
2024-11-06,520.8599853515625,523.0,515.9400024414062,521.1300048828125,515.6238403320312,3673700
2024-11-07,523.989990234375,524.030029296875,516.5900268554688,517.8800048828125,512.4082641601562,2382300
2024-11-08,520.3400268554688,528.8400268554688,519.530029296875,524.760009765625,519.215576171875,2215600
2024-11-11,528.8499755859375,534.030029296875,528.52001953125,530.1199951171875,524.5188598632812,2213400
2024-11-12,529.0999755859375,530.9000244140625,527.2999877929688,529.1699829101562,523.5789794921875,2577600
2024-11-13,530.010009765625,530.5,516.4199829101562,521.8800048828125,516.365966796875,2681500
2024-11-14,520.6199951171875,522.3599853515625,517.6500244140625,520.4000244140625,514.9015502929688,2480400
2024-11-15,518.530029296875,523.3900146484375,518.0,521.8900146484375,516.3758544921875,2408100
2024-11-18,518.5900268554688,523.489990234375,517.0,521.6300048828125,516.1185302734375,2493400
2024-11-19,518.780029296875,522.6500244140625,516.760009765625,519.4600219726562,513.9715576171875,2716000
2024-11-20,521.530029296875,522.5,511.0,512.5399780273438,507.1246032714844,2409400
2024-11-21,513.22998046875,520.1199951171875,511.5799865722656,515.0999755859375,509.6575622558594,3077300
2024-11-22,516.9299926757812,521.7100219726562,516.1799926757812,520.8599853515625,515.356689453125,3130400
2024-11-25,521.6400146484375,528.25,521.02001953125,526.5999755859375,521.0361328125,4503900
2024-11-26,527.9000244140625,530.6500244140625,525.0599975585938,528.47998046875,522.8961791992188,2326800
2024-11-27,529.0499877929688,533.6199951171875,526.5800170898438,532.3800048828125,526.7550048828125,2086300
2024-11-29,533.010009765625,535.77001953125,530.030029296875,532.9400024414062,527.3090209960938,1760600
2024-12-02,532.9299926757812,534.8200073242188,526.22998046875,531.3599853515625,525.7456665039062,2355100
2024-12-03,534.6699829101562,534.8200073242188,525.9600219726562,526.1799926757812,520.6204833984375,2319400
2024-12-04,523.6400146484375,526.280029296875,518.1699829101562,521.1400146484375,515.6337890625,2630000
2024-12-05,524.5999755859375,527.469970703125,522.1699829101562,524.77001953125,519.2254028320312,2538600
2024-12-06,522.9299926757812,531.0,522.5,528.5700073242188,522.9852905273438,2122700
2024-12-09,529.02001953125,531.5900268554688,521.8800048828125,522.8200073242188,517.2959594726562,2942000
2024-12-10,522.510009765625,529.6599731445312,520.219970703125,529.010009765625,523.4205322265625,2003200
2024-12-11,529.1900024414062,535.8900146484375,527.27001953125,534.4500122070312,528.8031005859375,2181100
2024-12-12,536.2899780273438,536.75,531.969970703125,532.4099731445312,526.78466796875,1860400
2024-12-13,534.1699829101562,534.6799926757812,528.9099731445312,529.0,523.4107666015625,1608200
2024-12-16,532.0,535.0,529.0,530.3099975585938,524.7069091796875,2923000
2024-12-17,529.4000244140625,531.780029296875,524.8699951171875,531.010009765625,525.3994140625,4055800
2024-12-18,530.3200073242188,537.1300048828125,519.7100219726562,519.9600219726562,514.4662475585938,3190300
2024-12-19,524.1599731445312,529.219970703125,522.2000122070312,523.280029296875,517.7510986328125,3050500
2024-12-20,522.8699951171875,532.0800170898438,519.4199829101562,528.030029296875,522.4510498046875,7317100
2024-12-23,525.8300170898438,529.4000244140625,521.1300048828125,528.9600219726562,523.3712768554688,2270300
2024-12-24,529.27001953125,535.739990234375,527.8300170898438,535.7100219726562,530.0498657226562,955000
2024-12-26,533.6300048828125,537.7000122070312,532.9199829101562,536.1500244140625,530.485107421875,1109600
2024-12-27,533.6099853515625,537.5599975585938,530.7999877929688,532.2000122070312,526.5769653320312,1541800
2024-12-30,527.0,528.5700073242188,521.3300170898438,525.5499877929688,519.9971313476562,2101600
2024-12-31,527.6699829101562,529.1900024414062,525.5599975585938,526.5700073242188,521.00634765625,1942600
2025-01-02,529.1900024414062,530.5599975585938,517.6599731445312,522.4000244140625,516.8804321289062,2818800
2025-01-03,522.530029296875,524.4600219726562,517.6799926757812,521.3599853515625,515.8513793945312,1627500
2025-01-06,520.969970703125,521.3599853515625,511.010009765625,511.92999267578125,506.52105712890625,2920800
2025-01-07,513.6799926757812,516.3300170898438,511.0799865722656,511.3999938964844,505.9967041015625,2211800
2025-01-08,512.0399780273438,517.4500122070312,511.5299987792969,516.4000244140625,510.94390869140625,2456700
2025-01-10,512.1199951171875,513.760009765625,503.3599853515625,504.6700134277344,500.07379150390625,2815500
2025-01-13,501.0,506.1499938964844,499.9200134277344,504.9100036621094,500.3115539550781,2885500
2025-01-14,507.07000732421875,509.3900146484375,504.2099914550781,509.0199890136719,504.38409423828125,2704800
2025-01-15,515.5700073242188,523.77001953125,513.72998046875,522.3499755859375,517.5927124023438,3024800
2025-01-16,523.6199951171875,527.1199951171875,520.719970703125,523.1400146484375,518.37548828125,3275600
2025-01-17,524.5800170898438,528.1300048828125,521.010009765625,524.7000122070312,519.9213256835938,2374800
2025-01-21,527.6599731445312,529.97998046875,526.9099731445312,528.0599975585938,523.250732421875,2706900
2025-01-22,528.0,530.2999877929688,525.6699829101562,527.1799926757812,522.378662109375,2037600
2025-01-23,529.0499877929688,534.3499755859375,528.6799926757812,534.219970703125,529.3545532226562,2196500
2025-01-24,532.989990234375,536.0599975585938,532.1500244140625,533.489990234375,528.6312255859375,2472900
2025-01-27,533.5800170898438,547.989990234375,531.6599731445312,547.6400146484375,542.6524658203125,3074600
2025-01-28,546.5399780273438,551.5499877929688,542.6599731445312,547.3599853515625,542.3749389648438,2727800
2025-01-29,547.0,550.6099853515625,546.5,548.7999877929688,543.8017578125,2549000
2025-01-30,555.0,576.9400024414062,554.530029296875,566.010009765625,560.8550415039062,6005200
2025-01-31,563.8200073242188,565.5399780273438,554.6400146484375,555.4299926757812,550.3714599609375,4505100
2025-02-03,552.6400146484375,565.0,551.0700073242188,563.9500122070312,558.8139038085938,3195500
2025-02-04,570.8800048828125,572.0,557.5800170898438,559.1099853515625,554.0178833007812,2638900
2025-02-05,561.3499755859375,566.8699951171875,559.7999877929688,566.2899780273438,561.1325073242188,2404700
2025-02-06,566.1300048828125,569.75,564.5399780273438,567.1599731445312,561.9945678710938,1738400
2025-02-07,568.0599975585938,570.0499877929688,561.780029296875,562.75,557.6246948242188,2008300
2025-02-10,565.25,567.27001953125,561.0,565.489990234375,560.3397827148438,2357700
2025-02-11,564.989990234375,566.4299926757812,559.219970703125,564.7000122070312,559.5569458007812,1847800
2025-02-12,562.010009765625,564.75,559.4400024414062,564.5999755859375,559.4580078125,1722200
2025-02-13,565.5999755859375,567.3900146484375,561.469970703125,566.3099975585938,561.1524047851562,1709500
2025-02-14,566.010009765625,569.239990234375,564.1300048828125,564.760009765625,559.616455078125,1927400
2025-02-18,564.9000244140625,568.6300048828125,561.52001953125,568.6099853515625,563.431396484375,2064100
2025-02-19,567.489990234375,570.7000122070312,566.6500244140625,568.5,563.3223876953125,2459100
2025-02-20,568.1500244140625,568.5,559.0399780273438,563.280029296875,558.1499633789062,2181900
2025-02-21,561.4299926757812,564.7999877929688,556.5800170898438,557.510009765625,552.4324340820312,2256100
2025-02-24,558.4299926757812,561.4600219726562,556.7899780273438,559.0,553.9088745117188,1752500
2025-02-25,562.4400024414062,566.0399780273438,552.6900024414062,564.030029296875,558.8931884765625,3609500
2025-02-26,562.5900268554688,566.6799926757812,559.5999755859375,561.27001953125,556.158203125,2028000
2025-02-27,565.5700073242188,574.7000122070312,564.0,564.8200073242188,559.6759643554688,2436500
2025-02-28,567.2999877929688,576.4299926757812,564.0,576.3099975585938,571.0612182617188,3205400
2025-03-03,577.3300170898438,582.22998046875,570.0,574.9199829101562,569.6838989257812,3092600
2025-03-04,570.4600219726562,573.2000122070312,552.010009765625,555.0700073242188,550.0147094726562,3318100
2025-03-05,552.5800170898438,560.989990234375,551.3200073242188,558.2999877929688,553.2152709960938,2795400
2025-03-06,548.5,555.6799926757812,544.6900024414062,549.8200073242188,544.8126220703125,3133200
2025-03-07,547.0700073242188,550.3800048828125,536.280029296875,546.77001953125,541.7903442382812,3161300
2025-03-10,538.1500244140625,548.5599975585938,532.02001953125,537.1199951171875,532.2281494140625,3893400
2025-03-11,537.2000122070312,538.0499877929688,522.25,525.7999877929688,521.0111694335938,4582600
2025-03-12,530.510009765625,532.7100219726562,519.260009765625,524.6400146484375,519.86181640625,2810800
2025-03-13,524.5,528.530029296875,517.7100219726562,519.8300170898438,515.095703125,2375800
2025-03-14,522.5999755859375,528.4099731445312,520.9500122070312,527.6400146484375,522.8345947265625,2369500
2025-03-17,523.25,533.47998046875,521.47998046875,531.989990234375,527.1448974609375,2544800
2025-03-18,532.3400268554688,532.5900268554688,525.510009765625,530.1900024414062,525.361328125,2363300
2025-03-19,531.5700073242188,537.6199951171875,529.5800170898438,536.0900268554688,531.2075805664062,2804300
2025-03-20,533.5999755859375,540.489990234375,532.5499877929688,536.3800048828125,531.494873046875,2598600
2025-03-21,535.4400024414062,538.0499877929688,530.760009765625,535.6900024414062,530.8112182617188,5973400
2025-03-24,539.3499755859375,545.4600219726562,538.239990234375,543.6699829101562,538.718505859375,2758700
2025-03-25,545.9500122070312,547.1799926757812,542.0,545.1599731445312,540.1950073242188,2138200
2025-03-26,547.1400146484375,551.030029296875,545.1199951171875,549.0700073242188,544.0693359375,2681600
2025-03-27,549.0700073242188,561.8300170898438,547.7999877929688,557.5700073242188,552.491943359375,2901200
2025-03-28,554.22998046875,558.5900268554688,540.0900268554688,540.6099853515625,535.6864013671875,2656400
2025-03-31,532.1599731445312,551.4299926757812,531.02001953125,548.1199951171875,543.1279296875,4741800
2025-04-01,546.7999877929688,551.1500244140625,544.0,548.510009765625,543.5144653320312,2714900
2025-04-02,542.8599853515625,549.530029296875,541.6500244140625,547.3800048828125,542.3947143554688,2994600
2025-04-03,528.4199829101562,539.989990234375,527.0,530.5499877929688,525.7179565429688,3443500
2025-04-04,519.6199951171875,520.8800048828125,488.2900085449219,489.7699890136719,485.3094177246094,6125100
2025-04-07,478.5,502.20001220703125,465.5899963378906,485.5199890136719,481.0981140136719,6009400
2025-04-08,501.0,505.57000732421875,471.6600036621094,479.9200134277344,475.54913330078125,3555400
2025-04-09,470.1099853515625,518.510009765625,470.0,515.4299926757812,511.5458068847656,4698400
2025-04-10,506.8299865722656,508.6300048828125,484.1300048828125,499.3399963378906,495.57708740234375,4105300
2025-04-11,498.260009765625,515.9099731445312,495.9100036621094,509.75,505.90863037109375,3736200
2025-04-14,515.8699951171875,523.4199829101562,508.5,512.4600219726562,508.5982360839844,3005500
2025-04-15,513.4000244140625,521.2899780273438,513.3800048828125,517.3800048828125,513.4810791015625,2210700
2025-04-16,516.0499877929688,521.719970703125,509.8699951171875,513.4299926757812,509.56085205078125,2501000
2025-04-17,510.95001220703125,523.97998046875,509.1300048828125,517.3300170898438,513.4315185546875,3329800
2025-04-21,517.0,517.6500244140625,503.5400085449219,509.32000732421875,505.48187255859375,3345600
2025-04-22,515.6199951171875,528.7999877929688,512.75,527.3300170898438,523.3561401367188,2384000
2025-04-23,537.739990234375,543.9400024414062,527.6199951171875,530.010009765625,526.0159301757812,3051800
2025-04-24,528.6900024414062,536.0399780273438,525.27001953125,535.4600219726562,531.4248657226562,2209100
2025-04-25,535.4600219726562,536.9199829101562,529.8800048828125,533.47998046875,529.4597778320312,2006100
2025-04-28,536.030029296875,537.760009765625,530.5,534.489990234375,530.462158203125,1735400
2025-04-29,534.3400268554688,540.47998046875,533.4099731445312,539.6799926757812,535.613037109375,2041500
2025-04-30,538.530029296875,549.0700073242188,529.5499877929688,548.0599975585938,543.929931640625,3783500
2025-05-01,550.0,552.8300170898438,539.72998046875,546.6300048828125,542.5106811523438,2839900
2025-05-02,555.6300048828125,562.3800048828125,554.989990234375,559.3900146484375,555.174560546875,2632600
2025-05-05,557.8099975585938,564.5499877929688,555.8499755859375,561.1199951171875,556.8914794921875,2130900
2025-05-06,556.47998046875,565.739990234375,556.0999755859375,558.989990234375,554.7775268554688,2341700
2025-05-07,559.27001953125,567.22998046875,558.489990234375,566.3300170898438,562.062255859375,2493700
2025-05-08,569.4500122070312,573.8699951171875,567.0,567.1199951171875,562.8462524414062,2004300
2025-05-09,567.4500122070312,569.5800170898438,564.5999755859375,568.6400146484375,564.3548583984375,1528000
2025-05-12,580.0,580.7899780273438,566.4299926757812,578.27001953125,573.9122924804688,3000300
2025-05-13,578.0,582.8599853515625,575.7999877929688,576.5900268554688,572.2449340820312,2370200
2025-05-14,578.27001953125,578.6400146484375,572.280029296875,573.280029296875,568.9598999023438,2237500
2025-05-15,574.1300048828125,583.0399780273438,573.6500244140625,582.2000122070312,577.8126831054688,2034200
2025-05-16,580.4299926757812,584.2899780273438,580.4299926757812,583.280029296875,578.884521484375,2225900
2025-05-19,581.02001953125,588.4500122070312,580.47998046875,586.4099731445312,581.9909057617188,1875500
2025-05-20,581.239990234375,583.989990234375,576.8499755859375,581.1099853515625,576.7308349609375,1964300
2025-05-21,576.4600219726562,579.0,567.0999755859375,569.5399780273438,565.248046875,2505300
2025-05-22,568.6599731445312,573.1599731445312,566.9299926757812,570.1400146484375,565.8435668945312,1869900
2025-05-23,564.489990234375,567.5499877929688,562.510009765625,563.5800170898438,559.3329467773438,1948800
2025-05-27,566.8200073242188,574.5599975585938,566.489990234375,574.5499877929688,570.2202758789062,2655200
2025-05-28,574.5800170898438,578.8400268554688,572.9400024414062,575.9199829101562,571.5800170898438,1702900
2025-05-29,575.8800048828125,578.5800170898438,572.9400024414062,577.780029296875,573.426025390625,1347800
2025-05-30,576.780029296875,585.5999755859375,576.510009765625,585.5999755859375,581.18701171875,4581100
2025-06-02,580.5,581.8200073242188,574.780029296875,581.219970703125,576.8400268554688,2089100
2025-06-03,579.8699951171875,582.530029296875,573.4400024414062,581.969970703125,577.5843505859375,2116900
2025-06-04,584.1699829101562,586.8499755859375,582.219970703125,584.1300048828125,579.7280883789062,1530200
2025-06-05,586.3099975585938,586.6900024414062,582.6300048828125,585.4400024414062,581.0281982421875,1480000
2025-06-06,587.9099731445312,591.1599731445312,586.0399780273438,590.1199951171875,585.6730346679688,1528600
2025-06-09,588.739990234375,590.0,580.0,584.3300170898438,579.9265747070312,1936000
2025-06-10,584.6500244140625,589.8699951171875,583.1599731445312,589.5399780273438,585.0972900390625,2133700
2025-06-11,590.3200073242188,594.7100219726562,587.5999755859375,590.739990234375,586.2882690429688,2238100
2025-06-12,589.4299926757812,590.6699829101562,584.5599975585938,589.280029296875,584.8392944335938,1984000
2025-06-13,572.8599853515625,575.239990234375,552.510009765625,562.030029296875,557.794677734375,5905400
2025-06-16,563.9000244140625,575.0,562.6400146484375,568.6699829101562,564.384521484375,3108200
2025-06-17,564.719970703125,571.2899780273438,564.0,569.4500122070312,565.1587524414062,2246600
2025-06-18,570.8800048828125,571.0800170898438,534.1599731445312,538.72998046875,534.670166015625,6966800
2025-06-20,536.9299926757812,538.3400268554688,527.3300170898438,532.969970703125,528.95361328125,8202800
2025-06-23,531.4199829101562,543.1300048828125,527.5700073242188,542.3499755859375,538.2628784179688,3681100
2025-06-24,557.1799926757812,564.1199951171875,552.489990234375,557.530029296875,553.32861328125,4503200
2025-06-25,556.0,558.47998046875,548.6199951171875,549.7000122070312,545.5575561523438,2889200
2025-06-26,545.530029296875,548.9099731445312,542.0700073242188,545.8099975585938,541.6968383789062,3764100
2025-06-27,546.77001953125,556.7000122070312,545.5499877929688,550.3200073242188,546.1728515625,3837500
2025-06-30,552.5,562.6300048828125,551.9000244140625,561.9400024414062,557.705322265625,5054600
2025-07-01,559.3200073242188,566.3099975585938,557.0399780273438,564.6099853515625,560.3551635742188,3827000
2025-07-02,562.9400024414062,565.989990234375,557.3900146484375,561.52001953125,557.2885131835938,2502300
2025-07-03,560.780029296875,569.6599731445312,560.739990234375,569.239990234375,564.9503173828125,1528700
2025-07-07,570.6699829101562,570.75,560.3499755859375,565.1199951171875,560.861328125,2478300
2025-07-08,564.5800170898438,566.6199951171875,560.4199829101562,562.4400024414062,558.2015380859375,3083800
2025-07-09,562.0,565.4199829101562,559.25,565.1099853515625,561.6102905273438,2454300
2025-07-10,565.6500244140625,566.0599975585938,561.010009765625,563.52001953125,560.0302124023438,2577200
2025-07-11,559.8200073242188,560.8200073242188,545.8499755859375,550.1799926757812,546.772705078125,3221400
2025-07-14,550.5,559.0700073242188,547.7899780273438,553.02001953125,549.5951538085938,2500900
2025-07-15,553.1099853515625,554.8599853515625,548.6500244140625,550.3599853515625,546.9515991210938,2449100
2025-07-16,552.4199829101562,555.52001953125,549.5,555.52001953125,552.0797119140625,2424200
2025-07-17,552.97998046875,557.3800048828125,550.510009765625,555.6099853515625,552.1691284179688,2722000
2025-07-18,555.260009765625,556.3499755859375,550.8800048828125,552.6599731445312,549.2373657226562,2579600
2025-07-21,553.4000244140625,558.0800170898438,552.0399780273438,554.6500244140625,551.215087890625,2194400
2025-07-22,555.8099975585938,560.2100219726562,555.239990234375,558.760009765625,555.2996826171875,2010400
2025-07-23,557.010009765625,562.489990234375,554.5,562.0900268554688,558.6090698242188,2180400
2025-07-24,562.0,567.8400268554688,561.9000244140625,563.5,560.01025390625,1874700
2025-07-25,564.3599853515625,569.9600219726562,563.8499755859375,568.219970703125,564.7010498046875,1513300
2025-07-28,567.3699951171875,571.6500244140625,566.219970703125,568.280029296875,564.7606811523438,2492400
2025-07-29,570.030029296875,573.0,563.0,563.3200073242188,559.8313598632812,2393800
2025-07-30,560.3300170898438,565.6099853515625,555.2100219726562,559.1099853515625,555.6473999023438,2833200
2025-07-31,568.5700073242188,579.4400024414062,562.510009765625,566.469970703125,562.9617919921875,4568300
2025-08-01,563.8599853515625,564.8699951171875,556.0999755859375,559.8900146484375,556.4226684570312,3316700
2025-08-04,564.2899780273438,569.9199829101562,562.5,569.8099975585938,566.2811279296875,2984700
2025-08-05,569.5999755859375,571.8300170898438,562.1300048828125,566.0399780273438,562.5345458984375,2883200
2025-08-06,568.989990234375,570.3599853515625,563.969970703125,569.1300048828125,565.6054077148438,2245200
2025-08-07,572.969970703125,573.9000244140625,553.8599853515625,561.219970703125,557.744384765625,2979600
2025-08-08,563.75,576.1599731445312,562.6900024414062,574.3200073242188,570.7633056640625,2907700
2025-08-11,575.0,576.5900268554688,569.4400024414062,573.5900268554688,570.037841796875,2116600
2025-08-12,575.1799926757812,578.3200073242188,570.4600219726562,574.1799926757812,570.6241455078125,2593800
2025-08-13,577.3300170898438,580.27001953125,574.0399780273438,577.9000244140625,574.321044921875,2352900
2025-08-14,577.469970703125,584.4000244140625,575.5,583.760009765625,580.144775390625,2642300
2025-08-15,585.0,589.5599975585938,581.1099853515625,581.7000122070312,578.0975952148438,2263800
2025-08-18,582.02001953125,585.489990234375,580.6900024414062,584.1400146484375,580.5225219726562,1812000
2025-08-19,584.4099731445312,590.5700073242188,584.219970703125,585.510009765625,581.8839721679688,2334500
2025-08-20,585.9099731445312,593.8800048828125,585.9099731445312,592.6799926757812,589.009521484375,2884600
2025-08-21,589.0399780273438,592.2100219726562,583.9299926757812,591.9199829101562,588.2543334960938,2349200
2025-08-22,595.2999877929688,601.77001953125,593.0800170898438,598.9600219726562,595.2506713867188,2388900
2025-08-25,597.8200073242188,599.0399780273438,592.8599853515625,593.2100219726562,589.5362548828125,1984300
2025-08-26,593.0800170898438,596.0,586.2899780273438,591.6099853515625,587.9461059570312,4774600
2025-08-27,591.2100219726562,594.6199951171875,589.8200073242188,590.6599731445312,587.0020751953125,1480900
2025-08-28,590.8200073242188,593.530029296875,589.719970703125,590.47998046875,586.8231811523438,2159800
2025-08-29,592.0,596.8300170898438,590.260009765625,595.2899780273438,591.6033935546875,2111200
2025-09-02,595.6199951171875,595.6199951171875,586.0,591.8699951171875,588.20458984375,2284500
2025-09-03,591.8300170898438,594.0,588.9600219726562,593.280029296875,589.6058349609375,1959400
2025-09-04,593.030029296875,595.8900146484375,589.2899780273438,595.6400146484375,591.951171875,1653700
2025-09-05,595.469970703125,598.5800170898438,579.030029296875,584.219970703125,580.6019287109375,2432100
2025-09-08,582.6199951171875,589.7899780273438,580.7000122070312,586.5999755859375,582.9672241210938,1948200
2025-09-09,583.5399780273438,591.1799926757812,583.2999877929688,584.0,580.38330078125,2266000
2025-09-10,582.1300048828125,582.1300048828125,571.0,579.3800048828125,575.7919311523438,2535200
2025-09-11,580.8800048828125,589.969970703125,580.010009765625,588.72998046875,585.0840454101562,2407000
2025-09-12,586.4400024414062,589.2100219726562,580.0,580.4099731445312,576.8154907226562,2242800
2025-09-15,582.72998046875,586.5,581.5,582.9600219726562,579.3497924804688,2222600
2025-09-16,578.010009765625,588.1099853515625,576.8300170898438,586.4199829101562,582.788330078125,2537000
2025-09-17,587.7100219726562,598.8900146484375,587.4400024414062,598.6300048828125,594.9227294921875,2930800
2025-09-18,596.0800170898438,601.6199951171875,585.8800048828125,586.0499877929688,582.4205932617188,3294600
2025-09-19,588.6199951171875,588.8699951171875,581.510009765625,584.1599731445312,580.542236328125,6745300
2025-09-22,580.969970703125,587.3499755859375,580.1400146484375,584.489990234375,580.8702392578125,3241700
2025-09-23,585.4500122070312,586.8599853515625,568.25,569.969970703125,566.440185546875,3223000
2025-09-24,571.280029296875,571.6599731445312,564.9500122070312,568.8099975585938,565.287353515625,2867200
2025-09-25,565.0,572.3900146484375,564.5700073242188,567.2999877929688,563.7867431640625,2700600
2025-09-26,566.6199951171875,569.6599731445312,564.0599975585938,565.1300048828125,561.630126953125,2106500
2025-09-29,566.0,569.3200073242188,562.510009765625,568.1400146484375,564.6215209960938,2615600
2025-09-30,565.8099975585938,570.6300048828125,563.6500244140625,568.8099975585938,565.287353515625,2379200
2025-10-01,565.6799926757812,575.469970703125,565.010009765625,573.77001953125,570.2166748046875,3685100
2025-10-02,572.72998046875,579.8400268554688,570.77001953125,577.3300170898438,573.754638671875,2483500
2025-10-03,576.4299926757812,583.219970703125,576.4299926757812,580.4500122070312,576.8552856445312,2331600
2025-10-06,579.22998046875,581.1400146484375,569.260009765625,578.8099975585938,575.2254638671875,2573500
2025-10-07,578.989990234375,586.0800170898438,578.9099731445312,579.8400268554688,576.2490844726562,2120700
2025-10-08,581.3200073242188,583.0700073242188,576.0800170898438,576.4400024414062,572.8701171875,1934700
2025-10-09,577.239990234375,579.4000244140625,562.510009765625,564.5499877929688,561.79443359375,2579800
2025-10-10,567.5800170898438,569.4199829101562,556.6900024414062,557.47998046875,554.7589721679688,3553900
2025-10-13,558.0,565.0,553.010009765625,559.239990234375,556.5103759765625,2996500
2025-10-14,556.0,569.8099975585938,556.0,567.9199829101562,565.14794921875,2627300
2025-10-15,564.2999877929688,568.6900024414062,559.4000244140625,562.8099975585938,560.06298828125,2262400
2025-10-16,562.7999877929688,564.6500244140625,547.3900146484375,549.8800048828125,547.196044921875,3210600
2025-10-17,552.489990234375,562.7999877929688,552.010009765625,560.969970703125,558.2318725585938,2756700
2025-10-20,561.7000122070312,567.4199829101562,553.7899780273438,566.3599853515625,563.5956420898438,2046400
2025-10-21,562.1599731445312,575.97998046875,560.77001953125,572.030029296875,569.2379760742188,2722400
2025-10-22,571.0499877929688,576.4299926757812,568.5800170898438,571.3599853515625,568.5712280273438,1820500
2025-10-23,574.3599853515625,576.989990234375,571.6699829101562,573.77001953125,570.969482421875,2187500
2025-10-24,577.239990234375,580.8200073242188,573.0800170898438,573.6699829101562,570.8699340820312,1839600
2025-10-27,575.719970703125,575.719970703125,566.47998046875,572.3599853515625,569.5663452148438,2981000
2025-10-28,573.0800170898438,573.989990234375,565.4500122070312,565.9299926757812,563.167724609375,2916000
2025-10-29,561.6300048828125,566.8099975585938,551.22998046875,554.5800170898438,551.8731689453125,3763400
2025-10-30,551.5599975585938,562.9199829101562,545.6400146484375,553.6799926757812,550.9774780273438,4284700
2025-10-31,548.8900146484375,554.4299926757812,543.530029296875,551.989990234375,549.2957763671875,3567100
2025-11-03,550.0,551.0,540.3599853515625,544.0700073242188,541.4144287109375,3175500
2025-11-04,544.8300170898438,554.030029296875,542.47998046875,552.75,550.0520629882812,2653900
2025-11-05,553.0,556.3300170898438,549.3699951171875,553.3099975585938,550.6093139648438,2198500
2025-11-06,550.1799926757812,555.0,547.8599853515625,553.280029296875,550.5794677734375,2593600
2025-11-07,553.7999877929688,558.6699829101562,550.6699829101562,551.969970703125,549.2758178710938,2510400
2025-11-10,552.280029296875,554.7000122070312,548.5800170898438,552.9600219726562,550.2610473632812,1978300
2025-11-11,553.0,558.530029296875,548.010009765625,558.3499755859375,555.624755859375,1832400
2025-11-12,560.0,565.9099731445312,558.4099731445312,561.22998046875,558.4906616210938,1761500
2025-11-13,559.8800048828125,563.5999755859375,554.8599853515625,555.5700073242188,552.8583374023438,2031300
2025-11-14,556.0399780273438,557.0,544.0499877929688,545.72998046875,543.0663452148438,2567800
2025-11-17,546.0,549.3200073242188,536.2100219726562,536.8499755859375,534.2296142578125,2557900
2025-11-18,533.5599975585938,536.0,524.7000122070312,527.5800170898438,525.0049438476562,3594700
2025-11-19,528.1500244140625,531.0,524.97998046875,530.3599853515625,527.7713012695312,2723100
2025-11-20,533.2899780273438,538.4600219726562,527.1799926757812,527.8800048828125,525.303466796875,3240300
2025-11-21,532.5399780273438,544.4099731445312,531.6699829101562,540.4000244140625,537.7623901367188,3807500
2025-11-24,543.4400024414062,544.0399780273438,535.1099853515625,537.8499755859375,535.2247314453125,5941000
2025-11-25,541.5,550.4000244140625,539.0,546.469970703125,543.8026733398438,3132600
2025-11-26,548.47998046875,548.6699829101562,544.1699829101562,544.9299926757812,542.2702026367188,2185300
2025-11-28,548.1300048828125,551.4000244140625,545.4199829101562,550.530029296875,547.8429565429688,1254800
2025-12-01,547.6400146484375,549.780029296875,543.3900146484375,543.969970703125,541.3148803710938,2227000
2025-12-02,547.280029296875,554.75,541.0399780273438,545.9099731445312,543.2454223632812,3076000
2025-12-03,547.3200073242188,555.0700073242188,546.5,553.72998046875,551.0272216796875,2687900
2025-12-04,557.030029296875,559.0,539.5599975585938,542.3099975585938,539.6630249023438,2878800
2025-12-05,541.7100219726562,550.4400024414062,541.25,545.52001953125,542.8573608398438,2126700
2025-12-08,546.719970703125,547.3300170898438,537.3900146484375,540.4400024414062,537.8021240234375,2453800
2025-12-09,538.7100219726562,541.9000244140625,535.9199829101562,537.5499877929688,534.92626953125,1965300
2025-12-10,538.0900268554688,544.9500122070312,537.5,538.8599853515625,536.2297973632812,3023400
2025-12-11,542.77001953125,565.1300048828125,542.6500244140625,563.3699951171875,560.6202392578125,3659900
2025-12-12,566.0,573.7100219726562,565.8900146484375,571.9299926757812,569.1384887695312,3515400
2025-12-15,572.8800048828125,573.2999877929688,567.1599731445312,569.1300048828125,566.3521118164062,2714000
2025-12-16,570.7000122070312,571.0,562.47998046875,566.02001953125,563.2572631835938,2748700
2025-12-17,565.52001953125,571.760009765625,563.5599975585938,565.469970703125,562.7099609375,3287100
2025-12-18,565.0,569.1300048828125,563.0399780273438,566.2100219726562,563.4463500976562,2259000
2025-12-19,566.219970703125,572.9400024414062,565.2000122070312,572.22998046875,569.4368896484375,7262100
2025-12-22,572.22998046875,579.4500122070312,571.0,575.7000122070312,572.8900756835938,2500200
2025-12-23,575.8900146484375,581.719970703125,575.75,576.3499755859375,573.536865234375,1794700
2025-12-24,577.25,582.2899780273438,577.0,579.4500122070312,576.6217651367188,1058900
2025-12-26,579.75,581.2000122070312,578.6799926757812,579.5999755859375,576.7709350585938,972300
2025-12-29,579.5999755859375,581.989990234375,577.4099731445312,577.9000244140625,575.0792846679688,1274900
2025-12-30,576.0800170898438,577.780029296875,574.25,577.4199829101562,574.6016845703125,1512800
2025-12-31,576.5599975585938,577.97998046875,570.6199951171875,570.8800048828125,568.0935668945312,1736500
2026-01-02,570.7100219726562,570.8800048828125,559.489990234375,563.1300048828125,560.3814086914062,3901900
2026-01-05,559.6199951171875,576.260009765625,558.4500122070312,568.5700073242188,565.7947998046875,2865000
2026-01-06,569.0,581.3699951171875,567.9400024414062,580.3400268554688,577.5074462890625,4056100
2026-01-07,579.27001953125,585.280029296875,577.6199951171875,579.9199829101562,577.08935546875,3653900
2026-01-08,577.510009765625,589.6699829101562,573.5,580.0700073242188,577.2387084960938,3390200
2026-01-09,578.1099853515625,581.3099975585938,575.3400268554688,575.5399780273438,573.591064453125,2221100
2026-01-12,564.030029296875,567.8800048828125,555.8900146484375,566.280029296875,564.3624877929688,3486400
2026-01-13,558.9500122070312,558.9500122070312,533.7000122070312,544.989990234375,543.1445922851562,8721600
2026-01-14,544.5,548.5900268554688,538.1500244140625,546.8200073242188,544.9683227539062,3943700
2026-01-15,548.52001953125,549.8800048828125,539.0,542.6500244140625,540.8125610351562,4005600
2026-01-16,540.239990234375,544.030029296875,538.6799926757812,539.489990234375,537.6631469726562,3496200
2026-01-20,530.5999755859375,536.4099731445312,528.510009765625,531.739990234375,529.9393920898438,4098700
2026-01-21,533.52001953125,537.4000244140625,524.77001953125,527.5700073242188,525.7835083007812,4937700
2026-01-22,529.9199829101562,533.1900024414062,523.8099975585938,532.8599853515625,531.0556640625,5114900
2026-01-23,531.4099731445312,532.1400146484375,520.1599731445312,524.739990234375,522.963134765625,5002900
2026-01-26,526.7100219726562,530.3900146484375,522.6500244140625,527.3599853515625,525.57421875,4839700
2026-01-27,527.6500244140625,529.1099853515625,519.5499877929688,520.4099731445312,518.6477661132812,3850800
2026-01-28,521.9600219726562,523.8300170898438,518.27001953125,521.3699951171875,519.6045532226562,5483000
2026-01-29,531.7899780273438,544.239990234375,520.1099853515625,543.72998046875,541.8887939453125,5488300
2026-01-30,541.010009765625,543.760009765625,535.22998046875,538.7899780273438,536.9655151367188,4306900
2026-02-02,540.989990234375,557.1199951171875,540.9500122070312,555.3699951171875,553.4893798828125,4603300
2026-02-03,554.3300170898438,560.1099853515625,549.030029296875,550.719970703125,548.8551635742188,5706700
2026-02-04,549.72998046875,556.5999755859375,541.010009765625,553.52001953125,551.6456909179688,4448000
2026-02-05,554.8499755859375,561.9199829101562,549.9500122070312,551.8900146484375,550.021240234375,4621600
2026-02-06,553.0700073242188,556.7899780273438,539.7999877929688,548.739990234375,546.8818359375,3779700
2026-02-09,543.7100219726562,546.5599975585938,534.2000122070312,535.3300170898438,533.5172729492188,4110300
2026-02-10,536.27001953125,547.0,535.0,540.3900146484375,538.5601196289062,2222700
2026-02-11,538.1500244140625,540.7000122070312,533.1099853515625,537.4600219726562,535.6400756835938,3691000
2026-02-12,539.9299926757812,543.0,527.1500244140625,527.4600219726562,525.6738891601562,3466200
2026-02-13,529.0599975585938,533.989990234375,516.02001953125,518.3599853515625,516.6046752929688,4017700
2026-02-17,515.0,525.8599853515625,515.0,521.9299926757812,520.1626586914062,3178000
2026-02-18,522.489990234375,530.760009765625,519.4000244140625,527.97998046875,526.192138671875,3575900
2026-02-19,524.8099975585938,526.530029296875,516.0499877929688,520.260009765625,518.498291015625,3009400
2026-02-20,520.25,527.5,518.5900268554688,526.4099731445312,524.62744140625,2838500
2026-02-23,520.469970703125,522.719970703125,490.0,496.0299987792969,494.350341796875,6312300
2026-02-24,493.739990234375,499.25,491.260009765625,498.0,496.3136901855469,5292900
2026-02-25,502.82000732421875,510.5400085449219,502.4200134277344,509.3900146484375,507.6651306152344,4139100
2026-02-26,510.95001220703125,519.9000244140625,509.010009765625,514.77001953125,513.0269165039062,4843600
2026-02-27,509.4700012207031,518.760009765625,506.75,517.2100219726562,515.4586791992188,5121100
2026-03-02,509.4800109863281,526.1599731445312,507.3399963378906,521.0,519.2357788085938,3827000
2026-03-03,513.6099853515625,526.7999877929688,513.0,524.3200073242188,522.5445556640625,4199700
2026-03-04,524.1599731445312,526.1599731445312,520.280029296875,522.9199829101562,521.1492919921875,3154700
2026-03-05,521.0999755859375,525.3200073242188,512.75,524.6599731445312,522.8833618164062,3879300
2026-03-06,519.6400146484375,522.5499877929688,512.2000122070312,522.3400268554688,520.5712890625,2872900
2026-03-09,516.27001953125,520.8900146484375,509.1099853515625,517.719970703125,515.9668579101562,3546600
2026-03-10,516.9500122070312,519.3300170898438,511.0,514.719970703125,512.97705078125,2759800
2026-03-11,513.0800170898438,515.3099975585938,502.7200012207031,504.0,502.2933654785156,2873200
2026-03-12,500.0,505.6199951171875,496.2900085449219,497.30999755859375,495.6260070800781,2702500
2026-03-13,496.55999755859375,501.8599853515625,495.3999938964844,497.989990234375,496.3037109375,2809300
2026-03-16,498.6199951171875,508.5799865722656,498.6199951171875,508.5,506.77813720703125,3450300
2026-03-17,510.54998779296875,516.9600219726562,506.5,506.5799865722656,504.8646240234375,2834300
2026-03-18,503.75,503.75,487.9200134277344,488.4700012207031,486.8159484863281,3458700
2026-03-19,490.5199890136719,497.0799865722656,487.30999755859375,491.1400146484375,489.4769287109375,3284500
2026-03-20,492.4700012207031,499.2200012207031,491.010009765625,496.32000732421875,494.6393737792969,5762900
2026-03-23,506.04998779296875,507.0400085449219,500.3800048828125,500.3800048828125,498.68560791015625,2985900
2026-03-24,495.6400146484375,502.7300109863281,493.239990234375,498.92999267578125,497.24053955078125,2278900
2026-03-25,501.2900085449219,506.25,494.55999755859375,502.760009765625,501.05755615234375,2422000
2026-03-26,500.510009765625,504.79998779296875,499.04998779296875,500.75,499.0543518066406,3995400
2026-03-27,499.45001220703125,500.04998779296875,480.5,484.239990234375,482.60028076171875,3963300
2026-03-30,488.0299987792969,495.5400085449219,487.0,494.0,492.3272399902344,3629500
2026-03-31,500.0,501.4100036621094,490.5799865722656,499.6600036621094,497.96807861328125,4417600
