Date,Open,High,Low,Close,Adj Close,Volume
2016-04-01,138.4866180419922,140.25083923339844,137.78428649902344,140.07525634765625,100.04222869873047,2405874
2016-04-04,139.7240753173828,140.04180908203125,138.72909545898438,139.13043212890625,99.3674087524414,2419269
2016-04-05,138.11036682128906,139.255859375,137.66722106933594,138.6371307373047,99.01510620117188,1934410
2016-04-06,138.244140625,139.69898986816406,137.82608032226562,139.47325134277344,99.61225891113281,2502271
2016-04-07,138.69564819335938,139.8244171142578,138.1688995361328,139.76588439941406,99.82127380371094,3263047
2016-04-08,140.2257537841797,140.45986938476562,138.8795928955078,139.32273864746094,99.50477600097656,2068243
2016-04-11,139.73243713378906,140.43478393554688,139.27256774902344,139.28929138183594,99.48088836669922,1819236
2016-04-12,139.64047241210938,140.80267333984375,139.57357788085938,140.49331665039062,100.34080505371094,1957254
2016-04-13,140.8612060546875,141.22073364257812,140.2257537841797,140.96153259277344,100.67521667480469,1848896
2016-04-14,141.30435180664062,141.30435180664062,140.36788940429688,140.6020050048828,100.41844177246094,1451226
2016-04-15,140.73577880859375,141.30435180664062,140.6354522705078,141.1204071044922,100.78868103027344,1694732
2016-04-18,140.8612060546875,142.03176879882812,140.7943115234375,141.76422119140625,101.24848937988281,1371334
2016-04-19,142.07357788085938,142.78428649902344,141.3628692626953,141.8478240966797,101.30818176269531,2211524
2016-04-20,142.2575225830078,142.5167236328125,140.9866180419922,141.25418090820312,100.88423156738281,1721881
2016-04-21,141.27926635742188,141.88963317871094,140.81103515625,141.0200653076172,100.71701049804688,1955460
2016-04-22,141.3795928955078,141.93980407714844,140.34280395507812,141.0200653076172,100.71701049804688,2155551
2016-04-25,140.46823120117188,140.8946533203125,139.3311004638672,140.78594970703125,100.5497817993164,2844447
2016-04-26,140.0501708984375,140.2926483154297,137.93478393554688,138.9464874267578,99.23606872558594,3817752
2016-04-27,139.62374877929688,140.78594970703125,138.8795928955078,140.26756286621094,100.17958068847656,2664329
2016-04-28,139.50668334960938,141.11204528808594,138.9632110595703,139.63211059570312,99.72574615478516,1979021
2016-04-29,139.61538696289062,140.28428649902344,139.21405029296875,139.9498291015625,99.95263671875,2345595
2016-05-02,139.88294982910156,140.88629150390625,139.58193969726562,140.75250244140625,100.52592468261719,2033559
2016-05-03,139.95819091796875,140.52674865722656,139.3478240966797,140.44314575195312,100.30496215820312,2298951
2016-05-04,139.1053466796875,140.21739196777344,139.03846740722656,139.76588439941406,99.82127380371094,2533248
2016-05-05,140.0167236328125,140.744140625,139.7909698486328,140.2759246826172,100.18555450439453,2009519
2016-05-06,140.33444213867188,141.34616088867188,139.63211059570312,141.21237182617188,100.8543472290039,1949719
2016-05-09,140.96153259277344,141.34616088867188,140.2090301513672,140.90301513671875,100.6334228515625,1556355
2016-05-10,141.4966583251953,142.466552734375,141.30435180664062,142.3578643798828,101.6724624633789,2072190
2016-05-11,142.3076934814453,143.2023468017578,141.7809295654297,141.9481658935547,101.37986755371094,2136534
2016-05-12,142.02340698242188,142.66722106933594,141.1036834716797,142.26588439941406,101.60678100585938,2083312
2016-05-13,142.18228149414062,142.45819091796875,140.31771850585938,140.73577880859375,100.51398468017578,2243576
2016-05-16,140.88629150390625,142.05685424804688,140.8277587890625,141.76422119140625,101.24848937988281,2184135
2016-05-17,141.7809295654297,142.09030151367188,139.7073516845703,140.3093719482422,100.20943450927734,2542696
2016-05-18,139.21405029296875,140.40969848632812,138.59532165527344,139.48159790039062,100.28154754638672,1942782
2016-05-19,138.26922607421875,138.84616088867188,136.4297637939453,138.0518341064453,99.25360870361328,1982131
2016-05-20,138.1688995361328,139.18896484375,137.90133666992188,137.96823120117188,99.1934814453125,2088814
2016-05-23,138.19398498535156,139.26422119140625,137.55853271484375,138.88795471191406,99.85472869873047,1977586
2016-05-24,139.76588439941406,141.12876892089844,139.3812713623047,140.99497985839844,101.36962127685547,1946370
2016-05-25,141.30435180664062,142.44146728515625,141.09532165527344,142.13211059570312,102.18716430664062,2224560
2016-05-26,142.14883422851562,142.78428649902344,140.911376953125,141.22909545898438,101.53791046142578,1870424
2016-05-27,141.22909545898438,141.32943725585938,140.7023468017578,141.21237182617188,101.52591705322266,1314524
2016-05-31,141.5718994140625,141.9314422607422,140.18394470214844,140.73577880859375,101.18326568603516,2594842
2016-06-01,140.28428649902344,141.24581909179688,139.7073516845703,141.04515075683594,101.40570831298828,1468927
2016-06-02,141.06187438964844,141.06187438964844,139.8578643798828,140.50167846679688,101.01495361328125,2368678
2016-06-03,140.51004028320312,141.0200653076172,140.05853271484375,140.78594970703125,101.21930694580078,1714466
2016-06-06,141.17892456054688,142.63377380371094,140.96153259277344,142.2073516845703,102.24130249023438,1806797
2016-06-07,142.34950256347656,143.38629150390625,142.3244171142578,142.90133666992188,102.74022674560547,2060828
2016-06-08,142.93478393554688,143.75418090820312,142.68394470214844,143.3277587890625,103.04679870605469,2015140
2016-06-09,142.55853271484375,143.36956787109375,141.6387939453125,142.24916076660156,102.27131652832031,2641725
2016-06-10,141.5301055908203,141.55519104003906,140.36788940429688,140.93646240234375,101.32752990722656,2539586
2016-06-13,140.844482421875,141.0033416748047,139.7240753173828,139.7407989501953,100.46790313720703,2547360
2016-06-14,139.8745880126953,140.3093719482422,139.2976531982422,140.1421356201172,100.7564697265625,2417594
2016-06-15,140.42642211914062,141.18728637695312,140.02508544921875,140.30101013183594,100.87068176269531,2026263
2016-06-16,139.92474365234375,142.466552734375,139.3143768310547,142.08193969726562,102.15111541748047,3147992
2016-06-17,142.13211059570312,142.14047241210938,140.81939697265625,141.25418090820312,101.55598449707031,4123808
2016-06-20,142.89297485351562,144.48159790039062,142.5836181640625,143.1688995361328,102.93257141113281,2586709
2016-06-21,143.12709045410156,143.78762817382812,143.02674865722656,143.28594970703125,103.01676177978516,2259364
2016-06-22,143.67056274414062,144.3143768310547,142.96823120117188,143.1688995361328,102.93257141113281,1638042
2016-06-23,144.40635681152344,145.61036682128906,144.19732666015625,145.57691955566406,104.66385650634766,2417834
2016-06-24,141.19564819335938,143.4281005859375,140.80267333984375,141.40467834472656,101.66417694091797,5462730
2016-06-27,140.28428649902344,140.32608032226562,138.09364318847656,139.7909698486328,100.50399017333984,3042744
2016-06-28,140.5852813720703,141.8645477294922,140.43478393554688,141.7976531982422,101.94672393798828,2675811
2016-06-29,142.99331665039062,143.68728637695312,142.44146728515625,143.411376953125,103.10689544677734,2265344
2016-06-30,143.8628692626953,146.43812561035156,143.8628692626953,146.42140197753906,105.27100372314453,2929482
2016-07-01,146.43812561035156,147.2240753173828,146.24581909179688,146.77256774902344,105.5234603881836,2309356
2016-07-05,146.20401000976562,146.97325134277344,145.07525634765625,146.8478240966797,105.57757568359375,2814906
2016-07-06,146.48829650878906,146.71405029296875,145.5351104736328,146.45484924316406,105.2950439453125,2850427
2016-07-07,146.3963165283203,146.85618591308594,145.59364318847656,146.21237182617188,105.12068939208984,2203391
2016-07-08,147.04849243164062,148.65383911132812,147.00668334960938,148.09364318847656,106.47327423095703,3261014
2016-07-11,148.33612060546875,149.222412109375,148.1521759033203,148.83779907226562,107.00830841064453,1984762
2016-07-12,149.45652770996094,150.1923065185547,148.85450744628906,149.79933166503906,107.69959259033203,2287828
2016-07-13,149.84950256347656,150.2257537841797,149.40635681152344,149.8411407470703,107.7296371459961,1783834
2016-07-14,150.62709045410156,151.6053466796875,150.40133666992188,151.25418090820312,108.74557495117188,2277543
2016-07-15,151.755859375,152.04013061523438,150.9698944091797,151.6722412109375,109.04611206054688,2960339
2016-07-18,151.7056884765625,151.92308044433594,151.12876892089844,151.4297637939453,108.87176513671875,1464382
2016-07-19,151.4297637939453,151.8812713623047,150.744140625,151.53846740722656,108.94994354248047,1257355
2016-07-20,151.9481658935547,152.39967346191406,151.6053466796875,151.68896484375,109.05812072753906,1690307
2016-07-21,151.58026123046875,151.80601501464844,150.25083923339844,150.7190704345703,108.36083984375,2237477
2016-07-22,150.85284423828125,150.94480895996094,149.966552734375,150.86956787109375,108.46903991699219,1441898
2016-07-25,150.6688995361328,150.85284423828125,149.59866333007812,150.1923065185547,107.98213195800781,2316652
2016-07-26,148.1354522705078,149.65719604492188,147.2742462158203,148.54515075683594,106.79790496826172,4092234
2016-07-27,148.33612060546875,149.61538696289062,148.33612060546875,149.05519104003906,107.16458129882812,2822201
2016-07-28,148.5367889404297,149.1387939453125,148.01840209960938,148.81271362304688,106.99024200439453,2152202
2016-07-29,148.92140197753906,149.51504516601562,148.51170349121094,149.13043212890625,107.21868896484375,1939792
2016-08-01,148.06019592285156,149.2809295654297,148.06019592285156,149.0718994140625,107.17660522460938,1911686
2016-08-02,149.3143768310547,149.3478240966797,148.19398498535156,149.13043212890625,107.21868896484375,2529660
2016-08-03,149.4314422607422,149.7742462158203,148.80435180664062,149.14715576171875,107.23072052001953,1697483
2016-08-04,149.63211059570312,150.0167236328125,148.52842712402344,148.67056274414062,106.88801574707031,1281873
2016-08-05,149.03846740722656,149.67391967773438,148.30267333984375,149.30601501464844,107.34491729736328,2152202
2016-08-08,149.58193969726562,149.68228149414062,149.05519104003906,149.3143768310547,107.35091400146484,1587929
2016-08-09,149.1387939453125,149.58193969726562,148.77926635742188,149.155517578125,107.2367172241211,1314284
2016-08-10,148.9297637939453,149.54013061523438,148.70401000976562,149.51504516601562,107.49518585205078,1466655
2016-08-11,149.73243713378906,151.42140197753906,149.56521606445312,151.33779907226562,108.80567169189453,2443906
2016-08-12,151.73077392578125,151.73077392578125,150.41806030273438,150.72743225097656,108.36685943603516,1474548
2016-08-15,151.33779907226562,151.66387939453125,150.88629150390625,150.9698944091797,108.54118347167969,1516767
2016-08-16,150.6020050048828,150.777587890625,149.8411407470703,149.8745880126953,107.75373077392578,1630866
2016-08-17,149.38963317871094,150.57691955566406,149.09698486328125,150.39297485351562,108.80010223388672,1624766
2016-08-18,150.25083923339844,150.25083923339844,149.3143768310547,149.81605529785156,108.38276672363281,1301128
2016-08-19,149.3812713623047,150.31771850585938,148.8963165283203,150.1755828857422,108.64283752441406,1561139
2016-08-22,149.81605529785156,150.1588592529297,149.1387939453125,149.7240753173828,108.31622314453125,1598334
2016-08-23,150.1755828857422,150.9531707763672,149.89967346191406,150.3093719482422,108.73961639404297,1430177
2016-08-24,150.00836181640625,150.46823120117188,149.67391967773438,150.00836181640625,108.5218734741211,1359972
2016-08-25,149.7407989501953,150.76922607421875,149.7073516845703,150.15049743652344,108.62471008300781,1004999
2016-08-26,150.66053771972656,151.5468292236328,149.59866333007812,150.00836181640625,108.5218734741211,1584341
2016-08-29,150.38461303710938,151.0869598388672,149.89967346191406,150.91973876953125,109.18120574951172,1257953
2016-08-30,151.1036834716797,151.35450744628906,150.1588592529297,150.62709045410156,108.969482421875,1243601
2016-08-31,150.07525634765625,150.3093719482422,149.3143768310547,149.86622619628906,108.41905212402344,1956656
2016-09-01,149.92474365234375,150.64381408691406,149.49832153320312,150.48495483398438,108.86664581298828,1309979
2016-09-02,150.94480895996094,151.74749755859375,150.57691955566406,151.17892456054688,109.36872863769531,1577524
2016-09-06,150.9698944091797,151.5718994140625,150.40133666992188,150.88629150390625,109.15702056884766,1588408
2016-09-07,150.5351104736328,150.9531707763672,150.11705017089844,150.2926483154297,108.72752380371094,1355307
2016-09-08,149.8244171142578,150.67726135253906,149.61538696289062,150.5852813720703,108.93924713134766,1703104
2016-09-09,149.57357788085938,149.66555786132812,146.85618591308594,146.85618591308594,106.2414779663086,2491627
2016-09-12,146.32107543945312,149.16387939453125,146.06187438964844,148.9130401611328,107.7294921875,2288307
2016-09-13,147.85116577148438,148.49497985839844,147.11538696289062,147.21571350097656,106.50160217285156,2230062
2016-09-14,147.12374877929688,148.28594970703125,146.48829650878906,146.83946228027344,106.22938537597656,2230301
2016-09-15,146.76422119140625,147.99331665039062,146.6220703125,147.65049743652344,106.81614685058594,1989905
2016-09-16,147.05685424804688,147.11538696289062,145.81103515625,146.37123107910156,105.89060974121094,4017125
2016-09-19,147.19898986816406,148.78762817382812,147.19898986816406,147.7592010498047,106.8947525024414,2098860
2016-09-20,148.5869598388672,149.24749755859375,148.26922607421875,148.49497985839844,107.42707061767578,1911926
2016-09-21,148.72909545898438,150.33444213867188,148.411376953125,150.1588592529297,108.63075256347656,2104960
2016-09-22,150.35952758789062,151.88963317871094,150.2090301513672,150.37625122070312,108.78800201416016,2211404
2016-09-23,150.0,150.25083923339844,148.1521759033203,148.31939697265625,107.30000305175781,2285556
2016-09-26,147.86788940429688,147.91806030273438,146.98995971679688,147.11538696289062,106.42901611328125,2177916
2016-09-27,146.8311004638672,148.01840209960938,146.80601501464844,147.40802001953125,106.64066314697266,2910586
2016-09-28,147.8093719482422,148.81271362304688,147.73411560058594,148.4866180419922,107.42098236083984,2026024
2016-09-29,148.3946533203125,148.5200653076172,146.21237182617188,146.63043212890625,106.07813262939453,2216906
2016-09-30,147.6421356201172,148.1187286376953,147.23243713378906,147.34950256347656,106.59835052490234,2893602
2016-10-03,146.59698486328125,147.11538696289062,145.81939697265625,146.35450744628906,105.87852478027344,2135578
2016-10-04,145.97825622558594,146.29598999023438,143.14381408691406,143.54515075683594,103.84613800048828,3787612
2016-10-05,143.52842712402344,144.2809295654297,143.2608642578125,144.1387939453125,104.27561950683594,2757378
2016-10-06,143.75418090820312,144.08026123046875,142.6421356201172,143.51170349121094,103.82194519042969,2718986
2016-10-07,143.72909545898438,143.76254272460938,142.17391967773438,143.25250244140625,103.63441467285156,2689924
2016-10-10,143.67892456054688,144.43980407714844,142.92642211914062,143.09364318847656,103.51951599121094,2316174
2016-10-11,142.3411407470703,142.533447265625,141.04515075683594,141.87290954589844,102.6363754272461,2390445
2016-10-12,141.80601501464844,142.2909698486328,141.21237182617188,141.90635681152344,102.66056060791016,1858704
2016-10-13,141.19564819335938,142.39967346191406,140.85284423828125,142.15719604492188,102.84203338623047,2295961
2016-10-14,142.96823120117188,143.30267333984375,142.39129638671875,142.4163818359375,103.02955627441406,1808830
2016-10-17,142.59197998046875,143.0518341064453,142.09030151367188,142.31605529785156,102.9569320678711,1470123
2016-10-18,143.54515075683594,143.73745727539062,142.00668334960938,142.09866333007812,102.79969024658203,1417978
2016-10-19,142.8093719482422,142.92642211914062,141.85618591308594,142.06521606445312,102.77552795410156,1392383
2016-10-20,141.7809295654297,142.42474365234375,141.29598999023438,142.02340698242188,102.74526977539062,1447758
2016-10-21,140.56019592285156,141.77256774902344,140.23411560058594,141.722412109375,102.52748107910156,2407787
2016-10-24,144.35618591308594,145.0167236328125,142.89297485351562,143.2023468017578,103.59815216064453,3191526
2016-10-25,141.69732666015625,142.04849243164062,138.0518341064453,138.98829650878906,100.54954528808594,4576135
2016-10-26,138.5367889404297,140.2926483154297,138.30267333984375,139.222412109375,100.71890258789062,2601180
2016-10-27,139.52340698242188,139.59030151367188,138.19398498535156,138.59532165527344,100.26519775390625,1777734
2016-10-28,139.255859375,139.78260803222656,138.07691955566406,138.6036834716797,100.27128601074219,2313423
2016-10-31,139.18060302734375,139.24749755859375,138.11036682128906,138.21070861816406,99.98699188232422,2737764
2016-11-01,138.2943115234375,138.6371307373047,136.99832153320312,137.33277893066406,99.35188293457031,2936898
2016-11-02,137.7090301513672,139.1053466796875,137.04849243164062,138.5702362060547,100.24710083007812,2671146
2016-11-03,138.9130401611328,140.16722106933594,138.17726135253906,139.48995971679688,100.91242218017578,2995980
2016-11-04,139.8076934814453,140.34280395507812,139.14715576171875,139.19732666015625,100.70076751708984,2305290
2016-11-07,140.59364318847656,142.04849243164062,140.45150756835938,141.92308044433594,102.67267608642578,2309356
2016-11-08,142.05685424804688,143.85450744628906,141.95652770996094,143.00167846679688,103.45297241210938,2339017
2016-11-09,138.66220092773438,142.97659301757812,138.66220092773438,142.466552734375,103.06587219238281,4376523
2016-11-10,142.2742462158203,146.04515075683594,141.9648895263672,145.7190704345703,105.41888427734375,3922880
2016-11-11,145.52674865722656,146.4297637939453,145.2592010498047,146.38795471191406,105.90277099609375,2234367
2016-11-14,146.5133819580078,146.74749755859375,143.72909545898438,144.57357788085938,104.59016418457031,3117972
2016-11-15,144.78260803222656,145.69398498535156,143.73745727539062,145.6856231689453,105.39461517333984,2603812
2016-11-16,144.7575225830078,144.8411407470703,143.4531707763672,143.82107543945312,104.71284484863281,2419030
2016-11-17,143.82107543945312,144.8578643798828,143.82107543945312,144.45652770996094,105.17549133300781,2133305
2016-11-18,144.2391357421875,144.88294982910156,144.05519104003906,144.61538696289062,105.29114532470703,2046476
2016-11-21,143.3277587890625,143.79598999023438,142.7424774169922,143.411376953125,104.41453552246094,2384704
2016-11-22,143.5367889404297,143.8795928955078,143.21070861816406,143.73745727539062,104.6519546508789,1857747
2016-11-23,143.8795928955078,144.43980407714844,143.61204528808594,144.02174377441406,104.85893249511719,1767568
2016-11-25,143.98829650878906,145.47659301757812,143.98829650878906,145.05853271484375,105.61376953125,1131177
2016-11-28,145.11705017089844,145.2926483154297,144.0468292236328,144.23077392578125,105.01112365722656,2006529
2016-11-29,144.26422119140625,144.89129638671875,143.93812561035156,144.45652770996094,105.17549133300781,1773907
2016-11-30,143.9799346923828,144.8076934814453,143.4698944091797,143.59532165527344,104.54844665527344,3104577
2016-12-01,143.51170349121094,144.4314422607422,143.35284423828125,144.33946228027344,105.09026336669922,2101252
2016-12-02,144.255859375,145.2257537841797,144.0133819580078,144.1722412109375,104.968505859375,2238314
2016-12-05,144.33946228027344,144.60702514648438,143.0518341064453,143.49497985839844,104.47541046142578,2608835
2016-12-06,143.66220092773438,143.83779907226562,143.1688995361328,143.64549255371094,104.58499908447266,1755130
2016-12-07,144.13043212890625,147.2073516845703,143.78762817382812,147.19898986816406,107.1722183227539,3784503
2016-12-08,147.2240753173828,147.4498291015625,146.12876892089844,147.05685424804688,107.0687026977539,2141677
2016-12-09,146.6220703125,149.55685424804688,146.5718994140625,149.2391357421875,108.65758514404297,3169878
2016-12-12,149.03846740722656,150.34280395507812,148.4698944091797,150.20066833496094,109.35765838623047,2746136
2016-12-13,150.1421356201172,150.5518341064453,147.80101013183594,149.52340698242188,108.86456298828125,3239486
2016-12-14,149.79933166503906,149.99163818359375,147.5,147.6588592529297,107.50699615478516,2672103
2016-12-15,148.21070861816406,148.47825622558594,146.3628692626953,147.17391967773438,107.15396118164062,2458498
2016-12-16,147.6254119873047,149.24749755859375,147.61705017089844,148.36956787109375,108.02445983886719,4652081
2016-12-19,148.5033416748047,149.38963317871094,148.2608642578125,148.9632110595703,108.45670318603516,1652872
2016-12-20,149.11370849609375,149.94146728515625,148.8795928955078,149.37290954589844,108.7550048828125,1648327
2016-12-21,149.3311004638672,150.10870361328125,149.18060302734375,149.18896484375,108.62107849121094,1860856
2016-12-22,149.57357788085938,150.0501708984375,148.81271362304688,149.83277893066406,109.08982849121094,1465818
2016-12-23,149.7407989501953,149.90802001953125,149.27256774902344,149.45652770996094,108.81586456298828,874396
2016-12-27,149.3812713623047,149.83277893066406,149.30601501464844,149.59866333007812,108.91934967041016,778596
2016-12-28,149.56521606445312,150.04180908203125,148.84616088867188,148.8963165283203,108.40798950195312,1540328
2016-12-29,149.0718994140625,149.78260803222656,148.85450744628906,149.1722412109375,108.60887908935547,1317992
2016-12-30,149.66555786132812,150.06689453125,149.0718994140625,149.30601501464844,108.70631408691406,1906663
2017-01-03,149.52340698242188,150.50167846679688,148.17726135253906,148.87123107910156,108.38973236083984,3001123
2017-01-04,148.85450744628906,149.58193969726562,148.5033416748047,149.09698486328125,108.55408477783203,1844232
2017-01-05,149.0468292236328,149.78260803222656,147.90133666992188,148.5869598388672,108.18279266357422,1731569
2017-01-06,148.23577880859375,149.3311004638672,146.98995971679688,149.02174377441406,108.49932861328125,1943500
2017-01-09,149.1387939453125,149.14715576171875,148.16053771972656,148.2190704345703,107.91494750976562,1940630
2017-01-10,148.2943115234375,148.40301513671875,147.4163818359375,147.6421356201172,107.494873046875,2428000
2017-01-11,147.68394470214844,149.2056884765625,147.4832763671875,148.73745727539062,108.2923355102539,1889202
2017-01-12,147.96823120117188,148.57859802246094,146.9481658935547,148.3612060546875,108.01839447021484,1580873
2017-01-13,148.47825622558594,148.75418090820312,147.85116577148438,148.31939697265625,107.9879379272461,1513538
2017-01-17,147.99331665039062,148.56187438964844,147.36622619628906,148.21070861816406,107.90882110595703,1862770
2017-01-18,148.74581909179688,150.033447265625,148.31103515625,149.2391357421875,108.65758514404297,2158302
2017-01-19,149.8745880126953,150.33444213867188,148.62876892089844,149.3979949951172,108.77323150634766,1751422
2017-01-20,149.83277893066406,150.0501708984375,148.68728637695312,149.2391357421875,108.65758514404297,2107232
2017-01-23,148.75418090820312,149.65719604492188,148.1020050048828,149.255859375,108.66979217529297,2376213
2017-01-24,148.411376953125,148.62876892089844,145.83612060546875,147.13211059570312,107.12352752685547,4153947
2017-01-25,148.0685577392578,149.35618591308594,147.63377380371094,147.76756286621094,107.58619689941406,4141270
2017-01-26,147.4163818359375,148.1856231689453,147.1906280517578,147.84280395507812,107.6410140991211,2674136
2017-01-27,148.3946533203125,148.81271362304688,147.85116577148438,148.3946533203125,108.04277801513672,1941945
2017-01-30,148.2023468017578,148.6036834716797,146.21237182617188,146.6722412109375,106.78868865966797,2180428
2017-01-31,146.1036834716797,146.7056884765625,145.32608032226562,146.17056274414062,106.42342376708984,2207218
2017-02-01,146.4632110595703,146.98995971679688,145.73577880859375,146.4632110595703,106.63652801513672,2718388
2017-02-02,145.59364318847656,146.1371307373047,145.10870361328125,145.6354522705078,106.03385925292969,3715733
2017-02-03,145.50167846679688,146.5718994140625,145.35952758789062,146.35450744628906,106.55735778808594,3373318
2017-02-06,145.5852813720703,147.3244171142578,145.40133666992188,146.40467834472656,106.59392547607422,1940869
2017-02-07,147.2240753173828,147.49163818359375,146.4464874267578,146.95652770996094,106.99569702148438,1491890
2017-02-08,146.83946228027344,148.49497985839844,146.73077392578125,148.0518341064453,107.79314422607422,2566257
2017-02-09,147.88461303710938,149.28929138183594,147.88461303710938,148.9799346923828,108.46886444091797,2403601
2017-02-10,149.08026123046875,150.15049743652344,148.98829650878906,149.66555786132812,108.96805572509766,1665310
2017-02-13,150.38461303710938,151.655517578125,149.88294982910156,151.35450744628906,110.19773864746094,2308041
2017-02-14,151.22073364257812,152.17391967773438,151.04515075683594,151.83946228027344,110.55084228515625,2434936
2017-02-15,150.75250244140625,152.03176879882812,150.62709045410156,151.92308044433594,111.33206176757812,2108428
2017-02-16,151.9648895263672,153.3946533203125,151.85618591308594,153.35284423828125,112.37979125976562,2588144
2017-02-17,153.36956787109375,153.51170349121094,152.61705017089844,152.96823120117188,112.09798431396484,2345954
2017-02-21,152.83444213867188,153.52842712402344,152.2073516845703,153.31939697265625,112.35527038574219,2076615
2017-02-22,153.344482421875,155.6187286376953,153.07691955566406,155.5518341064453,113.99124908447266,3409676
2017-02-23,155.44314575195312,156.7391357421875,155.2759246826172,156.5133819580078,114.69591522216797,2872314
2017-02-24,156.20401000976562,157.533447265625,155.76922607421875,156.69732666015625,114.83073425292969,2543055
2017-02-27,156.77256774902344,156.8143768310547,155.83612060546875,156.27926635742188,114.52438354492188,1666985
2017-02-28,156.12876892089844,156.77256774902344,155.777587890625,155.81103515625,114.18123626708984,2310792
2017-03-01,157.2575225830078,159.3143768310547,157.19898986816406,158.74581909179688,116.33187866210938,2662535
2017-03-02,158.411376953125,158.9464874267578,158.0518341064453,158.77090454101562,116.35028076171875,2109744
2017-03-03,158.77090454101562,159.06353759765625,157.6421356201172,158.28594970703125,115.99488830566406,1946370
2017-03-06,157.96823120117188,158.22743225097656,157.4163818359375,157.94314575195312,115.74366760253906,1995765
2017-03-07,157.43310546875,158.244140625,157.39967346191406,158.1020050048828,115.86009979248047,1988111
2017-03-08,158.62876892089844,159.03846740722656,158.00167846679688,158.4531707763672,116.11746215820312,1870185
2017-03-09,158.23577880859375,159.18896484375,158.1688995361328,158.77926635742188,116.3564224243164,1861813
2017-03-10,159.3979949951172,159.89967346191406,158.88795471191406,159.8745880126953,117.1590805053711,3007940
2017-03-13,160.34280395507812,160.50167846679688,159.24749755859375,160.13377380371094,117.34902954101562,2359349
2017-03-14,159.64047241210938,160.06689453125,158.1187286376953,159.1387939453125,116.61988830566406,2264746
2017-03-15,159.0133819580078,160.41806030273438,158.62876892089844,159.86622619628906,117.15296936035156,2448212
2017-03-16,159.74916076660156,160.23411560058594,158.56187438964844,159.1220703125,116.60760498046875,2316772
2017-03-17,159.54849243164062,160.83612060546875,159.155517578125,160.83612060546875,117.86370849609375,5056808
2017-03-20,160.9698944091797,161.78929138183594,160.76922607421875,161.3795928955078,118.2619857788086,2494378
2017-03-21,161.7809295654297,161.7809295654297,160.1254119873047,160.64381408691406,117.7228012084961,2266540
2017-03-22,160.78594970703125,161.27090454101562,159.24749755859375,160.7190704345703,117.77792358398438,1946251
2017-03-23,160.6354522705078,161.34616088867188,159.89129638671875,160.6521759033203,117.7289047241211,1772472
2017-03-24,160.6354522705078,161.0535125732422,159.61538696289062,160.1254119873047,117.34283447265625,1716738
2017-03-27,159.4481658935547,159.69898986816406,158.16053771972656,159.222412109375,116.6811752319336,2373582
2017-03-28,158.81271362304688,160.10870361328125,158.52842712402344,159.6906280517578,117.0243148803711,2786919
2017-03-29,159.35618591308594,159.93310546875,159.08026123046875,159.4314422607422,116.83428955078125,2023871
2017-03-30,159.48159790039062,160.10870361328125,158.9464874267578,159.93310546875,117.20197296142578,2195138
2017-03-31,159.9498291015625,160.86956787109375,159.6906280517578,159.97491455078125,117.23258209228516,2069080
2017-04-03,160.42642211914062,160.67726135253906,158.82107543945312,159.4648895263672,116.85882568359375,1849853
2017-04-04,159.33946228027344,159.68228149414062,158.67892456054688,159.02174377441406,116.53404235839844,1614480
2017-04-05,159.4481658935547,160.88629150390625,158.8963165283203,159.06353759765625,116.56475830078125,1732645
2017-04-06,159.2056884765625,159.71571350097656,158.44480895996094,158.77090454101562,116.35028076171875,1946370
2017-04-07,158.88795471191406,159.3311004638672,158.46153259277344,158.85450744628906,116.41155242919922,1226139
2017-04-10,158.9966583251953,159.2976531982422,158.28594970703125,158.6204071044922,116.24000549316406,2012509
2017-04-11,158.1354522705078,158.93812561035156,158.01840209960938,158.92140197753906,116.46054077148438,1745682
2017-04-12,159.1220703125,159.27256774902344,158.3612060546875,158.61204528808594,116.23384094238281,1693656
2017-04-13,158.23577880859375,158.74581909179688,157.7090301513672,157.73411560058594,115.59052276611328,1524182
2017-04-17,158.28594970703125,159.16387939453125,158.26922607421875,159.16387939453125,116.63825225830078,1846146
2017-04-18,158.66220092773438,159.56521606445312,158.4531707763672,159.0468292236328,116.55248260498047,1407572
2017-04-19,159.53176879882812,159.8076934814453,158.46153259277344,158.72073364257812,116.31351470947266,1603118
2017-04-20,158.8795928955078,160.62709045410156,158.77926635742188,159.83277893066406,117.12846374511719,2090847
2017-04-21,159.8244171142578,160.21739196777344,159.35618591308594,160.11705017089844,117.33673858642578,3090703
2017-04-24,161.37123107910156,162.5836181640625,161.31271362304688,162.39967346191406,119.00951385498047,3240682
2017-04-25,162.19898986816406,163.5535125732422,160.83612060546875,163.1521759033203,119.56097412109375,5001911
2017-04-26,163.62876892089844,164.63211059570312,163.0351104736328,163.04347229003906,119.4813003540039,3158875
2017-04-27,163.40301513671875,164.3311004638672,163.1354522705078,163.97157287597656,120.16143035888672,2117159
2017-04-28,164.00502014160156,164.81605529785156,163.49497985839844,163.73745727539062,119.98983001708984,2950652
2017-05-01,163.46153259277344,163.65383911132812,162.60032653808594,162.88461303710938,119.36486053466797,1792206
2017-05-02,163.17726135253906,164.32273864746094,162.6923065185547,164.32273864746094,120.41874694824219,2950771
2017-05-03,164.3812713623047,165.44314575195312,163.6371307373047,165.2424774169922,121.09275817871094,2798042
2017-05-04,165.80267333984375,166.83946228027344,165.35116577148438,166.8143768310547,122.24468231201172,2775677
2017-05-05,166.9481658935547,167.14047241210938,166.37123107910156,166.722412109375,122.17726135253906,2019566
2017-05-08,166.25418090820312,166.5133819580078,165.80267333984375,166.09532165527344,121.71772003173828,1884776
2017-05-09,166.68896484375,166.68896484375,165.1588592529297,165.51840209960938,121.29500579833984,2090369
2017-05-10,165.02508544921875,165.2090301513672,164.32273864746094,164.4147186279297,120.48616790771484,2688249
2017-05-11,163.9130401611328,164.66555786132812,163.2608642578125,164.50668334960938,120.55358123779297,2039180
2017-05-12,163.79598999023438,164.81605529785156,163.76254272460938,164.35618591308594,120.44328308105469,1582428
2017-05-15,164.43980407714844,165.33444213867188,164.0718994140625,165.2424774169922,121.09275817871094,1763502
2017-05-16,165.11705017089844,165.50167846679688,164.59866333007812,165.47659301757812,121.26432037353516,1415586
2017-05-17,164.49832153320312,164.49832153320312,162.8093719482422,162.90969848632812,120.09626770019531,2250633
2017-05-18,162.6254119873047,163.72909545898438,161.82273864746094,163.244140625,120.34288024902344,2307084
2017-05-19,164.13043212890625,164.13043212890625,162.5836181640625,163.71237182617188,120.6880111694336,2266061
2017-05-22,164.1722412109375,166.11204528808594,164.1722412109375,165.97825622558594,122.3584213256836,2195736
2017-05-23,166.16220092773438,166.3628692626953,165.15049743652344,165.32608032226562,121.87765502929688,1810983
2017-05-24,165.96153259277344,165.99497985839844,164.9498291015625,165.1254119873047,121.72969818115234,1442854
2017-05-25,165.8946533203125,166.8979949951172,165.34280395507812,166.83946228027344,122.99330139160156,1803568
2017-05-26,166.50502014160156,167.80101013183594,166.3628692626953,167.78428649902344,123.68982696533203,1687078
2017-05-30,167.4832763671875,169.7575225830078,167.1906280517578,169.26422119140625,124.78079986572266,2596636
2017-05-31,169.50668334960938,170.96153259277344,169.1220703125,170.96153259277344,126.03205108642578,3703773
2017-06-01,170.777587890625,171.32107543945312,170.30101013183594,170.8612060546875,125.95809936523438,2813829
2017-06-02,171.45484924316406,173.40301513671875,171.22909545898438,172.82608032226562,127.40658569335938,2190952
2017-06-05,172.88461303710938,173.35284423828125,172.42474365234375,172.42474365234375,127.1107406616211,1498708
2017-06-06,172.24916076660156,172.7926483154297,171.74749755859375,171.74749755859375,126.61141967773438,1744725
2017-06-07,172.01504516601562,172.13211059570312,170.6521759033203,171.4130401611328,126.36491394042969,2255178
2017-06-08,171.4130401611328,172.26588439941406,170.64381408691406,172.1906280517578,126.93814086914062,2931755
2017-06-09,172.2407989501953,173.0518341064453,171.93980407714844,173.01840209960938,127.54833984375,2264148
2017-06-12,173.01840209960938,174.26422119140625,171.82273864746094,173.40301513671875,127.83187866210938,2856287
2017-06-13,173.56187438964844,175.3093719482422,173.54515075683594,174.8411407470703,128.89210510253906,2019805
2017-06-14,175.40133666992188,176.24581909179688,175.1923065185547,175.59364318847656,129.44683837890625,1896019
2017-06-15,175.16722106933594,176.68896484375,175.11705017089844,176.66387939453125,130.23580932617188,1906544
2017-06-16,177.03176879882812,178.47825622558594,176.78929138183594,178.2943115234375,131.437744140625,4091038
2017-06-19,178.9297637939453,178.9297637939453,177.84280395507812,178.3946533203125,131.51171875,1994450
2017-06-20,178.4698944091797,179.40635681152344,178.1354522705078,178.3946533203125,131.51171875,1831315
2017-06-21,178.9464874267578,178.9464874267578,177.33277893066406,177.97659301757812,131.2035369873047,2168228
2017-06-22,177.86788940429688,178.19398498535156,177.33277893066406,177.44146728515625,130.80902099609375,1674878
2017-06-23,177.2575225830078,178.23577880859375,177.01504516601562,178.01004028320312,131.22821044921875,1895540
2017-06-26,177.91806030273438,178.4866180419922,177.5167236328125,177.76756286621094,131.04945373535156,1617112
2017-06-27,177.2575225830078,177.6755828857422,175.06689453125,175.40133666992188,129.30508422851562,2679279
2017-06-28,176.23745727539062,176.5718994140625,175.66053771972656,176.1036834716797,129.8228302001953,1845308
2017-06-29,176.4632110595703,176.4632110595703,173.14381408691406,173.78762817382812,128.1154022216797,2164640
2017-06-30,175.51004028320312,175.51004028320312,173.78762817382812,174.0718994140625,128.32504272460938,2116920
2017-07-03,174.86622619628906,175.86956787109375,174.54013061523438,175.44314575195312,129.33590698242188,1244079
2017-07-05,175.5852813720703,175.78594970703125,175.09197998046875,175.38461303710938,129.292724609375,1274099
2017-07-06,174.7909698486328,175.35116577148438,173.82107543945312,173.9297637939453,128.22018432617188,1423120
2017-07-07,174.3311004638672,175.71070861816406,173.95484924316406,175.2424774169922,129.18795776367188,1831076
2017-07-10,175.25083923339844,177.04013061523438,174.7407989501953,175.99497985839844,129.74267578125,1564846
2017-07-11,175.9281005859375,176.588623046875,173.9130401611328,175.30101013183594,129.23109436035156,1516648
2017-07-12,176.34616088867188,177.90969848632812,175.81103515625,176.6722412109375,130.24195861816406,1731688
2017-07-13,176.588623046875,177.2575225830078,175.73577880859375,176.4966583251953,130.11253356933594,1362005
2017-07-14,176.85618591308594,177.45819091796875,176.11204528808594,177.06521606445312,130.5316619873047,1270152
2017-07-17,177.42474365234375,177.42474365234375,176.07859802246094,176.98995971679688,130.47618103027344,1568315
2017-07-18,176.15383911132812,176.85618591308594,175.83612060546875,176.68060302734375,130.2481231689453,1868870
2017-07-19,176.8478240966797,177.34950256347656,176.56353759765625,177.3411407470703,130.7350616455078,987059
2017-07-20,177.43310546875,178.43646240234375,177.3076934814453,177.63377380371094,130.95082092285156,1611490
2017-07-21,176.9648895263672,177.12374877929688,175.15049743652344,176.55519104003906,130.1556854248047,2686455
2017-07-24,176.588623046875,176.97325134277344,175.5852813720703,175.5852813720703,129.44065856933594,2589579
2017-07-25,169.43980407714844,170.9866180419922,164.8578643798828,166.71405029296875,122.90091705322266,7885228
2017-07-26,167.60032653808594,168.1856231689453,166.01170349121094,166.4130401611328,122.6789321899414,3494832
2017-07-27,166.50502014160156,167.6923065185547,165.2759246826172,167.26588439941406,123.30765533447266,2600702
2017-07-28,167.88461303710938,168.09364318847656,166.12876892089844,166.98995971679688,123.10421752929688,1779648
2017-07-31,167.2240753173828,168.61204528808594,167.06521606445312,168.2023468017578,123.9980239868164,2192986
2017-08-01,169.1387939453125,169.99163818359375,168.69564819335938,169.88294982910156,125.23693084716797,2410060
2017-08-02,169.89129638671875,171.90635681152344,169.58193969726562,171.74749755859375,126.61141967773438,2427402
2017-08-03,172.16555786132812,173.61204528808594,171.50502014160156,173.59532165527344,127.97364044189453,2456823
2017-08-04,173.87123107910156,174.42308044433594,172.33277893066406,173.6204071044922,127.99222564697266,1821149
2017-08-07,173.82943725585938,174.24749755859375,172.8093719482422,173.44480895996094,127.86270904541016,1402430
2017-08-08,172.93478393554688,173.82107543945312,171.98159790039062,172.60032653808594,127.24019622802734,2220135
2017-08-09,172.81771850585938,173.83779907226562,171.8979949951172,172.6421356201172,127.2709732055664,1940151
2017-08-10,171.92308044433594,173.21070861816406,171.55519104003906,172.43310546875,127.11686706542969,1879514
2017-08-11,172.95150756835938,172.95150756835938,171.9314422607422,172.2240753173828,126.9627914428711,1737549
2017-08-14,172.7926483154297,173.6036834716797,172.29933166503906,173.38629150390625,127.81961822509766,1512222
2017-08-15,173.07691955566406,173.77926635742188,172.66722106933594,173.22743225097656,127.70245361328125,1254006
2017-08-16,173.25250244140625,174.43980407714844,172.7592010498047,173.84616088867188,128.15855407714844,2038343
2017-08-17,173.73745727539062,174.0133819580078,171.6387939453125,171.69732666015625,126.574462890625,1670214
2017-08-18,171.69732666015625,171.9314422607422,170.10870361328125,170.1755828857422,125.45263671875,2198966
2017-08-21,170.40133666992188,171.32107543945312,169.7407989501953,171.02842712402344,126.08141326904297,1874850
2017-08-22,171.5718994140625,172.12374877929688,171.09532165527344,171.78929138183594,126.64229583740234,2501075
2017-08-23,170.61036682128906,170.6521759033203,169.16387939453125,169.45652770996094,125.64109802246094,1515691
2017-08-24,170.47659301757812,170.47659301757812,168.8628692626953,168.9966583251953,125.3001480102539,1472037
2017-08-25,170.10032653808594,170.10870361328125,168.93812561035156,169.00502014160156,125.30630493164062,1480768
2017-08-28,169.54849243164062,169.95819091796875,168.77090454101562,169.2809295654297,125.51091003417969,1404941
2017-08-29,169.06353759765625,169.79933166503906,168.33612060546875,169.66555786132812,125.79605102539062,1185595
2017-08-30,169.66555786132812,170.3093719482422,168.8963165283203,170.3093719482422,126.2734375,1430655
2017-08-31,170.83612060546875,171.0869598388672,169.74916076660156,170.83612060546875,126.66397857666016,1875208
2017-09-01,171.07859802246094,171.32943725585938,169.92474365234375,170.20066833496094,126.19281005859375,1689948
2017-09-05,169.1053466796875,169.33946228027344,167.65049743652344,168.04347229003906,124.5933837890625,2313662
2017-09-06,168.68728637695312,169.1053466796875,168.2608642578125,168.93812561035156,125.25677490234375,2674495
2017-09-07,168.4531707763672,171.16220092773438,168.4531707763672,170.9531707763672,126.75077819824219,2034994
2017-09-08,170.8612060546875,172.3411407470703,169.86622619628906,171.98159790039062,127.51324462890625,1762904
2017-09-11,172.6254119873047,175.40133666992188,172.31605529785156,175.21739196777344,129.91244506835938,2160813
2017-09-12,175.51004028320312,176.38795471191406,174.966552734375,175.28428649902344,129.96197509765625,1723675
2017-09-13,174.84950256347656,175.8277587890625,174.38963317871094,175.1588592529297,129.86898803710938,1351002
2017-09-14,174.8745880126953,177.18228149414062,174.53176879882812,176.7809295654297,131.0716552734375,2373103
2017-09-15,177.75083923339844,179.0301055908203,176.1371307373047,178.38629150390625,132.261962890625,4349134
2017-09-18,178.9297637939453,178.9632110595703,177.73411560058594,178.72909545898438,132.51609802246094,1521790
2017-09-19,179.1220703125,179.47325134277344,177.96823120117188,178.56187438964844,132.3921661376953,1709921
2017-09-20,177.06521606445312,177.7592010498047,174.1722412109375,176.01170349121094,130.50137329101562,3572691
2017-09-21,176.33779907226562,176.93980407714844,175.78594970703125,175.9531707763672,130.45797729492188,1653350
2017-09-22,175.28428649902344,176.6722412109375,174.9832763671875,176.22073364257812,130.65634155273438,1785987
2017-09-25,176.40467834472656,176.6053466796875,175.05853271484375,176.19564819335938,130.6377410888672,1924603
2017-09-26,176.6387939453125,177.95150756835938,176.3628692626953,176.4464874267578,130.82369995117188,1464622
2017-09-27,176.4966583251953,176.7391357421875,174.0468292236328,175.15049743652344,129.86279296875,2230660
2017-09-28,174.16387939453125,175.48495483398438,174.1220703125,175.2090301513672,129.90618896484375,2502989
2017-09-29,174.79933166503906,175.50167846679688,174.52340698242188,175.50167846679688,130.1231689453125,1952111
2017-10-02,176.19564819335938,177.91806030273438,175.61036682128906,177.89297485351562,131.89620971679688,1545352
2017-10-03,177.7759246826172,179.4314422607422,176.7391357421875,179.40635681152344,133.01824951171875,1955340
2017-10-04,179.64047241210938,181.38795471191406,179.3478240966797,181.0367889404297,134.2271270751953,1957134
2017-10-05,181.01170349121094,181.9481658935547,180.51840209960938,180.911376953125,134.13414001464844,2081638
2017-10-06,180.6020050048828,181.0535125732422,179.99163818359375,181.0367889404297,134.2271270751953,1974357
2017-10-09,180.5685577392578,181.61370849609375,180.34280395507812,181.17056274414062,134.3263397216797,1261302
2017-10-10,181.755859375,181.93980407714844,181.06187438964844,181.22909545898438,134.36972045898438,1400396
2017-10-11,181.22909545898438,181.32107543945312,179.48159790039062,181.02842712402344,134.22091674804688,2455268
2017-10-12,181.1036834716797,181.97325134277344,180.844482421875,181.9314422607422,134.8904571533203,2281968
2017-10-13,182.96823120117188,183.74581909179688,181.27090454101562,182.04013061523438,134.9710693359375,1748074
2017-10-16,182.02340698242188,182.88461303710938,181.6053466796875,182.87625122070312,135.59092712402344,1417499
2017-10-17,182.68394470214844,182.87625122070312,180.99497985839844,182.06521606445312,134.9896240234375,2572357
2017-10-18,181.87290954589844,182.8093719482422,181.74749755859375,182.5,135.31201171875,1690666
2017-10-19,182.68394470214844,183.31939697265625,181.8311004638672,183.31103515625,135.913330078125,1637324
2017-10-20,183.90467834472656,185.0501708984375,183.26922607421875,185.0501708984375,137.20277404785156,1970769
2017-10-23,185.41806030273438,186.27090454101562,184.9498291015625,185.2424774169922,137.34536743164062,2584915
2017-10-24,191.47157287597656,199.74916076660156,191.4632110595703,196.19564819335938,145.46644592285156,7784046
2017-10-25,196.4966583251953,198.9464874267578,195.6020050048828,198.72909545898438,147.3448028564453,4920942
2017-10-26,199.21405029296875,199.66555786132812,194.2391357421875,194.76588439941406,144.4063262939453,4048460
2017-10-27,195.844482421875,196.4464874267578,194.43980407714844,196.27090454101562,145.52224731445312,2392478
2017-10-30,195.36788940429688,195.36788940429688,192.84280395507812,193.16053771972656,143.2161102294922,3256230
2017-10-31,193.46153259277344,193.64549255371094,192.14883422851562,192.466552734375,142.70156860351562,2282207
2017-11-01,193.14381408691406,193.77926635742188,191.56353759765625,192.45819091796875,142.6953125,1662320
2017-11-02,192.50836181640625,194.64883422851562,191.9314422607422,194.1722412109375,143.96620178222656,1924962
2017-11-03,193.61204528808594,194.4648895263672,193.07691955566406,194.16387939453125,143.95999145507812,1892909
2017-11-06,194.16387939453125,194.50668334960938,192.43310546875,192.56689453125,142.7760009765625,1596301
2017-11-07,192.6254119873047,192.95150756835938,191.588623046875,192.34950256347656,142.61477661132812,1858106
2017-11-08,192.17391967773438,192.85116577148438,191.78929138183594,192.16555786132812,142.47836303710938,1806199
2017-11-09,191.0869598388672,191.80601501464844,189.8411407470703,190.96153259277344,141.5856475830078,1884657
2017-11-10,190.1923065185547,191.0033416748047,189.09698486328125,190.1755828857422,141.0029754638672,1549777
2017-11-13,189.57357788085938,190.99497985839844,189.18060302734375,190.81939697265625,141.48031616210938,2111299
2017-11-14,190.75250244140625,192.2742462158203,189.59030151367188,191.74749755859375,142.16842651367188,1666267
2017-11-15,190.69398498535156,191.06187438964844,188.9966583251953,190.13377380371094,140.97195434570312,1808472
2017-11-16,190.45986938476562,192.29933166503906,190.45986938476562,191.82273864746094,142.22418212890625,1464861
2017-11-17,190.99497985839844,192.2407989501953,190.41806030273438,191.77256774902344,142.18699645996094,2083193
2017-11-20,192.2240753173828,195.3093719482422,191.9314422607422,193.5535125732422,143.50747680664062,2033200
2017-11-21,194.155517578125,197.08193969726562,194.155517578125,195.72743225097656,145.11929321289062,2538630
2017-11-22,194.86622619628906,195.5351104736328,193.47825622558594,193.62876892089844,144.28750610351562,1640673
2017-11-24,194.00502014160156,194.0133819580078,192.98495483398438,193.46153259277344,144.16287231445312,788284
2017-11-27,193.77090454101562,196.09532165527344,193.25250244140625,195.6521759033203,145.79531860351562,2129837
2017-11-28,195.75250244140625,197.2742462158203,195.13377380371094,197.01504516601562,146.81085205078125,2238553
2017-11-29,197.36622619628906,199.155517578125,197.02340698242188,199.00502014160156,148.2937469482422,2098502
2017-11-30,199.71571350097656,203.5535125732422,198.73745727539062,203.2943115234375,151.4901123046875,4788066
2017-12-01,203.33612060546875,203.70401000976562,199.95819091796875,201.63043212890625,150.2501678466797,2669831
2017-12-04,203.2190704345703,204.2056884765625,199.42308044433594,200.0501708984375,149.07261657714844,2952565
2017-12-05,200.85284423828125,200.88629150390625,198.8795928955078,199.21405029296875,148.44952392578125,1845548
2017-12-06,200.94480895996094,201.5718994140625,198.1354522705078,199.55685424804688,148.7049560546875,2301224
2017-12-07,199.37290954589844,201.74749755859375,198.93812561035156,200.91973876953125,149.72056579589844,1635052
2017-12-08,200.6688995361328,201.5133819580078,198.5702362060547,199.1053466796875,148.36856079101562,2391761
2017-12-11,199.99163818359375,200.844482421875,198.8795928955078,200.0836181640625,149.0974578857422,2084508
2017-12-12,197.8093719482422,202.07357788085938,197.42474365234375,197.8093719482422,147.40281677246094,3308495
2017-12-13,198.0852813720703,200.32608032226562,197.85116577148438,199.92474365234375,148.97911071777344,3238648
2017-12-14,200.93646240234375,201.33779907226562,198.83779907226562,199.06353759765625,148.33737182617188,2373701
2017-12-15,199.99163818359375,200.40133666992188,198.70401000976562,198.9966583251953,148.2875518798828,5404365
2017-12-18,199.48159790039062,200.67726135253906,198.28594970703125,199.3478240966797,148.54920959472656,2675811
2017-12-19,200.2257537841797,200.45150756835938,198.07691955566406,199.32273864746094,148.53053283691406,2235204
2017-12-20,199.16387939453125,199.38963317871094,197.73411560058594,198.09364318847656,147.61460876464844,1939434
2017-12-21,197.3244171142578,198.36956787109375,195.99497985839844,196.30435180664062,146.2812957763672,2680954
2017-12-22,196.78929138183594,197.39129638671875,195.88629150390625,196.26254272460938,146.25010681152344,1531598
2017-12-26,196.55519104003906,197.55853271484375,196.5133819580078,196.8645477294922,146.69873046875,943764
2017-12-27,196.92308044433594,197.7759246826172,196.35450744628906,197.49163818359375,147.16600036621094,1160718
2017-12-28,198.11036682128906,198.22743225097656,196.722412109375,197.09030151367188,146.86695861816406,1422881
2017-12-29,197.7257537841797,198.41973876953125,196.7976531982422,196.7976531982422,146.64883422851562,1607304
2018-01-02,197.14047241210938,198.2190704345703,194.65719604492188,197.02340698242188,146.817138671875,3505476
2018-01-03,196.5468292236328,197.09866333007812,195.05853271484375,197.01504516601562,146.81085205078125,2623665
2018-01-04,198.16053771972656,200.20066833496094,197.71739196777344,199.59030151367188,148.72991943359375,2682748
2018-01-05,199.54013061523438,201.42140197753906,198.77926635742188,201.14549255371094,149.88877868652344,2195736
2018-01-08,200.15049743652344,201.45484924316406,199.9832763671875,200.49331665039062,149.40281677246094,2235324
2018-01-09,200.33444213867188,202.15719604492188,200.11705017089844,201.7391357421875,150.3311767578125,2027340
2018-01-10,201.50502014160156,202.81771850585938,200.69398498535156,201.6220703125,150.2439422607422,1962516
2018-01-11,201.28762817382812,202.6254119873047,200.45986938476562,202.60032653808594,150.97296142578125,1779289
2018-01-12,203.23577880859375,205.6856231689453,202.7592010498047,204.40635681152344,152.31869506835938,2361263
2018-01-16,205.10032653808594,206.68060302734375,203.87123107910156,204.63211059570312,152.4868927001953,2883676
2018-01-17,206.3963165283203,207.80101013183594,205.51840209960938,207.4498291015625,154.58656311035156,3012724
2018-01-18,207.466552734375,208.19398498535156,204.78260803222656,205.61036682128906,153.2158966064453,2671266
2018-01-19,206.21237182617188,207.7759246826172,205.35116577148438,207.50836181640625,154.63026428222656,2408146
2018-01-22,206.63043212890625,207.26588439941406,204.9163818359375,206.77256774902344,154.0819091796875,1985958
2018-01-23,206.4464874267578,206.7391357421875,204.9498291015625,205.94480895996094,153.46514892578125,2179949
2018-01-24,207.34950256347656,207.8093719482422,205.8946533203125,207.09866333007812,154.32498168945312,4151316
2018-01-25,209.0301055908203,213.04347229003906,206.6053466796875,211.0033416748047,157.23464965820312,4195448
2018-01-26,211.8979949951172,217.19898986816406,211.8645477294922,216.24581909179688,161.14117431640625,4461798
2018-01-29,216.14549255371094,216.83946228027344,214.02174377441406,214.05519104003906,159.50880432128906,2758335
2018-01-30,213.71237182617188,213.78762817382812,210.2090301513672,210.31771850585938,156.7237091064453,2885470
2018-01-31,210.2759246826172,211.64715576171875,208.69564819335938,209.4481658935547,156.0757293701172,3751134
2018-02-01,206.88963317871094,209.1053466796875,205.83612060546875,207.3076934814453,154.48074340820312,3187938
2018-02-02,206.04515075683594,207.98495483398438,204.74916076660156,204.99163818359375,152.7548370361328,4695137
2018-02-05,203.59532165527344,204.3478240966797,188.97157287597656,193.51170349121094,144.20025634765625,7882238
2018-02-06,190.2257537841797,196.12876892089844,189.64047241210938,195.34280395507812,145.56475830078125,6109288
2018-02-07,194.97491455078125,198.59532165527344,194.66555786132812,194.97491455078125,145.29063415527344,3451178
2018-02-08,194.9498291015625,195.07525634765625,186.16220092773438,186.3628692626953,138.87313842773438,4486555
2018-02-09,187.80101013183594,189.76588439941406,182.42474365234375,188.30267333984375,140.31861877441406,5404246
2018-02-12,190.2090301513672,192.6254119873047,189.0468292236328,191.63043212890625,142.7983856201172,3935318
2018-02-13,192.06521606445312,193.95484924316406,191.4130401611328,193.44480895996094,144.15040588378906,3018226
2018-02-14,191.8478240966797,194.7073516845703,191.02842712402344,193.9799346923828,144.54917907714844,2796009
2018-02-15,195.07525634765625,196.40467834472656,193.04347229003906,196.3795928955078,147.20021057128906,2544490
2018-02-16,196.4632110595703,199.3645477294922,195.1421356201172,197.88461303710938,148.32835388183594,2657273
2018-02-20,196.1036834716797,197.88461303710938,195.57691955566406,196.5468292236328,147.3256072998047,3200376
2018-02-21,196.24581909179688,198.8795928955078,194.06353759765625,194.13043212890625,145.5143280029297,3063434
2018-02-22,194.33946228027344,198.4698944091797,194.19732666015625,197.3244171142578,147.90843200683594,2732262
2018-02-23,198.0351104736328,198.90467834472656,195.97825622558594,198.17726135253906,148.54771423339844,1933573
2018-02-26,199.8411407470703,204.73243713378906,199.42308044433594,204.13043212890625,153.0100860595703,3691813
2018-02-27,204.52340698242188,204.57357788085938,201.27090454101562,201.32107543945312,150.90423583984375,2126847
2018-02-28,202.04013061523438,202.57525634765625,196.82273864746094,196.9147186279297,147.60130310058594,2943834
2018-03-01,197.4498291015625,198.01840209960938,191.9147186279297,193.4281005859375,144.9878692626953,4170572
2018-03-02,192.09866333007812,193.36956787109375,189.2391357421875,192.61705017089844,144.3799591064453,3483709
2018-03-05,192.3076934814453,195.40969848632812,191.07859802246094,194.65719604492188,145.9092254638672,2673419
2018-03-06,195.69398498535156,197.2575225830078,192.97659301757812,195.36788940429688,146.4419708251953,2500956
2018-03-07,193.3277587890625,197.50836181640625,192.80101013183594,196.9648895263672,147.63897705078125,2647705
2018-03-08,197.61705017089844,198.73745727539062,195.75250244140625,197.60870361328125,148.12158203125,2338419
2018-03-09,198.9966583251953,201.8143768310547,197.466552734375,201.7976531982422,151.261474609375,2201716
2018-03-12,202.42474365234375,203.2608642578125,200.0836181640625,200.50167846679688,150.2899932861328,2572955
2018-03-13,201.42140197753906,203.1521759033203,198.0685577392578,198.6371307373047,148.89242553710938,2403840
2018-03-14,199.66555786132812,200.10032653808594,195.52674865722656,195.8946533203125,146.83676147460938,2678681
2018-03-15,196.6722412109375,199.06353759765625,195.81939697265625,197.21571350097656,147.8269805908203,2117518
2018-03-16,197.04849243164062,199.1387939453125,197.04849243164062,198.344482421875,148.67311096191406,5810168
2018-03-19,197.33277893066406,197.60032653808594,192.52508544921875,193.61204528808594,145.12576293945312,3135553
2018-03-20,194.08026123046875,195.97825622558594,193.62876892089844,194.35618591308594,145.68357849121094,2066688
2018-03-21,194.81605529785156,198.344482421875,194.2391357421875,195.76922607421875,146.7427215576172,1899607
2018-03-22,194.0133819580078,194.08026123046875,186.28762817382812,186.59698486328125,139.8675079345703,5137418
2018-03-23,186.87290954589844,187.5167236328125,179.99163818359375,180.06689453125,134.97274780273438,5048555
2018-03-26,182.15719604492188,184.61538696289062,179.9163818359375,184.14715576171875,138.03118896484375,4274504
2018-03-27,184.79933166503906,185.50167846679688,179.54013061523438,180.49331665039062,135.29238891601562,3225253
2018-03-28,181.63043212890625,183.66220092773438,179.6906280517578,181.0535125732422,135.71229553222656,3017388
2018-03-29,182.09866333007812,185.10032653808594,181.82273864746094,183.54515075683594,137.57992553710938,3161028
2018-04-02,182.31605529785156,182.87625122070312,175.1421356201172,177.7759246826172,133.2554931640625,4593597
2018-04-03,178.09364318847656,180.9866180419922,176.3628692626953,180.8779296875,135.5806427001953,3596133
2018-04-04,177.5836181640625,182.2073516845703,176.52174377441406,181.90635681152344,136.35154724121094,2976605
2018-04-05,182.8093719482422,184.2056884765625,181.0702362060547,182.83444213867188,137.04721069335938,3444360
2018-04-06,181.77256774902344,182.98495483398438,176.42140197753906,177.466552734375,133.0235595703125,2994664
2018-04-09,178.72073364257812,181.32107543945312,177.59197998046875,177.93478393554688,133.3745880126953,2614576
2018-04-10,180.033447265625,182.86788940429688,179.95819091796875,181.42140197753906,135.988037109375,3417450
2018-04-11,179.09698486328125,180.51004028320312,178.51170349121094,179.2056884765625,134.3271942138672,2176481
2018-04-12,180.36788940429688,182.00668334960938,179.7742462158203,180.9531707763672,135.63711547851562,2742308
2018-04-13,182.34950256347656,182.84280395507812,179.3143768310547,180.20066833496094,135.07302856445312,2433262
2018-04-16,181.6053466796875,183.33612060546875,181.09532165527344,182.02340698242188,136.4392852783203,2464358
2018-04-17,183.23577880859375,185.35952758789062,182.89297485351562,184.02174377441406,137.9371795654297,2216786
2018-04-18,184.27256774902344,184.7909698486328,183.244140625,183.54515075683594,137.57992553710938,1912763
2018-04-19,182.3076934814453,183.3612060546875,181.4632110595703,182.98495483398438,137.16000366210938,1737908
2018-04-20,182.61705017089844,184.18060302734375,181.22073364257812,182.06521606445312,136.47061157226562,3150623
2018-04-23,182.2909698486328,182.88461303710938,179.55685424804688,180.50167846679688,135.2986297607422,3014757
2018-04-24,172.6588592529297,172.6588592529297,164.62374877929688,168.1688995361328,126.05435180664062,13958994
2018-04-25,168.14381408691406,168.68728637695312,164.7240753173828,166.25418090820312,124.61913299560547,7421658
2018-04-26,166.1204071044922,166.9147186279297,164.02174377441406,164.7909698486328,123.52239990234375,4932663
2018-04-27,164.52340698242188,164.8076934814453,162.54180908203125,163.9799346923828,122.9144058227539,4012341
2018-04-30,164.68228149414062,165.83612060546875,162.3578643798828,162.533447265625,121.8302001953125,4794405
2018-05-01,162.23243713378906,163.49497985839844,160.06689453125,163.06019592285156,122.22502899169922,5633758
2018-05-02,163.1688995361328,164.222412109375,162.2240753173828,162.6254119873047,121.89909362792969,4805050
2018-05-03,162.6421356201172,164.4648895263672,160.8277587890625,163.61204528808594,122.6386947631836,4097376
2018-05-04,163.1020050048828,167.16555786132812,162.2575225830078,166.68896484375,124.9450454711914,3673753
2018-05-07,167.2742462158203,168.06019592285156,166.87290954589844,167.44146728515625,125.50910186767578,3424626
2018-05-08,167.2240753173828,168.98829650878906,166.85618591308594,168.67892456054688,126.4366683959961,3915106
2018-05-09,168.92140197753906,171.17892456054688,168.36956787109375,170.0836181640625,127.48958587646484,4020115
2018-05-10,169.40635681152344,171.97325134277344,169.222412109375,171.4297637939453,128.49859619140625,3230157
2018-05-11,171.18728637695312,171.71405029296875,170.28428649902344,171.53846740722656,128.58006286621094,3774217
2018-05-14,171.9648895263672,172.2742462158203,171.12876892089844,172.04013061523438,128.9560546875,4049536
2018-05-15,171.37123107910156,171.8812713623047,168.59532165527344,169.2391357421875,126.85655975341797,2702003
2018-05-16,167.6588592529297,168.09364318847656,166.4297637939453,167.39967346191406,125.477783203125,3484546
2018-05-17,166.61370849609375,168.3946533203125,166.12876892089844,167.52508544921875,126.4306411743164,2709897
2018-05-18,167.45819091796875,167.85952758789062,165.9281005859375,166.35450744628906,125.54716491699219,3499137
2018-05-21,167.6421356201172,169.67391967773438,167.2240753173828,168.69564819335938,127.31398010253906,2543294
2018-05-22,168.8628692626953,168.98829650878906,166.16220092773438,166.3628692626953,125.5534896850586,2767424
2018-05-23,165.33444213867188,166.22073364257812,164.3478240966797,166.11204528808594,125.36416625976562,3274289
2018-05-24,166.24581909179688,167.3745880126953,164.65719604492188,166.73077392578125,125.83110046386719,2457780
2018-05-25,165.8277587890625,166.73077392578125,165.49331665039062,166.4130401611328,125.59134674072266,2017054
2018-05-29,165.5518341064453,165.97825622558594,163.12709045410156,163.66220092773438,123.51530456542969,2806773
2018-05-30,164.7909698486328,166.7056884765625,164.4648895263672,166.1204071044922,125.37049102783203,2563148
2018-05-31,165.64381408691406,165.9281005859375,164.09698486328125,164.90802001953125,124.45549011230469,6282708
2018-06-01,166.17892456054688,167.57525634765625,165.78594970703125,166.8812713623047,125.94470977783203,2185092
2018-06-04,167.83444213867188,168.6371307373047,167.28260803222656,168.11036682128906,126.87229919433594,2880446
2018-06-05,168.12709045410156,168.9799346923828,167.96823120117188,168.22743225097656,126.9606704711914,2686336
2018-06-06,168.76254272460938,170.61036682128906,168.5200653076172,170.45150756835938,128.63914489746094,2747571
2018-06-07,170.7190704345703,172.14883422851562,170.36788940429688,171.4632110595703,129.40267944335938,2725923
2018-06-08,171.38795471191406,172.86788940429688,170.911376953125,172.73411560058594,130.36184692382812,2595559
2018-06-11,172.73411560058594,172.90133666992188,171.40467834472656,171.50502014160156,129.43423461914062,2754268
2018-06-12,171.9648895263672,172.19898986816406,170.52674865722656,171.33779907226562,129.30801391601562,2160096
2018-06-13,171.52174377441406,171.95652770996094,170.34280395507812,171.31271362304688,129.2891082763672,2509088
2018-06-14,172.04013061523438,172.466552734375,170.15049743652344,170.2592010498047,128.49398803710938,2656914
2018-06-15,169.35618591308594,171.45484924316406,167.31605529785156,171.3795928955078,129.3395538330078,6517602
2018-06-18,169.33946228027344,171.04515075683594,167.43310546875,170.71070861816406,128.8347625732422,3399989
2018-06-19,168.277587890625,168.75418090820312,165.8277587890625,166.71405029296875,125.81851959228516,3835333
2018-06-20,166.6722412109375,167.2240753173828,164.93310546875,165.6187286376953,124.99193572998047,2808567
2018-06-21,165.41806030273438,165.41806030273438,162.70066833496094,163.47825622558594,123.37644958496094,2894798
2018-06-22,165.04180908203125,165.0836181640625,163.19398498535156,164.2976531982422,123.994873046875,2738960
2018-06-25,163.8628692626953,164.155517578125,161.90635681152344,163.71237182617188,123.55316162109375,3495310
2018-06-26,164.58193969726562,165.51004028320312,163.8628692626953,164.3645477294922,124.04540252685547,2559679
2018-06-27,164.35618591308594,167.14047241210938,162.84280395507812,162.97659301757812,122.99788665771484,3456081
2018-06-28,163.46153259277344,164.59030151367188,162.38294982910156,163.85450744628906,123.66041564941406,2366525
2018-06-29,164.27256774902344,166.7391357421875,164.26422119140625,164.48159790039062,124.1336898803711,3195234
2018-07-02,163.4281005859375,163.78762817382812,161.7976531982422,163.47825622558594,123.37644958496094,2171338
2018-07-03,164.28929138183594,166.34616088867188,163.46153259277344,163.73745727539062,123.57205963134766,1469764
2018-07-05,164.7742462158203,165.11705017089844,163.0685577392578,165.0,124.52493286132812,2415083
2018-07-06,164.7909698486328,165.6020050048828,164.2056884765625,165.10032653808594,124.6006088256836,1942902
2018-07-09,165.6688995361328,167.92642211914062,165.61036682128906,167.66722106933594,126.5378646850586,2352652
2018-07-10,168.06019592285156,169.3812713623047,167.5501708984375,168.46153259277344,127.13729858398438,2019685
2018-07-11,167.07357788085938,167.07357788085938,165.1254119873047,165.28428649902344,124.73948669433594,2216308
2018-07-12,166.5301055908203,167.2240753173828,165.0501708984375,166.655517578125,125.77432250976562,2073266
2018-07-13,167.4498291015625,168.72073364257812,167.2240753173828,168.21070861816406,126.9480209350586,1943978
2018-07-16,168.5200653076172,168.54515075683594,167.2909698486328,168.1521759033203,126.90385437011719,1755728
2018-07-17,168.0518341064453,169.7909698486328,167.33277893066406,168.95484924316406,127.50962829589844,2297038
2018-07-18,169.08026123046875,169.8745880126953,168.35284423828125,169.06353759765625,127.5916748046875,2326220
2018-07-19,168.69564819335938,169.1387939453125,166.8143768310547,168.56187438964844,127.21305084228516,3129214
2018-07-20,166.66387939453125,169.6906280517578,165.7608642578125,168.85450744628906,127.43389892578125,2781178
2018-07-23,168.51170349121094,168.51170349121094,165.28428649902344,166.25418090820312,125.47144317626953,3909844
2018-07-24,161.32107543945312,169.05519104003906,159.33946228027344,167.7926483154297,126.63253784179688,9791054
2018-07-25,167.75083923339844,170.97825622558594,167.6588592529297,170.88629150390625,128.9673309326172,4000859
2018-07-26,171.31271362304688,174.2809295654297,171.11204528808594,173.8795928955078,131.22634887695312,3406567
2018-07-27,174.48159790039062,176.0869598388672,172.95150756835938,173.4281005859375,130.8855743408203,2688608
2018-07-30,174.1220703125,174.95819091796875,171.20401000976562,171.50502014160156,129.43423461914062,2440438
2018-07-31,173.26922607421875,177.90969848632812,172.6588592529297,177.52508544921875,133.97756958007812,4273428
2018-08-01,176.40467834472656,176.47157287597656,172.96823120117188,173.1187286376953,130.6521453857422,2471654
2018-08-02,172.19898986816406,172.23243713378906,170.44314575195312,171.8478240966797,129.69293212890625,2032841
2018-08-03,172.17391967773438,173.56187438964844,171.5718994140625,173.31939697265625,130.80355834960938,1554680
2018-08-06,173.4531707763672,173.46153259277344,171.6053466796875,172.82608032226562,130.4312744140625,1272305
2018-08-07,173.92140197753906,175.2592010498047,173.38629150390625,174.38963317871094,131.6112518310547,1572262
2018-08-08,174.32273864746094,174.78260803222656,172.88461303710938,173.19398498535156,130.70892333984375,1258312
2018-08-09,173.19398498535156,173.88795471191406,170.97825622558594,171.22073364257812,129.21966552734375,2167870
2018-08-10,170.40969848632812,170.67726135253906,168.06019592285156,168.8628692626953,127.4402084350586,2264267
2018-08-13,168.9130401611328,169.55685424804688,166.80601501464844,167.09030151367188,126.1024398803711,1898291
2018-08-14,167.04013061523438,168.12709045410156,166.73077392578125,167.6588592529297,126.53153991699219,2055924
2018-08-15,166.59698486328125,168.69564819335938,164.8076934814453,168.38629150390625,127.0805435180664,2426564
2018-08-16,168.9130401611328,170.09197998046875,168.74581909179688,169.8578643798828,128.1911163330078,1961679
2018-08-17,169.966552734375,171.3963165283203,168.80435180664062,171.21237182617188,129.2134246826172,1912284
2018-08-20,172.00668334960938,172.07357788085938,170.28428649902344,171.0702362060547,129.1060791015625,2501673
2018-08-21,171.40467834472656,172.2742462158203,170.8946533203125,171.98159790039062,129.79388427734375,2044801
2018-08-22,172.04849243164062,172.04849243164062,170.06689453125,170.78594970703125,128.8916015625,1747715
2018-08-23,169.73243713378906,169.8578643798828,168.44480895996094,169.52340698242188,128.79627990722656,1635291
2018-08-24,169.966552734375,171.8143768310547,169.7909698486328,171.64715576171875,130.40980529785156,2005214
2018-08-27,172.39129638671875,174.3311004638672,172.11538696289062,174.18896484375,132.34097290039062,2125531
2018-08-28,174.7240753173828,175.6856231689453,174.3143768310547,175.10870361328125,133.03973388671875,2555493
2018-08-29,174.89129638671875,176.3963165283203,174.33946228027344,175.9698944091797,133.6940155029297,2523919
2018-08-30,175.34280395507812,176.4966583251953,174.94146728515625,175.76922607421875,133.54156494140625,2679997
2018-08-31,175.2257537841797,177.02340698242188,175.11705017089844,176.35450744628906,133.98623657226562,2324426
2018-09-04,176.04515075683594,176.21237182617188,173.5367889404297,174.4147186279297,132.51248168945312,2521766
2018-09-05,174.155517578125,177.18228149414062,173.36956787109375,177.11538696289062,134.56431579589844,2333994
2018-09-06,177.2575225830078,178.40301513671875,176.4799346923828,177.87625122070312,135.1424102783203,2826746
2018-09-07,177.45819091796875,178.0685577392578,175.56019592285156,177.73411560058594,135.03439331054688,3276083
2018-09-10,178.66220092773438,180.911376953125,177.97659301757812,178.0351104736328,135.26307678222656,2870041
2018-09-11,176.722412109375,177.44146728515625,175.5852813720703,177.07357788085938,134.5325469970703,2353130
2018-09-12,177.50836181640625,179.56521606445312,172.15719604492188,172.83444213867188,131.31185913085938,5904652
2018-09-13,173.3612060546875,174.86622619628906,172.70066833496094,174.7909698486328,132.79833984375,2596875
2018-09-14,174.61538696289062,175.83612060546875,173.2023468017578,173.81271362304688,132.0550994873047,2059034
2018-09-17,173.46153259277344,175.744140625,173.3277587890625,175.1923065185547,133.10325622558594,1926038
2018-09-18,175.78594970703125,177.11538696289062,174.27256774902344,176.8645477294922,134.373779296875,1976868
2018-09-19,177.06521606445312,179.0468292236328,176.9481658935547,178.19398498535156,135.3837890625,2253862
2018-09-20,179.51504516601562,181.43812561035156,178.31103515625,179.99163818359375,136.74952697753906,2481820
2018-09-21,181.7056884765625,182.16555786132812,180.2759246826172,180.8779296875,137.42291259765625,6654185
2018-09-24,180.09197998046875,180.49331665039062,177.83444213867188,178.5200653076172,135.63150024414062,2445581
2018-09-25,179.03846740722656,179.03846740722656,175.81939697265625,176.1204071044922,133.80841064453125,2500358
2018-09-26,176.8311004638672,177.75083923339844,176.1204071044922,176.4799346923828,134.08151245117188,2006529
2018-09-27,177.2575225830078,177.98495483398438,175.5852813720703,175.67726135253906,133.47169494628906,1925321
2018-09-28,175.1923065185547,176.655517578125,174.64047241210938,176.17892456054688,133.85284423828125,2990239
2018-10-01,177.59197998046875,178.4281005859375,176.68060302734375,177.4163818359375,134.79296875,2187245
2018-10-02,177.57525634765625,180.46823120117188,177.3411407470703,180.35952758789062,137.02911376953125,2092282
2018-10-03,180.6020050048828,181.722412109375,179.71571350097656,180.40133666992188,137.06080627441406,2558483
2018-10-04,179.64047241210938,180.31771850585938,177.2909698486328,178.79598999023438,135.8411865234375,2012270
2018-10-05,179.222412109375,179.7909698486328,176.47157287597656,178.25250244140625,135.4282684326172,2559799
2018-10-08,178.2023468017578,179.4147186279297,177.47491455078125,179.2391357421875,136.17788696289062,1993373
2018-10-09,177.82608032226562,178.1856231689453,175.28428649902344,175.93646240234375,133.66860961914062,3525090
2018-10-10,174.90802001953125,174.90802001953125,168.5200653076172,169.02174377441406,128.41514587402344,4216139
2018-10-11,168.1856231689453,169.65719604492188,164.2976531982422,164.48995971679688,124.97208404541016,4182651
2018-10-12,167.95150756835938,169.35618591308594,163.82107543945312,165.744140625,125.9249496459961,3346528
2018-10-15,165.40133666992188,167.8093719482422,165.06689453125,166.33779907226562,126.37602233886719,2168109
2018-10-16,167.60870361328125,169.3311004638672,166.58026123046875,169.1722412109375,128.52947998046875,2319642
2018-10-17,168.72073364257812,170.37625122070312,167.60032653808594,169.67391967773438,128.91062927246094,2181743
2018-10-18,169.18060302734375,169.3311004638672,165.88629150390625,167.54180908203125,127.29074096679688,2797922
2018-10-19,167.3244171142578,168.14381408691406,165.8612060546875,167.09866333007812,126.95404052734375,3788091
2018-10-22,168.26922607421875,170.06689453125,166.9648895263672,168.3612060546875,127.91329956054688,3902907
2018-10-23,157.85952758789062,162.95150756835938,154.26422119140625,160.99497985839844,122.3167495727539,9873698
2018-10-24,160.6187286376953,161.33779907226562,153.82107543945312,154.2976531982422,117.2284164428711,5984186
2018-10-25,155.99497985839844,156.755859375,152.47491455078125,154.67391967773438,117.51432037353516,4228099
2018-10-26,153.26922607421875,156.0702362060547,152.15719604492188,154.64047241210938,117.48887634277344,4241255
2018-10-29,157.06521606445312,157.92642211914062,153.14381408691406,155.34280395507812,118.0224838256836,3429650
2018-10-30,156.21237182617188,158.9297637939453,154.68228149414062,158.70401000976562,120.57617950439453,3491842
2018-10-31,159.4481658935547,160.6354522705078,158.5869598388672,159.08026123046875,120.86205291748047,3402740
2018-11-01,159.37290954589844,161.5468292236328,158.93812561035156,160.7190704345703,122.10713958740234,2682389
2018-11-02,161.92308044433594,162.60032653808594,160.20066833496094,161.21237182617188,122.48191833496094,3671242
2018-11-05,161.78929138183594,162.6755828857422,160.71070861816406,161.58026123046875,122.76142883300781,3452254
2018-11-06,161.59698486328125,163.46153259277344,161.37123107910156,163.2943115234375,124.06371307373047,2272639
2018-11-07,164.8745880126953,168.3946533203125,163.38629150390625,168.30267333984375,127.86881256103516,2923502
2018-11-08,168.06019592285156,170.7943115234375,167.83444213867188,170.62709045410156,129.63479614257812,3030664
2018-11-09,170.5685577392578,170.5685577392578,166.97325134277344,168.14381408691406,127.74809265136719,2905443
2018-11-12,167.70066833496094,167.86788940429688,164.2976531982422,164.74916076660156,125.16905212402344,3312920
2018-11-13,165.15049743652344,167.95986938476562,164.84950256347656,165.8612060546875,126.01393127441406,2593885
2018-11-14,167.89297485351562,168.09364318847656,164.1220703125,165.6020050048828,125.81693267822266,3346049
2018-11-15,165.32608032226562,171.5133819580078,164.08026123046875,171.32943725585938,130.16842651367188,3776370
2018-11-16,169.93310546875,175.39297485351562,169.3979949951172,174.74916076660156,132.76657104492188,3133998
2018-11-19,173.77090454101562,173.95484924316406,170.8779296875,171.88963317871094,130.59402465820312,3851598
2018-11-20,170.21739196777344,170.6856231689453,167.38294982910156,167.65049743652344,127.37334442138672,3201931
2018-11-21,166.95652770996094,168.21070861816406,166.1036834716797,166.12876892089844,127.07909393310547,2191909
2018-11-23,165.35116577148438,166.1204071044922,164.54013061523438,164.54849243164062,125.8703384399414,1195880
2018-11-26,166.02842712402344,168.75418090820312,164.9832763671875,167.10702514648438,127.82744598388672,2775916
2018-11-27,166.48829650878906,168.3277587890625,164.53176879882812,167.80101013183594,128.35829162597656,2487202
2018-11-28,168.88795471191406,170.8612060546875,166.7391357421875,170.85284423828125,130.69277954101562,2612542
2018-11-29,170.45986938476562,172.10702514648438,169.4481658935547,171.0367889404297,130.83348083496094,1876763
2018-11-30,170.86956787109375,173.84616088867188,170.5518341064453,173.84616088867188,132.98251342773438,3793592
2018-12-03,176.59698486328125,177.21571350097656,173.1187286376953,174.54849243164062,133.51971435546875,2982106
2018-12-04,173.9632110595703,174.37290954589844,168.97157287597656,169.06353759765625,129.32406616210938,3227645
2018-12-06,166.8979949951172,169.79933166503906,165.71070861816406,169.4648895263672,129.6310272216797,3578193
2018-12-07,169.4147186279297,170.8779296875,164.7240753173828,165.75250244140625,126.79131317138672,2696382
2018-12-10,165.85284423828125,166.34616088867188,161.90635681152344,165.81939697265625,126.84246826171875,2368439
2018-12-11,168.277587890625,168.8963165283203,163.9966583251953,165.10032653808594,126.29238891601562,2187364
2018-12-12,167.7257537841797,169.4147186279297,166.97325134277344,167.06521606445312,127.79547119140625,2295124
2018-12-13,168.41973876953125,169.23077392578125,166.82273864746094,169.00502014160156,129.2792510986328,2190713
2018-12-14,167.3244171142578,168.5367889404297,163.75418090820312,163.9632110595703,125.42256927490234,2957947
2018-12-17,163.74581909179688,165.7608642578125,160.40969848632812,161.22073364257812,123.32478332519531,3046930
2018-12-18,161.69732666015625,164.64883422851562,161.4966583251953,162.6755828857422,124.4376220703125,3153015
2018-12-19,163.8795928955078,165.744140625,158.61204528808594,158.82943725585938,121.49553680419922,3906734
2018-12-20,158.1187286376953,159.79933166503906,155.10032653808594,156.6722412109375,119.84542846679688,4316603
2018-12-21,157.07357788085938,159.2809295654297,153.54515075683594,153.6371307373047,117.52373504638672,8012243
2018-12-24,152.08193969726562,153.46153259277344,149.255859375,149.3478240966797,114.2426528930664,2690402
2018-12-26,149.9832763671875,155.7943115234375,147.88461303710938,155.73577880859375,119.12905883789062,3498898
2018-12-27,153.4281005859375,159.4481658935547,152.90969848632812,159.4481658935547,121.96883392333984,3359564
2018-12-28,160.37625122070312,160.78594970703125,157.66722106933594,158.33612060546875,121.11821746826172,2764434
2018-12-31,159.14715576171875,160.2424774169922,157.60870361328125,159.3143768310547,121.86648559570312,2158062
2019-01-02,157.04013061523438,159.6906280517578,156.1036834716797,159.65719604492188,122.12873077392578,2960339
2019-01-03,157.42474365234375,157.42474365234375,152.91806030273438,153.64549255371094,117.5301284790039,4016407
2019-01-04,156.14549255371094,160.51840209960938,155.54347229003906,159.966552734375,122.36540222167969,3582140
2019-01-07,160.0,160.78594970703125,157.7424774169922,159.59866333007812,122.0839614868164,2585991
2019-01-08,161.37123107910156,162.29933166503906,158.51170349121094,160.26756286621094,122.59564971923828,2965841
2019-01-09,161.58026123046875,162.15719604492188,160.0167236328125,160.78594970703125,122.99214935302734,2587666
2019-01-10,159.59030151367188,162.04849243164062,158.3612060546875,161.87290954589844,123.82363891601562,2319403
2019-01-11,160.40133666992188,161.11204528808594,159.58193969726562,160.71070861816406,122.9345932006836,2822440
2019-01-14,159.3979949951172,161.22909545898438,158.69564819335938,160.67726135253906,122.90901184082031,2289622
2019-01-15,157.89297485351562,159.4314422607422,157.07357788085938,157.97659301757812,120.84317016601562,3273811
2019-01-16,157.61705017089844,159.23077392578125,157.54180908203125,158.4281005859375,121.1885757446289,2980552
2019-01-17,157.6588592529297,161.28762817382812,157.10702514648438,160.2926483154297,122.61481475830078,2366764
2019-01-18,162.49163818359375,164.21405029296875,160.83612060546875,163.76254272460938,125.26909637451172,3284934
2019-01-22,162.39129638671875,162.61705017089844,159.222412109375,160.75250244140625,122.96658325195312,3240682
2019-01-23,161.06187438964844,162.2073516845703,159.09698486328125,160.777587890625,122.98575592041016,1976868
2019-01-24,160.75250244140625,161.5133819580078,160.1254119873047,160.9698944091797,123.13289642333984,1893029
2019-01-25,162.8093719482422,164.84950256347656,162.59197998046875,163.79598999023438,125.2947006225586,2774840
2019-01-28,161.48829650878906,161.74749755859375,159.7575225830078,161.53846740722656,123.56778717041016,3775294
2019-01-29,163.0518341064453,167.13211059570312,162.3745880126953,164.67391967773438,125.96626281738281,5156076
2019-01-30,165.73577880859375,167.31605529785156,162.73411560058594,166.61370849609375,127.4500732421875,2593048
2019-01-31,166.22073364257812,167.96823120117188,165.33444213867188,167.47491455078125,128.10882568359375,3992726
2019-02-01,168.4698944091797,168.70401000976562,165.7943115234375,166.52174377441406,127.37973022460938,2678322
2019-02-04,166.3963165283203,167.44146728515625,164.088623046875,167.39967346191406,128.05133056640625,2360426
2019-02-05,167.82608032226562,168.1688995361328,166.99832153320312,168.16053771972656,128.63333129882812,2436132
2019-02-06,168.244140625,169.79933166503906,167.43310546875,169.37290954589844,129.56069946289062,2000190
2019-02-07,168.07691955566406,169.23077392578125,166.27090454101562,167.09030151367188,127.81462860107422,2331482
2019-02-08,166.5718994140625,167.09866333007812,165.46823120117188,167.07357788085938,127.80184173583984,1736353
2019-02-11,168.00167846679688,168.22743225097656,166.92308044433594,167.98495483398438,128.49900817871094,1810146
2019-02-12,169.62374877929688,172.90133666992188,169.05519104003906,172.71739196777344,132.1190643310547,3137108
2019-02-13,173.1521759033203,175.91973876953125,172.73411560058594,175.35116577148438,134.1337127685547,3548891
2019-02-14,172.73411560058594,173.17726135253906,170.61036682128906,171.34616088867188,131.9762725830078,2666721
2019-02-15,172.6254119873047,174.7240753173828,172.2407989501953,174.63211059570312,134.5072784423828,2392478
2019-02-19,173.83779907226562,174.8745880126953,173.40301513671875,174.255859375,134.21743774414062,1835142
2019-02-20,174.6906280517578,174.7240753173828,173.344482421875,174.35618591308594,134.29476928710938,2247404
2019-02-21,174.0468292236328,174.8411407470703,173.28594970703125,173.72073364257812,133.80528259277344,2078170
2019-02-22,173.72073364257812,175.30101013183594,173.2023468017578,175.04180908203125,134.82286071777344,1834903
2019-02-25,175.97825622558594,176.71405029296875,175.86956787109375,176.0702362060547,135.61497497558594,2611466
2019-02-26,176.0702362060547,176.9147186279297,175.05853271484375,175.06689453125,134.84214782714844,1998875
2019-02-27,175.25083923339844,175.32608032226562,174.0468292236328,174.7742462158203,134.61672973632812,1842558
2019-02-28,174.7909698486328,174.7909698486328,173.04347229003906,173.40301513671875,133.5605926513672,2537553
2019-03-01,174.59030151367188,175.38461303710938,172.99331665039062,173.4866180419922,133.62498474121094,2098262
2019-03-04,174.7407989501953,175.5685577392578,172.02340698242188,172.95986938476562,133.21925354003906,2379920
2019-03-05,171.88963317871094,173.28594970703125,170.43478393554688,170.43478393554688,131.27435302734375,3282422
2019-03-06,171.17892456054688,171.22909545898438,169.53176879882812,169.56521606445312,130.6045684814453,2183059
2019-03-07,169.3645477294922,169.3645477294922,165.9698944091797,167.10702514648438,128.71121215820312,3994162
2019-03-08,165.86956787109375,168.2023468017578,165.5518341064453,167.96823120117188,129.37448120117188,2062502
2019-03-11,168.79598999023438,173.21070861816406,168.61204528808594,173.16053771972656,133.37380981445312,2852819
2019-03-12,173.77926635742188,174.2391357421875,171.722412109375,172.07357788085938,132.53659057617188,2529660
2019-03-13,172.93478393554688,173.3277587890625,171.9314422607422,172.7926483154297,133.09048461914062,2435893
2019-03-14,172.82608032226562,173.4531707763672,172.01504516601562,173.3946533203125,133.5541229248047,2144906
2019-03-15,174.24749755859375,174.4648895263672,172.90133666992188,173.9799346923828,134.00494384765625,5256061
2019-03-18,174.2809295654297,174.4147186279297,171.9147186279297,174.32273864746094,134.26895141601562,2204946
2019-03-19,174.83277893066406,176.0367889404297,174.1722412109375,174.76588439941406,134.6103057861328,2812514
2019-03-20,174.74916076660156,176.01170349121094,173.31939697265625,174.16387939453125,134.14662170410156,2074582
2019-03-21,172.90969848632812,175.7190704345703,172.21571350097656,175.2592010498047,134.99029541015625,2736568
2019-03-22,174.155517578125,174.32273864746094,170.96153259277344,171.1204071044922,131.8024139404297,3248456
2019-03-25,170.11705017089844,171.7976531982422,169.1053466796875,169.90802001953125,130.86863708496094,2416638
2019-03-26,171.40467834472656,173.61204528808594,171.21237182617188,173.277587890625,133.4639892578125,2267138
2019-03-27,173.411376953125,173.8628692626953,171.5133819580078,173.21070861816406,133.4124298095703,2396784
2019-03-28,173.9130401611328,174.53176879882812,172.7759246826172,174.35618591308594,134.29476928710938,1998038
2019-03-29,174.99163818359375,175.16722106933594,172.40802001953125,173.72909545898438,133.811767578125,3418527
2019-04-01,175.49331665039062,177.5836181640625,174.966552734375,177.2073516845703,136.49078369140625,3095726
2019-04-02,177.45819091796875,177.84280395507812,176.42140197753906,177.36622619628906,136.61318969726562,1690546
2019-04-03,178.0518341064453,178.87123107910156,177.6254119873047,178.2023468017578,137.25718688964844,1877720
2019-04-04,178.51170349121094,179.99163818359375,177.533447265625,179.7909698486328,138.4807586669922,1866836
2019-04-05,180.50167846679688,181.01170349121094,179.59866333007812,180.10870361328125,138.72549438476562,1663756
2019-04-08,179.52340698242188,179.8244171142578,178.4866180419922,179.78260803222656,138.47433471679688,1351480
2019-04-09,179.2809295654297,179.40635681152344,177.10702514648438,177.2240753173828,136.50369262695312,1813734
2019-04-10,177.60870361328125,177.85116577148438,176.18728637695312,177.34950256347656,136.60028076171875,1612926
2019-04-11,177.01504516601562,178.68728637695312,176.78929138183594,178.5367889404297,137.5147705078125,1412715
2019-04-12,179.84950256347656,181.8478240966797,179.222412109375,181.78929138183594,140.0199432373047,2299190
2019-04-15,181.30435180664062,181.7391357421875,179.68228149414062,180.45986938476562,138.99600219726562,1774027
2019-04-16,181.09532165527344,181.99832153320312,180.16722106933594,181.35450744628906,139.68505859375,1853322
2019-04-17,181.9648895263672,183.38629150390625,181.588623046875,181.97325134277344,140.16168212890625,2365210
2019-04-18,182.2575225830078,183.67056274414062,181.95652770996094,183.01004028320312,140.96018981933594,2129000
2019-04-22,181.68896484375,183.44480895996094,181.66387939453125,182.7257537841797,140.74122619628906,1678586
2019-04-23,182.28260803222656,183.5702362060547,181.588623046875,183.52842712402344,141.35951232910156,1867913
2019-04-24,183.11036682128906,183.73745727539062,182.3578643798828,183.17726135253906,141.08900451660156,2450484
2019-04-25,165.16722106933594,166.35450744628906,158.52842712402344,159.4648895263672,122.824951171875,17516855
2019-04-26,159.30601501464844,160.744140625,158.3277587890625,160.2592010498047,123.436767578125,5371595
2019-04-29,160.13377380371094,160.69398498535156,158.65383911132812,159.03846740722656,122.49654388427734,4548866
2019-04-30,159.58193969726562,159.58193969726562,155.97825622558594,158.4531707763672,122.04572296142578,5431036
2019-05-01,158.43646240234375,158.6204071044922,155.45150756835938,155.57691955566406,119.83031463623047,4566926
2019-05-02,154.26422119140625,155.93646240234375,153.3277587890625,154.47325134277344,118.9802474975586,6763260
2019-05-03,155.35952758789062,156.09532165527344,153.92140197753906,154.86622619628906,119.28296661376953,5678249
2019-05-06,152.2073516845703,153.1020050048828,150.61036682128906,153.04347229003906,117.87901306152344,7795050
2019-05-07,152.01504516601562,152.09030151367188,148.67056274414062,149.76588439941406,115.35450744628906,6477058
2019-05-08,150.09197998046875,150.94480895996094,149.24749755859375,149.32273864746094,115.0131607055664,3576638
2019-05-09,148.244140625,148.3277587890625,145.6354522705078,146.55519104003906,112.88151550292969,6097447
2019-05-10,146.33779907226562,147.43310546875,144.65719604492188,147.04013061523438,113.25502014160156,5994711
2019-05-13,145.43478393554688,145.9698944091797,144.47325134277344,145.54347229003906,112.10224914550781,7076373
2019-05-14,146.14549255371094,147.96823120117188,145.911376953125,146.4966583251953,112.83645629882812,4800744
2019-05-15,145.50167846679688,146.8645477294922,145.1923065185547,145.5852813720703,112.13446807861328,3606538
2019-05-16,145.81103515625,145.81103515625,143.277587890625,143.65383911132812,110.64679718017578,4831242
2019-05-17,142.14047241210938,142.3578643798828,140.8277587890625,141.3795928955078,108.89511108398438,5495620
2019-05-20,140.43478393554688,140.43478393554688,138.4698944091797,139.00502014160156,107.06611633300781,5232022
2019-05-21,139.64047241210938,139.9832763671875,138.9464874267578,139.88294982910156,107.74235534667969,4961247
2019-05-22,139.99163818359375,142.7759246826172,139.18060302734375,141.92308044433594,109.3136978149414,5387023
2019-05-23,140.11705017089844,140.7190704345703,137.61705017089844,138.68728637695312,107.73539733886719,4580919
2019-05-24,139.08026123046875,139.9832763671875,138.22743225097656,138.87123107910156,107.87826538085938,2830812
2019-05-28,139.4648895263672,139.62374877929688,136.58026123046875,136.58026123046875,106.09859466552734,5830620
2019-05-29,136.29598999023438,136.95652770996094,134.19732666015625,134.9498291015625,104.83203887939453,4388124
2019-05-30,134.9498291015625,135.67726135253906,133.77926635742188,134.26422119140625,104.29944610595703,2964525
2019-05-31,133.6371307373047,134.3979949951172,133.4698944091797,133.5702362060547,103.76034545898438,4212192
2019-06-03,133.5702362060547,135.033447265625,133.21070861816406,133.81271362304688,103.9487075805664,4456894
2019-06-04,135.2257537841797,138.0351104736328,135.10032653808594,137.36622619628906,106.70915222167969,4481173
2019-06-05,138.07691955566406,138.65383911132812,136.18728637695312,136.99832153320312,106.4233627319336,3781274
2019-06-06,137.12374877929688,139.088623046875,135.83612060546875,137.7257537841797,106.98843383789062,4283833
2019-06-07,138.4281005859375,139.7073516845703,137.6588592529297,139.30601501464844,108.21601104736328,2413169
2019-06-10,140.56019592285156,142.3244171142578,140.35952758789062,140.71070861816406,109.3072280883789,2700090
2019-06-11,142.06521606445312,142.44146728515625,140.88629150390625,141.22909545898438,109.70993041992188,2663731
2019-06-12,142.03176879882812,142.26588439941406,140.96153259277344,141.31271362304688,109.77488708496094,2591014
2019-06-13,141.6053466796875,142.05685424804688,140.35952758789062,141.17892456054688,109.67093658447266,2561234
2019-06-14,140.6688995361328,140.67726135253906,138.83779907226562,139.37290954589844,108.26799774169922,3252163
2019-06-17,139.71571350097656,139.99163818359375,139.18060302734375,139.4481658935547,108.32645416259766,2132827
2019-06-18,140.34280395507812,144.03846740722656,140.10870361328125,143.69564819335938,111.62603759765625,4333108
2019-06-19,143.71237182617188,144.48995971679688,142.59197998046875,142.76756286621094,110.9050064086914,3321770
2019-06-20,144.54013061523438,145.7190704345703,143.56187438964844,145.43478393554688,112.97698974609375,3664783
2019-06-21,145.2759246826172,145.9531707763672,144.33946228027344,144.94146728515625,112.59375,5837437
2019-06-24,144.94146728515625,145.76922607421875,144.93310546875,144.966552734375,112.61326599121094,3243432
2019-06-25,144.8578643798828,144.97491455078125,143.21070861816406,143.83779907226562,111.73643493652344,3268907
2019-06-26,144.1053466796875,144.84950256347656,143.57859802246094,143.71237182617188,111.63899993896484,2167391
2019-06-27,144.2391357421875,144.47325134277344,142.68394470214844,143.3946533203125,111.39221954345703,2055326
2019-06-28,143.68728637695312,145.7943115234375,143.6204071044922,144.93310546875,112.58727264404297,4306557
2019-07-01,146.7056884765625,146.97325134277344,145.0836181640625,145.911376953125,113.34724426269531,2519613
2019-07-02,146.40467834472656,146.40467834472656,144.7073516845703,145.50167846679688,113.02896118164062,1860258
2019-07-03,145.62709045410156,146.35450744628906,144.59030151367188,146.30435180664062,113.6524887084961,1400157
2019-07-05,144.64883422851562,144.88294982910156,141.9147186279297,143.81271362304688,111.71695709228516,2081638
2019-07-08,142.07357788085938,142.54180908203125,141.11204528808594,141.4632110595703,109.89180755615234,2733219
2019-07-09,139.48159790039062,140.00836181640625,137.36622619628906,138.54515075683594,107.62496185302734,5425176
2019-07-10,138.95484924316406,139.89967346191406,138.43646240234375,138.54515075683594,107.62496185302734,3183393
2019-07-11,139.0468292236328,141.3795928955078,138.68728637695312,141.33779907226562,109.79438781738281,3366501
2019-07-12,142.2240753173828,144.9498291015625,141.5133819580078,144.93310546875,112.58727264404297,3780197
2019-07-15,144.966552734375,145.69398498535156,143.1521759033203,144.51504516601562,112.26255798339844,2616250
2019-07-16,144.43980407714844,148.2023468017578,144.4147186279297,147.56689453125,114.63330841064453,4687004
2019-07-17,147.4498291015625,147.56689453125,145.5685577392578,146.04515075683594,113.45114135742188,3525090
2019-07-18,145.83612060546875,146.43812561035156,144.14715576171875,144.69898986816406,112.40542602539062,2657273
2019-07-19,144.65719604492188,145.47659301757812,143.98829650878906,144.32273864746094,112.11314392089844,2822919
2019-07-22,144.48995971679688,146.4966583251953,143.92140197753906,146.0200653076172,113.43164825439453,2397262
2019-07-23,147.15719604492188,148.84616088867188,146.8645477294922,148.4281005859375,115.30226135253906,2823397
2019-07-24,147.93478393554688,150.744140625,147.3745880126953,150.0167236328125,116.53638458251953,4224631
2019-07-25,156.3628692626953,156.95652770996094,147.7090301513672,148.93812561035156,115.6984634399414,8804952
2019-07-26,148.5200653076172,149.155517578125,142.61705017089844,145.46823120117188,113.00296783447266,4803256
2019-07-29,145.34280395507812,148.51170349121094,145.20066833496094,147.7926483154297,114.80866241455078,3156124
2019-07-30,146.87290954589844,148.67056274414062,145.31771850585938,148.5200653076172,115.37371826171875,2366764
2019-07-31,148.5367889404297,148.84616088867188,144.9832763671875,146.0869598388672,113.4836196899414,3606897
2019-08-01,146.14549255371094,148.5535125732422,144.67391967773438,144.9498291015625,112.60026550292969,2847915
2019-08-02,144.53176879882812,144.58193969726562,141.98159790039062,142.60032653808594,110.77511596679688,2898028
2019-08-05,141.26254272460938,141.32107543945312,137.47491455078125,137.71739196777344,106.98197174072266,3462061
2019-08-06,137.8093719482422,138.3612060546875,136.20401000976562,136.8812713623047,106.33240509033203,4179781
2019-08-07,135.45150756835938,137.08193969726562,132.14047241210938,136.82273864746094,106.28697204589844,7167867
2019-08-08,137.43310546875,138.36956787109375,136.74749755859375,137.3076934814453,106.66368103027344,3899080
2019-08-09,137.57525634765625,137.75083923339844,135.47659301757812,136.68060302734375,106.17655944824219,1892192
2019-08-12,136.30435180664062,137.7759246826172,135.07525634765625,135.5351104736328,105.2867202758789,1762665
2019-08-13,135.91973876953125,140.36788940429688,135.57691955566406,137.85952758789062,107.09234619140625,3880542
2019-08-14,135.86956787109375,136.17892456054688,132.66722106933594,132.78428649902344,103.14981079101562,4851096
2019-08-15,132.15719604492188,133.52842712402344,130.1254119873047,131.1371307373047,102.80240631103516,5325429
2019-08-16,131.97325134277344,135.37625122070312,131.64715576171875,135.033447265625,105.85686492919922,4164233
2019-08-19,136.8812713623047,137.08193969726562,135.26756286621094,136.24581909179688,106.80725860595703,3824808
2019-08-20,136.3795928955078,136.3795928955078,134.58193969726562,134.62374877929688,105.53568267822266,2465793
2019-08-21,136.02842712402344,136.8311004638672,134.65719604492188,134.7407989501953,105.62742614746094,1941826
2019-08-22,135.45150756835938,136.22909545898438,133.90467834472656,134.51504516601562,105.45045471191406,1724154
2019-08-23,133.84616088867188,134.0718994140625,129.8244171142578,130.3093719482422,102.15349578857422,5051784
2019-08-26,131.27926635742188,131.66387939453125,129.66555786132812,130.5351104736328,102.33045959472656,2649499
2019-08-27,131.5468292236328,131.6722412109375,129.93310546875,130.2257537841797,102.08792877197266,2728196
2019-08-28,129.68228149414062,131.92308044433594,128.76254272460938,131.73077392578125,103.26776885986328,2806892
2019-08-29,133.19398498535156,134.64047241210938,132.98495483398438,134.08026123046875,105.10960388183594,3791918
2019-08-30,135.09197998046875,135.57691955566406,134.1220703125,135.21739196777344,106.00105285644531,2352532
2019-09-03,134.9498291015625,135.1421356201172,131.48829650878906,132.6421356201172,103.98223876953125,2195617
2019-09-04,133.6371307373047,134.30601501464844,132.93478393554688,133.83779907226562,104.91954040527344,1801894
2019-09-05,135.86956787109375,139.1387939453125,135.777587890625,137.31605529785156,107.6462631225586,2895994
2019-09-06,137.6588592529297,137.85952758789062,136.24581909179688,137.07357788085938,107.45616912841797,2107711
2019-09-09,137.95986938476562,140.34280395507812,137.70066833496094,138.74581909179688,108.76708984375,3697195
2019-09-10,138.9297637939453,141.38795471191406,138.80435180664062,141.18728637695312,110.68102264404297,3875279
2019-09-11,142.02340698242188,142.04849243164062,138.26922607421875,140.5351104736328,110.16975402832031,4280604
2019-09-12,141.82273864746094,143.68728637695312,140.97825622558594,142.6254119873047,111.80844116210938,3432998
2019-09-13,142.63377380371094,144.21405029296875,142.02340698242188,143.344482421875,112.37214660644531,3030903
2019-09-16,143.1521759033203,143.1521759033203,140.39297485351562,141.8645477294922,111.21195983886719,2941323
2019-09-17,140.26756286621094,140.94480895996094,139.21405029296875,140.52674865722656,110.1632308959961,3248814
2019-09-18,140.1421356201172,140.51004028320312,138.1688995361328,140.0,109.75028991699219,2507653
2019-09-19,139.95819091796875,141.14549255371094,139.55685424804688,139.6906280517578,109.50775909423828,1941108
2019-09-20,139.99163818359375,141.4464874267578,139.19732666015625,139.4314422607422,109.30459594726562,4423884
2019-09-23,138.36956787109375,139.99163818359375,137.54180908203125,139.4314422607422,109.30459594726562,2318566
2019-09-24,139.67391967773438,140.09197998046875,137.2575225830078,137.7424774169922,107.98055267333984,3572213
2019-09-25,137.7592010498047,137.94314575195312,136.8645477294922,137.12374877929688,107.49549865722656,3298807
2019-09-26,137.12374877929688,137.466552734375,136.1204071044922,136.98159790039062,107.38407135009766,3304907
2019-09-27,137.52508544921875,138.49497985839844,136.722412109375,137.56689453125,107.84288787841797,3432879
2019-09-30,138.1354522705078,138.43646240234375,137.07357788085938,137.45819091796875,107.7576904296875,3000166
2019-10-01,137.95986938476562,138.1354522705078,132.24916076660156,132.42474365234375,103.81179809570312,3912714
2019-10-02,131.32107543945312,131.45484924316406,129.28929138183594,130.1421356201172,102.02239227294922,3554871
2019-10-03,129.71571350097656,129.9832763671875,126.09532165527344,129.7909698486328,101.74711608886719,3618737
2019-10-04,129.7909698486328,130.47659301757812,129.09698486328125,130.28428649902344,102.13382720947266,3165094
2019-10-07,129.59866333007812,129.89129638671875,128.3612060546875,128.3612060546875,100.62626647949219,2955555
2019-10-08,127.36621856689453,127.75919342041016,125.90300750732422,126.03678894042969,98.8041000366211,3327033
2019-10-09,127.37458038330078,127.45819091796875,126.07859802246094,126.24581909179688,98.96797943115234,4016886
2019-10-10,126.21237182617188,128.00167846679688,126.1454849243164,127.34949493408203,99.83316040039062,3817632
2019-10-11,128.87123107910156,133.44480895996094,128.85450744628906,132.1906280517578,103.62828063964844,5585559
2019-10-14,132.14047241210938,135.777587890625,131.55519104003906,134.2056884765625,105.20794677734375,3910681
2019-10-15,133.23577880859375,137.14047241210938,133.23577880859375,136.27090454101562,106.82691955566406,3705926
2019-10-16,136.37123107910156,137.2909698486328,135.5518341064453,135.6020050048828,106.30257415771484,2314499
2019-10-17,136.40467834472656,138.36956787109375,136.35450744628906,136.7391357421875,107.19397735595703,2325742
2019-10-18,136.755859375,137.34950256347656,136.27090454101562,136.37123107910156,106.90555572509766,3221665
2019-10-21,138.35284423828125,138.92140197753906,137.7592010498047,138.74581909179688,108.76708984375,2390326
2019-10-22,139.02174377441406,141.22909545898438,138.04347229003906,140.0836181640625,109.81583404541016,2468544
2019-10-23,139.97491455078125,141.1036834716797,139.26422119140625,141.1036834716797,110.6155014038086,3243911
2019-10-24,138.09364318847656,138.1688995361328,133.4698944091797,135.35952758789062,106.11249542236328,7120147
2019-10-25,135.8779296875,140.1588592529297,135.56019592285156,138.87123107910156,108.8653793334961,3713341
2019-10-28,139.19732666015625,141.8979949951172,138.9632110595703,141.35450744628906,110.81210327148438,3753048
2019-10-29,140.49331665039062,142.09866333007812,140.05853271484375,141.14549255371094,110.64825439453125,3192602
2019-10-30,140.66053771972656,140.94480895996094,139.65719604492188,140.777587890625,110.3598861694336,2129358
2019-10-31,140.8946533203125,140.93646240234375,136.74749755859375,137.95150756835938,108.14440155029297,3173108
2019-11-01,139.58193969726562,142.26588439941406,139.3979949951172,142.21571350097656,111.48724365234375,2951010
2019-11-04,143.49497985839844,146.32107543945312,143.49497985839844,146.23745727539062,114.64002990722656,4954789
2019-11-05,146.32107543945312,146.7056884765625,145.2926483154297,146.5468292236328,114.88253021240234,2756062
2019-11-06,146.24581909179688,146.32107543945312,144.11370849609375,145.48495483398438,114.05007934570312,3603428
2019-11-07,146.9314422607422,147.75083923339844,145.3093719482422,145.91973876953125,114.39094543457031,4017125
2019-11-08,145.9698944091797,146.21237182617188,143.90467834472656,144.7742462158203,113.49295043945312,1932258
2019-11-11,144.23077392578125,144.23077392578125,141.8478240966797,142.23243713378906,111.5003433227539,3186503
2019-11-12,142.44146728515625,143.87123107910156,142.16555786132812,142.84280395507812,111.97880554199219,2081518
2019-11-13,142.23243713378906,143.30267333984375,141.78929138183594,142.60032653808594,111.78874969482422,1960005
2019-11-14,142.12374877929688,144.08026123046875,142.08193969726562,142.91806030273438,112.0378189086914,1930224
2019-11-15,143.52842712402344,144.38963317871094,143.01004028320312,143.71237182617188,112.66055297851562,3129812
2019-11-18,142.80101013183594,143.14381408691406,141.4464874267578,142.59197998046875,111.78221130371094,2828062
2019-11-19,143.57859802246094,143.57859802246094,141.74749755859375,142.7090301513672,111.87396240234375,2142993
2019-11-20,141.9648895263672,142.14047241210938,139.7575225830078,140.2759246826172,109.96658325195312,3216642
2019-11-21,139.53176879882812,139.63211059570312,137.5501708984375,138.07691955566406,109.17984771728516,4312656
2019-11-22,138.3779296875,140.2592010498047,137.95986938476562,140.13377380371094,110.80624389648438,3908887
2019-11-25,140.8612060546875,142.44146728515625,140.35952758789062,142.3411407470703,112.55162811279297,3303232
2019-11-26,141.97325134277344,142.34950256347656,141.06187438964844,141.4966583251953,111.88387298583984,3122636
2019-11-27,142.14047241210938,143.28594970703125,141.73077392578125,142.65049743652344,112.79624938964844,1592474
2019-11-29,142.5,142.6254119873047,141.52174377441406,141.9481658935547,112.24087524414062,1127230
2019-12-02,142.2742462158203,143.56187438964844,140.6688995361328,140.69398498535156,111.24921417236328,2801271
2019-12-03,139.21405029296875,139.2976531982422,137.45819091796875,138.1020050048828,109.19966125488281,3231592
2019-12-04,139.14715576171875,141.19564819335938,138.79598999023438,139.74916076660156,110.5020980834961,2558483
2019-12-05,139.81605529785156,140.35952758789062,136.0535125732422,137.43310546875,108.6707763671875,3957923
2019-12-06,139.8411407470703,143.80435180664062,139.8411407470703,143.36956787109375,113.36482238769531,4640480
2019-12-09,141.6387939453125,143.19398498535156,141.12876892089844,141.99832153320312,112.2805404663086,2461607
2019-12-10,141.4130401611328,141.63043212890625,139.60702514648438,140.18394470214844,110.84587860107422,3193918
2019-12-11,140.78594970703125,141.17056274414062,139.90802001953125,141.0869598388672,111.5599365234375,2223364
2019-12-12,139.40635681152344,142.85116577148438,139.0718994140625,140.93646240234375,111.44092559814453,3435390
2019-12-13,141.82273864746094,143.07691955566406,140.5351104736328,141.12876892089844,111.59297943115234,2509208
2019-12-16,141.25418090820312,142.83444213867188,140.62709045410156,142.76756286621094,112.88880920410156,3488971
2019-12-17,142.43310546875,143.6371307373047,141.4799346923828,142.08193969726562,112.34669494628906,3196430
2019-12-18,141.95652770996094,142.14047241210938,140.62709045410156,141.32943725585938,111.75164031982422,2715398
2019-12-19,141.82273864746094,144.2976531982422,141.4297637939453,143.93812561035156,113.81441497802734,3298090
2019-12-20,146.14549255371094,146.71405029296875,143.9799346923828,146.63043212890625,115.9432373046875,8985548
2019-12-23,147.75083923339844,149.81605529785156,147.6254119873047,149.222412109375,117.9927749633789,5832055
2019-12-24,149.05519104003906,149.38963317871094,147.1906280517578,147.7257537841797,116.809326171875,1506362
2019-12-26,147.533447265625,147.7090301513672,146.7391357421875,147.65049743652344,116.74982452392578,1716499
2019-12-27,147.70066833496094,148.44480895996094,146.83946228027344,148.21070861816406,117.19282531738281,1761588
2019-12-30,148.21070861816406,149.63211059570312,146.8143768310547,147.01504516601562,116.24736785888672,2051260
2019-12-31,146.5133819580078,147.65049743652344,146.3795928955078,147.50836181640625,116.63742065429688,1881906
2020-01-02,148.56187438964844,150.51004028320312,148.11036682128906,150.50167846679688,119.00428771972656,4307633
2020-01-03,148.01004028320312,149.3812713623047,146.8478240966797,149.2056884765625,117.97954559326172,2950412
2020-01-06,148.1187286376953,149.42308044433594,147.4498291015625,149.3478240966797,118.0919189453125,2389608
2020-01-07,149.06353759765625,149.255859375,147.84280395507812,148.74581909179688,117.61592864990234,2598908
2020-01-08,148.82943725585938,151.755859375,148.5367889404297,151.02842712402344,119.42082214355469,3298927
2020-01-09,151.76422119140625,151.8311004638672,150.30101013183594,151.50502014160156,119.79768371582031,3284575
2020-01-10,151.8478240966797,152.3244171142578,150.6187286376953,150.8946533203125,119.3150405883789,2516145
2020-01-13,151.28762817382812,152.36622619628906,150.80267333984375,151.27090454101562,119.6125259399414,2500597
2020-01-14,151.27090454101562,152.63377380371094,150.67726135253906,151.64715576171875,119.91007232666016,3481795
2020-01-15,151.68896484375,152.05685424804688,149.81605529785156,150.31771850585938,118.8588638305664,2968711
2020-01-16,151.0702362060547,151.50502014160156,150.2424774169922,151.34616088867188,119.67205810546875,2571280
2020-01-17,151.33779907226562,152.29933166503906,151.0869598388672,151.63043212890625,119.8968505859375,4413360
2020-01-21,152.04849243164062,152.09866333007812,149.35618591308594,149.99163818359375,118.60102844238281,4027769
2020-01-22,150.09197998046875,150.97825622558594,148.72909545898438,148.85450744628906,117.70184326171875,2894559
2020-01-23,148.0518341064453,149.19732666015625,147.4832763671875,148.61204528808594,117.51016235351562,2820646
2020-01-24,149.2391357421875,150.34280395507812,148.43646240234375,148.95484924316406,117.78118896484375,3161148
2020-01-27,150.38461303710938,150.99497985839844,146.77256774902344,146.8478240966797,116.11516571044922,5216234
2020-01-28,143.72909545898438,144.09698486328125,138.00167846679688,138.44480895996094,109.4707260131836,10669157
2020-01-29,139.088623046875,139.18896484375,135.05853271484375,135.45150756835938,107.10388946533203,6391304
2020-01-30,134.61538696289062,135.9866180419922,132.7424774169922,135.8779296875,107.44105529785156,5211092
2020-01-31,135.45150756835938,135.99497985839844,132.29933166503906,132.6588592529297,104.89568328857422,6865399
2020-02-03,133.80435180664062,134.03846740722656,130.75250244140625,130.9281005859375,103.52714538574219,4694898
2020-02-04,133.5869598388672,133.74581909179688,131.27090454101562,131.47157287597656,103.95686340332031,5219224
2020-02-05,133.04347229003906,135.72743225097656,132.6923065185547,135.72743225097656,107.32202911376953,3729367
2020-02-06,137.533447265625,137.95986938476562,135.844482421875,136.19564819335938,107.69226837158203,4082905
2020-02-07,134.95819091796875,135.38461303710938,133.4698944091797,133.84616088867188,105.83447265625,3272495
2020-02-10,133.95484924316406,134.83277893066406,132.83444213867188,133.90467834472656,105.88075256347656,3294741
2020-02-11,134.61538696289062,135.88629150390625,133.79598999023438,135.8277587890625,107.40140533447266,2721020
2020-02-12,137.3244171142578,137.99331665039062,136.76422119140625,136.95652770996094,108.29393005371094,3272734
2020-02-13,135.25083923339844,135.34280395507812,132.94314575195312,133.57859802246094,106.57939910888672,4083024
2020-02-14,133.65383911132812,134.73243713378906,132.7926483154297,134.62374877929688,107.413330078125,2671266
2020-02-18,134.08026123046875,134.222412109375,132.14047241210938,132.84280395507812,105.99234771728516,2964764
2020-02-19,133.01004028320312,134.1722412109375,132.40802001953125,133.22743225097656,106.29922485351562,2746494
2020-02-20,132.94314575195312,134.94146728515625,132.52508544921875,132.57525634765625,105.77886962890625,3917020
2020-02-21,132.38294982910156,132.60032653808594,130.5351104736328,131.21237182617188,104.69145965576172,4228219
2020-02-24,129.1387939453125,129.35618591308594,127.27424621582031,127.55016326904297,101.76946258544922,4348178
2020-02-25,128.1856231689453,128.2943115234375,122.04849243164062,122.7842788696289,97.96687316894531,6295026
2020-02-26,125.05852508544922,126.9397964477539,123.8210678100586,124.54849243164062,99.3744888305664,6161912
2020-02-27,126.44648742675781,129.95819091796875,124.58193969726562,125.55184173583984,100.17503356933594,9856954
2020-02-28,128.83779907226562,131.0367889404297,122.07357788085938,124.78260803222656,99.56128692626953,13753641
2020-03-02,126.53845977783203,128.28594970703125,124.05518341064453,127.94314575195312,102.08301544189453,9599455
2020-03-03,127.45819091796875,128.76254272460938,120.76923370361328,121.43812561035156,96.8927993774414,9922614
2020-03-04,122.92642211914062,128.76254272460938,122.06521606445312,128.74581909179688,102.72344970703125,6905465
2020-03-05,126.08695983886719,129.05519104003906,125.04180908203125,126.59699249267578,101.00894165039062,7040852
2020-03-06,125.07524871826172,129.3812713623047,123.63712310791016,128.4698944091797,102.50328826904297,8557500
2020-03-09,122.56688690185547,124.966552734375,120.02508544921875,120.45150756835938,96.1055908203125,9800502
2020-03-10,124.59866333007812,128.244140625,121.13712310791016,128.17726135253906,102.26980590820312,6759433
2020-03-11,125.19230651855469,125.19230651855469,122.466552734375,123.11036682128906,98.22705078125,5678847
2020-03-12,117.0234146118164,118.48662567138672,108.97993469238281,111.68896484375,89.1141586303711,9826097
2020-03-13,117.90133666992188,118.46990203857422,109.53177642822266,118.46154022216797,94.51785278320312,7870039
2020-03-16,108.57859802246094,113.2943115234375,107.03177642822266,109.4565200805664,87.33295440673828,8899197
2020-03-17,110.3177261352539,114.35618591308594,108.36956787109375,112.40802764892578,89.68789672851562,7816338
2020-03-18,107.40802764892578,116.53009796142578,107.34949493408203,114.56521606445312,91.40906524658203,8205038
2020-03-19,115.14214324951172,117.20735931396484,111.1454849243164,114.97491455078125,91.73595428466797,7613377
2020-03-20,115.44314575195312,116.42140197753906,102.60033416748047,104.42308044433594,83.3168716430664,11468683
2020-03-23,107.15718841552734,107.35785675048828,95.3511734008789,98.55351257324219,78.63367462158203,9489423
2020-03-24,102.24916076660156,111.58026885986328,101.17057037353516,110.96990203857422,88.54043579101562,11136793
2020-03-25,111.32942962646484,112.61705780029297,106.02006530761719,109.9832763671875,87.75322723388672,9260030
2020-03-26,110.19230651855469,114.03009796142578,109.2056884765625,113.86287689208984,90.84866333007812,8033532
2020-03-27,111.06187438964844,114.60702514648438,109.4565200805664,111.40467834472656,88.88734436035156,5097711
2020-03-30,110.57691955566406,115.39297485351562,109.58193969726562,115.16722106933594,91.88938903808594,4627922
2020-03-31,113.45317840576172,116.58863067626953,113.44481658935547,114.1387939453125,91.06881713867188,4321985
2020-04-01,110.36788940429688,113.57859802246094,109.54013061523438,111.3210678100586,88.82064056396484,4518010
2020-04-02,110.66889953613281,115.5602035522461,110.45150756835938,115.30936431884766,92.00279998779297,4772399
2020-04-03,113.72073364257812,114.91638946533203,111.12039947509766,111.86454772949219,89.25425720214844,4291607
2020-04-06,115.2675552368164,118.10200500488281,114.46488189697266,117.64214324951172,93.86407470703125,6745081
2020-04-07,123.3277587890625,125.95317840576172,120.73578643798828,120.90300750732422,96.4658203125,6573575
2020-04-08,121.84782409667969,125.18394470214844,120.32608795166016,124.57357788085938,99.39449310302734,3673036
2020-04-09,124.13043212890625,125.19230651855469,122.52508544921875,123.56187438964844,98.5872802734375,5721305
2020-04-13,123.3277587890625,124.23076629638672,121.48829650878906,122.40802764892578,97.66665649414062,3160191
2020-04-14,125.10033416748047,126.23745727539062,123.78762817382812,125.53511810302734,100.16169738769531,3968806
2020-04-15,123.90467834472656,124.2056884765625,121.15384674072266,121.3712387084961,96.83943176269531,3640504
2020-04-16,121.46321105957031,122.44983673095703,119.75752258300781,121.15384674072266,96.66596221923828,4987798
2020-04-17,123.27759552001953,124.16387939453125,121.07023620605469,122.45819091796875,97.7066879272461,6450148
2020-04-20,121.02842712402344,122.92642211914062,120.10869598388672,120.12541961669922,95.84544372558594,3460028
2020-04-21,118.93812561035156,119.37290954589844,117.47491455078125,118.41973114013672,94.4844970703125,2787996
2020-04-22,119.86621856689453,120.80267333984375,118.48662567138672,120.07524871826172,95.8053970336914,3288522
2020-04-23,120.88629150390625,123.39464569091797,120.3010025024414,120.67726135253906,96.28571319580078,3092019
2020-04-24,121.37960052490234,123.19397735595703,120.66053771972656,122.90969848632812,98.06692504882812,2687532
2020-04-27,123.74581909179688,129.1722412109375,123.65384674072266,128.4698944091797,102.50328826904297,5555300
2020-04-28,133.80435180664062,136.35450744628906,129.76588439941406,131.7809295654297,105.1451187133789,9919744
2020-04-29,132.55853271484375,133.9632110595703,129.7407989501953,130.6521759033203,104.24446105957031,4768572
2020-04-30,129.02174377441406,129.54849243164062,126.88127136230469,127.0234146118164,101.34916687011719,4386689
2020-05-01,124.83277893066406,125.45150756835938,123.52006530761719,124.24748992919922,99.13433837890625,3499974
2020-05-04,124.19732666015625,124.21405029296875,122.12374877929688,124.08026885986328,99.00090026855469,2666841
2020-05-05,125.32608795166016,125.41806030273438,122.9933090209961,123.26923370361328,98.35381317138672,2713963
2020-05-06,123.57023620605469,123.8879623413086,122.06521606445312,122.24080657958984,97.53327178955078,2593646
2020-05-07,123.49497985839844,123.62039947509766,121.15384674072266,121.85618591308594,97.22636413574219,3349757
2020-05-08,122.9765853881836,124.7324447631836,122.39130401611328,124.1722412109375,99.07429504394531,2594961
2020-05-11,123.59532165527344,123.71237182617188,121.73076629638672,121.84782409667969,97.21968078613281,3629382
2020-05-12,122.533447265625,123.09364318847656,118.26923370361328,118.3277587890625,94.41109466552734,3623880
2020-05-13,117.65050506591797,117.66722106933594,112.87625122070312,113.81270599365234,90.80862426757812,5747976
2020-05-14,112.87625122070312,113.8377914428711,109.63211059570312,113.70401000976562,90.72191619873047,7053649
2020-05-15,112.4832763671875,116.1120376586914,112.20735931396484,115.96154022216797,92.5231704711914,12095985
2020-05-18,119.6989974975586,125.18394470214844,119.155517578125,124.80769348144531,99.58128356933594,7196452
2020-05-19,124.16387939453125,126.79766082763672,123.21906280517578,124.06354522705078,98.98756408691406,4855640
2020-05-20,125.30936431884766,126.61370849609375,124.4397964477539,125.15050506591797,99.85481262207031,4100845
2020-05-21,123.52842712402344,124.28093719482422,121.52173614501953,121.91471862792969,98.23784637451172,3335764
2020-05-22,121.85618591308594,122.60869598388672,120.90300750732422,122.44147491455078,98.66230010986328,3183034
2020-05-26,125.77759552001953,127.90969848632812,124.74916076660156,127.15718841552734,102.46217346191406,5521095
2020-05-27,128.75418090820312,132.2407989501953,128.21070861816406,132.23243713378906,106.55177307128906,7243335
2020-05-28,132.70066833496094,133.67056274414062,128.87123107910156,131.1204071044922,105.65572357177734,8049917
2020-05-29,130.0167236328125,131.16220092773438,127.96822357177734,130.80267333984375,105.39969635009766,10324111
2020-06-01,130.39297485351562,131.73077392578125,129.50668334960938,130.0836181640625,104.82027435302734,2491746
2020-06-02,131.06187438964844,132.60870361328125,130.96153259277344,131.80601501464844,106.20816802978516,2791225
2020-06-03,133.23577880859375,135.16722106933594,132.54180908203125,134.7909698486328,108.61343383789062,4394463
2020-06-04,133.57859802246094,135.93646240234375,133.09364318847656,135.911376953125,109.51625061035156,3445317
2020-06-05,137.95986938476562,140.7608642578125,137.95986938476562,139.97491455078125,112.79060363769531,5414531
2020-06-08,139.71571350097656,141.755859375,138.1856231689453,139.52340698242188,112.4267807006836,3573170
2020-06-09,138.3612060546875,140.43478393554688,137.1906280517578,139.3812713623047,112.31224060058594,3781274
2020-06-10,139.54849243164062,139.9163818359375,136.9648895263672,137.04013061523438,110.42577362060547,3051355
2020-06-11,133.82943725585938,133.98829650878906,127.34949493408203,127.40802764892578,102.66429901123047,5999854
2020-06-12,130.6688995361328,131.6220703125,126.86454772949219,129.48995971679688,104.34192657470703,3586565
2020-06-15,126.15384674072266,133.46153259277344,125.8277587890625,131.8812713623047,106.2688217163086,4896185
2020-06-16,136.16220092773438,136.6053466796875,131.17892456054688,133.5033416748047,107.57586669921875,4050493
2020-06-17,133.9464874267578,134.50668334960938,132.91806030273438,133.12709045410156,107.27268981933594,2050662
2020-06-18,132.16555786132812,133.6371307373047,131.76422119140625,133.1187286376953,107.26595306396484,2160096
2020-06-19,134.90802001953125,135.52674865722656,130.8277587890625,132.23243713378906,106.55177307128906,7660619
2020-06-22,131.27090454101562,131.6220703125,130.0,131.01170349121094,105.56812286376953,2416996
2020-06-23,132.07357788085938,132.66722106933594,130.6354522705078,131.97325134277344,106.34292602539062,2752953
2020-06-24,130.67726135253906,131.04515075683594,126.84782409667969,127.27424621582031,102.5564956665039,3639189
2020-06-25,127.13211059570312,129.64047241210938,125.50167083740234,129.32273864746094,104.20716094970703,2464597
2020-06-26,129.26422119140625,129.4147186279297,126.69732666015625,127.52508544921875,102.75863647460938,3380374
2020-06-29,128.67892456054688,130.8612060546875,128.3277587890625,130.07525634765625,104.81352996826172,2565540
2020-06-30,129.52340698242188,131.02842712402344,128.80435180664062,130.42642211914062,105.09651947021484,3518154
2020-07-01,130.7190704345703,131.93980407714844,129.8578643798828,129.95819091796875,104.7192153930664,1944218
2020-07-02,131.78929138183594,132.84280395507812,130.81939697265625,131.30435180664062,105.8039321899414,2371429
2020-07-06,132.83444213867188,133.74581909179688,131.31271362304688,132.1906280517578,106.51809692382812,2511002
2020-07-07,130.50167846679688,131.35450744628906,129.33946228027344,129.4481658935547,104.30821990966797,1879753
2020-07-08,129.65719604492188,130.10032653808594,128.65383911132812,129.24749755859375,104.14653778076172,1987752
2020-07-09,128.69564819335938,129.3645477294922,126.28762817382812,126.63043212890625,102.0377197265625,2619240
2020-07-10,126.83110046386719,128.1354522705078,126.24581909179688,127.8010025024414,102.98097229003906,2337582
2020-07-13,129.05519104003906,131.21237182617188,128.8963165283203,129.4314422607422,104.29476928710938,2652489
2020-07-14,129.4314422607422,133.1354522705078,128.69564819335938,132.55853271484375,106.81455993652344,3825884
2020-07-15,133.76254272460938,134.93310546875,133.1521759033203,133.2190704345703,107.34679412841797,4152871
2020-07-16,133.1521759033203,134.54013061523438,132.14047241210938,134.19732666015625,108.13507843017578,2154594
2020-07-17,134.49832153320312,135.0836181640625,133.36956787109375,133.6371307373047,107.6836929321289,3051833
2020-07-20,132.81771850585938,132.83444213867188,130.744140625,130.744140625,105.35253143310547,2140960
2020-07-21,131.27090454101562,133.4698944091797,131.26254272460938,131.93980407714844,106.31597900390625,3297611
2020-07-22,131.63043212890625,133.72073364257812,131.28762817382812,132.70066833496094,106.9291000366211,2271922
2020-07-23,132.94314575195312,133.4866180419922,132.40802001953125,133.1856231689453,107.31983184814453,3223340
2020-07-24,133.82107543945312,135.11705017089844,132.7090301513672,133.64549255371094,107.69038391113281,3019541
2020-07-27,133.38629150390625,136.6053466796875,133.2190704345703,136.48829650878906,109.98110961914062,3825406
2020-07-28,129.99163818359375,131.6722412109375,128.59532165527344,129.8745880126953,104.65184783935547,9255605
2020-07-29,130.85284423828125,131.71405029296875,129.53176879882812,130.64381408691406,105.27169036865234,3973949
2020-07-30,129.02174377441406,129.3645477294922,126.55518341064453,127.19063568115234,102.48915100097656,3723148
2020-07-31,126.82273864746094,126.88127136230469,124.41471862792969,125.81103515625,101.37747955322266,3906614
2020-08-03,126.32942962646484,126.60535430908203,124.84114074707031,125.76087188720703,101.3370590209961,2708820
2020-08-04,125.3344497680664,126.45484924316406,125.13378143310547,126.42976379394531,101.87602233886719,2314858
2020-08-05,127.22408294677734,129.93310546875,127.17391204833984,129.89129638671875,104.66531372070312,3162702
2020-08-06,130.37625122070312,130.844482421875,129.3311004638672,130.43478393554688,105.1032485961914,3451417
2020-08-07,130.42642211914062,132.45819091796875,129.65719604492188,132.38294982910156,106.67308044433594,2612423
2020-08-10,132.56689453125,135.11705017089844,132.56689453125,134.9832763671875,108.76839447021484,2718269
2020-08-11,137.23243713378906,139.3311004638672,136.32107543945312,136.6053466796875,110.0754165649414,4502342
2020-08-12,137.95986938476562,138.75418090820312,136.58026123046875,137.3411407470703,110.66831970214844,2486723
2020-08-13,138.3946533203125,140.04180908203125,137.75083923339844,138.67892456054688,111.74632263183594,3449264
2020-08-14,137.63377380371094,139.0468292236328,137.55853271484375,138.8795928955078,111.90801239013672,1922331
2020-08-17,138.1020050048828,139.1053466796875,136.8311004638672,137.71739196777344,110.97152709960938,2473448
2020-08-18,137.4832763671875,138.3277587890625,136.92308044433594,137.44146728515625,110.74917602539062,1816844
2020-08-19,137.90969848632812,138.5367889404297,136.93980407714844,137.09866333007812,110.47293853759766,2407309
2020-08-20,136.30435180664062,136.83946228027344,135.76922607421875,136.26254272460938,109.7992172241211,2380399
2020-08-21,134.55685424804688,136.02842712402344,134.3979949951172,135.2090301513672,109.94197845458984,2398698
2020-08-24,135.07525634765625,137.08193969726562,134.7407989501953,136.73077392578125,111.17935943603516,3114862
2020-08-25,137.84280395507812,138.1688995361328,135.80267333984375,136.37123107910156,110.88700103759766,2318446
2020-08-26,136.17892456054688,137.76756286621094,135.1923065185547,137.04013061523438,111.4308853149414,2994066
2020-08-27,137.54180908203125,138.2608642578125,136.43812561035156,137.1906280517578,111.55326843261719,2781776
2020-08-28,137.6588592529297,138.93812561035156,137.05685424804688,138.51170349121094,112.6274642944336,3643375
2020-08-31,138.09364318847656,138.5869598388672,135.52674865722656,136.30435180664062,110.8326187133789,3445796
2020-09-01,135.59364318847656,138.41973876953125,135.15049743652344,137.7926483154297,112.04280090332031,3469716
2020-09-02,138.09364318847656,142.14047241210938,138.07691955566406,141.73077392578125,115.24498748779297,4716665
2020-09-03,142.14047241210938,142.49163818359375,137.95150756835938,139.05519104003906,113.06938934326172,4163635
2020-09-04,140.6187286376953,141.3963165283203,137.04013061523438,138.6036834716797,112.70227813720703,3907332
2020-09-08,138.44480895996094,138.4866180419922,135.35116577148438,136.4297637939453,110.93457794189453,3425224
2020-09-09,137.12374877929688,139.9163818359375,137.12374877929688,138.54515075683594,112.65464782714844,3255153
2020-09-10,138.9966583251953,139.35618591308594,136.07859802246094,136.4130401611328,110.92098999023438,2456823
2020-09-11,136.655517578125,139.3812713623047,136.33779907226562,138.93812561035156,112.97420501708984,2031406
2020-09-14,140.18394470214844,141.66387939453125,139.155517578125,140.85284423828125,114.53109741210938,2707983
2020-09-15,142.03176879882812,142.08193969726562,138.93812561035156,139.27256774902344,113.24613952636719,2459335
2020-09-16,140.35952758789062,143.06019592285156,140.05853271484375,141.73077392578125,115.24498748779297,3506313
2020-09-17,140.46823120117188,144.81605529785156,139.7909698486328,144.13043212890625,117.19622802734375,3296296
2020-09-18,143.8628692626953,144.4648895263672,141.69732666015625,141.76422119140625,115.27217102050781,4885062
2020-09-21,138.77926635742188,139.35618591308594,133.47825622558594,134.9163818359375,109.70402526855469,4678393
2020-09-22,134.66555786132812,136.8478240966797,134.13043212890625,135.73577880859375,110.37030792236328,2516145
2020-09-23,135.88629150390625,137.3244171142578,133.04347229003906,133.36956787109375,108.44624328613281,2688847
2020-09-24,133.277587890625,135.41806030273438,132.16555786132812,134.13043212890625,109.06494140625,1877361
2020-09-25,133.2023468017578,134.59866333007812,132.82608032226562,134.00502014160156,108.96297454833984,2330884
2020-09-28,135.45150756835938,137.2407989501953,134.89129638671875,135.16722106933594,109.9079818725586,2509806
2020-09-29,135.1755828857422,135.40969848632812,132.7592010498047,133.6204071044922,108.65022277832031,2400013
2020-09-30,134.55685424804688,136.37123107910156,132.61705017089844,133.9297637939453,108.9017562866211,3656052
2020-10-01,134.33946228027344,135.36788940429688,131.87290954589844,132.76756286621094,107.95677185058594,2378964
2020-10-02,130.8277587890625,135.40133666992188,130.64381408691406,134.08026123046875,109.02413940429688,2115246
2020-10-05,135.66053771972656,136.7056884765625,135.25083923339844,136.07859802246094,110.64904022216797,1742572
2020-10-06,136.655517578125,138.54515075683594,135.3093719482422,135.64381408691406,110.29551696777344,2418192
2020-10-07,138.04347229003906,140.2592010498047,137.466552734375,139.2056884765625,113.19178009033203,2577858
2020-10-08,139.88294982910156,140.59364318847656,138.90467834472656,140.2257537841797,114.02120971679688,2275510
2020-10-09,141.20401000976562,142.54180908203125,140.42642211914062,141.55519104003906,115.1021957397461,2410538
2020-10-12,141.69732666015625,142.65049743652344,140.5685577392578,141.01170349121094,114.66029357910156,1834186
2020-10-13,140.7190704345703,141.68060302734375,138.79598999023438,139.32273864746094,113.28697204589844,1884059
2020-10-14,139.64047241210938,141.755859375,139.45652770996094,140.80267333984375,114.4903335571289,1716619
2020-10-15,138.83779907226562,141.87290954589844,138.62876892089844,141.37123107910156,114.95262908935547,1959168
2020-10-16,142.09030151367188,143.87123107910156,141.48829650878906,142.95150756835938,116.23760223388672,2964406
2020-10-19,142.99331665039062,144.1053466796875,141.19564819335938,141.76422119140625,115.27217102050781,2284240
2020-10-20,142.55853271484375,144.8076934814453,142.13211059570312,142.93478393554688,116.22399139404297,2168348
2020-10-21,142.42474365234375,143.90467834472656,141.3628692626953,141.4464874267578,115.01382446289062,1807276
2020-10-22,141.83946228027344,142.96823120117188,140.7943115234375,142.73411560058594,116.06082916259766,1989187
2020-10-23,143.74581909179688,143.9632110595703,141.32107543945312,141.97325134277344,115.44214630126953,2556450
2020-10-26,140.20066833496094,140.54347229003906,137.4498291015625,138.9297637939453,112.9674072265625,3993205
2020-10-27,137.54180908203125,137.94314575195312,134.32273864746094,134.64047241210938,109.47966766357422,4657702
2020-10-28,133.6204071044922,136.16220092773438,132.2073516845703,132.5501708984375,107.77999877929688,3665860
2020-10-29,132.19898986816406,133.9297637939453,130.54347229003906,132.50836181640625,107.74598693847656,3206356
2020-10-30,132.38294982910156,133.74581909179688,131.27090454101562,133.74581909179688,108.752197265625,2672462
2020-11-02,135.61036682128906,136.6387939453125,134.55685424804688,136.23745727539062,110.7781982421875,2531454
2020-11-03,137.84280395507812,139.48995971679688,136.90635681152344,138.38629150390625,112.5255126953125,2268692
2020-11-04,136.07859802246094,138.21070861816406,133.69564819335938,133.9130401611328,108.88818359375,3756516
2020-11-05,135.5852813720703,137.466552734375,135.46823120117188,136.45484924316406,110.95498657226562,2605486
2020-11-06,136.83946228027344,137.3745880126953,135.09197998046875,136.30435180664062,110.8326187133789,2015260
2020-11-09,145.59364318847656,146.68060302734375,136.4130401611328,136.64715576171875,111.11135864257812,5284048
2020-11-10,138.1187286376953,141.5301055908203,137.00668334960938,141.42140197753906,114.99341583251953,4186478
2020-11-11,142.75083923339844,142.7592010498047,140.13377380371094,141.4799346923828,115.0410385131836,3449742
2020-11-12,140.59364318847656,141.4632110595703,138.44480895996094,139.67391967773438,113.57250213623047,2651173
2020-11-13,140.40133666992188,142.3578643798828,139.86622619628906,141.9648895263672,115.43533325195312,2167272
2020-11-16,144.3311004638672,145.39297485351562,142.2909698486328,145.36788940429688,118.20238494873047,2911423
2020-11-17,144.68228149414062,145.90301513671875,142.85952758789062,145.18394470214844,118.0528564453125,3097520
2020-11-18,145.90301513671875,146.0702362060547,143.25250244140625,143.31103515625,116.52994537353516,3128497
2020-11-19,142.61705017089844,143.71237182617188,141.55519104003906,143.4866180419922,117.68199920654297,3571256
2020-11-20,143.3946533203125,144.60702514648438,142.94314575195312,144.55685424804688,118.55976867675781,3177652
2020-11-23,145.28428649902344,146.20401000976562,145.02508544921875,145.6020050048828,119.41696166992188,2468903
2020-11-24,146.32107543945312,148.17726135253906,146.23745727539062,148.06019592285156,121.43305969238281,3690856
2020-11-25,147.85952758789062,148.277587890625,146.69732666015625,148.09364318847656,121.46049499511719,2454431
2020-11-27,148.67892456054688,150.1923065185547,146.7976531982422,147.90133666992188,121.30276489257812,1515452
2020-11-30,146.9648895263672,147.15719604492188,144.3979949951172,144.42308044433594,118.4500503540039,7344995
2020-12-01,145.6688995361328,146.8979949951172,142.14883422851562,142.57525634765625,116.93450927734375,4616082
2020-12-02,142.3578643798828,144.2976531982422,142.3244171142578,143.68728637695312,117.84660339355469,2896473
2020-12-03,143.01004028320312,144.97491455078125,143.01004028320312,143.67056274414062,117.83285522460938,2843849
2020-12-04,143.92140197753906,144.78260803222656,143.4281005859375,144.19732666015625,118.26490783691406,3185666
2020-12-07,143.57859802246094,144.23077392578125,141.45484924316406,142.26588439941406,116.68079376220703,3022053
2020-12-08,141.92308044433594,144.50668334960938,141.88963317871094,144.19732666015625,118.26490783691406,2070037
2020-12-09,144.37290954589844,146.85618591308594,143.75418090820312,146.56353759765625,120.20557403564453,3337916
2020-12-10,146.21237182617188,146.655517578125,144.38963317871094,145.05853271484375,118.9712142944336,2665645
2020-12-11,144.06353759765625,146.02842712402344,143.95484924316406,145.50167846679688,119.3346939086914,2243337
2020-12-14,146.8812713623047,147.3244171142578,144.64047241210938,144.71571350097656,118.6900634765625,4425320
2020-12-15,145.81103515625,146.37123107910156,144.27256774902344,146.0535125732422,119.78726959228516,2715638
2020-12-16,145.99497985839844,147.03176879882812,145.777587890625,146.66387939453125,120.28788757324219,2332080
2020-12-17,147.15719604492188,148.3779296875,146.64715576171875,147.70066833496094,121.1382064819336,2784049
2020-12-18,147.7926483154297,148.3779296875,146.4130401611328,147.50836181640625,120.98049926757812,5599672
2020-12-21,145.1588592529297,147.26588439941406,144.67391967773438,146.87290954589844,120.45928192138672,2038702
2020-12-22,146.3628692626953,147.09866333007812,145.6354522705078,146.1371307373047,119.8558349609375,1651915
2020-12-23,146.5718994140625,146.99832153320312,145.45150756835938,145.47659301757812,119.31407165527344,2108070
2020-12-24,145.83612060546875,146.14549255371094,145.0,145.91973876953125,119.67753601074219,784815
2020-12-28,146.58026123046875,147.49163818359375,145.81103515625,146.07859802246094,119.80781555175781,1677988
2020-12-29,146.7809295654297,146.85618591308594,144.7742462158203,145.35952758789062,119.21810913085938,1457804
2020-12-30,145.38461303710938,146.25418090820312,144.966552734375,145.57691955566406,119.39640045166016,1697244
2020-12-31,145.5852813720703,146.21237182617188,144.79933166503906,146.14549255371094,119.86271667480469,2202195
2021-01-04,146.32107543945312,147.3244171142578,142.60032653808594,143.70401000976562,117.86031341552734,3583455
2021-01-05,143.82107543945312,144.8578643798828,142.68394470214844,143.46153259277344,117.66140747070312,2745179
2021-01-06,144.4147186279297,146.7976531982422,143.84616088867188,145.64381408691406,119.45124053955078,4002294
2021-01-07,143.44480895996094,145.033447265625,138.9297637939453,141.90635681152344,116.38594055175781,7012626
2021-01-08,141.4464874267578,141.755859375,137.63377380371094,139.3143768310547,114.26008605957031,5750488
2021-01-11,138.8795928955078,139.74916076660156,137.95986938476562,138.12709045410156,113.28630828857422,3272974
2021-01-12,138.71237182617188,139.78260803222656,137.1906280517578,139.222412109375,114.18467712402344,3527124
2021-01-13,139.8578643798828,140.25083923339844,138.83779907226562,139.0301055908203,114.02693176269531,2509208
2021-01-14,139.8578643798828,139.93310546875,138.1521759033203,139.1387939453125,114.11609649658203,3462898
2021-01-15,138.4866180419922,139.0133819580078,136.6053466796875,138.41973876953125,113.5263671875,4246637
2021-01-19,139.84950256347656,141.76422119140625,139.4648895263672,141.40467834472656,115.97447967529297,4668227
2021-01-20,141.33779907226562,142.6254119873047,140.8277587890625,142.3244171142578,116.72879028320312,3196071
2021-01-21,142.3244171142578,143.38629150390625,141.63043212890625,142.70066833496094,117.03738403320312,3215087
2021-01-22,142.3076934814453,142.3076934814453,139.83277893066406,141.33779907226562,115.91963958740234,2809763
2021-01-25,141.20401000976562,144.222412109375,140.66053771972656,142.466552734375,116.84536743164062,4010308
2021-01-26,145.30101013183594,147.85952758789062,143.8795928955078,147.11538696289062,120.65816497802734,6158084
2021-01-27,148.25250244140625,156.58026123046875,148.12709045410156,156.06187438964844,127.9957504272461,9684012
2021-01-28,154.68228149414062,156.0033416748047,152.6588592529297,153.3612060546875,125.7807388305664,4967825
2021-01-29,152.4163818359375,152.99331665039062,146.21237182617188,146.87290954589844,120.45928192138672,5043771
2021-02-01,147.13211059570312,148.0852813720703,145.45986938476562,146.0702362060547,119.80101013183594,3073361
2021-02-02,147.36622619628906,148.43646240234375,146.19564819335938,146.33779907226562,120.02042388916016,3401902
2021-02-03,146.6387939453125,148.3612060546875,145.10870361328125,146.722412109375,120.33586120605469,3437543
2021-02-04,146.98159790039062,148.23577880859375,146.74749755859375,148.07691955566406,121.44677734375,2192268
2021-02-05,148.49497985839844,149.8578643798828,147.7424774169922,149.67391967773438,122.75658416748047,2179590
2021-02-08,149.9163818359375,151.22909545898438,149.8076934814453,151.1371307373047,123.95665740966797,2816700
2021-02-09,151.52174377441406,152.09030151367188,150.6521759033203,151.28762817382812,124.08008575439453,2323589
2021-02-10,152.07357788085938,152.49163818359375,151.0367889404297,151.40467834472656,124.17606353759766,2307084
2021-02-11,149.95819091796875,150.40133666992188,147.02340698242188,148.1688995361328,122.52364349365234,2617326
2021-02-12,148.2190704345703,149.53176879882812,148.1688995361328,149.4147186279297,123.55380249023438,1293474
2021-02-16,149.66555786132812,150.2424774169922,147.42474365234375,147.68394470214844,122.12260437011719,2193464
2021-02-17,147.19898986816406,148.244140625,146.43812561035156,147.70066833496094,122.13642883300781,1887408
2021-02-18,148.2023468017578,150.2257537841797,147.28260803222656,149.97491455078125,124.01705932617188,2496172
2021-02-19,150.1421356201172,151.14549255371094,147.3244171142578,147.60870361328125,122.06037902832031,3572213
2021-02-22,147.54180908203125,148.0685577392578,146.32943725585938,147.2575225830078,121.76998138427734,2716714
2021-02-23,148.44480895996094,148.44480895996094,146.07859802246094,147.29933166503906,121.8045654296875,2813351
2021-02-24,147.15719604492188,148.81271362304688,145.28428649902344,148.5200653076172,122.81401062011719,3280150
2021-02-25,148.4281005859375,151.12876892089844,148.35284423828125,149.4648895263672,123.59530639648438,3150623
2021-02-26,150.033447265625,150.04180908203125,145.99497985839844,146.37123107910156,121.03709411621094,4022507
2021-03-01,146.90635681152344,148.411376953125,146.90635681152344,147.5,121.9704818725586,2200640
2021-03-02,147.99331665039062,148.65383911132812,146.14549255371094,148.0852813720703,122.4544906616211,2717790
2021-03-03,148.35284423828125,150.51840209960938,147.82608032226562,148.8795928955078,123.11131286621094,2712289
2021-03-04,149.90802001953125,150.6521759033203,145.54347229003906,148.5200653076172,122.81401062011719,4228697
2021-03-05,149.2056884765625,151.80601501464844,147.95150756835938,151.17056274414062,125.00574493408203,2706309
2021-03-08,151.32943725585938,155.26756286621094,151.27926635742188,153.65383911132812,127.05924987792969,3079580
2021-03-09,153.4281005859375,153.97157287597656,151.35450744628906,151.48829650878906,125.26848602294922,3399152
2021-03-10,152.4832763671875,155.0,151.68060302734375,154.27256774902344,127.57086181640625,2835357
2021-03-11,153.1187286376953,154.7407989501953,152.2575225830078,154.32273864746094,127.61231994628906,2843251
2021-03-12,155.1923065185547,155.69398498535156,154.0718994140625,154.61538696289062,127.85433959960938,3219154
2021-03-15,155.54347229003906,158.5535125732422,155.2759246826172,158.4281005859375,131.00714111328125,3946800
2021-03-16,157.1906280517578,157.57525634765625,155.50167846679688,156.22909545898438,129.1887664794922,2707744
2021-03-17,156.63043212890625,158.85450744628906,156.3963165283203,157.44146728515625,130.19126892089844,3091780
2021-03-18,157.6923065185547,160.61036682128906,157.6923065185547,159.69898986816406,132.0580596923828,3648398
2021-03-19,159.3645477294922,159.69898986816406,157.76756286621094,157.78428649902344,130.4747772216797,7987964
2021-03-22,157.40802001953125,158.66220092773438,156.3628692626953,158.41973876953125,131.00025939941406,3115939
2021-03-23,157.83444213867188,160.2926483154297,157.10702514648438,157.466552734375,130.2120361328125,3311365
2021-03-24,157.5501708984375,161.15383911132812,157.2575225830078,159.43980407714844,131.84375,3383723
2021-03-25,160.23411560058594,161.6722412109375,159.00502014160156,161.45484924316406,133.51004028320312,2656316
2021-03-26,161.3795928955078,163.00167846679688,160.71070861816406,162.94314575195312,134.74073791503906,3202410
2021-03-29,161.88963317871094,164.48159790039062,161.7976531982422,163.66220092773438,135.3353271484375,3111753
2021-03-30,163.02674865722656,164.40635681152344,162.10702514648438,162.7424774169922,134.57481384277344,2244533
2021-03-31,162.15719604492188,162.56689453125,160.57691955566406,161.1036834716797,133.21961975097656,2902572
2021-04-01,161.58026123046875,162.14047241210938,159.56521606445312,161.1204071044922,133.2334442138672,2274912
2021-04-05,162.11538696289062,163.83779907226562,161.9648895263672,163.01840209960938,134.802978515625,2347748
2021-04-06,163.04347229003906,163.5535125732422,162.19898986816406,162.90969848632812,134.71307373046875,1761349
2021-04-07,162.3411407470703,163.33612060546875,162.14047241210938,163.00167846679688,134.7891082763672,1795794
2021-04-08,162.55853271484375,164.43980407714844,162.23243713378906,163.64549255371094,135.32150268554688,2860593
2021-04-09,163.9297637939453,166.35450744628906,163.9297637939453,165.5518341064453,136.8978729248047,2582882
2021-04-12,165.7190704345703,166.63043212890625,164.76588439941406,165.40969848632812,136.7803497314453,2011792
2021-04-13,163.88795471191406,164.99163818359375,163.35284423828125,164.27256774902344,135.84005737304688,2702601
2021-04-14,163.5033416748047,165.04180908203125,163.06019592285156,164.50668334960938,136.03367614746094,1883700
2021-04-15,164.9498291015625,165.39297485351562,163.80435180664062,165.11705017089844,136.53839111328125,1748074
2021-04-16,166.15383911132812,166.9481658935547,165.5351104736328,166.0367889404297,137.2989044189453,3312322
2021-04-19,165.64381408691406,166.12876892089844,164.43980407714844,166.04515075683594,137.3058319091797,2631798
2021-04-20,166.33779907226562,166.68060302734375,165.0836181640625,165.80267333984375,137.1053009033203,1977108
2021-04-21,165.80267333984375,168.47825622558594,165.6521759033203,167.95986938476562,138.88914489746094,3168204
2021-04-22,167.78428649902344,169.03846740722656,167.3745880126953,167.97659301757812,138.90298461914062,2650097
2021-04-23,168.06019592285156,169.86622619628906,168.0518341064453,169.06353759765625,139.80178833007812,2229464
2021-04-26,169.71571350097656,169.7240753173828,166.87290954589844,166.9147186279297,138.02488708496094,3084364
2021-04-27,160.1254119873047,163.76254272460938,157.71739196777344,162.5836181640625,134.44345092773438,6249100
2021-04-28,163.04347229003906,164.97491455078125,162.88461303710938,163.82107543945312,135.4667205810547,3010212
2021-04-29,164.55685424804688,166.73077392578125,164.1053466796875,166.4297637939453,137.6239013671875,2256852
2021-04-30,165.26756286621094,166.3795928955078,163.98829650878906,164.83277893066406,136.3032989501953,2998492
2021-05-03,165.54347229003906,166.7809295654297,164.4314422607422,166.06187438964844,137.31967163085938,2128641
2021-05-04,165.96153259277344,166.85618591308594,165.16722106933594,166.7056884765625,137.85202026367188,2247284
2021-05-05,167.2240753173828,168.66220092773438,165.45150756835938,168.4281005859375,139.27630615234375,2414126
2021-05-06,168.2943115234375,169.32273864746094,167.60870361328125,169.2391357421875,139.94699096679688,2201358
2021-05-07,169.155517578125,170.45986938476562,168.2608642578125,169.7909698486328,140.4033203125,2204946
2021-05-10,171.40467834472656,174.7073516845703,170.6187286376953,173.35284423828125,143.34869384765625,3842389
2021-05-11,172.7424774169922,173.00167846679688,169.23077392578125,170.33444213867188,140.85272216796875,3052790
2021-05-12,170.2257537841797,170.31771850585938,166.19564819335938,166.27926635742188,137.49945068359375,2667798
2021-05-13,166.0869598388672,170.6020050048828,165.8779296875,170.07525634765625,140.63841247558594,2014423
2021-05-14,170.5685577392578,171.50502014160156,169.7407989501953,170.88629150390625,141.30906677246094,1764578
2021-05-17,171.0702362060547,171.69732666015625,170.3093719482422,171.4966583251953,141.81381225585938,1833109
2021-05-18,171.3963165283203,171.55519104003906,169.57357788085938,169.7575225830078,140.37567138671875,2119073
2021-05-19,168.82107543945312,169.48159790039062,166.66387939453125,169.3979949951172,140.07835388183594,2655359
2021-05-20,168.1354522705078,169.05519104003906,167.6421356201172,168.6036834716797,140.44749450683594,1689350
2021-05-21,168.65383911132812,170.36788940429688,168.12709045410156,168.77926635742188,140.59376525878906,1838491
2021-05-24,169.56521606445312,170.16722106933594,168.82943725585938,169.40635681152344,141.11611938476562,1828923
2021-05-25,169.60702514648438,169.73243713378906,168.36956787109375,168.65383911132812,140.48927307128906,1817202
2021-05-26,168.22743225097656,168.72073364257812,167.47491455078125,168.54515075683594,140.39874267578125,2209371
2021-05-27,169.73243713378906,170.5518341064453,169.4147186279297,169.93310546875,141.55490112304688,2939290
2021-05-28,170.46823120117188,170.8946533203125,169.56521606445312,169.76588439941406,141.41561889648438,2082475
2021-06-01,171.38795471191406,171.4799346923828,169.35618591308594,169.89967346191406,141.52706909179688,1874491
2021-06-02,170.34280395507812,170.54347229003906,169.19732666015625,169.97491455078125,141.58973693847656,2245370
2021-06-03,169.3143768310547,171.12876892089844,168.73745727539062,170.2926483154297,141.8544158935547,2274912
2021-06-04,170.66053771972656,172.3411407470703,170.37625122070312,172.28260803222656,143.51205444335938,2234846
2021-06-07,172.533447265625,172.91806030273438,169.99163818359375,170.34280395507812,141.8961944580078,1831196
2021-06-08,168.8963165283203,170.6020050048828,168.17726135253906,170.2257537841797,141.7986602783203,2034874
2021-06-09,170.20066833496094,170.2090301513672,168.84616088867188,169.51504516601562,141.20663452148438,2042290
2021-06-10,170.69398498535156,171.3795928955078,169.54849243164062,169.8411407470703,141.478271484375,2335908
2021-06-11,170.36788940429688,171.32107543945312,168.49497985839844,169.57357788085938,141.25546264648438,2028775
2021-06-14,169.1387939453125,170.2257537841797,167.57525634765625,168.3612060546875,140.2454833984375,2088096
2021-06-15,168.72909545898438,168.77926635742188,166.8311004638672,167.73411560058594,139.72315979003906,2045040
2021-06-16,167.70066833496094,168.0518341064453,164.55685424804688,164.64047241210938,137.14613342285156,2654761
2021-06-17,164.54849243164062,165.13377380371094,161.37123107910156,163.16053771972656,135.913330078125,3091540
2021-06-18,161.40467834472656,161.8478240966797,160.1421356201172,160.20066833496094,133.44775390625,6045302
2021-06-21,161.8645477294922,164.40635681152344,161.8645477294922,163.2190704345703,135.9621124267578,3023966
2021-06-22,162.83444213867188,163.92140197753906,162.2909698486328,163.16053771972656,135.913330078125,2120030
2021-06-23,162.87625122070312,163.3946533203125,160.76922607421875,160.83612060546875,133.97708129882812,3559894
2021-06-24,161.6220703125,161.98995971679688,160.23411560058594,161.588623046875,134.60394287109375,2621393
2021-06-25,161.722412109375,163.31939697265625,161.6220703125,162.83444213867188,135.6416778564453,7385898
2021-06-28,163.67892456054688,164.64883422851562,162.533447265625,164.2976531982422,136.86056518554688,2512198
2021-06-29,164.0468292236328,165.40969848632812,163.64549255371094,163.90467834472656,136.53321838378906,2222168
2021-06-30,163.79598999023438,166.37123107910156,163.49497985839844,166.07859802246094,138.34408569335938,3100032
2021-07-01,166.76422119140625,166.9481658935547,165.34280395507812,166.4632110595703,138.6644744873047,2222048
2021-07-02,166.16220092773438,167.466552734375,165.50167846679688,167.13211059570312,139.22166442871094,1929028
2021-07-06,164.222412109375,165.36788940429688,162.84280395507812,164.62374877929688,137.1322021484375,3045494
2021-07-07,163.98829650878906,167.2742462158203,163.98829650878906,167.10702514648438,139.20079040527344,2027220
2021-07-08,165.9698944091797,166.8478240966797,164.9832763671875,165.777587890625,138.09335327148438,2591852
2021-07-09,166.97325134277344,168.81271362304688,166.59698486328125,168.06019592285156,139.99478149414062,2925536
2021-07-12,165.6354522705078,168.44480895996094,165.46823120117188,167.2073516845703,139.28431701660156,2588144
2021-07-13,167.29933166503906,168.1688995361328,166.5133819580078,166.88963317871094,139.01971435546875,2019207
2021-07-14,167.7090301513672,169.88294982910156,167.23243713378906,169.59030151367188,141.26937866210938,2939409
2021-07-15,168.41973876953125,169.54013061523438,167.66722106933594,169.38963317871094,141.10220336914062,2557885
2021-07-16,169.83277893066406,169.90802001953125,166.31271362304688,166.69732666015625,138.85948181152344,2959024
2021-07-19,165.37625122070312,166.0033416748047,163.1354522705078,165.18394470214844,137.59884643554688,3762975
2021-07-20,165.83612060546875,169.08026123046875,165.61036682128906,167.90969848632812,139.86940002441406,3328827
2021-07-21,168.1688995361328,169.63211059570312,167.1906280517578,167.86788940429688,139.83460998535156,2390924
2021-07-22,168.4866180419922,168.6036834716797,166.1204071044922,166.4464874267578,138.65054321289062,2033798
2021-07-23,167.65049743652344,168.09364318847656,166.33779907226562,167.63377380371094,139.6395721435547,1878557
2021-07-26,167.60032653808594,169.51504516601562,167.16555786132812,168.6204071044922,140.46144104003906,2881403
2021-07-27,164.89129638671875,168.11036682128906,162.96823120117188,167.61705017089844,139.6256103515625,3587880
2021-07-28,166.655517578125,167.533447265625,165.6354522705078,165.78594970703125,138.10031127929688,2558364
2021-07-29,167.2240753173828,167.2240753173828,165.50167846679688,165.69398498535156,138.02369689941406,2535759
2021-07-30,165.5518341064453,166.588623046875,164.88294982910156,165.50167846679688,137.86354064941406,2284719
2021-08-02,166.4464874267578,167.8093719482422,165.0836181640625,165.15049743652344,137.5709991455078,1593670
2021-08-03,166.0033416748047,169.0718994140625,165.0501708984375,168.0852813720703,140.0156707763672,2641007
2021-08-04,167.55853271484375,167.90133666992188,164.88294982910156,165.1588592529297,137.5779571533203,2460172
2021-08-05,166.01170349121094,166.48829650878906,164.95819091796875,165.38461303710938,137.7659912109375,1883939
2021-08-06,165.7023468017578,166.59698486328125,165.1755828857422,165.66053771972656,137.995849609375,1334975
2021-08-09,165.2592010498047,165.67726135253906,164.53176879882812,165.07525634765625,137.50830078125,1427187
2021-08-10,165.75250244140625,166.7976531982422,165.30101013183594,166.59698486328125,138.77590942382812,1911686
2021-08-11,167.2240753173828,168.70401000976562,166.64715576171875,168.5367889404297,140.3917694091797,2652010
2021-08-12,168.46153259277344,169.2056884765625,167.52508544921875,168.41973876953125,140.29428100585938,1473233
2021-08-13,168.25250244140625,168.65383911132812,167.466552734375,167.7090301513672,139.70225524902344,2285197
2021-08-16,168.1354522705078,169.54013061523438,167.54180908203125,169.16387939453125,140.9141387939453,1921972
2021-08-17,168.8963165283203,168.8963165283203,165.21739196777344,166.8478240966797,138.98486328125,2736328
2021-08-18,166.02842712402344,166.22909545898438,164.1387939453125,164.30601501464844,136.86758422851562,2530856
2021-08-19,163.04347229003906,164.0718994140625,162.466552734375,163.344482421875,136.06655883789062,2766109
2021-08-20,162.49163818359375,163.1521759033203,161.68060302734375,162.3411407470703,136.26307678222656,2867290
2021-08-23,163.04347229003906,164.08026123046875,161.93980407714844,162.7759246826172,136.62802124023438,2361263
2021-08-24,162.89297485351562,163.9632110595703,162.49163818359375,162.83444213867188,136.67713928222656,1665310
2021-08-25,162.6421356201172,163.0852813720703,161.1371307373047,162.49163818359375,136.38938903808594,1928670
2021-08-26,162.36622619628906,163.36956787109375,161.92308044433594,163.31103515625,137.07717895507812,1742931
2021-08-27,163.8795928955078,164.4314422607422,162.3076934814453,163.0852813720703,136.8876953125,2567214
2021-08-30,163.19398498535156,164.95819091796875,162.85116577148438,164.02174377441406,137.67372131347656,1511624
2021-08-31,163.75418090820312,163.87123107910156,162.33277893066406,162.82608032226562,136.67010498046875,3365424
2021-09-01,162.66722106933594,162.83444213867188,161.32107543945312,161.7391357421875,135.75779724121094,2302778
2021-09-02,162.26588439941406,162.97659301757812,161.76422119140625,162.95150756835938,136.77540588378906,2505022
2021-09-03,162.59197998046875,163.5535125732422,161.8979949951172,162.533447265625,136.4244842529297,1751542
2021-09-07,161.30435180664062,162.68394470214844,155.15049743652344,155.16722106933594,130.2415313720703,7035231
2021-09-08,155.21739196777344,157.52508544921875,154.69898986816406,157.09866333007812,131.8627471923828,4374131
2021-09-09,156.80601501464844,157.61705017089844,154.73243713378906,155.3093719482422,130.36087036132812,3634046
2021-09-10,156.23745727539062,156.5468292236328,154.26422119140625,154.30601501464844,129.5186767578125,2668874
2021-09-13,154.93310546875,157.12374877929688,153.51170349121094,154.8745880126953,129.99595642089844,6035614
2021-09-14,155.2257537841797,155.51840209960938,151.90635681152344,152.52508544921875,128.0238037109375,3975624
2021-09-15,152.85952758789062,154.7742462158203,152.4498291015625,154.00502014160156,129.2660675048828,3055182
2021-09-16,153.97157287597656,154.3478240966797,152.02340698242188,152.7257537841797,128.19227600097656,3054106
2021-09-17,151.4130401611328,152.7257537841797,150.00836181640625,151.74749755859375,127.37114715576172,12820283
2021-09-20,149.3645477294922,151.95652770996094,149.0718994140625,150.94480895996094,126.69740295410156,4965912
2021-09-21,151.31271362304688,151.40467834472656,148.57859802246094,149.18060302734375,125.21662139892578,3564200
2021-09-22,149.92474365234375,151.29598999023438,149.61538696289062,150.36788940429688,126.21318817138672,2656077
2021-09-23,150.62709045410156,152.88461303710938,150.50167846679688,151.7809295654297,127.39920043945312,2615054
2021-09-24,151.755859375,152.23243713378906,151.0200653076172,151.37123107910156,127.05530548095703,2483972
2021-09-27,151.19564819335938,153.14381408691406,151.17892456054688,151.99832153320312,127.58171844482422,2454312
2021-09-28,152.02340698242188,152.88461303710938,150.3093719482422,150.54347229003906,126.36053466796875,2739318
2021-09-29,150.43478393554688,151.66387939453125,149.8076934814453,151.23745727539062,126.94302368164062,2003061
2021-09-30,151.93980407714844,152.2240753173828,146.63043212890625,146.6722412109375,123.1112060546875,3869778
2021-10-01,147.36622619628906,148.33612060546875,145.6688995361328,147.7257537841797,123.99547576904297,2893483
2021-10-04,145.61036682128906,148.07691955566406,145.30101013183594,147.1906280517578,123.54631805419922,3600080
2021-10-05,147.3076934814453,149.33946228027344,146.7976531982422,148.72909545898438,124.83761596679688,2258407
2021-10-06,147.68394470214844,149.28929138183594,146.755859375,149.16387939453125,125.20257568359375,2460890
2021-10-07,150.50167846679688,151.15383911132812,148.57859802246094,148.66220092773438,124.78150177001953,3442208
2021-10-08,148.4698944091797,148.9130401611328,147.8093719482422,147.95150756835938,124.1849594116211,2953522
2021-10-11,148.84616088867188,149.3311004638672,147.3244171142578,147.39129638671875,123.71473693847656,3218556
2021-10-12,147.40802001953125,147.90133666992188,146.4297637939453,146.76422119140625,123.18839263916016,2578456
2021-10-13,146.8311004638672,149.16387939453125,146.35450744628906,148.1354522705078,124.33932495117188,2428478
2021-10-14,148.82943725585938,150.83612060546875,148.78762817382812,150.76922607421875,126.55006408691406,2725923
2021-10-15,151.07859802246094,153.01004028320312,151.0702362060547,152.12374877929688,127.68695831298828,2584317
2021-10-18,151.16220092773438,152.10702514648438,149.9498291015625,151.93980407714844,127.53260803222656,2096947
2021-10-19,152.54180908203125,152.88461303710938,151.87290954589844,152.43310546875,127.94660949707031,1667344
2021-10-20,152.66722106933594,153.16053771972656,152.2073516845703,152.52508544921875,128.0238037109375,2139046
2021-10-21,152.88461303710938,153.0351104736328,150.93646240234375,152.2742462158203,127.81331634521484,1986556
2021-10-22,152.65049743652344,153.25250244140625,151.15383911132812,151.17056274414062,126.88689422607422,3146556
2021-10-25,150.91973876953125,152.96823120117188,150.04180908203125,152.50836181640625,128.0098114013672,3235300
2021-10-26,151.3963165283203,153.69564819335938,149.8076934814453,152.3076934814453,127.84137725830078,3750178
2021-10-27,152.39967346191406,152.45819091796875,148.8963165283203,149.0301055908203,125.09028625488281,3141892
2021-10-28,149.03846740722656,150.51004028320312,149.0301055908203,150.39297485351562,126.2342300415039,2326100
2021-10-29,150.2592010498047,151.26254272460938,148.9297637939453,149.3979949951172,125.39904022216797,3061162
2021-11-01,149.27256774902344,150.28428649902344,148.41973876953125,150.15049743652344,126.03067779541016,2404558
2021-11-02,150.49331665039062,152.2575225830078,150.1755828857422,152.14883422851562,127.70803833007812,2646748
2021-11-03,151.99832153320312,152.6923065185547,150.48495483398438,152.36622619628906,127.89051055908203,2372146
2021-11-04,152.56689453125,152.97659301757812,150.7023468017578,151.01170349121094,126.75357055664062,2453474
2021-11-05,152.2742462158203,153.69564819335938,151.29598999023438,152.00668334960938,127.58870697021484,2169903
2021-11-08,152.7257537841797,153.36956787109375,150.72743225097656,151.78929138183594,127.40625,2219656
2021-11-09,151.64715576171875,152.65049743652344,150.8779296875,151.61370849609375,127.25885772705078,2131750
2021-11-10,151.61370849609375,152.87625122070312,150.50167846679688,152.52508544921875,128.0238037109375,2048270
2021-11-11,153.01840209960938,153.04347229003906,150.09197998046875,150.67726135253906,126.47282409667969,2376093
2021-11-12,151.29598999023438,155.76922607421875,150.744140625,153.56187438964844,128.89405822753906,5268021
2021-11-15,153.92140197753906,154.71571350097656,152.92642211914062,153.26922607421875,128.6484375,1750226
2021-11-16,153.26922607421875,154.0133819580078,152.7592010498047,153.31939697265625,128.69053649902344,2362100
2021-11-17,153.31939697265625,153.73745727539062,151.8645477294922,153.2943115234375,128.66952514648438,2692316
2021-11-18,152.26588439941406,152.6254119873047,149.40635681152344,149.47325134277344,126.48326873779297,3029229
2021-11-19,150.033447265625,151.17892456054688,148.9297637939453,149.8578643798828,126.8087387084961,2969190
2021-11-22,149.8745880126953,152.40802001953125,149.48159790039062,150.21739196777344,127.11295318603516,2836792
2021-11-23,151.01170349121094,151.6053466796875,149.37290954589844,150.0501708984375,126.97145080566406,2325263
2021-11-24,149.64047241210938,150.0836181640625,148.44480895996094,148.5200653076172,125.67668914794922,1780246
2021-11-26,145.91973876953125,147.85116577148438,144.9832763671875,146.755859375,124.18382263183594,2287111
2021-11-29,147.5501708984375,147.85116577148438,146.30435180664062,147.34950256347656,124.6861801147461,2780102
2021-11-30,146.0702362060547,147.04013061523438,142.09030151367188,142.17391967773438,120.30662536621094,6387238
2021-12-01,144.27256774902344,146.02842712402344,142.7257537841797,142.75083923339844,120.7948226928711,3893698
2021-12-02,143.4281005859375,144.4648895263672,142.03176879882812,142.3578643798828,120.46231079101562,4027052
2021-12-03,142.05685424804688,144.57357788085938,141.45484924316406,144.30601501464844,122.11074829101562,3610604
2021-12-06,145.91973876953125,149.06353759765625,145.48495483398438,148.16053771972656,125.37248229980469,4088646
2021-12-07,148.0852813720703,149.11370849609375,147.3076934814453,147.61705017089844,124.91253662109375,2778069
2021-12-08,147.57525634765625,147.85116577148438,145.844482421875,147.1906280517578,124.55175018310547,2305888
2021-12-09,147.56689453125,148.3277587890625,146.85618591308594,147.10702514648438,124.48097229003906,2103286
2021-12-10,148.77926635742188,148.77926635742188,147.24916076660156,148.07691955566406,125.30172729492188,1846146
2021-12-13,147.99331665039062,148.30267333984375,145.8277587890625,145.9698944091797,123.51874542236328,3025760
2021-12-14,146.19564819335938,147.6588592529297,145.69398498535156,146.0869598388672,123.6177978515625,2783690
2021-12-15,146.38795471191406,147.3411407470703,145.38461303710938,146.97325134277344,124.36780548095703,2559320
2021-12-16,147.75083923339844,149.61538696289062,146.17056274414062,149.088623046875,126.15779876708984,2691000
2021-12-17,148.71237182617188,149.09698486328125,145.76922607421875,146.11204528808594,123.63907623291016,4799189
2021-12-20,144.8244171142578,145.38461303710938,142.94314575195312,144.3478240966797,122.14615631103516,2369754
2021-12-21,145.0167236328125,145.47659301757812,143.9966583251953,144.58193969726562,122.34426879882812,2384944
2021-12-22,144.58193969726562,144.8411407470703,143.43646240234375,144.3478240966797,122.14615631103516,2418312
2021-12-23,144.64047241210938,146.83946228027344,144.4648895263672,146.29598999023438,123.79468536376953,2339017
2021-12-27,146.4464874267578,147.76756286621094,146.24581909179688,147.7424774169922,125.01874542236328,1414868
2021-12-28,147.85952758789062,149.24749755859375,147.78428649902344,148.52842712402344,125.68376159667969,1936204
2021-12-29,148.3946533203125,149.57357788085938,148.1856231689453,149.1722412109375,126.22856903076172,1461392
2021-12-30,149.55685424804688,149.81605529785156,148.47825622558594,148.52842712402344,125.68376159667969,1276491
2021-12-31,148.43646240234375,149.1220703125,147.5836181640625,148.5200653076172,125.67668914794922,1691862
2022-01-03,149.09698486328125,149.7407989501953,147.02340698242188,148.61204528808594,125.75454711914062,2309117
2022-01-04,149.23077392578125,151.55519104003906,148.85450744628906,150.69398498535156,127.51624298095703,3016551
2022-01-05,148.1020050048828,151.98995971679688,147.99331665039062,150.07525634765625,126.99268341064453,3531070
2022-01-06,151.23745727539062,151.5718994140625,148.44480895996094,148.82943725585938,125.93846893310547,2996458
2022-01-07,148.93812561035156,150.911376953125,148.17726135253906,150.45986938476562,127.31815338134766,3349039
2022-01-10,150.04180908203125,150.35952758789062,147.8093719482422,148.33612060546875,125.52104187011719,2772328
2022-01-11,148.82943725585938,150.1254119873047,147.50836181640625,149.64883422851562,126.63185119628906,2707983
2022-01-12,149.66555786132812,150.51004028320312,149.32273864746094,150.0167236328125,126.9431381225586,2067286
2022-01-13,150.40133666992188,151.6220703125,149.6906280517578,151.35450744628906,128.07518005371094,2505261
2022-01-14,151.22073364257812,151.22073364257812,148.5535125732422,149.4481658935547,126.46202087402344,2734176
2022-01-18,148.9799346923828,149.28929138183594,147.29933166503906,149.06353759765625,126.13654327392578,2883078
2022-01-19,150.35952758789062,151.22909545898438,148.5200653076172,149.23077392578125,126.27810668945312,2354446
2022-01-20,149.3143768310547,149.84950256347656,144.90802001953125,145.1254119873047,122.8041763305664,3369491
2022-01-21,144.9832763671875,147.17391967773438,144.2809295654297,144.35618591308594,122.15326690673828,4161004
2022-01-24,143.69564819335938,144.8244171142578,141.16220092773438,144.48159790039062,122.25936126708984,5635193
2022-01-25,145.09197998046875,145.9531707763672,140.47659301757812,145.2759246826172,122.93154907226562,6041116
2022-01-26,145.7190704345703,146.5301055908203,140.6354522705078,141.55519104003906,119.78305053710938,5274360
2022-01-27,141.38795471191406,143.9130401611328,140.83612060546875,142.2742462158203,120.39154815673828,3328229
2022-01-28,140.7943115234375,141.09532165527344,134.23077392578125,136.37123107910156,115.39641571044922,7441034
2022-01-31,136.0367889404297,139.03846740722656,135.10870361328125,138.81271362304688,117.46238708496094,6088118
2022-02-01,138.4531707763672,140.43478393554688,137.7592010498047,139.99163818359375,118.4599838256836,3573528
2022-02-02,140.30101013183594,141.5133819580078,138.62876892089844,139.3478240966797,117.91521453857422,3816795
2022-02-03,139.0133819580078,139.40635681152344,137.2073516845703,137.4498291015625,116.30912017822266,3120005
2022-02-04,136.9481658935547,137.7424774169922,133.8628692626953,134.38963317871094,113.71961975097656,4839614
2022-02-07,134.40635681152344,135.71070861816406,133.78762817382812,134.7575225830078,114.03092956542969,2919556
2022-02-08,134.97491455078125,136.3795928955078,134.0468292236328,135.7943115234375,114.90827178955078,2839184
2022-02-09,136.74749755859375,137.3411407470703,135.39297485351562,136.82273864746094,115.77850341796875,2563746
2022-02-10,135.45986938476562,136.11204528808594,132.95986938476562,133.56187438964844,113.01918029785156,4345307
2022-02-11,133.9130401611328,135.11705017089844,132.7759246826172,133.3946533203125,112.8776626586914,4344709
2022-02-14,133.23577880859375,133.43646240234375,129.89967346191406,132.11538696289062,111.79515075683594,5542742
2022-02-15,132.7090301513672,133.01004028320312,130.64381408691406,131.55519104003906,111.32112884521484,3989617
2022-02-16,131.27090454101562,132.10702514648438,128.85450744628906,130.1254119873047,110.11125946044922,5346120
2022-02-17,126.1287612915039,126.64715576171875,124.14715576171875,124.28093719482422,106.18230438232422,7424409
2022-02-18,123.91304016113281,125.17558288574219,123.11036682128906,123.42809295654297,105.45365142822266,6002485
2022-02-22,123.91304016113281,124.1722412109375,121.9732437133789,122.70066833496094,104.83216094970703,5392884
2022-02-23,122.70066833496094,123.18561553955078,120.5100326538086,120.71906280517578,103.13911437988281,4600534
2022-02-24,118.81270599365234,120.30936431884766,116.83946228027344,120.15050506591797,102.65336608886719,7304092
2022-02-25,120.74414825439453,126.88963317871094,120.69397735595703,125.844482421875,107.51814270019531,8052309
2022-02-28,124.82441711425781,125.10869598388672,122.70066833496094,124.28929901123047,106.18944549560547,5041499
2022-03-01,124.23076629638672,124.59866333007812,120.5267562866211,121.02842712402344,103.4034423828125,3963424
2022-03-02,121.74748992919922,124.05518341064453,121.17057037353516,123.09364318847656,105.16790008544922,4466582
2022-03-03,124.18060302734375,125.40969848632812,123.344482421875,123.99665832519531,105.93941497802734,4549823
2022-03-04,122.20735931396484,123.48662567138672,121.85618591308594,122.68394470214844,104.81787109375,3869299
2022-03-07,121.85618591308594,121.85618591308594,119.2056884765625,119.79933166503906,102.35334777832031,5446584
2022-03-08,121.43812561035156,124.97491455078125,119.78260803222656,121.57190704345703,103.86778259277344,5507939
2022-03-09,123.6287612915039,124.79933166503906,122.4832763671875,122.57524871826172,104.72501373291016,3991411
2022-03-10,121.52173614501953,122.04013061523438,119.84114074707031,120.34281158447266,102.81766510009766,4537624
2022-03-11,119.95819091796875,120.80267333984375,117.75083923339844,117.85953521728516,100.69602966308594,4962682
2022-03-14,118.26923370361328,121.47993469238281,118.26923370361328,119.966552734375,102.49620819091797,4676480
2022-03-15,121.1287612915039,121.6387939453125,119.22240447998047,120.66053771972656,103.0891342163086,3991411
2022-03-16,121.03678894042969,122.29933166503906,119.43143463134766,121.66387939453125,103.94635009765625,4561305
2022-03-17,121.49665832519531,123.50334167480469,120.5267562866211,123.48662567138672,105.50365447998047,3332893
2022-03-18,122.96822357177734,124.1220703125,121.42140197753906,124.01337432861328,105.95370483398438,9426992
2022-03-21,124.32273864746094,125.20066833496094,123.24414825439453,124.23076629638672,106.1394271850586,5399820
2022-03-22,124.95819091796875,126.12039947509766,124.16387939453125,125.36788940429688,107.11097717285156,5085392
2022-03-23,125.15885925292969,125.23411560058594,123.3779296875,123.47826385498047,105.49650573730469,3154091
2022-03-24,123.84615325927734,124.77424621582031,123.24414825439453,124.56521606445312,106.4251937866211,2425608
2022-03-25,124.80769348144531,126.40467834472656,124.5066909790039,125.80267333984375,107.48242950439453,2688369
2022-03-28,125.35953521728516,125.5267562866211,123.06856536865234,124.97491455078125,106.77522277832031,3205160
2022-03-29,126.25418090820312,127.85953521728516,125.45150756835938,127.15718841552734,108.63969421386719,3221067
2022-03-30,126.53009796142578,128.14381408691406,126.06187438964844,126.61370849609375,108.17536163330078,2864540
2022-03-31,125.7943115234375,126.46321105957031,124.41471862792969,124.48160552978516,106.35372161865234,3819785
2022-04-01,125.10869598388672,125.3010025024414,122.7842788696289,125.15885925292969,106.932373046875,2626894
2022-04-04,124.63211059570312,125.42642211914062,122.14046478271484,125.02508544921875,106.81806182861328,3147633
2022-04-05,124.28929901123047,125.94481658935547,124.1722412109375,124.49832916259766,106.3680191040039,2569726
2022-04-06,123.18561553955078,125.74414825439453,122.95150756835938,125.66889953613281,107.36813354492188,3235778
2022-04-07,124.90802764892578,125.81103515625,123.3779296875,125.37625122070312,107.11810302734375,2630004
2022-04-08,126.25418090820312,126.79766082763672,124.89966583251953,125.25919342041016,107.0180892944336,3337438
2022-04-11,125.7943115234375,127.27424621582031,125.38461303710938,125.51839447021484,107.23955535888672,2964645
2022-04-12,126.53845977783203,126.69732666015625,123.8210678100586,124.23076629638672,106.1394271850586,3125028
2022-04-13,124.18060302734375,124.72408294677734,123.38629150390625,124.29766082763672,106.19659423828125,2382552
2022-04-14,124.28929901123047,125.07524871826172,123.08528137207031,123.22742462158203,105.28218841552734,2787996
2022-04-18,123.28594970703125,124.02173614501953,121.86454772949219,122.22408294677734,104.42496490478516,2123857
2022-04-19,122.7842788696289,125.91136932373047,122.7842788696289,125.50167083740234,107.22526550292969,2746016
2022-04-20,126.09532165527344,127.50836181640625,125.8612060546875,125.91136932373047,107.57527923583984,2367960
2022-04-21,127.07357788085938,128.01004028320312,126.51337432861328,126.89799499511719,108.41825103759766,2795291
2022-04-22,126.08695983886719,126.24581909179688,123.94648742675781,124.72408294677734,106.56092071533203,3776250
2022-04-25,124.33946228027344,124.60702514648438,121.9732437133789,124.24748992919922,106.15373229980469,4104911
2022-04-26,121.58026885986328,122.89297485351562,119.4565200805664,120.58528137207031,103.02483367919922,5789118
2022-04-27,121.05351257324219,122.14046478271484,120.17558288574219,120.57691955566406,103.01768493652344,3736663
2022-04-28,121.02842712402344,123.52006530761719,120.50167083740234,123.0267562866211,105.11076354980469,3035089
2022-04-29,123.16053771972656,124.21405029296875,120.29264068603516,120.58528137207031,103.02483367919922,4966151
2022-05-02,120.8277587890625,123.3277587890625,120.21739196777344,121.99832916259766,104.23208618164062,4445891
2022-05-03,122.24916076660156,124.4565200805664,122.0066909790039,123.81270599365234,105.78225708007812,3000405
2022-05-04,124.58193969726562,129.3143768310547,123.6454849243164,128.95484924316406,110.17557525634766,4418263
2022-05-05,128.0685577392578,128.4698944091797,123.93812561035156,124.966552734375,106.76807403564453,3965816
2022-05-06,124.80769348144531,125.22575378417969,122.65050506591797,125.02508544921875,106.81806182861328,2954479
2022-05-09,124.11370849609375,128.5702362060547,123.69564819335938,127.40802764892578,108.8539810180664,4979068
2022-05-10,128.76254272460938,128.79598999023438,123.86287689208984,124.6822738647461,106.52520751953125,4189827
2022-05-11,125.40969848632812,125.5267562866211,122.2157211303711,122.41638946533203,104.58927154541016,3286608
2022-05-12,122.56688690185547,125.10033416748047,122.08193969726562,125.07524871826172,106.8609390258789,3371524
2022-05-13,125.59364318847656,125.71070098876953,123.72073364257812,124.83277893066406,106.65377044677734,3292947
2022-05-16,124.76588439941406,126.1120376586914,122.33277893066406,125.83612060546875,107.51100158691406,3245585
2022-05-17,127.08193969726562,127.50836181640625,125.85284423828125,127.37458038330078,108.82543182373047,2519733
2022-05-18,126.74748992919922,126.84782409667969,124.1387939453125,124.5234146118164,106.38946533203125,3538605
2022-05-19,122.24080657958984,124.49832916259766,120.4933090209961,122.87625122070312,106.04309844970703,3285053
2022-05-20,123.3612060546875,123.69564819335938,117.96822357177734,120.25919342041016,103.78456115722656,5017698
2022-05-23,120.88629150390625,122.04849243164062,120.40969848632812,120.71906280517578,104.18142700195312,3391976
2022-05-24,120.69397735595703,122.25752258300781,117.89297485351562,121.86454772949219,105.16997528076172,3156005
2022-05-25,121.59699249267578,122.20735931396484,120.02508544921875,121.89799499511719,105.1988754272461,2244772
2022-05-26,122.69230651855469,124.42308044433594,122.65885925292969,122.94314575195312,106.10081481933594,2544251
2022-05-27,123.92140197753906,125.0167236328125,123.63712310791016,125.00836181640625,107.88313293457031,2124933
2022-05-31,123.97157287597656,125.2842788696289,122.01505279541016,124.82441711425781,107.7243881225586,4956224
2022-06-01,124.85785675048828,124.99163818359375,121.73912811279297,122.42475128173828,105.6534423828125,2882838
2022-06-02,123.344482421875,123.98829650878906,120.81939697265625,123.89632415771484,106.92342376708984,2274074
2022-06-03,122.90969848632812,123.30267333984375,121.50502014160156,122.04849243164062,105.32874298095703,2244055
2022-06-06,122.39966583251953,123.16053771972656,121.78093719482422,122.24916076660156,105.50189971923828,1884418
2022-06-07,121.60535430908203,122.90133666992188,120.25083923339844,122.8010025024414,105.97815704345703,2159139
2022-06-08,121.7056884765625,122.58361053466797,120.64381408691406,121.58863067626953,104.931884765625,2046834
2022-06-09,121.66387939453125,123.06856536865234,120.51839447021484,120.55184173583984,104.03712463378906,2593287
2022-06-10,118.72909545898438,119.1220703125,115.033447265625,115.09197235107422,99.32520294189453,7037144
2022-06-13,114.32273864746094,115.66889953613281,113.39464569091797,114.02173614501953,98.40159606933594,4922736
2022-06-14,114.28093719482422,115.67726135253906,112.37458038330078,113.08528137207031,97.59342193603516,3199539
2022-06-15,113.51170349121094,114.28093719482422,111.25418090820312,112.31605529785156,96.9295654296875,3912236
2022-06-16,110.8277587890625,110.8277587890625,108.97157287597656,109.48160552978516,94.48341369628906,4458927
2022-06-17,109.33946228027344,110.2675552368164,107.62541961669922,108.56187438964844,93.68968963623047,8588356
2022-06-21,108.97993469238281,109.59866333007812,108.08528137207031,108.70401000976562,93.81234741210938,4459166
2022-06-22,107.66722106933594,110.02508544921875,107.1822738647461,109.03009796142578,94.09378051757812,3468639
2022-06-23,108.8712387084961,109.59030151367188,107.44147491455078,108.8210678100586,93.91339111328125,2680236
2022-06-24,109.97491455078125,112.5,109.7324447631836,112.31605529785156,96.9295654296875,4376523
2022-06-27,112.38294219970703,112.60033416748047,110.61036682128906,111.03678894042969,95.82555389404297,2856766
2022-06-28,111.92308044433594,112.5167236328125,108.8210678100586,108.97157287597656,94.04326629638672,2880327
2022-06-29,108.69564819335938,108.97993469238281,107.70066833496094,108.50334167480469,93.63917541503906,3374036
2022-06-30,107.61705780029297,108.8712387084961,106.43812561035156,108.20233917236328,93.37940216064453,3995956
2022-07-01,108.20233917236328,108.55351257324219,105.8612060546875,107.43311309814453,92.71556854248047,4450077
2022-07-05,106.17057037353516,108.22742462158203,105.0167236328125,108.03511810302734,93.23511505126953,4670739
2022-07-06,108.27759552001953,109.5234146118164,106.9899673461914,108.56187438964844,93.68968963623047,3625794
2022-07-07,108.80435180664062,108.95484924316406,106.66387939453125,108.73745727539062,93.84123229980469,4125722
2022-07-08,108.54515075683594,108.82942962646484,107.14046478271484,107.62541961669922,92.88153076171875,2620795
2022-07-11,107.63378143310547,109.1220703125,107.4832763671875,107.86788940429688,93.09076690673828,3221067
2022-07-12,107.9933090209961,110.39297485351562,107.90969848632812,108.86287689208984,93.94945526123047,3155168
2022-07-13,107.0234146118164,108.26923370361328,106.74748992919922,107.33277893066406,92.62896728515625,2978399
2022-07-14,106.17057037353516,107.47491455078125,105.25083923339844,107.28260803222656,92.58568572998047,3020498
2022-07-15,108.58695983886719,108.97993469238281,107.2324447631836,108.80435180664062,93.89894104003906,3155766
2022-07-18,108.8545150756836,109.38127136230469,107.45819091796875,107.7842788696289,93.01861572265625,3037601
2022-07-19,109.03009796142578,110.59364318847656,108.74581909179688,110.4765853881836,95.34210968017578,3363989
2022-07-20,110.46822357177734,111.59699249267578,110.24247741699219,111.21237182617188,95.97708892822266,2398339
2022-07-21,111.23745727539062,112.03177642822266,110.67726135253906,111.99832916259766,96.65538787841797,1996244
2022-07-22,112.58361053466797,112.8344497680664,111.60535430908203,112.14046478271484,96.77803802490234,2104960
2022-07-25,112.04013061523438,112.95986938476562,111.85618591308594,112.14046478271484,96.77803802490234,2815504
2022-07-26,119.99163818359375,121.82273864746094,115.81939697265625,117.68394470214844,101.56209564208984,15011235
2022-07-27,116.73912811279297,117.2324447631836,115.02508544921875,116.10367584228516,100.19831848144531,6016239
2022-07-28,116.9732437133789,117.58361053466797,115.63545227050781,117.36621856689453,101.28789520263672,3700663
2022-07-29,117.70066833496094,120.16722106933594,116.90635681152344,119.76588439941406,103.35881805419922,4781967
2022-08-01,118.8545150756836,120.45150756835938,118.3779296875,119.86621856689453,103.44540405273438,3415656
2022-08-02,119.22240447998047,120.033447265625,118.41973114013672,118.52006530761719,102.28368377685547,3226449
2022-08-03,118.6454849243164,120.24247741699219,118.35284423828125,119.97491455078125,103.53923797607422,3271658
2022-08-04,119.97491455078125,124.02173614501953,119.7324447631836,123.84615325927734,106.88014221191406,7062260
2022-08-05,122.91806030273438,124.155517578125,122.39966583251953,123.25251007080078,106.36782836914062,5008130
2022-08-08,123.77090454101562,125.5434799194336,123.39464569091797,124.14715576171875,107.13990020751953,3765606
2022-08-09,124.00502014160156,124.62374877929688,123.06856536865234,123.6120376586914,106.67808532714844,3628066
2022-08-10,125.3177261352539,125.92809295654297,124.44815826416016,124.89966583251953,107.789306640625,3046212
2022-08-11,125.41806030273438,126.6220703125,124.89130401611328,125.13378143310547,107.99137115478516,2748767
2022-08-12,125.72742462158203,127.34114074707031,125.41806030273438,127.29096984863281,109.85305786132812,2806773
2022-08-15,126.58026885986328,127.17391204833984,125.81939697265625,126.61370849609375,109.26856231689453,2796487
2022-08-16,125.81103515625,126.51337432861328,124.48160552978516,125.63545227050781,108.42431640625,5253430
2022-08-17,124.11370849609375,124.40635681152344,122.96822357177734,123.26923370361328,106.38225555419922,5832772
2022-08-18,123.24414825439453,123.27759552001953,121.55518341064453,122.64214324951172,105.84107208251953,6762543
2022-08-19,120.91136932373047,121.78093719482422,119.74080657958984,121.40467834472656,105.84835052490234,15204987
2022-08-22,119.79933166503906,120.13378143310547,117.91806030273438,118.38629150390625,103.21671295166016,12179346
2022-08-23,117.89297485351562,119.08026885986328,117.65050506591797,118.52006530761719,103.33336639404297,18368646
2022-08-24,117.8177261352539,118.38629150390625,116.81438446044922,117.92642211914062,102.8157730102539,18454878
2022-08-25,117.95150756835938,119.79096984863281,117.59197235107422,119.36454772949219,104.06963348388672,56637298
2022-08-26,120.10033416748047,120.40969848632812,107.59197235107422,107.9765853881836,94.14088439941406,45907384
2022-08-29,107.68394470214844,107.68394470214844,104.74080657958984,105.71906280517578,92.1726303100586,60436750
2022-08-30,106.09532165527344,106.80602264404297,102.86788940429688,104.39799499511719,91.0208511352539,41236286
2022-08-31,104.38963317871094,105.73578643798828,103.35284423828125,103.97157287597656,90.6490478515625,37843952
2022-09-01,103.92976379394531,105.67726135253906,103.40300750732422,105.04180908203125,91.58214569091797,37093222
2022-09-02,105.37625122070312,105.66053771972656,101.29598999023438,101.71405029296875,88.68080139160156,14735438
2022-09-06,101.47157287597656,101.58863067626953,96.9732437133789,97.49163818359375,84.99942779541016,36757386
2022-09-07,97.52508544921875,101.37960052490234,97.0066909790039,100.7943115234375,87.8789291381836,44932165
2022-09-08,98.98829650878906,100.15885925292969,97.95986938476562,99.72408294677734,86.9458236694336,30786714
2022-09-09,101.39632415771484,103.08528137207031,100.22575378417969,102.92642211914062,89.73783111572266,31359240
2022-09-12,103.94648742675781,105.78594970703125,103.65384674072266,103.8879623413086,90.57615661621094,22690392
2022-09-13,102.09866333007812,104.18060302734375,100.5267562866211,100.72742462158203,87.8205795288086,9287538
2022-09-14,100.8277587890625,100.8277587890625,97.24916076660156,98.26923370361328,85.6773910522461,6781918
2022-09-15,98.51170349121094,99.28093719482422,97.04849243164062,97.34114074707031,84.86822509765625,4847149
2022-09-16,95.90300750732422,98.08528137207031,95.40969848632812,97.5,85.00672149658203,8685113
2022-09-19,96.99832916259766,97.75083923339844,96.3879623413086,97.52508544921875,85.02860260009766,3815599
2022-09-20,96.40467834472656,97.9933090209961,95.94481658935547,97.42475128173828,84.94111633300781,4969619
2022-09-21,97.68394470214844,98.68729400634766,95.98662567138672,95.99497985839844,83.6945571899414,4468017
2022-09-22,95.45150756835938,96.19564819335938,94.84114074707031,95.43478393554688,83.20613861083984,4398888
2022-09-23,95.09197235107422,95.45986938476562,93.3277587890625,94.4732437133789,82.3678207397461,4405705
2022-09-26,94.28093719482422,95.15885925292969,93.8377914428711,94.48160552978516,82.3750991821289,4303088
2022-09-27,95.42642211914062,95.42642211914062,93.16053771972656,93.98829650878906,81.94498443603516,3975863
2022-09-28,94.90802764892578,95.91136932373047,94.53177642822266,95.55184173583984,83.30819702148438,4398649
2022-09-29,94.44815826416016,94.81605529785156,93.31103515625,93.89632415771484,81.86480712890625,2769697
2022-09-30,93.6454849243164,94.60702514648438,92.29933166503906,92.39130401611328,80.5526351928711,3722909
2022-10-03,93.38629150390625,95.3344497680664,92.73411560058594,94.6655502319336,82.53546142578125,3487536
2022-10-04,95.93645477294922,96.9732437133789,95.89464569091797,96.6722412109375,84.28504180908203,3352029
2022-10-05,95.60200500488281,97.07357788085938,94.83277893066406,96.29598999023438,83.95699310302734,3061880
2022-10-06,95.61036682128906,96.10367584228516,92.1488265991211,92.90969848632812,81.00459289550781,5176408
2022-10-07,92.28260803222656,92.60869598388672,89.54013061523438,89.89966583251953,78.38026428222656,5138614
2022-10-10,90.74414825439453,91.23745727539062,89.62374877929688,90.68561553955078,79.06552124023438,3088550
2022-10-11,90.71906280517578,92.34949493408203,90.25919342041016,91.00334167480469,79.34254455566406,3462898
2022-10-12,90.77759552001953,91.72240447998047,90.5100326538086,91.09532165527344,79.42271423339844,3290196
2022-10-13,89.88294219970703,96.01170349121094,89.5234146118164,95.53511810302734,83.29361724853516,5708149
2022-10-14,95.53511810302734,96.28762817382812,94.35618591308594,95.00836181640625,82.8343734741211,4137323
2022-10-17,96.41304016113281,96.75585174560547,94.72408294677734,95.20066833496094,83.00201416015625,3592186
2022-10-18,96.77257537841797,97.32441711425781,95.69397735595703,96.94815826416016,84.52559661865234,3066544
2022-10-19,96.23745727539062,96.72240447998047,94.6822738647461,95.48494720458984,83.24987030029297,3084006
2022-10-20,95.3010025024414,96.69732666015625,94.38963317871094,94.57357788085938,82.45528411865234,3758908
2022-10-21,94.60702514648438,97.77591705322266,94.5234146118164,97.66722106933594,85.15252685546875,3997630
2022-10-24,98.26923370361328,99.61538696289062,97.98494720458984,98.97993469238281,86.29700469970703,4059344
2022-10-25,94.90802764892578,99.16387939453125,94.60702514648438,99.08026885986328,86.38450622558594,5997581
2022-10-26,99.99163818359375,103.08528137207031,99.99163818359375,102.59197235107422,89.44622039794922,5535088
2022-10-27,103.25251007080078,104.05518341064453,102.03177642822266,102.67558288574219,89.51912689208984,4444934
2022-10-28,102.82608795166016,105.91136932373047,102.43311309814453,105.85284423828125,92.28927612304688,4559870
2022-10-31,105.43478393554688,105.72742462158203,104.81605529785156,105.17558288574219,91.69876861572266,5174135
2022-11-01,105.99497985839844,106.27090454101562,104.155517578125,104.76588439941406,91.3415756225586,2549633
2022-11-02,104.54849243164062,106.02842712402344,102.55016326904297,102.72575378417969,89.5628662109375,3063793
2022-11-03,101.9899673461914,103.91304016113281,101.27090454101562,102.71739196777344,89.55558013916016,2400252
2022-11-04,104.06354522705078,104.82441711425781,102.9765853881836,104.38127136230469,91.00625610351562,2775438
2022-11-07,104.2056884765625,104.64046478271484,103.09364318847656,104.24748992919922,90.88961029052734,2289503
2022-11-08,104.81605529785156,105.88629150390625,103.71237182617188,104.80769348144531,91.3780288696289,2182461
2022-11-09,104.75752258300781,105.08361053466797,103.44481658935547,103.53678894042969,90.26998901367188,2131750
2022-11-10,106.73912811279297,108.07691955566406,106.07859802246094,107.98494720458984,94.14817810058594,3779001
2022-11-11,108.35284423828125,111.61370849609375,107.98494720458984,111.18729400634766,96.94017791748047,4101443
2022-11-14,110.8277587890625,111.96488189697266,109.48160552978516,109.55685424804688,95.51866149902344,3127899
2022-11-15,110.80267333984375,111.60535430908203,108.50334167480469,109.7157211303711,95.65716552734375,3008060
2022-11-16,109.90802764892578,109.90802764892578,107.36621856689453,107.64214324951172,93.84929656982422,3837127
2022-11-17,105.4765853881836,106.3712387084961,104.23912811279297,106.31270599365234,93.7755355834961,2689804
2022-11-18,107.0234146118164,107.30769348144531,105.2675552368164,105.98662567138672,93.48789978027344,3798616
2022-11-21,105.88629150390625,106.92308044433594,105.5434799194336,106.71405029296875,94.12954711914062,2575586
2022-11-22,107.1488265991211,107.58361053466797,106.45484924316406,107.52508544921875,94.8449478149414,2101492
2022-11-23,107.5167236328125,107.95986938476562,106.3879623413086,107.0234146118164,94.40242767333984,2810241
2022-11-25,107.75919342041016,108.54515075683594,107.45819091796875,107.89297485351562,95.16944122314453,1055350
2022-11-28,107.11538696289062,107.50836181640625,103.77926635742188,104.21405029296875,91.92436218261719,3317106
2022-11-29,103.74581909179688,105.63545227050781,103.68729400634766,105.45986938476562,93.02325439453125,2228268
2022-11-30,105.2675552368164,105.5602035522461,101.47157287597656,105.32608795166016,92.90525817871094,6973398
2022-12-01,106.43812561035156,107.75083923339844,104.77424621582031,105.34281158447266,92.92002868652344,3156005
2022-12-02,104.31438446044922,106.39632415771484,103.87960052490234,106.1789321899414,93.65754699707031,2178992
2022-12-05,104.57357788085938,104.89966583251953,103.90467834472656,104.2056884765625,91.9170150756836,2563148
2022-12-06,104.64046478271484,105.12541961669922,103.10200500488281,104.16387939453125,91.88011169433594,2295722
2022-12-07,103.95484924316406,106.44648742675781,103.76254272460938,105.64381408691406,93.18553161621094,3230994
2022-12-08,106.18729400634766,108.22742462158203,104.89130401611328,105.3511734008789,92.9273910522461,4527219
2022-12-09,106.00334167480469,106.63043212890625,105.07524871826172,105.15050506591797,92.75039672851562,2792540
2022-12-12,105.41806030273438,106.09532165527344,103.84615325927734,106.06187438964844,93.55429077148438,4637849
2022-12-13,108.23578643798828,108.71237182617188,105.74414825439453,106.42976379394531,93.87879943847656,3895252
2022-12-14,105.76923370361328,107.41638946533203,104.38127136230469,105.42642211914062,92.9937744140625,3702457
2022-12-15,104.33946228027344,104.58193969726562,101.79766082763672,102.32441711425781,90.25757598876953,3990454
2022-12-16,101.42976379394531,101.83946228027344,100.34281158447266,101.74748992919922,89.74867248535156,9089361
2022-12-19,101.44648742675781,103.48662567138672,101.30435180664062,102.11538696289062,90.07319641113281,2918360
2022-12-20,101.99832916259766,102.28260803222656,100.91973114013672,101.01170349121094,89.09966278076172,3471988
2022-12-21,101.86454772949219,103.54515075683594,101.59699249267578,103.22742462158203,91.05410766601562,3083408
2022-12-22,102.19063568115234,102.42475128173828,99.6655502319336,101.66387939453125,89.67491912841797,2617326
2022-12-23,100.99497985839844,101.17057037353516,98.49497985839844,100.45150756835938,88.60552978515625,3120723
2022-12-27,100.45150756835938,101.02842712402344,99.63211059570312,100.51839447021484,88.6645278930664,2166195
2022-12-28,100.62709045410156,101.17057037353516,98.8712387084961,98.90467834472656,87.2411117553711,2345356
2022-12-29,99.38963317871094,101.05351257324219,99.08026885986328,100.81103515625,88.92265319824219,2464717
2022-12-30,100.04180908203125,100.35953521728516,99.08863067626953,100.2675552368164,88.4432601928711,2506816
2023-01-03,101.60535430908203,102.54180908203125,100.64381408691406,102.39966583251953,90.3239517211914,3124909
2023-01-04,103.13545227050781,104.75752258300781,102.60033416748047,104.64046478271484,92.30049133300781,3312561
2023-01-05,103.8545150756836,104.155517578125,102.39130401611328,102.80936431884766,90.68533325195312,3117494
2023-01-06,104.23076629638672,106.29598999023438,103.46990203857422,105.95317840576172,93.4583969116211,2890732
2023-01-09,106.18729400634766,108.24414825439453,105.44314575195312,106.01170349121094,93.51004028320312,3434075
2023-01-10,106.24581909179688,107.1822738647461,105.93645477294922,107.13211059570312,94.49832153320312,1971128
2023-01-11,107.8010025024414,108.01839447021484,106.7056884765625,107.95986938476562,95.22845458984375,2408146
2023-01-12,108.3612060546875,108.54515075683594,106.84782409667969,108.15217590332031,95.39807891845703,2200042
2023-01-13,107.37458038330078,108.36956787109375,107.19063568115234,108.28594970703125,95.51607513427734,2025306
2023-01-17,108.49497985839844,108.6120376586914,105.67726135253906,105.85284423828125,93.36991119384766,4199036
2023-01-18,106.06187438964844,106.34615325927734,102.22408294677734,102.63378143310547,90.53044891357422,5093166
2023-01-19,102.0066909790039,102.24916076660156,98.92976379394531,99.02173614501953,87.3443832397461,5955721
2023-01-20,99.1220703125,100.92809295654297,97.62541961669922,100.8779296875,88.98167419433594,5230706
2023-01-23,100.844482421875,103.59532165527344,100.67726135253906,102.52508544921875,90.4345932006836,4080991
2023-01-24,97.0234146118164,100.3344497680664,95.73578643798828,96.15384674072266,84.81468963623047,12290694
2023-01-25,95.73578643798828,97.19063568115234,94.27257537841797,94.42308044433594,83.28801727294922,7167867
2023-01-26,94.90802764892578,95.40133666992188,93.44481658935547,94.94147491455078,83.74529266357422,5532218
2023-01-27,95.09197235107422,96.80602264404297,94.86621856689453,96.36287689208984,84.99906158447266,4920942
2023-01-30,95.71070098876953,96.9899673461914,94.11370849609375,94.13043212890625,83.02987670898438,7059868
2023-01-31,94.60702514648438,96.22073364257812,93.96321105957031,96.22073364257812,84.87369537353516,6065155
2023-02-01,95.77759552001953,97.60869598388672,95.02508544921875,96.87290954589844,85.44893646240234,3708557
2023-02-02,97.06521606445312,101.04515075683594,96.58026885986328,100.57691955566406,88.71614837646484,5880971
2023-02-03,99.4397964477539,99.69063568115234,97.65050506591797,98.23578643798828,86.6511001586914,3208150
2023-02-06,97.65050506591797,98.0434799194336,96.88963317871094,97.40802764892578,85.92096710205078,2974811
2023-02-07,96.83946228027344,98.00167083740234,95.96154022216797,97.74247741699219,86.21597290039062,2610509
2023-02-08,97.13211059570312,97.56688690185547,96.1622085571289,96.36287689208984,84.99906158447266,3003993
2023-02-09,97.34949493408203,97.65050506591797,94.03009796142578,94.42308044433594,83.28801727294922,4307872
2023-02-10,94.67391204833984,95.50167083740234,94.23076629638672,95.21739196777344,83.9886703491211,2720302
2023-02-13,95.62709045410156,96.6722412109375,95.15050506591797,96.3879623413086,85.0212173461914,2688130
2023-02-14,95.97826385498047,96.22073364257812,94.4397964477539,95.4933090209961,84.23204803466797,2944911
2023-02-15,95.02508544921875,96.00334167480469,94.6488265991211,95.97826385498047,84.65980529785156,3022651
2023-02-16,94.06354522705078,94.76588439941406,92.60869598388672,93.6454849243164,83.69580841064453,3223340
2023-02-17,93.6120376586914,94.51505279541016,92.54180908203125,94.4732437133789,84.43563079833984,3381929
2023-02-21,93.6454849243164,93.97993469238281,91.28762817382812,91.34615325927734,81.64077758789062,4651364
2023-02-22,91.58026885986328,92.29096984863281,90.72742462158203,91.08695983886719,81.40911102294922,3175380
2023-02-23,91.72240447998047,92.2157211303711,90.30936431884766,91.06187438964844,81.38670349121094,3520785
2023-02-24,90.39297485351562,90.75251007080078,89.26421356201172,90.13378143310547,80.55724334716797,3424028
2023-02-27,91.02006530761719,92.55016326904297,90.46822357177734,90.5267562866211,80.908447265625,4252976
2023-02-28,90.40133666992188,91.07023620605469,89.67391204833984,90.08361053466797,80.51237487792969,4043078
2023-03-01,92.84281158447266,93.92140197753906,91.75585174560547,92.1488265991211,82.35816955566406,5877981
2023-03-02,91.76421356201172,92.17391204833984,90.06688690185547,91.88963317871094,82.12652587890625,9076803
2023-03-03,92.62541961669922,93.63712310791016,91.64715576171875,93.0267562866211,83.142822265625,3636797
2023-03-06,93.14381408691406,93.3277587890625,91.7056884765625,91.91471862792969,82.14893341064453,3373677
2023-03-07,91.9732437133789,91.98160552978516,89.49832916259766,89.54013061523438,80.02662658691406,4033869
2023-03-08,89.83277893066406,90.10869598388672,88.77926635742188,89.59866333007812,80.0789566040039,4107901
2023-03-09,90.0167236328125,90.76923370361328,88.14381408691406,88.22742462158203,78.85342407226562,4142585
2023-03-10,88.24414825439453,89.46488189697266,86.73912811279297,87.0066909790039,77.76239013671875,4417904
2023-03-13,86.68060302734375,87.52508544921875,85.89464569091797,86.53845977783203,77.34391021728516,5036476
2023-03-14,87.44983673095703,87.93478393554688,84.75752258300781,85.93645477294922,76.80583190917969,5707312
2023-03-15,84.7157211303711,85.96990203857422,83.8377914428711,85.93645477294922,76.80583190917969,5850473
2023-03-16,85.10033416748047,87.31605529785156,84.84949493408203,87.13211059570312,77.87445831298828,4356550
2023-03-17,87.24916076660156,87.34114074707031,85.25919342041016,86.13712310791016,76.98519134521484,13617297
2023-03-20,86.46321105957031,87.33277893066406,86.30435180664062,87.2157211303711,77.9491958618164,3255392
2023-03-21,87.9933090209961,88.19397735595703,86.42976379394531,87.1989974975586,77.93425750732422,3137826
2023-03-22,87.22408294677734,87.41638946533203,84.86621856689453,84.89966583251953,75.87921905517578,3355378
2023-03-23,85.0,86.06187438964844,84.24748992919922,84.44815826416016,75.47567749023438,3800051
2023-03-24,83.92140197753906,84.7324447631836,83.74581909179688,84.56521606445312,75.58030700683594,4249268
2023-03-27,85.46822357177734,85.51839447021484,84.11370849609375,84.85785675048828,75.84183502197266,3345690
2023-03-28,84.94147491455078,85.97826385498047,84.70735931396484,85.06688690185547,76.02867126464844,2945509
2023-03-29,85.96154022216797,86.3210678100586,85.20066833496094,86.27926635742188,77.11224365234375,3853034
2023-03-30,86.74748992919922,86.88963317871094,85.72742462158203,85.93645477294922,76.80583190917969,2810241
2023-03-31,86.53845977783203,87.95150756835938,86.1287612915039,87.88461303710938,78.5470199584961,4319354
2023-04-03,87.91806030273438,88.49497985839844,87.10702514648438,87.43311309814453,78.14348602294922,4804691
2023-04-04,87.70903015136719,87.70903015136719,85.34281158447266,85.4933090209961,76.4097900390625,4154067
2023-04-05,85.58528137207031,85.92809295654297,85.0167236328125,85.5267562866211,76.439697265625,3171792
2023-04-06,85.57691955566406,85.95317840576172,84.88294219970703,84.91638946533203,75.8941650390625,2893363
2023-04-10,84.94983673095703,86.22909545898438,84.4899673461914,85.91973114013672,76.79090881347656,3444719
2023-04-11,86.64715576171875,87.60869598388672,86.37960052490234,87.42475128173828,78.13602447509766,3530592
2023-04-12,87.79264068603516,87.91806030273438,86.69732666015625,87.26588439941406,77.99403381347656,3258861
2023-04-13,87.65885925292969,88.99665832519531,87.03177642822266,88.75418090820312,79.3241958618164,4108499
2023-04-14,88.6287612915039,89.56521606445312,87.8010025024414,88.43645477294922,79.04022979736328,3341146
2023-04-17,88.76254272460938,89.54849243164062,88.57859802246094,89.28093719482422,79.79498291015625,2911184
2023-04-18,89.65718841552734,89.7157211303711,88.52006530761719,88.8545150756836,79.41387939453125,2286872
2023-04-19,88.3779296875,88.91304016113281,88.17726135253906,88.69564819335938,79.27188110351562,2293928
2023-04-20,88.17726135253906,88.28594970703125,87.04849243164062,87.56688690185547,78.26305389404297,4419579
2023-04-21,87.77591705322266,87.89297485351562,87.0066909790039,87.35785675048828,78.07624053955078,7644593
2023-04-24,87.8344497680664,88.05184173583984,87.25752258300781,87.84281158447266,78.50965881347656,4229056
2023-04-25,88.3612060546875,89.7157211303711,87.09030151367188,87.26588439941406,77.99403381347656,6065394
2023-04-26,86.9565200805664,87.95986938476562,85.92809295654297,86.05351257324219,76.91047668457031,3795386
2023-04-27,86.18729400634766,88.11872863769531,86.18729400634766,88.06856536865234,78.71143341064453,2862148
2023-04-28,88.05184173583984,88.97157287597656,87.91806030273438,88.81270599365234,79.37650299072266,4764505
2023-05-01,88.91304016113281,89.32273864746094,88.26087188720703,88.50334167480469,79.10001373291016,2738003
2023-05-02,88.21906280517578,88.3779296875,85.83612060546875,86.10367584228516,76.95531463623047,3602352
2023-05-03,86.53845977783203,87.45819091796875,85.844482421875,85.97826385498047,76.84322357177734,2459096
2023-05-04,85.74414825439453,86.10367584228516,84.24748992919922,85.15050506591797,76.10340118408203,3543987
2023-05-05,85.95317840576172,86.52173614501953,85.32608795166016,86.41304016113281,77.23179626464844,2324785
2023-05-08,86.58863067626953,86.89799499511719,84.99163818359375,85.56856536865234,76.47704315185547,2504424
2023-05-09,84.84114074707031,85.07524871826172,83.94648742675781,84.28093719482422,75.32623291015625,3733194
2023-05-10,84.77424621582031,85.033447265625,83.27759552001953,84.36454772949219,75.40097045898438,3281944
2023-05-11,84.03009796142578,84.44815826416016,83.44481658935547,84.26421356201172,75.31128692626953,3317704
2023-05-12,84.62374877929688,84.67391204833984,83.00167083740234,83.8377914428711,74.93017578125,2937496
2023-05-15,83.67057037353516,84.30602264404297,83.00167083740234,84.02173614501953,75.09456634521484,2878772
2023-05-16,83.6120376586914,83.6454849243164,81.9397964477539,81.94815826416016,73.24130249023438,4476748
2023-05-17,82.29096984863281,83.8712387084961,81.9397964477539,83.76254272460938,74.86292266845703,4279288
2023-05-18,82.30769348144531,83.47826385498047,81.9899673461914,83.31103515625,75.59120178222656,3485503
2023-05-19,83.8210678100586,84.00502014160156,82.5,82.8010025024414,75.1284408569336,3229080
2023-05-22,82.67558288574219,85.3177261352539,82.20735931396484,85.04180908203125,77.1615982055664,5008011
2023-05-23,85.04180908203125,85.98662567138672,84.16387939453125,84.19732666015625,76.39537048339844,4324975
2023-05-24,83.98829650878906,84.19732666015625,81.07859802246094,81.09532165527344,73.58080291748047,4942590
2023-05-25,80.72742462158203,81.27926635742188,79.72408294677734,81.1454849243164,73.62632751464844,3731042
2023-05-26,81.1454849243164,81.47157287597656,80.57691955566406,81.05351257324219,73.54288482666016,3333730
2023-05-30,81.04515075683594,81.27090454101562,79.59866333007812,80.3177261352539,72.87527465820312,3433477
2023-05-31,79.43143463134766,80.07524871826172,77.91806030273438,78.01839447021484,70.78900146484375,7405273
2023-06-01,78.15217590332031,79.08026885986328,77.24080657958984,78.82942962646484,71.5248794555664,3982082
2023-06-02,80.3511734008789,87.41638946533203,80.3010025024414,85.72742462158203,77.78369140625,16938828
2023-06-05,84.36454772949219,85.69397735595703,81.86454772949219,81.92308044433594,74.33187103271484,7070752
2023-06-06,81.9899673461914,83.30267333984375,81.34615325927734,82.1822738647461,74.56705474853516,5351024
2023-06-07,82.54180908203125,84.58193969726562,81.60535430908203,84.44815826416016,76.62297821044922,3996075
2023-06-08,84.28093719482422,84.74080657958984,83.26087188720703,84.24748992919922,76.4408950805664,3768476
2023-06-09,84.19732666015625,84.94147491455078,82.10702514648438,83.52842712402344,75.7884521484375,5398266
2023-06-12,83.90467834472656,85.65217590332031,83.78762817382812,84.6655502319336,76.82020568847656,4185880
2023-06-13,84.6655502319336,86.23745727539062,84.31438446044922,85.90300750732422,77.94300842285156,3926827
2023-06-14,86.25418090820312,86.68060302734375,84.59030151367188,85.24247741699219,77.34368133544922,3888196
2023-06-15,85.20066833496094,87.03177642822266,84.966552734375,86.79766082763672,78.7547607421875,3375590
2023-06-16,87.1655502319336,87.70066833496094,86.26254272460938,87.40802764892578,79.30855560302734,7412210
2023-06-20,85.93645477294922,86.06187438964844,84.51505279541016,85.53511810302734,77.60919189453125,3284455
2023-06-21,85.00836181640625,85.5267562866211,84.28093719482422,84.84114074707031,76.97953033447266,3011648
2023-06-22,84.69063568115234,84.70735931396484,83.31103515625,83.97157287597656,76.1905517578125,3103500
2023-06-23,86.3712387084961,86.53845977783203,83.17726135253906,84.21405029296875,76.41055297851562,9342315
2023-06-26,83.6120376586914,84.35618591308594,83.16889953613281,83.95484924316406,76.17536163330078,4371858
2023-06-27,83.54515075683594,83.79598999023438,81.99832916259766,82.15718841552734,74.54428100585938,6493562
2023-06-28,82.15718841552734,83.00167083740234,81.74748992919922,82.41638946533203,74.77945709228516,4539538
2023-06-29,82.0234146118164,83.16053771972656,81.87290954589844,82.9765853881836,75.2877426147461,4182292
2023-06-30,83.62039947509766,83.94648742675781,82.94314575195312,83.68729400634766,75.93260955810547,6084052
2023-07-03,83.77926635742188,84.81605529785156,83.54515075683594,84.56521606445312,76.72916412353516,1913002
2023-07-05,84.27257537841797,84.75752258300781,82.41638946533203,82.466552734375,74.8249740600586,4716306
2023-07-06,81.9397964477539,82.0066909790039,79.90802764892578,80.5267562866211,73.06492614746094,6137035
2023-07-07,80.42642211914062,82.7675552368164,80.40969848632812,81.34615325927734,73.80839538574219,4770126
2023-07-10,81.20401000976562,82.36621856689453,81.00334167480469,81.26254272460938,73.7325210571289,4506408
2023-07-11,82.55852508544922,85.30936431884766,82.25752258300781,85.21739196777344,77.32091522216797,7477392
2023-07-12,86.52173614501953,87.1822738647461,84.88294219970703,84.92475128173828,77.0553970336914,4345307
2023-07-13,85.033447265625,86.05351257324219,84.86621856689453,86.00334167480469,78.03402709960938,2980552
2023-07-14,85.91136932373047,85.99497985839844,84.90802764892578,85.53511810302734,77.60919189453125,2650097
2023-07-17,85.20066833496094,85.38461303710938,84.28093719482422,85.033447265625,77.1540298461914,2753312
2023-07-18,84.966552734375,86.57190704345703,84.74080657958984,86.1287612915039,78.14781951904297,2978877
2023-07-19,85.99497985839844,86.75585174560547,85.78594970703125,86.52173614501953,78.50439453125,2498324
2023-07-20,86.26254272460938,87.56688690185547,85.71070098876953,87.1989974975586,79.118896484375,3428095
2023-07-21,87.09866333007812,87.40802764892578,86.30435180664062,87.2324447631836,79.14924621582031,2992392
2023-07-24,87.39966583251953,88.2943115234375,86.9397964477539,87.1822738647461,79.1037368774414,3986746
2023-07-25,89.92475128173828,92.68394470214844,89.4732437133789,91.83110046386719,83.32177734375,10499564
2023-07-26,91.83946228027344,94.54013061523438,91.83946228027344,94.18060302734375,85.45358276367188,6691620
2023-07-27,92.34949493408203,94.59866333007812,92.34949493408203,92.96822357177734,84.35353088378906,6713746
2023-07-28,93.53678894042969,93.98829650878906,92.8511734008789,93.54515075683594,84.87700653076172,3479762
2023-07-31,93.54515075683594,93.8712387084961,92.69230651855469,93.22742462158203,84.58872985839844,8661312
2023-08-01,93.22742462158203,93.57859802246094,92.24916076660156,92.44147491455078,83.87560272216797,3414819
2023-08-02,91.55518341064453,91.88963317871094,90.43478393554688,91.06187438964844,82.62384033203125,3810934
2023-08-03,90.71906280517578,91.00334167480469,89.40635681152344,89.62374877929688,81.31897735595703,3374514
2023-08-04,89.93311309814453,90.2842788696289,87.8511734008789,88.21906280517578,80.04444122314453,3487775
2023-08-07,88.6287612915039,89.08863067626953,87.70066833496094,87.98494720458984,79.8320083618164,3001242
2023-08-08,87.2157211303711,87.29096984863281,85.74414825439453,87.05685424804688,78.98993682861328,3483350
2023-08-09,86.87290954589844,87.533447265625,86.46321105957031,86.71405029296875,78.67888641357422,2565540
2023-08-10,87.01505279541016,88.50334167480469,86.42976379394531,86.87290954589844,78.82303619384766,2633951
2023-08-11,86.81438446044922,87.61705780029297,86.48829650878906,87.41638946533203,79.31615447998047,1947925
2023-08-14,87.09030151367188,87.2157211303711,86.03678894042969,86.47157287597656,78.45887756347656,3653062
2023-08-15,85.74414825439453,86.02006530761719,84.38127136230469,84.56521606445312,76.72916412353516,4000859
2023-08-16,84.25585174560547,85.05852508544922,83.99665832519531,84.27257537841797,76.46363830566406,3412666
2023-08-17,84.64046478271484,85.88629150390625,84.53177642822266,85.11705780029297,77.22988891601562,4071304
2023-08-18,83.59532165527344,84.02173614501953,83.26087188720703,83.62039947509766,77.00658416748047,3150742
2023-08-21,83.6120376586914,83.69564819335938,82.38294219970703,82.93478393554688,76.37519073486328,2754029
2023-08-22,83.33612060546875,83.3779296875,82.03177642822266,82.36621856689453,75.85159301757812,3097879
2023-08-23,82.56688690185547,83.76254272460938,81.68896484375,83.31939697265625,76.72937774658203,3904820
2023-08-24,83.00167083740234,84.1722412109375,82.34949493408203,82.35785675048828,75.84390258789062,2272400
2023-08-25,82.75919342041016,83.11872863769531,81.9565200805664,82.73411560058594,76.1904067993164,2617566
2023-08-28,88.05184173583984,88.33612060546875,85.77759552001953,87.05685424804688,80.1712417602539,9135646
2023-08-29,87.7842788696289,89.33946228027344,87.69230651855469,88.26923370361328,81.28772735595703,6270867
2023-08-30,88.20233917236328,88.50334167480469,86.63043212890625,87.33277893066406,80.42533111572266,3915584
2023-08-31,88.57859802246094,90.57691955566406,88.20233917236328,89.18896484375,82.13470458984375,7781296
2023-09-01,89.7157211303711,90.55184173583984,88.72073364257812,89.42308044433594,82.35031127929688,4354038
2023-09-05,89.29766082763672,90.51839447021484,88.94648742675781,89.33946228027344,82.2733154296875,5817583
2023-09-06,89.06354522705078,89.30602264404297,88.07691955566406,88.93812561035156,81.90371704101562,3210423
2023-09-07,88.77926635742188,89.28929901123047,87.75919342041016,88.58695983886719,81.58032989501953,3476652
2023-09-08,88.69564819335938,88.95484924316406,88.14381408691406,88.82942962646484,81.80362701416016,3317824
2023-09-11,89.46488189697266,90.48494720458984,89.28929901123047,90.20903015136719,83.07410430908203,3398314
2023-09-12,89.92475128173828,90.96990203857422,89.5234146118164,89.59866333007812,82.51202392578125,3823134
2023-09-13,89.58193969726562,89.85785675048828,84.03845977783203,84.4899673461914,77.8073959350586,9059820
2023-09-14,84.94983673095703,86.59699249267578,84.62374877929688,85.55184173583984,78.7852554321289,5004184
2023-09-15,85.19230651855469,85.62709045410156,84.155517578125,84.49832916259766,77.81507110595703,7178631
2023-09-18,84.49832916259766,85.20066833496094,83.70401000976562,84.48160552978516,77.79967498779297,5141006
2023-09-19,84.4565200805664,84.65718841552734,83.50334167480469,83.80435180664062,77.1760025024414,3192483
2023-09-20,83.65384674072266,84.36454772949219,82.75919342041016,82.7675552368164,76.22119903564453,2936300
2023-09-21,82.39966583251953,82.95986938476562,81.43812561035156,81.51337432861328,75.06621551513672,4252856
2023-09-22,81.59699249267578,81.77257537841797,80.76923370361328,81.13712310791016,74.71971130371094,4172724
2023-09-25,80.74414825439453,81.02006530761719,78.39464569091797,79.25585174560547,72.98723602294922,5315263
2023-09-26,78.89632415771484,79.5234146118164,78.27759552001953,78.49497985839844,72.28655242919922,4159927
2023-09-27,78.70401000976562,78.90467834472656,77.8344497680664,78.14381408691406,71.9631576538086,3669089
2023-09-28,77.8010025024414,78.46154022216797,77.26588439941406,77.9765853881836,71.80915832519531,4883866
2023-09-29,78.59532165527344,78.87960052490234,78.05184173583984,78.27759552001953,72.08637237548828,3640744
2023-10-02,77.466552734375,77.61705780029297,74.67391204833984,75.43478393554688,69.46839141845703,9823466
2023-10-03,75.04180908203125,75.20066833496094,73.71237182617188,74.23912811279297,68.3673095703125,6428620
2023-10-04,74.08026885986328,74.29766082763672,73.00167083740234,73.59532165527344,67.77442169189453,7799475
2023-10-05,73.57859802246094,73.77926635742188,72.36621856689453,73.43645477294922,67.62812042236328,5812799
2023-10-06,73.07691955566406,74.59030151367188,72.1822738647461,73.91304016113281,68.06700134277344,5331888
2023-10-09,73.63712310791016,74.48160552978516,73.53678894042969,74.4565200805664,68.56749725341797,2822082
2023-10-10,75.25083923339844,76.07859802246094,74.59030151367188,75.78594970703125,69.79178619384766,4435844
2023-10-11,75.91973114013672,76.07023620605469,75.04180908203125,75.57691955566406,69.59928894042969,2536955
2023-10-12,75.69397735595703,75.69397735595703,73.96321105957031,74.43143463134766,68.54440307617188,2796128
2023-10-13,74.58193969726562,75.12541961669922,73.79598999023438,74.14715576171875,68.28260040283203,2809284
2023-10-16,74.34782409667969,75.36788940429688,74.03845977783203,75.20066833496094,69.25279235839844,3186862
2023-10-17,74.55685424804688,76.12039947509766,74.48160552978516,75.71070098876953,69.72248077392578,2535759
2023-10-18,75.0167236328125,75.08361053466797,73.68729400634766,73.91304016113281,68.06700134277344,3214130
2023-10-19,73.57859802246094,74.25585174560547,72.75919342041016,72.79264068603516,67.03524017333984,3667295
2023-10-20,72.5,73.0100326538086,72.2324447631836,72.36621856689453,66.64252471923828,3056258
2023-10-23,71.90635681152344,72.60033416748047,71.36287689208984,71.57190704345703,65.91104888916016,4158014
2023-10-24,75.34281158447266,75.94481658935547,73.92976379394531,75.3511734008789,69.39140319824219,7675928
2023-10-25,74.74916076660156,75.59364318847656,74.16387939453125,74.74080657958984,68.82929992675781,4618593
2023-10-26,75.05016326904297,75.71070098876953,73.82942962646484,74.1220703125,68.25951385498047,4623975
2023-10-27,74.51505279541016,74.61538696289062,72.71739196777344,73.17726135253906,67.3894271850586,3962109
2023-10-30,73.6287612915039,75.02508544921875,73.39464569091797,74.84949493408203,68.92940521240234,3161626
2023-10-31,74.81605529785156,76.56354522705078,74.75752258300781,76.04515075683594,70.03048706054688,5555659
2023-11-01,76.22073364257812,76.37960052490234,74.89130401611328,75.71906280517578,69.7302017211914,4181934
2023-11-02,76.58863067626953,77.25752258300781,76.12039947509766,77.1822738647461,71.07767486572266,3144404
2023-11-03,78.19397735595703,79.28093719482422,77.8177261352539,78.47826385498047,72.27116394042969,3266396
2023-11-06,78.45317840576172,78.52842712402344,77.73411560058594,78.19397735595703,72.00935363769531,2578217
2023-11-07,77.69230651855469,78.13545227050781,77.39966583251953,77.88461303710938,71.72445678710938,2636223
2023-11-08,78.09364318847656,78.09364318847656,76.31270599365234,77.19063568115234,71.08537292480469,4142466
2023-11-09,77.40802764892578,77.93478393554688,76.63043212890625,76.6722412109375,70.60798645019531,2540543
2023-11-10,76.92308044433594,77.80936431884766,76.6387939453125,77.60033416748047,71.4626693725586,2864420
2023-11-13,77.50836181640625,77.86788940429688,76.85618591308594,77.5,71.37025451660156,2551307
2023-11-14,78.59532165527344,79.84114074707031,78.53678894042969,79.40635681152344,73.12583923339844,3972394
2023-11-15,79.79933166503906,81.27090454101562,79.79933166503906,80.95317840576172,74.55032348632812,4533079
2023-11-16,80.17558288574219,80.64381408691406,79.35618591308594,80.02508544921875,74.8553466796875,3661913
2023-11-17,80.48494720458984,80.5602035522461,79.4397964477539,79.7157211303711,74.56596374511719,9073693
2023-11-20,79.44815826416016,79.64046478271484,78.97993469238281,79.41471862792969,74.28440856933594,3986627
2023-11-21,79.11370849609375,79.23076629638672,78.3779296875,78.58695983886719,73.51012420654297,3239605
2023-11-22,79.40635681152344,80.08361053466797,79.1220703125,79.74080657958984,74.58942413330078,2863463
2023-11-24,79.6822738647461,80.25083923339844,79.53177642822266,80.22575378417969,75.04305267333984,1267640
2023-11-27,80.2675552368164,81.48829650878906,80.21739196777344,81.1622085571289,75.91900634765625,3939504
2023-11-28,81.03678894042969,82.85953521728516,80.71906280517578,82.36621856689453,77.04523468017578,5184182
2023-11-29,82.98494720458984,83.15217590332031,82.04013061523438,82.33277893066406,77.01396942138672,3087594
2023-11-30,82.47491455078125,83.6789321899414,82.15718841552734,82.8344497680664,77.48321533203125,7190950
2023-12-01,82.64214324951172,83.78762817382812,82.07357788085938,83.48662567138672,78.09325408935547,3329425
2023-12-04,83.89632415771484,86.77257537841797,83.80435180664062,86.48829650878906,80.9010238647461,6016119
2023-12-05,85.91136932373047,86.12039947509766,84.81605529785156,85.02508544921875,79.53233337402344,3675786
2023-12-06,85.00836181640625,86.60535430908203,84.97491455078125,85.94481658935547,80.39263916015625,4285029
2023-12-07,86.1622085571289,86.64715576171875,85.61872863769531,86.3545150756836,80.77588653564453,2831650
2023-12-08,86.42976379394531,87.71739196777344,86.12039947509766,86.42976379394531,80.84627532958984,4119024
2023-12-11,86.7056884765625,87.13211059570312,85.88629150390625,86.25418090820312,80.6820297241211,4169136
2023-12-12,86.61370849609375,86.73076629638672,85.56856536865234,85.75251007080078,80.2127685546875,5590463
2023-12-13,85.2842788696289,87.13211059570312,83.36956787109375,87.11538696289062,81.48760986328125,7142512
2023-12-14,87.77591705322266,89.99163818359375,87.75919342041016,89.49832916259766,83.71660614013672,6894342
2023-12-15,88.92140197753906,89.90802764892578,88.59532165527344,89.44815826416016,83.669677734375,13255507
2023-12-18,89.46488189697266,89.7157211303711,88.344482421875,88.52006530761719,82.80152893066406,3616704
2023-12-19,88.93812561035156,89.25585174560547,88.53678894042969,88.8377914428711,83.0987319946289,3151101
2023-12-20,88.46154022216797,88.8545150756836,86.64715576171875,86.68060302734375,81.08091735839844,3883890
2023-12-21,87.14046478271484,88.31939697265625,87.04849243164062,88.26087188720703,82.5591049194336,2624263
2023-12-22,88.52842712402344,89.80769348144531,88.41973114013672,88.90467834472656,83.16130828857422,2728913
2023-12-26,88.87960052490234,90.7943115234375,88.8545150756836,90.39297485351562,84.55345916748047,3332176
2023-12-27,90.3010025024414,91.22073364257812,90.033447265625,90.91973114013672,85.04617309570312,2922785
2023-12-28,90.85284423828125,92.12374877929688,90.844482421875,91.71405029296875,85.7891845703125,3360282
2023-12-29,91.55518341064453,91.9397964477539,90.92809295654297,91.40467834472656,85.49979400634766,2887622
2024-01-02,90.81939697265625,92.52508544921875,90.67726135253906,91.9732437133789,86.03163146972656,3321053
2024-01-03,91.32942962646484,91.52173614501953,89.29766082763672,90.12541961669922,84.30317687988281,3547575
2024-01-04,90.36788940429688,91.42140197753906,90.05852508544922,90.44314575195312,84.60038757324219,3319976
2024-01-05,90.2842788696289,91.54682159423828,89.92475128173828,90.7943115234375,84.92886352539062,1991579
2024-01-08,90.51839447021484,91.10367584228516,89.95819091796875,91.02006530761719,85.14002990722656,2535042
2024-01-09,90.46822357177734,91.3879623413086,89.75752258300781,91.22073364257812,85.3277359008789,2939768
2024-01-10,91.15384674072266,91.23745727539062,90.16722106933594,90.55184173583984,84.7020492553711,2391761
2024-01-11,90.55184173583984,91.13712310791016,89.64046478271484,91.07023620605469,85.18695831298828,3212217
2024-01-12,91.48829650878906,92.10702514648438,90.20903015136719,90.40133666992188,84.56126403808594,3490526
2024-01-16,90.02508544921875,90.35953521728516,89.19732666015625,90.0,84.18586730957031,3631534
2024-01-17,89.33946228027344,90.0167236328125,88.23578643798828,88.69564819335938,82.96577453613281,3156842
2024-01-18,88.90467834472656,89.24748992919922,88.07691955566406,88.99665832519531,83.2473373413086,2981748
2024-01-19,89.24748992919922,90.60200500488281,87.87625122070312,90.10033416748047,84.27970886230469,3910322
2024-01-22,90.71906280517578,91.47993469238281,89.79933166503906,90.3177261352539,84.48306274414062,5879656
2024-01-23,84.33110046386719,84.33110046386719,78.68729400634766,80.3511734008789,75.16036224365234,32544236
2024-01-24,80.80267333984375,81.13712310791016,77.533447265625,77.95986938476562,72.92353820800781,11202454
2024-01-25,78.41136932373047,80.50167083740234,78.26923370361328,80.25083923339844,75.06652069091797,7322988
2024-01-26,80.45150756835938,81.02006530761719,80.09197235107422,80.25919342041016,75.0743408203125,4449359
2024-01-29,80.2675552368164,81.01170349121094,79.79933166503906,80.58528137207031,75.37936401367188,4544800
2024-01-30,80.40969848632812,80.69397735595703,79.24748992919922,80.05852508544922,74.8866195678711,3827798
2024-01-31,80.21739196777344,80.21739196777344,78.72909545898438,78.8879623413086,73.79167938232422,8260533
2024-02-01,78.92140197753906,80.2842788696289,78.54515075683594,80.19230651855469,75.01175689697266,3943571
2024-02-02,79.6655502319336,79.76588439941406,78.8377914428711,79.32273864746094,74.19837188720703,4440030
2024-02-05,78.80435180664062,78.80435180664062,77.40802764892578,77.533447265625,72.52467346191406,5354372
2024-02-06,77.54180908203125,78.46990203857422,77.25752258300781,78.39464569091797,73.33023071289062,4453186
2024-02-07,79.09699249267578,79.18896484375,78.17726135253906,78.46154022216797,73.39280700683594,4521956
2024-02-08,78.72073364257812,78.91304016113281,77.5167236328125,77.92642211914062,72.89225769042969,4741303
2024-02-09,77.92642211914062,78.0100326538086,77.24916076660156,77.67558288574219,72.65762329101562,4388244
2024-02-12,77.85953521728516,79.48160552978516,77.8010025024414,79.1220703125,74.01066589355469,4893673
2024-02-13,78.0100326538086,78.58695983886719,76.41304016113281,77.47491455078125,72.46990966796875,5496338
2024-02-14,77.75919342041016,77.95986938476562,77.06521606445312,77.27424621582031,72.28221130371094,6024132
2024-02-15,76.50502014160156,77.39130401611328,76.1789321899414,77.24080657958984,73.45101165771484,4559391
2024-02-16,76.80602264404297,76.96488189697266,76.26254272460938,76.29598999023438,72.55254364013672,5345522
2024-02-20,76.17057037353516,77.33277893066406,75.68561553955078,76.77257537841797,73.00574493408203,5174614
2024-02-21,76.61370849609375,76.89799499511719,76.07023620605469,76.68060302734375,72.91828155517578,4061855
2024-02-22,76.55518341064453,77.27424621582031,76.20401000976562,77.11538696289062,73.33174896240234,5083837
2024-02-23,77.24916076660156,77.70903015136719,76.84782409667969,77.40802764892578,73.61003112792969,3774217
2024-02-26,77.07357788085938,77.34114074707031,76.45484924316406,76.77257537841797,73.00574493408203,3914388
2024-02-27,76.92308044433594,77.2157211303711,76.48829650878906,77.17391204833984,73.38739776611328,2736807
2024-02-28,76.92308044433594,77.44983673095703,76.43812561035156,76.47157287597656,72.71952056884766,3543030
2024-02-29,76.92308044433594,77.1655502319336,76.3879623413086,77.0234146118164,73.24427795410156,6169446
2024-03-01,76.9565200805664,76.9565200805664,75.99497985839844,76.80602264404297,73.03755187988281,4064128
2024-03-04,76.17057037353516,76.79766082763672,75.65217590332031,76.45484924316406,72.70360565185547,6678703
2024-03-05,76.64715576171875,78.08528137207031,76.56354522705078,77.5,73.69747924804688,5251636
2024-03-06,78.16889953613281,78.33612060546875,76.86454772949219,77.35785675048828,73.56232452392578,3591349
2024-03-07,77.8010025024414,78.0100326538086,77.01505279541016,77.44147491455078,73.64183044433594,3751613
2024-03-08,78.16889953613281,79.21405029296875,77.90969848632812,78.51170349121094,74.6595458984375,4925846
2024-03-11,78.57859802246094,78.97993469238281,78.14381408691406,78.63712310791016,74.77881622314453,4206571
2024-03-12,83.77926635742188,84.32273864746094,81.22909545898438,82.54180908203125,78.4919204711914,16737302
2024-03-13,83.3779296875,87.03177642822266,82.94314575195312,87.01505279541016,82.74567413330078,12935338
2024-03-14,86.42140197753906,87.40802764892578,85.48494720458984,86.22073364257812,81.9903335571289,8282539
2024-03-15,86.12039947509766,88.24414825439453,85.93645477294922,87.79264068603516,83.4851303100586,32098966
2024-03-18,87.39966583251953,88.8712387084961,87.30769348144531,87.62541961669922,83.32611846923828,6622491
2024-03-19,88.45317840576172,89.46488189697266,87.41638946533203,88.0602035522461,83.73956298828125,6987869
2024-03-20,87.7842788696289,91.22073364257812,87.32441711425781,90.39297485351562,85.95787811279297,8390299
2024-03-21,90.46822357177734,91.29598999023438,90.12541961669922,90.19230651855469,85.76704406738281,7886663
2024-03-22,89.966552734375,90.40133666992188,89.25585174560547,89.28093719482422,84.90040588378906,5321243
2024-03-25,88.54515075683594,89.30602264404297,87.60869598388672,87.65885925292969,83.35789489746094,6680019
2024-03-26,87.0066909790039,87.5167236328125,85.61872863769531,85.81103515625,81.60073852539062,7279693
2024-03-27,86.12039947509766,87.59197235107422,86.1120376586914,87.44983673095703,83.15914916992188,4641676
2024-03-28,87.466552734375,88.84615325927734,87.44983673095703,88.68729400634766,84.33588409423828,5245776
2024-04-01,91.05000305175781,94.33999633789062,88.2300033569336,94.0199966430664,89.40693664550781,13004800
2024-04-02,93.0999984741211,94.41999816894531,91.9000015258789,92.83999633789062,88.28482818603516,8912000
2024-04-03,93.33999633789062,94.69999694824219,92.5,93.19000244140625,88.61766052246094,6060200
2024-04-04,94.48999786376953,95.66999816894531,90.2300033569336,90.54000091552734,86.0976791381836,5864200
2024-04-05,90.43000030517578,91.41999816894531,89.54000091552734,91.02999877929688,86.56363677978516,3514000
2024-04-08,91.19999694824219,92.88999938964844,91.19999694824219,91.93000030517578,87.41949462890625,3706700
2024-04-09,92.0999984741211,93.19999694824219,92.0,92.61000061035156,88.06612396240234,4236600
2024-04-10,91.77999877929688,92.70999908447266,90.56999969482422,92.62999725341797,88.08514404296875,3494900
2024-04-11,92.83999633789062,93.55999755859375,92.4800033569336,93.18000030517578,88.608154296875,2993700
2024-04-12,92.76000213623047,92.80999755859375,91.1500015258789,91.30999755859375,86.82991027832031,3590800
2024-04-15,91.9800033569336,92.77999877929688,90.75,91.30000305175781,86.82040405273438,3674800
2024-04-16,90.94000244140625,91.33000183105469,90.16999816894531,91.05000305175781,86.58264923095703,3037000
2024-04-17,91.7300033569336,92.11000061035156,90.33000183105469,90.95999908447266,86.49707794189453,3421600
2024-04-18,91.4000015258789,92.43000030517578,90.87000274658203,91.4800033569336,86.99156951904297,3069400
2024-04-19,91.23999786376953,92.4000015258789,91.0999984741211,92.2699966430664,87.7427978515625,3588500
2024-04-22,92.54000091552734,92.70999908447266,91.69999694824219,92.62000274658203,88.07562255859375,2992900
2024-04-23,92.9800033569336,94.04000091552734,92.79000091552734,93.0,88.4369888305664,3729800
2024-04-24,92.58999633789062,93.2300033569336,91.41999816894531,92.0199966430664,87.50506591796875,3813400
2024-04-25,91.58999633789062,92.0,90.6500015258789,91.41000366210938,86.92501068115234,2954800
2024-04-26,91.5,92.19000244140625,91.08000183105469,91.83000183105469,87.32439422607422,4520900
2024-04-29,91.55999755859375,92.62000274658203,91.55999755859375,92.16000366210938,87.63819885253906,4905000
2024-04-30,95.7300033569336,97.83999633789062,93.77999877929688,96.51000213623047,91.77477264404297,16731900
2024-05-01,98.0999984741211,99.69999694824219,97.27999877929688,98.44000244140625,93.6100845336914,11062600
2024-05-02,97.95999908447266,98.4000015258789,96.6500015258789,96.80999755859375,92.06004333496094,6317100
2024-05-03,97.58000183105469,98.19000244140625,96.83999633789062,97.1500015258789,92.38336944580078,4818500
2024-05-06,97.08999633789062,97.75,96.54000091552734,96.58999633789062,91.85083770751953,4329500
2024-05-07,96.58999633789062,97.18000030517578,95.5199966430664,95.54000091552734,90.85236358642578,4409000
2024-05-08,95.38999938964844,96.44000244140625,95.01000213623047,96.3499984741211,91.62262725830078,3489900
2024-05-09,96.08999633789062,97.37999725341797,95.9000015258789,97.33000183105469,92.55453491210938,2584200
2024-05-10,98.55000305175781,99.66000366210938,98.16999816894531,98.93000030517578,94.0760269165039,4157900
2024-05-13,99.0,101.73999786376953,99.0,99.62999725341797,94.74168395996094,5578700
2024-05-14,99.93000030517578,101.19999694824219,99.80000305175781,100.08000183105469,95.16960144042969,2973100
2024-05-15,100.19000244140625,101.66999816894531,100.1500015258789,101.23999786376953,96.27268981933594,4203300
2024-05-16,101.72000122070312,105.22000122070312,101.58999633789062,104.86000061035156,99.715087890625,8384500
2024-05-17,105.20999908447266,105.72000122070312,104.68000030517578,105.26000213623047,100.095458984375,5396500
2024-05-20,105.22000122070312,106.04000091552734,104.62999725341797,105.20999908447266,100.04789733886719,3962700
2024-05-21,104.88999938964844,105.04000091552734,102.6500015258789,103.13999938964844,98.07947540283203,4603000
2024-05-22,102.63999938964844,103.11000061035156,100.94999694824219,101.48999786376953,96.51042175292969,3807800
2024-05-23,100.41999816894531,100.5199966430664,98.91000366210938,99.51000213623047,95.28477478027344,3845500
2024-05-24,99.80999755859375,100.5199966430664,99.33999633789062,99.66999816894531,95.43798065185547,2602000
2024-05-28,99.55999755859375,100.11000061035156,97.81999969482422,98.68000030517578,94.49002075195312,4360900
2024-05-29,97.80000305175781,97.9000015258789,96.76000213623047,97.55999755859375,93.4175796508789,4826600
2024-05-30,97.69000244140625,98.2300033569336,96.88999938964844,98.19999694824219,94.0303955078125,4520300
2024-05-31,98.05999755859375,100.25,97.41999816894531,100.13999938964844,95.88803100585938,21754400
2024-06-03,100.37000274658203,100.79000091552734,98.97000122070312,99.76000213623047,95.52416229248047,4508100
2024-06-04,99.0,99.4000015258789,97.68000030517578,98.61000061035156,94.42298889160156,4988100
2024-06-05,98.81999969482422,99.6500015258789,97.87000274658203,99.05999755859375,94.8538818359375,3115400
2024-06-06,98.80000305175781,99.55000305175781,98.16000366210938,98.22000122070312,94.04955291748047,2510000
2024-06-07,99.51000213623047,101.95999908447266,98.4000015258789,100.86000061035156,96.57744598388672,5636700
2024-06-10,100.43000030517578,101.83999633789062,100.27999877929688,100.66000366210938,96.38594818115234,3506200
2024-06-11,100.0999984741211,101.47000122070312,99.2300033569336,101.31999969482422,97.01790618896484,2831500
2024-06-12,102.62000274658203,103.68000030517578,100.76000213623047,101.20999908447266,96.91258239746094,3704600
2024-06-13,102.0199966430664,102.80000305175781,100.73999786376953,101.54000091552734,97.22857666015625,5034700
2024-06-14,100.5,101.41999816894531,99.30999755859375,100.9000015258789,96.61575317382812,2685000
2024-06-17,99.9800033569336,101.44000244140625,99.91999816894531,100.52999877929688,96.26146697998047,3490000
2024-06-18,100.06999969482422,101.47000122070312,100.05999755859375,100.7699966430664,96.49127197265625,3446200
2024-06-20,100.26000213623047,102.33999633789062,100.19000244140625,101.66000366210938,97.34349060058594,3476600
2024-06-21,101.93000030517578,102.44000244140625,100.94999694824219,102.38999938964844,98.04248809814453,7865800
2024-06-24,102.18000030517578,103.5,101.68000030517578,102.98999786376953,98.61701965332031,2948000
2024-06-25,102.87999725341797,103.18000030517578,101.29000091552734,102.05000305175781,97.7169189453125,5115700
2024-06-26,101.62000274658203,101.80000305175781,100.56999969482422,101.44999694824219,97.14240264892578,2356100
2024-06-27,101.95999908447266,104.04000091552734,101.63999938964844,103.16999816894531,98.78936767578125,4338300
2024-06-28,103.01000213623047,103.97000122070312,101.66000366210938,102.19000244140625,97.85098266601562,6196500
2024-07-01,102.86000061035156,103.44999694824219,100.20999908447266,100.61000061035156,96.33807373046875,2705600
2024-07-02,100.55999755859375,101.93000030517578,100.45999908447266,101.62000274658203,97.30518341064453,2291300
2024-07-03,101.29000091552734,102.1500015258789,100.68000030517578,101.62000274658203,97.30518341064453,1230800
2024-07-05,101.4000015258789,101.66000366210938,100.63999938964844,101.31999969482422,97.01790618896484,3059600
2024-07-08,101.51000213623047,102.73999786376953,100.62000274658203,101.0999984741211,96.80725860595703,2338700
2024-07-09,100.8499984741211,101.45999908447266,99.47000122070312,99.69000244140625,95.45713806152344,2809300
2024-07-10,99.80999755859375,101.83000183105469,98.26000213623047,101.66999816894531,97.35305786132812,4519500
2024-07-11,102.37999725341797,104.2699966430664,101.80000305175781,103.2300033569336,98.84683227539062,4581100
2024-07-12,103.79000091552734,105.30000305175781,103.69000244140625,104.04000091552734,99.62242889404297,3381000
2024-07-15,104.9000015258789,105.0,102.56999969482422,102.72000122070312,98.35848999023438,3316600
2024-07-16,100.87000274658203,103.69000244140625,100.87000274658203,103.30999755859375,98.92343139648438,3609000
2024-07-17,102.86000061035156,104.80000305175781,102.69000244140625,104.63999938964844,100.19694519042969,3567900
2024-07-18,104.22000122070312,105.5199966430664,103.44000244140625,104.0199966430664,99.60326385498047,3023800
2024-07-19,104.75,104.75,103.12999725341797,103.91999816894531,99.50751495361328,2884900
2024-07-22,104.05999755859375,105.04000091552734,102.4000015258789,104.97000122070312,100.51293182373047,2686600
2024-07-23,105.0,105.2699966430664,104.16999816894531,104.7300033569336,100.28313446044922,2172600
2024-07-24,104.55999755859375,105.0999984741211,103.08000183105469,103.25,98.865966796875,3252000
2024-07-25,102.72000122070312,104.79000091552734,101.7699966430664,103.38999938964844,99.00003051757812,4598100
2024-07-26,112.69000244140625,128.02999877929688,112.69000244140625,127.16000366210938,121.76074981689453,32748900
2024-07-29,128.0,128.64999389648438,124.12999725341797,125.16000366210938,119.84567260742188,10816700
2024-07-30,125.8499984741211,127.69000244140625,124.11000061035156,126.75,121.36815643310547,6746500
2024-07-31,126.62999725341797,128.60000610351562,125.33000183105469,127.55000305175781,122.1341781616211,6889900
2024-08-01,127.5,127.94000244140625,124.43000030517578,126.47000122070312,121.10004425048828,5563700
2024-08-02,125.80999755859375,127.75,124.77999877929688,125.23999786376953,119.9222640991211,4021400
2024-08-05,119.56999969482422,125.31999969482422,119.30999755859375,124.61000061035156,119.31901550292969,6669700
2024-08-06,123.36000061035156,126.12999725341797,122.72000122070312,124.88999938964844,119.5871353149414,4334300
2024-08-07,125.38999938964844,126.56999969482422,122.69000244140625,122.83000183105469,117.6146011352539,3410100
2024-08-08,122.44999694824219,125.73999786376953,122.18000030517578,125.12999725341797,119.81694030761719,2932900
2024-08-09,124.63999938964844,124.63999938964844,123.33999633789062,124.16999816894531,118.89769744873047,3247700
2024-08-12,124.0,124.08999633789062,122.54000091552734,123.36000061035156,118.1220932006836,2585800
2024-08-13,123.43000030517578,125.4000015258789,122.73999786376953,125.3499984741211,120.02759552001953,3056600
2024-08-14,124.97000122070312,127.04000091552734,124.62999725341797,126.16999816894531,120.81278228759766,3252800
2024-08-15,127.31999969482422,127.94000244140625,126.16999816894531,127.16000366210938,121.76074981689453,3359900
2024-08-16,126.73999786376953,127.33999633789062,126.0199966430664,127.05000305175781,121.6554183959961,3812600
2024-08-19,127.08000183105469,127.8499984741211,126.52999877929688,127.08000183105469,121.68414306640625,2243600
2024-08-20,126.98999786376953,128.07000732421875,126.87999725341797,127.69999694824219,122.27781677246094,2792900
2024-08-21,127.83999633789062,129.99000549316406,127.66000366210938,129.22999572753906,123.74285125732422,3664600
2024-08-22,129.10000610351562,129.75,128.3000030517578,128.60000610351562,123.13960266113281,2300400
2024-08-23,129.22999572753906,130.64999389648438,128.85000610351562,130.5500030517578,125.0068130493164,2618800
2024-08-26,129.60000610351562,131.9199981689453,129.60000610351562,131.85000610351562,126.93220520019531,3915800
2024-08-27,131.32000732421875,132.6199951171875,130.9499969482422,131.39999389648438,126.49897003173828,2878500
2024-08-28,131.39999389648438,132.6199951171875,131.14999389648438,131.61000061035156,126.701171875,3274000
2024-08-29,131.64999389648438,133.17999267578125,131.33999633789062,132.91000366210938,127.95267486572266,2992600
2024-08-30,133.07000732421875,134.99000549316406,132.61000061035156,134.69000244140625,129.66629028320312,6092800
2024-09-03,133.00999450683594,133.77999877929688,130.2100067138672,130.85000610351562,125.96949768066406,4024100
2024-09-04,131.19000244140625,132.86000061035156,130.85000610351562,132.14999389648438,127.22103118896484,3300700
2024-09-05,131.9199981689453,132.9499969482422,130.6999969482422,131.39999389648438,126.49897003173828,2726000
2024-09-06,130.5,132.10000610351562,128.02000427246094,128.60000610351562,123.80342864990234,3562200
2024-09-09,129.38999938964844,130.97999572753906,128.19000244140625,128.4600067138672,123.66866302490234,3616300
2024-09-10,128.85000610351562,130.16000366210938,128.4600067138672,130.08999633789062,125.23786163330078,2732500
2024-09-11,129.5,130.3800048828125,127.12000274658203,130.22999572753906,125.37263488769531,3283800
2024-09-12,130.3000030517578,132.72000122070312,130.10000610351562,132.02999877929688,127.1054916381836,3978800
2024-09-13,131.8800048828125,133.3699951171875,131.35000610351562,133.17999267578125,128.21258544921875,2670100
2024-09-16,133.97999572753906,135.27999877929688,133.8300018310547,134.61000061035156,129.58924865722656,3069300
2024-09-17,134.08999633789062,134.42999267578125,132.30999755859375,133.57000732421875,128.5880584716797,3969000
2024-09-18,133.25999450683594,134.27999877929688,131.75999450683594,133.36000061035156,128.3858642578125,2960900
2024-09-19,134.39999389648438,135.32000732421875,133.32000732421875,133.83999633789062,128.84799194335938,2691500
2024-09-20,133.00999450683594,134.9499969482422,132.77000427246094,134.77000427246094,129.74331665039062,11579600
2024-09-23,134.6999969482422,136.08999633789062,134.69000244140625,135.63999938964844,130.58084106445312,2638400
2024-09-24,136.47000122070312,137.94000244140625,136.35000610351562,137.22000122070312,132.10191345214844,3145300
2024-09-25,137.22999572753906,137.88999938964844,136.0399932861328,136.60000610351562,131.5050506591797,3579900
2024-09-26,137.55999755859375,140.72000122070312,137.5500030517578,139.44000244140625,134.23912048339844,4111100
2024-09-27,139.0,139.2899932861328,137.0500030517578,137.3000030517578,132.17893981933594,2956100
2024-09-30,137.8300018310547,137.9499969482422,135.22999572753906,136.6999969482422,131.601318359375,3814000
2024-10-01,136.0,137.33999633789062,134.89999389648438,137.05999755859375,131.94786071777344,3050500
2024-10-02,137.22000122070312,137.22000122070312,135.3699951171875,135.42999267578125,130.37864685058594,2624900
2024-10-03,135.0,135.60000610351562,133.83999633789062,134.77999877929688,129.75294494628906,2504900
2024-10-04,135.83999633789062,135.92999267578125,134.0500030517578,135.27000427246094,130.2246551513672,2387300
2024-10-07,134.72000122070312,135.27000427246094,133.8300018310547,134.85000610351562,129.8203125,2254200
2024-10-08,134.47999572753906,135.0399932861328,133.3000030517578,134.69000244140625,129.66629028320312,2882100
2024-10-09,134.58999633789062,135.5399932861328,134.22999572753906,135.00999450683594,129.97433471679688,2671400
2024-10-10,134.42999267578125,134.49000549316406,132.92999267578125,133.4600067138672,128.48216247558594,3060100
2024-10-11,133.39999389648438,134.86000061035156,133.10000610351562,134.75,129.72402954101562,3103600
2024-10-14,134.39999389648438,135.89999389648438,134.02999877929688,135.75999450683594,130.6963653564453,2207900
2024-10-15,136.0,136.9499969482422,135.0,135.72999572753906,130.66748046875,2465800
2024-10-16,135.60000610351562,137.0500030517578,135.3300018310547,136.35000610351562,131.26438903808594,2021100
2024-10-17,136.61000061035156,136.66000366210938,135.1199951171875,135.67999267578125,130.6193389892578,2328500
2024-10-18,135.69000244140625,136.1199951171875,134.2899932861328,135.13999938964844,130.09950256347656,2791400
2024-10-21,135.27999877929688,135.83999633789062,133.75,134.83999633789062,129.81068420410156,5940600
2024-10-22,140.19000244140625,141.33999633789062,130.82000732421875,131.72999572753906,126.81668853759766,13082300
2024-10-23,131.22000122070312,132.14999389648438,125.91000366210938,127.91000366210938,123.1391830444336,8116200
2024-10-24,128.0399932861328,128.94000244140625,125.87000274658203,126.47000122070312,121.75287628173828,5084900
2024-10-25,126.5999984741211,127.04000091552734,124.5,124.75,120.09703063964844,3774600
2024-10-28,126.6500015258789,130.8000030517578,126.05999755859375,130.2899932861328,125.43038177490234,5239200
2024-10-29,129.00999450683594,130.2100067138672,127.7699966430664,129.27000427246094,124.44844055175781,2820400
2024-10-30,129.0,129.4499969482422,127.41999816894531,127.55999755859375,122.80221557617188,2737200
2024-10-31,127.0,129.14999389648438,126.97000122070312,128.47000122070312,123.67826843261719,3408800
2024-11-01,128.47000122070312,128.52000427246094,126.8499984741211,127.22000122070312,122.47489166259766,3068700
2024-11-04,127.23999786376953,128.80999755859375,125.4800033569336,125.8499984741211,121.15599822998047,3642900
2024-11-05,125.5,127.9000015258789,124.83000183105469,126.5199966430664,121.8010025024414,3943800
2024-11-06,130.6999969482422,134.39999389648438,129.60000610351562,133.9199981689453,128.9250030517578,4803200
2024-11-07,133.36000061035156,134.8000030517578,132.47999572753906,133.07000732421875,128.10670471191406,3906400
2024-11-08,133.4499969482422,135.02000427246094,133.1999969482422,134.33999633789062,129.32933044433594,3465700
2024-11-11,134.85000610351562,135.33999633789062,132.77999877929688,133.0,128.03933715820312,3791300
2024-11-12,132.8000030517578,133.1999969482422,128.47000122070312,130.35000610351562,125.4881591796875,3144600
2024-11-13,132.00999450683594,133.07000732421875,130.82000732421875,131.4499969482422,126.5470962524414,2675500
2024-11-14,131.8699951171875,133.30999755859375,131.77000427246094,132.32000732421875,127.38467407226562,2283900
2024-11-15,130.11000061035156,131.25,129.7100067138672,129.7899932861328,125.6135482788086,1928800
2024-11-18,129.77999877929688,130.3800048828125,128.57000732421875,130.1699981689453,125.9813232421875,2433000
2024-11-19,129.00999450683594,129.25999450683594,128.0,128.19000244140625,124.06505584716797,2600500
2024-11-20,128.0,128.19000244140625,127.0999984741211,127.83999633789062,123.72630310058594,1700600
2024-11-21,127.7300033569336,128.5800018310547,126.31999969482422,127.31999969482422,123.2230453491211,2544800
2024-11-22,127.69000244140625,128.47999572753906,126.37000274658203,128.4199981689453,124.28764343261719,3052400
2024-11-25,129.2100067138672,130.60000610351562,127.55000305175781,130.32000732421875,126.12651062011719,5074700
2024-11-26,129.99000549316406,133.22999572753906,129.64999389648438,132.9499969482422,128.67189025878906,3080300
2024-11-27,133.91000366210938,135.5500030517578,132.36000061035156,132.47999572753906,128.21701049804688,2579600
2024-11-29,132.86000061035156,133.74000549316406,132.0399932861328,133.52999877929688,129.2332000732422,1618300
2024-12-02,133.52999877929688,133.77000427246094,132.3800048828125,132.88999938964844,128.6138153076172,3001900
2024-12-03,132.88999938964844,133.22999572753906,130.74000549316406,131.14999389648438,126.9297866821289,2378400
2024-12-04,130.92999267578125,131.38999938964844,128.97000122070312,130.4499969482422,126.2523193359375,2503400
2024-12-05,130.82000732421875,135.5800018310547,130.4499969482422,133.3300018310547,129.03964233398438,4171800
2024-12-06,133.25,134.22000122070312,132.1999969482422,133.11000061035156,128.82672119140625,1912300
2024-12-09,133.10000610351562,133.85000610351562,131.27000427246094,131.49000549316406,127.25886535644531,3442400
2024-12-10,130.1199951171875,130.60000610351562,127.5999984741211,129.77000427246094,125.59420013427734,3225700
2024-12-11,130.27000427246094,130.6699981689453,129.25999450683594,129.77000427246094,125.59420013427734,4089500
2024-12-12,129.64999389648438,130.6699981689453,128.77000427246094,129.75,125.57484436035156,2915300
2024-12-13,129.6999969482422,130.16000366210938,128.91000366210938,129.9199981689453,125.73937225341797,2382000
2024-12-16,129.89999389648438,130.1999969482422,128.86000061035156,129.47000122070312,125.3038558959961,3097800
2024-12-17,128.41000366210938,129.36000061035156,127.6500015258789,128.0500030517578,123.92955017089844,2693200
2024-12-18,128.2100067138672,129.3699951171875,125.37000274658203,125.52999877929688,121.49064636230469,3748900
2024-12-19,126.6500015258789,127.73999786376953,125.70999908447266,127.12999725341797,123.03913879394531,3038100
2024-12-20,126.37000274658203,130.35000610351562,125.75,129.27999877929688,125.11997985839844,8351300
2024-12-23,128.5,129.19000244140625,127.75,128.97999572753906,124.82963562011719,2067400
2024-12-24,128.74000549316406,130.36000061035156,128.08999633789062,130.36000061035156,126.16521453857422,803200
2024-12-26,130.3300018310547,131.39999389648438,129.22999572753906,131.17999267578125,126.9588394165039,1484900
2024-12-27,129.91000366210938,131.17999267578125,129.2100067138672,130.17999267578125,125.99100494384766,1842600
2024-12-30,129.1199951171875,129.9199981689453,127.91999816894531,129.1300048828125,124.97480773925781,2154000
2024-12-31,129.1999969482422,130.0500030517578,128.66000366210938,129.08999633789062,124.93608093261719,2220300
2025-01-02,130.2899932861328,131.6199951171875,128.97999572753906,129.6999969482422,125.52645874023438,3248900
2025-01-03,129.6999969482422,130.86000061035156,129.3000030517578,129.8699951171875,125.69097900390625,2273700
2025-01-06,130.82000732421875,131.41000366210938,129.8800048828125,130.2899932861328,126.09746551513672,3067000
2025-01-07,130.08999633789062,132.8000030517578,130.00999450683594,132.77000427246094,128.49766540527344,3414500
2025-01-08,132.02999877929688,134.67999267578125,131.66000366210938,134.52999877929688,130.2010498046875,4676000
2025-01-10,133.8300018310547,133.89999389648438,130.6300048828125,131.2100067138672,126.9878921508789,4661700
2025-01-13,130.72999572753906,134.72999572753906,129.5399932861328,134.60000610351562,130.26878356933594,4207200
2025-01-14,134.6199951171875,137.6999969482422,134.47000122070312,137.2100067138672,132.79478454589844,4629000
2025-01-15,138.2100067138672,138.85000610351562,137.1199951171875,137.77999877929688,133.34645080566406,4114300
2025-01-16,138.02999877929688,139.5,136.44000244140625,139.17999267578125,134.701416015625,4122700
2025-01-17,139.64999389648438,141.66000366210938,139.5,141.02999877929688,136.4918670654297,5724500
2025-01-21,145.5,150.0,145.0,146.88999938964844,142.16329956054688,11368500
2025-01-22,147.8800048828125,152.0800018310547,147.41000366210938,149.1199951171875,144.32154846191406,7077700
2025-01-23,149.4499969482422,150.4600067138672,148.41000366210938,149.6300048828125,144.81515502929688,4439100
2025-01-24,148.89999389648438,150.10000610351562,148.39999389648438,149.42999267578125,144.62158203125,4858400
2025-01-27,149.0,152.0,148.91000366210938,151.52000427246094,146.64434814453125,4929600
2025-01-28,151.32000732421875,152.9600067138672,149.7899932861328,151.39999389648438,146.52818298339844,4286800
2025-01-29,151.5,152.77999877929688,150.63999938964844,151.5399932861328,146.66366577148438,3996100
2025-01-30,152.0,154.64999389648438,151.8300018310547,154.39999389648438,149.43162536621094,3962300
2025-01-31,154.99000549316406,155.0,152.1300048828125,152.1999969482422,147.3024444580078,4164200
2025-02-03,149.17999267578125,151.6300048828125,148.14999389648438,150.0399932861328,145.2119598388672,3556300
2025-02-04,149.4600067138672,152.75999450683594,149.32000732421875,151.67999267578125,146.79916381835938,3110400
2025-02-05,152.4600067138672,153.6199951171875,150.74000549316406,152.4499969482422,147.5443878173828,2841400
2025-02-06,152.6999969482422,153.47000122070312,151.57000732421875,152.32000732421875,147.41859436035156,2760200
2025-02-07,152.5,152.89999389648438,149.5399932861328,149.8699951171875,145.04742431640625,3356600
2025-02-10,150.16000366210938,150.60000610351562,148.1300048828125,149.69000244140625,144.8732147216797,3531400
2025-02-11,149.30999755859375,150.3800048828125,148.57000732421875,150.07000732421875,145.24098205566406,2187700
2025-02-12,148.6999969482422,150.07000732421875,148.16000366210938,148.8699951171875,144.07958984375,2102900
2025-02-13,149.11000061035156,149.72000122070312,147.52999877929688,148.72000122070312,143.9344482421875,2047000
2025-02-14,147.88999938964844,149.5500030517578,147.74000549316406,148.6199951171875,144.5471649169922,2388300
2025-02-18,148.17999267578125,149.49000549316406,148.0,148.99000549316406,144.90704345703125,2601400
2025-02-19,148.07000732421875,150.36000061035156,148.07000732421875,150.1999969482422,146.08384704589844,3216900
2025-02-20,149.99000549316406,150.08999633789062,148.0399932861328,149.0800018310547,144.9945526123047,2231500
2025-02-21,149.0800018310547,149.5399932861328,144.55999755859375,144.97999572753906,141.00692749023438,4278500
2025-02-24,144.97999572753906,146.39999389648438,143.8699951171875,145.47999572753906,141.4932098388672,3447500
2025-02-25,145.42999267578125,147.55999755859375,145.33999633789062,146.5399932861328,142.524169921875,4358800
2025-02-26,144.38999938964844,149.25999450683594,141.75999450683594,147.42999267578125,143.38975524902344,5783400
2025-02-27,148.77000427246094,152.55999755859375,148.2100067138672,150.52000427246094,146.39511108398438,6576000
2025-02-28,151.5,155.5,151.0,155.1199951171875,150.8690185546875,8323100
2025-03-03,155.5,156.35000610351562,151.89999389648438,153.4199981689453,149.2156219482422,5672700
2025-03-04,150.5,151.0399932861328,145.6199951171875,145.86000061035156,141.86279296875,6787400
2025-03-05,146.75999450683594,149.0399932861328,146.0,147.61000061035156,143.56483459472656,3909700
2025-03-06,146.38999938964844,148.1300048828125,145.75,146.94000244140625,142.91322326660156,4492400
2025-03-07,144.69000244140625,147.22000122070312,140.77999877929688,146.3000030517578,142.29074096679688,5891100
2025-03-10,143.47000122070312,149.17999267578125,143.1199951171875,147.6199951171875,143.57455444335938,4966500
2025-03-11,145.72999572753906,149.49000549316406,145.6300048828125,147.5399932861328,143.49676513671875,5818300
2025-03-12,148.30999755859375,151.24000549316406,147.1999969482422,150.24000549316406,146.12278747558594,4196600
2025-03-13,150.27999877929688,151.24000549316406,145.91000366210938,146.10000610351562,142.09625244140625,3295000
2025-03-14,147.9199981689453,150.7899932861328,147.05999755859375,150.41000366210938,146.28810119628906,4094400
2025-03-17,150.3699951171875,153.97999572753906,150.0,153.2100067138672,149.01138305664062,4562100
2025-03-18,152.57000732421875,153.2100067138672,150.5,150.9199981689453,146.78414916992188,3038500
2025-03-19,151.19000244140625,153.97000122070312,150.9199981689453,153.2100067138672,149.01138305664062,2344100
2025-03-20,151.64999389648438,153.64999389648438,151.08999633789062,151.27000427246094,147.12454223632812,2579000
2025-03-21,149.89999389648438,150.75999450683594,148.07000732421875,150.36000061035156,146.23947143554688,5538500
2025-03-24,151.6999969482422,154.02999877929688,150.6999969482422,153.14999389648438,148.95301818847656,3207800
2025-03-25,153.1300048828125,155.0,152.67999267578125,153.5,149.29344177246094,4118900
2025-03-26,153.4499969482422,154.42999267578125,152.05999755859375,152.67999267578125,148.4958953857422,3836700
2025-03-27,152.6699981689453,152.6699981689453,148.1199951171875,148.44000244140625,144.37210083007812,2825300
2025-03-28,147.86000061035156,148.85000610351562,144.3300018310547,144.83999633789062,140.87075805664062,2581500
2025-03-31,143.99000549316406,147.74000549316406,142.17999267578125,146.86000061035156,142.83538818359375,4508600
2025-04-01,145.6999969482422,148.69000244140625,144.17999267578125,147.6699981689453,143.6231689453125,3641300
2025-04-02,145.7100067138672,148.1699981689453,145.58999633789062,147.75999450683594,143.71072387695312,4411100
2025-04-03,142.83999633789062,144.49000549316406,138.85000610351562,139.74000549316406,135.9105224609375,6712300
2025-04-04,134.19000244140625,135.30999755859375,126.43000030517578,126.91000366210938,123.43211364746094,9609100
2025-04-07,124.7300033569336,134.3699951171875,121.9800033569336,128.5500030517578,125.02716064453125,7174700
2025-04-08,132.24000549316406,133.8699951171875,124.81999969482422,127.16000366210938,123.67526245117188,5496800
2025-04-09,125.0,139.22999572753906,123.44000244140625,138.32000732421875,134.52943420410156,6428100
2025-04-10,135.75,135.7899932861328,128.67999267578125,132.97000122070312,129.3260498046875,4757100
2025-04-11,133.1300048828125,136.49000549316406,131.66000366210938,135.9499969482422,132.224365234375,3337600
2025-04-14,138.11000061035156,138.2899932861328,134.42999267578125,136.00999450683594,132.28273010253906,3815800
2025-04-15,136.00999450683594,137.47000122070312,135.13999938964844,135.25999450683594,131.55328369140625,2541700
2025-04-16,133.50999450683594,134.47999572753906,129.8699951171875,130.4600067138672,126.88483428955078,5635500
2025-04-17,130.33999633789062,132.9499969482422,130.0800018310547,130.2100067138672,126.64168548583984,4952000
2025-04-21,129.0,129.83999633789062,124.6500015258789,126.08999633789062,122.63458251953125,5971800
2025-04-22,133.2899932861328,137.27000427246094,130.36000061035156,136.3300018310547,132.59396362304688,7943800
2025-04-23,139.3800048828125,142.14999389648438,135.1999969482422,136.05999755859375,132.33135986328125,4655800
2025-04-24,135.63999938964844,139.75999450683594,135.1199951171875,138.8800048828125,135.07408142089844,2921100
2025-04-25,139.0,139.0,137.10000610351562,137.32000732421875,133.55685424804688,2141300
2025-04-28,137.32000732421875,138.41000366210938,136.0399932861328,137.92999267578125,134.15011596679688,2499900
2025-04-29,137.5,139.22000122070312,136.83999633789062,138.3800048828125,134.58778381347656,1917200
2025-04-30,137.6300048828125,139.30999755859375,134.85000610351562,138.91000366210938,135.10328674316406,3062800
2025-05-01,138.27999877929688,140.25,137.6699981689453,137.89999389648438,134.1209259033203,2236300
2025-05-02,140.0,143.0399932861328,139.2899932861328,142.0800018310547,138.18638610839844,2734200
2025-05-05,140.6199951171875,141.8699951171875,139.8699951171875,140.8000030517578,136.94146728515625,2623500
2025-05-06,139.1300048828125,139.7100067138672,137.6300048828125,138.02000427246094,134.23764038085938,2850000
2025-05-07,138.27000427246094,139.7899932861328,137.6999969482422,138.63999938964844,134.84068298339844,2555400
2025-05-08,140.0,142.36000061035156,139.2100067138672,141.1199951171875,137.252685546875,2899500
2025-05-09,141.25999450683594,142.6199951171875,140.9600067138672,142.60000610351562,138.692138671875,2634100
2025-05-12,146.08999633789062,150.82000732421875,145.27000427246094,150.3300018310547,146.21031188964844,4974800
2025-05-13,150.80999755859375,151.75,150.1699981689453,150.74000549316406,146.60906982421875,3455700
2025-05-14,150.75,150.77000427246094,146.9600067138672,147.8800048828125,143.82745361328125,3778700
2025-05-15,146.3300018310547,149.17999267578125,145.36000061035156,148.74000549316406,144.66387939453125,4472100
2025-05-16,149.42999267578125,153.27999877929688,148.9499969482422,153.11000061035156,148.91412353515625,4204500
2025-05-19,151.9499969482422,154.25999450683594,151.11000061035156,154.13999938964844,149.91587829589844,2613600
2025-05-20,153.25999450683594,154.72999572753906,153.25,154.14999389648438,149.92559814453125,2529700
2025-05-21,152.32000732421875,153.1699981689453,149.3300018310547,149.39999389648438,145.3057861328125,2661800
2025-05-22,149.72000122070312,150.57000732421875,147.67999267578125,149.77999877929688,145.67535400390625,2862800
2025-05-23,147.4499969482422,148.69000244140625,147.00999450683594,147.6199951171875,144.27774047851562,2369800
2025-05-27,150.0,150.0,146.66000366210938,149.49000549316406,146.10540771484375,3155300
2025-05-28,149.64999389648438,150.0,148.19000244140625,148.66000366210938,145.29420471191406,2297500
2025-05-29,149.8699951171875,150.36000061035156,148.17999267578125,149.6300048828125,146.2422332763672,2621400
2025-05-30,148.72999572753906,149.4499969482422,147.60000610351562,148.35000610351562,144.99122619628906,5339800
2025-06-02,147.8699951171875,148.3000030517578,143.91000366210938,146.39999389648438,143.08535766601562,2825700
2025-06-03,146.30999755859375,148.36000061035156,145.2100067138672,148.1300048828125,144.77618408203125,2343300
2025-06-04,148.91000366210938,148.9499969482422,146.7100067138672,146.80999755859375,143.48609924316406,2346900
2025-06-05,147.0399932861328,147.25999450683594,144.88999938964844,146.25999450683594,142.94854736328125,3568300
2025-06-06,148.0,148.4600067138672,145.44000244140625,145.5,142.2057342529297,2297100
2025-06-09,145.5500030517578,146.02999877929688,142.6699981689453,144.22999572753906,140.96450805664062,3401900
2025-06-10,144.24000549316406,145.30999755859375,143.14999389648438,145.05999755859375,141.7757110595703,3129200
2025-06-11,145.0399932861328,148.0500030517578,144.4199981689453,147.17999267578125,143.84768676757812,2904400
2025-06-12,146.4199981689453,147.27000427246094,144.49000549316406,144.77000427246094,141.49227905273438,2069700
2025-06-13,143.1300048828125,144.4499969482422,141.72999572753906,142.32000732421875,139.09774780273438,2450400
2025-06-16,143.67999267578125,145.38999938964844,143.50999450683594,145.07000732421875,141.78549194335938,1681300
2025-06-17,144.05999755859375,144.8800048828125,141.97000122070312,142.2100067138672,138.99024963378906,1739900
2025-06-18,142.1300048828125,143.6699981689453,141.57000732421875,142.50999450683594,139.283447265625,2629100
2025-06-20,143.30999755859375,144.0500030517578,141.82000732421875,144.02999877929688,140.76902770996094,5566700
2025-06-23,144.38999938964844,147.72000122070312,143.35000610351562,147.60000610351562,144.25820922851562,2904700
2025-06-24,148.63999938964844,150.2899932861328,148.00999450683594,149.8699951171875,146.476806640625,2700500
2025-06-25,149.6999969482422,149.86000061035156,147.1199951171875,147.75,144.40481567382812,2378000
2025-06-26,147.69000244140625,151.11000061035156,147.30999755859375,150.75999450683594,147.34664916992188,2740100
2025-06-27,151.13999938964844,152.8699951171875,150.55999755859375,152.02000427246094,148.57814025878906,3938200
2025-06-30,152.27999877929688,152.4600067138672,151.0,152.24000549316406,148.7931671142578,2302800
2025-07-01,152.0,156.08999633789062,151.4199981689453,153.80999755859375,150.32762145996094,3781900
2025-07-02,154.2100067138672,155.4499969482422,153.2100067138672,153.97000122070312,150.48399353027344,2864700
2025-07-03,154.25,155.0,149.5,152.94000244140625,149.477294921875,3182900
2025-07-07,152.8000030517578,154.47000122070312,150.9499969482422,151.83999633789062,148.40219116210938,3877000
2025-07-08,151.72999572753906,154.6199951171875,151.52999877929688,153.74000549316406,150.2592010498047,3252200
2025-07-09,154.3800048828125,156.64999389648438,153.83999633789062,155.97999572753906,152.44847106933594,2855900
2025-07-10,156.11000061035156,159.47000122070312,155.9600067138672,157.32000732421875,153.75814819335938,4043400
2025-07-11,156.0500030517578,156.5500030517578,154.82000732421875,155.83999633789062,152.31163024902344,2401300
2025-07-14,155.58999633789062,158.11000061035156,154.9199981689453,157.91000366210938,154.33477783203125,2961300
2025-07-15,157.91000366210938,158.27999877929688,156.02999877929688,156.58999633789062,153.044677734375,3058900
2025-07-16,157.6199951171875,157.67999267578125,154.85000610351562,157.55999755859375,153.99269104003906,3194600
2025-07-17,157.25999450683594,159.47000122070312,156.7899932861328,159.0399932861328,155.43917846679688,5024200
2025-07-18,162.5399932861328,164.14999389648438,150.25,153.22999572753906,149.76071166992188,11701900
2025-07-21,152.25,153.64999389648438,149.33999633789062,152.82000732421875,149.36001586914062,5194000
2025-07-22,152.97999572753906,154.05999755859375,150.32000732421875,151.1999969482422,147.7766876220703,4927800
2025-07-23,151.9199981689453,152.64999389648438,149.8000030517578,150.82000732421875,147.40530395507812,4976700
2025-07-24,150.0,151.2899932861328,147.80999755859375,149.3000030517578,145.9197235107422,4860900
2025-07-25,150.0,151.39999389648438,149.1999969482422,151.27000427246094,147.84510803222656,2818000
2025-07-28,150.60000610351562,153.8800048828125,150.14999389648438,152.0500030517578,148.60745239257812,3970300
2025-07-29,152.39999389648438,153.10000610351562,151.14999389648438,151.7899932861328,148.35333251953125,3918100
2025-07-30,152.47999572753906,152.5,146.5,146.6199951171875,143.30038452148438,3529500
2025-07-31,146.19000244140625,149.55999755859375,145.55999755859375,149.22000122070312,145.84152221679688,4390400
2025-08-01,146.5,146.72000122070312,144.25,144.41000366210938,141.14044189453125,4074400
2025-08-04,145.38999938964844,148.17999267578125,145.0,147.8699951171875,144.52207946777344,3641300
2025-08-05,148.4600067138672,151.22000122070312,148.0,150.08999633789062,146.6918182373047,3743900
2025-08-06,150.27000427246094,151.38999938964844,148.63999938964844,150.82000732421875,147.40530395507812,2636900
2025-08-07,151.97999572753906,152.47999572753906,149.97999572753906,151.74000549316406,148.30447387695312,2293900
2025-08-08,152.39999389648438,153.69000244140625,151.4199981689453,153.3000030517578,149.8291473388672,2376400
2025-08-11,153.75,155.61000061035156,153.16000366210938,155.30999755859375,151.79364013671875,3354500
2025-08-12,155.7899932861328,158.4600067138672,155.61000061035156,157.85000610351562,154.27613830566406,2748200
2025-08-13,158.38999938964844,160.47000122070312,156.6199951171875,160.1999969482422,156.57293701171875,3132000
2025-08-14,159.60000610351562,160.07000732421875,156.6300048828125,156.64999389648438,153.10330200195312,6344900
2025-08-15,157.3699951171875,157.3699951171875,151.61000061035156,152.38999938964844,148.9397430419922,3921100
2025-08-18,152.36000061035156,155.42999267578125,152.19000244140625,152.86000061035156,149.39910888671875,2585500
2025-08-19,152.83999633789062,155.72000122070312,152.0500030517578,154.33999633789062,150.84559631347656,2146200
2025-08-20,154.1199951171875,155.33999633789062,153.1699981689453,154.75,151.24630737304688,3258200
2025-08-21,154.3699951171875,155.2100067138672,153.14999389648438,154.3800048828125,150.88470458984375,2236900
2025-08-22,155.75,159.11000061035156,155.0,158.72000122070312,155.12643432617188,1958200
2025-08-25,157.58999633789062,157.9199981689453,155.8000030517578,155.85000610351562,153.02520751953125,1606300
2025-08-26,155.75999450683594,156.72000122070312,154.5800018310547,156.57000732421875,153.73219299316406,2960600
2025-08-27,156.0399932861328,157.22000122070312,155.75,156.52999877929688,153.69288635253906,2155000
2025-08-28,157.75999450683594,158.47000122070312,156.5800018310547,157.55999755859375,154.7042236328125,2982200
2025-08-29,157.60000610351562,158.24000549316406,155.32000732421875,155.52999877929688,152.7110137939453,3279100
2025-09-02,153.9499969482422,154.49000549316406,151.6999969482422,154.27000427246094,151.47386169433594,2745100
2025-09-03,153.5,154.08999633789062,150.42999267578125,152.0,149.24501037597656,3964400
2025-09-04,152.1999969482422,155.60000610351562,152.02000427246094,155.52000427246094,152.70120239257812,2741200
2025-09-05,155.8000030517578,157.55999755859375,154.27999877929688,155.3000030517578,152.4851837158203,2053300
2025-09-08,154.61000061035156,154.97999572753906,152.0,154.0,151.20875549316406,2715500
2025-09-09,154.14999389648438,154.14999389648438,151.5500030517578,153.0800018310547,150.305419921875,1669200
2025-09-10,153.16000366210938,155.2100067138672,152.4600067138672,153.57000732421875,150.78656005859375,2811600
2025-09-11,153.7899932861328,159.5,153.39999389648438,159.47000122070312,156.57962036132812,3663900
2025-09-12,159.11000061035156,162.10000610351562,157.80999755859375,157.8699951171875,155.0085906982422,2865100
2025-09-15,158.0,158.3800048828125,155.25,156.66000366210938,153.82054138183594,3219500
2025-09-16,156.89999389648438,157.47999572753906,153.6300048828125,156.5,153.66343688964844,2208600
2025-09-17,156.5,158.5399932861328,153.5399932861328,155.16000366210938,152.3477325439453,2757300
2025-09-18,155.14999389648438,156.9199981689453,154.30999755859375,155.39999389648438,152.5833740234375,1795000
2025-09-19,155.91000366210938,157.41000366210938,154.69000244140625,156.60000610351562,153.7616424560547,6507100
2025-09-22,155.60000610351562,155.7100067138672,153.63999938964844,153.86000061035156,151.07130432128906,2484800
2025-09-23,153.83999633789062,158.13999938964844,153.83999633789062,156.2899932861328,153.4572296142578,2254000
2025-09-24,156.0,156.5,154.4600067138672,154.60000610351562,151.79786682128906,1739300
2025-09-25,154.0,154.0,151.82000732421875,153.02999877929688,150.25633239746094,2949300
2025-09-26,154.02000427246094,154.5,152.3699951171875,152.80999755859375,150.04031372070312,2104000
2025-09-29,153.5,154.39999389648438,152.5399932861328,154.0800018310547,151.28729248046875,2043400
2025-09-30,153.85000610351562,155.22000122070312,152.42999267578125,155.17999267578125,152.36734008789062,2177100
2025-10-01,154.4499969482422,156.5399932861328,154.25999450683594,156.0,153.1724853515625,2297900
2025-10-02,157.25999450683594,159.5800018310547,156.5399932861328,158.8000030517578,155.92176818847656,2167500
2025-10-03,158.9199981689453,160.38999938964844,157.7100067138672,158.66000366210938,155.7843017578125,3411600
2025-10-06,158.6999969482422,159.2100067138672,154.6300048828125,155.92999267578125,153.10377502441406,2421400
2025-10-07,156.8300018310547,157.94000244140625,155.17999267578125,155.3300018310547,152.5146484375,1696700
2025-10-08,155.7100067138672,156.08999633789062,152.77999877929688,156.0,153.1724853515625,2084200
2025-10-09,156.10000610351562,156.60000610351562,151.3699951171875,152.8800048828125,150.1090545654297,2512200
2025-10-10,153.24000549316406,154.25,148.4600067138672,148.75,146.0539093017578,3504400
2025-10-13,150.57000732421875,152.42999267578125,150.4199981689453,151.10000610351562,148.36131286621094,2724800
2025-10-14,149.27000427246094,153.7100067138672,149.27000427246094,152.52999877929688,149.765380859375,2604800
2025-10-15,153.69000244140625,155.66000366210938,152.7100067138672,153.47000122070312,150.68833923339844,2381500
2025-10-16,154.47000122070312,154.47000122070312,150.61000061035156,151.41000366210938,148.66571044921875,4279200
2025-10-17,151.4499969482422,153.07000732421875,151.27000427246094,152.63999938964844,149.87339782714844,4494000
2025-10-20,153.22999572753906,156.07000732421875,153.02999877929688,154.77999877929688,151.974609375,4230400
2025-10-21,158.0,166.82000732421875,152.8000030517578,166.63999938964844,163.61964416503906,7302200
2025-10-22,167.16000366210938,169.17999267578125,165.52999877929688,167.22999572753906,164.19894409179688,5275800
2025-10-23,167.22000122070312,171.6300048828125,166.7100067138672,171.60000610351562,168.48976135253906,4779100
2025-10-24,172.0,172.85000610351562,167.75,168.5,165.44595336914062,3612300
2025-10-27,169.97999572753906,170.6300048828125,167.39999389648438,168.39999389648438,165.34774780273438,2922300
2025-10-28,168.32000732421875,168.5,166.35000610351562,166.8300018310547,163.8061981201172,2448100
2025-10-29,167.14999389648438,168.0,163.61000061035156,164.6300048828125,161.6460723876953,3163400
2025-10-30,165.00999450683594,169.25999450683594,164.60000610351562,166.4499969482422,163.43309020996094,2143700
2025-10-31,165.49000549316406,167.33999633789062,165.2100067138672,166.5,163.482177734375,2096600
2025-11-03,166.00999450683594,166.27999877929688,161.49000549316406,162.19000244140625,159.2502899169922,3141200
2025-11-04,161.82000732421875,162.22999572753906,159.35000610351562,160.58999633789062,157.67930603027344,3520900
2025-11-05,160.69000244140625,164.8300018310547,160.13999938964844,164.32000732421875,161.3417205810547,2656200
2025-11-06,164.1999969482422,165.49000549316406,159.57000732421875,163.85000610351562,160.88021850585938,5193100
2025-11-07,163.91000366210938,165.27999877929688,162.66000366210938,164.83999633789062,161.85227966308594,2506400
2025-11-10,165.0,169.1699981689453,163.97000122070312,167.6699981689453,164.63099670410156,2754900
2025-11-11,167.6699981689453,170.17999267578125,166.0,168.6699981689453,165.6128387451172,2365800
2025-11-12,168.66000366210938,171.77999877929688,168.66000366210938,171.0800018310547,167.97918701171875,2694300
2025-11-13,170.4199981689453,172.55999755859375,169.25,170.6199951171875,167.52749633789062,3878900
2025-11-14,168.91000366210938,169.33999633789062,166.99000549316406,167.5800018310547,165.2496337890625,2748800
2025-11-17,166.91000366210938,167.82000732421875,164.97000122070312,165.38999938964844,163.090087890625,2908400
2025-11-18,163.99000549316406,166.58999633789062,163.30999755859375,165.7899932861328,163.48451232910156,2325700
2025-11-19,165.58999633789062,167.30999755859375,164.55999755859375,166.5800018310547,164.2635498046875,2219100
2025-11-20,168.72999572753906,169.75,163.9600067138672,164.61000061035156,162.32095336914062,3303500
2025-11-21,165.36000061035156,169.3800048828125,165.1699981689453,168.08999633789062,165.75254821777344,3183500
2025-11-24,168.24000549316406,170.75999450683594,166.63999938964844,169.55999755859375,167.2021026611328,7138100
2025-11-25,170.2899932861328,172.16000366210938,170.22000122070312,171.5399932861328,169.15457153320312,2605800
2025-11-26,171.11000061035156,172.3699951171875,170.67999267578125,170.8000030517578,168.4248809814453,2031600
2025-11-28,170.66000366210938,172.24000549316406,170.00999450683594,172.0500030517578,169.65748596191406,1596300
2025-12-01,170.67999267578125,171.97999572753906,169.61000061035156,170.47999572753906,168.10931396484375,2244600
2025-12-02,170.8800048828125,171.92999267578125,169.64999389648438,171.55999755859375,169.17428588867188,1928500
2025-12-03,172.0500030517578,174.69000244140625,171.16000366210938,173.08999633789062,170.68301391601562,2883300
2025-12-04,171.89999389648438,172.00999450683594,168.74000549316406,169.27000427246094,166.91615295410156,2860400
2025-12-05,169.1999969482422,169.33999633789062,165.66000366210938,167.47999572753906,165.15103149414062,3021400
2025-12-08,165.77000427246094,165.82000732421875,162.2899932861328,163.9600067138672,161.67999267578125,3254000
2025-12-09,163.39999389648438,165.74000549316406,163.39999389648438,165.08999633789062,162.79425048828125,2335000
2025-12-10,164.5800018310547,166.72999572753906,163.41000366210938,165.66000366210938,163.35633850097656,3382000
2025-12-11,166.55999755859375,170.0,166.22000122070312,168.60000610351562,166.25546264648438,2525200
2025-12-12,168.47000122070312,169.83999633789062,167.8000030517578,168.89999389648438,166.55128479003906,2423500
2025-12-15,169.55999755859375,170.36000061035156,165.19000244140625,165.6999969482422,163.39578247070312,2576400
2025-12-16,166.0,167.0,162.83999633789062,163.1999969482422,160.93055725097656,2786500
2025-12-17,162.19000244140625,164.22999572753906,161.00999450683594,162.1699981689453,159.9148712158203,2638500
2025-12-18,163.3699951171875,164.22999572753906,161.42999267578125,161.75999450683594,159.51055908203125,2606000
2025-12-19,161.67999267578125,163.94000244140625,161.67999267578125,161.9600067138672,159.70779418945312,3715700
2025-12-22,162.17999267578125,162.63999938964844,159.07000732421875,160.0,157.77503967285156,2334600
2025-12-23,159.97999572753906,160.49000549316406,158.4499969482422,160.14999389648438,157.92294311523438,1828900
2025-12-24,160.11000061035156,160.67999267578125,159.07000732421875,160.33999633789062,158.11032104492188,854400
2025-12-26,160.32000732421875,162.17999267578125,160.0,162.0800018310547,159.82611083984375,1245700
2025-12-29,161.8699951171875,162.6999969482422,160.82000732421875,161.72000122070312,159.4711456298828,2185100
2025-12-30,161.47999572753906,161.67999267578125,160.63999938964844,161.1699981689453,158.92877197265625,1293600
2025-12-31,161.1699981689453,161.33999633789062,160.0399932861328,160.10000610351562,157.8736572265625,1201700
2026-01-02,160.10000610351562,161.88999938964844,159.05999755859375,161.82000732421875,159.5697479248047,1961200
2026-01-05,160.97999572753906,164.39999389648438,160.8000030517578,163.5500030517578,161.2756805419922,2894500
2026-01-06,162.8800048828125,166.52999877929688,161.82000732421875,166.2100067138672,163.89869689941406,2854800
2026-01-07,165.85000610351562,165.8699951171875,161.77000427246094,162.91000366210938,160.6445770263672,2734400
2026-01-08,161.77000427246094,165.7899932861328,161.0500030517578,165.24000549316406,162.9421844482422,2526900
2026-01-09,165.49000549316406,166.25,163.9499969482422,165.24000549316406,162.9421844482422,2306800
2026-01-12,164.3000030517578,168.27000427246094,163.11000061035156,167.94000244140625,165.60464477539062,3247700
2026-01-13,168.0,170.39999389648438,167.7899932861328,169.4199981689453,167.06405639648438,2827900
2026-01-14,169.39999389648438,170.85000610351562,168.1300048828125,169.99000549316406,167.6261444091797,3121900
2026-01-15,170.5,173.05999755859375,169.92999267578125,171.10000610351562,168.720703125,2909200
2026-01-16,168.80999755859375,171.42999267578125,167.0,167.8000030517578,165.4665985107422,7328100
2026-01-20,159.4499969482422,163.72999572753906,153.07000732421875,156.1199951171875,153.94898986816406,11902100
2026-01-21,157.1199951171875,158.63999938964844,154.33999633789062,155.8800048828125,153.71234130859375,6969100
2026-01-22,156.55999755859375,162.5,156.1999969482422,160.6300048828125,158.39630126953125,5559600
2026-01-23,159.8800048828125,164.27000427246094,159.8800048828125,162.67999267578125,160.41778564453125,4461300
2026-01-26,162.0,162.86000061035156,159.49000549316406,159.52000427246094,157.30172729492188,3891000
2026-01-27,159.64999389648438,160.9199981689453,157.9199981689453,158.0500030517578,155.85215759277344,4661100
2026-01-28,157.86000061035156,159.6999969482422,155.1199951171875,155.94000244140625,153.77149963378906,4323000
2026-01-29,157.47999572753906,158.75,154.6300048828125,156.3800048828125,154.20538330078125,4137000
2026-01-30,155.6699981689453,156.72999572753906,152.0,153.16000366210938,151.03018188476562,4738200
2026-02-02,153.5500030517578,153.63999938964844,150.5500030517578,153.42999267578125,151.29640197753906,5393500
2026-02-03,153.0,157.0800018310547,151.22999572753906,155.67999267578125,153.51510620117188,5178800
2026-02-04,156.0,163.82000732421875,155.80999755859375,163.7899932861328,161.51234436035156,6514900
2026-02-05,163.1699981689453,165.82000732421875,161.2100067138672,165.0800018310547,162.78440856933594,3514000
2026-02-06,166.97999572753906,172.97999572753906,166.00999450683594,172.64999389648438,170.24913024902344,7257700
2026-02-09,171.63999938964844,172.60000610351562,168.75,170.27999877929688,167.91209411621094,4694500
2026-02-10,170.07000732421875,173.75,169.44000244140625,173.42999267578125,171.01829528808594,3215900
2026-02-11,174.0,174.92999267578125,172.44000244140625,172.85000610351562,170.4463653564453,2996900
2026-02-12,173.38999938964844,177.41000366210938,172.39999389648438,174.61000061035156,172.18186950683594,4525600
2026-02-13,174.5,174.6999969482422,170.5800018310547,171.82000732421875,170.19093322753906,3178200
2026-02-17,170.0,171.5,167.25,167.6199951171875,166.03074645996094,4748900
2026-02-18,166.83999633789062,167.1999969482422,162.50999450683594,164.1699981689453,162.61346435546875,4211100
2026-02-19,164.08999633789062,165.6300048828125,163.52999877929688,165.0500030517578,163.48512268066406,3373800
2026-02-20,165.0,169.3699951171875,164.08999633789062,167.05999755859375,165.47605895996094,2292400
2026-02-23,166.6999969482422,167.44000244140625,164.30999755859375,166.33999633789062,164.7628936767578,2922000
2026-02-24,165.50999450683594,168.2899932861328,165.5,166.4600067138672,164.8817596435547,2468500
2026-02-25,167.25999450683594,167.6300048828125,165.0,165.5399932861328,163.97047424316406,2987900
2026-02-26,165.8800048828125,168.16000366210938,164.41000366210938,166.1699981689453,164.59449768066406,3474100
2026-02-27,165.25,166.0500030517578,162.8699951171875,165.32000732421875,163.7525634765625,5367000
2026-03-02,162.27000427246094,164.22999572753906,159.22000122070312,161.4600067138672,159.9291534423828,3984400
2026-03-03,157.52000427246094,159.63999938964844,156.83999633789062,158.47999572753906,156.9774169921875,4050400
2026-03-04,159.2899932861328,161.7899932861328,158.77000427246094,160.88999938964844,159.36456298828125,3865900
2026-03-05,159.57000732421875,160.97000122070312,154.8000030517578,156.2100067138672,154.72894287109375,4538000
2026-03-06,154.11000061035156,154.1199951171875,151.75999450683594,153.41000366210938,151.9554901123047,4938100
2026-03-09,151.49000549316406,152.9199981689453,147.72000122070312,151.6300048828125,150.19236755371094,6235100
2026-03-10,152.39999389648438,156.50999450683594,151.61000061035156,155.25,153.7780303955078,5891100
2026-03-11,153.8800048828125,155.38999938964844,152.91000366210938,155.1699981689453,153.69879150390625,3551100
2026-03-12,152.75999450683594,153.47999572753906,148.27000427246094,149.10000610351562,147.6863555908203,5683000
2026-03-13,151.14999389648438,152.38999938964844,150.39999389648438,150.9600067138672,149.52871704101562,4010700
2026-03-16,152.58999633789062,152.75,148.1300048828125,149.9499969482422,148.52828979492188,5104700
2026-03-17,151.64999389648438,151.64999389648438,148.0,149.05999755859375,147.64671325683594,4412200
2026-03-18,147.83999633789062,148.3300018310547,144.10000610351562,145.0800018310547,143.70445251464844,4239600
2026-03-19,143.42999267578125,143.97000122070312,141.1199951171875,142.7100067138672,141.35693359375,4275900
2026-03-20,141.61000061035156,143.3000030517578,139.33999633789062,141.1999969482422,139.8612518310547,6900600
2026-03-23,144.0399932861328,148.22000122070312,143.17999267578125,146.55999755859375,145.17044067382812,4924500
2026-03-24,145.02999877929688,147.8000030517578,144.89999389648438,146.6699981689453,145.27938842773438,3036500
2026-03-25,148.47999572753906,149.1699981689453,146.47000122070312,148.0500030517578,146.64630126953125,2238500
2026-03-26,147.08999633789062,147.39999389648438,143.7100067138672,143.99000549316406,142.6248016357422,2812100
2026-03-27,143.69000244140625,146.19000244140625,142.66000366210938,143.0399932861328,141.6837921142578,3428000
2026-03-30,143.6999969482422,143.91000366210938,141.75999450683594,142.52000427246094,141.16873168945312,2483600
2026-03-31,144.41000366210938,145.2899932861328,141.77999877929688,145.22999572753906,143.85302734375,3384900
