Date,Open,High,Low,Close,Adj Close,Volume
2016-04-01,50.095420837402344,51.32633590698242,50.038169860839844,51.24045944213867,37.39902877807617,9099889
2016-04-04,51.44084167480469,52.127864837646484,51.288169860839844,51.90839767456055,37.88652801513672,10741581
2016-04-05,51.61259460449219,52.213741302490234,51.51717758178711,51.7557258605957,37.775108337402344,9432838
2016-04-06,51.860687255859375,53.23473358154297,51.774810791015625,53.082061767578125,38.743167877197266,13079459
2016-04-07,52.80534362792969,53.225189208984375,52.52862548828125,52.88167953491211,38.596900939941406,11042566
2016-04-08,53.196563720703125,53.34923553466797,52.57633590698242,52.82442855834961,38.55513381958008,7322795
2016-04-11,52.83396911621094,53.1870231628418,52.461830139160156,52.52862548828125,38.33921813964844,7404749
2016-04-12,52.45228958129883,53.196563720703125,52.42366409301758,52.80534362792969,38.541194915771484,6221976
2016-04-13,52.91984558105469,53.42557144165039,52.738548278808594,53.39694595336914,38.972984313964844,8849836
2016-04-14,53.45419692993164,54.007633209228516,53.377864837646484,53.864505767822266,39.31424331665039,8757822
2016-04-15,53.94084167480469,53.959922790527344,53.32061004638672,53.568702697753906,39.09834671020508,8839251
2016-04-18,53.568702697753906,54.22710037231445,53.35877990722656,53.921756744384766,39.35603332519531,8168322
2016-04-19,54.13167953491211,54.75190734863281,53.64503860473633,54.2557258605957,39.599788665771484,8011122
2016-04-20,54.53244400024414,54.770992279052734,53.85496139526367,53.988548278808594,39.4047737121582,8929903
2016-04-21,53.75954055786133,54.417938232421875,53.73091506958008,54.007633209228516,39.41870880126953,11040994
2016-04-22,54.093509674072266,54.417938232421875,53.921756744384766,54.14122009277344,39.516212463378906,7433988
2016-04-25,53.893131256103516,54.04580307006836,53.435115814208984,53.64503860473633,39.15406799316406,8677650
2016-04-26,53.82633590698242,53.83587646484375,53.31106948852539,53.47328186035156,39.02870559692383,7573477
2016-04-27,53.492366790771484,54.02671813964844,53.492366790771484,53.73091506958008,39.216739654541016,7274587
2016-04-28,53.33015441894531,53.654579162597656,53.0057258605957,53.1870231628418,38.81977844238281,9531246
2016-04-29,53.09160232543945,53.09160232543945,52.06106948852539,52.328243255615234,38.19297409057617,13862944
2016-05-02,52.33778762817383,52.82442855834961,52.19465637207031,52.76717758178711,38.513336181640625,10143487
2016-05-03,52.614505767822266,52.91030502319336,52.33778762817383,52.5572509765625,38.360111236572266,7966058
2016-05-04,52.20419692993164,52.51908493041992,51.975189208984375,52.299617767333984,38.17206954956055,8075888
2016-05-05,51.79389190673828,51.90839767456055,50.89694595336914,51.61259460449219,37.670631408691406,11764010
2016-05-06,51.35496139526367,51.49809265136719,50.6297721862793,51.14503860473633,37.329383850097656,11031562
2016-05-09,51.11641311645508,51.84160232543945,51.05915832519531,51.622135162353516,37.67759323120117,8358219
2016-05-10,51.975189208984375,52.22328186035156,51.89885330200195,52.17557144165039,38.08153533935547,6797538
2016-05-11,52.19465637207031,52.28053283691406,51.774810791015625,51.82251739501953,37.823848724365234,6888399
2016-05-12,52.08969497680664,52.11832046508789,51.459922790527344,51.64122009277344,37.69153594970703,8640026
2016-05-13,51.622135162353516,52.01335906982422,51.364505767822266,51.41221237182617,37.524383544921875,7467210
2016-05-16,51.3072509765625,52.261451721191406,51.135494232177734,52.14694595336914,38.060646057128906,6968257
2016-05-17,51.917938232421875,52.07061004638672,51.507633209228516,51.832061767578125,37.8308219909668,12360112
2016-05-18,51.89885330200195,52.433204650878906,51.68893051147461,52.16603088378906,38.07456970214844,7745978
2016-05-19,51.67938995361328,52.461830139160156,51.60305404663086,52.08015441894531,38.01189422607422,9153127
2016-05-20,52.318702697753906,52.99618148803711,52.127864837646484,52.58587646484375,38.38100814819336,9047489
2016-05-23,52.48091506958008,52.700382232666016,52.270992279052734,52.404579162597656,38.24868392944336,5837674
2016-05-24,52.700382232666016,53.33015441894531,52.652671813964844,53.053436279296875,38.72228240966797,6614138
2016-05-25,53.25381851196289,54.07442855834961,53.21564865112305,53.979007720947266,39.39781188964844,10052626
2016-05-26,53.88358688354492,54.122135162353516,53.75954055786133,53.8072509765625,39.2724609375,5995084
2016-05-27,53.91221237182617,54.23664093017578,53.654579162597656,53.893131256103516,39.33513641357422,7869222
2016-05-31,53.902671813964844,54.122135162353516,53.511451721191406,53.683204650878906,39.18191909790039,9922988
2016-06-01,53.625953674316406,53.931297302246094,53.38740539550781,53.75,39.230674743652344,7012168
2016-06-02,53.85496139526367,54.2557258605957,53.77862548828125,54.21755599975586,39.57193374633789,7645684
2016-06-03,54.23664093017578,54.35114669799805,53.70228958129883,54.04580307006836,39.44657516479492,5697871
2016-06-06,54.064884185791016,54.742366790771484,54.05534362792969,54.5515251159668,39.815673828125,7235392
2016-06-07,54.58015441894531,54.80915832519531,54.3129768371582,54.389312744140625,39.69729232788086,6552515
2016-06-08,54.360687255859375,55.21946716308594,54.360687255859375,54.98091506958008,40.129085540771484,8164025
2016-06-09,54.875953674316406,55.171756744384766,54.32251739501953,54.56106948852539,39.8226318359375,9670630
2016-06-10,54.21755599975586,54.46564865112305,53.979007720947266,54.20801544189453,39.564971923828125,9989222
2016-06-13,53.606868743896484,54.08396911621094,53.520992279052734,53.540077209472656,39.396453857421875,6502630
2016-06-14,53.21564865112305,53.73091506958008,53.07251739501953,53.67366409301758,39.4947509765625,9006722
2016-06-15,53.82633590698242,53.931297302246094,53.38740539550781,53.520992279052734,39.382423400878906,8015942
2016-06-16,54.3797721862793,55.02862548828125,53.55915832519531,54.86641311645508,40.372413635253906,23110706
2016-06-17,54.799617767333984,54.799617767333984,53.14885330200195,53.33015441894531,39.241981506347656,18323651
2016-06-20,53.75954055786133,54.007633209228516,53.549617767333984,53.568702697753906,39.417518615722656,9116238
2016-06-21,53.950382232666016,54.07442855834961,53.66412353515625,53.67366409301758,39.4947509765625,6710344
2016-06-22,53.568702697753906,54.64694595336914,53.53053283691406,54.42748260498047,40.04943084716797,13076420
2016-06-23,54.847328186035156,55.038169860839844,54.4942741394043,55.038169860839844,40.498809814453125,7302883
2016-06-24,53.47328186035156,54.45610809326172,53.21564865112305,53.32061004638672,39.23497009277344,18087013
2016-06-27,52.9484748840332,53.1297721862793,52.57633590698242,52.77671813964844,38.83475112915039,13721778
2016-06-28,52.90076446533203,53.1202278137207,52.58587646484375,53.03435134887695,39.024330139160156,13372585
2016-06-29,53.568702697753906,54.52289962768555,53.41603088378906,54.4370231628418,40.05646514892578,10284862
2016-06-30,54.53244400024414,55.038169860839844,54.303436279296875,54.97137451171875,40.44965362548828,9723030
2016-07-01,54.904579162597656,55.343509674072266,54.790077209472656,55.286258697509766,40.68134689331055,8245978
2016-07-05,55.13358688354492,55.5057258605957,55.13358688354492,55.343509674072266,40.72346878051758,7749017
2016-07-06,55.60114669799805,56.55534362792969,55.41030502319336,56.450382232666016,41.53794479370117,15015430
2016-07-07,56.1927490234375,56.316795349121094,55.6202278137207,56.08778762817383,41.27113723754883,9800791
2016-07-08,56.27862548828125,56.84160232543945,56.106868743896484,56.63167953491211,41.67135238647461,9934411
2016-07-11,56.54580307006836,57.01335906982422,56.488548278808594,56.622135162353516,41.66432189941406,7688862
2016-07-12,56.55534362792969,57.0515251159668,56.374046325683594,56.8702278137207,41.846885681152344,8804562
2016-07-13,57.04198455810547,57.20419692993164,56.7557258605957,56.82251739501953,41.8117790222168,7119274
2016-07-14,57.127864837646484,57.185115814208984,56.7557258605957,56.917938232421875,41.88199234008789,7698084
2016-07-15,57.06106948852539,57.185115814208984,56.536258697509766,56.89885330200195,41.86793899536133,8554510
2016-07-18,56.29771041870117,56.76526641845703,56.03053283691406,56.316795349121094,41.43964385986328,9190122
2016-07-19,56.374046325683594,56.774810791015625,55.877864837646484,55.97328186035156,41.186893463134766,9307602
2016-07-20,56.29771041870117,56.41221237182617,56.068702697753906,56.097328186035156,41.278160095214844,6786848
2016-07-21,56.29771041870117,56.402671813964844,55.877864837646484,56.097328186035156,41.278160095214844,6337361
2016-07-22,56.288169860839844,56.374046325683594,55.86832046508789,56.125953674316406,41.29922866821289,6570436
2016-07-25,55.94465637207031,56.183204650878906,55.32442855834961,55.877864837646484,41.116668701171875,8422986
2016-07-26,56.011451721191406,56.11641311645508,55.47710037231445,55.6870231628418,40.97624588012695,7494038
2016-07-27,55.71564865112305,56.03053283691406,55.27671813964844,55.91603088378906,41.14474868774414,8267462
2016-07-28,55.83969497680664,55.906490325927734,55.4484748840332,55.75381851196289,41.02538299560547,7639606
2016-07-29,56.3072509765625,56.488548278808594,55.60114669799805,55.97328186035156,41.186893463134766,8898778
2016-08-01,56.135494232177734,56.29771041870117,55.82061004638672,55.97328186035156,41.186893463134766,9297018
2016-08-02,55.992366790771484,56.040077209472656,55.582061767578125,55.65839767456055,40.9551887512207,7153962
2016-08-03,55.5057258605957,55.6297721862793,54.56106948852539,55.00954055786133,40.47772979736328,10099890
2016-08-04,55.095420837402344,55.5629768371582,55.095420837402344,55.19084167480469,40.61112976074219,5807387
2016-08-05,55.19084167480469,61.068702697753906,55.19084167480469,60.935115814208984,44.837955474853516,76374048
2016-08-08,59.790077209472656,60.13358688354492,59.11259460449219,59.98091506958008,44.13581848144531,26248103
2016-08-09,59.98091506958008,60.24809265136719,59.57061004638672,59.627864837646484,43.87604522705078,12821651
2016-08-10,59.24618148803711,60.209922790527344,59.22710037231445,59.770992279052734,43.98135757446289,9259499
2016-08-11,59.742366790771484,60.81106948852539,59.61832046508789,60.71564865112305,44.67645263671875,10862520
2016-08-12,60.24809265136719,60.54389190673828,60.04771041870117,60.4484748840332,44.479881286621094,6544026
2016-08-15,60.4484748840332,60.83015441894531,60.314884185791016,60.41984558105469,44.45880126953125,6969305
2016-08-16,60.114505767822266,60.41984558105469,59.961830139160156,60.152671813964844,44.26220703125,5952745
2016-08-17,60.143131256103516,60.524810791015625,59.73282241821289,60.39122009277344,44.437744140625,8668532
2016-08-18,60.19084167480469,60.725189208984375,60.19084167480469,60.71564865112305,44.67645263671875,7259077
2016-08-19,60.286258697509766,60.53435134887695,59.99045944213867,60.45801544189453,44.48689270019531,8887040
2016-08-22,60.35305404663086,60.725189208984375,60.19084167480469,60.639312744140625,44.620277404785156,6756666
2016-08-23,60.79198455810547,60.95419692993164,60.46755599975586,60.667938232421875,44.641361236572266,6076723
2016-08-24,60.6870231628418,60.85877990722656,59.64694595336914,59.856868743896484,44.0445556640625,7842079
2016-08-25,59.98091506958008,60.209922790527344,59.417938232421875,59.46564865112305,43.756675720214844,8329190
2016-08-26,59.61832046508789,60.10496139526367,59.332061767578125,59.97137451171875,44.12880325317383,8167902
2016-08-29,60.038169860839844,60.39122009277344,59.770992279052734,60.124046325683594,44.241146087646484,5843438
2016-08-30,60.07633590698242,60.143131256103516,59.64694595336914,59.83778762817383,44.0305061340332,6474544
2016-08-31,60.19084167480469,60.229007720947266,59.56106948852539,59.91412353515625,44.086673736572266,9285804
2016-09-01,59.828243255615234,60.095420837402344,59.53244400024414,60.01908493041992,44.16392135620117,6858846
2016-09-02,59.72328186035156,60.372135162353516,59.72328186035156,60.095420837402344,44.22008514404297,7978634
2016-09-06,60.10496139526367,60.5629768371582,59.89503860473633,60.343509674072266,44.402626037597656,8310954
2016-09-07,60.41030502319336,60.582061767578125,59.73282241821289,59.99045944213867,44.14285659790039,9084169
2016-09-08,59.58969497680664,60.39122009277344,59.475189208984375,60.343509674072266,44.402626037597656,9627242
2016-09-09,59.818702697753906,59.83778762817383,59.46564865112305,59.627864837646484,43.87604522705078,13191700
2016-09-12,59.16030502319336,60.582061767578125,59.07442855834961,60.29580307006836,44.367523193359375,11139716
2016-09-13,59.51335906982422,59.904579162597656,58.55915832519531,58.979007720947266,43.71683120727539,10714123
2016-09-14,59.08396911621094,59.48473358154297,58.492366790771484,58.540077209472656,43.39147186279297,10922046
2016-09-15,58.435115814208984,59.742366790771484,58.32061004638672,59.52289962768555,44.1199836730957,9429694
2016-09-16,59.58969497680664,59.75190734863281,59.21755599975586,59.42748260498047,44.049251556396484,13029050
2016-09-19,59.67557144165039,59.67557144165039,58.511451721191406,58.520992279052734,43.37732696533203,11829510
2016-09-20,59.064884185791016,59.5515251159668,58.864505767822266,59.10305404663086,43.808780670166016,9653757
2016-09-21,59.40839767456055,59.9427490234375,59.02671813964844,59.828243255615234,44.34630584716797,7565512
2016-09-22,60.038169860839844,60.5629768371582,59.95228958129883,60.13358688354492,44.5726432800293,8853294
2016-09-23,59.99045944213867,60.35305404663086,59.828243255615234,60.07633590698242,44.53020477294922,8048430
2016-09-26,59.66603088378906,59.713741302490234,59.04580307006836,59.303436279296875,43.95731735229492,7319022
2016-09-27,59.45610809326172,59.828243255615234,58.99809265136719,59.70419692993164,44.254356384277344,7693158
2016-09-28,60.114505767822266,60.57251739501953,59.63740539550781,60.40076446533203,44.77067947387695,12361160
2016-09-29,60.13358688354492,60.13358688354492,58.74045944213867,59.07442855834961,43.78755569458008,11454640
2016-09-30,59.05534362792969,59.856868743896484,59.02671813964844,59.5515251159668,44.14118957519531,14258354
2016-10-03,59.3702278137207,59.70419692993164,58.845420837402344,59.656490325927734,44.21900939941406,7881065
2016-10-04,59.61832046508789,60.066795349121094,59.10305404663086,59.59923553466797,44.17655944824219,8276475
2016-10-05,59.828243255615234,60.152671813964844,59.61832046508789,59.92366409301758,44.41704177856445,8249122
2016-10-06,59.627864837646484,59.818702697753906,58.91221237182617,59.790077209472656,44.318023681640625,11979164
2016-10-07,59.89503860473633,60.10496139526367,59.18893051147461,59.89503860473633,44.395816802978516,11292410
2016-10-10,61.26908493041992,61.889312744140625,60.53435134887695,60.97328186035156,45.195045471191406,21322503
2016-10-11,60.6202278137207,60.639312744140625,58.921756744384766,59.093509674072266,43.80170440673828,14625259
2016-10-12,59.54198455810547,59.761451721191406,58.75954055786133,58.83587646484375,43.610748291015625,10607751
2016-10-13,59.39885330200195,60.066795349121094,59.10305404663086,59.64694595336914,44.211910247802734,15239492
2016-10-14,59.847328186035156,59.98091506958008,59.28435134887695,59.29389190673828,43.95023727416992,12790002
2016-10-17,59.20801544189453,59.20801544189453,58.01526641845703,58.70228958129883,43.51172637939453,13681221
2016-10-18,59.064884185791016,59.75190734863281,58.99809265136719,59.24618148803711,43.91487503051758,10467424
2016-10-19,59.28435134887695,59.446563720703125,58.979007720947266,59.036258697509766,43.7592658996582,5850670
2016-10-20,59.11259460449219,59.417938232421875,58.864505767822266,59.08396911621094,43.794620513916016,6626923
2016-10-21,58.73091506958008,59.064884185791016,58.23473358154297,58.39694595336914,43.28539276123047,7762222
2016-10-24,58.58778762817383,58.66412353515625,57.86259460449219,57.96755599975586,42.96711349487305,10420264
2016-10-25,57.50954055786133,59.34160232543945,56.82251739501953,59.11259460449219,43.81584930419922,15917548
2016-10-26,58.91221237182617,59.01717758178711,57.77671813964844,58.082061767578125,43.0519905090332,10435774
2016-10-27,58.34923553466797,59.21755599975586,58.20610809326172,58.48282241821289,43.34905242919922,10847534
2016-10-28,58.225189208984375,58.27289962768555,55.77289962768555,56.14503860473633,41.61621856689453,21335603
2016-10-31,56.38358688354492,56.44084167480469,55.696563720703125,56.03053283691406,41.531333923339844,14939030
2016-11-01,56.29771041870117,56.860687255859375,55.83015441894531,56.58396911621094,41.94157409667969,15036075
2016-11-02,56.35496139526367,56.78435134887695,56.05915832519531,56.14503860473633,41.61621856689453,11239486
2016-11-03,56.46946716308594,56.507633209228516,55.6202278137207,55.75381851196289,41.32623291015625,11866504
2016-11-04,56.00190734863281,56.55534362792969,55.92557144165039,56.125953674316406,41.60207748413086,11861893
2016-11-07,56.79389190673828,57.45228958129883,56.7557258605957,57.299617767333984,42.47201919555664,10981258
2016-11-08,57.08015441894531,57.99618148803711,56.79389190673828,57.738548278808594,42.7973747253418,8323321
2016-11-09,61.03053283691406,62.02289962768555,59.885494232177734,61.24045944213867,45.3930778503418,29187953
2016-11-10,61.58396911621094,62.461830139160156,61.564884185791016,61.98473358154297,45.944759368896484,18719690
2016-11-11,61.14503860473633,61.55534362792969,60.667938232421875,61.020992279052734,45.23041534423828,14734566
2016-11-14,61.068702697753906,61.154579162597656,60.343509674072266,60.6202278137207,44.933345794677734,10610476
2016-11-15,60.76335906982422,60.81106948852539,60.19084167480469,60.73473358154297,45.01822280883789,7640339
2016-11-16,60.78244400024414,61.020992279052734,59.58969497680664,59.761451721191406,44.29681396484375,11297650
2016-11-17,59.64694595336914,59.91412353515625,59.274810791015625,59.828243255615234,44.34630584716797,8762642
2016-11-18,59.70419692993164,59.75190734863281,58.902671813964844,59.036258697509766,43.7592658996582,8066351
2016-11-21,59.10305404663086,59.53244400024414,58.893131256103516,59.446563720703125,44.06338882446289,7164862
2016-11-22,59.63740539550781,59.78053283691406,58.406490325927734,58.874046325683594,43.63903045654297,10052626
2016-11-23,57.566795349121094,58.874046325683594,57.08015441894531,58.816795349121094,43.59659957885742,9588152
2016-11-25,58.988548278808594,59.54198455810547,58.921756744384766,59.360687255859375,43.999752044677734,3669362
2016-11-28,58.950382232666016,59.21755599975586,58.79771041870117,58.96946716308594,43.709754943847656,7806971
2016-11-29,59.11259460449219,59.59923553466797,59.08396911621094,59.34160232543945,43.98558807373047,10516575
2016-11-30,59.45610809326172,59.46564865112305,58.196563720703125,58.38740539550781,43.278324127197266,13132174
2016-12-01,58.492366790771484,58.55915832519531,57.872135162353516,57.97710037231445,42.974185943603516,8802047
2016-12-02,58.25381851196289,58.70228958129883,57.85305404663086,58.33015441894531,43.23588943481445,8376769
2016-12-05,58.70228958129883,58.711830139160156,57.09923553466797,57.49045944213867,42.61346435546875,13608490
2016-12-06,57.42366409301758,57.624046325683594,56.8797721862793,57.51908493041992,42.63468933105469,11171261
2016-12-07,56.96564865112305,57.30915832519531,55.935115814208984,57.30915832519531,42.479095458984375,14723981
2016-12-08,56.9942741394043,57.595420837402344,56.774810791015625,57.36641311645508,42.52152633666992,8998757
2016-12-09,57.71946716308594,58.6927490234375,57.63358688354492,58.42557144165039,43.30661392211914,11021187
2016-12-12,58.625953674316406,59.2557258605957,58.492366790771484,58.893131256103516,43.65318298339844,8641808
2016-12-13,58.96946716308594,59.122135162353516,58.44465637207031,58.959922790527344,44.03803634643555,8218626
2016-12-14,59.01717758178711,59.885494232177734,58.76908493041992,58.96946716308594,44.045169830322266,11612574
2016-12-15,59.16030502319336,59.770992279052734,59.007633209228516,59.51335906982422,44.45140838623047,8917851
2016-12-16,59.790077209472656,60.143131256103516,59.20801544189453,59.58015441894531,44.50128936767578,18406758
2016-12-19,58.96946716308594,59.417938232421875,58.082061767578125,58.33969497680664,43.57477951049805,12512072
2016-12-20,58.38740539550781,58.85496139526367,57.60496139526367,57.729007720947266,43.118648529052734,10875201
2016-12-21,57.814884185791016,58.024810791015625,56.622135162353516,56.70801544189453,42.35606002807617,12630706
2016-12-22,56.889312744140625,57.25190734863281,56.450382232666016,56.85114669799805,42.46295928955078,10584800
2016-12-23,57.03244400024414,57.11832046508789,56.536258697509766,56.832061767578125,42.44870376586914,7955892
2016-12-27,57.127864837646484,57.385494232177734,56.832061767578125,57.0515251159668,42.61262893676758,6094749
2016-12-28,56.98473358154297,57.11832046508789,56.49809265136719,56.55534362792969,42.24201583862305,6470981
2016-12-29,56.57442855834961,56.860687255859375,56.27862548828125,56.33587646484375,42.078094482421875,6833065
2016-12-30,56.08778762817383,56.25,55.877864837646484,56.17366409301758,41.956939697265625,11289685
2017-01-03,56.44084167480469,57.614505767822266,56.345420837402344,57.39503860473633,42.86920166015625,12564158
2017-01-04,57.729007720947266,58.0057258605957,57.290077209472656,57.375953674316406,42.85494613647461,9863671
2017-01-05,57.461830139160156,57.80534362792969,57.25190734863281,57.356868743896484,42.8406867980957,10581446
2017-01-06,57.33778762817383,57.69084167480469,56.803436279296875,57.50954055786133,42.9547233581543,10730053
2017-01-09,57.538169860839844,58.66412353515625,57.328243255615234,58.3015251159668,43.54627990722656,10201861
2017-01-10,58.39694595336914,58.435115814208984,57.14694595336914,57.17557144165039,42.70528030395508,16036706
2017-01-11,59.48473358154297,60.26717758178711,57.96755599975586,58.8072509765625,43.924007415771484,34281862
2017-01-12,59.66603088378906,60.343509674072266,59.274810791015625,59.360687255859375,44.337371826171875,26079899
2017-01-13,59.475189208984375,59.80915832519531,59.2557258605957,59.48473358154297,44.430015563964844,10447617
2017-01-17,59.08396911621094,59.22710037231445,58.39694595336914,58.66412353515625,43.817100524902344,11101150
2017-01-18,58.568702697753906,58.950382232666016,58.28244400024414,58.36832046508789,43.596160888671875,8522022
2017-01-19,58.25381851196289,58.28244400024414,57.318702697753906,57.566795349121094,42.99747848510742,11944999
2017-01-20,59.54198455810547,60.038169860839844,59.303436279296875,59.66603088378906,44.565433502197266,26451834
2017-01-23,58.979007720947266,59.54198455810547,58.8072509765625,58.979007720947266,44.05229568481445,10691382
2017-01-24,58.76908493041992,58.864505767822266,57.9484748840332,58.406490325927734,43.62466812133789,10990900
2017-01-25,58.511451721191406,58.568702697753906,57.97710037231445,58.28244400024414,43.53201675415039,15255736
2017-01-26,58.225189208984375,58.549617767333984,57.76717758178711,58.39694595336914,43.6175422668457,13317460
2017-01-27,58.568702697753906,59.15076446533203,58.492366790771484,58.921756744384766,44.0095329284668,6972554
2017-01-30,58.70228958129883,58.88358688354492,58.139312744140625,58.61641311645508,43.781463623046875,8230573
2017-01-31,58.26335906982422,59.389312744140625,58.1297721862793,59.15076446533203,44.18057632446289,10292513
2017-02-01,59.21755599975586,59.417938232421875,58.74045944213867,59.2557258605957,44.258975982666016,11547702
2017-02-02,59.770992279052734,61.26908493041992,59.66603088378906,61.24045944213867,45.741397857666016,19901730
2017-02-03,60.935115814208984,61.38358688354492,60.372135162353516,61.345420837402344,45.81979751586914,12209724
2017-02-06,60.992366790771484,61.975189208984375,60.97328186035156,61.96564865112305,46.283058166503906,9598422
2017-02-07,61.79389190673828,61.95610809326172,61.11641311645508,61.25954055786133,45.755653381347656,8840194
2017-02-08,60.97328186035156,61.52671813964844,60.906490325927734,61.374046325683594,45.8411865234375,6190326
2017-02-09,61.374046325683594,61.85114669799805,61.35496139526367,61.44084167480469,45.891075134277344,7391439
2017-02-10,61.374046325683594,61.61259460449219,61.03053283691406,61.211830139160156,45.72001266479492,8940907
2017-02-13,61.3072509765625,61.860687255859375,61.27862548828125,61.803436279296875,46.16189956665039,7494353
2017-02-14,61.67938995361328,62.709922790527344,61.479007720947266,62.652671813964844,46.79619216918945,10629550
2017-02-15,61.92748260498047,62.85305404663086,61.8797721862793,62.17557144165039,46.439849853515625,18662050
2017-02-16,62.156490325927734,62.41412353515625,61.507633209228516,62.270992279052734,46.511112213134766,12938922
2017-02-17,62.213741302490234,62.5572509765625,61.889312744140625,62.39503860473633,46.60377883911133,9482618
2017-02-21,61.92748260498047,62.76717758178711,61.92748260498047,62.48091506958008,46.66792678833008,7740633
2017-02-22,62.5,62.738548278808594,62.10877990722656,62.299617767333984,46.53250503540039,9096221
2017-02-23,62.51908493041992,63.082061767578125,62.356868743896484,62.83396911621094,46.93162536621094,7184669
2017-02-24,62.643131256103516,63.1297721862793,62.624046325683594,63.1297721862793,47.15255355834961,8849626
2017-02-27,62.76717758178711,62.91984558105469,62.5572509765625,62.83396911621094,46.93162536621094,7476222
2017-02-28,62.79580307006836,63.1202278137207,62.643131256103516,62.85305404663086,46.94587707519531,8112044
2017-03-01,63.04389190673828,63.74045944213867,62.872135162353516,63.17748260498047,47.18819046020508,11193374
2017-03-02,63.33969497680664,63.53053283691406,62.97710037231445,63.053436279296875,47.09554672241211,9062790
2017-03-03,63.053436279296875,63.568702697753906,62.79580307006836,63.53053283691406,47.4518928527832,8716111
2017-03-06,63.053436279296875,63.72137451171875,62.88167953491211,63.42557144165039,47.37350082397461,9104500
2017-03-07,62.433204650878906,63.27289962768555,62.20419692993164,62.93893051147461,47.010013580322266,8728478
2017-03-08,62.93893051147461,63.09160232543945,62.28053283691406,62.786258697509766,46.89599609375,8821645
2017-03-09,62.9484748840332,63.0057258605957,62.51908493041992,62.872135162353516,46.96012496948242,8106280
2017-03-10,63.04389190673828,63.167938232421875,62.5,62.595420837402344,46.753448486328125,9247447
2017-03-13,62.25190734863281,62.299617767333984,61.078243255615234,61.211830139160156,46.04994201660156,14880133
2017-03-14,61.1927490234375,61.55534362792969,61.11641311645508,61.25954055786133,46.08584213256836,8271759
2017-03-15,61.450382232666016,61.9942741394043,61.27862548828125,61.73664093017578,46.44477081298828,9458200
2017-03-16,61.61259460449219,61.82251739501953,61.05915832519531,61.24045944213867,46.07148742675781,10074634
2017-03-17,61.3072509765625,61.73664093017578,60.963741302490234,60.97328186035156,45.87050247192383,15142762
2017-03-20,61.20228958129883,61.35496139526367,61.068702697753906,61.17366409301758,46.021236419677734,13593818
2017-03-21,61.374046325683594,61.65076446533203,60.70610809326172,60.98282241821289,45.87767028808594,11057134
2017-03-22,61.049617767333984,61.17366409301758,60.35305404663086,60.59160232543945,45.58335494995117,10007352
2017-03-23,60.45801544189453,60.89694595336914,60.29580307006836,60.38167953491211,45.42543029785156,9915128
2017-03-24,60.26717758178711,60.6202278137207,59.98091506958008,60.286258697509766,45.353641510009766,9575052
2017-03-27,60.038169860839844,60.5057258605957,59.933204650878906,60.29580307006836,45.36081314086914,8400663
2017-03-28,60.30534362792969,60.49618148803711,60.0,60.43893051147461,45.4684944152832,10673880
2017-03-29,60.75381851196289,61.17366409301758,60.553436279296875,60.725189208984375,45.68385696411133,8525794
2017-03-30,60.59160232543945,60.76335906982422,60.41984558105469,60.54389190673828,45.547454833984375,5577456
2017-03-31,60.36259460449219,60.71564865112305,60.35305404663086,60.6297721862793,45.612064361572266,7979472
2017-04-03,60.524810791015625,60.79198455810547,60.32442855834961,60.5629768371582,45.561805725097656,6962493
2017-04-04,60.67748260498047,60.84923553466797,60.46755599975586,60.75381851196289,45.70539474487305,6650189
2017-04-05,60.77289962768555,61.211830139160156,60.60114669799805,60.65839767456055,45.63359832763672,8083538
2017-04-06,60.57251739501953,61.040077209472656,60.29580307006836,60.343509674072266,45.39670944213867,7915125
2017-04-07,60.38167953491211,60.42938995361328,60.066795349121094,60.238548278808594,45.31774139404297,8091713
2017-04-10,60.372135162353516,60.42938995361328,59.66603088378906,59.685115814208984,44.901390075683594,7595590
2017-04-11,59.627864837646484,59.885494232177734,59.332061767578125,59.713741302490234,44.92293930053711,6858950
2017-04-12,59.51335906982422,60.314884185791016,59.42748260498047,60.16221237182617,45.260318756103516,9965642
2017-04-13,59.91412353515625,60.114505767822266,59.69465637207031,59.742366790771484,44.9444694519043,6217260
2017-04-17,59.83778762817383,59.961830139160156,59.53244400024414,59.92366409301758,45.08086395263672,5590242
2017-04-18,59.59923553466797,59.59923553466797,59.15076446533203,59.417938232421875,44.70038986206055,7749436
2017-04-19,59.40839767456055,59.770992279052734,59.16030502319336,59.770992279052734,44.96600341796875,10845857
2017-04-20,59.790077209472656,59.875953674316406,59.39885330200195,59.685115814208984,44.901390075683594,9392490
2017-04-21,59.50381851196289,59.761451721191406,59.036258697509766,59.05534362792969,44.42762756347656,11002323
2017-04-24,59.63740539550781,59.656490325927734,59.17938995361328,59.29389190673828,44.607078552246094,9270922
2017-04-25,59.627864837646484,60.04771041870117,59.39885330200195,59.446563720703125,44.72193908691406,11205006
2017-04-26,59.761451721191406,60.0,59.57061004638672,59.828243255615234,45.00908660888672,9284546
2017-04-27,59.904579162597656,60.02862548828125,59.58969497680664,59.713741302490234,44.92293930053711,6920258
2017-04-28,59.713741302490234,59.78053283691406,59.29389190673828,59.475189208984375,44.743465423583984,9915862
2017-05-01,59.39885330200195,59.63740539550781,59.2557258605957,59.52289962768555,44.77935791015625,10707521
2017-05-02,59.64694595336914,60.343509674072266,59.45610809326172,59.828243255615234,45.00908660888672,13647580
2017-05-03,59.63740539550781,60.75381851196289,59.52289962768555,60.71564865112305,45.676673889160156,11978430
2017-05-04,60.75381851196289,60.963741302490234,60.32442855834961,60.47710037231445,45.497215270996094,9023280
2017-05-05,60.59160232543945,61.154579162597656,60.524810791015625,61.040077209472656,45.920745849609375,9795237
2017-05-08,60.98282241821289,61.55534362792969,60.906490325927734,61.078243255615234,45.94944763183594,11684676
2017-05-09,61.24045944213867,61.32633590698242,60.26717758178711,60.39122009277344,45.43259811401367,10712970
2017-05-10,60.238548278808594,61.020992279052734,60.200382232666016,61.011451721191406,45.89921188354492,10094126
2017-05-11,61.78435134887695,62.261451721191406,61.364505767822266,61.479007720947266,46.25094985961914,19404663
2017-05-12,61.44084167480469,61.70801544189453,60.372135162353516,60.65839767456055,45.63359832763672,10838521
2017-05-15,60.51526641845703,60.6870231628418,60.43893051147461,60.60114669799805,45.59053421020508,8710347
2017-05-16,60.53435134887695,60.94465637207031,60.24809265136719,60.86832046508789,45.791534423828125,8248494
2017-05-17,60.86832046508789,60.86832046508789,60.0,60.114505767822266,45.22442626953125,8296911
2017-05-18,60.02862548828125,61.54580307006836,60.02862548828125,60.963741302490234,45.863319396972656,12528316
2017-05-19,61.106868743896484,61.106868743896484,60.59160232543945,60.85877990722656,45.78435516357422,9739798
2017-05-22,60.78244400024414,61.488548278808594,60.65839767456055,61.106868743896484,45.97099685668945,6525372
2017-05-23,61.068702697753906,61.63167953491211,61.068702697753906,61.593509674072266,46.33708953857422,6009861
2017-05-24,61.803436279296875,62.213741302490234,61.58396911621094,61.95610809326172,46.6098747253418,7289259
2017-05-25,61.98473358154297,62.13740539550781,61.6984748840332,62.06106948852539,46.6888313293457,7436503
2017-05-26,62.02289962768555,62.22328186035156,61.85114669799805,61.946563720703125,46.60269546508789,3862614
2017-05-30,61.7557258605957,62.156490325927734,61.57442855834961,61.90839767456055,46.5739860534668,5120109
2017-05-31,62.09923553466797,62.49045944213867,62.0515251159668,62.127864837646484,46.73909378051758,8162138
2017-06-01,62.10877990722656,62.270992279052734,61.889312744140625,62.270992279052734,46.84675598144531,7923404
2017-06-02,62.461830139160156,62.57633590698242,62.19465637207031,62.47137451171875,46.99751663208008,6600933
2017-06-05,62.356868743896484,62.39503860473633,61.73664093017578,62.08969497680664,46.71038055419922,6254988
2017-06-06,62.02289962768555,62.06106948852539,61.507633209228516,61.70801544189453,46.42324447631836,8218206
2017-06-07,61.64122009277344,61.68893051147461,61.068702697753906,61.125953674316406,45.9853515625,7971717
2017-06-08,61.125953674316406,61.3072509765625,59.95228958129883,60.30534362792969,45.368003845214844,19411056
2017-06-09,60.30534362792969,61.488548278808594,60.24809265136719,61.44084167480469,46.22224426269531,11266419
2017-06-12,61.44084167480469,61.71755599975586,61.25954055786133,61.44084167480469,46.22224426269531,9851514
2017-06-13,60.81106948852539,60.91603088378906,60.143131256103516,60.372135162353516,45.752201080322266,12631544
2017-06-14,60.13358688354492,60.725189208984375,60.13358688354492,60.46755599975586,45.82451248168945,10834853
2017-06-15,60.40076446533203,60.53435134887695,60.0,60.29580307006836,45.69435501098633,8244406
2017-06-16,60.36259460449219,60.79198455810547,59.818702697753906,60.08587646484375,45.53527069091797,15617296
2017-06-19,60.200382232666016,60.88740539550781,60.13358688354492,60.76335906982422,46.0486946105957,8831391
2017-06-20,60.76335906982422,61.98473358154297,60.667938232421875,61.57442855834961,46.663333892822266,10755624
2017-06-21,61.60305404663086,62.595420837402344,61.60305404663086,62.461830139160156,47.33585739135742,11679960
2017-06-22,62.50954055786133,63.33015441894531,62.385494232177734,62.99618148803711,47.74080276489258,14087111
2017-06-23,63.01526641845703,63.34923553466797,62.82442855834961,63.1297721862793,47.84204864501953,14769988
2017-06-26,63.1202278137207,63.35877990722656,62.814884185791016,62.90076446533203,47.668495178222656,7940067
2017-06-27,63.23473358154297,63.23473358154297,62.538169860839844,62.538169860839844,47.39369583129883,8511437
2017-06-28,62.74809265136719,62.88167953491211,62.156490325927734,62.17557144165039,47.11891555786133,7056498
2017-06-29,62.03244400024414,62.09923553466797,61.154579162597656,61.393131256103516,46.52595520019531,8751114
2017-06-30,61.536258697509766,61.76526641845703,61.068702697753906,61.154579162597656,46.34516906738281,8762223
2017-07-03,60.92557144165039,61.66984558105469,60.92557144165039,61.32633590698242,46.47532653808594,4895627
2017-07-05,61.51717758178711,61.832061767578125,60.992366790771484,61.22137451171875,46.39578628540039,6820174
2017-07-06,60.84923553466797,60.98282241821289,60.10496139526367,60.209922790527344,45.62926483154297,11887150
2017-07-07,60.314884185791016,60.43893051147461,59.933204650878906,60.26717758178711,45.672664642333984,7591083
2017-07-10,60.48664093017578,60.49618148803711,59.742366790771484,59.95228958129883,45.43402862548828,7036062
2017-07-11,59.9427490234375,60.095420837402344,59.389312744140625,59.48473358154297,45.07969665527344,7207620
2017-07-12,59.790077209472656,60.238548278808594,59.790077209472656,59.904579162597656,45.39786148071289,8610368
2017-07-13,59.91412353515625,60.10496139526367,59.42748260498047,60.00954055786133,45.4774169921875,7125562
2017-07-14,60.04771041870117,60.49618148803711,59.98091506958008,60.171756744384766,45.600345611572266,6309903
2017-07-17,60.257633209228516,60.41030502319336,59.66603088378906,59.742366790771484,45.27494430541992,7741890
2017-07-18,59.63740539550781,59.761451721191406,59.417938232421875,59.5515251159668,45.13032531738281,6408415
2017-07-19,59.63740539550781,59.95228958129883,59.58015441894531,59.75190734863281,45.28217697143555,5972657
2017-07-20,60.02862548828125,60.343509674072266,59.98091506958008,60.0572509765625,45.51356887817383,6974545
2017-07-21,59.91412353515625,60.114505767822266,59.713741302490234,59.761451721191406,45.28940963745117,7237907
2017-07-24,59.67557144165039,60.01908493041992,59.63740539550781,59.70419692993164,45.24600601196289,8157318
2017-07-25,59.97137451171875,60.114505767822266,59.39885330200195,59.50381851196289,45.09415817260742,6241783
2017-07-26,59.45610809326172,59.48473358154297,58.893131256103516,58.96946716308594,44.689208984375,9816302
2017-07-27,60.75381851196289,61.593509674072266,59.92366409301758,60.77289962768555,46.055912017822266,22894922
2017-07-28,60.88740539550781,61.41221237182617,60.32442855834961,61.17366409301758,46.359619140625,13982521
2017-07-31,61.3072509765625,61.364505767822266,60.60114669799805,60.95419692993164,46.19331359863281,12277215
2017-08-01,61.106868743896484,61.32633590698242,60.84923553466797,60.992366790771484,46.22224044799805,6802463
2017-08-02,61.020992279052734,61.03053283691406,60.27671813964844,60.53435134887695,45.87512969970703,7372575
2017-08-03,60.314884185791016,60.81106948852539,60.286258697509766,60.610687255859375,45.9329833984375,7355702
2017-08-04,60.71564865112305,60.77289962768555,60.0572509765625,60.209922790527344,45.62926483154297,5597368
2017-08-07,60.066795349121094,60.200382232666016,59.790077209472656,59.961830139160156,45.44125747680664,7018246
2017-08-08,59.67557144165039,59.847328186035156,59.35114669799805,59.46564865112305,45.06523132324219,8048745
2017-08-09,59.58969497680664,59.847328186035156,59.3702278137207,59.627864837646484,45.18815994262695,6866810
2017-08-10,59.51335906982422,59.713741302490234,59.32251739501953,59.332061767578125,44.9640007019043,8137825
2017-08-11,59.56106948852539,60.07633590698242,59.40839767456055,59.52289962768555,45.108619689941406,6341448
2017-08-14,60.02862548828125,60.114505767822266,59.72328186035156,59.799617767333984,45.318328857421875,5771860
2017-08-15,59.856868743896484,60.143131256103516,59.627864837646484,59.63740539550781,45.19538879394531,6619168
2017-08-16,59.57061004638672,60.04771041870117,59.475189208984375,59.828243255615234,45.34001922607422,6352138
2017-08-17,59.875953674316406,60.13358688354492,58.979007720947266,59.007633209228516,44.71812438964844,9589305
2017-08-18,58.94084167480469,58.988548278808594,58.35877990722656,58.67366409301758,44.46503448486328,8825942
2017-08-21,58.66412353515625,59.1984748840332,58.61641311645508,59.13167953491211,44.812137603759766,7542666
2017-08-22,59.13167953491211,59.63740539550781,59.08396911621094,59.56106948852539,45.13754653930664,5779930
2017-08-23,59.39885330200195,59.73282241821289,59.303436279296875,59.303436279296875,44.94229507446289,6743775
2017-08-24,59.39885330200195,60.02862548828125,59.34160232543945,59.83778762817383,45.34724044799805,8122105
2017-08-25,59.99045944213867,60.39122009277344,59.89503860473633,60.0572509765625,45.51356887817383,5528095
2017-08-28,60.21946716308594,60.553436279296875,60.095420837402344,60.41984558105469,45.788360595703125,7858114
2017-08-29,60.238548278808594,60.314884185791016,59.847328186035156,60.229007720947266,45.64373016357422,6879806
2017-08-30,60.24809265136719,60.27671813964844,60.01908493041992,60.229007720947266,45.64373016357422,5263580
2017-08-31,60.4484748840332,60.992366790771484,60.066795349121094,60.935115814208984,46.17884826660156,13522344
2017-09-01,60.86832046508789,61.16412353515625,60.6870231628418,60.906490325927734,46.15715789794922,6481985
2017-09-05,60.83015441894531,61.17366409301758,60.553436279296875,60.70610809326172,46.00529098510742,7583538
2017-09-06,60.963741302490234,61.38358688354492,60.84923553466797,61.068702697753906,46.28007888793945,7491838
2017-09-07,61.154579162597656,61.46946716308594,60.86832046508789,61.374046325683594,46.51148223876953,7185507
2017-09-08,61.05915832519531,61.57442855834961,61.011451721191406,61.32633590698242,46.47532653808594,7719358
2017-09-11,61.96564865112305,62.318702697753906,61.71755599975586,62.14694595336914,47.09721755981445,10785597
2017-09-12,62.13740539550781,62.614505767822266,62.13740539550781,62.461830139160156,47.33585739135742,7707202
2017-09-13,62.36641311645508,62.54771041870117,62.30915832519531,62.45228958129883,47.32863235473633,5898878
2017-09-14,62.01335906982422,63.139312744140625,61.9370231628418,63.09160232543945,48.1589469909668,10437137
2017-09-15,63.139312744140625,63.33969497680664,62.738548278808594,63.1297721862793,48.18809127807617,15390718
2017-09-18,62.99618148803711,63.36832046508789,62.79580307006836,62.96755599975586,48.06426239013672,11049274
2017-09-19,62.99618148803711,63.1297721862793,62.671756744384766,62.92938995361328,48.035118103027344,7345746
2017-09-20,63.04389190673828,63.27289962768555,62.20419692993164,62.77671813964844,47.91859436035156,9903600
2017-09-21,62.83396911621094,62.91030502319336,62.51908493041992,62.595420837402344,47.78020095825195,6255198
2017-09-22,62.624046325683594,62.69084167480469,62.08969497680664,62.14694595336914,47.4378776550293,7824263
2017-09-25,62.17557144165039,62.404579162597656,62.06106948852539,62.19465637207031,47.47428894042969,5840923
2017-09-26,62.11832046508789,62.328243255615234,61.7557258605957,61.79389190673828,47.16838455200195,7311058
2017-09-27,61.71755599975586,61.78435134887695,61.374046325683594,61.61259460449219,47.02999496459961,7013111
2017-09-28,61.32633590698242,61.6984748840332,61.23091506958008,61.345420837402344,46.82605743408203,7359894
2017-09-29,61.345420837402344,61.57442855834961,60.42938995361328,61.097328186035156,46.63668441772461,11999181
2017-10-02,61.26908493041992,61.71755599975586,60.963741302490234,61.593509674072266,47.01542663574219,7067083
2017-10-03,61.593509674072266,61.622135162353516,60.85877990722656,61.421756744384766,46.88432312011719,6819441
2017-10-04,61.46946716308594,61.66030502319336,61.38358688354492,61.64122009277344,47.051841735839844,6722606
2017-10-05,61.46946716308594,61.832061767578125,61.38358688354492,61.64122009277344,47.051841735839844,9589200
2017-10-06,61.73664093017578,61.92748260498047,61.421756744384766,61.593509674072266,47.01542663574219,7847843
2017-10-09,61.70801544189453,61.774810791015625,61.183204650878906,61.38358688354492,46.855194091796875,5712962
2017-10-10,61.364505767822266,61.51717758178711,61.25,61.507633209228516,46.94987106323242,5157208
2017-10-11,61.393131256103516,61.393131256103516,60.85877990722656,60.85877990722656,46.45458984375,10586477
2017-10-12,60.86832046508789,61.049617767333984,60.64885330200195,60.906490325927734,46.490997314453125,6454108
2017-10-13,61.020992279052734,61.22137451171875,60.47710037231445,60.48664093017578,46.17052459716797,7693787
2017-10-16,60.582061767578125,60.81106948852539,60.36259460449219,60.43893051147461,46.13411331176758,7806762
2017-10-17,60.314884185791016,60.41030502319336,60.0,60.32442855834961,46.046714782714844,7365868
2017-10-18,61.154579162597656,61.17366409301758,60.5057258605957,60.60114669799805,46.2579231262207,8265471
2017-10-19,60.725189208984375,61.097328186035156,60.67748260498047,60.83015441894531,46.432743072509766,10554618
2017-10-20,60.92557144165039,61.05915832519531,60.65839767456055,60.95419692993164,46.52742004394531,10798802
2017-10-23,61.097328186035156,61.564884185791016,60.40076446533203,60.49618148803711,46.17781066894531,12137936
2017-10-24,60.41030502319336,60.41030502319336,59.51335906982422,60.21946716308594,45.966590881347656,10711713
2017-10-25,60.209922790527344,60.238548278808594,59.475189208984375,59.58969497680664,45.48587417602539,11545502
2017-10-26,59.4370231628418,59.818702697753906,58.979007720947266,59.15076446533203,45.15083312988281,11260026
2017-10-27,57.77671813964844,57.77671813964844,55.171756744384766,55.57251739501953,42.41948699951172,30980242
2017-10-30,53.196563720703125,53.48282241821289,51.917938232421875,52.20419692993164,39.848388671875,40860891
2017-10-31,52.643131256103516,53.23473358154297,52.50954055786133,52.566795349121094,40.12516403198242,19313802
2017-11-01,52.99618148803711,53.2442741394043,52.74809265136719,52.80534362792969,40.30727005004883,17206483
2017-11-02,52.93893051147461,53.024810791015625,52.51908493041992,52.83396911621094,40.3291130065918,12909788
2017-11-03,52.76717758178711,53.70228958129883,52.66221237182617,53.492366790771484,40.83168029785156,10281718
2017-11-06,53.47328186035156,53.606868743896484,53.053436279296875,53.32061004638672,40.7005729675293,9136988
2017-11-07,53.32061004638672,53.61641311645508,52.843509674072266,53.04389190673828,40.48935317993164,15008513
2017-11-08,52.95801544189453,54.122135162353516,52.91984558105469,53.988548278808594,41.21042251586914,15859279
2017-11-09,53.959922790527344,54.064884185791016,53.07251739501953,53.635494232177734,40.94093704223633,14818825
2017-11-10,53.711830139160156,53.711830139160156,52.624046325683594,52.93893051147461,40.40923309326172,17547607
2017-11-13,52.77671813964844,52.97710037231445,52.538169860839844,52.57633590698242,40.13245391845703,14135738
2017-11-14,52.45228958129883,52.652671813964844,52.242366790771484,52.47137451171875,40.05233383178711,13315678
2017-11-15,52.25190734863281,52.57633590698242,51.90839767456055,52.290077209472656,39.91395568847656,12290315
2017-11-16,52.347328186035156,52.83396911621094,52.242366790771484,52.643131256103516,40.18343734741211,12572122
2017-11-17,52.48091506958008,52.89122009277344,52.242366790771484,52.671756744384766,40.20529556274414,10358537
2017-11-20,51.564884185791016,51.89885330200195,51.17366409301758,51.622135162353516,39.40409851074219,18003278
2017-11-21,51.8702278137207,52.33778762817383,51.6984748840332,51.78435134887695,39.527923583984375,14369442
2017-11-22,51.74618148803711,52.07061004638672,51.68893051147461,51.8797721862793,39.60076141357422,7730258
2017-11-24,52.00381851196289,52.127864837646484,51.63167953491211,51.860687255859375,39.5861701965332,4549682
2017-11-27,51.917938232421875,52.09923553466797,51.71755599975586,52.0515251159668,39.731849670410156,10584905
2017-11-28,52.41412353515625,52.60496139526367,51.917938232421875,52.41412353515625,40.00864028930664,13446783
2017-11-29,52.51908493041992,53.10114669799805,52.41412353515625,52.82442855834961,40.321834564208984,10980525
2017-11-30,52.66221237182617,53.33015441894531,52.50954055786133,52.738548278808594,40.25627899169922,16139619
2017-12-01,52.86259460449219,53.41603088378906,52.69084167480469,53.31106948852539,40.69328689575195,12672835
2017-12-04,53.36832046508789,54.11259460449219,53.31106948852539,53.64503860473633,40.94822311401367,14085120
2017-12-05,53.578243255615234,53.921756744384766,53.167938232421875,53.21564865112305,40.62044906616211,12405386
2017-12-06,51.946563720703125,53.36832046508789,51.70801544189453,51.860687255859375,39.5861701965332,21217703
2017-12-07,52.33778762817383,53.28244400024414,52.17557144165039,52.261451721191406,39.89209747314453,17250604
2017-12-08,52.77671813964844,53.024810791015625,52.156490325927734,53.024810791015625,40.47478103637695,10923723
2017-12-11,53.75954055786133,54.04580307006836,53.01526641845703,53.75954055786133,41.035614013671875,10239170
2017-12-12,54.26526641845703,54.5515251159668,54.036258697509766,54.45610809326172,41.567317962646484,14454750
2017-12-13,54.332061767578125,54.742366790771484,54.05534362792969,54.303436279296875,41.45077133178711,13982940
2017-12-14,53.816795349121094,54.14122009277344,53.39694595336914,53.44465637207031,41.14227294921875,10623890
2017-12-15,53.654579162597656,53.788169860839844,53.196563720703125,53.66412353515625,41.31121826171875,23664574
2017-12-18,53.79771041870117,54.093509674072266,53.625953674316406,53.64503860473633,41.296531677246094,12151560
2017-12-19,53.64503860473633,54.02671813964844,53.44465637207031,53.654579162597656,41.303871154785156,9921521
2017-12-20,53.70228958129883,53.902671813964844,53.41603088378906,53.540077209472656,41.21572494506836,13766423
2017-12-21,53.511451721191406,54.1984748840332,53.511451721191406,54.007633209228516,41.575660705566406,10439966
2017-12-22,54.007633209228516,54.22710037231445,53.55915832519531,53.77862548828125,41.39936447143555,11890608
2017-12-26,53.902671813964844,54.007633209228516,53.6927490234375,53.75954055786133,41.38466262817383,4616754
2017-12-27,53.8072509765625,54.036258697509766,53.683204650878906,53.75954055786133,41.38466262817383,5931994
2017-12-28,53.75954055786133,54.1984748840332,53.72137451171875,54.007633209228516,41.575660705566406,6061108
2017-12-29,54.22710037231445,54.3797721862793,53.6927490234375,53.6927490234375,41.3332405090332,8841557
2018-01-02,53.99809265136719,54.15076446533203,53.48282241821289,53.64503860473633,41.296531677246094,10556504
2018-01-03,53.654579162597656,53.683204650878906,53.39694595336914,53.568702697753906,41.23776626586914,11090460
2018-01-04,53.85496139526367,54.790077209472656,53.79771041870117,54.4370231628418,41.90620040893555,15751650
2018-01-05,54.761451721191406,54.761451721191406,53.99809265136719,54.3797721862793,41.86212921142578,9955057
2018-01-08,54.58969497680664,54.627864837646484,53.91221237182617,54.064884185791016,41.61972427368164,11642546
2018-01-09,54.20801544189453,54.48473358154297,53.979007720947266,54.1984748840332,41.722557067871094,11142022
2018-01-10,53.959922790527344,54.742366790771484,53.874046325683594,54.67557144165039,42.089839935302734,9497395
2018-01-11,54.67557144165039,54.97137451171875,54.54198455810547,54.961830139160156,42.31020736694336,7447402
2018-01-12,55.29580307006836,56.11641311645508,55.238548278808594,55.97328186035156,43.088829040527344,12935569
2018-01-16,58.921756744384766,60.85877990722656,58.44465637207031,59.22710037231445,45.59364700317383,50399682
2018-01-17,59.4370231628418,59.72328186035156,59.05534362792969,59.18893051147461,45.56426239013672,22940615
2018-01-18,59.16030502319336,59.274810791015625,57.85305404663086,58.33015441894531,44.903175354003906,20861278
2018-01-19,58.66412353515625,58.66412353515625,57.86259460449219,58.47328186035156,45.01335906982422,12745671
2018-01-22,58.15839767456055,58.625953674316406,57.93893051147461,58.44465637207031,44.99131774902344,12835380
2018-01-23,58.23473358154297,59.28435134887695,58.082061767578125,58.874046325683594,45.32187271118164,11718212
2018-01-24,59.16984558105469,59.26526641845703,58.167938232421875,58.377864837646484,44.93990707397461,14129241
2018-01-25,58.492366790771484,58.568702697753906,58.15839767456055,58.492366790771484,45.02804946899414,9853610
2018-01-26,58.67366409301758,59.23664093017578,58.53053283691406,59.1984748840332,45.571624755859375,11060278
2018-01-29,59.11259460449219,59.29389190673828,58.74045944213867,58.8072509765625,45.27044677734375,9198191
2018-01-30,58.0057258605957,58.44465637207031,57.671756744384766,57.872135162353516,44.55058670043945,13666654
2018-01-31,57.98664093017578,58.01526641845703,56.20228958129883,56.536258697509766,43.522216796875,15582712
2018-02-01,56.459922790527344,57.57633590698242,56.364505767822266,57.11832046508789,43.97029495239258,14009664
2018-02-02,56.68893051147461,57.22328186035156,55.610687255859375,55.877864837646484,43.015380859375,12852777
2018-02-05,55.60114669799805,56.25,53.26335906982422,53.816795349121094,41.428749084472656,20546774
2018-02-06,52.614505767822266,54.16984558105469,51.84160232543945,52.91984558105469,40.73826599121094,32494498
2018-02-07,52.643131256103516,54.11259460449219,52.566795349121094,53.32061004638672,41.04677963256836,14349740
2018-02-08,53.47328186035156,53.874046325683594,52.20419692993164,52.22328186035156,40.2020378112793,21871760
2018-02-09,52.624046325683594,52.872135162353516,50.91603088378906,52.356868743896484,40.30488204956055,19472364
2018-02-12,52.814884185791016,53.33015441894531,52.4427490234375,52.89122009277344,40.71623229980469,13259506
2018-02-13,52.700382232666016,52.83396911621094,52.261451721191406,52.385494232177734,40.32691192626953,17857291
2018-02-14,51.82251739501953,52.57633590698242,51.73664093017578,52.385494232177734,40.32691192626953,11996142
2018-02-15,52.89122009277344,53.42557144165039,52.318702697753906,53.42557144165039,41.12757873535156,10584695
2018-02-16,53.406490325927734,54.3797721862793,53.35877990722656,53.711830139160156,41.347938537597656,12294402
2018-02-20,53.549617767333984,53.568702697753906,52.433204650878906,52.461830139160156,40.38567352294922,14113416
2018-02-21,52.50954055786133,52.90076446533203,52.0515251159668,52.0515251159668,40.069820404052734,11244935
2018-02-22,52.09923553466797,52.54771041870117,51.92748260498047,52.07061004638672,40.084510803222656,11334958
2018-02-23,52.30915832519531,52.48091506958008,52.07061004638672,52.356868743896484,40.30488204956055,9499177
2018-02-26,52.48091506958008,53.61641311645508,52.48091506958008,53.492366790771484,41.178993225097656,12725026
2018-02-27,53.34923553466797,53.39694595336914,52.19465637207031,52.213741302490234,40.1946907043457,9734453
2018-02-28,52.538169860839844,52.643131256103516,51.72710037231445,51.73664093017578,39.827415466308594,11807606
2018-03-01,51.774810791015625,52.299617767333984,50.97328186035156,51.24045944213867,39.445457458496094,13648523
2018-03-02,51.03053283691406,51.9370231628418,50.6870231628418,51.8702278137207,39.93024826049805,9355706
2018-03-05,51.7557258605957,52.20419692993164,51.60305404663086,51.90839767456055,39.95963668823242,13743577
2018-03-06,51.9942741394043,52.20419692993164,51.35496139526367,51.8129768371582,39.88618850708008,9716951
2018-03-07,51.374046325683594,52.08015441894531,51.288169860839844,51.975189208984375,40.01104736328125,12817564
2018-03-08,52.02289962768555,52.30915832519531,51.8702278137207,52.25190734863281,40.22407531738281,7705001
2018-03-09,52.50954055786133,52.66221237182617,52.19465637207031,52.614505767822266,40.50320053100586,9240006
2018-03-12,53.17748260498047,53.55915832519531,52.709922790527344,52.82442855834961,40.6648063659668,11269039
2018-03-13,53.1870231628418,53.196563720703125,52.48091506958008,52.83396911621094,40.67215347290039,12272080
2018-03-14,52.738548278808594,52.89122009277344,51.82251739501953,52.290077209472656,40.605472564697266,11692222
2018-03-15,52.433204650878906,53.17748260498047,52.375953674316406,52.71946716308594,40.93891143798828,10560277
2018-03-16,52.66221237182617,53.29198455810547,52.5572509765625,53.1202278137207,41.2501220703125,22010620
2018-03-19,53.110687255859375,53.1297721862793,51.7557258605957,52.127864837646484,40.47951126098633,12391762
2018-03-20,52.242366790771484,52.42366409301758,51.8702278137207,52.13740539550781,40.486915588378906,8153440
2018-03-21,52.25190734863281,52.74809265136719,51.92748260498047,52.185115814208984,40.523956298828125,10489746
2018-03-22,51.7557258605957,52.461830139160156,51.55534362792969,51.64122009277344,40.10158920288086,13387990
2018-03-23,51.832061767578125,52.20419692993164,50.89694595336914,50.963741302490234,39.57550811767578,12408634
2018-03-26,51.57442855834961,51.67938995361328,50.54389190673828,51.564884185791016,40.042327880859375,10448770
2018-03-27,51.51717758178711,52.06106948852539,51.020992279052734,51.288169860839844,39.827449798583984,16956535
2018-03-28,51.57442855834961,52.80534362792969,51.54580307006836,52.566795349121094,40.82035827636719,13302788
2018-03-29,52.82442855834961,52.872135162353516,51.975189208984375,51.975189208984375,40.36094665527344,10218524
2018-04-02,51.90839767456055,52.14694595336914,50.53435134887695,50.83015441894531,39.471778869628906,14041104
2018-04-03,50.89694595336914,51.66984558105469,50.41030502319336,51.61259460449219,40.079376220703125,9688341
2018-04-04,51.020992279052734,52.185115814208984,50.95419692993164,52.04198455810547,40.41281509399414,9330030
2018-04-05,52.538169860839844,52.843509674072266,51.946563720703125,52.03244400024414,40.40540313720703,13074638
2018-04-06,51.79389190673828,52.08015441894531,50.47710037231445,50.91603088378906,39.538455963134766,13100838
2018-04-09,52.48091506958008,54.790077209472656,52.06106948852539,53.58778762817383,41.61320114135742,24352376
2018-04-10,54.08396911621094,54.18893051147461,53.47328186035156,53.902671813964844,41.85771942138672,13481891
2018-04-11,53.492366790771484,53.950382232666016,53.33015441894531,53.625953674316406,41.642845153808594,9445834
2018-04-12,54.007633209228516,54.57061004638672,53.568702697753906,54.14122009277344,42.04296112060547,12511967
2018-04-13,54.46564865112305,54.70419692993164,54.04580307006836,54.5515251159668,42.361572265625,10536278
2018-04-16,55.124046325683594,56.536258697509766,54.5515251159668,55.963741302490234,43.458221435546875,23627998
2018-04-17,57.09923553466797,57.213741302490234,56.25954055786133,56.55534362792969,43.91763687133789,16070451
2018-04-18,56.68893051147461,56.889312744140625,55.906490325927734,56.22137451171875,43.658287048339844,11779730
2018-04-19,56.22137451171875,56.60305404663086,55.7442741394043,55.95419692993164,43.4508056640625,11041204
2018-04-20,56.16412353515625,56.55534362792969,55.97328186035156,56.135494232177734,43.59160614013672,10109951
2018-04-23,57.299617767333984,57.843509674072266,56.70801544189453,57.49045944213867,44.6437873840332,20767587
2018-04-24,57.643131256103516,58.20610809326172,57.03244400024414,57.33778762817383,44.525230407714844,13974975
2018-04-25,57.156490325927734,57.17557144165039,56.23091506958008,56.89885330200195,44.18437194824219,14057034
2018-04-26,57.08015441894531,57.33778762817383,56.402671813964844,56.68893051147461,44.0213623046875,14148105
2018-04-27,56.622135162353516,56.917938232421875,56.593509674072266,56.74618148803711,44.065818786621094,8034073
2018-04-30,56.917938232421875,57.23282241821289,56.17366409301758,56.17366409301758,43.62124252319336,13730267
2018-05-01,56.29771041870117,56.52671813964844,54.274810791015625,55.32442855834961,42.96177673339844,13756782
2018-05-02,55.038169860839844,55.343509674072266,54.40839767456055,54.67557144165039,42.45790100097656,10921837
2018-05-03,54.52289962768555,55.152671813964844,53.788169860839844,54.89503860473633,42.628334045410156,11864932
2018-05-04,54.50381851196289,55.257633209228516,54.22710037231445,55.10496139526367,42.79134750366211,9149983
2018-05-07,55.124046325683594,55.43893051147461,54.46564865112305,54.75190734863281,42.51719284057617,10513955
2018-05-08,54.742366790771484,54.790077209472656,53.683204650878906,54.16030502319336,42.05778884887695,10749546
2018-05-09,54.360687255859375,55.73473358154297,54.22710037231445,55.29580307006836,42.939544677734375,8684042
2018-05-10,55.46755599975586,56.040077209472656,55.27671813964844,55.40076446533203,43.021053314208984,8624097
2018-05-11,55.49618148803711,57.22328186035156,55.46755599975586,56.95610809326172,44.22882843017578,13344498
2018-05-14,57.03244400024414,57.328243255615234,56.70801544189453,56.946563720703125,44.22141647338867,9942062
2018-05-15,56.71755599975586,57.06106948852539,56.20228958129883,56.488548278808594,43.86576843261719,7148932
2018-05-16,56.60305404663086,57.261451721191406,56.402671813964844,57.01335906982422,44.273292541503906,8941222
2018-05-17,56.8129768371582,57.04198455810547,56.183204650878906,56.364505767822266,43.769432067871094,8222398
2018-05-18,56.25954055786133,56.73664093017578,54.856868743896484,56.431297302246094,43.8212890625,10151242
2018-05-21,56.46946716308594,56.60305404663086,55.71564865112305,55.88740539550781,43.39894104003906,8882219
2018-05-22,56.08778762817383,56.431297302246094,55.725189208984375,55.77289962768555,43.310028076171875,9357068
2018-05-23,55.77289962768555,56.76526641845703,55.75381851196289,56.459922790527344,43.843528747558594,10375619
2018-05-24,56.536258697509766,56.68893051147461,56.11641311645508,56.421756744384766,43.81389617919922,7261382
2018-05-25,56.431297302246094,56.73664093017578,56.14503860473633,56.38358688354492,43.784244537353516,6985339
2018-05-29,55.89694595336914,56.1927490234375,55.372135162353516,55.725189208984375,43.272979736328125,9228269
2018-05-30,55.963741302490234,57.06106948852539,55.83969497680664,56.98473358154297,44.25106430053711,11572016
2018-05-31,56.89885330200195,57.13740539550781,56.593509674072266,56.803436279296875,44.11028289794922,12786019
2018-06-01,57.14694595336914,58.024810791015625,56.889312744140625,57.786258697509766,44.87348937988281,11556925
2018-06-04,58.73091506958008,59.66603088378906,58.377864837646484,59.17938995361328,45.95530700683594,20410534
2018-06-05,59.16030502319336,59.475189208984375,58.26335906982422,58.578243255615234,45.48849105834961,13098218
2018-06-06,58.6927490234375,59.10305404663086,58.41603088378906,59.093509674072266,45.88861846923828,7912190
2018-06-07,59.16030502319336,59.1984748840332,58.6927490234375,59.15076446533203,45.933074951171875,7910933
2018-06-08,59.16984558105469,59.78053283691406,59.13167953491211,59.713741302490234,46.370262145996094,10142754
2018-06-11,59.89503860473633,59.98091506958008,59.23664093017578,59.475189208984375,46.18501663208008,7542666
2018-06-12,59.51335906982422,59.742366790771484,59.16984558105469,59.58015441894531,46.266517639160156,8308230
2018-06-13,59.70419692993164,60.07633590698242,59.4942741394043,59.72328186035156,46.37765884399414,9873732
2018-06-14,59.22710037231445,59.52289962768555,58.41603088378906,58.74045944213867,45.96697998046875,12528211
2018-06-15,58.76908493041992,59.2557258605957,58.41603088378906,59.18893051147461,46.31793975830078,17246517
2018-06-18,58.540077209472656,58.549617767333984,57.814884185791016,58.196563720703125,45.54136276245117,9990270
2018-06-19,57.872135162353516,58.50190734863281,57.85305404663086,58.23473358154297,45.57122802734375,10501589
2018-06-20,58.26335906982422,58.66412353515625,58.0057258605957,58.47328186035156,45.75790786743164,12757094
2018-06-21,58.463741302490234,58.463741302490234,58.024810791015625,58.377864837646484,45.68323516845703,9336527
2018-06-22,58.47328186035156,59.08396911621094,58.41603088378906,58.654579162597656,45.899776458740234,12885998
2018-06-25,58.597328186035156,58.79771041870117,57.86259460449219,58.28244400024414,45.608577728271484,11057238
2018-06-26,58.04389190673828,58.225189208984375,57.83396911621094,57.93893051147461,45.33975601196289,12571913
2018-06-27,57.91984558105469,58.28244400024414,57.06106948852539,57.13740539550781,44.7125244140625,10948770
2018-06-28,57.356868743896484,57.96755599975586,57.242366790771484,57.538169860839844,45.02614212036133,10691591
2018-06-29,57.757633209228516,58.654579162597656,57.58587646484375,57.91984558105469,45.32481002807617,14956951
2018-07-02,57.77671813964844,57.786258697509766,57.17557144165039,57.69084167480469,45.14561462402344,9546337
2018-07-03,57.95801544189453,58.492366790771484,57.77671813964844,57.92938995361328,45.33229064941406,5106590
2018-07-05,58.58778762817383,59.122135162353516,58.29198455810547,58.816795349121094,46.0267219543457,9517098
2018-07-06,58.96946716308594,59.64694595336914,58.959922790527344,59.35114669799805,46.44487762451172,8543191
2018-07-09,59.59923553466797,59.818702697753906,59.16030502319336,59.17938995361328,46.31046676635742,8724600
2018-07-10,59.53244400024414,59.761451721191406,59.26526641845703,59.446563720703125,46.51953887939453,11266524
2018-07-11,59.29389190673828,59.35114669799805,58.76908493041992,59.064884185791016,46.22085189819336,6055344
2018-07-12,59.58015441894531,59.961830139160156,59.29389190673828,59.790077209472656,46.78835678100586,8424453
2018-07-13,59.417938232421875,60.152671813964844,59.39885330200195,60.00954055786133,46.96009063720703,7705106
2018-07-16,60.04771041870117,60.066795349121094,59.475189208984375,59.72328186035156,46.736080169677734,4729938
2018-07-17,59.66603088378906,59.933204650878906,59.59923553466797,59.66603088378906,46.6912841796875,5292086
2018-07-18,59.73282241821289,60.095420837402344,59.51335906982422,60.0572509765625,46.997432708740234,6645578
2018-07-19,59.86641311645508,60.0572509765625,59.39885330200195,59.64694595336914,46.67634201049805,7631641
2018-07-20,59.21755599975586,59.67557144165039,59.16984558105469,59.656490325927734,46.683815002441406,7204686
2018-07-23,59.70419692993164,59.904579162597656,59.64694595336914,59.818702697753906,46.81075668334961,7266413
2018-07-24,60.01908493041992,60.53435134887695,59.9427490234375,60.51526641845703,47.355838775634766,9931058
2018-07-25,60.524810791015625,61.61259460449219,60.45801544189453,61.536258697509766,48.15481948852539,11023598
2018-07-26,61.65076446533203,62.213741302490234,61.05915832519531,61.078243255615234,47.79640579223633,11677235
2018-07-27,59.58969497680664,61.08778762817383,59.52289962768555,60.582061767578125,47.40811538696289,8815357
2018-07-30,60.86832046508789,61.92748260498047,60.6202278137207,61.84160232543945,48.393775939941406,10129130
2018-07-31,61.92748260498047,63.09160232543945,61.90839767456055,62.85305404663086,49.185272216796875,16184683
2018-08-01,62.700382232666016,63.110687255859375,62.45228958129883,62.49045944213867,48.90152359008789,7949604
2018-08-02,62.30915832519531,62.433204650878906,61.89885330200195,62.23282241821289,48.69990539550781,7226379
2018-08-03,62.213741302490234,62.99618148803711,61.9942741394043,62.91030502319336,49.23007583618164,7333066
2018-08-06,63.0629768371582,63.435115814208984,62.681297302246094,63.1870231628418,49.44661331176758,8600202
2018-08-07,63.0629768371582,63.921756744384766,63.0057258605957,63.53053283691406,49.715415954589844,8471298
2018-08-08,63.463741302490234,63.921756744384766,63.1202278137207,63.635494232177734,49.79755783081055,6821746
2018-08-09,63.8072509765625,63.8072509765625,62.786258697509766,62.97710037231445,49.282344818115234,7495086
2018-08-10,62.88167953491211,63.45419692993164,62.671756744384766,63.04389190673828,49.33460998535156,7796806
2018-08-13,63.10114669799805,63.82633590698242,63.04389190673828,63.66412353515625,49.81996154785156,9973606
2018-08-14,63.55915832519531,63.88358688354492,63.225189208984375,63.41603088378906,49.625816345214844,6912608
2018-08-15,63.67366409301758,64.47518920898438,63.42557144165039,64.28434753417969,50.30531692504883,11413873
2018-08-16,64.50381469726562,65.8396987915039,64.28434753417969,65.69656372070312,51.41043472290039,19378358
2018-08-17,65.62976837158203,66.0687026977539,65.55343627929688,65.8969497680664,51.56725311279297,8223761
2018-08-20,65.8396987915039,67.00381469726562,65.77290344238281,66.95610809326172,52.396080017089844,10919426
2018-08-21,66.99427795410156,67.03244018554688,65.92557525634766,66.00190734863281,51.649383544921875,10285701
2018-08-22,66.0114517211914,66.22137451171875,65.69656372070312,65.87786102294922,51.55231857299805,6176178
2018-08-23,65.71565246582031,66.02098846435547,65.59160614013672,65.81106567382812,51.500038146972656,5806654
2018-08-24,65.8396987915039,66.0782470703125,65.62023162841797,65.87786102294922,51.55231857299805,5194098
2018-08-27,66.16412353515625,66.25,65.39122009277344,65.83015441894531,51.514976501464844,5327822
2018-08-28,65.69656372070312,65.71565246582031,65.24809265136719,65.48664093017578,51.24616241455078,6219251
2018-08-29,65.24809265136719,65.74427795410156,65.14312744140625,65.65839385986328,51.38056945800781,5753206
2018-08-30,65.51526641845703,65.78244018554688,65.21946716308594,65.40076446533203,51.17896270751953,4972341
2018-08-31,65.21946716308594,65.60114288330078,65.03816986083984,65.44847106933594,51.21629333496094,6018978
2018-09-04,65.2385482788086,65.27671813964844,64.8187026977539,64.83778381347656,50.738407135009766,6045178
2018-09-05,64.83778381347656,65.54389190673828,64.79962158203125,65.47709655761719,51.23869323730469,6664337
2018-09-06,65.81106567382812,66.35496520996094,65.66793823242188,66.2022933959961,51.80619430541992,10099995
2018-09-07,65.99236297607422,66.58396911621094,65.69656372070312,66.47901153564453,52.02274703979492,9971930
2018-09-10,66.79389190673828,67.35687255859375,66.34542083740234,66.3740463256836,51.94059753417969,7616759
2018-09-11,66.6030502319336,66.6030502319336,65.90648651123047,65.91603088378906,51.58218765258789,6094644
2018-09-12,66.22137451171875,66.81298065185547,65.9542007446289,66.6603012084961,52.16460418701172,6382320
2018-09-13,66.94656372070312,67.69084167480469,66.39312744140625,67.58587646484375,52.88890838623047,10750594
2018-09-14,67.5,67.5,66.46946716308594,66.77481079101562,52.61075210571289,7792928
2018-09-17,66.65076446533203,67.23282623291016,66.45992279052734,67.19465637207031,52.94153594970703,7018770
2018-09-18,67.18511199951172,67.65267181396484,66.69847106933594,67.19465637207031,52.94153594970703,7126819
2018-09-19,66.93701934814453,67.33778381347656,66.45037841796875,66.77481079101562,52.61075210571289,8325522
2018-09-20,67.12786102294922,67.58587646484375,66.84160614013672,67.53816986083984,53.21219253540039,6435454
2018-09-21,67.66221618652344,68.30152893066406,67.66221618652344,67.84351348876953,53.45275115966797,17850689
2018-09-24,67.6717529296875,68.03434753417969,67.39503479003906,67.53816986083984,53.21219253540039,6747862
2018-09-25,67.60496520996094,68.11068725585938,67.29007720947266,67.41412353515625,53.11445236206055,6770499
2018-09-26,67.6812973022461,67.89122009277344,66.96565246582031,67.10877990722656,52.873870849609375,7260963
2018-09-27,67.10877990722656,67.91984558105469,66.87023162841797,67.48091888427734,53.16707992553711,6315458
2018-09-28,67.48091888427734,67.93893432617188,67.41412353515625,67.69084167480469,53.33245849609375,7135622
2018-10-01,67.81488800048828,68.59732818603516,67.3759536743164,68.25381469726562,53.77602767944336,7994668
2018-10-02,68.67366027832031,68.864501953125,67.83396911621094,68.46373748779297,53.94142150878906,10894589
2018-10-03,68.78816986083984,69.1030502319336,68.08206176757812,68.10114288330078,53.65574645996094,10037325
2018-10-04,67.86259460449219,68.09160614013672,67.23282623291016,67.95801544189453,53.54296875,10837054
2018-10-05,67.96755981445312,68.40648651123047,67.34732818603516,67.77671813964844,53.40012741088867,7790308
2018-10-08,67.6812973022461,68.41603088378906,67.64312744140625,68.18701934814453,53.723392486572266,9279830
2018-10-09,68.18701934814453,69.33206176757812,67.71946716308594,69.02671813964844,54.38499450683594,8249122
2018-10-10,69.1603012084961,69.55152893066406,67.16603088378906,67.22328186035156,52.96408462524414,13259191
2018-10-11,67.1469497680664,67.29962158203125,64.71373748779297,65.2385482788086,51.40034484863281,13491952
2018-10-12,65.55343627929688,66.85114288330078,65.28626251220703,66.61259460449219,52.48295211791992,10648938
2018-10-15,66.02098846435547,66.99427795410156,65.77290344238281,66.27862548828125,52.21980285644531,6896783
2018-10-16,66.65076446533203,68.04389190673828,66.55534362792969,67.95801544189453,53.54296875,10719992
2018-10-17,67.83396911621094,68.64503479003906,67.5572509765625,68.53053283691406,53.99403381347656,9793036
2018-10-18,68.84542083740234,69.08396911621094,68.14885711669922,68.90267181396484,54.28724670410156,12812848
2018-10-19,68.9885482788086,69.33206176757812,68.64503479003906,69.03626251220703,54.392494201660156,15210043
2018-10-22,69.62786102294922,70.1240463256836,68.55915832519531,69.24618530273438,54.55789566040039,12486186
2018-10-23,68.85496520996094,69.1030502319336,67.95801544189453,68.7977066040039,54.20455551147461,12116871
2018-10-24,68.53053283691406,69.31298065185547,67.01335906982422,67.30915832519531,53.031742095947266,15348170
2018-10-25,63.874046325683594,67.33778381347656,63.07251739501953,66.75572204589844,52.595703125,21553692
2018-10-26,66.57442474365234,67.53816986083984,65.72518920898438,67.17557525634766,52.92649459838867,17764229
2018-10-29,68.10114288330078,69.68511199951172,67.3187026977539,68.17748260498047,53.715885162353516,19743901
2018-10-30,68.40648651123047,69.61832427978516,68.22518920898438,69.53244018554688,54.783451080322266,19845976
2018-10-31,70.0477066040039,71.0782470703125,69.43701934814453,70.2385482788086,55.33976745605469,16624529
2018-11-01,70.41984558105469,70.64885711669922,69.34160614013672,69.77098846435547,54.97138977050781,14507988
2018-11-02,70.20037841796875,70.32442474365234,68.3396987915039,68.95992279052734,54.33235549926758,13517838
2018-11-05,68.66412353515625,70.20037841796875,66.90839385986328,69.77098846435547,54.97138977050781,12922364
2018-11-06,69.59923553466797,70.41984558105469,69.41793823242188,69.9522933959961,55.114227294921875,10737913
2018-11-07,70.70610809326172,71.87976837158203,70.45801544189453,71.64122009277344,56.444908142089844,19566684
2018-11-08,71.45992279052734,72.22328186035156,71.2022933959961,72.02290344238281,56.74563217163086,13634690
2018-11-09,72.385498046875,72.5095443725586,71.3740463256836,71.4312973022461,56.27951431274414,15359802
2018-11-12,71.68893432617188,71.82251739501953,70.63931274414062,71.26908111572266,56.15171432495117,14679022
2018-11-13,71.77481079101562,71.82251739501953,70.62023162841797,71.1927490234375,56.091575622558594,16587430
2018-11-14,71.51717376708984,71.52671813964844,70.30534362792969,70.69656372070312,55.70063400268555,9936193
2018-11-15,70.13359069824219,71.44084167480469,69.78053283691406,71.41221618652344,56.26449203491211,12549171
2018-11-16,71.3167953491211,72.75763702392578,71.135498046875,72.57633972167969,57.18167495727539,14384010
2018-11-19,72.72901153564453,73.10114288330078,72.12786102294922,72.8530502319336,57.39970016479492,17210675
2018-11-20,72.52862548828125,72.86259460449219,71.23091888427734,71.35496520996094,56.219364166259766,14240014
2018-11-21,71.4885482788086,71.63167572021484,70.78244018554688,71.364501953125,56.22686767578125,9489116
2018-11-23,70.73473358154297,71.85114288330078,70.62023162841797,71.25,56.13666915893555,3690846
2018-11-26,71.55534362792969,72.28053283691406,71.364501953125,71.98473358154297,56.71555709838867,11407061
2018-11-27,71.63167572021484,73.01526641845703,71.63167572021484,72.84351348876953,57.39218521118164,15325533
2018-11-28,73.28244018554688,73.8167953491211,72.77671813964844,73.6927490234375,58.061275482177734,12625675
2018-11-29,73.65457916259766,74.885498046875,73.5782470703125,74.34160614013672,58.572486877441406,11429174
2018-11-30,74.27481079101562,75.84923553466797,74.1603012084961,75.70610809326172,59.64756774902344,22380669
2018-12-03,75.87786102294922,75.93511199951172,74.69465637207031,75.59160614013672,59.55735778808594,13183106
2018-12-04,75.66793823242188,76.51717376708984,74.52290344238281,74.62786102294922,58.798038482666016,15482942
2018-12-06,73.43511199951172,74.78053283691406,72.34732818603516,74.78053283691406,58.91832733154297,17329518
2018-12-07,74.63740539550781,74.71373748779297,72.614501953125,73.20610809326172,57.6778564453125,13228799
2018-12-10,73.90267181396484,74.21755981445312,72.385498046875,73.8740463256836,58.204124450683594,16163618
2018-12-11,74.35114288330078,74.72328186035156,73.03434753417969,73.5782470703125,57.97105407714844,13867660
2018-12-12,74.20801544189453,75.15267181396484,74.1603012084961,74.43701934814453,58.647682189941406,11219678
2018-12-13,74.66603088378906,75.45801544189453,74.42748260498047,75.39122009277344,59.39948272705078,11272498
2018-12-14,74.26526641845703,74.45610809326172,72.7385482788086,72.97709655761719,57.90047073364258,13896375
2018-12-17,72.4904556274414,73.36832427978516,71.4312973022461,71.78434753417969,56.95415115356445,15831822
2018-12-18,72.13740539550781,72.30915832519531,70.19084167480469,70.92557525634766,56.272796630859375,16163828
2018-12-19,71.2595443725586,71.80343627929688,69.72328186035156,70.39122009277344,55.84884262084961,19765594
2018-12-20,70.08587646484375,70.73473358154297,69.31298065185547,70.1240463256836,55.63685607910156,20321454
2018-12-21,69.60877990722656,71.04007720947266,68.91221618652344,69.56106567382812,55.190189361572266,37919994
2018-12-24,69.20801544189453,69.56106567382812,67.64312744140625,67.89122009277344,53.865318298339844,11565833
2018-12-26,67.71946716308594,70.63931274414062,67.71946716308594,70.61068725585938,56.022953033447266,14074011
2018-12-27,69.92366027832031,71.92748260498047,69.42748260498047,71.92748260498047,57.067710876464844,13577154
2018-12-28,72.40457916259766,73.07251739501953,71.40267181396484,71.91793823242188,57.06013488769531,13180696
2018-12-31,72.34732818603516,73.18701934814453,72.19465637207031,72.9103012084961,57.84749221801758,9687502
2019-01-02,71.84160614013672,72.5095443725586,71.1832046508789,72.12786102294922,57.2266960144043,15120125
2019-01-03,72.09923553466797,72.4904556274414,70.46755981445312,70.64885711669922,56.05323791503906,13910628
2019-01-04,71.3167953491211,72.99618530273438,71.22137451171875,72.77671813964844,57.741493225097656,14753115
2019-01-07,72.66221618652344,72.96755981445312,71.95610809326172,71.97518920898438,57.10557556152344,15795142
2019-01-08,72.39503479003906,72.71946716308594,71.84160614013672,72.5095443725586,57.52950668334961,11896686
2019-01-09,72.41412353515625,72.81488800048828,71.87023162841797,71.95610809326172,57.09042739868164,11916284
2019-01-10,72.21373748779297,72.21373748779297,70.10496520996094,71.0687026977539,56.386356353759766,19134070
2019-01-11,71.27862548828125,71.50763702392578,70.75381469726562,71.46946716308594,56.70431137084961,9878029
2019-01-14,70.88740539550781,71.03053283691406,69.75190734863281,70.0095443725586,55.54600524902344,15669486
2019-01-15,69.75190734863281,71.45992279052734,69.75190734863281,71.08778381347656,56.40148162841797,13102096
2019-01-16,71.3167953491211,72.29962158203125,71.05915832519531,71.1927490234375,56.48476028442383,15272504
2019-01-17,70.90648651123047,72.29962158203125,70.90648651123047,72.13740539550781,57.2342529296875,16969321
2019-01-18,72.65267181396484,72.83396911621094,72.01335906982422,72.39503479003906,57.43867874145508,14980741
2019-01-22,72.10877990722656,72.70992279052734,71.90839385986328,72.35687255859375,57.408382415771484,10568766
2019-01-23,72.0896987915039,72.24236297607422,71.3167953491211,71.98473358154297,57.11314010620117,14369233
2019-01-24,71.71755981445312,71.71755981445312,69.06488800048828,69.8187026977539,55.39458084106445,21986621
2019-01-25,70.43893432617188,70.45801544189453,68.8167953491211,69.60877990722656,55.22804260253906,14054099
2019-01-28,69.17938995361328,69.72328186035156,68.75,69.58015441894531,55.205322265625,13376672
2019-01-29,69.56106567382812,70.30534362792969,69.31298065185547,69.8759536743164,55.44001388549805,11966693
2019-01-30,70.09542083740234,70.42938995361328,69.67557525634766,70.0095443725586,55.54600524902344,13941230
2019-01-31,69.79962158203125,71.39312744140625,69.7614517211914,71.02098846435547,56.34850311279297,16797658
2019-02-01,72.4904556274414,73.94084167480469,71.87976837158203,72.94847106933594,57.87777328491211,15941757
2019-02-04,72.47137451171875,73.36832427978516,72.21373748779297,73.34923553466797,58.19573974609375,11824165
2019-02-05,73.83587646484375,74.79007720947266,73.53053283691406,73.61640930175781,58.4077033996582,12955690
2019-02-06,73.32061004638672,74.1603012084961,73.12023162841797,73.84542083740234,58.58940505981445,8375721
2019-02-07,73.41603088378906,73.59732818603516,72.6240463256836,73.30152893066406,58.157901763916016,9661407
2019-02-08,73.23473358154297,73.9885482788086,73.06298065185547,73.96946716308594,58.687835693359375,9266940
2019-02-11,74.23664093017578,74.27481079101562,72.71946716308594,73.19656372070312,58.07461166381836,13803942
2019-02-12,73.75,75.31488800048828,73.5782470703125,74.92366027832031,59.44489669799805,13676086
2019-02-13,74.96183013916016,75.54389190673828,74.85687255859375,75.40076446533203,59.82343673706055,10980106
2019-02-14,75.50572204589844,75.90648651123047,75.08587646484375,75.32442474365234,59.762882232666016,8577042
2019-02-15,76.0114517211914,76.45992279052734,75.63931274414062,76.15457916259766,60.42152786254883,10886100
2019-02-19,76.135498046875,76.45992279052734,75.45801544189453,75.61068725585938,59.9899787902832,9653547
2019-02-20,75.38167572021484,75.8969497680664,75.20037841796875,75.79198455810547,60.13382339477539,8993517
2019-02-21,75.55343627929688,76.364501953125,75.52481079101562,76.17366027832031,60.436641693115234,7740633
2019-02-22,76.11640930175781,77.15648651123047,76.11640930175781,77.07061004638672,61.1483039855957,8337469
2019-02-25,77.15648651123047,77.28053283691406,76.32633972167969,76.69847106933594,60.85302734375,9741265
2019-02-26,76.83206176757812,77.385498046875,76.33587646484375,77.04198455810547,61.125587463378906,8927912
2019-02-27,76.85114288330078,77.5667953491211,76.74618530273438,76.92748260498047,61.03473663330078,7852978
2019-02-28,76.84160614013672,78.01526641845703,76.84160614013672,77.5667953491211,61.54197692871094,11588365
2019-03-01,78.01526641845703,78.17748260498047,77.4522933959961,77.9103012084961,61.814510345458984,10624205
2019-03-04,78.27290344238281,78.35877990722656,76.84160614013672,77.64312744140625,61.60253143310547,8522755
2019-03-05,77.74809265136719,78.27290344238281,77.5,77.95801544189453,61.85236358642578,8698190
2019-03-06,77.86259460449219,78.01526641845703,76.62213897705078,77.06106567382812,61.14071273803711,8167169
2019-03-07,77.3187026977539,77.39503479003906,76.3740463256836,76.76526641845703,60.90604019165039,10925505
2019-03-08,76.53626251220703,76.90839385986328,75.42938995361328,76.14503479003906,60.41393280029297,11716326
2019-03-11,76.67938995361328,77.3187026977539,76.40267181396484,77.16603088378906,61.22400665283203,9126613
2019-03-12,77.4522933959961,77.82442474365234,77.08015441894531,77.5095443725586,61.49656295776367,9261281
2019-03-13,77.87213897705078,78.25381469726562,77.47137451171875,77.86259460449219,61.77665328979492,8059749
2019-03-14,77.58587646484375,78.01526641845703,77.22328186035156,77.75763702392578,62.112037658691406,8530406
2019-03-15,77.76717376708984,78.15839385986328,77.09923553466797,77.83396911621094,62.173004150390625,17341046
2019-03-18,77.5477066040039,78.08206176757812,77.21373748779297,77.6240463256836,62.00531768798828,14357914
2019-03-19,77.80534362792969,78.24427795410156,77.25190734863281,78.15839385986328,62.432159423828125,10224393
2019-03-20,78.10114288330078,78.9312973022461,77.65267181396484,78.32061004638672,62.56173324584961,11894590
2019-03-21,78.3396987915039,79.36068725585938,78.10114288330078,79.15076446533203,63.224853515625,9473291
2019-03-22,79.11259460449219,79.62786102294922,78.26335906982422,78.52098846435547,62.7218132019043,10639191
2019-03-25,78.31106567382812,78.95992279052734,78.16793823242188,78.5782470703125,62.76753234863281,7878654
2019-03-26,78.96946716308594,79.6469497680664,78.78816986083984,79.12213897705078,63.201995849609375,9242731
2019-03-27,79.12213897705078,79.25572204589844,78.06298065185547,78.52098846435547,62.7218132019043,10020766
2019-03-28,78.99809265136719,79.1030502319336,78.41603088378906,78.84542083740234,62.980953216552734,7161298
2019-03-29,79.19847106933594,79.48473358154297,78.9217529296875,79.36068725585938,63.392539978027344,10147994
2019-04-01,79.89503479003906,80.0095443725586,79.14122009277344,79.48473358154297,63.49163818359375,8820282
2019-04-02,79.63740539550781,79.885498046875,79.1030502319336,79.39885711669922,63.423004150390625,5875088
2019-04-03,79.45610809326172,79.8282470703125,78.95992279052734,79.37023162841797,63.40016174316406,6550734
2019-04-04,79.20801544189453,79.38931274414062,77.4904556274414,78.10114288330078,62.386409759521484,10257719
2019-04-05,78.21565246582031,78.3969497680664,77.39503479003906,77.4332046508789,61.8528938293457,10324162
2019-04-08,77.25190734863281,77.53816986083984,76.66984558105469,77.24236297607422,61.70045471191406,10586267
2019-04-09,76.87976837158203,77.27098846435547,76.58396911621094,77.09923553466797,61.58610916137695,10785282
2019-04-10,77.15648651123047,77.59542083740234,76.95610809326172,77.11832427978516,61.601348876953125,6894268
2019-04-11,77.22328186035156,77.22328186035156,75.75381469726562,76.1832046508789,60.85439682006836,10410518
2019-04-12,76.34542083740234,76.75572204589844,75.66793823242188,75.79198455810547,60.54190444946289,10164762
2019-04-15,75.67748260498047,75.84923553466797,74.8759536743164,74.9332046508789,59.855918884277344,13822491
2019-04-16,75.60114288330078,75.65839385986328,73.8740463256836,74.00763702392578,59.11656951904297,12531250
2019-04-17,74.05534362792969,74.06488800048828,70.37213897705078,70.53434753417969,56.342132568359375,34181463
2019-04-18,70.114501953125,70.65839385986328,68.9217529296875,69.83778381347656,55.78573226928711,32768445
2019-04-22,69.80915832519531,70.42938995361328,69.40839385986328,70.09542083740234,55.99152755737305,14548441
2019-04-23,70.32442474365234,71.80343627929688,70.03816986083984,71.1832046508789,56.86043930053711,19281523
2019-04-24,71.3072509765625,71.66984558105469,70.59160614013672,71.3072509765625,56.959529876708984,12779102
2019-04-25,71.16412353515625,73.30152893066406,71.04962158203125,72.84351348876953,58.18668746948242,13994154
2019-04-26,73.12976837158203,73.46373748779297,72.60496520996094,73.12023162841797,58.40772247314453,8888193
2019-04-29,73.08206176757812,73.64503479003906,72.97709655761719,73.26335906982422,58.52205276489258,7395317
2019-04-30,74.00763702392578,75.28626251220703,72.51908111572266,75.10496520996094,59.99311828613281,11269039
2019-05-01,75.08587646484375,76.0782470703125,74.83778381347656,75.114501953125,60.000736236572266,15288643
2019-05-02,75.0095443725586,76.17366027832031,75.0095443725586,75.87786102294922,60.61048126220703,11579142
2019-05-03,75.8969497680664,76.46946716308594,75.62023162841797,76.33587646484375,60.976348876953125,7942582
2019-05-06,74.9332046508789,76.135498046875,74.71373748779297,75.8396987915039,60.580013275146484,9906534
2019-05-07,75.27671813964844,75.65839385986328,73.8740463256836,74.33206176757812,59.37570571899414,10523387
2019-05-08,74.74236297607422,75.10496520996094,74.33206176757812,74.59923553466797,59.58912658691406,10567508
2019-05-09,74.12213897705078,74.91412353515625,73.7022933959961,74.74236297607422,59.70345687866211,8105861
2019-05-10,74.50381469726562,74.74236297607422,73.29198455810547,74.60877990722656,59.59675979614258,9027158
2019-05-13,73.30152893066406,73.97901153564453,73.30152893066406,73.635498046875,58.819313049316406,9641705
2019-05-14,74.06488800048828,74.50381469726562,73.8167953491211,73.8740463256836,59.009857177734375,8113826
2019-05-15,73.34923553466797,74.31298065185547,73.28244018554688,73.99809265136719,59.10894012451172,7284543
2019-05-16,74.20801544189453,76.23091888427734,74.16984558105469,75.50572204589844,60.313228607177734,9910831
2019-05-17,74.8187026977539,75.44847106933594,74.28434753417969,75.114501953125,60.000736236572266,8259707
2019-05-20,74.77098846435547,75.63931274414062,74.66603088378906,75.26717376708984,60.1226692199707,8281191
2019-05-21,75.45801544189453,76.0782470703125,74.9332046508789,75.85877990722656,60.595237731933594,10873734
2019-05-22,75.71565246582031,77.4332046508789,75.67748260498047,77.27098846435547,61.72330093383789,13491847
2019-05-23,76.90839385986328,77.47137451171875,76.72709655761719,77.30915832519531,61.75379943847656,9831498
2019-05-24,77.57633972167969,78.18701934814453,77.39503479003906,77.4522933959961,61.86812973022461,6071588
2019-05-28,77.65267181396484,78.18701934814453,76.55534362792969,76.58396911621094,61.17454528808594,13779733
2019-05-29,76.45037841796875,76.68893432617188,75.14312744140625,75.72518920898438,60.48854064941406,11278890
2019-05-30,75.91603088378906,76.16412353515625,75.56298065185547,76.03053283691406,60.73244857788086,7483768
2019-05-31,75.69656372070312,76.2595443725586,75.19084167480469,75.58206176757812,60.37420654296875,7142749
2019-06-03,76.00190734863281,77.21373748779297,75.87786102294922,76.58396911621094,61.17454528808594,9218103
2019-06-04,77.05152893066406,77.60496520996094,76.44084167480469,77.36640930175781,61.79955291748047,9368806
2019-06-05,77.65267181396484,78.50190734863281,77.36640930175781,77.94847106933594,62.26445388793945,9821961
2019-06-06,78.3969497680664,78.66412353515625,77.70037841796875,77.70992279052734,62.073936462402344,11393961
2019-06-07,78.07251739501953,79.08396911621094,78.07251739501953,78.6832046508789,62.85136795043945,8797436
2019-06-10,78.89312744140625,78.89312744140625,77.9103012084961,78.7022933959961,62.86662292480469,7536273
2019-06-11,79.09351348876953,79.5896987915039,78.67366027832031,79.17938995361328,63.24772644042969,7789679
2019-06-12,79.33206176757812,80.4103012084961,79.33206176757812,79.8759536743164,63.80412292480469,11057762
2019-06-13,80.20992279052734,80.32442474365234,78.75,79.1030502319336,63.18671417236328,10194001
2019-06-14,78.9217529296875,79.55152893066406,78.6832046508789,78.9885482788086,63.516666412353516,7989952
2019-06-17,78.91221618652344,79.51335906982422,78.75,79.48473358154297,63.91567611694336,6427279
2019-06-18,79.41793823242188,80.79198455810547,79.41793823242188,80.62023162841797,64.8287353515625,11425086
2019-06-19,80.39122009277344,81.64122009277344,80.3530502319336,81.45037841796875,65.49629211425781,9825419
2019-06-20,82.04198455810547,82.53816986083984,80.45801544189453,80.72518920898438,64.91316223144531,12490483
2019-06-21,80.57251739501953,80.88740539550781,79.80915832519531,80.69656372070312,64.89012145996094,15034294
2019-06-24,81.0782470703125,82.0896987915039,80.85877990722656,81.59351348876953,65.61138916015625,7891440
2019-06-25,81.63167572021484,82.30915832519531,80.92557525634766,81.33587646484375,65.40420532226562,9348894
2019-06-26,81.27862548828125,81.2977066040039,79.28434753417969,79.71373748779297,64.09983825683594,12604401
2019-06-27,79.83778381347656,80.81106567382812,79.58015441894531,79.9904556274414,64.32231140136719,11721670
2019-06-28,80.1240463256836,80.59160614013672,79.17938995361328,80.0095443725586,64.33768463134766,46684837
2019-07-01,80.46755981445312,81.04007720947266,80.0477066040039,80.86832427978516,65.02825927734375,10260863
2019-07-02,80.59160614013672,81.59351348876953,80.24809265136719,81.59351348876953,65.61138916015625,10381593
2019-07-03,82.11832427978516,83.08206176757812,82.05152893066406,82.91984558105469,66.67794799804688,6533232
2019-07-05,82.70992279052734,82.82442474365234,81.57442474365234,81.67938995361328,65.68046569824219,8767358
2019-07-08,81.11640930175781,81.58396911621094,79.67557525634766,80.19084167480469,64.48347473144531,13693273
2019-07-09,80.38167572021484,81.3072509765625,80.2385482788086,80.97328186035156,65.11265563964844,8490791
2019-07-10,80.91603088378906,81.21183013916016,80.48664093017578,80.93511199951172,65.08197021484375,5996132
2019-07-11,79.67557525634766,79.83778381347656,76.1259536743164,77.29007720947266,62.150882720947266,22146126
2019-07-12,77.1469497680664,77.19465637207031,75.02862548828125,76.0782470703125,61.17643737792969,18910636
2019-07-15,76.90839385986328,77.5477066040039,76.45037841796875,77.25190734863281,62.12019348144531,10922570
2019-07-16,77.59542083740234,78.03434753417969,77.18511199951172,77.8530502319336,62.603607177734375,8448662
2019-07-17,78.20610809326172,78.5687026977539,77.84351348876953,78.16793823242188,62.85679626464844,9848999
2019-07-18,78.635498046875,79.1603012084961,77.86259460449219,78.90267181396484,63.447608947753906,8472661
2019-07-19,78.91221618652344,79.02671813964844,77.4332046508789,77.66221618652344,62.45014953613281,12053782
2019-07-22,77.93893432617188,78.07251739501953,77.33778381347656,77.4904556274414,62.31202697753906,7261697
2019-07-23,77.74809265136719,78.65457916259766,77.18511199951172,78.27290344238281,62.941200256347656,7420469
2019-07-24,78.24427795410156,78.54007720947266,77.40457916259766,78.00572204589844,62.72636413574219,7720197
2019-07-25,77.71946716308594,79.25572204589844,77.33778381347656,78.00572204589844,62.72636413574219,9670106
2019-07-26,77.84351348876953,77.89122009277344,77.2042007446289,77.70037841796875,62.480804443359375,7638977
2019-07-29,78.3396987915039,79.00763702392578,77.87213897705078,78.71183013916016,63.29417419433594,11123682
2019-07-30,80.14312744140625,81.26908111572266,79.02671813964844,79.45610809326172,63.89265441894531,14286965
2019-07-31,79.1030502319336,80.77290344238281,79.0457992553711,79.18893432617188,63.67782974243164,12443428
2019-08-01,79.25572204589844,80.62976837158203,78.85496520996094,79.85687255859375,64.21489715576172,10550006
2019-08-02,80.03816986083984,80.88740539550781,79.72328186035156,80.60114288330078,64.81341552734375,10913767
2019-08-05,80.0095443725586,80.47709655761719,78.3969497680664,79.31298065185547,63.77755355834961,11885578
2019-08-06,79.31298065185547,80.61068725585938,79.29389190673828,80.48664093017578,64.72132873535156,11025274
2019-08-07,80.3530502319336,80.81106567382812,79.00763702392578,80.39122009277344,64.64457702636719,11509660
2019-08-08,80.86832427978516,81.15457916259766,80.45801544189453,80.84923553466797,65.01290130615234,8699762
2019-08-09,81.2022933959961,82.16603088378906,80.83015441894531,81.6030502319336,65.61905670166016,8968260
2019-08-12,81.32633972167969,81.99427795410156,80.64885711669922,81.1259536743164,65.23542785644531,8761909
2019-08-13,81.5457992553711,82.81488800048828,81.5457992553711,82.13740539550781,66.04875183105469,8413658
2019-08-14,81.45992279052734,81.90839385986328,79.53244018554688,79.58015441894531,63.992393493652344,11411148
2019-08-15,79.69465637207031,80.0095443725586,79.09351348876953,79.63740539550781,64.0384292602539,9543612
2019-08-16,80.58206176757812,81.45037841796875,80.2957992553711,81.16412353515625,65.26611328125,9156271
2019-08-19,81.66984558105469,82.5667953491211,81.53626251220703,82.24236297607422,66.13314056396484,7655221
2019-08-20,82.07061004638672,82.75763702392578,81.6603012084961,81.72709655761719,65.71882629394531,6176598
2019-08-21,82.33778381347656,83.25381469726562,82.18511199951172,82.92938995361328,66.68563079833984,6486072
2019-08-22,82.77671813964844,83.20610809326172,82.29962158203125,82.74809265136719,66.53983306884766,6588776
2019-08-23,82.27098846435547,82.95801544189453,80.61068725585938,81.04962158203125,65.17402648925781,10608694
2019-08-26,81.46946716308594,81.96565246582031,81.1832046508789,81.94656372070312,65.89530944824219,6041825
2019-08-27,82.46183013916016,82.93893432617188,81.53626251220703,81.6030502319336,65.61905670166016,6527049
2019-08-28,81.35496520996094,82.60496520996094,81.14503479003906,82.51908111572266,66.35568237304688,6159934
2019-08-29,83.08206176757812,83.34923553466797,82.23282623291016,82.74809265136719,66.53983306884766,6321012
2019-08-30,83.12976837158203,83.22518920898438,82.22328186035156,82.5095443725586,66.34800720214844,6795127
2019-09-03,82.29007720947266,83.02481079101562,82.09923553466797,82.6812973022461,66.48612213134766,6695882
2019-09-04,83.14885711669922,83.17748260498047,81.50763702392578,82.10877990722656,66.02571868896484,7868070
2019-09-05,82.6717529296875,82.69084167480469,81.58396911621094,82.15648651123047,66.06410217285156,7524954
2019-09-06,82.57633972167969,82.94847106933594,82.35687255859375,82.60496520996094,66.42471313476562,7047695
2019-09-09,82.53816986083984,82.5572509765625,79.12213897705078,79.6469497680664,64.04612731933594,12040786
2019-09-10,78.61640930175781,78.61640930175781,75.2385482788086,77.94847106933594,62.6803092956543,18087432
2019-09-11,78.11068725585938,79.30343627929688,77.88167572021484,79.12213897705078,63.62410354614258,10602197
2019-09-12,79.65648651123047,80.22901153564453,78.99809265136719,79.49427795410156,63.923336029052734,8416698
2019-09-13,79.16984558105469,79.74236297607422,78.35877990722656,78.82633972167969,63.80747985839844,7521496
2019-09-16,78.67366027832031,78.67366027832031,77.94847106933594,78.27290344238281,63.3594856262207,6191270
2019-09-17,78.36832427978516,79.67557525634766,78.36832427978516,78.73091888427734,63.73025894165039,7375405
2019-09-18,78.88359069824219,79.46565246582031,78.60687255859375,79.21755981445312,64.12418365478516,6943734
2019-09-19,79.21755981445312,80.43893432617188,79.08396911621094,80.1240463256836,64.85794067382812,6922774
2019-09-20,80.85877990722656,81.93701934814453,80.45801544189453,81.2595443725586,65.77708435058594,23631247
2019-09-23,81.02098846435547,81.3167953491211,80.47709655761719,80.49618530273438,65.1591796875,8909572
2019-09-24,80.67748260498047,80.99236297607422,79.57061004638672,79.77098846435547,64.57215881347656,9377085
2019-09-25,79.6469497680664,80.1812973022461,79.15076446533203,79.29389190673828,64.18597412109375,7290936
2019-09-26,79.79007720947266,80.2385482788086,79.23664093017578,80.03816986083984,64.78842163085938,8104918
2019-09-27,80.03816986083984,80.14312744140625,78.7977066040039,79.11259460449219,64.03919982910156,7827093
2019-09-30,79.39885711669922,81.2022933959961,79.39885711669922,80.32442474365234,65.02015686035156,9806974
2019-10-01,80.32442474365234,80.72518920898438,79.71373748779297,79.78053283691406,64.57987976074219,7050001
2019-10-02,79.26526641845703,79.39885711669922,76.85114288330078,77.88167572021484,63.04281234741211,8762433
2019-10-03,78.17748260498047,79.08396911621094,77.89122009277344,78.95037841796875,63.90789031982422,5790095
2019-10-04,79.59923553466797,81.22137451171875,79.35114288330078,81.10687255859375,65.65351104736328,7504518
2019-10-07,81.135498046875,81.21183013916016,80.10496520996094,80.52481079101562,65.1823501586914,5086154
2019-10-08,79.9522933959961,80.54389190673828,79.27481079101562,79.47518920898438,64.33272552490234,6416694
2019-10-09,80.31488800048828,80.62023162841797,79.7042007446289,80.32442474365234,65.02015686035156,4660875
2019-10-10,80.28626251220703,80.96373748779297,79.7614517211914,79.92366027832031,64.69573974609375,8580290
2019-10-11,80.43893432617188,81.52671813964844,80.40076446533203,80.47709655761719,65.14373779296875,6229626
2019-10-14,80.50572204589844,81.21183013916016,80.42938995361328,80.81106567382812,65.4140625,5513214
2019-10-15,81.0114517211914,81.2022933959961,80.71565246582031,81.14503479003906,65.68438720703125,5205102
2019-10-16,81.16412353515625,81.1927490234375,80.55343627929688,80.58206176757812,65.22869873046875,5686134
2019-10-17,80.55343627929688,80.77290344238281,79.90457916259766,79.96183013916016,64.72663116455078,7178486
2019-10-18,79.8759536743164,81.02098846435547,79.8282470703125,80.80152893066406,65.40634155273438,7883056
2019-10-21,81.0782470703125,81.16412353515625,80.22901153564453,80.64885711669922,65.28275299072266,5352136
2019-10-22,78.24427795410156,78.89312744140625,76.57442474365234,77.57633972167969,62.79566192626953,18629038
2019-10-23,77.5667953491211,79.07442474365234,77.4427490234375,79.07442474365234,64.0083236694336,8511961
2019-10-24,79.30343627929688,79.80915832519531,78.28244018554688,78.7977066040039,63.7843132019043,5232769
2019-10-25,78.50190734863281,79.05534362792969,78.27290344238281,78.49236297607422,63.537147521972656,7868384
2019-10-28,78.94084167480469,79.6469497680664,76.6603012084961,78.43511199951172,63.49079513549805,15557665
2019-10-29,80.20037841796875,81.84160614013672,78.91221618652344,81.2022933959961,65.73075103759766,17371019
2019-10-30,81.10687255859375,82.52862548828125,80.45801544189453,82.27098846435547,66.59584045410156,10026845
2019-10-31,82.15648651123047,83.00572204589844,81.59351348876953,82.69084167480469,66.93567657470703,12419429
2019-11-01,83.08206176757812,83.24427795410156,80.90648651123047,81.04962158203125,65.60717010498047,9281298
2019-11-04,81.66984558105469,81.77481079101562,80.03816986083984,80.0572509765625,64.8038558959961,8947195
2019-11-05,79.83778381347656,79.91412353515625,78.94084167480469,79.12213897705078,64.04692840576172,9937974
2019-11-06,79.73282623291016,80.114501953125,79.32251739501953,79.43701934814453,64.30181884765625,9735606
2019-11-07,79.41793823242188,80.14312744140625,78.88359069824219,79.08396911621094,64.01603698730469,9251325
2019-11-08,79.11259460449219,79.8759536743164,78.9217529296875,79.7614517211914,64.56443786621094,6653123
2019-11-11,79.35114288330078,79.80915832519531,79.1603012084961,79.46565246582031,64.32499694824219,3725221
2019-11-12,79.75190734863281,80.93511199951172,79.75190734863281,80.26717376708984,64.97380828857422,8616656
2019-11-13,80.67748260498047,81.21183013916016,80.25763702392578,80.93511199951172,65.51447296142578,6516883
2019-11-14,81.03053283691406,81.27862548828125,79.86640930175781,80.67748260498047,65.30592346191406,7911247
2019-11-15,80.81106567382812,81.67938995361328,80.76335906982422,81.0114517211914,65.5762710571289,9675870
2019-11-18,80.78244018554688,80.93511199951172,80.0095443725586,80.27671813964844,64.98152923583984,10701757
2019-11-19,80.53434753417969,81.05915832519531,80.1240463256836,80.77290344238281,65.3831558227539,9691380
2019-11-20,80.65839385986328,81.56488800048828,80.58206176757812,81.364501953125,65.86206817626953,8160147
2019-11-21,81.77481079101562,81.84160614013672,80.4103012084961,81.5457992553711,66.0088119506836,7195568
2019-11-22,81.72709655761719,82.40457916259766,81.41221618652344,81.53626251220703,66.00106811523438,7800159
2019-11-25,82.09923553466797,82.6240463256836,81.4312973022461,81.77481079101562,66.19415283203125,9021289
2019-11-26,82.06106567382812,83.43511199951172,81.97518920898438,83.3396987915039,67.46092224121094,19233420
2019-11-27,83.3969497680664,83.84542083740234,83.00572204589844,83.59732818603516,67.66944122314453,6037318
2019-11-29,83.17748260498047,83.75,83.04389190673828,83.18701934814453,67.33731842041016,4880222
2019-12-02,83.53053283691406,83.95992279052734,82.58587646484375,83.05343627929688,67.22919464111328,5597997
2019-12-03,82.70992279052734,83.46373748779297,82.53816986083984,83.37786102294922,67.49181365966797,7466162
2019-12-04,83.52098846435547,84.66603088378906,83.18701934814453,84.60877990722656,68.48819732666016,7293766
2019-12-05,84.66603088378906,84.72328186035156,83.94084167480469,84.68511199951172,68.54998779296875,8267462
2019-12-06,84.92366027832031,85.15267181396484,84.68511199951172,84.78053283691406,68.62721252441406,7245872
2019-12-09,84.8282470703125,84.92366027832031,84.1603012084961,84.65648651123047,68.52680206298828,8054823
2019-12-10,84.54198455810547,85.42938995361328,84.45610809326172,85.01908111572266,68.82032012939453,8663711
2019-12-11,85.0572509765625,85.39122009277344,84.78053283691406,84.90457916259766,68.72763061523438,6821746
2019-12-12,84.96183013916016,85.8396987915039,84.83778381347656,85.46755981445312,69.18335723876953,6863876
2019-12-13,85.114501953125,85.48664093017578,84.38931274414062,85.10496520996094,69.36222839355469,7571800
2019-12-16,85.54389190673828,85.87786102294922,85.09542083740234,85.20037841796875,69.43999481201172,10355183
2019-12-17,85.2385482788086,85.3530502319336,84.46565246582031,84.9427490234375,69.22999572753906,11690545
2019-12-18,85.25763702392578,85.87786102294922,85.0477066040039,85.51526641845703,69.69661712646484,11578199
2019-12-19,85.77290344238281,85.96373748779297,85.39122009277344,85.86832427978516,69.98439025878906,7602716
2019-12-20,87.27098846435547,88.3969497680664,86.67938995361328,87.385498046875,71.22089385986328,17849641
2019-12-23,87.6240463256836,87.80534362792969,87.25190734863281,87.53816986083984,71.3453140258789,7895946
2019-12-24,87.4427490234375,87.52862548828125,86.89885711669922,87.25190734863281,71.11202239990234,2343223
2019-12-26,87.40457916259766,87.51908111572266,86.89885711669922,87.15648651123047,71.03425598144531,3062675
2019-12-27,87.48091888427734,87.5,87.0896987915039,87.30915832519531,71.15869140625,3758966
2019-12-30,87.33778381347656,87.4904556274414,86.57442474365234,86.86068725585938,70.79318237304688,3932934
2019-12-31,86.75572204589844,86.82251739501953,86.2977066040039,86.78434753417969,70.73096466064453,4710760
2020-01-02,86.90839385986328,87.91984558105469,86.23091888427734,87.82442474365234,71.57864379882812,8251428
2020-01-03,86.52671813964844,87.8530502319336,86.364501953125,87.07061004638672,70.96424865722656,5903698
2020-01-06,87.05152893066406,87.53816986083984,86.82251739501953,87.4427490234375,71.26754760742188,7522963
2020-01-07,86.64122009277344,86.94656372070312,85.03816986083984,85.114501953125,69.36997985839844,11132275
2020-01-08,85.0095443725586,85.40076446533203,84.36068725585938,84.54198455810547,68.90336608886719,15200506
2020-01-09,84.8759536743164,85.92557525634766,84.71373748779297,85.28626251220703,69.5099868774414,9714750
2020-01-10,85.61068725585938,85.98282623291016,85.3530502319336,85.42938995361328,69.62663269042969,5945304
2020-01-13,85.41984558105469,85.52481079101562,84.9427490234375,85.4103012084961,69.61106872558594,10261492
2020-01-14,85.1812973022461,85.81106567382812,84.79962158203125,85.81106567382812,69.93770599365234,8625669
2020-01-15,85.97328186035156,87.41412353515625,85.96373748779297,87.34732818603516,71.1897964477539,9614038
2020-01-16,87.65267181396484,87.84351348876953,86.87976837158203,87.00381469726562,70.90982818603516,7252474
2020-01-17,87.09923553466797,87.4332046508789,86.69847106933594,86.80343627929688,70.74651336669922,10131226
2020-01-21,86.56488800048828,86.80343627929688,85.60114288330078,85.84923553466797,69.96881866455078,10022129
2020-01-22,86.04007720947266,86.3167953491211,85.51526641845703,85.54389190673828,69.71995544433594,7800474
2020-01-23,85.55343627929688,85.55343627929688,84.21755981445312,84.50381469726562,68.87228393554688,13198093
2020-01-24,84.57061004638672,84.7614517211914,81.6603012084961,82.04198455810547,66.8658218383789,14954960
2020-01-27,81.2022933959961,82.5477066040039,80.83015441894531,82.15648651123047,66.95913696289062,10847534
2020-01-28,82.48091888427734,82.7385482788086,81.96565246582031,82.29962158203125,67.0758056640625,9496347
2020-01-29,82.63359069824219,84.12213897705078,82.47137451171875,83.24427795410156,67.84571838378906,8511227
2020-01-30,82.96755981445312,83.13931274414062,82.25190734863281,82.53816986083984,67.27024841308594,11016471
2020-01-31,82.42366027832031,82.70037841796875,81.10687255859375,81.52671813964844,66.44587707519531,9621583
2020-02-03,82.09923553466797,84.17938995361328,82.09923553466797,83.3396987915039,67.92350006103516,9729318
2020-02-04,84.37976837158203,85.114501953125,84.02671813964844,84.31298065185547,68.71672821044922,15091305
2020-02-05,80.80152893066406,82.76717376708984,80.15267181396484,81.89885711669922,66.74918365478516,29290133
2020-02-06,82.08015441894531,82.28053283691406,81.35496520996094,81.75572204589844,66.63251495361328,16110170
2020-02-07,81.95610809326172,82.00381469726562,80.94465637207031,81.1832046508789,66.16590881347656,11419427
2020-02-10,81.1832046508789,82.04198455810547,81.04962158203125,81.73664093017578,66.61698913574219,10590983
2020-02-11,81.92748260498047,82.06106567382812,81.05915832519531,81.34542083740234,66.29811096191406,10252689
2020-02-12,81.14503479003906,81.32633972167969,79.1030502319336,79.43701934814453,64.74273681640625,19630926
2020-02-13,79.13167572021484,79.13167572021484,77.71946716308594,78.21565246582031,63.747310638427734,19388734
2020-02-14,78.46373748779297,79.00763702392578,77.92938995361328,78.864501953125,64.276123046875,8743464
2020-02-18,79.08396911621094,79.30343627929688,78.49236297607422,78.6832046508789,64.12835693359375,10017308
2020-02-19,79.27481079101562,79.30343627929688,77.83396911621094,78.24427795410156,63.77063751220703,11740220
2020-02-20,78.4542007446289,79.03626251220703,77.97709655761719,78.71183013916016,64.15168762207031,10941330
2020-02-21,78.42557525634766,78.84542083740234,77.96755981445312,78.5687026977539,64.0350570678711,9295970
2020-02-24,76.91793823242188,78.8072509765625,76.87976837158203,77.60496520996094,63.249576568603516,13734145
2020-02-25,77.7957992553711,78.18701934814453,76.1927490234375,76.59351348876953,62.42520523071289,13171683
2020-02-26,76.96565246582031,77.89122009277344,76.11640930175781,76.27862548828125,62.16858673095703,11940283
2020-02-27,77.01335906982422,78.00572204589844,74.42748260498047,74.50381469726562,60.72206497192383,15734253
2020-02-28,73.16793823242188,73.94084167480469,70.78244018554688,73.05343627929688,59.53999328613281,29246117
2020-03-02,73.59732818603516,77.81488800048828,73.54962158203125,77.64312744140625,63.28068542480469,18840525
2020-03-03,77.6717529296875,78.6259536743164,74.34160614013672,75.50572204589844,61.53865051269531,17394599
2020-03-04,77.76717376708984,79.26526641845703,76.22137451171875,79.16984558105469,64.52497863769531,20224199
2020-03-05,77.7957992553711,78.97901153564453,77.23282623291016,77.84351348876953,63.44398880004883,15017840
2020-03-06,76.3072509765625,78.83587646484375,75.79198455810547,78.43511199951172,63.926143646240234,14208574
2020-03-09,74.42748260498047,77.02290344238281,73.46373748779297,75.34351348876953,61.40645217895508,18942810
2020-03-10,76.79389190673828,78.41603088378906,73.95037841796875,78.26335906982422,63.78617477416992,17527486
2020-03-11,76.17366027832031,76.4885482788086,74.45610809326172,75.62023162841797,61.63198471069336,14274179
2020-03-12,70.99236297607422,74.48473358154297,69.90457916259766,71.04007720947266,57.89905548095703,22664782
2020-03-13,72.72901153564453,73.6927490234375,68.95037841796875,73.23473358154297,60.18083572387695,25857094
2020-03-16,67.52862548828125,72.60496520996094,64.0457992553711,66.71755981445312,54.8253288269043,20808354
2020-03-17,68.36832427978516,72.58587646484375,68.11068725585938,71.0687026977539,58.40089416503906,24745795
2020-03-18,68.17748260498047,71.2404556274414,65.67748260498047,68.34923553466797,56.16616439819336,18558508
2020-03-19,68.08206176757812,69.52290344238281,65.75381469726562,67.4904556274414,55.46046447753906,19268738
2020-03-20,66.364501953125,69.17938995361328,65.36259460449219,68.09160614013672,55.95445251464844,23075912
2020-03-23,67.05152893066406,68.33015441894531,62.261451721191406,63.35877990722656,52.06523513793945,18375003
2020-03-24,65.83015441894531,66.55534362792969,64.11259460449219,65.88740539550781,54.14314651489258,19901939
2020-03-25,65.27671813964844,67.15648651123047,63.6927490234375,65.09542083740234,53.492332458496094,18311494
2020-03-26,65.01908111572266,70.78244018554688,64.98091888427734,70.16221618652344,57.655982971191406,18052848
2020-03-27,68.5114517211914,70.0667953491211,67.98664093017578,68.44465637207031,56.24457931518555,12467218
2020-03-30,70.24809265136719,74.03626251220703,69.54198455810547,73.42557525634766,60.337669372558594,15803316
2020-03-31,72.75763702392578,74.0457992553711,72.06106567382812,73.41603088378906,60.32981872558594,15079672
2020-04-01,71.2404556274414,72.01335906982422,69.6469497680664,70.41984558105469,57.86770248413086,11665288
2020-04-02,72.5,73.58778381347656,70.63931274414062,73.34923553466797,60.27492141723633,12843345
2020-04-03,72.78626251220703,73.89312744140625,71.87023162841797,72.75763702392578,59.788787841796875,10039211
2020-04-06,74.74236297607422,77.1469497680664,74.33206176757812,76.63167572021484,62.972286224365234,14314108
2020-04-07,77.93893432617188,78.21565246582031,74.80915832519531,74.96183013916016,61.60008239746094,10657950
2020-04-08,75.55343627929688,79.19847106933594,74.75190734863281,77.88167572021484,63.999473571777344,11481888
2020-04-09,77.4522933959961,79.47518920898438,76.50763702392578,78.71183013916016,64.68164825439453,13876568
2020-04-13,78.07251739501953,78.6927490234375,76.17366027832031,76.85114288330078,63.15262222290039,7706678
2020-04-14,78.55915832519531,79.38931274414062,77.03244018554688,79.0457992553711,64.9560775756836,12155333
2020-04-15,77.5095443725586,79.1603012084961,76.87023162841797,78.31106567382812,64.3523178100586,10809072
2020-04-16,78.864501953125,79.51335906982422,78.49236297607422,79.19847106933594,65.08155059814453,9145058
2020-04-17,80.10496520996094,80.30534362792969,78.66412353515625,79.63740539550781,65.4422378540039,15433162
2020-04-20,79.02671813964844,80.27671813964844,77.06106567382812,79.29389190673828,65.15997314453125,11675768
2020-04-21,77.88167572021484,78.53053283691406,74.62786102294922,74.96183013916016,61.60008239746094,17876574
2020-04-22,75.57251739501953,76.95610809326172,75.21946716308594,76.3167953491211,62.713531494140625,11933890
2020-04-23,76.51717376708984,78.12976837158203,76.49809265136719,77.17557525634766,63.419246673583984,8152497
2020-04-24,77.86259460449219,78.3396987915039,77.30915832519531,77.70037841796875,63.850486755371094,7686451
2020-04-27,77.5095443725586,80.79198455810547,77.12786102294922,80.13359069824219,65.8499984741211,12786753
2020-04-28,77.46183013916016,78.46373748779297,76.49809265136719,77.46183013916016,63.654457092285156,20273560
2020-04-29,78.42557525634766,78.42557525634766,75.4103012084961,77.07061004638672,63.33300018310547,13687194
2020-04-30,76.16412353515625,76.71755981445312,75.51526641845703,75.70610809326172,62.21167755126953,11638878
2020-05-01,75.24809265136719,75.24809265136719,73.40648651123047,74.11259460449219,60.9022216796875,9518565
2020-05-04,74.44656372070312,74.45610809326172,72.72901153564453,73.3396987915039,60.26707458496094,8850255
2020-05-05,73.71183013916016,75.19084167480469,73.25381469726562,74.43701934814453,61.16883087158203,7401395
2020-05-06,74.7614517211914,75.03816986083984,73.54962158203125,73.58778381347656,60.470951080322266,12414922
2020-05-07,73.47328186035156,73.58778381347656,71.97518920898438,72.13740539550781,59.27909851074219,12602410
2020-05-08,72.99618530273438,73.43511199951172,72.4904556274414,72.90076446533203,59.90638732910156,8791672
2020-05-11,72.5477066040039,74.49427795410156,72.4427490234375,74.34160614013672,61.09040451049805,10622528
2020-05-12,74.57061004638672,75.09542083740234,73.58778381347656,73.65457916259766,60.525840759277344,9544660
2020-05-13,73.14885711669922,75.19084167480469,73.07251739501953,74.32251739501953,61.074710845947266,10935146
2020-05-14,73.7404556274414,76.45992279052734,73.72137451171875,76.38359069824219,62.76840591430664,11407585
2020-05-15,76.44084167480469,76.86068725585938,75.21946716308594,76.1259536743164,62.556697845458984,9367234
2020-05-18,77.29007720947266,77.29007720947266,75.60114288330078,76.0687026977539,62.50965118408203,12552630
2020-05-19,75.83015441894531,76.0782470703125,73.8072509765625,73.99809265136719,60.80813217163086,10591822
2020-05-20,74.45610809326172,74.65648651123047,73.16793823242188,73.36832427978516,60.29062271118164,11027685
2020-05-21,73.24427795410156,73.50190734863281,72.77671813964844,73.04389190673828,60.02399444580078,9000329
2020-05-22,72.6812973022461,73.14885711669922,72.58587646484375,72.87213897705078,59.88288116455078,6357482
2020-05-26,74.67557525634766,75.0,73.38740539550781,73.72137451171875,60.58073043823242,19146017
2020-05-27,73.47328186035156,74.08396911621094,72.51908111572266,73.99809265136719,60.80813217163086,12828987
2020-05-28,75.0,76.61259460449219,74.91412353515625,75.41984558105469,61.97645568847656,13180906
2020-05-29,75.82061004638672,77.23282623291016,74.72328186035156,77.02290344238281,63.293785095214844,13517104
2020-06-01,76.50763702392578,76.77481079101562,75.50572204589844,75.91603088378906,62.384193420410156,6269241
2020-06-02,75.8969497680664,77.15648651123047,75.21946716308594,77.13740539550781,63.38786697387695,11352984
2020-06-03,77.29007720947266,78.5782470703125,77.15648651123047,78.30152893066406,64.34449005126953,13675457
2020-06-04,77.5477066040039,78.3969497680664,77.13740539550781,77.81488800048828,63.944583892822266,9292930
2020-06-05,78.34923553466797,79.32251739501953,77.75763702392578,78.49236297607422,64.50129699707031,10413347
2020-06-08,77.4332046508789,79.38931274414062,77.4332046508789,79.1030502319336,65.00313568115234,9956838
2020-06-09,79.37976837158203,79.68511199951172,78.35877990722656,78.49236297607422,64.50129699707031,8846168
2020-06-10,78.66412353515625,78.9885482788086,77.28053283691406,78.02481079101562,64.11709594726562,9080920
2020-06-11,77.10877990722656,77.91984558105469,73.8072509765625,73.8072509765625,60.651309967041016,14303838
2020-06-12,74.32251739501953,74.36068725585938,72.01335906982422,72.80534362792969,60.30356216430664,17000656
2020-06-15,71.47901153564453,71.91793823242188,70.20037841796875,70.62976837158203,58.501548767089844,17684162
2020-06-16,71.92748260498047,73.864501953125,71.40267181396484,73.44465637207031,60.83307647705078,21437050
2020-06-17,73.8167953491211,73.90267181396484,72.16603088378906,72.7957992553711,60.295654296875,13983045
2020-06-18,72.16603088378906,72.78626251220703,71.90839385986328,72.72901153564453,60.240333557128906,7750903
2020-06-19,73.59732818603516,74.40839385986328,72.33778381347656,74.33206176757812,61.568115234375,17691393
2020-06-22,73.82633972167969,74.07442474365234,72.92938995361328,73.23473358154297,60.65920639038086,7474231
2020-06-23,73.95037841796875,75.01908111572266,73.36832427978516,73.58778381347656,60.95164108276367,11428650
2020-06-24,73.21565246582031,73.36832427978516,71.99427795410156,72.39503479003906,59.96370315551758,8084901
2020-06-25,72.18511199951172,73.43511199951172,71.86068725585938,73.06298065185547,60.51694869995117,7583328
2020-06-26,72.8530502319336,73.21565246582031,71.56488800048828,71.74618530273438,59.42628479003906,12328882
2020-06-29,72.42366027832031,73.00572204589844,72.06106567382812,72.63359069824219,60.16128921508789,7230990
2020-06-30,73.23473358154297,74.1030502319336,72.70992279052734,73.78816986083984,61.11760330200195,9940804
2020-07-01,73.88359069824219,75.32442474365234,73.58778381347656,74.54198455810547,61.74196243286133,9948769
2020-07-02,74.97137451171875,75.67748260498047,74.63740539550781,75.1717529296875,62.263614654541016,6827825
2020-07-06,75.61068725585938,76.35496520996094,75.28626251220703,75.93511199951172,62.89589309692383,8058282
2020-07-07,75.38167572021484,76.03053283691406,74.9904556274414,75.114501953125,62.216190338134766,6956414
2020-07-08,75.02862548828125,75.34351348876953,73.9312973022461,74.35114288330078,61.58391571044922,8211394
2020-07-09,74.37023162841797,74.7614517211914,72.5572509765625,73.17748260498047,60.61178970336914,7966058
2020-07-10,73.23473358154297,73.8072509765625,72.90076446533203,73.21565246582031,60.643402099609375,5161400
2020-07-13,73.47328186035156,74.98091888427734,73.21565246582031,73.8072509765625,61.133399963378906,8114245
2020-07-14,73.9885482788086,75.0095443725586,73.8167953491211,74.66603088378906,61.8447265625,8397100
2020-07-15,75.61068725585938,76.3072509765625,75.22901153564453,75.80152893066406,62.785240173339844,7709717
2020-07-16,76.1259536743164,76.15457916259766,75.14312744140625,75.76335906982422,62.75364303588867,5850774
2020-07-17,76.0687026977539,76.57442474365234,75.67748260498047,76.21183013916016,63.125083923339844,8191378
2020-07-20,76.21183013916016,76.52671813964844,75.44847106933594,75.77290344238281,62.76152801513672,5434194
2020-07-21,76.0687026977539,76.45037841796875,75.1812973022461,75.27671813964844,62.350547790527344,8967526
2020-07-22,75.68701934814453,76.10687255859375,74.44656372070312,75.1717529296875,62.263614654541016,12362103
2020-07-23,75.52481079101562,75.57251739501953,73.95992279052734,74.48473358154297,61.694557189941406,11558916
2020-07-24,74.28434753417969,74.41793823242188,72.86259460449219,73.5687026977539,60.935829162597656,9068763
2020-07-27,72.9103012084961,75.51526641845703,72.81488800048828,75.31488800048828,62.382171630859375,10958307
2020-07-28,75.56298065185547,76.53626251220703,75.3530502319336,76.04007720947266,62.98284149169922,8494564
2020-07-29,75.62023162841797,76.08778381347656,75.13359069824219,75.71565246582031,62.71409225463867,6398040
2020-07-30,75.1240463256836,75.64885711669922,74.07442474365234,75.37213897705078,62.42959213256836,7152600
2020-07-31,77.18511199951172,77.93893432617188,75.52481079101562,76.56488800048828,63.41753387451172,12291154
2020-08-03,78.38740539550781,79.96183013916016,78.11068725585938,78.7595443725586,65.23530578613281,10601463
2020-08-04,78.76908111572266,78.76908111572266,77.35687255859375,77.92938995361328,64.5477294921875,7218729
2020-08-05,78.31106567382812,78.6927490234375,77.4332046508789,77.90076446533203,64.52400207519531,6492465
2020-08-06,77.72901153564453,78.61640930175781,76.88931274414062,77.33778381347656,64.0577163696289,7256562
2020-08-07,77.0896987915039,77.30915832519531,76.364501953125,77.30915832519531,64.03399658203125,6977584
2020-08-10,77.29962158203125,77.4904556274414,76.62213897705078,77.2042007446289,63.947059631347656,5782445
2020-08-11,78.00572204589844,78.12023162841797,76.93701934814453,77.2042007446289,63.947059631347656,7636671
2020-08-12,77.64312744140625,79.11259460449219,77.614501953125,78.89312744140625,65.34595489501953,7295652
2020-08-13,78.36832427978516,79.79962158203125,78.25381469726562,79.71373748779297,66.0256576538086,7455262
2020-08-14,79.56106567382812,80.56298065185547,79.36068725585938,79.65648651123047,65.97825622558594,7390496
2020-08-17,80.41984558105469,81.27862548828125,80.16221618652344,80.87786102294922,66.98987579345703,8764319
2020-08-18,81.00190734863281,81.11640930175781,79.9332046508789,80.68701934814453,66.83181762695312,6551572
2020-08-19,80.68701934814453,81.78434753417969,80.68701934814453,81.135498046875,67.20327758789062,6896050
2020-08-20,80.91603088378906,81.40267181396484,80.52481079101562,81.135498046875,67.20327758789062,6380434
2020-08-21,81.2022933959961,81.27862548828125,80.26717376708984,81.08778381347656,67.16377258300781,6890495
2020-08-24,81.2977066040039,81.55534362792969,80.61068725585938,81.50763702392578,67.51152801513672,7582280
2020-08-25,81.97518920898438,82.33778381347656,81.2977066040039,81.75572204589844,67.71703338623047,10245982
2020-08-26,81.40267181396484,81.75572204589844,80.78244018554688,81.62213897705078,67.6063461303711,7844175
2020-08-27,81.53626251220703,82.21373748779297,81.1832046508789,81.88931274414062,67.82768249511719,6464902
2020-08-28,81.94656372070312,81.94656372070312,81.02098846435547,81.72709655761719,67.69330596923828,6134049
2020-08-31,81.67938995361328,81.99427795410156,81.2404556274414,81.364501953125,67.39298248291016,7929273
2020-09-01,81.44084167480469,81.87023162841797,80.07633972167969,80.56298065185547,66.72908020019531,6797433
2020-09-02,80.61068725585938,83.21565246582031,80.4103012084961,82.94847106933594,68.70497131347656,11571597
2020-09-03,83.67366027832031,83.77862548828125,81.04962158203125,81.57442474365234,67.56685638427734,12983672
2020-09-04,81.63167572021484,82.9103012084961,80.39122009277344,81.33587646484375,67.3692626953125,9359688
2020-09-08,82.00381469726562,82.00381469726562,79.19847106933594,79.51335906982422,65.85969543457031,9095592
2020-09-09,79.9332046508789,81.88931274414062,79.8282470703125,80.99236297607422,67.08473205566406,8862307
2020-09-10,80.84923553466797,80.99236297607422,79.46565246582031,79.74236297607422,66.04936981201172,6907578
2020-09-11,80.0,80.99236297607422,79.9427490234375,80.61068725585938,66.76858520507812,7171254
2020-09-14,80.34351348876953,81.2022933959961,79.89503479003906,80.30534362792969,66.99947357177734,8575994
2020-09-15,80.84923553466797,81.26908111572266,79.8187026977539,80.3530502319336,67.03926086425781,10826678
2020-09-16,80.62976837158203,82.15648651123047,80.62976837158203,81.65076446533203,68.12196350097656,10380230
2020-09-17,81.46946716308594,81.84160614013672,80.58206176757812,81.71755981445312,68.1777114868164,8090455
2020-09-18,81.65076446533203,82.34732818603516,81.04962158203125,81.87976837158203,68.31300354003906,12308446
2020-09-21,81.03053283691406,81.4312973022461,78.33015441894531,79.32251739501953,66.17948150634766,10445311
2020-09-22,79.29389190673828,79.74236297607422,78.43511199951172,79.14122009277344,66.02824401855469,8143170
2020-09-23,79.28434753417969,79.98091888427734,78.7977066040039,78.84542083740234,65.78142547607422,7085842
2020-09-24,78.3396987915039,79.65648651123047,78.10114288330078,79.34160614013672,66.19542694091797,7844280
2020-09-25,78.38740539550781,79.42748260498047,78.05343627929688,79.13167572021484,66.02025604248047,6932101
2020-09-28,79.38931274414062,79.86640930175781,78.77862548828125,78.96946716308594,65.88494110107422,6123674
2020-09-29,78.89312744140625,79.34160614013672,77.95801544189453,78.14885711669922,65.2002944946289,6742413
2020-09-30,78.49236297607422,79.50381469726562,78.26335906982422,79.15076446533203,66.03620147705078,11593605
2020-10-01,79.37023162841797,79.52290344238281,77.52862548828125,77.90076446533203,64.9932861328125,8410305
2020-10-02,77.09923553466797,77.99618530273438,76.76526641845703,77.09923553466797,64.3245849609375,5255406
2020-10-05,77.5095443725586,77.80534362792969,76.92748260498047,77.51908111572266,64.67486572265625,8807182
2020-10-06,77.41412353515625,77.42366027832031,75.87786102294922,75.98282623291016,63.393165588378906,10273230
2020-10-07,76.4217529296875,76.66984558105469,75.86832427978516,76.3740463256836,63.71955490112305,9845226
2020-10-08,76.70801544189453,78.08206176757812,76.4885482788086,76.79389190673828,64.06982421875,9217160
2020-10-09,77.17557525634766,77.36640930175781,76.38359069824219,76.67938995361328,63.97429656982422,5956098
2020-10-12,76.82251739501953,77.02290344238281,76.25,76.67938995361328,63.97429656982422,8276370
2020-10-13,76.62213897705078,77.22328186035156,76.3740463256836,77.01335906982422,64.25293731689453,9125774
2020-10-14,77.1469497680664,77.22328186035156,76.40267181396484,76.82251739501953,64.09371185302734,9166122
2020-10-15,76.14503479003906,76.27862548828125,75.1717529296875,75.43893432617188,62.93937683105469,9151974
2020-10-16,75.66793823242188,76.62213897705078,75.48664093017578,76.17366027832031,63.5523681640625,7903492
2020-10-19,76.45037841796875,76.80343627929688,74.74236297607422,75.0667953491211,62.62889862060547,8614455
2020-10-20,75.3530502319336,75.3530502319336,74.50381469726562,74.68511199951172,62.310447692871094,11144746
2020-10-21,74.67557525634766,75.2385482788086,74.45610809326172,74.49427795410156,62.151222229003906,9689808
2020-10-22,74.52290344238281,75.81106567382812,74.52290344238281,75.58206176757812,63.05878448486328,6075990
2020-10-23,75.62976837158203,76.92748260498047,75.62976837158203,76.17366027832031,63.5523681640625,7309381
2020-10-26,75.69656372070312,76.14503479003906,74.67557525634766,75.22901153564453,62.76423645019531,9122840
2020-10-27,75.31488800048828,76.55534362792969,74.41793823242188,74.41793823242188,62.087547302246094,12241374
2020-10-28,73.59732818603516,74.16984558105469,72.53816986083984,72.69084167480469,60.64662551879883,8989954
2020-10-29,72.6812973022461,73.08206176757812,71.25,72.41412353515625,60.415748596191406,9314310
2020-10-30,71.92748260498047,72.41412353515625,70.55343627929688,71.76526641845703,59.87441635131836,11096748
2020-11-02,72.94847106933594,73.3396987915039,72.17557525634766,73.19656372070312,61.068546295166016,8145475
2020-11-03,73.9217529296875,74.6469497680664,73.24427795410156,73.3969497680664,61.2357292175293,7693578
2020-11-04,76.27862548828125,79.09351348876953,75.8969497680664,76.92748260498047,64.18128967285156,14731422
2020-11-05,78.30152893066406,79.1030502319336,76.75572204589844,76.77481079101562,64.05391693115234,9277210
2020-11-06,75.81106567382812,77.42366027832031,75.81106567382812,76.67938995361328,63.97429656982422,6945515
2020-11-09,80.8969497680664,81.26908111572266,76.66984558105469,76.81298065185547,64.08576202392578,11184046
2020-11-10,78.03434753417969,78.27290344238281,77.29962158203125,77.39503479003906,64.5713882446289,8593914
2020-11-11,78.12023162841797,78.12023162841797,76.89885711669922,77.34732818603516,64.53157043457031,5741678
2020-11-12,76.86068725585938,77.29007720947266,75.4103012084961,76.2022933959961,63.576255798339844,7464799
2020-11-13,76.56488800048828,78.10114288330078,76.0687026977539,77.3759536743164,64.5554428100586,7694206
2020-11-16,77.5095443725586,78.13931274414062,76.04962158203125,76.50763702392578,63.83102035522461,9503474
2020-11-17,77.34732818603516,78.20610809326172,76.72709655761719,77.76717376708984,64.88185119628906,9509133
2020-11-18,77.70037841796875,78.21565246582031,76.55534362792969,76.57442474365234,63.886741638183594,8678174
2020-11-19,77.07061004638672,77.07061004638672,75.69656372070312,76.70801544189453,63.99818420410156,7037110
2020-11-20,76.78434753417969,77.10877990722656,76.0782470703125,76.76526641845703,64.04595184326172,8415440
2020-11-23,76.91793823242188,77.4427490234375,75.74427795410156,76.6030502319336,63.910606384277344,9498548
2020-11-24,76.35496520996094,77.18511199951172,76.02098846435547,76.46946716308594,63.799163818359375,12790840
2020-11-25,76.46946716308594,76.77481079101562,75.9542007446289,76.39312744140625,63.7354736328125,6023590
2020-11-27,76.62213897705078,76.98473358154297,75.91603088378906,76.2022933959961,63.576255798339844,5644528
2020-11-30,76.33587646484375,76.85114288330078,75.77290344238281,76.70801544189453,63.99818420410156,14501910
2020-12-01,77.24236297607422,78.6832046508789,77.11832427978516,77.81488800048828,64.92163848876953,10166543
2020-12-02,78.18701934814453,78.95037841796875,77.5667953491211,78.08206176757812,65.14456176757812,7165805
2020-12-03,78.18701934814453,78.21565246582031,77.11832427978516,77.71946716308594,64.84205627441406,7085109
2020-12-04,77.42366027832031,78.20610809326172,77.39503479003906,78.18701934814453,65.23213958740234,8651554
2020-12-07,78.30152893066406,79.6469497680664,78.29198455810547,78.73091888427734,65.6859130859375,8829190
2020-12-08,78.52098846435547,79.90457916259766,78.49236297607422,79.37023162841797,66.21930694580078,8664969
2020-12-09,79.98091888427734,80.03816986083984,78.7595443725586,79.6469497680664,66.45015716552734,7168320
2020-12-10,79.8282470703125,80.09542083740234,78.9312973022461,79.18893432617188,66.06803894042969,7349205
2020-12-11,79.05534362792969,79.59923553466797,78.7404556274414,79.1603012084961,66.04415893554688,7979158
2020-12-14,78.84542083740234,79.27481079101562,76.3740463256836,76.64122009277344,64.44741821289062,13139300
2020-12-15,76.81298065185547,77.3282470703125,76.33587646484375,76.79389190673828,64.57579040527344,10087838
2020-12-16,76.6030502319336,77.05152893066406,76.00190734863281,76.17366027832031,64.05422973632812,9487649
2020-12-17,76.70801544189453,76.87023162841797,76.03053283691406,76.16412353515625,64.04621124267578,11710038
2020-12-18,76.05915832519531,76.50763702392578,74.85687255859375,75.88740539550781,63.813514709472656,33161759
2020-12-21,75.19084167480469,75.69656372070312,74.17938995361328,75.65839385986328,63.620948791503906,11140764
2020-12-22,75.37213897705078,76.32633972167969,74.65648651123047,75.78244018554688,63.72525405883789,9052414
2020-12-23,75.94465637207031,76.74618530273438,75.92557525634766,76.10687255859375,63.99808120727539,6056078
2020-12-24,76.33587646484375,76.74618530273438,76.21183013916016,76.46946716308594,64.302978515625,2957456
2020-12-28,76.95610809326172,77.42366027832031,76.45992279052734,76.76526641845703,64.55170440673828,4804242
2020-12-29,77.09923553466797,77.8530502319336,77.06106567382812,77.69084167480469,65.33001708984375,5708037
2020-12-30,77.91984558105469,77.98664093017578,76.85114288330078,76.89885711669922,64.66404724121094,5933357
2020-12-31,76.94656372070312,78.18701934814453,76.69847106933594,78.05343627929688,65.63493347167969,5511118
2021-01-04,78.24427795410156,78.33015441894531,76.22137451171875,77.25190734863281,64.9609375,10502637
2021-01-05,76.97518920898438,77.6717529296875,76.25,77.385498046875,65.07325744628906,10956526
2021-01-06,76.88931274414062,78.95037841796875,76.63167572021484,78.60687255859375,66.10031127929688,10521396
2021-01-07,78.76908111572266,80.50572204589844,78.31106567382812,80.1717529296875,67.41622924804688,10447931
2021-01-08,80.50572204589844,80.50572204589844,78.76908111572266,79.22709655761719,66.62185668945312,9563105
2021-01-11,79.67557525634766,81.67938995361328,79.43701934814453,81.10687255859375,68.20256805419922,13488179
2021-01-12,81.22137451171875,81.2404556274414,78.76908111572266,79.28434753417969,66.6700210571289,10128606
2021-01-13,79.55152893066406,79.55152893066406,78.4542007446289,78.5687026977539,66.06822967529297,10093812
2021-01-14,78.64503479003906,79.00763702392578,78.12976837158203,78.40648651123047,65.93182373046875,11366398
2021-01-15,78.09160614013672,79.67557525634766,77.82442474365234,79.56106567382812,66.9026870727539,10203538
2021-01-19,79.74236297607422,80.0572509765625,78.8740463256836,79.37976837158203,66.75023651123047,8467316
2021-01-20,79.43701934814453,79.72328186035156,78.50190734863281,78.6832046508789,66.16449737548828,11097901
2021-01-21,78.06298065185547,78.53053283691406,77.25190734863281,77.46183013916016,65.13745880126953,9043716
2021-01-22,77.18511199951172,77.70037841796875,77.06106567382812,77.27098846435547,64.97696685791016,9436926
2021-01-25,77.01335906982422,77.47137451171875,76.39312744140625,77.4332046508789,65.11339569091797,9957677
2021-01-26,77.4332046508789,77.4332046508789,76.45992279052734,76.57442474365234,64.39124298095703,7748283
2021-01-27,76.2022933959961,76.40267181396484,73.32061004638672,73.54007720947266,61.83965301513672,16230376
2021-01-28,73.54962158203125,74.91412353515625,73.54007720947266,74.35114288330078,62.52170181274414,12972039
2021-01-29,74.41793823242188,74.78053283691406,72.89122009277344,73.54007720947266,61.83965301513672,10671470
2021-02-01,74.41793823242188,74.74236297607422,73.7977066040039,73.8167953491211,62.07236862182617,8224599
2021-02-02,74.22709655761719,75.30534362792969,74.14122009277344,74.20801544189453,62.40134048461914,9866710
2021-02-03,74.08396911621094,74.57061004638672,73.61640930175781,73.77862548828125,62.04026412963867,10034810
2021-02-04,73.44465637207031,73.48282623291016,72.08015441894531,72.5477066040039,61.00519943237305,18867563
2021-02-05,72.92938995361328,73.4542007446289,71.95610809326172,72.3282470703125,60.82062911987305,13901825
2021-02-08,72.3759536743164,72.70037841796875,71.2404556274414,71.6030502319336,60.2108268737793,16718534
2021-02-09,71.6603012084961,71.72709655761719,70.9542007446289,71.6030502319336,60.2108268737793,13484616
2021-02-10,71.87023162841797,71.92748260498047,71.1259536743164,71.45992279052734,60.090450286865234,11721566
2021-02-11,71.38359069824219,71.6603012084961,70.83015441894531,71.3167953491211,59.9700927734375,8780982
2021-02-12,71.2977066040039,71.66984558105469,71.1259536743164,71.56488800048828,60.17873001098633,6738116
2021-02-16,71.91793823242188,71.97518920898438,70.65839385986328,70.84923553466797,59.57695007324219,9734453
2021-02-17,71.04962158203125,72.57633972167969,70.96373748779297,72.08015441894531,60.612022399902344,13876463
2021-02-18,71.82251739501953,72.40457916259766,71.6030502319336,71.95610809326172,60.507713317871094,10004627
2021-02-19,71.98473358154297,72.05152893066406,70.85877990722656,70.90648651123047,59.62508773803711,12388198
2021-02-22,71.08778381347656,71.62213897705078,70.3530502319336,71.49809265136719,60.122562408447266,8612464
2021-02-23,71.84160614013672,72.48091888427734,71.04962158203125,71.1259536743164,59.809635162353516,10900458
2021-02-24,71.3740463256836,71.82251739501953,70.98282623291016,71.15457916259766,59.83369827270508,9838834
2021-02-25,70.81106567382812,71.56488800048828,70.68701934814453,71.2022933959961,59.87381362915039,10906955
2021-02-26,71.03053283691406,71.28816986083984,69.21755981445312,69.29389190673828,58.269046783447266,17644862
2021-03-01,69.85687255859375,70.02862548828125,68.8740463256836,69.06488800048828,58.07648849487305,12594864
2021-03-02,69.50381469726562,70.1240463256836,69.08396911621094,69.51335906982422,58.4536018371582,16047290
2021-03-03,69.48473358154297,70.3530502319336,69.1030502319336,69.9427490234375,58.81466293334961,13939972
2021-03-04,69.8282470703125,69.96183013916016,68.43511199951172,68.864501953125,57.907989501953125,15975188
2021-03-05,69.18893432617188,70.0477066040039,68.71183013916016,69.78053283691406,58.67826843261719,12241164
2021-03-08,70.96373748779297,72.09923553466797,70.03816986083984,70.77290344238281,59.512760162353516,15391347
2021-03-09,71.14503479003906,72.00381469726562,70.73473358154297,70.74427795410156,59.48868942260742,14189920
2021-03-10,71.33587646484375,71.78434753417969,70.70610809326172,71.33587646484375,59.98615264892578,12827310
2021-03-11,71.45992279052734,71.90839385986328,71.17366027832031,71.21183013916016,59.88185501098633,13205324
2021-03-12,70.63931274414062,71.45992279052734,70.60114288330078,71.1832046508789,60.38368225097656,11493940
2021-03-15,72.04198455810547,73.05343627929688,71.64122009277344,72.7385482788086,61.70305633544922,17999295
2021-03-16,72.66221618652344,73.635498046875,72.65267181396484,73.29198455810547,62.17253112792969,15697887
2021-03-17,73.21565246582031,73.95037841796875,72.4904556274414,73.7595443725586,62.569156646728516,17533878
2021-03-18,73.72137451171875,74.60877990722656,73.67366027832031,73.73091888427734,62.54488754272461,14274179
2021-03-19,73.71183013916016,74.66603088378906,72.53816986083984,73.95992279052734,62.73914337158203,58225203
2021-03-22,72.3282470703125,74.42748260498047,72.08015441894531,73.95992279052734,62.73914337158203,11352879
2021-03-23,73.55915832519531,73.77862548828125,72.5477066040039,72.77671813964844,61.735443115234375,11651245
2021-03-24,72.58587646484375,73.16793823242188,72.4332046508789,72.74809265136719,61.711177825927734,9135416
2021-03-25,72.91984558105469,73.10114288330078,71.86068725585938,72.58587646484375,61.573570251464844,10700918
2021-03-26,72.66221618652344,73.9217529296875,72.3759536743164,73.84542083740234,62.64201354980469,10389767
2021-03-29,73.77862548828125,74.9522933959961,73.635498046875,74.71373748779297,63.378578186035156,11448562
2021-03-30,74.42748260498047,74.50381469726562,73.27290344238281,73.43511199951172,62.293941497802734,10123366
2021-03-31,73.5687026977539,74.13167572021484,73.12976837158203,73.55915832519531,62.399169921875,13598219
2021-04-01,73.6259536743164,73.91221618652344,73.30152893066406,73.55915832519531,62.399169921875,9121373
2021-04-05,73.96946716308594,74.34160614013672,73.26335906982422,73.47328186035156,62.32632827758789,9828144
2021-04-06,73.38740539550781,73.41603088378906,72.17557525634766,72.3187026977539,61.3469123840332,13394698
2021-04-07,72.59542083740234,72.90076446533203,72.25190734863281,72.63359069824219,61.61404037475586,8970566
2021-04-08,72.59542083740234,72.90076446533203,71.83206176757812,72.03244018554688,61.104068756103516,12007984
2021-04-09,72.05152893066406,72.88167572021484,71.97518920898438,72.81488800048828,61.767822265625,8177439
2021-04-12,72.87213897705078,73.09160614013672,72.5,72.72901153564453,61.694984436035156,9970672
2021-04-13,72.4904556274414,73.24427795410156,72.39503479003906,72.92938995361328,61.86495590209961,8627346
2021-04-14,72.80534362792969,73.27290344238281,72.53816986083984,72.90076446533203,61.840675354003906,8415545
2021-04-15,72.5667953491211,73.78816986083984,72.5667953491211,73.14885711669922,62.051124572753906,14541734
2021-04-16,73.71183013916016,74.18893432617188,73.30152893066406,73.9217529296875,62.706756591796875,12512806
2021-04-19,74.14122009277344,74.22709655761719,73.44465637207031,74.1030502319336,62.860557556152344,8536903
2021-04-20,74.12213897705078,75.51526641845703,74.12213897705078,74.97137451171875,63.59715270996094,11009345
2021-04-21,75.31488800048828,75.84923553466797,75.0667953491211,75.60114288330078,64.1313705444336,11817248
2021-04-22,75.38167572021484,75.43893432617188,74.00763702392578,74.38931274414062,63.10340118408203,13330560
2021-04-23,74.29389190673828,74.61832427978516,73.91221618652344,74.31298065185547,63.038639068603516,8598840
2021-04-26,74.29389190673828,74.34160614013672,73.7595443725586,73.97901153564453,62.755332946777344,7834219
2021-04-27,73.8740463256836,74.37023162841797,73.6832046508789,73.8167953491211,62.61774826049805,9095802
2021-04-28,74.05534362792969,74.45610809326172,73.3396987915039,73.55915832519531,62.399169921875,11628398
2021-04-29,72.04198455810547,72.27098846435547,69.51335906982422,70.30534362792969,59.639015197753906,30602753
2021-04-30,70.20992279052734,71.64122009277344,70.114501953125,71.08778381347656,60.30274963378906,18052114
2021-05-03,70.85877990722656,72.53816986083984,70.82061004638672,72.5,61.500701904296875,12543302
2021-05-04,72.59542083740234,72.96755981445312,72.07061004638672,72.5095443725586,61.5088005065918,10418587
2021-05-05,72.614501953125,74.16984558105469,72.27098846435547,74.14122009277344,62.892921447753906,16795143
2021-05-06,73.89312744140625,74.29389190673828,73.17748260498047,74.21755981445312,62.957698822021484,12871641
2021-05-07,74.43701934814453,75.0572509765625,74.32251739501953,74.8187026977539,63.46763229370117,12237496
2021-05-10,75.20992279052734,75.55343627929688,74.58015441894531,74.5896987915039,63.27338790893555,10939758
2021-05-11,74.26526641845703,75.0572509765625,73.61640930175781,73.91221618652344,62.69868850708008,12148102
2021-05-12,74.15076446533203,74.9332046508789,73.7595443725586,74.42748260498047,63.13576889038086,13379711
2021-05-13,74.32251739501953,75.37213897705078,74.08396911621094,75.08587646484375,63.69427490234375,10830451
2021-05-14,75.43893432617188,75.52481079101562,74.63740539550781,74.7042007446289,63.37049102783203,8273122
2021-05-17,75.0667953491211,76.49809265136719,74.9904556274414,76.21183013916016,64.6494140625,12532508
2021-05-18,75.70610809326172,76.14503479003906,75.27671813964844,75.74427795410156,64.25279235839844,7943106
2021-05-19,75.31488800048828,75.76335906982422,74.37976837158203,75.72518920898438,64.23657989501953,9132796
2021-05-20,75.31488800048828,76.32633972167969,75.28626251220703,76.0114517211914,64.47942352294922,7345222
2021-05-21,76.26908111572266,76.6603012084961,75.45801544189453,75.55343627929688,64.09088897705078,10863987
2021-05-24,75.88740539550781,76.00190734863281,75.34351348876953,75.4103012084961,63.9694938659668,8737910
2021-05-25,75.38167572021484,75.62023162841797,73.91221618652344,73.95037841796875,62.73106002807617,14331714
2021-05-26,73.99809265136719,74.20801544189453,73.44465637207031,73.6927490234375,62.51250076293945,9686454
2021-05-27,73.95037841796875,74.0457992553711,72.40457916259766,72.4427490234375,61.452144622802734,17675149
2021-05-28,72.53816986083984,72.90076446533203,72.3282470703125,72.41412353515625,61.427860260009766,13969735
2021-06-01,72.57633972167969,72.65267181396484,71.59351348876953,71.73664093017578,60.85317611694336,15798914
2021-06-02,71.86068725585938,72.60496520996094,71.82251739501953,72.39503479003906,61.411678314208984,11830453
2021-06-03,73.22000122070312,74.0,72.9000015258789,73.91000366210938,62.696807861328125,15974400
2021-06-04,74.19999694824219,74.4800033569336,73.9000015258789,74.11000061035156,62.86644744873047,12728500
2021-06-07,74.13999938964844,74.19999694824219,72.77999877929688,72.80000305175781,61.755191802978516,16794400
2021-06-08,72.94999694824219,73.16999816894531,72.08000183105469,72.4000015258789,61.41588592529297,13657700
2021-06-09,73.0,74.30000305175781,72.94999694824219,74.04000091552734,62.80707550048828,12258700
2021-06-10,75.2300033569336,76.47000122070312,74.73999786376953,76.13999938964844,64.58846282958984,17236700
2021-06-11,76.70999908447266,76.86000061035156,75.61000061035156,76.2699966430664,64.69876098632812,13928400
2021-06-14,75.73999786376953,75.80000305175781,74.87999725341797,75.44999694824219,64.55329132080078,7841400
2021-06-15,75.5,75.7699966430664,74.72000122070312,75.69999694824219,64.7671890258789,14185700
2021-06-16,76.22000122070312,77.55000305175781,76.19000244140625,76.61000061035156,65.5457763671875,17576900
2021-06-17,76.33999633789062,77.47000122070312,75.98999786376953,77.2300033569336,66.07623291015625,14233200
2021-06-18,76.73999786376953,77.22000122070312,76.16000366210938,76.61000061035156,65.5457763671875,19351900
2021-06-21,76.88999938964844,77.29000091552734,76.55000305175781,76.75,65.66555786132812,10880800
2021-06-22,76.58999633789062,76.73999786376953,76.01000213623047,76.19000244140625,65.1864242553711,10957500
2021-06-23,75.8499984741211,76.26000213623047,75.55000305175781,75.58000183105469,64.6645278930664,9539100
2021-06-24,75.7300033569336,76.63999938964844,75.7300033569336,76.36000061035156,65.33186340332031,8601900
2021-06-25,76.05999755859375,77.97000122070312,76.05000305175781,77.19999694824219,66.0505599975586,50285200
2021-06-28,77.25,77.73999786376953,76.79000091552734,76.86000061035156,65.7596664428711,8796200
2021-06-29,77.0,77.33000183105469,76.81999969482422,77.20999908447266,66.05911254882812,7696600
2021-06-30,77.4000015258789,78.08999633789062,77.2300033569336,77.7699966430664,66.5382308959961,13811900
2021-07-01,77.6500015258789,78.1500015258789,77.51000213623047,77.98999786376953,66.72648620605469,9212000
2021-07-02,78.04000091552734,78.7699966430664,77.76000213623047,78.5999984741211,67.2483901977539,7668000
2021-07-06,78.13999938964844,78.3499984741211,77.55999755859375,78.11000061035156,66.82914733886719,6720500
2021-07-07,78.41000366210938,78.61000061035156,78.12999725341797,78.55999755859375,67.21412658691406,8275100
2021-07-08,77.7699966430664,78.30000305175781,77.30999755859375,78.12000274658203,66.83769989013672,8400400
2021-07-09,78.41999816894531,78.69000244140625,77.94000244140625,77.98999786376953,66.72648620605469,6006500
2021-07-12,77.55000305175781,78.43000030517578,77.38999938964844,77.55000305175781,66.35002136230469,11087900
2021-07-13,77.4000015258789,77.7699966430664,77.23999786376953,77.61000061035156,66.40135192871094,6465800
2021-07-14,77.5999984741211,77.72000122070312,76.87999725341797,77.62000274658203,66.40990447998047,7163200
2021-07-15,77.62000274658203,78.04000091552734,77.20999908447266,77.9000015258789,66.64946746826172,7041300
2021-07-16,78.01000213623047,78.37999725341797,77.62999725341797,78.0199966430664,66.75214385986328,7638200
2021-07-19,77.80999755859375,78.33999633789062,76.1500015258789,77.05000305175781,65.92222595214844,9830600
2021-07-20,77.19000244140625,78.12999725341797,75.94999694824219,76.16999816894531,65.16929626464844,11627600
2021-07-21,76.31999969482422,76.45999908447266,75.63999938964844,76.38999938964844,65.35755157470703,7429300
2021-07-22,76.5999984741211,76.79000091552734,76.08000183105469,76.52999877929688,65.47733306884766,8708900
2021-07-23,76.80000305175781,77.68000030517578,76.7300033569336,77.54000091552734,66.34146881103516,6560800
2021-07-26,77.45999908447266,77.61000061035156,76.95999908447266,77.23999786376953,66.08478546142578,5071800
2021-07-27,77.16999816894531,78.12999725341797,76.73999786376953,77.8499984741211,66.60667419433594,8136000
2021-07-28,77.86000061035156,78.66999816894531,77.47000122070312,78.33000183105469,67.01734924316406,11037900
2021-07-29,77.55000305175781,77.91999816894531,76.80999755859375,76.93000030517578,65.8195571899414,11583000
2021-07-30,77.12000274658203,77.76000213623047,76.7699966430664,76.87000274658203,65.76822662353516,13004500
2021-08-02,76.93000030517578,77.26000213623047,76.13999938964844,76.18000030517578,65.1778793334961,9083400
2021-08-03,76.36000061035156,76.80999755859375,76.19000244140625,76.41000366210938,65.3746566772461,9952400
2021-08-04,76.48999786376953,76.48999786376953,75.45999908447266,75.4800033569336,64.57896423339844,10893400
2021-08-05,75.5199966430664,75.69000244140625,74.93000030517578,75.58999633789062,64.67308044433594,8701600
2021-08-06,75.62000274658203,75.66000366210938,74.98999786376953,75.44000244140625,64.54474639892578,8670700
2021-08-09,75.8499984741211,76.22000122070312,75.0,75.31999969482422,64.44205474853516,7867000
2021-08-10,75.1500015258789,75.36000061035156,74.81999969482422,75.19000244140625,64.33085632324219,11243100
2021-08-11,75.58000183105469,75.7699966430664,75.13999938964844,75.20999908447266,64.34796905517578,6952200
2021-08-12,75.12000274658203,76.05999755859375,75.05999755859375,76.04000091552734,65.05809783935547,6077100
2021-08-13,76.36000061035156,76.7699966430664,76.22000122070312,76.72000122070312,65.6398696899414,6810400
2021-08-16,76.7300033569336,78.01000213623047,76.63999938964844,77.93000030517578,66.67513275146484,9368400
2021-08-17,77.9000015258789,79.05999755859375,77.83000183105469,78.83000183105469,67.44515991210938,10311600
2021-08-18,78.87999725341797,79.06999969482422,77.75,77.79000091552734,66.55533599853516,7459100
2021-08-19,77.70999908447266,79.13999938964844,77.70999908447266,78.45999908447266,67.12859344482422,8865400
2021-08-20,78.52999877929688,79.19999694824219,78.22000122070312,78.68000030517578,67.31680297851562,6284200
2021-08-23,79.11000061035156,79.2300033569336,78.33999633789062,78.37999725341797,67.06014251708984,6492600
2021-08-24,78.2699966430664,78.2699966430664,77.54000091552734,77.72000122070312,66.4954605102539,8698100
2021-08-25,77.80999755859375,77.80999755859375,76.4000015258789,77.06999969482422,65.93932342529297,7045800
2021-08-26,77.11000061035156,77.31999969482422,76.51000213623047,76.56999969482422,65.51153564453125,6640400
2021-08-27,76.80999755859375,76.97000122070312,76.16999816894531,76.30000305175781,65.28054809570312,6010000
2021-08-30,76.30000305175781,76.83999633789062,76.20999908447266,76.5,65.45166778564453,7339700
2021-08-31,76.79000091552734,77.0999984741211,76.02999877929688,76.29000091552734,65.27198791503906,10949500
2021-09-01,76.22000122070312,76.80000305175781,75.83000183105469,76.18000030517578,65.1778793334961,9187200
2021-09-02,76.4800033569336,77.13999938964844,76.16999816894531,77.12000274658203,65.98210144042969,6559400
2021-09-03,77.26000213623047,77.37999725341797,76.69000244140625,77.26000213623047,66.10191345214844,6629800
2021-09-07,76.58999633789062,76.87000274658203,75.16999816894531,75.9800033569336,65.00675201416016,13979500
2021-09-08,75.97000122070312,75.97000122070312,74.80000305175781,75.36000061035156,64.47628784179688,8243000
2021-09-09,75.19000244140625,75.19000244140625,73.5999984741211,73.81999969482422,63.15871047973633,14628700
2021-09-10,73.9800033569336,74.20999908447266,73.12000274658203,73.44999694824219,62.842140197753906,11084500
2021-09-13,73.7699966430664,73.83000183105469,72.86000061035156,73.18000030517578,62.61112976074219,11245200
2021-09-14,73.05000305175781,73.13999938964844,72.05999755859375,72.11000061035156,62.24857711791992,15202800
2021-09-15,72.08000183105469,73.1500015258789,71.87999725341797,72.80999755859375,62.85284423828125,12555900
2021-09-16,73.0199966430664,73.0199966430664,71.69000244140625,71.97000122070312,62.127723693847656,14818900
2021-09-17,71.19000244140625,72.0,70.88999938964844,71.68000030517578,61.87739181518555,43406600
2021-09-20,71.16000366210938,72.61000061035156,71.12000274658203,71.93000030517578,62.09319305419922,15989400
2021-09-21,72.4800033569336,72.68000030517578,71.7699966430664,71.97000122070312,62.127723693847656,11995900
2021-09-22,72.33000183105469,72.41000366210938,71.86000061035156,72.04000091552734,62.18815994262695,9028700
2021-09-23,72.68000030517578,74.04000091552734,72.56999969482422,73.05000305175781,63.06003189086914,12813500
2021-09-24,73.58999633789062,74.62999725341797,73.3499984741211,73.61000061035156,63.543453216552734,14714700
2021-09-27,73.51000213623047,74.2699966430664,73.33999633789062,73.36000061035156,63.3276252746582,8630600
2021-09-28,73.55000305175781,73.81999969482422,72.66000366210938,73.31999969482422,63.29309844970703,11836200
2021-09-29,73.61000061035156,75.69999694824219,73.58000183105469,75.08999633789062,64.821044921875,16054500
2021-09-30,75.58000183105469,76.6500015258789,75.0999984741211,75.11000061035156,64.83830261230469,16248600
2021-10-01,81.55999755859375,84.33999633789062,80.62999725341797,81.4000015258789,70.26811981201172,102497300
2021-10-04,84.16999816894531,84.55999755859375,82.41999816894531,83.0999984741211,71.73564147949219,53553300
2021-10-05,82.77999877929688,83.38999938964844,81.30000305175781,81.5999984741211,70.44078063964844,28977800
2021-10-06,81.5,81.68000030517578,80.1500015258789,80.66000366210938,69.62932586669922,17608000
2021-10-07,81.54000091552734,82.66999816894531,81.02999877929688,81.94000244140625,70.73426818847656,14190500
2021-10-08,81.66999816894531,81.80000305175781,80.52999877929688,80.62999725341797,69.6034164428711,12121100
2021-10-11,81.63999938964844,81.63999938964844,79.87000274658203,79.93000030517578,68.99915313720703,11279700
2021-10-12,80.18000030517578,80.18000030517578,79.25,79.58999633789062,68.70565032958984,10945000
2021-10-13,79.58999633789062,79.66000366210938,78.77999877929688,78.94999694824219,68.1531753540039,9462600
2021-10-14,78.97000122070312,79.66999816894531,77.9800033569336,78.33000183105469,67.61796569824219,14607900
2021-10-15,78.19999694824219,79.05999755859375,77.9800033569336,78.33000183105469,67.61796569824219,12866800
2021-10-18,78.73999786376953,78.73999786376953,77.11000061035156,77.1500015258789,66.59931945800781,13075500
2021-10-19,78.7300033569336,79.5199966430664,78.11000061035156,79.48999786376953,68.61933898925781,15577100
2021-10-20,79.31999969482422,81.25,79.30999755859375,81.06999969482422,69.9832534790039,11465500
2021-10-21,81.11000061035156,81.26000213623047,80.27999877929688,81.16999816894531,70.06957244873047,9893600
2021-10-22,81.1500015258789,81.4800033569336,80.87999725341797,81.1500015258789,70.05230712890625,7543600
2021-10-25,81.02999877929688,81.72000122070312,79.94999694824219,81.66000366210938,70.4925765991211,9365900
2021-10-26,81.9000015258789,82.36000061035156,81.70999908447266,82.25,71.00188446044922,9352500
2021-10-27,82.4800033569336,82.4800033569336,81.30000305175781,81.54000091552734,70.38897705078125,8465400
2021-10-28,83.37999725341797,86.86000061035156,83.16999816894531,86.55000305175781,74.71382904052734,28854700
2021-10-29,86.48999786376953,88.45999908447266,86.16999816894531,88.05000305175781,76.00870513916016,18678600
2021-11-01,88.05000305175781,88.62999725341797,87.29000091552734,87.83999633789062,75.82740783691406,10943900
2021-11-02,88.2300033569336,90.41999816894531,87.4800033569336,89.0199966430664,76.8460464477539,14671400
2021-11-03,88.7699966430664,89.41999816894531,88.20999908447266,88.68000030517578,76.55255126953125,10883900
2021-11-04,90.37000274658203,91.4000015258789,89.2699966430664,90.54000091552734,78.1581802368164,19519800
2021-11-05,82.29000091552734,84.0,81.3499984741211,81.61000061035156,70.44940185546875,37623900
2021-11-08,80.41000366210938,82.87999725341797,79.87999725341797,82.68000030517578,71.37307739257812,18655700
2021-11-09,83.62000274658203,83.70999908447266,81.91000366210938,82.72000122070312,71.40760040283203,10512000
2021-11-10,83.30999755859375,84.0199966430664,82.69999694824219,84.01000213623047,72.52119445800781,9855900
2021-11-11,83.91999816894531,84.26000213623047,83.52999877929688,84.0199966430664,72.5298080444336,5761500
2021-11-12,83.83999633789062,84.19999694824219,83.05000305175781,84.0,72.5125503540039,8206700
2021-11-15,84.1500015258789,84.18000030517578,83.4000015258789,83.69000244140625,72.24494934082031,7108200
2021-11-16,83.66999816894531,84.69000244140625,83.25,84.11000061035156,72.6075210571289,10565200
2021-11-17,84.37000274658203,84.66999816894531,82.58999633789062,82.5999984741211,71.30401611328125,10286300
2021-11-18,82.30000305175781,83.13999938964844,82.0199966430664,83.05000305175781,71.69247436523438,9833600
2021-11-19,82.37000274658203,82.75,80.62000274658203,80.69999694824219,69.66386413574219,17581100
2021-11-22,81.0,82.06999969482422,80.54000091552734,81.63999938964844,70.47531127929688,10880200
2021-11-23,81.48999786376953,83.58999633789062,81.33999633789062,82.80000305175781,71.47666931152344,12130800
2021-11-24,82.80000305175781,82.9000015258789,81.95999908447266,82.27999877929688,71.02777862548828,8537000
2021-11-26,78.7300033569336,79.93000030517578,77.11000061035156,79.16000366210938,68.33445739746094,18022000
2021-11-29,76.41999816894531,77.5,74.0,74.88999938964844,64.64839172363281,34192400
2021-11-30,74.75,75.02999877929688,73.83999633789062,74.91000366210938,64.6656723022461,30179900
2021-12-01,75.52999877929688,76.91000366210938,74.38999938964844,74.44000244140625,64.25995635986328,21435900
2021-12-02,74.37999725341797,74.77999877929688,73.30000305175781,73.88999938964844,63.7851448059082,15345300
2021-12-03,74.08999633789062,74.25,72.66000366210938,73.33999633789062,63.31035614013672,14508900
2021-12-06,73.30000305175781,73.8499984741211,72.80000305175781,73.41999816894531,63.37944030761719,13506800
2021-12-07,72.02999877929688,72.72000122070312,71.5,72.27999877929688,62.39533615112305,17635100
2021-12-08,72.54000091552734,73.41000366210938,72.08000183105469,73.20999908447266,63.19813919067383,14331400
2021-12-09,73.44000244140625,73.55999755859375,72.69000244140625,72.86000061035156,62.89601135253906,11938000
2021-12-10,73.12000274658203,73.2300033569336,72.25,72.62000274658203,62.688846588134766,11398800
2021-12-13,72.37000274658203,73.44999694824219,71.97000122070312,73.41999816894531,63.37944030761719,17486100
2021-12-14,72.36000061035156,74.04000091552734,72.16000366210938,73.72000122070312,64.24214172363281,18949700
2021-12-15,73.70999908447266,75.38999938964844,73.70999908447266,75.29000091552734,65.61029052734375,14263400
2021-12-16,75.5,76.52999877929688,75.2699966430664,75.91000366210938,66.15059661865234,16601700
2021-12-17,76.55999755859375,77.73999786376953,75.5,75.69000244140625,65.95886993408203,28040600
2021-12-20,75.69999694824219,76.5,74.94999694824219,76.41000366210938,66.58631134033203,11818800
2021-12-21,76.25,76.27999877929688,74.88999938964844,75.54000091552734,65.82816314697266,14947800
2021-12-22,75.44000244140625,76.55999755859375,75.12999725341797,76.16000366210938,66.36846160888672,9256000
2021-12-23,76.30000305175781,76.30000305175781,75.3499984741211,75.7300033569336,65.99373626708984,9894900
2021-12-27,76.0,76.61000061035156,75.7699966430664,76.56999969482422,66.72572326660156,6334700
2021-12-28,76.68000030517578,77.13999938964844,76.20999908447266,76.80999755859375,66.93488311767578,5727100
2021-12-29,76.80000305175781,77.18000030517578,76.47000122070312,76.94999694824219,67.056884765625,5926100
2021-12-30,77.12000274658203,77.61000061035156,76.97000122070312,77.13999938964844,67.22245788574219,5859100
2021-12-31,77.13999938964844,77.55000305175781,76.62000274658203,76.63999938964844,66.78673553466797,6019500
2022-01-03,76.58000183105469,76.94000244140625,75.3499984741211,76.87000274658203,66.9871597290039,9441200
2022-01-04,76.4000015258789,77.2699966430664,75.88999938964844,77.01000213623047,67.10917663574219,11981700
2022-01-05,77.26000213623047,79.80999755859375,77.26000213623047,78.87999725341797,68.7387466430664,17447900
2022-01-06,78.79000091552734,79.58000183105469,77.94999694824219,78.83000183105469,68.6951904296875,11359200
2022-01-07,78.86000061035156,80.52999877929688,78.45999908447266,80.30000305175781,69.9761962890625,15212000
2022-01-10,80.54000091552734,82.44999694824219,79.66999816894531,82.37000274658203,71.7800521850586,19636800
2022-01-11,82.41999816894531,82.55999755859375,80.6500015258789,81.66999816894531,71.17005157470703,11585100
2022-01-12,81.08000183105469,81.41999816894531,80.66999816894531,81.19999694824219,70.76049041748047,13057000
2022-01-13,80.93000030517578,81.72000122070312,80.33000183105469,81.31999969482422,70.86505889892578,9678100
2022-01-14,81.5999984741211,81.8499984741211,80.7699966430664,81.37999725341797,70.91732788085938,9478000
2022-01-18,81.0999984741211,82.16000366210938,80.80999755859375,81.54000091552734,71.0567626953125,14493100
2022-01-19,80.9800033569336,81.9800033569336,80.4800033569336,81.29000091552734,70.83890533447266,11448200
2022-01-20,80.7300033569336,81.86000061035156,80.5199966430664,80.75,70.36832427978516,12069600
2022-01-21,81.2699966430664,81.5199966430664,79.23999786376953,79.9800033569336,69.69732666015625,18461700
2022-01-24,79.7699966430664,80.11000061035156,76.6500015258789,78.83000183105469,68.6951904296875,17289000
2022-01-25,78.41999816894531,79.77999877929688,77.77999877929688,79.45999908447266,69.2441635131836,13662400
2022-01-26,79.38999938964844,80.33999633789062,78.7300033569336,79.13999938964844,68.96533966064453,13046600
2022-01-27,78.41999816894531,81.5999984741211,78.41999816894531,80.58000183105469,70.22016906738281,20187200
2022-01-28,79.54000091552734,80.98999786376953,79.18000030517578,80.9000015258789,70.4990463256836,13915300
2022-01-31,81.0199966430664,81.72000122070312,80.80000305175781,81.4800033569336,71.00447082519531,13035000
2022-02-01,81.95999908447266,82.12000274658203,81.08000183105469,81.91999816894531,71.38790130615234,10803300
2022-02-02,81.80000305175781,82.30000305175781,81.26000213623047,82.01000213623047,71.46633911132812,13988200
2022-02-03,81.6500015258789,81.80000305175781,78.4000015258789,79.01000213623047,68.85204315185547,19181400
2022-02-04,78.51000213623047,79.55000305175781,78.19999694824219,78.55999755859375,68.45988464355469,10716200
2022-02-07,78.79000091552734,78.91999816894531,77.44000244140625,77.58000183105469,67.60588836669922,23615300
2022-02-08,77.0999984741211,77.33000183105469,75.81999969482422,76.91000366210938,67.02203369140625,17486500
2022-02-09,77.16999816894531,77.33000183105469,76.41000366210938,76.52999877929688,66.69087982177734,15183100
2022-02-10,76.36000061035156,76.7699966430664,75.93000030517578,76.55999755859375,66.71703338623047,12437600
2022-02-11,76.4000015258789,77.9000015258789,76.16999816894531,76.63999938964844,66.78673553466797,9342300
2022-02-14,76.62999725341797,76.69999694824219,75.11000061035156,76.47000122070312,66.63858795166016,9881100
2022-02-15,77.51000213623047,78.19000244140625,77.31999969482422,77.80999755859375,67.80632019042969,11425600
2022-02-16,77.19999694824219,77.80000305175781,76.93000030517578,77.22000122070312,67.29216766357422,9981300
2022-02-17,76.8499984741211,76.93000030517578,76.0,76.36000061035156,66.54273986816406,8889300
2022-02-18,76.31999969482422,76.86000061035156,75.88999938964844,76.37000274658203,66.55144500732422,8780500
2022-02-22,76.45999908447266,76.86000061035156,75.61000061035156,75.94999694824219,66.18544006347656,9052500
2022-02-23,76.19000244140625,76.44000244140625,75.62000274658203,75.83999633789062,66.08958435058594,9659100
2022-02-24,75.0999984741211,75.31999969482422,72.87999725341797,73.51000213623047,64.05914306640625,21135600
2022-02-25,74.19999694824219,77.29000091552734,74.16999816894531,76.31999969482422,66.50787353515625,13665900
2022-02-28,75.83000183105469,76.76000213623047,74.77999877929688,76.58000183105469,66.73445892333984,14126100
2022-03-01,76.5,77.76000213623047,75.94999694824219,76.33999633789062,66.52532196044922,9807300
2022-03-02,76.30999755859375,77.22000122070312,76.05999755859375,76.66999816894531,66.81288146972656,9697500
2022-03-03,76.7699966430664,77.54000091552734,76.41000366210938,77.1500015258789,67.23117065429688,8191100
2022-03-04,76.68000030517578,77.86000061035156,76.0199966430664,77.83000183105469,67.82374572753906,12216300
2022-03-07,77.01000213623047,78.29000091552734,76.08000183105469,77.7300033569336,67.73661041259766,14008400
2022-03-08,77.25,78.08999633789062,76.55999755859375,76.94999694824219,67.056884765625,10184100
2022-03-09,77.62000274658203,78.22000122070312,77.05000305175781,77.79000091552734,67.78887939453125,9746000
2022-03-10,77.62999725341797,78.19999694824219,77.33000183105469,77.88999938964844,67.87602233886719,8972200
2022-03-11,78.31999969482422,79.62999725341797,78.19999694824219,78.26000213623047,68.19844818115234,9424500
2022-03-14,77.9000015258789,78.61000061035156,77.30999755859375,77.77999877929688,68.38308715820312,10085400
2022-03-15,77.68000030517578,79.01000213623047,77.4000015258789,78.63999938964844,69.13919067382812,11403000
2022-03-16,78.95999908447266,79.11000061035156,77.6500015258789,78.12000274658203,68.68201446533203,10944000
2022-03-17,78.1500015258789,79.37000274658203,78.05999755859375,78.94000244140625,69.4029541015625,10279400
2022-03-18,79.18000030517578,79.73999786376953,78.62999725341797,79.11000061035156,69.55240631103516,21064800
2022-03-21,79.66999816894531,80.44999694824219,78.91000366210938,79.05999755859375,69.50845336914062,10478300
2022-03-22,79.2699966430664,79.77999877929688,78.7699966430664,79.30000305175781,69.71945190429688,10016600
2022-03-23,79.30000305175781,80.58000183105469,79.2300033569336,79.7300033569336,70.09751892089844,8470400
2022-03-24,80.04000091552734,80.66999816894531,79.72000122070312,80.41000366210938,70.69535064697266,7605000
2022-03-25,80.58999633789062,81.37999725341797,80.44999694824219,81.33999633789062,71.51299285888672,7125600
2022-03-28,81.37000274658203,81.66999816894531,80.7300033569336,81.20999908447266,71.39869689941406,7071900
2022-03-29,81.66000366210938,81.76000213623047,80.73999786376953,81.56999969482422,71.7152099609375,7398700
2022-03-30,81.83999633789062,82.69999694824219,81.66999816894531,82.4000015258789,72.44493103027344,9326600
2022-03-31,82.9000015258789,83.37999725341797,81.94000244140625,82.05000305175781,72.13722229003906,12466800
2022-04-01,82.19000244140625,83.58000183105469,81.63999938964844,83.5199966430664,73.42962646484375,10086700
2022-04-04,83.5,83.88999938964844,82.7300033569336,83.48999786376953,73.40323638916016,9039600
2022-04-05,83.66000366210938,85.43000030517578,83.51000213623047,83.72000122070312,73.60543823242188,12040900
2022-04-06,84.36000061035156,85.55999755859375,84.12000274658203,84.97000122070312,74.70442962646484,13924300
2022-04-07,85.75,87.11000061035156,84.95999908447266,86.80000305175781,76.31334686279297,13104300
2022-04-08,86.63999938964844,87.83999633789062,86.26000213623047,87.68000030517578,77.0870361328125,11409300
2022-04-11,88.31999969482422,89.4800033569336,86.18000030517578,86.62999725341797,76.16388702392578,14381000
2022-04-12,86.0,86.55000305175781,85.22000122070312,85.62999725341797,75.28468322753906,12543000
2022-04-13,85.80000305175781,86.23999786376953,84.83000183105469,86.12999725341797,75.72428131103516,12743800
2022-04-14,86.12999725341797,87.51000213623047,85.41000366210938,86.91000366210938,76.41007232666016,22096100
2022-04-18,86.41999816894531,87.44999694824219,85.68000030517578,86.06999969482422,75.67153930664062,7995100
2022-04-19,85.97000122070312,86.08999633789062,85.12000274658203,85.79000091552734,75.42538452148438,8494700
2022-04-20,85.5199966430664,86.81999969482422,85.4800033569336,86.45999908447266,76.01441955566406,8719400
2022-04-21,86.41000366210938,87.2300033569336,85.38999938964844,86.2300033569336,75.81221771240234,8562400
2022-04-22,85.86000061035156,86.13999938964844,84.5,84.58999633789062,74.37032318115234,7914000
2022-04-25,84.58999633789062,85.80999755859375,83.52999877929688,85.44000244140625,75.11764526367188,10573400
2022-04-26,85.76000213623047,86.19999694824219,84.38999938964844,84.4800033569336,74.27363586425781,9009600
2022-04-27,84.30000305175781,85.12999725341797,83.5999984741211,84.41000366210938,74.21209716796875,10781300
2022-04-28,85.75,89.37000274658203,85.0,88.58000183105469,77.87830352783203,21092300
2022-04-29,88.66000366210938,90.01000213623047,88.08999633789062,88.69000244140625,77.97501373291016,15914200
2022-05-02,88.72000122070312,88.83999633789062,86.62999725341797,87.6500015258789,77.06066131591797,12124900
2022-05-03,86.98999786376953,88.23999786376953,86.43000030517578,87.0999984741211,76.57710266113281,8425600
2022-05-04,86.56999969482422,88.7699966430664,86.36000061035156,88.5199966430664,77.82554626464844,10763500
2022-05-05,88.41999816894531,88.66000366210938,87.02999877929688,88.01000213623047,77.3771743774414,9548300
2022-05-06,87.73999786376953,88.91999816894531,87.4800033569336,88.38999938964844,77.71125030517578,12227400
2022-05-09,87.5,88.05999755859375,86.91000366210938,87.63999938964844,77.05186462402344,11901500
2022-05-10,88.12000274658203,89.29000091552734,87.2699966430664,87.80999755859375,77.20130920410156,12370800
2022-05-11,87.41999816894531,90.80999755859375,87.41999816894531,89.19000244140625,78.41459655761719,16338600
2022-05-12,89.8499984741211,90.8499984741211,88.36000061035156,90.83000183105469,79.85646057128906,14210200
2022-05-13,90.69999694824219,91.05000305175781,89.26000213623047,90.41000366210938,79.48722076416016,10308100
2022-05-16,90.79000091552734,92.87000274658203,90.68000030517578,92.31999969482422,81.16645050048828,13999000
2022-05-17,92.30999755859375,94.55999755859375,91.51000213623047,93.0,81.76431274414062,17582800
2022-05-18,92.55999755859375,93.16000366210938,91.7699966430664,92.0999984741211,80.97303009033203,12717600
2022-05-19,91.25,92.61000061035156,90.87999725341797,92.08999633789062,80.96424102783203,11121600
2022-05-20,92.44999694824219,94.08000183105469,92.44999694824219,93.55000305175781,82.24785614013672,11757100
2022-05-23,93.58999633789062,94.91999816894531,93.4000015258789,93.83000183105469,82.49403381347656,9067000
2022-05-24,94.25,94.80000305175781,93.56999969482422,94.63999938964844,83.20616912841797,9021000
2022-05-25,94.36000061035156,94.76000213623047,93.13999938964844,93.75,82.42366790771484,11177700
2022-05-26,94.23999786376953,94.25,91.0,92.30999755859375,81.15764617919922,17249500
2022-05-27,92.27999877929688,93.11000061035156,91.75,93.08000183105469,81.83463287353516,9802000
2022-05-31,91.91000366210938,92.62000274658203,90.87000274658203,92.02999877929688,80.91149139404297,22860800
2022-06-01,91.66999816894531,91.93000030517578,90.04000091552734,91.13999938964844,80.12901306152344,10492500
2022-06-02,91.12999725341797,91.13999938964844,88.73999786376953,90.0,79.12675476074219,11066200
2022-06-03,89.73999786376953,90.68000030517578,89.68000030517578,89.91000366210938,79.04761505126953,7051600
2022-06-06,90.16999816894531,90.66000366210938,89.69000244140625,89.83999633789062,78.9860610961914,8336900
2022-06-07,90.1500015258789,90.81999969482422,89.58000183105469,90.4800033569336,79.54875183105469,10243300
2022-06-08,90.58000183105469,90.6500015258789,89.2699966430664,89.4800033569336,78.66959381103516,10266000
2022-06-09,89.25,89.79000091552734,87.91999816894531,88.0,77.36837005615234,7381100
2022-06-10,87.16999816894531,88.04000091552734,86.70999908447266,87.18000030517578,76.64743041992188,8861600
2022-06-13,85.70999908447266,86.51000213623047,84.62999725341797,85.0,74.7308120727539,12016100
2022-06-14,84.7699966430664,85.04000091552734,83.87000274658203,84.5,74.89923095703125,11226900
2022-06-15,84.55999755859375,85.37000274658203,83.75,84.62999725341797,75.01445007324219,11357100
2022-06-16,83.7699966430664,85.19000244140625,83.05000305175781,84.88999938964844,75.24492645263672,12925200
2022-06-17,84.63999938964844,85.76000213623047,83.38999938964844,84.62000274658203,75.00557708740234,32989100
2022-06-21,86.05000305175781,88.36000061035156,85.2699966430664,88.02999877929688,78.02816009521484,11778600
2022-06-22,88.04000091552734,90.33999633789062,88.02999877929688,89.16000366210938,79.02976989746094,11935400
2022-06-23,90.0,92.1500015258789,89.55999755859375,92.0,81.5470962524414,14718400
2022-06-24,93.25,93.79000091552734,91.69999694824219,93.12999725341797,82.5487060546875,25248400
2022-06-27,93.19999694824219,95.72000122070312,93.05000305175781,94.41000366210938,83.68325805664062,11949000
2022-06-28,94.11000061035156,94.33000183105469,91.47000122070312,91.88999938964844,81.4495849609375,13523300
2022-06-29,92.30999755859375,92.9800033569336,91.88999938964844,92.51000213623047,81.9991455078125,8657100
2022-06-30,91.6500015258789,92.9000015258789,90.91000366210938,91.16999816894531,80.8113784790039,18551400
2022-07-01,91.30000305175781,92.48999786376953,90.38999938964844,92.41999816894531,81.91937255859375,11413800
2022-07-05,92.44000244140625,92.94999694824219,90.52999877929688,92.63999938964844,82.11436462402344,9574400
2022-07-06,93.30999755859375,94.51000213623047,92.69999694824219,93.12999725341797,82.5487060546875,10455300
2022-07-07,92.94000244140625,93.94999694824219,92.55000305175781,93.01000213623047,82.44232940673828,8140100
2022-07-08,92.91000366210938,93.81999969482422,92.41000366210938,92.77999877929688,82.23845672607422,7161500
2022-07-11,92.87999725341797,94.77999877929688,92.83000183105469,94.30000305175781,83.58577728271484,9507700
2022-07-12,93.77999877929688,94.23999786376953,93.13999938964844,93.5999984741211,82.96529388427734,7826500
2022-07-13,93.58999633789062,94.36000061035156,93.0199966430664,93.7699966430664,83.11597442626953,6415600
2022-07-14,92.55000305175781,94.05999755859375,92.05999755859375,93.87999725341797,83.21348571777344,6271000
2022-07-15,94.8499984741211,95.3499984741211,94.37000274658203,94.95999908447266,84.1707763671875,9731900
2022-07-18,94.9000015258789,95.0999984741211,91.91999816894531,92.33999633789062,81.84846496582031,8653700
2022-07-19,93.1500015258789,93.38999938964844,92.12000274658203,92.36000061035156,81.86618041992188,8233600
2022-07-20,92.36000061035156,92.43000030517578,89.22000122070312,89.6500015258789,79.4640884399414,11844000
2022-07-21,89.1500015258789,90.41000366210938,88.91000366210938,90.13999938964844,79.89842987060547,8197000
2022-07-22,90.11000061035156,90.44999694824219,89.45999908447266,90.11000061035156,79.87183380126953,6354500
2022-07-25,90.19999694824219,90.7300033569336,89.75,90.52999877929688,80.24408721923828,6364500
2022-07-26,91.4000015258789,91.94999694824219,90.5999984741211,91.29000091552734,80.91776275634766,6414100
2022-07-27,90.5,91.37000274658203,90.01000213623047,91.2300033569336,80.86457061767578,6966300
2022-07-28,91.04000091552734,91.12999725341797,87.41999816894531,89.94000244140625,79.72115325927734,13909800
2022-07-29,90.08000183105469,91.08000183105469,88.27999877929688,89.33999633789062,79.18931579589844,14938600
2022-08-01,89.33999633789062,90.0199966430664,88.3499984741211,88.52999877929688,78.47134399414062,7343300
2022-08-02,89.05999755859375,89.58999633789062,87.55000305175781,87.61000061035156,77.65589141845703,7443000
2022-08-03,87.25,88.0199966430664,86.76000213623047,87.62000274658203,77.66474151611328,8187600
2022-08-04,87.80999755859375,87.88999938964844,86.63999938964844,86.81999969482422,76.95563507080078,7993800
2022-08-05,86.52999877929688,87.52999877929688,86.0199966430664,87.41000366210938,77.47860717773438,8801200
2022-08-08,87.30000305175781,88.77999877929688,86.91999816894531,88.48999786376953,78.4358901977539,8149400
2022-08-09,88.75,90.23999786376953,86.80999755859375,89.5199966430664,79.3488540649414,13215500
2022-08-10,90.02999877929688,90.12999725341797,88.19000244140625,89.19000244140625,79.05634307861328,8140200
2022-08-11,87.80999755859375,89.81999969482422,87.36000061035156,88.93000030517578,78.82588958740234,7396800
2022-08-12,88.98999786376953,91.02999877929688,88.94999694824219,91.0199966430664,80.6784439086914,12317300
2022-08-15,90.83000183105469,90.83999633789062,89.88999938964844,90.5999984741211,80.30615997314453,6339800
2022-08-16,89.95999908447266,90.9000015258789,89.87000274658203,90.58999633789062,80.29729461669922,5661200
2022-08-17,90.33999633789062,91.88999938964844,90.30000305175781,91.04000091552734,80.69615936279297,6486000
2022-08-18,91.5,91.83999633789062,90.52999877929688,91.4000015258789,81.01526641845703,6111600
2022-08-19,91.55000305175781,93.0199966430664,91.52999877929688,92.08000183105469,81.61799621582031,8828700
2022-08-22,91.80999755859375,92.22000122070312,91.01000213623047,91.16000366210938,80.80252075195312,6652100
2022-08-23,90.87999725341797,90.98999786376953,89.72000122070312,90.19999694824219,79.95160675048828,5208800
2022-08-24,90.19999694824219,90.31999969482422,89.54000091552734,90.01000213623047,79.78319549560547,5553300
2022-08-25,90.51000213623047,90.51000213623047,89.06999969482422,90.2699966430664,80.0136489868164,5884300
2022-08-26,90.27999877929688,90.73999786376953,89.08999633789062,89.26000213623047,79.11840057373047,5695300
2022-08-29,88.83000183105469,89.0,87.55999755859375,87.58999633789062,77.63815307617188,7850200
2022-08-30,87.47000122070312,87.56999969482422,86.58000183105469,86.87999725341797,77.00881958007812,6754000
2022-08-31,87.04000091552734,87.12999725341797,85.16000366210938,85.36000061035156,75.66151428222656,11602000
2022-09-01,85.63999938964844,87.45999908447266,85.36000061035156,87.1500015258789,77.24813079833984,7528600
2022-09-02,87.23999786376953,87.77999877929688,85.87999725341797,86.2300033569336,76.43267059326172,6997500
2022-09-06,86.58000183105469,87.2699966430664,86.16000366210938,86.41999816894531,76.60107421875,8244300
2022-09-07,86.55999755859375,87.0,85.06999969482422,86.87000274658203,76.99996185302734,6121700
2022-09-08,86.5,87.44999694824219,86.12999725341797,87.41999816894531,77.48746490478516,8109200
2022-09-09,87.58999633789062,88.16999816894531,87.2699966430664,87.33999633789062,77.41654205322266,7480100
2022-09-12,88.12999725341797,89.16999816894531,87.81999969482422,88.16000366210938,78.14339447021484,6351500
2022-09-13,87.31999969482422,87.61000061035156,86.11000061035156,86.27999877929688,76.47698974609375,7650000
2022-09-14,87.0,87.63999938964844,86.37999725341797,86.94999694824219,77.69217681884766,9418700
2022-09-15,87.1500015258789,87.43000030517578,86.19999694824219,86.75,77.51348114013672,8006800
2022-09-16,86.5999984741211,87.87000274658203,86.4000015258789,87.72000122070312,78.38020324707031,14842500
2022-09-19,86.8499984741211,86.94000244140625,85.63999938964844,86.63999938964844,77.4151840209961,7748600
2022-09-20,86.06999969482422,86.44999694824219,85.58999633789062,86.0,76.84333038330078,5454800
2022-09-21,86.25,86.5,84.5199966430664,84.52999877929688,75.52985382080078,7190800
2022-09-22,84.55000305175781,88.1500015258789,84.55000305175781,87.51000213623047,78.19255828857422,12329700
2022-09-23,87.4000015258789,88.01000213623047,86.08999633789062,86.77999877929688,77.540283203125,9038500
2022-09-26,86.12000274658203,86.70999908447266,85.29000091552734,86.18000030517578,77.00416564941406,8841000
2022-09-27,86.81999969482422,87.62999725341797,85.66999816894531,85.83999633789062,76.70037078857422,6532100
2022-09-28,86.98999786376953,87.25,86.19999694824219,86.77999877929688,77.540283203125,6840000
2022-09-29,87.0,87.41999816894531,86.2300033569336,86.63999938964844,77.4151840209961,6601300
2022-09-30,87.25,87.62000274658203,86.0999984741211,86.12000274658203,76.9505844116211,9035600
2022-10-03,86.72000122070312,87.9000015258789,86.0199966430664,87.55000305175781,78.22828674316406,9186900
2022-10-04,87.54000091552734,88.6500015258789,87.0,88.38999938964844,78.97886657714844,7373000
2022-10-05,88.58000183105469,88.77999877929688,88.0199966430664,88.38999938964844,78.97886657714844,6065700
2022-10-06,87.76000213623047,88.01000213623047,87.2300033569336,87.44000244140625,78.13001251220703,8055500
2022-10-07,87.87999725341797,88.30000305175781,87.12000274658203,87.5999984741211,78.2729721069336,8837400
2022-10-10,89.93000030517578,91.58999633789062,89.70999908447266,90.4800033569336,80.8463363647461,14485000
2022-10-11,90.43000030517578,91.9800033569336,90.19999694824219,91.05000305175781,81.35565185546875,9743500
2022-10-12,91.25,91.72000122070312,90.37000274658203,90.41999816894531,80.79270935058594,8522200
2022-10-13,89.5,92.72000122070312,89.2699966430664,92.48999786376953,82.64232635498047,9382800
2022-10-14,92.2699966430664,93.36000061035156,91.73999786376953,92.18000030517578,82.36532592773438,9847600
2022-10-17,92.83999633789062,94.37000274658203,92.44999694824219,94.12000274658203,84.09878540039062,12139700
2022-10-18,94.41999816894531,95.31999969482422,94.0199966430664,94.61000061035156,84.5365982055664,9530400
2022-10-19,94.91000366210938,94.91000366210938,93.0999984741211,93.26000213623047,83.33035278320312,8546100
2022-10-20,93.19999694824219,93.4000015258789,92.36000061035156,92.94000244140625,83.04441833496094,7626000
2022-10-21,92.83999633789062,95.95999908447266,92.63999938964844,95.66999816894531,85.4837417602539,10297200
2022-10-24,96.44999694824219,98.41999816894531,96.2699966430664,97.37000274658203,87.00274658203125,11414900
2022-10-25,96.86000061035156,98.29000091552734,96.3499984741211,97.70999908447266,87.30653381347656,8747900
2022-10-26,98.29000091552734,99.27999877929688,98.0,98.41000366210938,87.93201446533203,10374700
2022-10-27,99.83999633789062,101.5,99.5,99.73999786376953,89.1203842163086,12218400
2022-10-28,100.23999786376953,101.13999938964844,98.55000305175781,100.7699966430664,90.04074096679688,11228000
2022-10-31,99.94999694824219,101.36000061035156,99.30999755859375,101.19999694824219,90.4249496459961,11043800
2022-11-01,100.6500015258789,101.06999969482422,98.94999694824219,99.76000213623047,89.13825225830078,11079300
2022-11-02,99.6500015258789,101.02999877929688,98.9800033569336,99.4000015258789,88.81660461425781,9503500
2022-11-03,99.0,99.23999786376953,98.0,98.75,88.23580169677734,9912700
2022-11-04,99.0,99.37999725341797,97.95999908447266,99.19999694824219,88.63789367675781,8877600
2022-11-07,98.5,100.36000061035156,97.66999816894531,100.06999969482422,89.4152603149414,8644500
2022-11-08,100.06999969482422,101.97000122070312,99.52999877929688,101.5,90.69300842285156,8503900
2022-11-09,101.30000305175781,103.76000213623047,101.27999877929688,101.58999633789062,90.77342987060547,10602900
2022-11-10,102.69999694824219,102.80999755859375,100.5999984741211,101.88999938964844,91.04147338867188,9556000
2022-11-11,100.52999877929688,100.80999755859375,97.33000183105469,97.95999908447266,87.52991485595703,13342800
2022-11-14,98.69999694824219,101.69000244140625,98.69999694824219,100.3499984741211,89.66543579101562,8958200
2022-11-15,100.4000015258789,100.73999786376953,98.70999908447266,99.5999984741211,88.99530792236328,7965900
2022-11-16,99.58000183105469,100.80000305175781,99.48999786376953,99.93000030517578,89.29017639160156,8757700
2022-11-17,100.41000366210938,102.3499984741211,100.2699966430664,102.30999755859375,91.4167709350586,8496800
2022-11-18,102.62999725341797,104.5999984741211,102.62999725341797,104.2300033569336,93.13233184814453,11626300
2022-11-21,105.0,105.87000274658203,104.2300033569336,105.61000061035156,94.36540985107422,8899300
2022-11-22,106.12999725341797,107.0999984741211,106.05000305175781,106.9000015258789,95.5180435180664,8295700
2022-11-23,106.75,107.30000305175781,106.30000305175781,106.81999969482422,95.44657135009766,5749600
2022-11-25,106.55999755859375,107.5,106.55999755859375,107.5,96.05416107177734,3163700
2022-11-28,107.12999725341797,108.9000015258789,107.12999725341797,108.44999694824219,96.90300750732422,9524500
2022-11-29,108.0,109.05999755859375,107.55000305175781,108.83999633789062,97.2514877319336,9352400
2022-11-30,108.69999694824219,110.33000183105469,107.62999725341797,110.12000274658203,98.39522552490234,20305800
2022-12-01,109.75,110.9800033569336,108.7699966430664,109.80000305175781,98.1092758178711,10110500
2022-12-02,109.0,110.08999633789062,108.70999908447266,110.04000091552734,98.32373046875,6943600
2022-12-05,109.80999755859375,110.2300033569336,109.20999908447266,110.01000213623047,98.29692077636719,6961900
2022-12-06,110.36000061035156,110.76000213623047,108.41999816894531,108.93000030517578,97.33190155029297,7458700
2022-12-07,109.1500015258789,110.70999908447266,109.0,110.08999633789062,98.36839294433594,8270400
2022-12-08,110.27999877929688,111.0199966430664,110.12000274658203,110.8499984741211,99.04747772216797,7354800
2022-12-09,110.9800033569336,111.37000274658203,108.75,108.77999877929688,97.19788360595703,9667800
2022-12-12,107.93000030517578,109.0999984741211,107.31999969482422,108.97000122070312,97.3676528930664,10956600
2022-12-13,111.26000213623047,111.26000213623047,109.0,110.91000366210938,99.10108947753906,15836900
2022-12-14,110.5199966430664,112.16999816894531,110.04000091552734,111.55000305175781,100.33333587646484,10788300
2022-12-15,110.23999786376953,110.7699966430664,109.2300033569336,109.62999725341797,98.60637664794922,9871400
2022-12-16,109.23999786376953,109.69999694824219,108.2699966430664,109.19999694824219,98.2196273803711,29465900
2022-12-19,109.19000244140625,110.0999984741211,108.7699966430664,109.44000244140625,98.43550109863281,6949500
2022-12-20,109.94000244140625,110.66000366210938,109.16000366210938,109.70999908447266,98.67835235595703,8022000
2022-12-21,110.0999984741211,111.19000244140625,109.54000091552734,111.11000061035156,99.93758392333984,6640900
2022-12-22,110.9000015258789,111.69000244140625,110.20999908447266,111.23999786376953,100.05449676513672,8373700
2022-12-23,111.25,112.12999725341797,110.87000274658203,111.86000061035156,100.61216735839844,4547400
2022-12-27,112.41000366210938,112.58999633789062,111.52999877929688,112.12000274658203,100.84601593017578,5125800
2022-12-28,112.88999938964844,112.88999938964844,111.05999755859375,111.08000183105469,99.91059875488281,5107800
2022-12-29,111.38999938964844,111.69999694824219,110.75,110.81999969482422,99.6767349243164,4467200
2022-12-30,111.2300033569336,111.41999816894531,110.12000274658203,110.94999694824219,99.79364776611328,5498600
2023-01-03,110.41000366210938,111.19999694824219,109.48999786376953,111.13999938964844,99.96454620361328,8062500
2023-01-04,112.31999969482422,112.61000061035156,111.23999786376953,112.08000183105469,100.8100357055664,8698600
2023-01-05,111.58999633789062,113.91000366210938,111.41999816894531,113.63999938964844,102.21318817138672,9578900
2023-01-06,114.31999969482422,115.48999786376953,114.05000305175781,114.83999633789062,103.29251098632812,8632300
2023-01-09,114.87999725341797,114.93000030517578,109.94000244140625,110.37999725341797,99.2809829711914,12858800
2023-01-10,110.55999755859375,112.01000213623047,109.87999725341797,110.80999755859375,99.66773223876953,12122800
2023-01-11,109.33999633789062,111.30999755859375,108.75,111.06999969482422,99.9015884399414,8626500
2023-01-12,110.91999816894531,112.0999984741211,110.02999877929688,111.7699966430664,100.53121948242188,8914800
2023-01-13,111.19999694824219,112.44000244140625,110.94999694824219,112.25,100.96295166015625,5757800
2023-01-17,112.02999877929688,112.48999786376953,110.31999969482422,110.44999694824219,99.34393310546875,10241100
2023-01-18,109.91999816894531,110.0999984741211,108.58000183105469,108.79000091552734,97.85086822509766,8799500
2023-01-19,108.44000244140625,110.18000030517578,108.0999984741211,109.9000015258789,98.84925079345703,6772900
2023-01-20,109.37999725341797,109.98999786376953,108.6500015258789,109.94000244140625,98.88522338867188,9216500
2023-01-23,109.93000030517578,110.36000061035156,109.16999816894531,109.87999725341797,98.83124542236328,8998800
2023-01-24,110.0,110.0,106.38999938964844,108.5199966430664,97.60801696777344,7424200
2023-01-25,108.70999908447266,109.93000030517578,108.33000183105469,108.58999633789062,97.67096710205078,6168000
2023-01-26,108.52999877929688,108.55000305175781,105.81999969482422,106.87000274658203,96.1239242553711,9672700
2023-01-27,106.20999908447266,106.68000030517578,105.11000061035156,105.37999725341797,94.78375244140625,7784900
2023-01-30,105.56999969482422,106.5,105.5,106.08999633789062,95.4223403930664,6476600
2023-01-31,106.0999984741211,107.44000244140625,105.9000015258789,107.41000366210938,96.60963439941406,7938900
2023-02-01,106.97000122070312,107.43000030517578,106.08000183105469,106.9800033569336,96.22286224365234,10103200
2023-02-02,104.0199966430664,105.80999755859375,101.75,103.45999908447266,93.05680847167969,16229900
2023-02-03,103.22000122070312,103.79000091552734,102.4800033569336,102.94000244140625,92.58910369873047,11210800
2023-02-06,103.43000030517578,104.62000274658203,102.83999633789062,104.02999877929688,93.56949615478516,9054500
2023-02-07,103.69999694824219,105.93000030517578,103.55999755859375,105.68000030517578,95.0535888671875,7904700
2023-02-08,105.80999755859375,107.5199966430664,105.31999969482422,106.63999938964844,95.91705322265625,8596300
2023-02-09,106.86000061035156,107.83999633789062,106.54000091552734,106.72000122070312,95.98900604248047,7976800
2023-02-10,106.97000122070312,108.7699966430664,106.87000274658203,108.56999969482422,97.65298461914062,7609600
2023-02-13,108.70999908447266,109.56999969482422,108.3499984741211,109.55000305175781,98.53445434570312,7383100
2023-02-14,109.94999694824219,110.0,108.19000244140625,108.73999786376953,97.8058853149414,6983900
2023-02-15,108.52999877929688,108.79000091552734,107.55999755859375,107.68000030517578,96.85247802734375,6416600
2023-02-16,106.81999969482422,107.45999908447266,106.2300033569336,106.51000213623047,95.80012512207031,5959300
2023-02-17,106.33000183105469,109.54000091552734,105.5199966430664,109.5199966430664,98.5074462890625,9474600
2023-02-21,108.9000015258789,109.87999725341797,108.62999725341797,109.06999969482422,98.10269927978516,6741500
2023-02-22,110.20999908447266,110.31999969482422,108.91999816894531,109.16000366210938,98.18365478515625,7213900
2023-02-23,109.26000213623047,111.23999786376953,109.0999984741211,110.58999633789062,99.46986389160156,6922800
2023-02-24,110.08999633789062,110.33000183105469,108.88999938964844,109.88999938964844,98.84025573730469,5787900
2023-02-27,110.02999877929688,110.12999725341797,108.5199966430664,109.36000061035156,98.36355590820312,5654800
2023-02-28,108.83000183105469,108.83999633789062,106.16000366210938,106.23999786376953,95.55725860595703,10209900
2023-03-01,105.95999908447266,107.55000305175781,105.95999908447266,106.6500015258789,95.92604064941406,6099000
2023-03-02,106.62999725341797,107.37000274658203,106.0999984741211,107.01000213623047,96.24986267089844,5097500
2023-03-03,107.37999725341797,107.38999938964844,106.12999725341797,106.87999725341797,96.13290405273438,6124300
2023-03-06,107.66000366210938,111.23999786376953,107.44999694824219,111.0999984741211,99.92857360839844,17776600
2023-03-07,111.7699966430664,112.18000030517578,110.72000122070312,111.2699966430664,100.08148193359375,13805300
2023-03-08,110.93000030517578,111.27999877929688,107.58999633789062,108.27999877929688,97.39212799072266,8440800
2023-03-09,109.30000305175781,109.9000015258789,107.11000061035156,107.5999984741211,96.780517578125,5842500
2023-03-10,107.44000244140625,110.72000122070312,107.33999633789062,107.69000244140625,96.86146545410156,9738500
2023-03-13,104.47000122070312,108.83999633789062,104.4000015258789,105.7300033569336,95.09855651855469,10687100
2023-03-14,105.44999694824219,107.12999725341797,104.5199966430664,106.97000122070312,96.88277435302734,9806900
2023-03-15,106.4800033569336,108.02999877929688,105.56999969482422,107.62999725341797,97.48054504394531,10942700
2023-03-16,106.5,107.70999908447266,104.2300033569336,107.33999633789062,97.21788024902344,9441500
2023-03-17,107.1500015258789,107.30999755859375,103.48999786376953,104.0999984741211,94.28341674804688,26402100
2023-03-20,104.81999969482422,106.91000366210938,104.81999969482422,105.8499984741211,95.86840057373047,12865800
2023-03-21,106.0,106.43000030517578,104.76000213623047,105.54000091552734,95.58763122558594,11571800
2023-03-22,105.47000122070312,106.0,104.38999938964844,104.4000015258789,94.55513000488281,5705800
2023-03-23,104.0999984741211,104.62999725341797,103.45999908447266,104.2300033569336,94.40116119384766,6801700
2023-03-24,104.08999633789062,105.01000213623047,102.44000244140625,104.80000305175781,94.91741943359375,6661800
2023-03-27,106.08000183105469,107.61000061035156,105.98999786376953,106.93000030517578,96.84654998779297,7563100
2023-03-28,106.61000061035156,107.02999877929688,105.44000244140625,105.52999877929688,95.57857513427734,6679500
2023-03-29,105.62000274658203,105.87000274658203,104.52999877929688,104.91999816894531,95.02608489990234,6310200
2023-03-30,105.12000274658203,106.19999694824219,104.54000091552734,105.91999816894531,95.93179321289062,5017400
2023-03-31,106.2300033569336,106.52999877929688,105.5199966430664,106.38999938964844,96.35746765136719,7184300
2023-04-03,105.94999694824219,109.4800033569336,105.56999969482422,108.87000274658203,98.60362243652344,6964100
2023-04-04,108.69999694824219,109.33999633789062,108.16000366210938,108.83000183105469,98.56737518310547,6108200
2023-04-05,109.91000366210938,112.33999633789062,109.58000183105469,111.91000366210938,101.35694885253906,8006100
2023-04-06,113.0,114.16999816894531,111.63999938964844,112.33000183105469,101.73734283447266,6894500
2023-04-10,112.95999908447266,113.08999633789062,111.16999816894531,112.61000061035156,101.99092864990234,6446500
2023-04-11,112.72000122070312,113.30999755859375,112.31999969482422,112.48999786376953,101.88224029541016,5639800
2023-04-12,112.25,114.30999755859375,111.87999725341797,113.75,103.02342224121094,6136700
2023-04-13,114.97000122070312,115.81999969482422,113.6500015258789,115.58000183105469,104.68085479736328,7332300
2023-04-14,115.73999786376953,116.16999816894531,114.66000366210938,115.30999755859375,104.43631744384766,5005100
2023-04-17,115.69000244140625,116.44999694824219,114.19999694824219,115.01000213623047,104.16461944580078,6575500
2023-04-18,114.4800033569336,115.12000274658203,113.7300033569336,114.83000183105469,104.0016098022461,5454500
2023-04-19,114.48999786376953,115.38999938964844,114.01000213623047,114.12999725341797,103.36759948730469,4683400
2023-04-20,114.18000030517578,114.5199966430664,113.0,114.16999816894531,103.4038314819336,4657900
2023-04-21,114.87000274658203,115.6500015258789,114.58999633789062,115.37000274658203,104.49066925048828,6554600
2023-04-24,115.63999938964844,116.27999877929688,114.7699966430664,115.94000244140625,105.00692749023438,4299100
2023-04-25,116.22000122070312,116.86000061035156,115.91000366210938,116.52999877929688,105.54127502441406,5662800
2023-04-26,115.19999694824219,115.19999694824219,112.72000122070312,113.43000030517578,102.73361206054688,6607900
2023-04-27,114.5999984741211,115.36000061035156,110.66000366210938,115.16000366210938,104.30047607421875,9975200
2023-04-28,114.36000061035156,115.52999877929688,113.45999908447266,115.47000122070312,104.58123016357422,8050400
2023-05-01,115.80000305175781,116.5999984741211,115.2699966430664,116.33999633789062,105.36918640136719,5238900
2023-05-02,116.66999816894531,118.38999938964844,115.80999755859375,117.88999938964844,106.77302551269531,8175600
2023-05-03,118.3499984741211,119.6500015258789,117.93000030517578,118.22000122070312,107.07189178466797,6738600
2023-05-04,118.0,118.0,116.48999786376953,117.37000274658203,106.30206298828125,6490200
2023-05-05,117.37999725341797,117.88999938964844,116.55999755859375,117.68000030517578,106.58283233642578,4534000
2023-05-08,117.08000183105469,118.44000244140625,116.44000244140625,118.37999725341797,107.2168197631836,5157300
2023-05-09,118.25,118.62999725341797,117.33999633789062,117.43000030517578,106.35641479492188,4933100
2023-05-10,117.41000366210938,118.16999816894531,116.41999816894531,117.9000015258789,106.78208923339844,5605400
2023-05-11,117.58000183105469,117.79000091552734,116.37999725341797,117.55000305175781,106.46510314941406,5596700
2023-05-12,118.0,118.55000305175781,116.69999694824219,117.13999938964844,106.09375762939453,5233100
2023-05-15,117.13999938964844,117.73999786376953,115.48999786376953,116.37000274658203,105.39636993408203,5697200
2023-05-16,115.87999725341797,116.76000213623047,115.29000091552734,116.08000183105469,105.13371276855469,4278200
2023-05-17,116.37000274658203,116.66000366210938,113.4800033569336,114.76000213623047,103.93817901611328,7210400
2023-05-18,114.13999938964844,115.06999969482422,113.33000183105469,114.0,103.2498550415039,6437100
2023-05-19,114.33000183105469,116.23999786376953,114.0999984741211,115.48999786376953,104.59934997558594,7647000
2023-05-22,115.4800033569336,117.08000183105469,114.33000183105469,114.48999786376953,103.69364929199219,5607400
2023-05-23,113.97000122070312,114.79000091552734,113.05000305175781,113.2699966430664,102.58869171142578,7733000
2023-05-24,114.11000061035156,114.31999969482422,112.55000305175781,113.5999984741211,102.88756561279297,4509500
2023-05-25,113.5,113.5,111.08999633789062,112.30000305175781,101.71016693115234,7037500
2023-05-26,112.0,113.19000244140625,110.6500015258789,111.06999969482422,100.59614562988281,6378200
2023-05-30,110.12999725341797,110.70999908447266,108.97000122070312,109.16999816894531,98.87532043457031,7768100
2023-05-31,108.47000122070312,111.1500015258789,108.47000122070312,110.41000366210938,99.99839782714844,14563500
2023-06-01,110.66000366210938,111.58999633789062,109.87999725341797,110.93000030517578,100.46934509277344,6959900
2023-06-02,111.11000061035156,112.7300033569336,110.72000122070312,112.5199966430664,101.90941619873047,5792800
2023-06-05,113.0,114.4800033569336,112.91000366210938,113.11000061035156,102.44377136230469,5185500
2023-06-06,113.55000305175781,113.72000122070312,109.27999877929688,110.01000213623047,99.6361083984375,6960200
2023-06-07,109.62999725341797,109.66999816894531,106.87000274658203,108.61000061035156,98.36813354492188,12420500
2023-06-08,108.30999755859375,111.06999969482422,108.0,110.31999969482422,99.91687774658203,8352700
2023-06-09,110.19000244140625,111.51000213623047,109.0199966430664,110.70999908447266,100.27010345458984,6521900
2023-06-12,110.19000244140625,110.98999786376953,108.5999984741211,109.86000061035156,99.50025177001953,7468500
2023-06-13,108.58999633789062,110.63999938964844,108.05000305175781,109.98999786376953,99.61798858642578,7304200
2023-06-14,109.72000122070312,109.93000030517578,108.3499984741211,108.66000366210938,99.07095336914062,6137300
2023-06-15,108.4000015258789,109.9000015258789,108.33999633789062,109.4000015258789,99.74564361572266,7305700
2023-06-16,109.5,110.45999908447266,109.05999755859375,109.31999969482422,99.67269134521484,15844300
2023-06-20,109.08000183105469,110.86000061035156,109.02999877929688,110.2300033569336,100.50241088867188,7744400
2023-06-21,110.11000061035156,111.5199966430664,109.5199966430664,111.16000366210938,101.3503189086914,6854800
2023-06-22,111.5999984741211,113.83999633789062,111.5999984741211,113.72000122070312,103.68440246582031,7884100
2023-06-23,114.16000366210938,114.91000366210938,113.0199966430664,114.5999984741211,104.48674774169922,16407900
2023-06-26,114.44000244140625,114.5999984741211,111.77999877929688,113.08000183105469,103.10089111328125,7685100
2023-06-27,112.83000183105469,113.70999908447266,111.87000274658203,113.31999969482422,103.31970977783203,7093900
2023-06-28,113.44999694824219,113.56999969482422,111.44000244140625,112.44000244140625,102.51737976074219,8173800
2023-06-29,112.25,113.87999725341797,111.80999755859375,113.54000091552734,103.52029418945312,6281800
2023-06-30,113.79000091552734,115.61000061035156,113.43000030517578,115.38999938964844,105.20703125,8090600
2023-07-03,114.47000122070312,114.62000274658203,113.52999877929688,114.33000183105469,104.2405776977539,2834600
2023-07-05,114.04000091552734,114.43000030517578,113.41999816894531,113.69999694824219,103.66616821289062,5861500
2023-07-06,112.9000015258789,113.44000244140625,111.70999908447266,111.75,101.88826751708984,7257400
2023-07-07,111.06999969482422,111.5,108.76000213623047,109.0,99.38094329833984,11316600
2023-07-10,109.13999938964844,110.5999984741211,109.0999984741211,109.95999908447266,100.2562255859375,5949200
2023-07-11,109.4800033569336,110.0199966430664,108.25,108.69999694824219,99.107421875,6084400
2023-07-12,108.37000274658203,109.05000305175781,107.19000244140625,107.47000122070312,97.9859619140625,8376700
2023-07-13,107.33000183105469,107.91000366210938,106.26000213623047,106.31999969482422,96.93745422363281,9764400
2023-07-14,106.26000213623047,107.68000030517578,106.26000213623047,107.33999633789062,97.86743927001953,7209900
2023-07-17,107.04000091552734,107.44000244140625,105.29000091552734,105.56999969482422,96.25364685058594,7376400
2023-07-18,105.87999725341797,107.02999877929688,105.3499984741211,105.94999694824219,96.60009765625,7499100
2023-07-19,106.16000366210938,107.37999725341797,105.91000366210938,105.94999694824219,96.60009765625,6608600
2023-07-20,106.55000305175781,108.94999694824219,106.05999755859375,108.45999908447266,98.88859558105469,8073000
2023-07-21,108.7300033569336,110.62000274658203,108.37999725341797,110.38999938964844,100.64826965332031,8194000
2023-07-24,109.98999786376953,110.33999633789062,108.5,108.79000091552734,99.18946838378906,6045500
2023-07-25,107.63999938964844,108.72000122070312,107.31999969482422,107.52999877929688,98.04065704345703,6498700
2023-07-26,106.80000305175781,108.01000213623047,106.05999755859375,107.13999938964844,97.6850814819336,7042700
2023-07-27,107.23999786376953,107.62000274658203,105.16999816894531,105.2699966430664,95.98011016845703,9813100
2023-07-28,105.43000030517578,106.6500015258789,105.23999786376953,106.33999633789062,96.95567321777344,6903800
2023-07-31,106.55000305175781,106.7699966430664,105.66999816894531,106.6500015258789,97.23834228515625,7397500
2023-08-01,109.5999984741211,109.5999984741211,105.13999938964844,105.27999877929688,95.98922729492188,10009200
2023-08-02,106.02999877929688,108.13999938964844,104.87999725341797,105.69999694824219,96.37215423583984,10873500
2023-08-03,105.08000183105469,105.77999877929688,104.87000274658203,105.7300033569336,96.39950561523438,6039300
2023-08-04,105.63999938964844,106.41999816894531,104.51000213623047,105.0,95.73393249511719,6700700
2023-08-07,105.29000091552734,106.27999877929688,104.41999816894531,106.08999633789062,96.72773742675781,8259100
2023-08-08,105.69000244140625,107.19000244140625,105.69000244140625,106.41000366210938,97.01950073242188,10152200
2023-08-09,106.2699966430664,106.79000091552734,105.79000091552734,106.0999984741211,96.73685455322266,6479500
2023-08-10,106.20999908447266,107.04000091552734,105.41999816894531,105.56999969482422,96.25364685058594,6525700
2023-08-11,105.94999694824219,107.70999908447266,105.58999633789062,107.44000244140625,97.9586181640625,5904300
2023-08-14,107.91999816894531,109.43000030517578,107.30999755859375,108.91000366210938,99.29888916015625,8427200
2023-08-15,108.88999938964844,109.41999816894531,108.41999816894531,108.66000366210938,99.07095336914062,5118700
2023-08-16,108.5,109.47000122070312,108.27999877929688,108.7300033569336,99.134765625,5332900
2023-08-17,108.66000366210938,110.27999877929688,108.31999969482422,108.91999816894531,99.30799102783203,6457800
2023-08-18,108.97000122070312,109.5,108.20999908447266,109.19999694824219,99.56328582763672,6711400
2023-08-21,109.08999633789062,110.0,108.94999694824219,109.63999938964844,99.9644546508789,6012500
2023-08-22,109.5999984741211,109.5999984741211,107.19999694824219,107.2300033569336,97.76715087890625,6026000
2023-08-23,109.98999786376953,111.88999938964844,109.81999969482422,111.30000305175781,101.47798156738281,10588200
2023-08-24,110.94999694824219,112.0199966430664,109.08999633789062,109.44999694824219,99.79124450683594,6487700
2023-08-25,109.94000244140625,110.33000183105469,108.9800033569336,110.20999908447266,100.48416137695312,4839100
2023-08-28,110.2300033569336,110.61000061035156,108.6500015258789,108.93000030517578,99.31712341308594,4335600
2023-08-29,109.27999877929688,110.5199966430664,108.93000030517578,109.98999786376953,100.28357696533203,5673100
2023-08-30,110.30000305175781,110.80000305175781,109.72000122070312,110.20999908447266,100.48416137695312,4785000
2023-08-31,110.12000274658203,110.54000091552734,108.88999938964844,108.9800033569336,99.36270904541016,9212000
2023-09-01,109.6500015258789,110.37000274658203,109.25,109.83999633789062,100.14679718017578,4941300
2023-09-05,109.45999908447266,109.72000122070312,107.48999786376953,107.51000213623047,98.02242279052734,6379900
2023-09-06,106.76000213623047,107.0,104.91999816894531,106.48999786376953,97.09245300292969,7926100
2023-09-07,106.91000366210938,108.69000244140625,106.86000061035156,107.94000244140625,98.41448211669922,8532600
2023-09-08,107.54000091552734,109.13999938964844,107.54000091552734,109.05000305175781,99.42652893066406,6807500
2023-09-11,109.33000183105469,109.44000244140625,108.33999633789062,108.5999984741211,99.01624298095703,5069300
2023-09-12,108.41999816894531,109.4800033569336,107.55000305175781,109.0199966430664,99.39916229248047,4605400
2023-09-13,108.9800033569336,109.66999816894531,107.66999816894531,107.80999755859375,98.29596710205078,6761500
2023-09-14,107.69000244140625,108.51000213623047,106.95999908447266,108.23999786376953,99.36079406738281,6872400
2023-09-15,108.12000274658203,108.93000030517578,107.26000213623047,107.5199966430664,98.69984436035156,9639000
2023-09-18,107.7699966430664,107.94000244140625,106.8499984741211,107.81999969482422,98.97525024414062,3911300
2023-09-19,107.6500015258789,108.18000030517578,106.91000366210938,107.36000061035156,98.55298614501953,5818300
2023-09-20,108.20999908447266,108.4000015258789,107.25,107.30999755859375,98.507080078125,4593600
2023-09-21,107.2699966430664,107.87999725341797,106.41999816894531,106.7300033569336,97.97466278076172,5856600
2023-09-22,107.22000122070312,107.22000122070312,105.95999908447266,106.33999633789062,97.61666107177734,5027200
2023-09-25,106.05000305175781,106.19000244140625,105.11000061035156,105.83999633789062,97.15766906738281,6052200
2023-09-26,105.12000274658203,106.55000305175781,105.11000061035156,105.38999938964844,96.74458312988281,5400500
2023-09-27,105.44999694824219,105.5199966430664,103.30000305175781,103.94000244140625,95.41352844238281,5635500
2023-09-28,104.56999969482422,104.97000122070312,103.77999877929688,104.30000305175781,95.74400329589844,4758800
2023-09-29,104.36000061035156,104.68000030517578,102.70999908447266,102.94999694824219,94.5047378540039,7232700
2023-10-02,102.83000183105469,102.83000183105469,101.3499984741211,102.55000305175781,94.13755798339844,7079700
2023-10-03,102.23999786376953,102.44000244140625,100.91999816894531,101.7699966430664,93.4215316772461,5924000
2023-10-04,101.58000183105469,102.43000030517578,101.33000183105469,102.16999816894531,93.78874206542969,6720500
2023-10-05,102.36000061035156,103.70999908447266,102.33999633789062,103.5999984741211,95.10142517089844,6449100
2023-10-06,103.7300033569336,104.43000030517578,102.91999816894531,103.87999725341797,95.35846710205078,6854900
2023-10-09,103.5,105.19000244140625,103.30999755859375,104.5,95.9276123046875,5061100
2023-10-10,104.31999969482422,104.45999908447266,103.16000366210938,103.61000061035156,95.110595703125,7177200
2023-10-11,104.0,104.20999908447266,102.8499984741211,103.45999908447266,94.9729232788086,5375100
2023-10-12,103.5199966430664,103.94999694824219,102.93000030517578,103.58999633789062,95.09224700927734,5124000
2023-10-13,103.61000061035156,104.5199966430664,102.77999877929688,104.01000213623047,95.47779846191406,5787500
2023-10-16,104.19999694824219,105.37000274658203,104.05999755859375,104.13999938964844,95.59712219238281,6473500
2023-10-17,104.0,104.48999786376953,103.1500015258789,104.16999816894531,95.62467956542969,5827200
2023-10-18,104.11000061035156,104.45999908447266,101.91000366210938,101.98999786376953,93.62349700927734,7136400
2023-10-19,101.66000366210938,101.7300033569336,99.13999938964844,100.43000030517578,92.19145965576172,7647600
2023-10-20,99.98999786376953,103.36000061035156,99.98999786376953,102.66999816894531,94.2477035522461,12467500
2023-10-23,102.83000183105469,104.1500015258789,102.66999816894531,103.3499984741211,94.8719253540039,8493000
2023-10-24,103.31999969482422,104.05999755859375,102.68000030517578,103.02999877929688,94.57819366455078,6347900
2023-10-25,103.3499984741211,104.61000061035156,102.94999694824219,103.62999725341797,95.12895965576172,7849200
2023-10-26,103.0999984741211,107.2300033569336,102.98999786376953,105.55000305175781,96.89148712158203,11335700
2023-10-27,105.31999969482422,105.56999969482422,102.22000122070312,102.81999969482422,94.38540649414062,8933800
2023-10-30,103.27999877929688,104.5,102.61000061035156,102.68000030517578,94.25689697265625,6915500
2023-10-31,102.7699966430664,103.55000305175781,101.4000015258789,102.69999694824219,94.2752456665039,7522600
2023-11-01,103.55000305175781,104.2300033569336,102.7300033569336,102.8499984741211,94.41295623779297,5838100
2023-11-02,102.73999786376953,103.05999755859375,101.6500015258789,102.8499984741211,94.41295623779297,5379100
2023-11-03,103.37000274658203,104.25,102.77999877929688,103.37999725341797,94.89947509765625,6005900
2023-11-06,104.08000183105469,104.37000274658203,103.13999938964844,104.33999633789062,95.78071594238281,5951200
2023-11-07,104.3499984741211,104.72000122070312,103.7300033569336,104.0,95.4686050415039,6616400
2023-11-08,103.9800033569336,105.16999816894531,103.83999633789062,104.4000015258789,95.8357925415039,8152100
2023-11-09,104.70999908447266,104.70999908447266,102.1500015258789,102.37999725341797,93.98151397705078,7377000
2023-11-10,102.83999633789062,103.36000061035156,100.5999984741211,101.38999938964844,93.07271575927734,7627100
2023-11-13,101.08999633789062,102.55000305175781,100.58000183105469,102.47000122070312,94.06412506103516,5878200
2023-11-14,102.66000366210938,103.22000122070312,101.9000015258789,102.16999816894531,93.78874206542969,6944400
2023-11-15,101.87999725341797,102.16999816894531,100.72000122070312,101.3499984741211,93.03599548339844,7392600
2023-11-16,101.83000183105469,102.05999755859375,101.02999877929688,101.98999786376953,93.62349700927734,7889700
2023-11-17,102.0,102.41999816894531,100.95999908447266,101.75,93.4031753540039,6767000
2023-11-20,100.97000122070312,102.93000030517578,100.88999938964844,102.68000030517578,94.25689697265625,7449900
2023-11-21,103.0,103.62999725341797,101.8499984741211,102.20999908447266,93.82544708251953,7403500
2023-11-22,102.19999694824219,102.68000030517578,101.11000061035156,101.68000030517578,93.33893585205078,5724000
2023-11-24,102.26000213623047,102.51000213623047,101.44000244140625,101.87000274658203,93.51334381103516,3168000
2023-11-27,101.91000366210938,102.1500015258789,100.69999694824219,101.43000030517578,93.10944366455078,7356500
2023-11-28,101.30999755859375,101.3499984741211,100.01000213623047,100.18000030517578,91.96199035644531,8738500
2023-11-29,100.27999877929688,101.16999816894531,99.80000305175781,101.12999725341797,92.83405303955078,10286800
2023-11-30,100.83999633789062,102.69000244140625,100.27999877929688,102.4800033569336,94.07328796386719,29299700
2023-12-01,102.8499984741211,103.68000030517578,102.66000366210938,103.45999908447266,94.9729232788086,6863400
2023-12-04,103.7300033569336,105.37999725341797,103.7300033569336,105.05999755859375,96.44165802001953,10169900
2023-12-05,104.91999816894531,106.4000015258789,104.18000030517578,106.2300033569336,97.51568603515625,10789100
2023-12-06,106.25,106.56999969482422,105.43000030517578,105.62999725341797,96.96490478515625,9954800
2023-12-07,105.58999633789062,105.5999984741211,103.7300033569336,103.87999725341797,95.35846710205078,9602200
2023-12-08,103.79000091552734,104.01000213623047,102.6500015258789,103.75,95.23912048339844,7530300
2023-12-11,104.8499984741211,105.47000122070312,103.56999969482422,104.37000274658203,95.80827331542969,7429700
2023-12-12,104.4800033569336,104.79000091552734,103.41999816894531,104.36000061035156,95.79907989501953,7933500
2023-12-13,104.16000366210938,107.11000061035156,103.97000122070312,107.11000061035156,98.32349395751953,10995000
2023-12-14,106.68000030517578,107.20999908447266,105.13999938964844,105.87999725341797,97.89816284179688,10723000
2023-12-15,104.88999938964844,106.2699966430664,104.26000213623047,105.11000061035156,97.18621063232422,26393300
2023-12-18,106.16000366210938,107.20999908447266,105.62999725341797,106.04000091552734,98.04610443115234,12805600
2023-12-19,106.05000305175781,106.66000366210938,105.44000244140625,106.48999786376953,98.4621810913086,8043100
2023-12-20,107.13999938964844,107.13999938964844,105.23999786376953,105.36000061035156,97.41736602783203,8441600
2023-12-21,105.79000091552734,106.61000061035156,105.33999633789062,106.38999938964844,98.36972045898438,5919400
2023-12-22,107.1500015258789,108.05999755859375,106.83999633789062,107.69999694824219,99.58096313476562,6028700
2023-12-26,107.5,108.08999633789062,107.22000122070312,107.62999725341797,99.51624298095703,4727700
2023-12-27,107.30999755859375,108.06999969482422,107.01000213623047,107.9800033569336,99.83987426757812,5387000
2023-12-28,108.30000305175781,109.05999755859375,108.12999725341797,108.7699966430664,100.5703125,5530400
2023-12-29,108.98999786376953,109.23999786376953,108.79000091552734,109.0199966430664,100.80145263671875,5889200
2024-01-02,109.16000366210938,113.31999969482422,109.16000366210938,113.23999786376953,104.70331573486328,11920100
2024-01-03,114.2699966430664,115.9000015258789,114.16000366210938,114.7699966430664,106.11799621582031,10721900
2024-01-04,115.91999816894531,117.6500015258789,115.86000061035156,117.01000213623047,108.18912506103516,11492200
2024-01-05,117.0999984741211,117.44999694824219,116.63999938964844,117.22000122070312,108.38330078125,6861500
2024-01-08,117.58999633789062,117.88999938964844,116.18000030517578,117.37999725341797,108.5312271118164,8193100
2024-01-09,117.51000213623047,119.94000244140625,117.20999908447266,118.43000030517578,109.50208282470703,8822300
2024-01-10,118.19000244140625,119.16999816894531,117.73999786376953,118.86000061035156,109.899658203125,7129100
2024-01-11,118.80000305175781,118.9000015258789,117.08000183105469,118.43000030517578,109.50208282470703,5754400
2024-01-12,118.06999969482422,118.66999816894531,117.6500015258789,118.62999725341797,109.68700408935547,6823300
2024-01-16,118.48999786376953,119.33999633789062,117.94000244140625,118.48999786376953,109.55754852294922,6832300
2024-01-17,119.18000030517578,119.4000015258789,117.61000061035156,118.12999725341797,109.22470092773438,5591400
2024-01-18,117.6500015258789,118.62000274658203,116.62000274658203,118.54000091552734,109.60379028320312,10524700
2024-01-19,118.20999908447266,119.0199966430664,117.72000122070312,118.88999938964844,109.92739868164062,7605600
2024-01-22,119.04000091552734,119.97000122070312,118.86000061035156,119.43000030517578,110.42669677734375,8786200
2024-01-23,118.13999938964844,119.98999786376953,117.2699966430664,119.83999633789062,110.8057861328125,6501400
2024-01-24,119.69999694824219,119.94999694824219,118.44000244140625,118.87999725341797,109.91815185546875,5859900
2024-01-25,118.66000366210938,120.18000030517578,118.66000366210938,120.12999725341797,111.07391357421875,6689800
2024-01-26,120.51000213623047,121.0199966430664,120.08000183105469,120.81999969482422,111.71190643310547,8300300
2024-01-29,121.3499984741211,121.45999908447266,120.48999786376953,121.27999877929688,112.1372299194336,9138200
2024-01-30,121.27999877929688,121.76000213623047,120.18000030517578,121.66000366210938,112.48858642578125,7469500
2024-01-31,122.52999877929688,122.8499984741211,120.5,120.77999877929688,111.67491912841797,10779000
2024-02-01,123.6500015258789,126.43000030517578,122.7699966430664,126.37999725341797,116.8527603149414,11650700
2024-02-02,126.70999908447266,127.55999755859375,126.11000061035156,126.41000366210938,116.88050842285156,10175600
2024-02-05,126.9800033569336,127.80000305175781,125.69999694824219,126.18000030517578,116.6678466796875,8027700
2024-02-06,126.61000061035156,127.5199966430664,126.06999969482422,126.87999725341797,117.3150634765625,6153000
2024-02-07,126.9000015258789,128.05999755859375,126.5,127.47000122070312,117.86061096191406,6742800
2024-02-08,127.31999969482422,127.4800033569336,125.94999694824219,126.61000061035156,117.06542205810547,6308300
2024-02-09,126.22000122070312,126.69000244140625,125.04000091552734,125.44999694824219,115.99285125732422,7891200
2024-02-12,125.0,125.4800033569336,124.4000015258789,125.33999633789062,115.89115142822266,5257400
2024-02-13,125.9800033569336,126.86000061035156,124.4800033569336,125.43000030517578,115.97438049316406,7273400
2024-02-14,125.61000061035156,126.02999877929688,124.81999969482422,125.81999969482422,116.33497619628906,6622400
2024-02-15,125.97000122070312,127.2300033569336,125.94999694824219,126.54000091552734,117.00070190429688,5756700
2024-02-16,126.5,128.08999633789062,126.16999816894531,127.79000091552734,118.15645599365234,6266800
2024-02-20,128.1300048828125,129.2899932861328,127.20999908447266,127.37000274658203,117.76813507080078,6952800
2024-02-21,127.44000244140625,128.16000366210938,126.80000305175781,128.1199951171875,118.46159362792969,4849200
2024-02-22,128.14999389648438,129.72000122070312,127.6500015258789,129.25999450683594,119.51563262939453,6517400
2024-02-23,129.7899932861328,130.24000549316406,128.86000061035156,129.4499969482422,119.69133758544922,5177400
2024-02-26,129.3800048828125,129.6999969482422,128.47000122070312,128.83999633789062,119.1273193359375,5158400
2024-02-27,128.25999450683594,129.16000366210938,127.80000305175781,129.02999877929688,119.30298614501953,4780200
2024-02-28,129.33999633789062,129.39999389648438,127.69999694824219,128.19000244140625,118.52632904052734,5697200
2024-02-29,128.10000610351562,128.85000610351562,127.05999755859375,127.1500015258789,117.5647201538086,11246100
2024-03-01,126.87000274658203,127.8499984741211,126.41999816894531,126.95999908447266,117.38904571533203,6023400
2024-03-04,124.45999908447266,126.54000091552734,123.29000091552734,124.05000305175781,114.69842529296875,12706200
2024-03-05,124.68000030517578,125.04000091552734,122.38999938964844,122.83000183105469,113.57038116455078,8277800
2024-03-06,122.83999633789062,124.76000213623047,122.51000213623047,123.75,114.42103576660156,8251400
2024-03-07,123.36000061035156,124.52999877929688,122.81999969482422,123.98999786376953,114.64293670654297,8982200
2024-03-08,123.2300033569336,124.04000091552734,122.05999755859375,123.5,114.18987274169922,9822700
2024-03-11,124.6500015258789,124.6500015258789,121.83999633789062,122.7699966430664,113.51490020751953,7769300
2024-03-12,123.0,123.20999908447266,121.43000030517578,122.66000366210938,113.4132080078125,11621800
2024-03-13,123.16000366210938,123.20999908447266,120.80000305175781,122.16000366210938,112.95088958740234,9186000
2024-03-14,121.31999969482422,121.31999969482422,119.66000366210938,120.51000213623047,112.13206481933594,10132500
2024-03-15,119.83999633789062,121.94000244140625,119.2300033569336,121.5199966430664,113.07184600830078,46477400
2024-03-18,121.8499984741211,122.51000213623047,121.12999725341797,121.44000244140625,112.9974136352539,8311900
2024-03-19,121.44000244140625,122.26000213623047,120.43000030517578,122.19999694824219,113.70457458496094,11696600
2024-03-20,121.27999877929688,123.91000366210938,120.37999725341797,123.8499984741211,115.23986053466797,9793200
2024-03-21,123.69000244140625,124.19000244140625,123.05999755859375,123.62000274658203,115.02586364746094,8156300
2024-03-22,123.79000091552734,124.48999786376953,123.22000122070312,123.8499984741211,115.23986053466797,7022500
2024-03-25,124.08000183105469,125.58000183105469,123.7699966430664,125.30999755859375,116.59835815429688,7605800
2024-03-26,125.77999877929688,126.08000183105469,124.8499984741211,125.5199966430664,116.79376220703125,8864400
2024-03-27,132.8699951171875,133.10000610351562,130.11000061035156,131.75,122.59064483642578,16061600
2024-03-28,132.0,132.4199981689453,131.0800018310547,131.9499969482422,122.77674865722656,10189700
2024-04-01,131.67999267578125,131.92999267578125,130.11000061035156,130.99000549316406,121.88349151611328,5377600
2024-04-02,130.10000610351562,130.75999450683594,129.27999877929688,130.35000610351562,121.2879867553711,6584200
2024-04-03,130.35000610351562,132.3000030517578,129.42999267578125,129.89999389648438,120.8692626953125,7741400
2024-04-04,130.8300018310547,130.94000244140625,127.33999633789062,127.66000366210938,118.78500366210938,6753200
2024-04-05,127.6500015258789,128.60000610351562,127.0,127.98999786376953,119.0920639038086,5692900
2024-04-08,127.63999938964844,127.91999816894531,125.87999725341797,126.55999755859375,117.76148223876953,6282500
2024-04-09,126.58000183105469,127.0,125.51000213623047,126.70999908447266,117.90103149414062,4696600
2024-04-10,125.86000061035156,127.0,125.05000305175781,126.75,117.93824768066406,5787700
2024-04-11,126.55000305175781,127.13999938964844,125.45999908447266,126.1500015258789,117.37997436523438,6187200
2024-04-12,127.04000091552734,127.11000061035156,125.0999984741211,125.73999786376953,116.99847412109375,7370000
2024-04-15,126.69000244140625,127.81999969482422,125.87000274658203,126.19000244140625,117.41719818115234,6241000
2024-04-16,126.55999755859375,126.80000305175781,125.02999877929688,125.05999755859375,116.3657455444336,5587300
2024-04-17,125.66999816894531,126.19000244140625,124.70999908447266,125.37000274658203,116.65420532226562,6122800
2024-04-18,125.5199966430664,125.5199966430664,124.5,125.2300033569336,116.52393341064453,5992700
2024-04-19,125.6500015258789,126.12000274658203,124.88999938964844,125.77999877929688,117.03569030761719,8404300
2024-04-22,126.70999908447266,128.0800018310547,126.22000122070312,126.94000244140625,118.11505126953125,7805800
2024-04-23,128.10000610351562,128.10000610351562,126.73999786376953,126.87999725341797,118.05921173095703,7744000
2024-04-24,126.81999969482422,127.58999633789062,125.3499984741211,127.0,118.1708755493164,7128300
2024-04-25,129.69000244140625,132.8000030517578,128.75999450683594,130.72000122070312,121.63226318359375,12750100
2024-04-26,130.1300048828125,131.91000366210938,130.1300048828125,131.1999969482422,122.07889556884766,7758200
2024-04-29,131.72000122070312,132.1999969482422,129.3300018310547,130.1199951171875,121.07396697998047,6788000
2024-04-30,130.9199981689453,130.9199981689453,128.97999572753906,129.22000122070312,120.23654174804688,6945000
2024-05-01,128.61000061035156,129.92999267578125,127.80000305175781,128.8000030517578,119.84574127197266,5895700
2024-05-02,129.05999755859375,129.69000244140625,127.98999786376953,128.25999450683594,119.34327697753906,7422500
2024-05-03,128.00999450683594,128.47999572753906,127.18000030517578,127.51000213623047,118.64541625976562,6221900
2024-05-06,127.18000030517578,127.7300033569336,126.76000213623047,127.56999969482422,118.70125579833984,6552000
2024-05-07,127.0999984741211,130.42999267578125,127.06999969482422,130.3800048828125,121.31590270996094,6682300
2024-05-08,130.5800018310547,131.50999450683594,129.3300018310547,129.5500030517578,120.5436019897461,6659100
2024-05-09,128.94000244140625,130.5,128.94000244140625,130.22999572753906,121.17631530761719,9216700
2024-05-10,130.82000732421875,130.8800048828125,129.9499969482422,130.05999755859375,121.01813507080078,5722600
2024-05-13,129.50999450683594,129.7100067138672,128.02000427246094,129.2899932861328,120.30167388916016,7109700
2024-05-14,129.1999969482422,129.1999969482422,128.02999877929688,128.66000366210938,119.71548461914062,6154300
2024-05-15,128.8800048828125,131.97000122070312,128.72000122070312,131.72999572753906,122.57205200195312,7237100
2024-05-16,131.3699951171875,131.77999877929688,130.7899932861328,130.8800048828125,121.7811279296875,5518100
2024-05-17,130.69000244140625,131.32000732421875,129.80999755859375,131.19000244140625,122.06958770751953,8281600
2024-05-20,130.80999755859375,131.74000549316406,130.64999389648438,130.99000549316406,121.88349151611328,4860400
2024-05-21,131.67999267578125,132.7899932861328,130.47999572753906,130.75999450683594,121.66947937011719,6254700
2024-05-22,130.1699981689453,131.60000610351562,130.14999389648438,131.10000610351562,121.98584747314453,4407500
2024-05-23,130.89999389648438,131.9199981689453,130.30999755859375,131.08999633789062,121.97654724121094,6830900
2024-05-24,131.4499969482422,131.4499969482422,129.16000366210938,129.49000549316406,120.4877700805664,5983800
2024-05-28,128.83999633789062,129.0800018310547,125.73999786376953,126.08999633789062,117.32415771484375,10263400
2024-05-29,126.13999938964844,126.44999694824219,125.27999877929688,125.9000015258789,117.1473617553711,8527800
2024-05-30,125.9800033569336,127.8499984741211,122.69999694824219,124.52999877929688,115.87260437011719,13000300
2024-05-31,125.12999725341797,126.61000061035156,124.55000305175781,125.54000091552734,116.81239318847656,18150500
2024-06-03,125.7699966430664,128.9499969482422,125.7699966430664,128.4199981689453,119.49214935302734,7702500
2024-06-04,127.1500015258789,129.36000061035156,126.87999725341797,128.7100067138672,119.76200103759766,6440100
2024-06-05,128.47999572753906,129.94000244140625,128.07000732421875,129.4499969482422,120.45055389404297,5009400
2024-06-06,129.16000366210938,130.92999267578125,128.89999389648438,130.52000427246094,121.44617462158203,8088500
2024-06-07,130.35000610351562,131.3699951171875,130.2100067138672,130.6699981689453,121.58573913574219,4945600
2024-06-10,130.6300048828125,131.67999267578125,129.64999389648438,131.49000549316406,122.34874725341797,6033700
2024-06-11,131.0,132.1699981689453,129.74000549316406,131.83999633789062,122.67440032958984,11453200
2024-06-12,132.6999969482422,132.7100067138672,130.16000366210938,130.1999969482422,121.14840698242188,5822000
2024-06-13,130.02000427246094,130.1199951171875,128.58999633789062,129.3699951171875,120.37611389160156,5004200
2024-06-14,129.16000366210938,129.8699951171875,128.64999389648438,129.47999572753906,120.47846221923828,7338500
2024-06-17,128.2100067138672,128.94000244140625,127.37000274658203,127.5,119.34584045410156,8524000
2024-06-18,128.27000427246094,128.72999572753906,127.08999633789062,127.98999786376953,119.80451965332031,6532400
2024-06-20,127.38999938964844,130.42999267578125,126.75,129.6699981689453,121.37705993652344,10348400
2024-06-21,130.1699981689453,131.1999969482422,129.08999633789062,130.72000122070312,122.35990905761719,17170800
2024-06-24,131.27000427246094,133.30999755859375,130.92999267578125,132.9600067138672,124.4566650390625,8553800
2024-06-25,133.1199951171875,134.6300048828125,132.60000610351562,132.9199981689453,124.41919708251953,6750600
2024-06-26,133.3800048828125,133.42999267578125,131.49000549316406,131.5,123.09003448486328,8492100
2024-06-27,131.99000549316406,132.2899932861328,126.77999877929688,129.82000732421875,121.51748657226562,11927600
2024-06-28,129.5399932861328,130.97000122070312,120.87000274658203,123.80000305175781,115.88248443603516,57055500
2024-07-01,125.37999725341797,129.19000244140625,125.0999984741211,127.9000015258789,119.72028350830078,11533000
2024-07-02,128.2100067138672,128.24000549316406,126.66000366210938,127.72000122070312,119.55178833007812,5645400
2024-07-03,127.69000244140625,127.94000244140625,125.30000305175781,125.8499984741211,117.80137634277344,4002100
2024-07-05,126.52999877929688,126.5999984741211,124.91000366210938,126.44999694824219,118.36300659179688,6786700
2024-07-08,126.80000305175781,127.45999908447266,125.33000183105469,125.77999877929688,117.73585510253906,5743400
2024-07-09,125.23999786376953,126.0999984741211,123.69999694824219,126.04000091552734,117.9792251586914,6339000
2024-07-10,125.87999725341797,127.4800033569336,125.83000183105469,127.30000305175781,119.15866088867188,4588500
2024-07-11,127.61000061035156,129.1199951171875,127.58999633789062,128.97000122070312,120.72183990478516,7048800
2024-07-12,129.39999389648438,129.92999267578125,127.31999969482422,127.76000213623047,119.58922576904297,7022300
2024-07-15,128.0,128.33999633789062,127.19999694824219,128.1199951171875,119.92620849609375,6918500
2024-07-16,127.87000274658203,129.02999877929688,125.19999694824219,125.44000244140625,117.4176025390625,8194400
2024-07-17,125.47000122070312,126.69000244140625,124.55999755859375,125.88999938964844,117.83882141113281,7628000
2024-07-18,125.30000305175781,125.5999984741211,122.37000274658203,124.25,116.30370330810547,9501400
2024-07-19,125.30000305175781,126.98999786376953,125.18000030517578,125.7699966430664,117.72648620605469,6848800
2024-07-22,125.94999694824219,126.48999786376953,125.02999877929688,125.69000244140625,117.651611328125,4341800
2024-07-23,124.98999786376953,125.62000274658203,124.18000030517578,124.37999725341797,116.42539978027344,4285400
2024-07-24,124.97000122070312,126.16999816894531,124.68000030517578,125.91999816894531,117.86689758300781,6338500
2024-07-25,126.02999877929688,127.8499984741211,125.70999908447266,125.8499984741211,117.80137634277344,7357100
2024-07-26,127.23999786376953,128.72999572753906,125.05000305175781,125.26000213623047,117.24910736083984,6467000
2024-07-29,125.77999877929688,127.98999786376953,124.91999816894531,127.77999877929688,119.60794067382812,9139500
2024-07-30,123.4800033569336,123.94000244140625,113.91000366210938,115.25,107.87928009033203,35509400
2024-07-31,116.0,117.83999633789062,112.22000122070312,113.12999725341797,105.89486694335938,22733000
2024-08-01,113.12999725341797,114.47000122070312,111.41000366210938,113.81999969482422,106.5407485961914,14117500
2024-08-02,115.16000366210938,117.30000305175781,114.36000061035156,115.19999694824219,107.83248901367188,16562300
2024-08-05,114.94999694824219,115.12000274658203,111.33999633789062,112.30999755859375,105.1273193359375,13334000
2024-08-06,112.30000305175781,113.08000183105469,110.91999816894531,111.1500015258789,104.04151153564453,9761900
2024-08-07,111.68000030517578,112.55000305175781,110.72000122070312,112.48999786376953,105.29580688476562,9756500
2024-08-08,112.91999816894531,114.2300033569336,112.56999969482422,113.91999816894531,106.63435363769531,8278200
2024-08-09,113.77999877929688,114.72000122070312,112.87000274658203,114.55000305175781,107.22406768798828,5914100
2024-08-12,114.70999908447266,114.70999908447266,113.11000061035156,113.4800033569336,106.22248077392578,6536000
2024-08-13,113.56999969482422,114.87000274658203,112.83999633789062,114.38999938964844,107.07429504394531,9040300
2024-08-14,113.66000366210938,113.93000030517578,111.51000213623047,113.58000183105469,106.31609344482422,11029400
2024-08-15,114.16999816894531,114.5,112.56999969482422,113.30999755859375,106.06336212158203,9685100
2024-08-16,113.61000061035156,113.72000122070312,112.62000274658203,113.66999816894531,106.40032958984375,10102300
2024-08-19,113.66000366210938,114.5999984741211,113.30999755859375,114.41999816894531,107.10236358642578,6177500
2024-08-20,114.76000213623047,115.30000305175781,114.55000305175781,115.13999938964844,107.77632141113281,5392300
2024-08-21,114.77999877929688,116.5999984741211,114.55000305175781,116.02999877929688,108.60941314697266,8144100
2024-08-22,116.30000305175781,116.72000122070312,115.22000122070312,116.55000305175781,109.09613800048828,8201200
2024-08-23,116.80000305175781,116.80999755859375,115.91999816894531,116.5999984741211,109.14295196533203,8368200
2024-08-26,116.7300033569336,117.9000015258789,116.16000366210938,116.2699966430664,108.83404541015625,6518700
2024-08-27,116.2699966430664,116.62000274658203,115.25,116.5,109.04935455322266,5502600
2024-08-28,116.5999984741211,118.0199966430664,116.23999786376953,117.4000015258789,109.89179229736328,5403200
2024-08-29,117.93000030517578,118.4000015258789,116.79000091552734,117.45999908447266,109.94796752929688,7202500
2024-08-30,117.2699966430664,118.75,117.1500015258789,118.44999694824219,110.87461853027344,8876500
2024-09-03,118.26000213623047,118.83999633789062,116.41999816894531,116.58000183105469,109.12423706054688,7640300
2024-09-04,116.66000366210938,116.7300033569336,114.47000122070312,115.80000305175781,108.39412689208984,7693400
2024-09-05,116.61000061035156,120.06999969482422,116.3499984741211,118.58999633789062,111.00568389892578,12009700
2024-09-06,119.0999984741211,120.30000305175781,117.6500015258789,117.83999633789062,110.30364990234375,8577300
2024-09-09,113.1500015258789,116.9000015258789,112.41000366210938,115.41000366210938,108.02906036376953,14880200
2024-09-10,115.20999908447266,116.08999633789062,113.33000183105469,115.33000183105469,107.95418548583984,12734500
2024-09-11,114.94000244140625,115.88999938964844,114.2699966430664,114.70999908447266,107.37380981445312,7836600
2024-09-12,114.47000122070312,115.51000213623047,114.04000091552734,115.25,107.87928009033203,8330900
2024-09-13,116.08999633789062,116.7699966430664,115.0,115.86000061035156,108.45027160644531,6709600
2024-09-16,115.80000305175781,118.37000274658203,115.80000305175781,117.95999908447266,111.15470886230469,7846100
2024-09-17,118.97000122070312,119.13999938964844,117.7300033569336,118.29000091552734,111.4656753540039,7914900
2024-09-18,118.19999694824219,119.37999725341797,117.87000274658203,118.63999938964844,111.79547119140625,11135600
2024-09-19,118.9000015258789,119.19999694824219,116.29000091552734,117.2300033569336,110.46682739257812,9963000
2024-09-20,117.2699966430664,117.5,116.41000366210938,117.16999816894531,110.4102783203125,21200900
2024-09-23,117.19999694824219,118.16000366210938,115.5199966430664,115.62999725341797,108.95912170410156,6665300
2024-09-24,115.8499984741211,116.26000213623047,114.31999969482422,114.95999908447266,108.3277816772461,9840400
2024-09-25,115.30000305175781,116.0199966430664,114.62000274658203,114.7300033569336,108.11105346679688,7902300
2024-09-26,113.87999725341797,114.0,112.93000030517578,113.08999633789062,106.56566619873047,11132100
2024-09-27,113.16999816894531,114.33999633789062,113.0,113.69000244140625,107.13104248046875,11920100
2024-09-30,113.61000061035156,114.01000213623047,112.69999694824219,113.55999755859375,107.00855255126953,10936900
2024-10-01,113.95999908447266,114.79000091552734,113.11000061035156,114.73999786376953,108.12046813964844,7715500
2024-10-02,114.55000305175781,114.5999984741211,111.9800033569336,112.08000183105469,105.61393737792969,9041800
2024-10-03,111.81999969482422,112.08000183105469,109.83000183105469,110.18000030517578,103.82353973388672,10280600
2024-10-04,109.48999786376953,110.30000305175781,109.38999938964844,109.7699966430664,103.43720245361328,9704700
2024-10-07,109.69999694824219,110.9800033569336,108.18000030517578,108.58999633789062,102.32526397705078,8654800
2024-10-08,107.97000122070312,108.75,107.80999755859375,108.5199966430664,102.25931549072266,8832400
2024-10-09,108.41000366210938,110.30000305175781,108.19999694824219,110.2699966430664,103.9083480834961,8627800
2024-10-10,110.69999694824219,110.83000183105469,109.16999816894531,109.4000015258789,103.08854675292969,6006700
2024-10-11,109.0999984741211,109.91999816894531,107.9000015258789,109.7300033569336,103.39950561523438,8578400
2024-10-14,109.43000030517578,110.06999969482422,108.68000030517578,109.69000244140625,103.36180877685547,8130700
2024-10-15,109.95999908447266,111.58000183105469,109.88999938964844,111.52999877929688,105.09566497802734,9109500
2024-10-16,111.0,111.19999694824219,109.0199966430664,110.41999816894531,104.0497055053711,8729200
2024-10-17,110.13999938964844,110.19000244140625,109.5,109.75,103.4183578491211,8541700
2024-10-18,109.9000015258789,109.91999816894531,108.55999755859375,108.69999694824219,102.4289321899414,9523000
2024-10-21,109.08000183105469,109.16999816894531,106.18000030517578,106.33999633789062,100.20508575439453,11444900
2024-10-22,105.91000366210938,106.9000015258789,105.70999908447266,106.63999938964844,100.4877700805664,11576100
2024-10-23,106.73999786376953,107.36000061035156,106.19999694824219,106.37999725341797,100.24276733398438,8271700
2024-10-24,106.05000305175781,106.62000274658203,105.26000213623047,105.87999725341797,99.77161407470703,8295900
2024-10-25,106.48999786376953,106.48999786376953,103.86000061035156,103.9800033569336,97.98123931884766,9625500
2024-10-28,104.5999984741211,105.0,103.93000030517578,104.2300033569336,98.21680450439453,6968900
2024-10-29,104.31999969482422,105.11000061035156,103.69999694824219,103.7300033569336,97.74565887451172,9296200
2024-10-30,103.45999908447266,105.0,102.9000015258789,104.83000183105469,98.78221130371094,13897200
2024-10-31,100.93000030517578,103.2300033569336,98.5999984741211,102.31999969482422,96.41699981689453,17413100
2024-11-01,101.77999877929688,102.72000122070312,101.20999908447266,101.87999725341797,96.00238800048828,10180600
2024-11-04,102.0,102.52999877929688,100.94999694824219,101.87000274658203,95.99295806884766,9182600
2024-11-05,101.36000061035156,101.7300033569336,100.5199966430664,101.6500015258789,95.78565979003906,6741400
2024-11-06,103.18000030517578,103.2300033569336,100.5999984741211,100.7300033569336,94.91873168945312,9551300
2024-11-07,101.44000244140625,101.69000244140625,100.8499984741211,101.16999816894531,95.33334350585938,8676100
2024-11-08,101.4800033569336,103.2300033569336,101.0,102.91999816894531,96.98238372802734,9208000
2024-11-11,102.52999877929688,103.4000015258789,100.45999908447266,100.7300033569336,94.91873168945312,10075300
2024-11-12,100.76000213623047,100.7699966430664,98.5,98.58000183105469,92.89276885986328,12282900
2024-11-13,98.51000213623047,99.44999694824219,97.9000015258789,98.5,92.8173828125,8869700
2024-11-14,99.18000030517578,99.4000015258789,97.94999694824219,98.36000061035156,92.68546295166016,8704500
2024-11-15,97.91999816894531,97.91999816894531,94.4800033569336,96.30999755859375,90.75371551513672,16464500
2024-11-18,96.55999755859375,97.29000091552734,95.41999816894531,96.55999755859375,90.98930358886719,14139900
2024-11-19,96.7300033569336,97.55000305175781,95.26000213623047,96.54000091552734,90.970458984375,13093100
2024-11-20,96.9800033569336,98.83999633789062,96.66000366210938,97.44000244140625,91.81853485107422,12136800
2024-11-21,97.72000122070312,100.4800033569336,96.94999694824219,99.86000061035156,94.09892272949219,15670300
2024-11-22,100.33000183105469,101.79000091552734,98.93000030517578,99.18000030517578,93.45816040039062,14031200
2024-11-25,100.08999633789062,101.73999786376953,99.51000213623047,101.16000366210938,95.32392120361328,34659100
2024-11-26,101.4800033569336,101.80000305175781,99.69999694824219,101.62000274658203,95.75737762451172,9324100
2024-11-27,101.6500015258789,103.44999694824219,101.63999938964844,103.12000274658203,97.17084503173828,9802200
2024-11-29,102.87999725341797,103.04000091552734,101.52999877929688,101.63999938964844,95.77623748779297,6081200
2024-12-02,101.7300033569336,101.8499984741211,100.45999908447266,100.61000061035156,94.80565643310547,13703100
2024-12-03,100.75,102.44999694824219,100.62000274658203,101.8499984741211,95.97412109375,11395600
2024-12-04,102.02999877929688,102.08999633789062,101.05000305175781,101.37000274658203,95.52181243896484,11315000
2024-12-05,101.48999786376953,104.13999938964844,101.3499984741211,103.55000305175781,97.57604217529297,11062700
2024-12-06,103.61000061035156,103.94999694824219,102.69000244140625,103.08999633789062,97.142578125,11470700
2024-12-09,102.86000061035156,105.06999969482422,102.33000183105469,103.79000091552734,97.80220031738281,19162500
2024-12-10,103.7699966430664,103.7699966430664,100.73999786376953,101.0,95.17314910888672,11359400
2024-12-11,100.69999694824219,101.44999694824219,99.26000213623047,99.75,93.99526977539062,21613000
2024-12-12,101.69000244140625,103.0,100.12000274658203,101.25,95.40872955322266,9554400
2024-12-13,101.12999725341797,102.56999969482422,100.52999877929688,102.0,96.11546325683594,10118200
2024-12-16,101.25,102.27999877929688,100.05000305175781,100.05999755859375,95.04212951660156,11701100
2024-12-17,99.9000015258789,100.80000305175781,99.36000061035156,100.05999755859375,95.04212951660156,13975100
2024-12-18,100.19000244140625,101.5,98.2699966430664,98.33999633789062,93.40838623046875,11993400
2024-12-19,98.55999755859375,99.94000244140625,97.81999969482422,99.5199966430664,94.52921295166016,12110800
2024-12-20,98.83000183105469,99.68000030517578,97.9000015258789,98.05000305175781,93.1329345703125,29289700
2024-12-23,99.08999633789062,99.58999633789062,98.19999694824219,99.37000274658203,94.3867416381836,8460500
2024-12-24,99.22000122070312,99.63999938964844,98.80000305175781,99.44999694824219,94.46272277832031,3713500
2024-12-26,99.08999633789062,99.94000244140625,98.91999816894531,99.87000274658203,94.86165618896484,4760300
2024-12-27,99.5,100.3499984741211,99.23999786376953,99.69999694824219,94.70018768310547,6173600
2024-12-30,99.56999969482422,99.56999969482422,98.2699966430664,98.37000274658203,93.43688201904297,6848700
2024-12-31,98.5,99.52999877929688,98.43000030517578,99.4800033569336,94.4912109375,6598200
2025-01-02,100.27999877929688,100.3499984741211,98.83000183105469,99.16999816894531,94.19676971435547,6153300
2025-01-03,99.33999633789062,99.75,98.69000244140625,99.13999938964844,94.16827392578125,6070300
2025-01-06,98.7699966430664,100.33000183105469,98.41999816894531,99.72000122070312,94.71918487548828,10111100
2025-01-07,100.12999725341797,102.97000122070312,100.05000305175781,101.0199966430664,95.95399475097656,10890900
2025-01-08,100.69999694824219,100.7699966430664,98.05000305175781,99.8499984741211,94.84265899658203,8654700
2025-01-10,99.20999908447266,100.41000366210938,98.80999755859375,99.25,94.27275085449219,11328500
2025-01-13,99.45999908447266,101.16000366210938,98.98999786376953,100.9800033569336,95.9159927368164,8168100
2025-01-14,101.26000213623047,101.48999786376953,99.01000213623047,99.6500015258789,94.65270233154297,10927400
2025-01-15,100.0999984741211,100.81999969482422,99.61000061035156,100.08999633789062,95.07062530517578,9170300
2025-01-16,100.44000244140625,100.9000015258789,99.94999694824219,100.69999694824219,95.65003204345703,7749600
2025-01-17,100.47000122070312,100.47000122070312,97.91999816894531,97.91999816894531,93.00945281982422,16182000
2025-01-21,98.08000183105469,98.2699966430664,95.76000213623047,96.23999786376953,91.4136962890625,17756100
2025-01-22,95.95999908447266,97.0,95.1500015258789,95.68000030517578,90.88177490234375,13070900
2025-01-23,96.11000061035156,97.16000366210938,95.22000122070312,96.62999725341797,91.78414154052734,11522800
2025-01-24,96.79000091552734,97.0999984741211,95.41000366210938,95.55000305175781,90.75831604003906,12244800
2025-01-27,96.62999725341797,98.62000274658203,95.9800033569336,97.94000244140625,93.02845001220703,15093400
2025-01-28,97.3499984741211,98.87999725341797,96.58999633789062,97.44999694824219,92.56301879882812,12840900
2025-01-29,97.41999816894531,99.1500015258789,97.38999938964844,98.27999877929688,93.35139465332031,10225500
2025-01-30,99.41000366210938,99.41000366210938,98.2300033569336,98.94999694824219,93.98779296875,10164700
2025-01-31,99.0999984741211,100.05999755859375,98.58000183105469,98.81999969482422,93.86431121826172,11420200
2025-02-03,98.12999725341797,100.1500015258789,98.0,99.79000091552734,94.7856674194336,13363900
2025-02-04,89.0,91.2300033569336,87.33000183105469,90.73999786376953,86.18951416015625,50837600
2025-02-05,90.38999938964844,90.73999786376953,88.0,89.66999816894531,85.17317199707031,21670600
2025-02-06,89.41000366210938,89.56999969482422,87.83999633789062,88.05000305175781,83.6344223022461,19509700
2025-02-07,87.5199966430664,88.5999984741211,87.12000274658203,87.27999877929688,82.90302276611328,15815000
2025-02-10,87.19999694824219,87.9800033569336,86.2699966430664,86.4000015258789,82.0671615600586,21212100
2025-02-11,86.05999755859375,86.98999786376953,85.7300033569336,86.54000091552734,82.20014190673828,20922300
2025-02-12,86.06999969482422,86.66999816894531,85.61000061035156,85.66999816894531,81.37376403808594,14785300
2025-02-13,85.58999633789062,85.69999694824219,84.30999755859375,84.41999816894531,80.18645477294922,20415100
2025-02-14,84.41999816894531,84.77999877929688,82.08999633789062,83.01000213623047,78.84716796875,26779000
2025-02-18,81.12999725341797,83.58999633789062,81.04000091552734,83.29000091552734,79.11312103271484,25897800
2025-02-19,83.23999786376953,85.62999725341797,82.8499984741211,85.5999984741211,81.30728149414062,17435100
2025-02-20,85.9000015258789,87.69999694824219,85.9000015258789,87.68000030517578,83.28296661376953,14851500
2025-02-21,88.0,89.52999877929688,87.01000213623047,89.5,85.0116958618164,15678900
2025-02-24,89.70999908447266,91.8499984741211,88.93000030517578,91.2699966430664,86.69293212890625,19452300
2025-02-25,91.75,93.05999755859375,90.44000244140625,91.43000030517578,86.84492492675781,18417300
2025-02-26,91.30000305175781,91.37000274658203,88.86000061035156,89.37999725341797,84.89771270751953,13534200
2025-02-27,89.3499984741211,90.97000122070312,89.25,90.58000183105469,86.03752899169922,10717500
2025-02-28,90.70999908447266,92.3499984741211,90.70999908447266,92.25,87.62379455566406,15482100
2025-03-03,91.77999877929688,93.20999908447266,91.77999877929688,93.1500015258789,88.47866821289062,13636100
2025-03-04,93.56999969482422,95.36000061035156,92.31999969482422,92.55999755859375,87.91824340820312,15073000
2025-03-05,91.08000183105469,93.44999694824219,90.5,93.19000244140625,88.51665496826172,13117100
2025-03-06,93.12999725341797,94.05000305175781,91.77999877929688,94.0,89.2860336303711,11300200
2025-03-07,94.26000213623047,97.37000274658203,93.8499984741211,94.6500015258789,89.9034423828125,24100900
2025-03-10,94.69000244140625,97.0,94.69000244140625,95.2300033569336,90.45435333251953,20897600
2025-03-11,94.9800033569336,95.37999725341797,93.58000183105469,94.7300033569336,89.97943878173828,21734800
2025-03-12,94.06999969482422,94.4000015258789,92.86000061035156,93.3499984741211,88.66863250732422,11896000
2025-03-13,93.4000015258789,96.33999633789062,93.4000015258789,94.70999908447266,89.9604263305664,16570100
2025-03-14,94.27999877929688,94.87999725341797,93.44999694824219,94.56999969482422,89.82744598388672,12681100
2025-03-17,93.6500015258789,95.30000305175781,93.08000183105469,94.79000091552734,90.81424713134766,12237900
2025-03-18,95.2300033569336,95.41000366210938,93.83999633789062,94.72000122070312,90.74718475341797,8670100
2025-03-19,95.25,95.43000030517578,93.63999938964844,94.0199966430664,90.0765380859375,11355900
2025-03-20,94.0,95.16000366210938,93.68000030517578,94.7300033569336,90.75677490234375,12970200
2025-03-21,94.58000183105469,94.68000030517578,93.06999969482422,93.11000061035156,89.20470428466797,68435800
2025-03-24,92.9000015258789,93.11000061035156,91.55999755859375,92.30999755859375,88.43826293945312,16950100
2025-03-25,92.30999755859375,92.30999755859375,87.08000183105469,87.87000274658203,84.18450164794922,20640200
2025-03-26,88.23999786376953,89.31999969482422,87.30999755859375,88.11000061035156,84.41442108154297,13808800
2025-03-27,88.5,88.55999755859375,87.37999725341797,87.5999984741211,83.92581939697266,12931900
2025-03-28,88.19999694824219,90.13999938964844,87.66999816894531,89.2300033569336,85.4874496459961,12393500
2025-03-31,89.25,90.2699966430664,88.37000274658203,89.76000213623047,85.99520874023438,15003000
2025-04-01,89.75,89.75,86.61000061035156,87.12000274658203,83.46595001220703,13922100
2025-04-02,86.87999725341797,87.06999969482422,85.31999969482422,86.5999984741211,82.9677505493164,10590800
2025-04-03,88.7300033569336,88.9000015258789,86.26000213623047,86.38999938964844,82.76656341552734,12684100
2025-04-04,86.12000274658203,86.2699966430664,81.08000183105469,81.47000122070312,78.05292510986328,22965700
2025-04-07,81.01000213623047,83.20999908447266,79.30000305175781,81.18000030517578,77.77509307861328,26582000
2025-04-08,83.20999908447266,83.2699966430664,77.54000091552734,78.94999694824219,75.63861846923828,20571600
2025-04-09,76.76000213623047,81.98999786376953,76.0,81.91000366210938,78.47447204589844,22928300
2025-04-10,80.61000061035156,81.12000274658203,75.95999908447266,77.55000305175781,74.29734802246094,19466900
2025-04-11,77.87000274658203,79.44000244140625,76.3499984741211,79.18000030517578,75.85896301269531,16194400
2025-04-14,80.0199966430664,80.0199966430664,78.36000061035156,79.16999816894531,75.8493881225586,15796700
2025-04-15,79.55000305175781,79.95999908447266,77.72000122070312,78.38999938964844,75.10211944580078,16042500
2025-04-16,78.47000122070312,78.69000244140625,75.93000030517578,76.45999908447266,73.25305938720703,16551300
2025-04-17,76.88999938964844,78.75,76.87999725341797,78.0,74.72846221923828,21416500
2025-04-21,78.08000183105469,78.19000244140625,76.98999786376953,77.8499984741211,74.58476257324219,11010000
2025-04-22,78.02999877929688,79.04000091552734,77.66000366210938,78.97000122070312,75.65778350830078,12918200
2025-04-23,78.5,80.19999694824219,78.0,78.73999786376953,75.43743133544922,17935700
2025-04-24,78.27999877929688,79.97000122070312,76.02999877929688,79.83999633789062,76.49128723144531,18471500
2025-04-25,80.16999816894531,83.27999877929688,78.05999755859375,82.73999786376953,79.26964569091797,28378000
2025-04-28,83.0,83.68000030517578,82.4000015258789,83.19000244140625,79.7007827758789,14241000
2025-04-29,83.77999877929688,85.69000244140625,82.75,84.70999908447266,81.15702819824219,18802900
2025-04-30,85.2699966430664,85.83000183105469,83.79000091552734,85.19999694824219,81.62647247314453,13825100
2025-05-01,84.51000213623047,84.58000183105469,83.16999816894531,83.26000213623047,79.76785278320312,10036400
2025-05-02,84.19000244140625,84.70999908447266,82.94999694824219,83.18000030517578,79.69120025634766,11755600
2025-05-05,83.2300033569336,83.58000183105469,81.91000366210938,82.83999633789062,79.3654556274414,8688000
2025-05-06,82.47000122070312,82.4800033569336,78.29000091552734,79.04000091552734,75.72483825683594,16991100
2025-05-07,79.62000274658203,79.9000015258789,78.76000213623047,79.12000274658203,75.8014907836914,12216900
2025-05-08,78.5,78.80000305175781,76.93000030517578,77.6500015258789,74.39315032958984,15059100
2025-05-09,77.95999908447266,78.44999694824219,75.81999969482422,75.97000122070312,72.78360748291016,15614500
2025-05-12,75.91999816894531,81.2699966430664,75.83000183105469,80.43000030517578,77.05654907226562,21761100
2025-05-13,76.94999694824219,78.55000305175781,76.55999755859375,76.62999725341797,73.41593170166016,23353200
2025-05-14,77.45999908447266,77.45999908447266,73.31999969482422,73.47000122070312,70.38846588134766,23721800
2025-05-15,73.7699966430664,74.80999755859375,73.30999755859375,74.80000305175781,71.66268920898438,15274800
2025-05-16,74.98999786376953,76.16999816894531,74.37000274658203,76.05999755859375,72.86982727050781,15021800
2025-05-19,75.95999908447266,77.25,75.69000244140625,77.2300033569336,73.99076080322266,11682600
2025-05-20,77.55000305175781,79.18000030517578,77.41999816894531,77.97000122070312,74.69972229003906,13262400
2025-05-21,77.7699966430664,78.0999984741211,76.87000274658203,76.9800033569336,73.7512435913086,11879500
2025-05-22,76.72000122070312,78.36000061035156,76.68000030517578,77.83999633789062,74.5751724243164,11800000
2025-05-23,77.55000305175781,77.9000015258789,77.08000183105469,77.58000183105469,74.32608032226562,10902200
2025-05-27,78.0199966430664,78.19999694824219,77.05000305175781,77.58999633789062,74.33565521240234,11884500
2025-05-28,77.43000030517578,77.72000122070312,75.58999633789062,76.16999816894531,72.9752197265625,12293200
2025-05-29,75.69000244140625,77.0,75.69000244140625,76.4000015258789,73.19557189941406,10785200
2025-05-30,76.94000244140625,77.55999755859375,75.58999633789062,76.83999633789062,73.61711883544922,20641500
2025-06-02,77.0199966430664,77.0199966430664,75.4000015258789,76.25,73.05186462402344,11271800
2025-06-03,76.0,77.19000244140625,75.44000244140625,77.13999938964844,73.90452575683594,18139200
2025-06-04,77.47000122070312,79.13999938964844,77.33000183105469,78.2699966430664,74.98713684082031,13009300
2025-06-05,78.41000366210938,78.55000305175781,77.25,77.62000274658203,74.36441040039062,13983700
2025-06-06,78.30000305175781,79.48999786376953,78.20999908447266,78.97000122070312,75.65778350830078,9863100
2025-06-09,79.61000061035156,80.41000366210938,78.66999816894531,79.33000183105469,76.002685546875,18305800
2025-06-10,79.33999633789062,81.87999725341797,79.33000183105469,81.3499984741211,77.93795776367188,13254100
2025-06-11,81.3499984741211,81.68000030517578,79.9800033569336,80.31999969482422,76.95115661621094,11803300
2025-06-12,80.19000244140625,82.11000061035156,80.06999969482422,81.81999969482422,78.38824462890625,13169200
2025-06-13,81.6500015258789,82.44000244140625,81.44999694824219,81.70999908447266,78.28285217285156,14550500
2025-06-16,80.87999725341797,81.3499984741211,79.70999908447266,80.95999908447266,78.34091186523438,12569400
2025-06-17,80.27999877929688,80.69999694824219,78.19000244140625,78.27999877929688,75.74761962890625,14040600
2025-06-18,78.05000305175781,80.30999755859375,77.0999984741211,79.29000091552734,76.72493743896484,23803400
2025-06-20,79.25,79.91999816894531,78.5999984741211,79.05999755859375,76.50238037109375,34052300
2025-06-23,79.23999786376953,80.22000122070312,78.98999786376953,80.16000366210938,77.56680297851562,18553800
2025-06-24,80.37000274658203,81.45999908447266,79.08999633789062,80.31999969482422,77.72161865234375,15906400
2025-06-25,79.63999938964844,80.12000274658203,79.16000366210938,79.66999816894531,77.09264373779297,12753200
2025-06-26,79.83999633789062,80.25,78.37000274658203,78.83000183105469,76.27981567382812,13760100
2025-06-27,79.05999755859375,79.54000091552734,78.13999938964844,79.0999984741211,76.54109191894531,60202500
2025-06-30,79.25,79.38999938964844,78.37999725341797,79.16000366210938,76.59915161132812,13895200
2025-07-01,78.95999908447266,83.06999969482422,78.5999984741211,81.80999755859375,79.16341400146484,21800800
2025-07-02,82.05999755859375,82.80999755859375,81.88999938964844,82.38999938964844,79.72465515136719,16052700
2025-07-03,82.55000305175781,82.5999984741211,80.69999694824219,80.93000030517578,78.31188201904297,7734500
2025-07-07,80.94999694824219,81.54000091552734,80.1500015258789,80.9000015258789,78.2828598022461,15777400
2025-07-08,80.94000244140625,82.37999725341797,80.33999633789062,81.37000274658203,78.73765563964844,12752900
2025-07-09,82.37999725341797,84.4800033569336,81.88999938964844,83.70999908447266,81.001953125,18394600
2025-07-10,83.63999938964844,85.0,83.16999816894531,84.0199966430664,81.30191802978516,14725600
2025-07-11,84.0199966430664,84.12999725341797,82.26000213623047,83.36000061035156,80.66327667236328,9717400
2025-07-14,83.43000030517578,84.30000305175781,83.11000061035156,83.66999816894531,80.96324157714844,10368700
2025-07-15,83.77999877929688,84.36000061035156,81.30000305175781,81.5199966430664,78.8827896118164,10827000
2025-07-16,81.45999908447266,82.63999938964844,81.45999908447266,82.43000030517578,79.76335906982422,11517800
2025-07-17,81.9800033569336,82.66000366210938,81.33999633789062,81.5199966430664,78.8827896118164,8984800
2025-07-18,81.69999694824219,81.91999816894531,79.86000061035156,79.95999908447266,77.3732681274414,11823600
2025-07-21,80.16000366210938,80.30999755859375,78.94999694824219,79.30999755859375,76.74429321289062,11620800
2025-07-22,79.87000274658203,81.7699966430664,79.87000274658203,81.61000061035156,78.96989440917969,10571000
2025-07-23,82.62000274658203,84.13999938964844,82.41000366210938,83.9800033569336,81.26322174072266,11542100
2025-07-24,84.19999694824219,84.51000213623047,83.5199966430664,84.11000061035156,81.38900756835938,8016700
2025-07-25,84.16000366210938,85.22000122070312,83.83999633789062,84.70999908447266,81.96959686279297,10058800
2025-07-28,84.47000122070312,84.97000122070312,83.87000274658203,84.05999755859375,81.34062194824219,12882000
2025-07-29,79.8499984741211,82.88999938964844,76.66000366210938,82.62999725341797,79.95687866210938,27826400
2025-07-30,82.91000366210938,83.58000183105469,81.5199966430664,81.75,79.10536193847656,13055200
2025-07-31,80.80000305175781,81.48999786376953,77.8499984741211,78.12000274658203,75.59278869628906,19813300
2025-08-01,78.0199966430664,79.87000274658203,77.52999877929688,79.29000091552734,76.72493743896484,11900300
2025-08-04,79.05999755859375,79.98999786376953,78.43000030517578,79.86000061035156,77.27649688720703,13380700
2025-08-05,79.9000015258789,81.12999725341797,79.56999969482422,80.79000091552734,78.17642211914062,9984300
2025-08-06,80.29000091552734,81.31999969482422,79.2699966430664,79.44000244140625,76.87008666992188,13028700
2025-08-07,79.6500015258789,80.81999969482422,78.6500015258789,80.37000274658203,77.77001190185547,10830100
2025-08-08,80.11000061035156,81.16999816894531,80.11000061035156,80.69000244140625,78.07965087890625,6882900
2025-08-11,80.95999908447266,81.63999938964844,79.62999725341797,80.02999877929688,77.44100189208984,8210700
2025-08-12,80.47000122070312,80.94000244140625,79.66999816894531,80.30000305175781,77.70226287841797,7852700
2025-08-13,80.75,82.83999633789062,80.19999694824219,82.70999908447266,80.03429412841797,11043800
2025-08-14,82.01000213623047,83.4000015258789,81.5999984741211,82.76000213623047,80.08268737792969,10217600
2025-08-15,83.72000122070312,84.73999786376953,83.36000061035156,84.20999908447266,81.48577117919922,10481400
2025-08-18,84.26000213623047,85.1500015258789,84.08000183105469,84.22000122070312,81.49545288085938,8273600
2025-08-19,84.37999725341797,85.80000305175781,84.37999725341797,84.93000030517578,82.18247985839844,14307700
2025-08-20,85.30999755859375,86.25,84.55000305175781,84.66000366210938,81.92121887207031,8904700
2025-08-21,84.87999725341797,87.31999969482422,84.5999984741211,86.08000183105469,83.29528045654297,13889000
2025-08-22,87.5,87.83999633789062,86.76000213623047,87.37000274658203,84.5435562133789,11977400
2025-08-25,87.20999908447266,87.38999938964844,84.94999694824219,85.30999755859375,82.55018615722656,9417700
2025-08-26,85.55999755859375,85.58999633789062,84.66999816894531,84.98999786376953,82.24053955078125,14062700
2025-08-27,85.06999969482422,85.4800033569336,83.87999725341797,84.06999969482422,81.35031127929688,10588100
2025-08-28,84.25,84.25,82.6500015258789,83.20999908447266,80.51812744140625,14485300
2025-08-29,83.41999816894531,84.23999786376953,83.27999877929688,84.12000274658203,81.39869689941406,10872900
2025-09-02,84.5,85.5,84.33999633789062,85.4800033569336,82.71469116210938,11642700
2025-09-03,85.37000274658203,85.80999755859375,84.06999969482422,84.18000030517578,81.45674133300781,12714400
2025-09-04,84.19999694824219,84.41000366210938,83.0,84.05000305175781,81.3309555053711,12554800
2025-09-05,83.79000091552734,85.2699966430664,83.25,84.70999908447266,81.96959686279297,13231100
2025-09-08,84.16000366210938,84.31999969482422,82.81999969482422,84.08999633789062,81.3696517944336,13111200
2025-09-09,84.18000030517578,84.80000305175781,84.12999725341797,84.61000061035156,81.87283325195312,9767500
2025-09-10,84.2699966430664,84.56999969482422,83.54000091552734,84.02999877929688,81.31159210205078,13073300
2025-09-11,84.33999633789062,85.55000305175781,84.0,85.1500015258789,82.39537048339844,9667200
2025-09-12,84.62000274658203,85.18000030517578,82.80000305175781,82.80999755859375,80.13105773925781,9939500
2025-09-15,82.11000061035156,82.75,80.91999816894531,81.0199966430664,79.17340087890625,10229800
2025-09-16,81.01000213623047,81.4800033569336,80.54000091552734,81.08999633789062,79.24180603027344,10065900
2025-09-17,80.9800033569336,82.25,80.80000305175781,81.13999938964844,79.29066467285156,12642100
2025-09-18,81.22000122070312,81.69000244140625,80.81999969482422,81.52999877929688,79.6717758178711,10458900
2025-09-19,81.80999755859375,82.4000015258789,81.0,81.51000213623047,79.65222930908203,25627800
2025-09-22,81.76000213623047,81.94000244140625,80.26000213623047,80.4000015258789,78.5675277709961,11986400
2025-09-23,80.08999633789062,81.11000061035156,79.66999816894531,79.95999908447266,78.13756561279297,13145300
2025-09-24,79.9000015258789,80.11000061035156,79.33000183105469,79.66999816894531,77.85417175292969,11804200
2025-09-25,79.77999877929688,79.87999725341797,77.58000183105469,77.5999984741211,75.83135223388672,14923800
2025-09-26,78.76000213623047,78.95999908447266,77.69000244140625,78.55999755859375,76.76947021484375,12205400
2025-09-29,78.5999984741211,78.80000305175781,78.02999877929688,78.58000183105469,76.78901672363281,12739000
2025-09-30,78.41999816894531,84.0,78.4000015258789,83.93000030517578,82.01707458496094,21636600
2025-10-01,85.19000244140625,90.75,85.19000244140625,90.12999725341797,88.07576751708984,33460900
2025-10-02,89.94999694824219,91.0,88.22000122070312,89.51000213623047,87.46990203857422,14575400
2025-10-03,89.62999725341797,90.69999694824219,88.0999984741211,89.19000244140625,87.15718841552734,12970600
2025-10-06,88.83000183105469,90.30999755859375,88.55000305175781,88.80000305175781,86.77608489990234,11648300
2025-10-07,88.66999816894531,88.94000244140625,87.13999938964844,87.61000061035156,85.61319732666016,9449100
2025-10-08,87.93000030517578,87.93000030517578,86.19999694824219,86.4000015258789,84.43077850341797,9696200
2025-10-09,86.95999908447266,87.80000305175781,86.63999938964844,87.5,85.5057144165039,10938200
2025-10-10,87.94000244140625,88.23999786376953,85.91999816894531,85.98999786376953,84.03012084960938,11230700
2025-10-13,85.66000366210938,86.45999908447266,85.23999786376953,85.69999694824219,83.74673461914062,6553900
2025-10-14,85.37999725341797,85.68000030517578,84.1500015258789,84.69999694824219,82.76952362060547,9675000
2025-10-15,84.19000244140625,84.69000244140625,83.61000061035156,84.11000061035156,82.19297790527344,9168700
2025-10-16,84.41000366210938,85.5,83.5999984741211,83.91999816894531,82.0073013305664,11709100
2025-10-17,83.27999877929688,84.88999938964844,83.16000366210938,84.79000091552734,82.85748291015625,10758900
2025-10-20,85.25,87.0,85.02999877929688,86.31999969482422,84.35260009765625,8611800
2025-10-21,86.95999908447266,87.66999816894531,86.2300033569336,87.62000274658203,85.62297821044922,9852400
2025-10-22,87.68000030517578,88.79000091552734,87.01000213623047,87.61000061035156,85.61319732666016,10926300
2025-10-23,87.55999755859375,88.11000061035156,86.91000366210938,87.18000030517578,85.19300079345703,7687500
2025-10-24,87.33000183105469,88.05999755859375,87.11000061035156,87.48999786376953,85.49594116210938,7902100
2025-10-27,87.51000213623047,88.30000305175781,87.02999877929688,88.0,85.99430847167969,7226600
2025-10-28,88.11000061035156,88.11000061035156,86.93000030517578,87.02999877929688,85.04641723632812,8345900
2025-10-29,86.94999694824219,87.83999633789062,86.06999969482422,86.58000183105469,84.60668182373047,10921900
2025-10-30,84.62000274658203,87.30000305175781,83.30000305175781,86.27999877929688,84.31351470947266,16678800
2025-10-31,85.41999816894531,86.45999908447266,84.55999755859375,85.9800033569336,84.0203628540039,12385000
2025-11-03,85.7699966430664,86.0999984741211,82.33999633789062,82.48999786376953,80.60990142822266,13875800
2025-11-04,82.69999694824219,84.95999908447266,82.01000213623047,83.86000061035156,81.94867706298828,12846100
2025-11-05,84.02999877929688,85.37999725341797,82.91000366210938,84.38999938964844,82.46659088134766,9440200
2025-11-06,84.4800033569336,86.16999816894531,84.3499984741211,85.77999877929688,83.82490539550781,10601400
2025-11-07,85.94999694824219,86.58999633789062,85.23999786376953,86.27999877929688,84.31351470947266,9214300
2025-11-10,86.69000244140625,87.37000274658203,85.80000305175781,86.75,84.7728042602539,8319600
2025-11-11,87.3499984741211,91.06999969482422,87.26000213623047,90.94999694824219,88.8770751953125,15436000
2025-11-12,91.41000366210938,92.91000366210938,91.16000366210938,91.44999694824219,89.36567687988281,13218900
2025-11-13,91.30999755859375,94.26000213623047,90.9000015258789,92.93000030517578,90.81195068359375,16086100
2025-11-14,92.19999694824219,95.08000183105469,91.48999786376953,92.91999816894531,90.80217742919922,19632000
2025-11-17,93.2300033569336,94.75,92.68000030517578,92.86000061035156,90.7435531616211,14345800
2025-11-18,94.11000061035156,97.66000366210938,92.11000061035156,96.43000030517578,94.232177734375,28153500
2025-11-19,96.0,97.13999938964844,94.08999633789062,95.05000305175781,92.88363647460938,14641300
2025-11-20,94.97000122070312,96.0,93.9000015258789,94.97000122070312,92.80545806884766,12554200
2025-11-21,95.4800033569336,100.2699966430664,95.36000061035156,97.76000213623047,95.53186798095703,23183300
2025-11-24,99.12000274658203,102.36000061035156,99.12000274658203,100.4000015258789,98.1116943359375,28320900
2025-11-25,100.7300033569336,105.83999633789062,100.70999908447266,105.66000366210938,103.25181579589844,22225500
2025-11-26,104.5999984741211,105.75,104.19999694824219,104.62999725341797,102.24527740478516,12624000
2025-11-28,104.83999633789062,105.41000366210938,104.12000274658203,104.83000183105469,102.44073486328125,6154500
2025-12-01,104.72000122070312,105.68000030517578,101.70999908447266,101.83000183105469,99.50910186767578,14178300
2025-12-02,101.52999877929688,101.80000305175781,100.30999755859375,101.02999877929688,98.72734069824219,11795000
2025-12-03,101.9000015258789,103.08999633789062,101.5199966430664,102.2699966430664,99.9390640258789,12541600
2025-12-04,102.0999984741211,102.5999984741211,100.54000091552734,100.88999938964844,98.59053039550781,12770700
2025-12-05,101.4000015258789,102.08999633789062,99.19000244140625,99.72000122070312,97.44719696044922,16430400
2025-12-08,99.37999725341797,99.66999816894531,97.80999755859375,98.93000030517578,96.6751937866211,12902600
2025-12-09,99.31999969482422,99.8499984741211,96.05999755859375,96.88999938964844,94.68168640136719,16283900
2025-12-10,98.05000305175781,98.16999816894531,96.47000122070312,97.62000274658203,95.39506530761719,18077700
2025-12-11,98.44000244140625,99.13999938964844,97.58000183105469,99.01000213623047,96.75337982177734,11808200
2025-12-12,98.95999908447266,100.66000366210938,98.31999969482422,100.30000305175781,98.01397705078125,11810800
2025-12-15,99.98999786376953,100.94000244140625,98.0,100.26000213623047,98.8122787475586,16735900
2025-12-16,100.30000305175781,100.33999633789062,96.79000091552734,98.2699966430664,96.85100555419922,16663600
2025-12-17,98.18000030517578,100.13999938964844,98.05999755859375,99.18000030517578,97.74787902832031,13180600
2025-12-18,99.2699966430664,101.37000274658203,98.86000061035156,100.69000244140625,99.23607635498047,14312800
2025-12-19,100.5999984741211,102.19999694824219,100.11000061035156,101.08999633789062,99.63028717041016,44980200
2025-12-22,100.62999725341797,104.94999694824219,100.4000015258789,104.72000122070312,103.20787811279297,17136200
2025-12-23,104.55999755859375,105.38999938964844,104.33000183105469,105.04000091552734,103.52326202392578,13587500
2025-12-24,105.37000274658203,106.94999694824219,105.27999877929688,106.44999694824219,104.91289520263672,5335000
2025-12-26,106.44999694824219,107.05000305175781,106.02999877929688,106.77999877929688,105.23812866210938,6280700
2025-12-29,106.8499984741211,107.58999633789062,106.43000030517578,106.62000274658203,105.0804443359375,8086900
2025-12-30,106.7300033569336,106.87999725341797,105.63999938964844,106.05999755859375,104.52852630615234,6497900
2025-12-31,105.94000244140625,106.0999984741211,104.98999786376953,105.26000213623047,103.74008178710938,7557300
2026-01-02,105.52999877929688,106.62000274658203,104.43000030517578,106.44999694824219,104.91289520263672,9992400
2026-01-05,107.01000213623047,108.44000244140625,105.80000305175781,107.44000244140625,105.88860321044922,15863300
2026-01-06,107.68000030517578,110.16999816894531,107.68000030517578,108.87000274658203,107.29795837402344,14479000
2026-01-07,109.51000213623047,111.45999908447266,107.94999694824219,108.5999984741211,107.03185272216797,16322300
2026-01-08,110.61000061035156,112.9000015258789,109.25,110.98999786376953,109.38734436035156,20278800
2026-01-09,110.87000274658203,112.4800033569336,110.22000122070312,110.52999877929688,108.9339828491211,11040800
2026-01-12,110.97000122070312,111.45999908447266,108.77999877929688,109.19000244140625,107.61333465576172,10671900
2026-01-13,109.05000305175781,109.30999755859375,107.22000122070312,108.26000213623047,106.69676208496094,9338600
2026-01-14,108.97000122070312,111.2300033569336,107.94999694824219,111.01000213623047,109.40705871582031,11964600
2026-01-15,110.62000274658203,111.58000183105469,108.44999694824219,110.97000122070312,109.36763000488281,11775800
2026-01-16,110.72000122070312,110.7300033569336,108.43000030517578,108.83000183105469,107.25853729248047,14852100
2026-01-20,108.11000061035156,109.63999938964844,106.93000030517578,109.44999694824219,107.86957550048828,15241100
2026-01-21,109.19000244140625,111.97000122070312,108.7300033569336,111.11000061035156,109.50560760498047,12844400
2026-01-22,110.77999877929688,111.31999969482422,108.58999633789062,109.18000030517578,107.60347747802734,9362600
2026-01-23,109.08999633789062,109.08999633789062,107.20999908447266,108.18000030517578,106.61791229248047,10489500
2026-01-26,107.80000305175781,108.41999816894531,107.05999755859375,107.4000015258789,105.84918212890625,9903200
2026-01-27,107.5,108.3499984741211,106.83999633789062,107.91999816894531,106.3616714477539,7907100
2026-01-28,106.8499984741211,107.93000030517578,106.02999877929688,106.9000015258789,105.35639953613281,7491700
2026-01-29,107.33000183105469,109.93000030517578,107.0999984741211,108.33999633789062,106.77560424804688,13572800
2026-01-30,108.58999633789062,110.54000091552734,107.94999694824219,110.2699966430664,108.677734375,19060600
2026-02-02,110.12000274658203,113.88999938964844,109.94999694824219,113.37000274658203,111.73297882080078,18000100
2026-02-03,111.66999816894531,118.45999908447266,111.44000244140625,115.83999633789062,114.16730499267578,25793600
2026-02-04,116.9000015258789,120.38999938964844,116.5,118.33000183105469,116.6213607788086,21954600
2026-02-05,118.30999755859375,122.43000030517578,118.30999755859375,119.75,118.0208511352539,24010600
2026-02-06,120.76000213623047,122.66000366210938,120.44000244140625,121.93000030517578,120.16937255859375,13083300
2026-02-09,121.41000366210938,121.87999725341797,116.9800033569336,117.6500015258789,115.95117950439453,16158700
2026-02-10,117.69000244140625,118.18000030517578,116.0999984741211,117.1500015258789,115.4583969116211,11849500
2026-02-11,117.04000091552734,119.36000061035156,116.30999755859375,119.30999755859375,117.58719635009766,10885300
2026-02-12,119.01000213623047,121.61000061035156,118.12000274658203,119.23999786376953,117.5182113647461,13453300
2026-02-13,121.5,123.33000183105469,121.02999877929688,121.41000366210938,119.6568832397461,10102300
2026-02-17,122.36000061035156,123.08000183105469,120.80000305175781,121.56999969482422,119.81456756591797,9899800
2026-02-18,121.25,121.80999755859375,120.38999938964844,121.66000366210938,119.90327453613281,7803400
2026-02-19,121.4000015258789,122.5999984741211,120.5,121.86000061035156,120.10037994384766,8933300
2026-02-20,122.63999938964844,122.69999694824219,120.5999984741211,122.26000213623047,120.49461364746094,9442500
2026-02-23,122.30999755859375,124.19000244140625,121.5,123.81999969482422,122.0320816040039,9661100
2026-02-24,123.41000366210938,124.83999633789062,122.62999725341797,123.93000030517578,122.14049530029297,8460300
2026-02-25,124.01000213623047,125.13999938964844,122.26000213623047,122.45999908447266,120.69171905517578,11082500
2026-02-26,122.4000015258789,122.5,119.0,119.30000305175781,117.57735443115234,10327300
2026-02-27,119.68000030517578,124.0,119.68000030517578,123.81999969482422,122.0320816040039,17636400
2026-03-02,123.51000213623047,123.69999694824219,121.04000091552734,121.41000366210938,119.6568832397461,11564500
2026-03-03,119.66999816894531,120.97000122070312,118.61000061035156,119.83000183105469,118.09970092773438,9334100
2026-03-04,119.43000030517578,120.87000274658203,117.86000061035156,120.27999877929688,118.54319763183594,6700900
2026-03-05,119.11000061035156,119.52999877929688,114.44999694824219,116.06999969482422,114.39398956298828,14516000
2026-03-06,115.16000366210938,116.36000061035156,113.81999969482422,115.79000091552734,114.11803436279297,12809300
2026-03-09,114.9800033569336,117.26000213623047,114.11000061035156,117.11000061035156,115.4189682006836,8321600
2026-03-10,117.23999786376953,119.0,116.66999816894531,117.08999633789062,115.39925384521484,9739300
2026-03-11,116.76000213623047,116.94999694824219,115.29000091552734,116.20999908447266,114.53196716308594,6760700
2026-03-12,115.47000122070312,116.5999984741211,114.30000305175781,115.91000366210938,114.23629760742188,8349200
2026-03-13,116.91999816894531,117.88999938964844,115.52999877929688,115.61000061035156,113.94062805175781,7111000
2026-03-16,115.33999633789062,116.05999755859375,114.22000122070312,115.43000030517578,114.60584259033203,8785300
2026-03-17,115.77999877929688,116.80000305175781,114.37999725341797,115.87000274658203,115.04270935058594,7952200
2026-03-18,115.05999755859375,115.55999755859375,113.3499984741211,114.5,113.68248748779297,6736300
2026-03-19,114.66000366210938,115.76000213623047,113.75,114.19999694824219,113.38462829589844,8383800
2026-03-20,114.25,115.18000030517578,112.72000122070312,114.18000030517578,113.3647689819336,36355400
2026-03-23,116.16999816894531,116.47000122070312,114.7699966430664,115.68000030517578,114.85405731201172,9096400
2026-03-24,114.69999694824219,116.54000091552734,114.0199966430664,116.37000274658203,115.53913879394531,7411900
2026-03-25,117.30000305175781,120.12000274658203,116.80000305175781,119.37000274658203,118.51771545410156,10220300
2026-03-26,118.95999908447266,120.05999755859375,118.6500015258789,118.93000030517578,118.08085632324219,6497200
2026-03-27,119.29000091552734,121.06999969482422,118.5999984741211,119.62999725341797,118.7758560180664,8345800
2026-03-30,120.56999969482422,121.63999938964844,117.22000122070312,118.0999984741211,117.25678253173828,11084000
2026-03-31,119.02999877929688,121.2699966430664,118.7699966430664,120.29000091552734,119.43114471435547,10713300
